channel,subject,best_params,validation_f1_macro,accuracy,f1_macro,precision_macro,recall_macro,kappa
Fpz,sub-001,"{""C"": 1.8329807108324356, ""gamma"": ""auto""}",0.515319249451141,0.35333333333333333,0.3488121494103548,0.35579205558921584,0.35333333333333333,0.030000000000000027
Fp1,sub-001,"{""C"": 3.79269019073225, ""gamma"": ""scale""}",0.5464484584196112,0.35333333333333333,0.3480811451655397,0.3508770799093379,0.35333333333333333,0.030000000000000027
Fp2,sub-001,"{""C"": 11.288378916846883, ""gamma"": ""scale""}",0.49492417619381035,0.35,0.3480619627588397,0.34992556446944006,0.35000000000000003,0.025000000000000022
AF3,sub-001,"{""C"": 7.847599703514611, ""gamma"": ""auto""}",0.5559926365299648,0.38666666666666666,0.3851746276891381,0.39463914437177855,0.3866666666666667,0.07999999999999996
AF4,sub-001,"{""C"": 16.23776739188721, ""gamma"": ""auto""}",0.5050010103051121,0.4166666666666667,0.4174900092585614,0.41913632543216933,0.4166666666666667,0.125
AF7,sub-001,"{""C"": 0.8858667904100825, ""gamma"": ""scale""}",0.5520095647743252,0.42333333333333334,0.4093044689961874,0.41855064338285813,0.42333333333333334,0.135
AF8,sub-001,"{""C"": 48.32930238571752, ""gamma"": ""auto""}",0.5326416424486861,0.44,0.4365357193738031,0.4380816930253726,0.44,0.16000000000000003
Fz,sub-001,"{""C"": 1.2742749857031335, ""gamma"": ""scale""}",0.5491507692399814,0.38333333333333336,0.38309698197496234,0.3848800985293052,0.3833333333333333,0.07499999999999996
F1,sub-001,"{""C"": 7.847599703514611, ""gamma"": ""scale""}",0.5724453294981008,0.4066666666666667,0.4014122578263613,0.40768720717569823,0.4066666666666667,0.10999999999999999
F2,sub-001,"{""C"": 16.23776739188721, ""gamma"": ""auto""}",0.5382963161944833,0.38333333333333336,0.38511594833433915,0.38824581463030977,0.3833333333333333,0.07499999999999996
F3,sub-001,"{""C"": 1.8329807108324356, ""gamma"": ""scale""}",0.5683636943022292,0.43333333333333335,0.4313885769242493,0.4357279357279357,0.43333333333333335,0.15000000000000002
F4,sub-001,"{""C"": 5.455594781168517, ""gamma"": ""scale""}",0.5202220342939973,0.39666666666666667,0.3970005865264006,0.39756411155527505,0.39666666666666667,0.09499999999999997
F5,sub-001,"{""C"": 1.2742749857031335, ""gamma"": ""auto""}",0.5952759645645087,0.56,0.5477135424961511,0.5485560053981107,0.56,0.33999999999999997
F6,sub-001,"{""C"": 1.2742749857031335, ""gamma"": ""scale""}",0.5200776390635278,0.5233333333333333,0.5151057178706889,0.5144250510104169,0.5233333333333333,0.28500000000000003
F7,sub-001,"{""C"": 0.8858667904100825, ""gamma"": ""auto""}",0.5928905338723812,0.59,0.5792998536203752,0.5841472367788157,0.59,0.385
F8,sub-001,"{""C"": 1.8329807108324356, ""gamma"": ""scale""}",0.5419049064539759,0.5533333333333333,0.5510576381453465,0.5533848925689534,0.5533333333333333,0.32999999999999996
FCz,sub-001,"{""C"": 0.6158482110660264, ""gamma"": ""scale""}",0.5608607866414385,0.44,0.44081471612061157,0.4518440216114635,0.43999999999999995,0.16000000000000003
FC1,sub-001,"{""C"": 69.51927961775606, ""gamma"": ""auto""}",0.5867643941072664,0.44,0.43936318647521727,0.44764752417311476,0.43999999999999995,0.16000000000000003
FC2,sub-001,"{""C"": 33.59818286283781, ""gamma"": ""auto""}",0.5322265951490943,0.4266666666666667,0.42682346377998553,0.4362132130205772,0.4266666666666667,0.14
FC3,sub-001,"{""C"": 3.79269019073225, ""gamma"": ""auto""}",0.590575723774868,0.4766666666666667,0.4758170978860634,0.483998443772437,0.47666666666666674,0.21499999999999997
FC4,sub-001,"{""C"": 0.8858667904100825, ""gamma"": ""scale""}",0.542279502723367,0.4766666666666667,0.477565280261876,0.480699681311992,0.4766666666666666,0.21499999999999997
FC5,sub-001,"{""C"": 5.455594781168517, ""gamma"": ""auto""}",0.5754187455704306,0.58,0.5794391319746289,0.5818371190985855,0.58,0.37
FC6,sub-001,"{""C"": 2.636650898730358, ""gamma"": ""scale""}",0.5444297628373409,0.51,0.509140773316031,0.5090716349581598,0.5100000000000001,0.265
FT7,sub-001,"{""C"": 1.2742749857031335, ""gamma"": ""scale""}",0.603070775985548,0.6,0.5971509971509971,0.6052631578947368,0.6,0.4
FT8,sub-001,"{""C"": 1.8329807108324356, ""gamma"": ""scale""}",0.5525894042023074,0.5733333333333334,0.5692068953375485,0.5692947049945022,0.5733333333333334,0.3599999999999999
Cz,sub-001,"{""C"": 1.2742749857031335, ""gamma"": ""scale""}",0.5484882403180755,0.51,0.5084528580334083,0.5191824169530355,0.5099999999999999,0.265
C1,sub-001,"{""C"": 1.8329807108324356, ""gamma"": ""scale""}",0.5898858270911024,0.4533333333333333,0.45440395085847857,0.46335172858470347,0.4533333333333333,0.18000000000000005
C2,sub-001,"{""C"": 7.847599703514611, ""gamma"": ""scale""}",0.5136697187336764,0.44666666666666666,0.4440113962635597,0.44489901223647355,0.4466666666666667,0.17000000000000004
C3,sub-001,"{""C"": 16.23776739188721, ""gamma"": ""auto""}",0.5385243764172335,0.4866666666666667,0.4861858974358974,0.48661298980139556,0.48666666666666664,0.22999999999999998
C4,sub-001,"{""C"": 33.59818286283781, ""gamma"": ""auto""}",0.5069570039246005,0.43,0.4320985886179025,0.43728382208340566,0.43,0.14500000000000002
C5,sub-001,"{""C"": 5.455594781168517, ""gamma"": ""auto""}",0.5666860260374779,0.5166666666666667,0.5149330540634889,0.5138768148676096,0.5166666666666667,0.275
C6,sub-001,"{""C"": 1.8329807108324356, ""gamma"": ""scale""}",0.5475176876288563,0.48,0.482606367830495,0.49388179669030735,0.48,0.21999999999999986
T7,sub-001,"{""C"": 11.288378916846883, ""gamma"": ""auto""}",0.5664835940718236,0.54,0.5355371444283044,0.5339368082354977,0.54,0.31000000000000005
T8,sub-001,"{""C"": 1.8329807108324356, ""gamma"": ""scale""}",0.5389736466295146,0.48,0.4771843946518904,0.49485461070826925,0.48,0.21999999999999997
CP1,sub-001,"{""C"": 0.8858667904100825, ""gamma"": ""scale""}",0.4783417804163998,0.44,0.4355487290187776,0.43482215181436934,0.44,0.16000000000000003
CP2,sub-001,"{""C"": 3.79269019073225, ""gamma"": ""scale""}",0.45542932924296164,0.33666666666666667,0.3383451842275372,0.34716500671046124,0.33666666666666667,0.0050000000000000044
CP3,sub-001,"{""C"": 0.42813323987193935, ""gamma"": ""scale""}",0.5045173929874193,0.4633333333333333,0.46190475341005244,0.47384067750200476,0.4633333333333333,0.19499999999999995
CP4,sub-001,"{""C"": 2.636650898730358, ""gamma"": ""scale""}",0.5114349948800087,0.37666666666666665,0.3728180497330113,0.3732510288065844,0.37666666666666665,0.06499999999999995
CP5,sub-001,"{""C"": 1.2742749857031335, ""gamma"": ""auto""}",0.5712466419795926,0.47,0.47061361498919335,0.4772337639124487,0.47000000000000003,0.20499999999999996
CP6,sub-001,"{""C"": 1.8329807108324356, ""gamma"": ""scale""}",0.535962668748638,0.42333333333333334,0.42336511610333977,0.4243569717796522,0.42333333333333334,0.135
TP7,sub-001,"{""C"": 1.8329807108324356, ""gamma"": ""auto""}",0.562664101180292,0.5,0.4991165651570886,0.5016240572844346,0.5,0.25
TP8,sub-001,"{""C"": 11.288378916846883, ""gamma"": ""scale""}",0.519328265502211,0.43,0.43415750915750917,0.4427650488626098,0.43,0.14500000000000002
Pz,sub-001,"{""C"": 33.59818286283781, ""gamma"": ""auto""}",0.5178026634883587,0.45,0.44830333837065534,0.47278006483304497,0.45,0.17500000000000004
P3,sub-001,"{""C"": 7.847599703514611, ""gamma"": ""auto""}",0.5935469277955683,0.43333333333333335,0.43271254144181376,0.44609164420485176,0.43333333333333335,0.15000000000000002
P4,sub-001,"{""C"": 11.288378916846883, ""gamma"": ""scale""}",0.5983758408078318,0.5033333333333333,0.5017808721438558,0.5045927975710057,0.5033333333333333,0.255
P5,sub-001,"{""C"": 5.455594781168517, ""gamma"": ""auto""}",0.5697460159051145,0.44,0.43590607491851907,0.4520282662390327,0.44,0.16000000000000003
P6,sub-001,"{""C"": 48.32930238571752, ""gamma"": ""auto""}",0.5889727911979787,0.49,0.48992303992303987,0.491062353795273,0.49,0.235
P7,sub-001,"{""C"": 33.59818286283781, ""gamma"": ""auto""}",0.5807081807081808,0.45666666666666667,0.45639139218802244,0.4622819100091828,0.4566666666666667,0.18500000000000005
P8,sub-001,"{""C"": 11.288378916846883, ""gamma"": ""scale""}",0.5848715892923021,0.4,0.40165837479270317,0.4049929712072331,0.39999999999999997,0.09999999999999998
POz,sub-001,"{""C"": 0.42813323987193935, ""gamma"": ""scale""}",0.5567777409649642,0.5,0.49896871158474115,0.5127680311890838,0.5,0.25
PO3,sub-001,"{""C"": 0.42813323987193935, ""gamma"": ""scale""}",0.556740365333471,0.49,0.4916452954660547,0.5031764495347172,0.49,0.235
PO4,sub-001,"{""C"": 1.2742749857031335, ""gamma"": ""scale""}",0.5542306720899091,0.5533333333333333,0.5479763145874401,0.5513775440246028,0.5533333333333333,0.32999999999999996
PO5,sub-001,"{""C"": 100.0, ""gamma"": ""auto""}",0.5776598914857813,0.44333333333333336,0.44155807542283626,0.44405768956474995,0.44333333333333336,0.16500000000000004
PO6,sub-001,"{""C"": 16.23776739188721, ""gamma"": ""scale""}",0.5601161775151298,0.48,0.47610781852354883,0.4893073051609636,0.48000000000000004,0.21999999999999997
PO7,sub-001,"{""C"": 100.0, ""gamma"": ""auto""}",0.5719030801969441,0.47333333333333333,0.4737715600678174,0.47502093844432386,0.47333333333333333,0.20999999999999996
PO8,sub-001,"{""C"": 16.23776739188721, ""gamma"": ""scale""}",0.5571517142253576,0.4766666666666667,0.4768737911025145,0.4817083882301274,0.47666666666666674,0.21499999999999997
Oz,sub-001,"{""C"": 23.357214690901213, ""gamma"": ""scale""}",0.5045148566492266,0.4633333333333333,0.45896870814654783,0.4616622083754043,0.4633333333333334,0.19499999999999995
O1,sub-001,"{""C"": 7.847599703514611, ""gamma"": ""auto""}",0.54498704732633,0.4666666666666667,0.4603729603729603,0.4608904124935583,0.46666666666666673,0.19999999999999984
O2,sub-001,"{""C"": 1.2742749857031335, ""gamma"": ""scale""}",0.5555613916391433,0.5333333333333333,0.5334759606613927,0.5336700336700336,0.5333333333333333,0.30000000000000004
Fpz,sub-002,"{""C"": 48.32930238571752, ""gamma"": ""auto""}",0.414389808425421,0.4866666666666667,0.4790612096542974,0.5243948883841513,0.48666666666666664,0.22999999999999987
Fp1,sub-002,"{""C"": 5.455594781168517, ""gamma"": ""auto""}",0.4710323667312708,0.64,0.6302650337738057,0.6824855827149405,0.64,0.45999999999999996
Fp2,sub-002,"{""C"": 33.59818286283781, ""gamma"": ""auto""}",0.44183384960231403,0.53,0.5219428482855593,0.5884680134680135,0.53,0.29499999999999993
AF3,sub-002,"{""C"": 1.8329807108324356, ""gamma"": ""scale""}",0.4795930461457509,0.6166666666666667,0.6043891178975623,0.6725053094119039,0.6166666666666667,0.42500000000000004
AF4,sub-002,"{""C"": 3.79269019073225, ""gamma"": ""scale""}",0.47722255814361075,0.4866666666666667,0.4768162238033009,0.5407657268062042,0.48666666666666664,0.22999999999999998
AF7,sub-002,"{""C"": 5.455594781168517, ""gamma"": ""scale""}",0.4833922570053885,0.66,0.6549805887267187,0.7044491740143913,0.66,0.49
AF8,sub-002,"{""C"": 100.0, ""gamma"": ""auto""}",0.47993763700464687,0.53,0.5317402050754961,0.5811506437113692,0.53,0.29500000000000004
Fz,sub-002,"{""C"": 1.8329807108324356, ""gamma"": ""scale""}",0.488595166816358,0.54,0.5344991701575371,0.5654511516580482,0.54,0.31000000000000005
F1,sub-002,"{""C"": 33.59818286283781, ""gamma"": ""auto""}",0.4927732501740955,0.5833333333333334,0.5736891379977985,0.6276942702698673,0.5833333333333334,0.375
F2,sub-002,"{""C"": 5.455594781168517, ""gamma"": ""auto""}",0.4893653859758298,0.49,0.47465901069149896,0.5306067542660087,0.49,0.235
F3,sub-002,"{""C"": 2.636650898730358, ""gamma"": ""auto""}",0.517224086902013,0.6133333333333333,0.608526735373561,0.6551532207629768,0.6133333333333333,0.42000000000000004
F4,sub-002,"{""C"": 16.23776739188721, ""gamma"": ""auto""}",0.46788358141244224,0.5,0.49443620089412654,0.5453698786596252,0.5,0.25
F5,sub-002,"{""C"": 0.8858667904100825, ""gamma"": ""scale""}",0.5177293630724019,0.5966666666666667,0.5895303658568022,0.6602660321997691,0.5966666666666667,0.395
F6,sub-002,"{""C"": 3.79269019073225, ""gamma"": ""scale""}",0.49162188289757974,0.48333333333333334,0.4653563653380537,0.5800070663215041,0.48333333333333334,0.22499999999999998
F7,sub-002,"{""C"": 1.8329807108324356, ""gamma"": ""auto""}",0.5335211690485967,0.59,0.5813718348122787,0.6749358329098682,0.59,0.385
F8,sub-002,"{""C"": 16.23776739188721, ""gamma"": ""auto""}",0.5123857454342874,0.64,0.6431032468312987,0.6542631005120136,0.64,0.45999999999999996
FCz,sub-002,"{""C"": 1.8329807108324356, ""gamma"": ""auto""}",0.5197051804842374,0.5866666666666667,0.588751568168718,0.6056842556842557,0.5866666666666668,0.38
FC1,sub-002,"{""C"": 0.6158482110660264, ""gamma"": ""scale""}",0.5342527347965228,0.6566666666666666,0.6527521688286965,0.6660841086282353,0.6566666666666667,0.485
FC2,sub-002,"{""C"": 5.455594781168517, ""gamma"": ""auto""}",0.5151104017957756,0.5266666666666666,0.5163450581089462,0.5785797827903091,0.5266666666666667,0.29000000000000004
FC3,sub-002,"{""C"": 16.23776739188721, ""gamma"": ""auto""}",0.5344544223637422,0.6366666666666667,0.6271934316289776,0.6703498704262151,0.6366666666666666,0.45499999999999996
FC4,sub-002,"{""C"": 3.79269019073225, ""gamma"": ""scale""}",0.5099113792695796,0.5133333333333333,0.4990017478580853,0.5892365551292981,0.5133333333333333,0.27
FC5,sub-002,"{""C"": 2.636650898730358, ""gamma"": ""auto""}",0.556946746355712,0.6333333333333333,0.6281130612018545,0.6348915922037168,0.6333333333333333,0.44999999999999996
FC6,sub-002,"{""C"": 1.8329807108324356, ""gamma"": ""scale""}",0.5110451431185424,0.5866666666666667,0.5891456154974019,0.6195043964828137,0.5866666666666666,0.3800000000000001
FT7,sub-002,"{""C"": 2.636650898730358, ""gamma"": ""auto""}",0.5666834470951353,0.6166666666666667,0.6151052449965494,0.6458041958041959,0.6166666666666667,0.42500000000000004
FT8,sub-002,"{""C"": 1.8329807108324356, ""gamma"": ""scale""}",0.5345491570778721,0.62,0.6190135176693752,0.6364488454908961,0.62,0.43000000000000005
Cz,sub-002,"{""C"": 16.23776739188721, ""gamma"": ""auto""}",0.5605965742727084,0.63,0.6297589800856133,0.6426826156299841,0.63,0.44499999999999995
C1,sub-002,"{""C"": 11.288378916846883, ""gamma"": ""auto""}",0.5404007381416972,0.62,0.616685944977433,0.6203240013232983,0.62,0.43000000000000005
C2,sub-002,"{""C"": 11.288378916846883, ""gamma"": ""auto""}",0.481787017620678,0.4766666666666667,0.46795440302420716,0.5558745348219033,0.47666666666666674,0.21499999999999997
C3,sub-002,"{""C"": 5.455594781168517, ""gamma"": ""auto""}",0.5003725387364609,0.5966666666666667,0.5885437638176149,0.5953789954337899,0.5966666666666667,0.395
C4,sub-002,"{""C"": 5.455594781168517, ""gamma"": ""auto""}",0.4854592293637081,0.49333333333333335,0.4751022834873127,0.5871008939974457,0.49333333333333335,0.24
C5,sub-002,"{""C"": 0.8858667904100825, ""gamma"": ""scale""}",0.5592636243596104,0.66,0.6540014341297421,0.6656422150305645,0.66,0.49
C6,sub-002,"{""C"": 100.0, ""gamma"": ""scale""}",0.5023464597045418,0.5733333333333334,0.5758879820063533,0.6039593768015034,0.5733333333333334,0.36
T7,sub-002,"{""C"": 7.847599703514611, ""gamma"": ""scale""}",0.5505118070335461,0.6633333333333333,0.6592555420749161,0.6642345110087046,0.6633333333333332,0.495
T8,sub-002,"{""C"": 3.79269019073225, ""gamma"": ""scale""}",0.5249323325422346,0.5633333333333334,0.5675100204580876,0.5961649246669685,0.5633333333333334,0.345
CP1,sub-002,"{""C"": 100.0, ""gamma"": ""auto""}",0.4241603191630516,0.5466666666666666,0.547342885575751,0.5738915707532135,0.5466666666666667,0.31999999999999995
CP2,sub-002,"{""C"": 1.2742749857031335, ""gamma"": ""scale""}",0.43638406169072946,0.4633333333333333,0.46216898420766267,0.4862004305854573,0.4633333333333334,0.19499999999999995
CP3,sub-002,"{""C"": 16.23776739188721, ""gamma"": ""auto""}",0.47356193189526524,0.6,0.5985982806925562,0.5997587405853074,0.6,0.4
CP4,sub-002,"{""C"": 1.2742749857031335, ""gamma"": ""scale""}",0.4924978218016421,0.7233333333333334,0.7252755080662058,0.7327706734867859,0.7233333333333333,0.585
CP5,sub-002,"{""C"": 100.0, ""gamma"": ""scale""}",0.5069817504913194,0.5966666666666667,0.5840378275096182,0.5974841109384288,0.5966666666666667,0.395
CP6,sub-002,"{""C"": 2.636650898730358, ""gamma"": ""scale""}",0.5021882048136762,0.6466666666666666,0.6521724613149158,0.6757969469237075,0.6466666666666666,0.47
TP7,sub-002,"{""C"": 0.42813323987193935, ""gamma"": ""scale""}",0.5471349680848426,0.6333333333333333,0.6271215906053572,0.6337223810171951,0.6333333333333334,0.44999999999999996
TP8,sub-002,"{""C"": 1.2742749857031335, ""gamma"": ""scale""}",0.5180935152902857,0.6433333333333333,0.6476538383754288,0.6713017276332742,0.6433333333333334,0.46499999999999997
Pz,sub-002,"{""C"": 7.847599703514611, ""gamma"": ""auto""}",0.522377465913511,0.3333333333333333,0.16666666666666666,0.1111111111111111,0.3333333333333333,0.0
P3,sub-002,"{""C"": 1.2742749857031335, ""gamma"": ""scale""}",0.5105458740443589,0.73,0.725976800976801,0.7280843667022528,0.73,0.595
P4,sub-002,"{""C"": 11.288378916846883, ""gamma"": ""auto""}",0.5463404710422916,0.72,0.7257335080105899,0.7520891690009336,0.7200000000000001,0.5800000000000001
P5,sub-002,"{""C"": 69.51927961775606, ""gamma"": ""auto""}",0.49492849482603135,0.7433333333333333,0.7393814573240319,0.7429934486697772,0.7433333333333333,0.615
P6,sub-002,"{""C"": 100.0, ""gamma"": ""auto""}",0.5586850601441714,0.7733333333333333,0.7753526027030645,0.7810930735930737,0.7733333333333334,0.6599999999999999
P7,sub-002,"{""C"": 0.8858667904100825, ""gamma"": ""scale""}",0.5112829032190519,0.7566666666666667,0.7530620511074168,0.754601287563876,0.7566666666666667,0.635
P8,sub-002,"{""C"": 2.636650898730358, ""gamma"": ""scale""}",0.5158184336995537,0.75,0.7475625995642735,0.7501166525321263,0.75,0.625
POz,sub-002,"{""C"": 5.455594781168517, ""gamma"": ""auto""}",0.4974497567172373,0.7733333333333333,0.7716480278980279,0.7720671667876636,0.7733333333333333,0.6599999999999999
PO3,sub-002,"{""C"": 100.0, ""gamma"": ""auto""}",0.5183765804539555,0.73,0.7271404059199297,0.7301571842167854,0.73,0.595
PO4,sub-002,"{""C"": 1.8329807108324356, ""gamma"": ""scale""}",0.5269919519285001,0.68,0.6861627454657414,0.7140497414350118,0.68,0.52
PO5,sub-002,"{""C"": 69.51927961775606, ""gamma"": ""auto""}",0.5015794050310629,0.73,0.7124612606785781,0.7402401418026417,0.73,0.595
PO6,sub-002,"{""C"": 7.847599703514611, ""gamma"": ""auto""}",0.521003309416971,0.7233333333333334,0.7290319801364835,0.7724500713546097,0.7233333333333333,0.585
PO7,sub-002,"{""C"": 1.8329807108324356, ""gamma"": ""scale""}",0.502788670708125,0.7233333333333334,0.7037096831919111,0.7303796992696174,0.7233333333333333,0.585
PO8,sub-002,"{""C"": 2.636650898730358, ""gamma"": ""auto""}",0.5361643607329182,0.7733333333333333,0.7770142339649068,0.790221723189099,0.7733333333333334,0.6599999999999999
Oz,sub-002,"{""C"": 3.79269019073225, ""gamma"": ""auto""}",0.4438952206473503,0.7533333333333333,0.7555020346450264,0.765598932265599,0.7533333333333333,0.63
O1,sub-002,"{""C"": 3.79269019073225, ""gamma"": ""auto""}",0.47292380373709125,0.7133333333333334,0.7071218512892937,0.7147889870014973,0.7133333333333334,0.57
O2,sub-002,"{""C"": 16.23776739188721, ""gamma"": ""auto""}",0.5216761886885418,0.73,0.7261837389171855,0.7356468023255814,0.7300000000000001,0.595
Fpz,sub-003,"{""C"": 23.357214690901213, ""gamma"": ""scale""}",0.451356055868251,0.51,0.505482959795148,0.5046125026870438,0.5100000000000001,0.265
Fp1,sub-003,"{""C"": 2.636650898730358, ""gamma"": ""auto""}",0.49349697204493165,0.4533333333333333,0.45323957206395,0.46793789286049353,0.4533333333333333,0.18000000000000005
Fp2,sub-003,"{""C"": 33.59818286283781, ""gamma"": ""auto""}",0.4627796054424302,0.44,0.43402484920838647,0.4387422151177114,0.43999999999999995,0.16000000000000003
AF3,sub-003,"{""C"": 69.51927961775606, ""gamma"": ""auto""}",0.5112056096546869,0.47333333333333333,0.4708161873375503,0.4750317799569748,0.47333333333333333,0.20999999999999996
AF4,sub-003,"{""C"": 23.357214690901213, ""gamma"": ""auto""}",0.4979339402855865,0.5166666666666667,0.5107439146216669,0.5191712034907667,0.5166666666666667,0.275
AF7,sub-003,"{""C"": 5.455594781168517, ""gamma"": ""auto""}",0.5173816197376643,0.4533333333333333,0.45145470059442555,0.4743490970685462,0.4533333333333333,0.18000000000000005
AF8,sub-003,"{""C"": 2.636650898730358, ""gamma"": ""scale""}",0.5177561022041703,0.43,0.4279795396419437,0.44,0.43,0.14500000000000002
Fz,sub-003,"{""C"": 2.636650898730358, ""gamma"": ""scale""}",0.4784138059269952,0.5533333333333333,0.5492741030375439,0.5495120261416515,0.5533333333333333,0.32999999999999996
F1,sub-003,"{""C"": 3.79269019073225, ""gamma"": ""scale""}",0.5133019382955276,0.49666666666666665,0.49968355231513123,0.5191768568517613,0.49666666666666665,0.245
F2,sub-003,"{""C"": 1.8329807108324356, ""gamma"": ""scale""}",0.4794719286597668,0.5566666666666666,0.5510257873427352,0.5590909090909091,0.5566666666666666,0.33499999999999996
F3,sub-003,"{""C"": 3.79269019073225, ""gamma"": ""scale""}",0.5268874035400543,0.5,0.4997206671771788,0.5141958935062384,0.5,0.25
F4,sub-003,"{""C"": 3.79269019073225, ""gamma"": ""scale""}",0.46703315219680697,0.5,0.4935678704051134,0.5091666666666668,0.5,0.25
F5,sub-003,"{""C"": 7.847599703514611, ""gamma"": ""auto""}",0.5537377859895365,0.51,0.5067006114714839,0.524512987012987,0.5100000000000001,0.265
F6,sub-003,"{""C"": 1.8329807108324356, ""gamma"": ""scale""}",0.5096670393396453,0.4766666666666667,0.47401377217553686,0.49113181504485853,0.4766666666666666,0.21499999999999997
F7,sub-003,"{""C"": 1.2742749857031335, ""gamma"": ""auto""}",0.5575614344503234,0.5066666666666667,0.5007079846508927,0.525988065554411,0.5066666666666666,0.26
F8,sub-003,"{""C"": 0.6158482110660264, ""gamma"": ""scale""}",0.5626063027502327,0.4266666666666667,0.4275800543542479,0.4368660968660969,0.4266666666666667,0.14
FCz,sub-003,"{""C"": 1.2742749857031335, ""gamma"": ""auto""}",0.4979715012298332,0.63,0.6297737096364099,0.6426994301994302,0.63,0.44499999999999995
FC1,sub-003,"{""C"": 1.2742749857031335, ""gamma"": ""scale""}",0.5423412127693575,0.5133333333333333,0.5152133199928166,0.521673145953453,0.5133333333333333,0.27
FC2,sub-003,"{""C"": 33.59818286283781, ""gamma"": ""scale""}",0.4930555965977284,0.5933333333333334,0.5875237724443872,0.5977216627332679,0.5933333333333333,0.39
FC3,sub-003,"{""C"": 48.32930238571752, ""gamma"": ""auto""}",0.5375078760520995,0.54,0.5408555856383307,0.5604383962709351,0.54,0.31000000000000005
FC4,sub-003,"{""C"": 7.847599703514611, ""gamma"": ""scale""}",0.5188268328920245,0.49666666666666665,0.4928478605920235,0.5065965174660827,0.49666666666666665,0.245
FC5,sub-003,"{""C"": 3.79269019073225, ""gamma"": ""auto""}",0.5567421635943575,0.5166666666666667,0.5075197283132863,0.5427739628300637,0.5166666666666666,0.275
FC6,sub-003,"{""C"": 3.79269019073225, ""gamma"": ""scale""}",0.565291525832931,0.5033333333333333,0.5059237971002677,0.5242547778066903,0.5033333333333333,0.255
FT7,sub-003,"{""C"": 0.8858667904100825, ""gamma"": ""scale""}",0.5794424232452227,0.48333333333333334,0.4796759452379185,0.49085380987838173,0.4833333333333334,0.22499999999999998
FT8,sub-003,"{""C"": 23.357214690901213, ""gamma"": ""auto""}",0.5799945336805182,0.5,0.4989685023569545,0.5020231604283328,0.49999999999999994,0.25
Cz,sub-003,"{""C"": 5.455594781168517, ""gamma"": ""auto""}",0.522007342120836,0.6,0.60114336156011,0.637845261189632,0.6,0.4
C1,sub-003,"{""C"": 0.8858667904100825, ""gamma"": ""scale""}",0.5348849934988905,0.49666666666666665,0.49661979768913384,0.5077102086743044,0.4966666666666666,0.24499999999999988
C2,sub-003,"{""C"": 48.32930238571752, ""gamma"": ""auto""}",0.4648165186006605,0.56,0.5551947407048304,0.5576047103182029,0.5599999999999999,0.33999999999999997
C3,sub-003,"{""C"": 1.2742749857031335, ""gamma"": ""scale""}",0.5185284473391375,0.47333333333333333,0.46958966753182557,0.4847235940259195,0.47333333333333333,0.20999999999999996
C4,sub-003,"{""C"": 7.847599703514611, ""gamma"": ""auto""}",0.4922505057483412,0.47333333333333333,0.46345776573333747,0.47245442351076156,0.4733333333333334,0.20999999999999996
C5,sub-003,"{""C"": 3.79269019073225, ""gamma"": ""scale""}",0.5610388146793276,0.49666666666666665,0.4851917670018895,0.5227496641289745,0.49666666666666665,0.245
C6,sub-003,"{""C"": 23.357214690901213, ""gamma"": ""scale""}",0.552037605734138,0.4,0.3923333371609234,0.39484108455582945,0.39999999999999997,0.09999999999999998
T7,sub-003,"{""C"": 23.357214690901213, ""gamma"": ""scale""}",0.5623077251097924,0.49666666666666665,0.48312203718389285,0.5057210401891253,0.49666666666666665,0.245
T8,sub-003,"{""C"": 100.0, ""gamma"": ""auto""}",0.5531657750643514,0.4666666666666667,0.46195213748861813,0.469285840138366,0.46666666666666673,0.19999999999999996
CP1,sub-003,"{""C"": 100.0, ""gamma"": ""auto""}",0.46600408612871425,0.37666666666666665,0.3708443829509205,0.37949346405228757,0.37666666666666665,0.06500000000000017
CP2,sub-003,"{""C"": 69.51927961775606, ""gamma"": ""scale""}",0.4626592038802335,0.47,0.46826717554988906,0.47648667170894016,0.47000000000000003,0.20499999999999996
CP3,sub-003,"{""C"": 1.8329807108324356, ""gamma"": ""scale""}",0.4983050106625042,0.4666666666666667,0.4634075605482118,0.4765727003518628,0.46666666666666673,0.19999999999999996
CP4,sub-003,"{""C"": 7.847599703514611, ""gamma"": ""scale""}",0.5225018506467342,0.4766666666666667,0.46751727804359383,0.469030595397051,0.4766666666666666,0.21499999999999997
CP5,sub-003,"{""C"": 2.636650898730358, ""gamma"": ""scale""}",0.5606678955133017,0.48,0.4769958548239091,0.49719237603420513,0.48,0.21999999999999997
CP6,sub-003,"{""C"": 16.23776739188721, ""gamma"": ""auto""}",0.5282492831091656,0.4633333333333333,0.4580488117137332,0.459200255784696,0.4633333333333334,0.19499999999999995
TP7,sub-003,"{""C"": 3.79269019073225, ""gamma"": ""scale""}",0.5502882296578012,0.5466666666666666,0.5402280008422563,0.5640351501633328,0.5466666666666667,0.31999999999999995
TP8,sub-003,"{""C"": 5.455594781168517, ""gamma"": ""scale""}",0.5381082860085932,0.45666666666666667,0.45428761899086184,0.4527775149683924,0.4566666666666667,0.18500000000000005
Pz,sub-003,"{""C"": 2.636650898730358, ""gamma"": ""auto""}",0.4914905870381984,0.6,0.6023255331507759,0.6080599028163749,0.6,0.4
P3,sub-003,"{""C"": 0.14384498882876628, ""gamma"": ""scale""}",0.5344100789394485,0.5866666666666667,0.5859885620915034,0.5862597547380156,0.5866666666666666,0.38
P4,sub-003,"{""C"": 69.51927961775606, ""gamma"": ""auto""}",0.5856160943638916,0.6366666666666667,0.6381405725345178,0.6424170897538671,0.6366666666666667,0.45499999999999996
P5,sub-003,"{""C"": 33.59818286283781, ""gamma"": ""scale""}",0.5164467365383452,0.5333333333333333,0.5333621259810882,0.5336122926329111,0.5333333333333333,0.30000000000000004
P6,sub-003,"{""C"": 1.2742749857031335, ""gamma"": ""scale""}",0.582147557373256,0.5566666666666666,0.56032632092252,0.5698697401623133,0.5566666666666668,0.33499999999999996
P7,sub-003,"{""C"": 3.79269019073225, ""gamma"": ""scale""}",0.53337608440211,0.5333333333333333,0.5336700336700337,0.5342098377812664,0.5333333333333333,0.30000000000000004
P8,sub-003,"{""C"": 48.32930238571752, ""gamma"": ""auto""}",0.5908745741691289,0.5033333333333333,0.5055938801535671,0.5130018674136321,0.5033333333333333,0.255
POz,sub-003,"{""C"": 5.455594781168517, ""gamma"": ""scale""}",0.5419904649454955,0.56,0.5553467000835423,0.56797935520362,0.56,0.33999999999999997
PO3,sub-003,"{""C"": 23.357214690901213, ""gamma"": ""auto""}",0.5451669114195464,0.5566666666666666,0.5564784752284752,0.5577464978086096,0.5566666666666666,0.33499999999999996
PO4,sub-003,"{""C"": 23.357214690901213, ""gamma"": ""scale""}",0.5448674589099108,0.4633333333333333,0.46283209541765763,0.4706773019042462,0.4633333333333334,0.19499999999999995
PO5,sub-003,"{""C"": 3.79269019073225, ""gamma"": ""scale""}",0.5270655770349632,0.5966666666666667,0.592264512895962,0.6046462063086103,0.5966666666666667,0.395
PO6,sub-003,"{""C"": 1.8329807108324356, ""gamma"": ""scale""}",0.5578439473451087,0.4766666666666667,0.47048218369974126,0.4894317394317395,0.47666666666666674,0.21499999999999997
PO7,sub-003,"{""C"": 33.59818286283781, ""gamma"": ""auto""}",0.5088492652043078,0.6266666666666667,0.6262835516491801,0.6265444173596691,0.6266666666666666,0.43999999999999995
PO8,sub-003,"{""C"": 16.23776739188721, ""gamma"": ""auto""}",0.5622004858562857,0.49,0.48705020469726357,0.5025497512437811,0.49,0.235
Oz,sub-003,"{""C"": 16.23776739188721, ""gamma"": ""scale""}",0.490073064922727,0.37666666666666665,0.3780386337567463,0.3830129422789555,0.37666666666666665,0.06499999999999995
O1,sub-003,"{""C"": 1.8329807108324356, ""gamma"": ""scale""}",0.5146900564020801,0.37666666666666665,0.37581446050243555,0.3775636601723558,0.37666666666666665,0.06499999999999995
O2,sub-003,"{""C"": 69.51927961775606, ""gamma"": ""auto""}",0.5401728911520721,0.4766666666666667,0.4772263086481468,0.4792789064839205,0.4766666666666666,0.21499999999999997
Fpz,sub-004,"{""C"": 100.0, ""gamma"": ""auto""}",0.47690537786130044,0.37666666666666665,0.37578971367805036,0.3796670407781519,0.37666666666666665,0.06499999999999995
Fp1,sub-004,"{""C"": 3.79269019073225, ""gamma"": ""scale""}",0.5196764271961191,0.38333333333333336,0.3816157361218884,0.38280742906609516,0.3833333333333333,0.07499999999999996
Fp2,sub-004,"{""C"": 16.23776739188721, ""gamma"": ""auto""}",0.4932832904716018,0.36,0.3591061955760184,0.3586230429546367,0.36000000000000004,0.040000000000000036
AF3,sub-004,"{""C"": 16.23776739188721, ""gamma"": ""auto""}",0.5451606364649842,0.37,0.3674290810337293,0.3663354797649667,0.36999999999999994,0.05500000000000005
AF4,sub-004,"{""C"": 1.8329807108324356, ""gamma"": ""scale""}",0.5299004663943775,0.37333333333333335,0.37155530892659,0.37101229958372817,0.37333333333333335,0.06000000000000005
AF7,sub-004,"{""C"": 5.455594781168517, ""gamma"": ""auto""}",0.544012230136076,0.41333333333333333,0.41045440417875123,0.4127452449639704,0.41333333333333333,0.12
AF8,sub-004,"{""C"": 11.288378916846883, ""gamma"": ""auto""}",0.5316736535330465,0.39666666666666667,0.39186307850279317,0.39045716648260775,0.39666666666666667,0.09499999999999997
Fz,sub-004,"{""C"": 23.357214690901213, ""gamma"": ""auto""}",0.5184144945562045,0.43,0.43079729018993024,0.43386465523375795,0.43,0.14500000000000002
F1,sub-004,"{""C"": 0.8858667904100825, ""gamma"": ""scale""}",0.5546683124827009,0.41,0.41051587301587306,0.4122448979591837,0.41,0.11499999999999999
F2,sub-004,"{""C"": 7.847599703514611, ""gamma"": ""scale""}",0.5354396075264596,0.41,0.41091097869266885,0.41346874303882064,0.41,0.11499999999999999
F3,sub-004,"{""C"": 1.2742749857031335, ""gamma"": ""scale""}",0.5578227266231911,0.4266666666666667,0.42637362637362636,0.42711323763955344,0.4266666666666667,0.14
F4,sub-004,"{""C"": 5.455594781168517, ""gamma"": ""scale""}",0.5347612319051794,0.42333333333333334,0.4235664418021467,0.42390060716198974,0.42333333333333334,0.135
F5,sub-004,"{""C"": 7.847599703514611, ""gamma"": ""auto""}",0.5749216945096055,0.4066666666666667,0.4074778631660778,0.42103837393511084,0.4066666666666667,0.10999999999999999
F6,sub-004,"{""C"": 7.847599703514611, ""gamma"": ""scale""}",0.5504642867311205,0.39666666666666667,0.398253611848223,0.40454952719653736,0.39666666666666667,0.09499999999999997
F7,sub-004,"{""C"": 5.455594781168517, ""gamma"": ""auto""}",0.5727891156462586,0.48,0.47718959654443527,0.4866235682054842,0.48,0.21999999999999997
F8,sub-004,"{""C"": 23.357214690901213, ""gamma"": ""auto""}",0.5840735988233793,0.42333333333333334,0.42247750480613816,0.42180662026022847,0.42333333333333334,0.135
FCz,sub-004,"{""C"": 2.636650898730358, ""gamma"": ""auto""}",0.5624148411339173,0.43666666666666665,0.4366278582157262,0.4457564365459102,0.4366666666666667,0.15500000000000003
FC1,sub-004,"{""C"": 23.357214690901213, ""gamma"": ""auto""}",0.5826465834375525,0.4533333333333333,0.455240964132893,0.4601712749067643,0.4533333333333333,0.18000000000000005
FC2,sub-004,"{""C"": 5.455594781168517, ""gamma"": ""auto""}",0.5552966970203633,0.43666666666666665,0.43556502684520754,0.4360752513217086,0.4366666666666667,0.15500000000000003
FC3,sub-004,"{""C"": 0.6158482110660264, ""gamma"": ""scale""}",0.5603964089329717,0.4533333333333333,0.457748949674585,0.47959450865970893,0.4533333333333333,0.18000000000000005
FC4,sub-004,"{""C"": 0.8858667904100825, ""gamma"": ""scale""}",0.5574080113726286,0.4266666666666667,0.42606568612315737,0.426961241813429,0.4266666666666667,0.14
FC5,sub-004,"{""C"": 5.455594781168517, ""gamma"": ""auto""}",0.5618109374563042,0.49333333333333335,0.49506294807246287,0.5015603206558136,0.49333333333333335,0.24
FC6,sub-004,"{""C"": 5.455594781168517, ""gamma"": ""scale""}",0.5666039737699596,0.47333333333333333,0.47237094220457504,0.4719227849836655,0.47333333333333333,0.20999999999999996
FT7,sub-004,"{""C"": 3.79269019073225, ""gamma"": ""auto""}",0.588862021418592,0.5666666666666667,0.5677202600720714,0.5705812705812706,0.5666666666666667,0.35
FT8,sub-004,"{""C"": 3.79269019073225, ""gamma"": ""auto""}",0.5837723233178164,0.49666666666666665,0.49706213163044355,0.497778379028379,0.49666666666666665,0.245
Cz,sub-004,"{""C"": 7.847599703514611, ""gamma"": ""auto""}",0.5601619519953883,0.52,0.5230088191894581,0.5366884698969593,0.52,0.28
C1,sub-004,"{""C"": 0.29763514416313175, ""gamma"": ""scale""}",0.567308515190415,0.47,0.47333196398616956,0.4813905072249103,0.47,0.20499999999999996
C2,sub-004,"{""C"": 33.59818286283781, ""gamma"": ""auto""}",0.5273420133375675,0.4266666666666667,0.4249195040809559,0.42482517482517484,0.4266666666666667,0.14
C3,sub-004,"{""C"": 23.357214690901213, ""gamma"": ""auto""}",0.5520188819361741,0.4633333333333333,0.4621608337596421,0.4626606198034769,0.4633333333333333,0.19499999999999995
C4,sub-004,"{""C"": 69.51927961775606, ""gamma"": ""auto""}",0.5269580907855494,0.46,0.45506424792139083,0.45781810035842296,0.45999999999999996,0.18999999999999995
C5,sub-004,"{""C"": 3.79269019073225, ""gamma"": ""scale""}",0.5566243205346968,0.4866666666666667,0.49063553748003974,0.4982221043757309,0.48666666666666664,0.22999999999999998
C6,sub-004,"{""C"": 1.2742749857031335, ""gamma"": ""scale""}",0.5357777615732525,0.46,0.45463797860099825,0.4584026874499892,0.45999999999999996,0.18999999999999995
T7,sub-004,"{""C"": 3.79269019073225, ""gamma"": ""auto""}",0.5315402328879846,0.5066666666666667,0.5086312036776433,0.5132068316582711,0.5066666666666667,0.26
T8,sub-004,"{""C"": 48.32930238571752, ""gamma"": ""auto""}",0.5486601743045042,0.4533333333333333,0.4493691925772223,0.4485653235653236,0.4533333333333333,0.18000000000000005
CP1,sub-004,"{""C"": 100.0, ""gamma"": ""auto""}",0.454698930983434,0.41333333333333333,0.41314720274676847,0.41325156325156326,0.4133333333333334,0.12
CP2,sub-004,"{""C"": 33.59818286283781, ""gamma"": ""scale""}",0.4639381377460821,0.43333333333333335,0.4335086663351913,0.43762463568031906,0.4333333333333333,0.15000000000000002
CP3,sub-004,"{""C"": 11.288378916846883, ""gamma"": ""scale""}",0.46905046367411957,0.4866666666666667,0.483974358974359,0.48527962552352805,0.48666666666666664,0.22999999999999998
CP4,sub-004,"{""C"": 5.455594781168517, ""gamma"": ""scale""}",0.5371528901999816,0.5166666666666667,0.5100901044897482,0.5134936589482044,0.5166666666666666,0.275
CP5,sub-004,"{""C"": 11.288378916846883, ""gamma"": ""auto""}",0.5256736213348824,0.5266666666666666,0.5277070624589717,0.5326566089277954,0.5266666666666667,0.29000000000000004
CP6,sub-004,"{""C"": 48.32930238571752, ""gamma"": ""auto""}",0.5153335479253166,0.4866666666666667,0.48306033534676746,0.48993903951798695,0.48666666666666664,0.22999999999999998
TP7,sub-004,"{""C"": 2.636650898730358, ""gamma"": ""scale""}",0.5294411481621365,0.51,0.5133755933613472,0.5195740325264054,0.51,0.265
TP8,sub-004,"{""C"": 100.0, ""gamma"": ""auto""}",0.5331690619260306,0.5166666666666667,0.5137214572885093,0.5223357016618175,0.5166666666666667,0.275
Pz,sub-004,"{""C"": 2.636650898730358, ""gamma"": ""auto""}",0.4876159669326876,0.5933333333333334,0.5921944035346097,0.592508865248227,0.5933333333333334,0.3899999999999999
P3,sub-004,"{""C"": 11.288378916846883, ""gamma"": ""auto""}",0.5335515733655088,0.6,0.595118402396055,0.5999306464422743,0.6,0.4
P4,sub-004,"{""C"": 3.79269019073225, ""gamma"": ""auto""}",0.5923667045682297,0.63,0.6247863247863248,0.6296052631578948,0.63,0.44499999999999995
P5,sub-004,"{""C"": 1.8329807108324356, ""gamma"": ""auto""}",0.5150542051434981,0.6033333333333334,0.6024145299145299,0.6028609769189479,0.6033333333333333,0.405
P6,sub-004,"{""C"": 1.8329807108324356, ""gamma"": ""scale""}",0.5761854908328531,0.6233333333333333,0.616610307494625,0.6235370131729668,0.6233333333333333,0.43500000000000005
P7,sub-004,"{""C"": 16.23776739188721, ""gamma"": ""scale""}",0.5388040928955705,0.6166666666666667,0.6165196555440459,0.6203802733214498,0.6166666666666667,0.42500000000000004
P8,sub-004,"{""C"": 5.455594781168517, ""gamma"": ""scale""}",0.5564149181095295,0.5833333333333334,0.5736089758044127,0.5826043237807944,0.5833333333333334,0.375
POz,sub-004,"{""C"": 69.51927961775606, ""gamma"": ""auto""}",0.5462782691937541,0.6166666666666667,0.6120987666724436,0.6112135473968733,0.6166666666666666,0.42500000000000004
PO3,sub-004,"{""C"": 7.847599703514611, ""gamma"": ""auto""}",0.5658820355506199,0.6433333333333333,0.6409481461418082,0.6413644249137658,0.6433333333333333,0.46499999999999997
PO4,sub-004,"{""C"": 100.0, ""gamma"": ""auto""}",0.5292856395251135,0.6366666666666667,0.626998095068956,0.6288984536904193,0.6366666666666666,0.45499999999999996
PO5,sub-004,"{""C"": 5.455594781168517, ""gamma"": ""auto""}",0.5492224918637244,0.65,0.649427141351127,0.6498299760379697,0.6499999999999999,0.475
PO6,sub-004,"{""C"": 100.0, ""gamma"": ""auto""}",0.5641549392932087,0.6233333333333333,0.6108424142906902,0.6216149546246634,0.6233333333333334,0.43500000000000005
PO7,sub-004,"{""C"": 7.847599703514611, ""gamma"": ""auto""}",0.5510629893388995,0.6133333333333333,0.6112827557237782,0.6164886241200542,0.6133333333333334,0.42000000000000004
PO8,sub-004,"{""C"": 7.847599703514611, ""gamma"": ""scale""}",0.5593086870926053,0.61,0.5980881439142346,0.6082353558878352,0.61,0.41500000000000004
Oz,sub-004,"{""C"": 2.636650898730358, ""gamma"": ""scale""}",0.4998093898947986,0.5933333333333334,0.5873447204968945,0.5896391282085531,0.5933333333333334,0.39
O1,sub-004,"{""C"": 33.59818286283781, ""gamma"": ""auto""}",0.5298366716101771,0.6266666666666667,0.618676692101277,0.6239580388427699,0.6266666666666666,0.43999999999999995
O2,sub-004,"{""C"": 5.455594781168517, ""gamma"": ""scale""}",0.5331216971660521,0.56,0.5526049755932253,0.5617555284221951,0.56,0.33999999999999997
Fpz,sub-005,"{""C"": 7.847599703514611, ""gamma"": ""auto""}",0.4479559850752744,0.5133333333333333,0.5131876124617051,0.52039289446186,0.5133333333333333,0.27
Fp1,sub-005,"{""C"": 100.0, ""gamma"": ""scale""}",0.4965334108443291,0.5566666666666666,0.5574985481997677,0.5593033695819681,0.5566666666666666,0.33499999999999996
Fp2,sub-005,"{""C"": 69.51927961775606, ""gamma"": ""auto""}",0.47109021367854126,0.49333333333333335,0.49475985730575694,0.4989236375964064,0.49333333333333335,0.24
AF3,sub-005,"{""C"": 3.79269019073225, ""gamma"": ""scale""}",0.5015605711807293,0.5633333333333334,0.5681171287090109,0.5959313059843719,0.5633333333333334,0.345
AF4,sub-005,"{""C"": 33.59818286283781, ""gamma"": ""scale""}",0.49027267785846407,0.47333333333333333,0.47284883127488003,0.47280655306312375,0.47333333333333333,0.20999999999999985
AF7,sub-005,"{""C"": 7.847599703514611, ""gamma"": ""scale""}",0.4961786074238647,0.53,0.533388831021841,0.5577200577200577,0.53,0.29500000000000004
AF8,sub-005,"{""C"": 2.636650898730358, ""gamma"": ""auto""}",0.49294483437848186,0.5133333333333333,0.5143382171382826,0.5193221272099239,0.5133333333333333,0.27
Fz,sub-005,"{""C"": 16.23776739188721, ""gamma"": ""auto""}",0.5000248768595452,0.4166666666666667,0.4118690313316758,0.41582821002502196,0.4166666666666667,0.125
F1,sub-005,"{""C"": 33.59818286283781, ""gamma"": ""auto""}",0.4981937070666859,0.5766666666666667,0.579329780030985,0.5885782472468198,0.5766666666666667,0.365
F2,sub-005,"{""C"": 7.847599703514611, ""gamma"": ""auto""}",0.5055610187870891,0.4633333333333333,0.4597538807986561,0.4623385219066529,0.4633333333333334,0.19499999999999984
F3,sub-005,"{""C"": 69.51927961775606, ""gamma"": ""auto""}",0.519248174067542,0.5566666666666666,0.5570926755596908,0.5672071392659628,0.5566666666666666,0.33499999999999996
F4,sub-005,"{""C"": 1.8329807108324356, ""gamma"": ""scale""}",0.5030491313068421,0.41333333333333333,0.4125898985020969,0.4152061168849804,0.41333333333333333,0.12
F5,sub-005,"{""C"": 2.636650898730358, ""gamma"": ""scale""}",0.5473584417319893,0.5766666666666667,0.5811322475697761,0.6081245656418574,0.5766666666666668,0.365
F6,sub-005,"{""C"": 11.288378916846883, ""gamma"": ""auto""}",0.5082918739635157,0.5033333333333333,0.5023255267183758,0.5119979952680976,0.5033333333333334,0.255
F7,sub-005,"{""C"": 3.79269019073225, ""gamma"": ""scale""}",0.5495577433974058,0.5933333333333334,0.5985542403354387,0.6293468360454008,0.5933333333333334,0.39
F8,sub-005,"{""C"": 3.79269019073225, ""gamma"": ""scale""}",0.5653543796762235,0.5066666666666667,0.5080775024674044,0.5123161631529378,0.5066666666666667,0.26
FCz,sub-005,"{""C"": 5.455594781168517, ""gamma"": ""scale""}",0.5449636201328399,0.38333333333333336,0.35073649456163936,0.38966182805484767,0.3833333333333333,0.07499999999999984
FC1,sub-005,"{""C"": 3.79269019073225, ""gamma"": ""auto""}",0.5233270804582504,0.6033333333333334,0.6001259169601406,0.6105761621890654,0.6033333333333334,0.40500000000000014
FC2,sub-005,"{""C"": 2.636650898730358, ""gamma"": ""scale""}",0.531519171960425,0.37666666666666665,0.36679561396288873,0.3853176802871925,0.37666666666666665,0.06499999999999995
FC3,sub-005,"{""C"": 1.2742749857031335, ""gamma"": ""scale""}",0.5217878626768452,0.6033333333333334,0.5977491815108849,0.6077665402901952,0.6033333333333333,0.405
FC4,sub-005,"{""C"": 11.288378916846883, ""gamma"": ""auto""}",0.5154634949414941,0.55,0.543619960286627,0.54568013264323,0.5499999999999999,0.32499999999999996
FC5,sub-005,"{""C"": 0.6158482110660264, ""gamma"": ""scale""}",0.5129570435340253,0.5766666666666667,0.5777049239134056,0.6016728115375504,0.5766666666666667,0.365
FC6,sub-005,"{""C"": 3.79269019073225, ""gamma"": ""scale""}",0.5402879456809314,0.6066666666666667,0.6060792183313674,0.6067720334077232,0.6066666666666667,0.41000000000000003
FT7,sub-005,"{""C"": 100.0, ""gamma"": ""auto""}",0.5429341693599897,0.5766666666666667,0.5778119295867207,0.615949074238349,0.5766666666666667,0.365
FT8,sub-005,"{""C"": 0.6158482110660264, ""gamma"": ""scale""}",0.5804156224935387,0.5766666666666667,0.5767434715821813,0.5881861348528016,0.5766666666666667,0.365
Cz,sub-005,"{""C"": 7.847599703514611, ""gamma"": ""scale""}",0.5239667084751156,0.36,0.298740696216152,0.3393252001524971,0.36000000000000004,0.040000000000000036
C1,sub-005,"{""C"": 1.2742749857031335, ""gamma"": ""scale""}",0.526238506641726,0.6,0.5976126990876254,0.6048405879205615,0.6,0.4
C2,sub-005,"{""C"": 69.51927961775606, ""gamma"": ""auto""}",0.5071793779504493,0.42333333333333334,0.4247543710958345,0.4289194465665054,0.42333333333333334,0.135
C3,sub-005,"{""C"": 3.79269019073225, ""gamma"": ""auto""}",0.4971939075719676,0.5133333333333333,0.5115331132756863,0.5182539682539682,0.5133333333333333,0.27
C4,sub-005,"{""C"": 0.8858667904100825, ""gamma"": ""scale""}",0.5118897130593038,0.4533333333333333,0.4498544419261115,0.45216486871367384,0.45333333333333337,0.18000000000000005
C5,sub-005,"{""C"": 0.8858667904100825, ""gamma"": ""scale""}",0.529206655261275,0.5666666666666667,0.568655284289561,0.5973443223443223,0.5666666666666665,0.35
C6,sub-005,"{""C"": 1.8329807108324356, ""gamma"": ""scale""}",0.5057841773290658,0.5466666666666666,0.5424781934631776,0.5445670422737783,0.5466666666666667,0.32000000000000006
T7,sub-005,"{""C"": 0.14384498882876628, ""gamma"": ""scale""}",0.5095155498341147,0.5433333333333333,0.5426538559710811,0.5719742998812766,0.5433333333333333,0.31499999999999995
T8,sub-005,"{""C"": 0.29763514416313175, ""gamma"": ""scale""}",0.4979302725238337,0.5433333333333333,0.540980892068975,0.5477548736777691,0.5433333333333333,0.31499999999999995
CP1,sub-005,"{""C"": 48.32930238571752, ""gamma"": ""auto""}",0.43335263424552073,0.42333333333333334,0.42329174584813684,0.4240668088416761,0.42333333333333334,0.135
CP2,sub-005,"{""C"": 5.455594781168517, ""gamma"": ""scale""}",0.46658835691093753,0.3433333333333333,0.19825504401339877,0.27970011534025374,0.3433333333333333,0.015000000000000013
CP3,sub-005,"{""C"": 23.357214690901213, ""gamma"": ""auto""}",0.47608806265787135,0.41,0.4075285717566996,0.4100790287957408,0.41,0.11499999999999999
CP4,sub-005,"{""C"": 1.8329807108324356, ""gamma"": ""auto""}",0.5420562750597412,0.38666666666666666,0.3303309151695149,0.43022502663964396,0.38666666666666666,0.07999999999999985
CP5,sub-005,"{""C"": 1.2742749857031335, ""gamma"": ""scale""}",0.5114904063203062,0.5233333333333333,0.5241759115670603,0.5466428995840761,0.5233333333333333,0.28500000000000003
CP6,sub-005,"{""C"": 0.6158482110660264, ""gamma"": ""scale""}",0.5249110657716815,0.33666666666666667,0.20154561265864712,0.3703703703703704,0.33666666666666667,0.0050000000000000044
TP7,sub-005,"{""C"": 3.79269019073225, ""gamma"": ""scale""}",0.5385778869981679,0.55,0.5473285714652368,0.5670791412145167,0.5499999999999999,0.32499999999999996
TP8,sub-005,"{""C"": 0.8858667904100825, ""gamma"": ""scale""}",0.5357285255504086,0.33,0.199000912627888,0.3321513002364066,0.33,-0.004999999999999893
Pz,sub-005,"{""C"": 16.23776739188721, ""gamma"": ""scale""}",0.49748254746846193,0.5133333333333333,0.5131834164193937,0.5136904714104839,0.5133333333333333,0.27
P3,sub-005,"{""C"": 33.59818286283781, ""gamma"": ""scale""}",0.5393473478826373,0.52,0.516881213540589,0.5165660363028783,0.52,0.28
P4,sub-005,"{""C"": 11.288378916846883, ""gamma"": ""auto""}",0.5927339444265707,0.55,0.5464016157411923,0.6010240655401946,0.5499999999999999,0.32499999999999996
P5,sub-005,"{""C"": 0.42813323987193935, ""gamma"": ""scale""}",0.5198888775899833,0.5133333333333333,0.5138510959939532,0.5222446236559141,0.5133333333333333,0.27
P6,sub-005,"{""C"": 5.455594781168517, ""gamma"": ""auto""}",0.577477208932608,0.5266666666666666,0.5277421195264584,0.5604705733130391,0.5266666666666667,0.29000000000000004
P7,sub-005,"{""C"": 69.51927961775606, ""gamma"": ""scale""}",0.535014614674675,0.5566666666666666,0.5555082265694148,0.5628558310376492,0.5566666666666666,0.33499999999999996
P8,sub-005,"{""C"": 1.2742749857031335, ""gamma"": ""scale""}",0.5558820131973716,0.53,0.5283666264488599,0.5434153353012631,0.53,0.29500000000000004
POz,sub-005,"{""C"": 0.6158482110660264, ""gamma"": ""auto""}",0.5420743932318228,0.49,0.49105237447840344,0.49807899759356067,0.49,0.235
PO3,sub-005,"{""C"": 23.357214690901213, ""gamma"": ""auto""}",0.542082068561616,0.5033333333333333,0.506317534775334,0.5138766889864881,0.5033333333333333,0.255
PO4,sub-005,"{""C"": 33.59818286283781, ""gamma"": ""scale""}",0.5362115840708696,0.49333333333333335,0.4874984091467403,0.4910967773981472,0.4933333333333334,0.24
PO5,sub-005,"{""C"": 11.288378916846883, ""gamma"": ""auto""}",0.5333193166318945,0.48,0.4833038635855538,0.48882593705673577,0.48,0.21999999999999997
PO6,sub-005,"{""C"": 0.6158482110660264, ""gamma"": ""scale""}",0.5577404126606282,0.54,0.5407504224123647,0.5689679300559085,0.54,0.31000000000000005
PO7,sub-005,"{""C"": 48.32930238571752, ""gamma"": ""scale""}",0.5611452373203787,0.43333333333333335,0.43430499130018535,0.4359026894777122,0.4333333333333333,0.15000000000000002
PO8,sub-005,"{""C"": 1.8329807108324356, ""gamma"": ""scale""}",0.5491549405930997,0.5466666666666666,0.5482152381957197,0.5536139212966741,0.5466666666666667,0.31999999999999995
Oz,sub-005,"{""C"": 0.8858667904100825, ""gamma"": ""auto""}",0.4804711197319576,0.46,0.4578850919987325,0.48694551245089696,0.45999999999999996,0.18999999999999995
O1,sub-005,"{""C"": 16.23776739188721, ""gamma"": ""scale""}",0.5186663738557301,0.47333333333333333,0.47398088023088025,0.4758342072006669,0.47333333333333333,0.20999999999999996
O2,sub-005,"{""C"": 69.51927961775606, ""gamma"": ""scale""}",0.5294766823270823,0.5133333333333333,0.5075263986006197,0.5229070824682109,0.5133333333333333,0.27
Fpz,sub-006,"{""C"": 11.288378916846883, ""gamma"": ""scale""}",0.4794515910612008,0.35,0.3499764016195941,0.3516801172094571,0.35000000000000003,0.025000000000000022
Fp1,sub-006,"{""C"": 48.32930238571752, ""gamma"": ""auto""}",0.4929274570469199,0.37,0.36924358992965733,0.36895781813705025,0.36999999999999994,0.05500000000000005
Fp2,sub-006,"{""C"": 100.0, ""gamma"": ""scale""}",0.4478578489424085,0.39,0.38757467688494324,0.3911257631257632,0.38999999999999996,0.08499999999999996
AF3,sub-006,"{""C"": 69.51927961775606, ""gamma"": ""scale""}",0.4983732140923767,0.37666666666666665,0.3736972266384031,0.3785814503027618,0.37666666666666665,0.06499999999999995
AF4,sub-006,"{""C"": 5.455594781168517, ""gamma"": ""scale""}",0.4932414266816833,0.42333333333333334,0.42204966989557374,0.4254138502504516,0.42333333333333334,0.135
AF7,sub-006,"{""C"": 5.455594781168517, ""gamma"": ""scale""}",0.5015369093678187,0.44,0.43810250491461294,0.4372098844470214,0.43999999999999995,0.16000000000000003
AF8,sub-006,"{""C"": 16.23776739188721, ""gamma"": ""auto""}",0.5271257515524358,0.39666666666666667,0.39672242835591626,0.39763740161152755,0.39666666666666667,0.09499999999999997
Fz,sub-006,"{""C"": 48.32930238571752, ""gamma"": ""auto""}",0.48980726510628747,0.43666666666666665,0.43637849709981613,0.43780179545522024,0.4366666666666667,0.15500000000000003
F1,sub-006,"{""C"": 69.51927961775606, ""gamma"": ""auto""}",0.5292501843897782,0.43333333333333335,0.42883323069882323,0.4296647796647797,0.43333333333333335,0.15000000000000002
F2,sub-006,"{""C"": 2.636650898730358, ""gamma"": ""scale""}",0.5062669517308062,0.43333333333333335,0.43430291099571217,0.4389097596844472,0.43333333333333335,0.15000000000000002
F3,sub-006,"{""C"": 33.59818286283781, ""gamma"": ""auto""}",0.544720213929888,0.4766666666666667,0.4710140220976134,0.4781383476129098,0.4766666666666666,0.21499999999999997
F4,sub-006,"{""C"": 5.455594781168517, ""gamma"": ""auto""}",0.5061827462712746,0.46,0.4510431481984274,0.45848927526703553,0.45999999999999996,0.18999999999999995
F5,sub-006,"{""C"": 11.288378916846883, ""gamma"": ""auto""}",0.5216233035132968,0.55,0.5482747032414056,0.5518742740849616,0.55,0.32499999999999996
F6,sub-006,"{""C"": 48.32930238571752, ""gamma"": ""scale""}",0.5120150050801924,0.45666666666666667,0.4567768158620202,0.45985886980160795,0.4566666666666667,0.18500000000000005
F7,sub-006,"{""C"": 0.8858667904100825, ""gamma"": ""scale""}",0.5413536519422747,0.5366666666666666,0.5331513334939952,0.5326398628642668,0.5366666666666667,0.30500000000000005
F8,sub-006,"{""C"": 3.79269019073225, ""gamma"": ""scale""}",0.5599022285555951,0.48,0.48019851640664185,0.48437624755606956,0.48,0.21999999999999997
FCz,sub-006,"{""C"": 7.847599703514611, ""gamma"": ""auto""}",0.546610666392099,0.47,0.4712396465276047,0.4858367503143623,0.47000000000000003,0.20499999999999996
FC1,sub-006,"{""C"": 100.0, ""gamma"": ""auto""}",0.5635769607111465,0.4866666666666667,0.48203751065643646,0.49205128205128207,0.48666666666666664,0.22999999999999998
FC2,sub-006,"{""C"": 1.2742749857031335, ""gamma"": ""scale""}",0.5300700210225645,0.47333333333333333,0.4707504346516384,0.47503220697561727,0.47333333333333333,0.20999999999999996
FC3,sub-006,"{""C"": 7.847599703514611, ""gamma"": ""auto""}",0.555630753325273,0.5166666666666667,0.5172147001934235,0.5226504172156347,0.5166666666666667,0.275
FC4,sub-006,"{""C"": 1.2742749857031335, ""gamma"": ""scale""}",0.5347564514415099,0.49666666666666665,0.496491766569906,0.49792429792429793,0.49666666666666665,0.245
FC5,sub-006,"{""C"": 33.59818286283781, ""gamma"": ""auto""}",0.5555819211075934,0.5566666666666666,0.5565359894436641,0.5576007326007326,0.5566666666666668,0.33499999999999996
FC6,sub-006,"{""C"": 48.32930238571752, ""gamma"": ""auto""}",0.5472377829245424,0.49666666666666665,0.4831147888685801,0.4948681226876716,0.49666666666666665,0.245
FT7,sub-006,"{""C"": 1.8329807108324356, ""gamma"": ""scale""}",0.5707974880087116,0.5566666666666666,0.5584563584563584,0.5608818441296833,0.5566666666666666,0.33499999999999996
FT8,sub-006,"{""C"": 2.636650898730358, ""gamma"": ""scale""}",0.5812616427546782,0.5233333333333333,0.5119976415342662,0.5254335454450986,0.5233333333333333,0.28500000000000003
Cz,sub-006,"{""C"": 16.23776739188721, ""gamma"": ""auto""}",0.5616948053001184,0.4633333333333333,0.46392462254396355,0.4772482619013872,0.4633333333333334,0.19499999999999995
C1,sub-006,"{""C"": 11.288378916846883, ""gamma"": ""auto""}",0.5785095685593199,0.4766666666666667,0.47201534098085823,0.47968321877522363,0.47666666666666674,0.21499999999999997
C2,sub-006,"{""C"": 1.8329807108324356, ""gamma"": ""scale""}",0.508301154809559,0.44,0.4376882651900073,0.43864429524709614,0.43999999999999995,0.16000000000000003
C3,sub-006,"{""C"": 16.23776739188721, ""gamma"": ""auto""}",0.5522630722862,0.4633333333333333,0.45995813636829447,0.4659165542491002,0.4633333333333334,0.19499999999999995
C4,sub-006,"{""C"": 0.6158482110660264, ""gamma"": ""scale""}",0.48649265257890323,0.5133333333333333,0.5006282381733448,0.5148352248352249,0.5133333333333333,0.27
C5,sub-006,"{""C"": 69.51927961775606, ""gamma"": ""auto""}",0.5612501497038874,0.4766666666666667,0.46826883438538935,0.4882977071077718,0.47666666666666674,0.21499999999999997
C6,sub-006,"{""C"": 1.2742749857031335, ""gamma"": ""scale""}",0.5380577975750441,0.5,0.484006734006734,0.49951267056530213,0.5,0.25
T7,sub-006,"{""C"": 1.8329807108324356, ""gamma"": ""scale""}",0.563550841283814,0.49666666666666665,0.49550225307801066,0.5165167851269806,0.49666666666666665,0.245
T8,sub-006,"{""C"": 100.0, ""gamma"": ""auto""}",0.5245033869132186,0.48333333333333334,0.47481607243916235,0.4755329457364341,0.4833333333333334,0.22499999999999998
CP1,sub-006,"{""C"": 1.8329807108324356, ""gamma"": ""auto""}",0.4253754482897543,0.41,0.39466410103694205,0.42161252961160084,0.41,0.11499999999999999
CP2,sub-006,"{""C"": 33.59818286283781, ""gamma"": ""auto""}",0.44857614182326827,0.4066666666666667,0.4051170286496823,0.40466444870114593,0.4066666666666667,0.10999999999999999
CP3,sub-006,"{""C"": 5.455594781168517, ""gamma"": ""scale""}",0.4713854927615118,0.36333333333333334,0.3576163929028562,0.3721460261586611,0.36333333333333334,0.04500000000000004
CP4,sub-006,"{""C"": 16.23776739188721, ""gamma"": ""auto""}",0.5240953975501629,0.44,0.44138681697367144,0.44493529737638315,0.44,0.16000000000000003
CP5,sub-006,"{""C"": 69.51927961775606, ""gamma"": ""scale""}",0.5331294576274496,0.39666666666666667,0.3914967598370964,0.398014266435319,0.39666666666666667,0.09499999999999997
CP6,sub-006,"{""C"": 48.32930238571752, ""gamma"": ""auto""}",0.5237864223377832,0.49333333333333335,0.4946858450818039,0.4975468975468975,0.49333333333333335,0.24
TP7,sub-006,"{""C"": 48.32930238571752, ""gamma"": ""scale""}",0.5316232883045554,0.44,0.43518142819264477,0.45145946485010285,0.43999999999999995,0.16000000000000003
TP8,sub-006,"{""C"": 100.0, ""gamma"": ""auto""}",0.5168490089774614,0.5233333333333333,0.5243705379341725,0.5279352226720647,0.5233333333333333,0.28500000000000003
Pz,sub-006,"{""C"": 23.357214690901213, ""gamma"": ""auto""}",0.49208256816513285,0.49666666666666665,0.49471864247883607,0.4998176684483064,0.49666666666666665,0.245
P3,sub-006,"{""C"": 0.42813323987193935, ""gamma"": ""scale""}",0.5596827499914232,0.38,0.3605293938627272,0.39496851586162923,0.38000000000000006,0.06999999999999995
P4,sub-006,"{""C"": 100.0, ""gamma"": ""auto""}",0.6137414961254875,0.4666666666666667,0.4660455486542443,0.4750284268576952,0.4666666666666666,0.19999999999999996
P5,sub-006,"{""C"": 11.288378916846883, ""gamma"": ""auto""}",0.5151526033079056,0.37,0.36047605146276873,0.3717252095300876,0.37000000000000005,0.05500000000000005
P6,sub-006,"{""C"": 7.847599703514611, ""gamma"": ""scale""}",0.6051804874907084,0.45666666666666667,0.4563600876122676,0.4686257224018024,0.4566666666666667,0.18500000000000005
P7,sub-006,"{""C"": 23.357214690901213, ""gamma"": ""scale""}",0.554384626445601,0.36333333333333334,0.35970694800145475,0.3629986942150625,0.3633333333333333,0.04500000000000004
P8,sub-006,"{""C"": 48.32930238571752, ""gamma"": ""auto""}",0.5745744831236954,0.4766666666666667,0.47727193997322165,0.49066431265757643,0.47666666666666674,0.21499999999999997
POz,sub-006,"{""C"": 48.32930238571752, ""gamma"": ""scale""}",0.571096992256022,0.3566666666666667,0.35642447571022484,0.35655963808893304,0.35666666666666663,0.03500000000000003
PO3,sub-006,"{""C"": 33.59818286283781, ""gamma"": ""scale""}",0.5947226931459898,0.34,0.3377719774778598,0.34020530510388153,0.34,0.010000000000000009
PO4,sub-006,"{""C"": 23.357214690901213, ""gamma"": ""scale""}",0.562537808137067,0.38333333333333336,0.3758170298634825,0.3873532857746997,0.38333333333333336,0.07499999999999996
PO5,sub-006,"{""C"": 0.6158482110660264, ""gamma"": ""scale""}",0.5593237420263014,0.36333333333333334,0.3564890193559906,0.3689939799435425,0.36333333333333334,0.04500000000000004
PO6,sub-006,"{""C"": 2.636650898730358, ""gamma"": ""scale""}",0.5604056083997803,0.4,0.38952834774183254,0.4130572122136042,0.4000000000000001,0.09999999999999998
PO7,sub-006,"{""C"": 0.20691380811147897, ""gamma"": ""scale""}",0.5526146709162686,0.39,0.3804426932843008,0.39680514825676116,0.38999999999999996,0.08499999999999996
PO8,sub-006,"{""C"": 3.79269019073225, ""gamma"": ""scale""}",0.5655657703332905,0.39666666666666667,0.38769433557193267,0.4045972993300884,0.39666666666666667,0.09499999999999997
Oz,sub-006,"{""C"": 0.42813323987193935, ""gamma"": ""scale""}",0.502175951140032,0.36666666666666664,0.35131065841576703,0.3677759885489354,0.3666666666666667,0.050000000000000044
O1,sub-006,"{""C"": 1.8329807108324356, ""gamma"": ""scale""}",0.5598657331354229,0.3466666666666667,0.3443701493270459,0.3526565176467837,0.3466666666666667,0.020000000000000018
O2,sub-006,"{""C"": 48.32930238571752, ""gamma"": ""scale""}",0.5633133348708336,0.41,0.40886907950368734,0.414102376421217,0.41,0.11499999999999999
Fpz,sub-007,"{""C"": 3.79269019073225, ""gamma"": ""auto""}",0.47029997710098465,0.5033333333333333,0.5048381715048381,0.5118499416712715,0.5033333333333333,0.255
Fp1,sub-007,"{""C"": 1.2742749857031335, ""gamma"": ""scale""}",0.5017304127927482,0.6666666666666666,0.6667873248004236,0.6688023201497476,0.6666666666666666,0.5
Fp2,sub-007,"{""C"": 2.636650898730358, ""gamma"": ""auto""}",0.46609805095009516,0.5133333333333333,0.510582693961804,0.5106159444610562,0.5133333333333333,0.27
AF3,sub-007,"{""C"": 5.455594781168517, ""gamma"": ""scale""}",0.49409731994871314,0.6266666666666667,0.6206293788243135,0.6325441267970003,0.6266666666666666,0.43999999999999995
AF4,sub-007,"{""C"": 3.79269019073225, ""gamma"": ""auto""}",0.4708508284756007,0.64,0.6396512628039721,0.6395754563320409,0.64,0.45999999999999996
AF7,sub-007,"{""C"": 1.8329807108324356, ""gamma"": ""scale""}",0.5102571686515054,0.6666666666666666,0.6668258296380315,0.6684065934065934,0.6666666666666666,0.5
AF8,sub-007,"{""C"": 11.288378916846883, ""gamma"": ""scale""}",0.483233960250767,0.7,0.6948158114115716,0.6991058171930001,0.7000000000000001,0.55
Fz,sub-007,"{""C"": 0.8858667904100825, ""gamma"": ""scale""}",0.5166464329072342,0.6733333333333333,0.6719034101357835,0.6731481481481482,0.6733333333333333,0.51
F1,sub-007,"{""C"": 33.59818286283781, ""gamma"": ""auto""}",0.5014695797813423,0.68,0.6753008615848146,0.6871603246229899,0.68,0.52
F2,sub-007,"{""C"": 0.8858667904100825, ""gamma"": ""scale""}",0.49956340258280263,0.67,0.665691073584285,0.6703896748572847,0.6699999999999999,0.5049999999999999
F3,sub-007,"{""C"": 1.8329807108324356, ""gamma"": ""scale""}",0.5232678050790877,0.6966666666666667,0.6901727703605779,0.7033330929765564,0.6966666666666667,0.5449999999999999
F4,sub-007,"{""C"": 1.2742749857031335, ""gamma"": ""scale""}",0.49668467846311226,0.6833333333333333,0.6775540703610878,0.6834050405989666,0.6833333333333332,0.525
F5,sub-007,"{""C"": 69.51927961775606, ""gamma"": ""auto""}",0.5349853748627381,0.6433333333333333,0.6363477621542137,0.6464870415365035,0.6433333333333333,0.46499999999999997
F6,sub-007,"{""C"": 3.79269019073225, ""gamma"": ""auto""}",0.5176977264820873,0.7166666666666667,0.7050527963235068,0.7325634556846582,0.7166666666666667,0.575
F7,sub-007,"{""C"": 7.847599703514611, ""gamma"": ""auto""}",0.5284521330615658,0.6533333333333333,0.65161104438695,0.6618023553507424,0.6533333333333333,0.48
F8,sub-007,"{""C"": 1.8329807108324356, ""gamma"": ""scale""}",0.5163803598450192,0.73,0.7227895087018945,0.7403780946458185,0.73,0.595
FCz,sub-007,"{""C"": 2.636650898730358, ""gamma"": ""auto""}",0.5312776464154161,0.7166666666666667,0.7147742759257153,0.7233033786137234,0.7166666666666667,0.575
FC1,sub-007,"{""C"": 69.51927961775606, ""gamma"": ""auto""}",0.5469974374450483,0.6966666666666667,0.6906826051122853,0.7111831780862513,0.6966666666666667,0.5449999999999999
FC2,sub-007,"{""C"": 1.8329807108324356, ""gamma"": ""auto""}",0.5247302824571021,0.7133333333333334,0.708245483671542,0.7095758862446924,0.7133333333333333,0.57
FC3,sub-007,"{""C"": 48.32930238571752, ""gamma"": ""auto""}",0.5304716952217489,0.7166666666666667,0.7163989805486763,0.7179479947728851,0.7166666666666667,0.575
FC4,sub-007,"{""C"": 2.636650898730358, ""gamma"": ""auto""}",0.5179284827476,0.7133333333333334,0.7116985807614328,0.7112253374870198,0.7133333333333334,0.5700000000000001
FC5,sub-007,"{""C"": 5.455594781168517, ""gamma"": ""scale""}",0.5353532866864196,0.6633333333333333,0.666076549808494,0.6711304265894048,0.6633333333333332,0.495
FC6,sub-007,"{""C"": 1.2742749857031335, ""gamma"": ""scale""}",0.5416948880401483,0.7366666666666667,0.7324626386245553,0.7318200531963878,0.7366666666666667,0.605
FT7,sub-007,"{""C"": 3.79269019073225, ""gamma"": ""scale""}",0.5569711235810844,0.64,0.6447045326198517,0.6642609949789388,0.64,0.45999999999999996
FT8,sub-007,"{""C"": 0.6158482110660264, ""gamma"": ""scale""}",0.549976612094888,0.7366666666666667,0.7342633048729974,0.7338416848220769,0.7366666666666667,0.605
Cz,sub-007,"{""C"": 1.8329807108324356, ""gamma"": ""auto""}",0.535966321990799,0.75,0.7485162597724814,0.7567219911830455,0.75,0.625
C1,sub-007,"{""C"": 0.8858667904100825, ""gamma"": ""scale""}",0.535898975744837,0.7033333333333334,0.6990790202256293,0.7097623696874633,0.7033333333333333,0.5549999999999999
C2,sub-007,"{""C"": 0.6158482110660264, ""gamma"": ""scale""}",0.5037138384964471,0.6833333333333333,0.6743434343434344,0.6903589743589743,0.6833333333333332,0.525
C3,sub-007,"{""C"": 100.0, ""gamma"": ""auto""}",0.5127747514728743,0.6366666666666667,0.6316540692970899,0.6306475232351937,0.6366666666666666,0.45499999999999996
C4,sub-007,"{""C"": 0.42813323987193935, ""gamma"": ""scale""}",0.48077987868882555,0.6933333333333334,0.6897296834718611,0.6886385219718553,0.6933333333333334,0.5399999999999999
C5,sub-007,"{""C"": 7.847599703514611, ""gamma"": ""scale""}",0.5399626138756574,0.6133333333333333,0.6164310721524652,0.6219534312981859,0.6133333333333334,0.42000000000000004
C6,sub-007,"{""C"": 0.42813323987193935, ""gamma"": ""auto""}",0.49101834793074334,0.6766666666666666,0.6637853909946495,0.6708916614267907,0.6766666666666667,0.515
T7,sub-007,"{""C"": 1.2742749857031335, ""gamma"": ""scale""}",0.5348456163159178,0.6633333333333333,0.6670446534160007,0.6759594684675824,0.6633333333333332,0.495
T8,sub-007,"{""C"": 3.79269019073225, ""gamma"": ""scale""}",0.5097622691948557,0.69,0.684424219814975,0.6835918375139958,0.6900000000000001,0.5349999999999999
CP1,sub-007,"{""C"": 33.59818286283781, ""gamma"": ""auto""}",0.4633398533691789,0.49,0.4926077009410343,0.5041394994510542,0.49,0.235
CP2,sub-007,"{""C"": 23.357214690901213, ""gamma"": ""auto""}",0.44673127552116915,0.29,0.29167888624410365,0.2953023300008823,0.29000000000000004,-0.06499999999999995
CP3,sub-007,"{""C"": 7.847599703514611, ""gamma"": ""auto""}",0.4672956466897922,0.55,0.5476111150773818,0.5737557898581339,0.5499999999999999,0.32499999999999996
CP4,sub-007,"{""C"": 23.357214690901213, ""gamma"": ""auto""}",0.49573934156124055,0.52,0.5118410139547618,0.5341987447250606,0.52,0.28
CP5,sub-007,"{""C"": 33.59818286283781, ""gamma"": ""auto""}",0.5108666416508013,0.5633333333333334,0.5640136927685067,0.5986222095383055,0.5633333333333334,0.345
CP6,sub-007,"{""C"": 7.847599703514611, ""gamma"": ""auto""}",0.525427759058576,0.3,0.2975986023660782,0.32169624318118817,0.3,-0.04999999999999982
TP7,sub-007,"{""C"": 11.288378916846883, ""gamma"": ""scale""}",0.5190866350188138,0.6066666666666667,0.6093687935785779,0.6269541846231719,0.6066666666666666,0.41000000000000003
TP8,sub-007,"{""C"": 23.357214690901213, ""gamma"": ""auto""}",0.5252950062248349,0.36333333333333334,0.3646921801178171,0.3878197353171074,0.36333333333333334,0.04500000000000004
Pz,sub-007,"{""C"": 7.847599703514611, ""gamma"": ""auto""}",0.5222814446885514,0.3333333333333333,0.16666666666666666,0.1111111111111111,0.3333333333333333,0.0
P3,sub-007,"{""C"": 2.636650898730358, ""gamma"": ""scale""}",0.5432606662124971,0.5,0.47978124424822705,0.6185154348661458,0.5,0.25
P4,sub-007,"{""C"": 7.847599703514611, ""gamma"": ""auto""}",0.5964691132922625,0.4033333333333333,0.33528250327337283,0.44937148020848455,0.4033333333333333,0.10499999999999998
P5,sub-007,"{""C"": 16.23776739188721, ""gamma"": ""scale""}",0.5480260318969996,0.32,0.23688100517368813,0.21807065217391305,0.32,-0.020000000000000018
P6,sub-007,"{""C"": 1.8329807108324356, ""gamma"": ""scale""}",0.5893127248750348,0.43,0.3928062401503903,0.4440979613754483,0.43,0.1449999999999999
P7,sub-007,"{""C"": 11.288378916846883, ""gamma"": ""auto""}",0.5350883192386876,0.44333333333333336,0.40551928757450223,0.5561768123715026,0.44333333333333336,0.16500000000000004
P8,sub-007,"{""C"": 2.636650898730358, ""gamma"": ""scale""}",0.5752473761969065,0.4666666666666667,0.457829526795044,0.4671736030959332,0.4666666666666666,0.19999999999999996
POz,sub-007,"{""C"": 11.288378916846883, ""gamma"": ""scale""}",0.5594901989130612,0.3433333333333333,0.1940083725798011,0.44634703196347036,0.3433333333333333,0.015000000000000013
PO3,sub-007,"{""C"": 33.59818286283781, ""gamma"": ""scale""}",0.5552037790843761,0.5066666666666667,0.47932330827067665,0.6366211308071773,0.5066666666666667,0.26
PO4,sub-007,"{""C"": 16.23776739188721, ""gamma"": ""auto""}",0.5617847729623328,0.38666666666666666,0.31858327998292785,0.40783298826777087,0.3866666666666667,0.08000000000000018
PO5,sub-007,"{""C"": 48.32930238571752, ""gamma"": ""auto""}",0.5581084721010491,0.47,0.4449370552818828,0.5811584840654608,0.47000000000000003,0.20499999999999996
PO6,sub-007,"{""C"": 16.23776739188721, ""gamma"": ""scale""}",0.5710962532736018,0.39666666666666667,0.37868641774891776,0.38966288269693844,0.39666666666666667,0.09499999999999997
PO7,sub-007,"{""C"": 33.59818286283781, ""gamma"": ""auto""}",0.5483740499373101,0.47333333333333333,0.4527951976867081,0.5570307180904321,0.47333333333333333,0.20999999999999996
PO8,sub-007,"{""C"": 7.847599703514611, ""gamma"": ""scale""}",0.5708997638676486,0.4,0.3782030060970423,0.39855072463768115,0.4000000000000001,0.09999999999999998
Oz,sub-007,"{""C"": 1.8329807108324356, ""gamma"": ""auto""}",0.5052412874561593,0.3333333333333333,0.16666666666666666,0.1111111111111111,0.3333333333333333,0.0
O1,sub-007,"{""C"": 2.636650898730358, ""gamma"": ""auto""}",0.5333301558711869,0.4766666666666667,0.4382455776506842,0.5730986399567929,0.47666666666666674,0.21499999999999997
O2,sub-007,"{""C"": 5.455594781168517, ""gamma"": ""scale""}",0.566188421110701,0.39666666666666667,0.38935579848226526,0.3979719118768789,0.39666666666666667,0.09499999999999997
Fpz,sub-008,"{""C"": 11.288378916846883, ""gamma"": ""scale""}",0.4831493137679241,0.43,0.4243472880635774,0.4338155073381551,0.43,0.14500000000000002
Fp1,sub-008,"{""C"": 1.2742749857031335, ""gamma"": ""scale""}",0.5251233178089499,0.37333333333333335,0.3589267285861713,0.3701884073987663,0.3733333333333333,0.06000000000000005
Fp2,sub-008,"{""C"": 16.23776739188721, ""gamma"": ""scale""}",0.4713559108242275,0.38,0.3788807189542484,0.37834448160535117,0.38000000000000006,0.06999999999999995
AF3,sub-008,"{""C"": 2.636650898730358, ""gamma"": ""auto""}",0.5328227505547042,0.41333333333333333,0.38804767693624614,0.3955862066588603,0.4133333333333333,0.12
AF4,sub-008,"{""C"": 5.455594781168517, ""gamma"": ""auto""}",0.4952787596892246,0.47,0.4700700630567511,0.47068245684464066,0.47,0.20499999999999996
AF7,sub-008,"{""C"": 3.79269019073225, ""gamma"": ""scale""}",0.557561534515183,0.43,0.4174218792176303,0.4287881536203684,0.43,0.14500000000000002
AF8,sub-008,"{""C"": 48.32930238571752, ""gamma"": ""auto""}",0.5246909770642697,0.43666666666666665,0.43692265846488615,0.43957115009746595,0.4366666666666667,0.15500000000000003
Fz,sub-008,"{""C"": 1.2742749857031335, ""gamma"": ""scale""}",0.5146444030408087,0.48333333333333334,0.4799383761173844,0.4787393734022947,0.4833333333333334,0.22499999999999998
F1,sub-008,"{""C"": 5.455594781168517, ""gamma"": ""auto""}",0.5614202274932164,0.48333333333333334,0.4679023682373131,0.4725248264386593,0.48333333333333334,0.22499999999999998
F2,sub-008,"{""C"": 1.8329807108324356, ""gamma"": ""scale""}",0.5236652236652236,0.5,0.4991698820591532,0.49935897435897436,0.5,0.25
F3,sub-008,"{""C"": 0.42813323987193935, ""gamma"": ""scale""}",0.5539571760907753,0.47333333333333333,0.44935103386251424,0.47088278998640276,0.47333333333333333,0.20999999999999996
F4,sub-008,"{""C"": 1.8329807108324356, ""gamma"": ""scale""}",0.5067368965179185,0.47333333333333333,0.4731282291622854,0.4737699576409254,0.47333333333333333,0.20999999999999996
F5,sub-008,"{""C"": 5.455594781168517, ""gamma"": ""auto""}",0.5942769281881626,0.4533333333333333,0.4367662207546637,0.4527417027417027,0.45333333333333337,0.18000000000000005
F6,sub-008,"{""C"": 1.8329807108324356, ""gamma"": ""auto""}",0.5441483899207712,0.45666666666666667,0.4535023262418117,0.45944454350170233,0.4566666666666667,0.18500000000000005
F7,sub-008,"{""C"": 1.8329807108324356, ""gamma"": ""scale""}",0.6139938040534241,0.43333333333333335,0.42189894419826074,0.442743947949729,0.43333333333333335,0.15000000000000002
F8,sub-008,"{""C"": 1.8329807108324356, ""gamma"": ""scale""}",0.5462143980783742,0.47333333333333333,0.4731981693314962,0.47388569866010394,0.47333333333333333,0.20999999999999996
FCz,sub-008,"{""C"": 23.357214690901213, ""gamma"": ""auto""}",0.534145685181626,0.5533333333333333,0.5464777351988831,0.5532687338501292,0.5533333333333333,0.32999999999999996
FC1,sub-008,"{""C"": 1.8329807108324356, ""gamma"": ""auto""}",0.5654039925897721,0.51,0.49546153760717937,0.5082528180354268,0.51,0.265
FC2,sub-008,"{""C"": 11.288378916846883, ""gamma"": ""scale""}",0.5319342492431589,0.49666666666666665,0.4951267999140339,0.4982542819499341,0.4966666666666666,0.245
FC3,sub-008,"{""C"": 3.79269019073225, ""gamma"": ""auto""}",0.5811314956612593,0.51,0.4929897407987675,0.5063489997171436,0.51,0.265
FC4,sub-008,"{""C"": 3.79269019073225, ""gamma"": ""scale""}",0.5319766199920962,0.4766666666666667,0.47428220936926807,0.4745675549322113,0.47666666666666674,0.21499999999999997
FC5,sub-008,"{""C"": 0.42813323987193935, ""gamma"": ""scale""}",0.5902429377354955,0.4633333333333333,0.4467448947930451,0.4812378167641325,0.4633333333333333,0.19499999999999995
FC6,sub-008,"{""C"": 1.8329807108324356, ""gamma"": ""auto""}",0.5458849280800501,0.4666666666666667,0.46513092040335197,0.4669939335887612,0.4666666666666666,0.19999999999999996
FT7,sub-008,"{""C"": 0.6158482110660264, ""gamma"": ""scale""}",0.6156762990096323,0.46,0.42687034558811776,0.46419378133432837,0.45999999999999996,0.18999999999999995
FT8,sub-008,"{""C"": 69.51927961775606, ""gamma"": ""auto""}",0.5862184602738759,0.5,0.4978629378895336,0.5005160298638559,0.5,0.25
Cz,sub-008,"{""C"": 69.51927961775606, ""gamma"": ""auto""}",0.5479246779645184,0.5766666666666667,0.5725098182933454,0.5730136384655684,0.5766666666666667,0.3650000000000001
C1,sub-008,"{""C"": 1.2742749857031335, ""gamma"": ""auto""}",0.5563694383000326,0.5233333333333333,0.5189202474867717,0.5255188729818253,0.5233333333333333,0.28500000000000003
C2,sub-008,"{""C"": 5.455594781168517, ""gamma"": ""auto""}",0.5068009978335238,0.5,0.5006339081906966,0.508769752626789,0.5,0.25
C3,sub-008,"{""C"": 7.847599703514611, ""gamma"": ""auto""}",0.5378338188157731,0.49333333333333335,0.48056197114395616,0.4891824578089942,0.49333333333333335,0.24
C4,sub-008,"{""C"": 0.8858667904100825, ""gamma"": ""auto""}",0.5095447469279152,0.44666666666666666,0.43892530493054266,0.4526359855236861,0.4466666666666667,0.17000000000000004
C5,sub-008,"{""C"": 7.847599703514611, ""gamma"": ""auto""}",0.5716904200800509,0.49666666666666665,0.48526144510036834,0.4933758280214973,0.49666666666666665,0.245
C6,sub-008,"{""C"": 11.288378916846883, ""gamma"": ""scale""}",0.5271711617351836,0.48,0.47992524175448253,0.48063779184671557,0.48,0.21999999999999997
T7,sub-008,"{""C"": 0.8858667904100825, ""gamma"": ""scale""}",0.5871058296887836,0.45666666666666667,0.43186204723907057,0.45363727212219346,0.4566666666666666,0.18500000000000005
T8,sub-008,"{""C"": 100.0, ""gamma"": ""auto""}",0.5656883798616082,0.4766666666666667,0.47280768741249846,0.472056465856906,0.47666666666666674,0.21499999999999997
CP1,sub-008,"{""C"": 33.59818286283781, ""gamma"": ""auto""}",0.47970776857533687,0.39666666666666667,0.3789524105397908,0.3887886447598678,0.39666666666666667,0.09500000000000008
CP2,sub-008,"{""C"": 0.42813323987193935, ""gamma"": ""scale""}",0.44782968046152627,0.46,0.4553170646931304,0.4568586443586444,0.46,0.18999999999999995
CP3,sub-008,"{""C"": 48.32930238571752, ""gamma"": ""auto""}",0.5017247514521196,0.43,0.41324730482380395,0.42345760352050527,0.43,0.14500000000000002
CP4,sub-008,"{""C"": 16.23776739188721, ""gamma"": ""auto""}",0.5071378115092077,0.5533333333333333,0.5483822529632586,0.5529929676511955,0.5533333333333333,0.32999999999999996
CP5,sub-008,"{""C"": 48.32930238571752, ""gamma"": ""auto""}",0.5421519023807153,0.49333333333333335,0.48533012358954086,0.48801760473852523,0.4933333333333334,0.24
CP6,sub-008,"{""C"": 0.8858667904100825, ""gamma"": ""scale""}",0.5434517903820751,0.49333333333333335,0.48664321366287816,0.49982100641675115,0.49333333333333335,0.24
TP7,sub-008,"{""C"": 33.59818286283781, ""gamma"": ""auto""}",0.5417966246981791,0.49666666666666665,0.48687808470795146,0.49255396493248155,0.49666666666666676,0.245
TP8,sub-008,"{""C"": 0.8858667904100825, ""gamma"": ""scale""}",0.5406357412057448,0.44666666666666666,0.4342885365583293,0.45139920169802156,0.4466666666666666,0.17000000000000004
Pz,sub-008,"{""C"": 11.288378916846883, ""gamma"": ""auto""}",0.4720525318106989,0.54,0.5375485136787667,0.5380522822811197,0.54,0.31000000000000005
P3,sub-008,"{""C"": 1.8329807108324356, ""gamma"": ""auto""}",0.5452252189263355,0.5066666666666667,0.5017663817663818,0.505280701754386,0.5066666666666667,0.26
P4,sub-008,"{""C"": 3.79269019073225, ""gamma"": ""auto""}",0.5816576599617802,0.5966666666666667,0.5921304197887794,0.5971970535924024,0.5966666666666667,0.395
P5,sub-008,"{""C"": 7.847599703514611, ""gamma"": ""auto""}",0.5396758688953653,0.5066666666666667,0.4965351340736168,0.5003961857979818,0.5066666666666667,0.26
P6,sub-008,"{""C"": 7.847599703514611, ""gamma"": ""auto""}",0.5825460533086343,0.6066666666666667,0.5986144939024519,0.609352504874893,0.6066666666666666,0.41000000000000003
P7,sub-008,"{""C"": 5.455594781168517, ""gamma"": ""scale""}",0.5453702192238232,0.4866666666666667,0.48076451433648254,0.48421144792315784,0.48666666666666675,0.22999999999999987
P8,sub-008,"{""C"": 5.455594781168517, ""gamma"": ""scale""}",0.5314985319571248,0.5766666666666667,0.5715392193469314,0.5760255669380965,0.5766666666666667,0.365
POz,sub-008,"{""C"": 48.32930238571752, ""gamma"": ""auto""}",0.5233319747445496,0.5566666666666666,0.5521764605436364,0.5540418537174593,0.5566666666666666,0.33499999999999996
PO3,sub-008,"{""C"": 3.79269019073225, ""gamma"": ""scale""}",0.5246140215337328,0.57,0.5646384287797973,0.5673725296366805,0.57,0.355
PO4,sub-008,"{""C"": 11.288378916846883, ""gamma"": ""scale""}",0.5482637294438404,0.48333333333333334,0.48058094711238725,0.48011078309036126,0.4833333333333334,0.22499999999999998
PO5,sub-008,"{""C"": 11.288378916846883, ""gamma"": ""scale""}",0.5214059556391594,0.47,0.46389179147799836,0.46834924848317705,0.47000000000000003,0.20499999999999996
PO6,sub-008,"{""C"": 5.455594781168517, ""gamma"": ""scale""}",0.5483430636206273,0.52,0.5134250871931185,0.51424294328167,0.52,0.2799999999999999
PO7,sub-008,"{""C"": 0.14384498882876628, ""gamma"": ""scale""}",0.5476948220307586,0.5266666666666666,0.5267297918699988,0.5469777136443803,0.5266666666666667,0.29000000000000004
PO8,sub-008,"{""C"": 2.636650898730358, ""gamma"": ""scale""}",0.5524454700642517,0.5566666666666666,0.5498455701195715,0.5522725823930643,0.5566666666666666,0.33499999999999996
Oz,sub-008,"{""C"": 16.23776739188721, ""gamma"": ""scale""}",0.49619952413944085,0.41333333333333333,0.408246066377965,0.41291472308823535,0.41333333333333333,0.12
O1,sub-008,"{""C"": 7.847599703514611, ""gamma"": ""auto""}",0.5247326451458978,0.55,0.5450745296040959,0.5478225478225478,0.5499999999999999,0.32499999999999996
O2,sub-008,"{""C"": 48.32930238571752, ""gamma"": ""scale""}",0.547984701364307,0.4666666666666667,0.46552736276708817,0.4648476397791755,0.4666666666666666,0.19999999999999984
Fpz,sub-009,"{""C"": 100.0, ""gamma"": ""auto""}",0.46172577947384585,0.42,0.4142162263235562,0.4145057030256271,0.42,0.13
Fp1,sub-009,"{""C"": 11.288378916846883, ""gamma"": ""scale""}",0.49014450318764613,0.44666666666666666,0.44361942306910823,0.4487773925069873,0.4466666666666667,0.17000000000000004
Fp2,sub-009,"{""C"": 1.8329807108324356, ""gamma"": ""scale""}",0.4596648783191836,0.44666666666666666,0.44655758060618184,0.4464636463646365,0.4466666666666666,0.17000000000000004
AF3,sub-009,"{""C"": 1.2742749857031335, ""gamma"": ""scale""}",0.505544540498907,0.5,0.4963248814402536,0.49931979729959525,0.5,0.25
AF4,sub-009,"{""C"": 1.8329807108324356, ""gamma"": ""scale""}",0.5022089739069239,0.4666666666666667,0.4636381111364039,0.4676288156288156,0.4666666666666666,0.19999999999999996
AF7,sub-009,"{""C"": 23.357214690901213, ""gamma"": ""auto""}",0.5132559553030834,0.48,0.4804662064989113,0.4887641389640247,0.48,0.21999999999999997
AF8,sub-009,"{""C"": 11.288378916846883, ""gamma"": ""auto""}",0.5263133948882643,0.5233333333333333,0.5197908950189908,0.5242128695127243,0.5233333333333333,0.28500000000000003
Fz,sub-009,"{""C"": 1.8329807108324356, ""gamma"": ""scale""}",0.5288396920886438,0.4533333333333333,0.44499363008515574,0.451929712799278,0.45333333333333337,0.18000000000000005
F1,sub-009,"{""C"": 100.0, ""gamma"": ""auto""}",0.5267327984800035,0.5233333333333333,0.5183005452402004,0.5301415951967542,0.5233333333333333,0.28500000000000003
F2,sub-009,"{""C"": 1.2742749857031335, ""gamma"": ""scale""}",0.5272264963798369,0.51,0.50458864935873,0.5088745778685305,0.5100000000000001,0.265
F3,sub-009,"{""C"": 100.0, ""gamma"": ""auto""}",0.5255496137849079,0.5233333333333333,0.5187566336311299,0.537096476664822,0.5233333333333333,0.28500000000000003
F4,sub-009,"{""C"": 0.8858667904100825, ""gamma"": ""scale""}",0.5045353444611923,0.5166666666666667,0.5141711391183742,0.5151515151515151,0.5166666666666666,0.275
F5,sub-009,"{""C"": 100.0, ""gamma"": ""auto""}",0.5343996106338559,0.5166666666666667,0.5180504065349785,0.5299885452462771,0.5166666666666667,0.275
F6,sub-009,"{""C"": 5.455594781168517, ""gamma"": ""auto""}",0.5276749057926796,0.5433333333333333,0.5434231356561453,0.5440144611303641,0.5433333333333333,0.31499999999999995
F7,sub-009,"{""C"": 1.8329807108324356, ""gamma"": ""auto""}",0.5308513230002087,0.5533333333333333,0.55119158807854,0.5667334230714512,0.5533333333333333,0.32999999999999996
F8,sub-009,"{""C"": 2.636650898730358, ""gamma"": ""auto""}",0.5500817736833263,0.5533333333333333,0.5544609979392588,0.5562648276231299,0.5533333333333333,0.32999999999999996
FCz,sub-009,"{""C"": 48.32930238571752, ""gamma"": ""auto""}",0.5260643457502502,0.5366666666666666,0.5259105570015689,0.5394723992284968,0.5366666666666666,0.30500000000000005
FC1,sub-009,"{""C"": 100.0, ""gamma"": ""auto""}",0.5574400667083594,0.5333333333333333,0.528243686138423,0.5511271266779928,0.5333333333333333,0.30000000000000004
FC2,sub-009,"{""C"": 23.357214690901213, ""gamma"": ""scale""}",0.5380965335774598,0.45666666666666667,0.4541794800111825,0.45608076563958916,0.4566666666666667,0.18500000000000005
FC3,sub-009,"{""C"": 48.32930238571752, ""gamma"": ""auto""}",0.5424108054613165,0.5333333333333333,0.5319966583124477,0.5410117434507679,0.5333333333333333,0.30000000000000004
FC4,sub-009,"{""C"": 3.79269019073225, ""gamma"": ""scale""}",0.5138523919906561,0.4766666666666667,0.4740974135479783,0.47466018855919945,0.47666666666666674,0.21499999999999997
FC5,sub-009,"{""C"": 1.8329807108324356, ""gamma"": ""auto""}",0.5469653017681165,0.5166666666666667,0.5111230665954835,0.5262573249324284,0.5166666666666666,0.275
FC6,sub-009,"{""C"": 1.2742749857031335, ""gamma"": ""auto""}",0.5630083807776098,0.5133333333333333,0.511090036850686,0.5112284546164694,0.5133333333333333,0.27
FT7,sub-009,"{""C"": 2.636650898730358, ""gamma"": ""scale""}",0.564032385742912,0.5233333333333333,0.528375515087326,0.5505877290774316,0.5233333333333333,0.28500000000000003
FT8,sub-009,"{""C"": 0.20691380811147897, ""gamma"": ""scale""}",0.5612826516799639,0.54,0.5391112646751745,0.539297642040882,0.5399999999999999,0.31000000000000005
Cz,sub-009,"{""C"": 3.79269019073225, ""gamma"": ""auto""}",0.5413718385190522,0.51,0.507817610732467,0.5086367880485527,0.51,0.265
C1,sub-009,"{""C"": 33.59818286283781, ""gamma"": ""auto""}",0.5286136215960777,0.53,0.5287183556613608,0.533776091081594,0.53,0.29499999999999993
C2,sub-009,"{""C"": 2.636650898730358, ""gamma"": ""scale""}",0.5082246528789097,0.41333333333333333,0.4120607758537358,0.41544770145875604,0.41333333333333333,0.12
C3,sub-009,"{""C"": 100.0, ""gamma"": ""auto""}",0.5055728173935136,0.48333333333333334,0.48256879303219563,0.48560915451349396,0.48333333333333334,0.22499999999999998
C4,sub-009,"{""C"": 33.59818286283781, ""gamma"": ""auto""}",0.5363905991039605,0.44333333333333336,0.4431845735242479,0.443979327749249,0.4433333333333333,0.16500000000000004
C5,sub-009,"{""C"": 11.288378916846883, ""gamma"": ""scale""}",0.5574538474563283,0.4766666666666667,0.4796064382467348,0.4848951111327349,0.4766666666666666,0.21499999999999997
C6,sub-009,"{""C"": 1.2742749857031335, ""gamma"": ""auto""}",0.5597388734425383,0.43333333333333335,0.43221981296693945,0.4325058213371366,0.4333333333333333,0.15000000000000002
T7,sub-009,"{""C"": 7.847599703514611, ""gamma"": ""scale""}",0.5416295884083547,0.51,0.512090075026366,0.5151396677990178,0.51,0.265
T8,sub-009,"{""C"": 0.8858667904100825, ""gamma"": ""auto""}",0.5634192407975561,0.5066666666666667,0.502531714565916,0.5058198036496152,0.5066666666666667,0.26
CP1,sub-009,"{""C"": 69.51927961775606, ""gamma"": ""scale""}",0.4498136574719767,0.3333333333333333,0.3318258256853312,0.3331840868402844,0.3333333333333333,1.1102230246251565e-16
CP2,sub-009,"{""C"": 5.455594781168517, ""gamma"": ""scale""}",0.4318382194481873,0.41,0.4096614238203596,0.40944550095085575,0.41,0.11499999999999999
CP3,sub-009,"{""C"": 11.288378916846883, ""gamma"": ""auto""}",0.5258401087296276,0.44,0.43013658926135595,0.42697820000451586,0.43999999999999995,0.16000000000000003
CP4,sub-009,"{""C"": 7.847599703514611, ""gamma"": ""scale""}",0.5179889494193114,0.5,0.499874683895755,0.5001042209484107,0.5,0.25
CP5,sub-009,"{""C"": 11.288378916846883, ""gamma"": ""auto""}",0.5291644796062775,0.45,0.4474638927942897,0.4494939161787692,0.45,0.17500000000000004
CP6,sub-009,"{""C"": 3.79269019073225, ""gamma"": ""scale""}",0.5340353907340906,0.5266666666666666,0.5243787379042005,0.5261707311575449,0.5266666666666667,0.29000000000000015
TP7,sub-009,"{""C"": 7.847599703514611, ""gamma"": ""auto""}",0.5383951065849776,0.43333333333333335,0.4320090527257381,0.4355177457636474,0.43333333333333335,0.15000000000000002
TP8,sub-009,"{""C"": 1.8329807108324356, ""gamma"": ""scale""}",0.5394062547936952,0.4866666666666667,0.48306117340116267,0.4835064477871085,0.48666666666666664,0.22999999999999998
Pz,sub-009,"{""C"": 5.455594781168517, ""gamma"": ""scale""}",0.4974920827565783,0.5166666666666667,0.5129124107384977,0.5119479567527946,0.5166666666666666,0.2749999999999999
P3,sub-009,"{""C"": 0.29763514416313175, ""gamma"": ""scale""}",0.5448138865682725,0.44333333333333336,0.4425897170462388,0.44790066564260106,0.44333333333333336,0.16500000000000004
P4,sub-009,"{""C"": 69.51927961775606, ""gamma"": ""scale""}",0.5672357723577236,0.5866666666666667,0.5818991444334423,0.583145990026724,0.5866666666666666,0.38
P5,sub-009,"{""C"": 7.847599703514611, ""gamma"": ""auto""}",0.5393137610857969,0.44,0.43057026514439173,0.4409564454340574,0.43999999999999995,0.16000000000000003
P6,sub-009,"{""C"": 11.288378916846883, ""gamma"": ""auto""}",0.5594119161453142,0.7133333333333334,0.7120319941063488,0.7129541577071787,0.7133333333333334,0.5700000000000001
P7,sub-009,"{""C"": 11.288378916846883, ""gamma"": ""scale""}",0.5314498284860164,0.43333333333333335,0.4272179155900086,0.4299283889801131,0.43333333333333335,0.15000000000000002
P8,sub-009,"{""C"": 100.0, ""gamma"": ""auto""}",0.546326169285691,0.6466666666666666,0.645082241017624,0.6453159041394335,0.6466666666666666,0.47
POz,sub-009,"{""C"": 2.636650898730358, ""gamma"": ""scale""}",0.5130398889264137,0.6233333333333333,0.622785121151709,0.6223753970303034,0.6233333333333334,0.43500000000000005
PO3,sub-009,"{""C"": 100.0, ""gamma"": ""auto""}",0.5315017248811436,0.5133333333333333,0.5101609052554477,0.5086125319048052,0.5133333333333333,0.27
PO4,sub-009,"{""C"": 0.8858667904100825, ""gamma"": ""scale""}",0.5266150450753749,0.6366666666666667,0.632954936360509,0.631987875739853,0.6366666666666666,0.45499999999999996
PO5,sub-009,"{""C"": 69.51927961775606, ""gamma"": ""auto""}",0.5314753255688203,0.45,0.44427796217269905,0.4456732026143791,0.45,0.17500000000000004
PO6,sub-009,"{""C"": 48.32930238571752, ""gamma"": ""auto""}",0.54121060916116,0.6533333333333333,0.6496262179537504,0.6515775316108957,0.6533333333333333,0.48
PO7,sub-009,"{""C"": 0.29763514416313175, ""gamma"": ""scale""}",0.5415148751269069,0.44,0.42961760461760456,0.4447260624679979,0.44,0.16000000000000003
PO8,sub-009,"{""C"": 69.51927961775606, ""gamma"": ""auto""}",0.5487651825715499,0.5533333333333333,0.5516071952835503,0.5515531063809744,0.5533333333333333,0.32999999999999996
Oz,sub-009,"{""C"": 11.288378916846883, ""gamma"": ""auto""}",0.4874681056752088,0.48333333333333334,0.48240982566709484,0.48365414953135905,0.4833333333333334,0.22499999999999998
O1,sub-009,"{""C"": 48.32930238571752, ""gamma"": ""auto""}",0.5107389073023972,0.4866666666666667,0.48046513018264436,0.4884097678831873,0.48666666666666664,0.22999999999999998
O2,sub-009,"{""C"": 100.0, ""gamma"": ""auto""}",0.5337361446494867,0.5766666666666667,0.5747075011452513,0.5751039809863339,0.5766666666666667,0.3649999999999999
Fpz,sub-010,"{""C"": 11.288378916846883, ""gamma"": ""scale""}",0.45671628350148546,0.46153846153846156,0.4593968387974298,0.4597397837639729,0.4616835016835017,0.19240705945510672
Fp1,sub-010,"{""C"": 11.288378916846883, ""gamma"": ""auto""}",0.5006345960684148,0.47491638795986624,0.4728725909801663,0.47394938348598004,0.4751515151515151,0.21255074311403366
Fp2,sub-010,"{""C"": 7.847599703514611, ""gamma"": ""scale""}",0.46014367571559084,0.4214046822742475,0.4197812342627915,0.4205354253040088,0.42164983164983166,0.13233024691358009
AF3,sub-010,"{""C"": 0.6158482110660264, ""gamma"": ""scale""}",0.5190942887593254,0.3979933110367893,0.39215117492841434,0.41060036454773297,0.39750841750841753,0.09632788756989097
AF4,sub-010,"{""C"": 5.455594781168517, ""gamma"": ""auto""}",0.48430156115243217,0.4782608695652174,0.477206241508301,0.4801223241590214,0.47848484848484846,0.21750071297958362
AF7,sub-010,"{""C"": 33.59818286283781, ""gamma"": ""auto""}",0.5289495016840646,0.43812709030100333,0.43665941754397525,0.44661450373902234,0.4384511784511785,0.1576617365932187
AF8,sub-010,"{""C"": 2.636650898730358, ""gamma"": ""scale""}",0.5097029011247557,0.44481605351170567,0.44312100390531767,0.44494185655710156,0.445084175084175,0.16746620148277358
Fz,sub-010,"{""C"": 69.51927961775606, ""gamma"": ""auto""}",0.47775940720786925,0.5150501672240803,0.5146563675975441,0.514538725878932,0.514983164983165,0.27254270277526094
F1,sub-010,"{""C"": 23.357214690901213, ""gamma"": ""scale""}",0.5289217776073669,0.3745819397993311,0.37606612526353445,0.3794845016063068,0.37447811447811447,0.06165774413882219
F2,sub-010,"{""C"": 0.8858667904100825, ""gamma"": ""scale""}",0.49086209711609946,0.4414715719063545,0.43475499534610856,0.4489873362824182,0.4415488215488215,0.16238068877593814
F3,sub-010,"{""C"": 11.288378916846883, ""gamma"": ""scale""}",0.5343639667169079,0.41471571906354515,0.4173063069776685,0.4215318747951491,0.4146801346801346,0.1219311641019617
F4,sub-010,"{""C"": 2.636650898730358, ""gamma"": ""scale""}",0.4951298905262223,0.45484949832775917,0.4535909461111398,0.4602307147957294,0.4547138047138047,0.18223765898184507
F5,sub-010,"{""C"": 5.455594781168517, ""gamma"": ""auto""}",0.5741594959713163,0.44816053511705684,0.4524350195399401,0.47190793712721746,0.448047138047138,0.17180076885628437
F6,sub-010,"{""C"": 1.2742749857031335, ""gamma"": ""auto""}",0.5198834717581264,0.44816053511705684,0.44919191367465344,0.4513614404918753,0.44818181818181824,0.17235652334379048
F7,sub-010,"{""C"": 2.636650898730358, ""gamma"": ""auto""}",0.583959449250896,0.44481605351170567,0.43795902800479464,0.43783821772436576,0.44491582491582493,0.16701909844594365
F8,sub-010,"{""C"": 0.8858667904100825, ""gamma"": ""scale""}",0.5476881633454331,0.4682274247491639,0.46782565892513545,0.4696253909109056,0.4684511784511785,0.20251954238937153
FCz,sub-010,"{""C"": 33.59818286283781, ""gamma"": ""auto""}",0.5234942041277919,0.5250836120401338,0.5221057792486364,0.5454769879082347,0.5250505050505051,0.2874620303086244
FC1,sub-010,"{""C"": 23.357214690901213, ""gamma"": ""auto""}",0.5764471682118166,0.5250836120401338,0.5282532342416736,0.5607207207207207,0.524983164983165,0.28731850608476717
FC2,sub-010,"{""C"": 5.455594781168517, ""gamma"": ""auto""}",0.5137125291908956,0.4816053511705686,0.47661169415292354,0.48968253968253966,0.4811784511784512,0.22208607492950172
FC3,sub-010,"{""C"": 0.42813323987193935, ""gamma"": ""scale""}",0.5844900022319376,0.42474916387959866,0.41854664818077514,0.4289772727272727,0.4253535353535353,0.13753375035637028
FC4,sub-010,"{""C"": 69.51927961775606, ""gamma"": ""auto""}",0.5211653346631749,0.44816053511705684,0.44913853391824016,0.45291424828863786,0.448013468013468,0.17220376522702097
FC5,sub-010,"{""C"": 0.42813323987193935, ""gamma"": ""auto""}",0.6017011550826039,0.46488294314381273,0.46750283446712015,0.4710083805332573,0.46515151515151515,0.19728849961408113
FC6,sub-010,"{""C"": 5.455594781168517, ""gamma"": ""auto""}",0.5641266621916058,0.47491638795986624,0.47209238432019,0.47100102145045963,0.4749158249158249,0.21237898692974955
FT7,sub-010,"{""C"": 11.288378916846883, ""gamma"": ""auto""}",0.6227766566058852,0.4916387959866221,0.49532980555352907,0.5023813372794309,0.4919528619528619,0.23738568671868454
FT8,sub-010,"{""C"": 7.847599703514611, ""gamma"": ""auto""}",0.5956823876593896,0.4682274247491639,0.4686468646864686,0.46917554900748176,0.4681818181818182,0.20233221476510066
Cz,sub-010,"{""C"": 0.8858667904100825, ""gamma"": ""scale""}",0.557394982619257,0.4983277591973244,0.4995422281768384,0.5115751532418199,0.4981818181818182,0.24734430851331624
C1,sub-010,"{""C"": 48.32930238571752, ""gamma"": ""auto""}",0.5721154990836732,0.45819397993311034,0.4577734542092699,0.47224000569070995,0.457979797979798,0.1868998858524139
C2,sub-010,"{""C"": 33.59818286283781, ""gamma"": ""scale""}",0.4765888975084302,0.4180602006688963,0.41626352722139864,0.4154649765082617,0.41774410774410775,0.12696335078534027
C3,sub-010,"{""C"": 5.455594781168517, ""gamma"": ""auto""}",0.5415302373875719,0.4983277591973244,0.5000243985751233,0.5055480917549883,0.49858585858585863,0.24748322147651003
C4,sub-010,"{""C"": 100.0, ""gamma"": ""auto""}",0.530654851075325,0.391304347826087,0.38440201847775635,0.38593907449034953,0.390942760942761,0.08659381976266001
C5,sub-010,"{""C"": 0.42813323987193935, ""gamma"": ""scale""}",0.5754346246096009,0.5117056856187291,0.49781362007168456,0.5355480984340045,0.5124915824915824,0.2681642917015927
C6,sub-010,"{""C"": 1.8329807108324356, ""gamma"": ""auto""}",0.5449408104671963,0.46153846153846156,0.4553804109054491,0.45667617858629095,0.46154882154882154,0.19216311461654645
T7,sub-010,"{""C"": 16.23776739188721, ""gamma"": ""auto""}",0.5554612452461914,0.41471571906354515,0.41363934187536405,0.41299273332521413,0.415016835016835,0.1221521323356709
T8,sub-010,"{""C"": 1.2742749857031335, ""gamma"": ""scale""}",0.5746839509722421,0.4013377926421405,0.40119474592852233,0.4052594260927595,0.40117845117845113,0.10171027676608313
CP1,sub-010,"{""C"": 1.2742749857031335, ""gamma"": ""scale""}",0.47987375581153086,0.36789297658862874,0.36509229050649344,0.3638309453863113,0.36808080808080806,0.051908396946564794
CP2,sub-010,"{""C"": 23.357214690901213, ""gamma"": ""scale""}",0.4380740631890248,0.3779264214046823,0.36653515159539257,0.37787991365765555,0.37851851851851853,0.06769261717964192
CP3,sub-010,"{""C"": 0.42813323987193935, ""gamma"": ""scale""}",0.4900046317275373,0.4214046822742475,0.41365660421003936,0.44420743723303396,0.420976430976431,0.1315436016251974
CP4,sub-010,"{""C"": 3.79269019073225, ""gamma"": ""auto""}",0.5232057416267942,0.44816053511705684,0.44540157607504244,0.45212604159972575,0.44811447811447813,0.1719397774383591
CP5,sub-010,"{""C"": 1.2742749857031335, ""gamma"": ""scale""}",0.534629211580789,0.451505016722408,0.4535974669385965,0.4618141714915908,0.4514478114478115,0.17704120164470927
CP6,sub-010,"{""C"": 2.636650898730358, ""gamma"": ""auto""}",0.548639114923638,0.48494983277591974,0.4730005103481507,0.4753623188405797,0.4851178451178451,0.22732535700501744
TP7,sub-010,"{""C"": 0.6158482110660264, ""gamma"": ""scale""}",0.5487118410330346,0.44816053511705684,0.4492212108761839,0.4791686844229217,0.4482828282828282,0.1722454321236221
TP8,sub-010,"{""C"": 0.8858667904100825, ""gamma"": ""auto""}",0.5418723669896923,0.4682274247491639,0.4526578034506783,0.46046019124371323,0.4681818181818182,0.20206445115810667
Pz,sub-010,"{""C"": 23.357214690901213, ""gamma"": ""scale""}",0.4786354172854917,0.4414715719063545,0.4387873229864779,0.4509817258675706,0.4412794612794613,0.16183234296840898
P3,sub-010,"{""C"": 0.42813323987193935, ""gamma"": ""scale""}",0.5740097933805027,0.4882943143812709,0.48147204185293324,0.5111263697470987,0.4879461279461279,0.23209789505488976
P4,sub-010,"{""C"": 69.51927961775606, ""gamma"": ""auto""}",0.6017650108279463,0.4782608695652174,0.4782095367201751,0.49205333474555085,0.4781818181818182,0.21725121664708835
P5,sub-010,"{""C"": 1.8329807108324356, ""gamma"": ""scale""}",0.522454745906496,0.5317725752508361,0.5315128964611229,0.5380558260305096,0.5315824915824916,0.29741524001342723
P6,sub-010,"{""C"": 11.288378916846883, ""gamma"": ""auto""}",0.5997697669642738,0.5050167224080268,0.5054293531357751,0.5099645507920683,0.5052188552188552,0.2574794033256709
P7,sub-010,"{""C"": 23.357214690901213, ""gamma"": ""scale""}",0.5401362437404718,0.5083612040133779,0.5006800604119688,0.5079676731617829,0.508989898989899,0.2629787376752297
P8,sub-010,"{""C"": 0.6158482110660264, ""gamma"": ""scale""}",0.5596657702415447,0.45484949832775917,0.4540953178246252,0.4829478800067035,0.4545791245791246,0.18183954741560215
POz,sub-010,"{""C"": 1.8329807108324356, ""gamma"": ""auto""}",0.5338246571511257,0.5183946488294314,0.5133366363886595,0.5375558759913482,0.5182491582491583,0.27730500025177507
PO3,sub-010,"{""C"": 0.14384498882876628, ""gamma"": ""scale""}",0.5413909332801999,0.5284280936454849,0.5107906597547014,0.5757995276584135,0.5279124579124579,0.29221858473936047
PO4,sub-010,"{""C"": 33.59818286283781, ""gamma"": ""auto""}",0.5721481481481482,0.4280936454849498,0.43104684788895314,0.44429824561403514,0.42814814814814817,0.14179968779898278
PO5,sub-010,"{""C"": 0.8858667904100825, ""gamma"": ""auto""}",0.5397691625262241,0.5585284280936454,0.5576496108323058,0.5584748584748584,0.5587205387205387,0.33790743319186056
PO6,sub-010,"{""C"": 2.636650898730358, ""gamma"": ""scale""}",0.5673860513207529,0.47157190635451507,0.47047922349615895,0.4783752433230446,0.47131313131313135,0.20701636592530426
PO7,sub-010,"{""C"": 0.14384498882876628, ""gamma"": ""scale""}",0.55532024956073,0.5719063545150501,0.5648621852288186,0.6163160969909436,0.5717508417508418,0.3576475722126181
PO8,sub-010,"{""C"": 11.288378916846883, ""gamma"": ""auto""}",0.5583435750073681,0.4916387959866221,0.4927729423142267,0.49898938542131166,0.49164983164983167,0.23724489795918358
Oz,sub-010,"{""C"": 5.455594781168517, ""gamma"": ""scale""}",0.47320836205077593,0.4782608695652174,0.47809701161656465,0.48897485255229195,0.4782491582491582,0.21725121664708846
O1,sub-010,"{""C"": 0.8858667904100825, ""gamma"": ""auto""}",0.5209182272502608,0.5384615384615384,0.5387690567047589,0.5430352433469192,0.5383838383838384,0.3075335224126068
O2,sub-010,"{""C"": 33.59818286283781, ""gamma"": ""auto""}",0.5578587106406437,0.4782608695652174,0.4777771377146931,0.4862371615312791,0.47804713804713805,0.21706727541291804
Fpz,sub-011,"{""C"": 16.23776739188721, ""gamma"": ""auto""}",0.47704548597596647,0.33666666666666667,0.33363296897369216,0.33676674795095846,0.33666666666666667,0.0050000000000000044
Fp1,sub-011,"{""C"": 23.357214690901213, ""gamma"": ""auto""}",0.5168327646588516,0.3466666666666667,0.3437524481002742,0.3481146304675716,0.3466666666666667,0.020000000000000018
Fp2,sub-011,"{""C"": 5.455594781168517, ""gamma"": ""auto""}",0.4913013416015895,0.3433333333333333,0.3433264988224351,0.3442831362348648,0.3433333333333333,0.015000000000000013
AF3,sub-011,"{""C"": 5.455594781168517, ""gamma"": ""auto""}",0.5046976584689702,0.34,0.33559645819325334,0.3456563680334774,0.34,0.010000000000000009
AF4,sub-011,"{""C"": 16.23776739188721, ""gamma"": ""scale""}",0.5130178195448183,0.35333333333333333,0.35095288416789433,0.355201220173116,0.35333333333333333,0.030000000000000027
AF7,sub-011,"{""C"": 1.8329807108324356, ""gamma"": ""auto""}",0.5307001039600487,0.3433333333333333,0.332980467339057,0.3411911911911912,0.3433333333333333,0.015000000000000124
AF8,sub-011,"{""C"": 5.455594781168517, ""gamma"": ""scale""}",0.5301063091202242,0.31666666666666665,0.3162766496327839,0.31682589644515735,0.31666666666666665,-0.02499999999999991
Fz,sub-011,"{""C"": 1.8329807108324356, ""gamma"": ""scale""}",0.5403020525265828,0.37333333333333335,0.37080431667888775,0.3747325158315548,0.3733333333333333,0.06000000000000005
F1,sub-011,"{""C"": 48.32930238571752, ""gamma"": ""auto""}",0.5503332975616095,0.31333333333333335,0.3048226339102726,0.3106824688071048,0.3133333333333333,-0.030000000000000027
F2,sub-011,"{""C"": 48.32930238571752, ""gamma"": ""auto""}",0.5362627850459337,0.35333333333333333,0.35030752089659667,0.3502005267241473,0.35333333333333333,0.030000000000000027
F3,sub-011,"{""C"": 0.8858667904100825, ""gamma"": ""scale""}",0.5399049182181712,0.36,0.3567316681879789,0.3638680156776957,0.35999999999999993,0.040000000000000036
F4,sub-011,"{""C"": 0.6158482110660264, ""gamma"": ""scale""}",0.5328401205775538,0.3466666666666667,0.3094042207192224,0.3712943016260552,0.3466666666666667,0.019999999999999907
F5,sub-011,"{""C"": 3.79269019073225, ""gamma"": ""auto""}",0.5741427699247036,0.35333333333333333,0.3412074115239901,0.3598928501294605,0.35333333333333333,0.030000000000000027
F6,sub-011,"{""C"": 5.455594781168517, ""gamma"": ""auto""}",0.5488980088159295,0.32666666666666666,0.32172652467100377,0.3243604651162791,0.32666666666666666,-0.010000000000000009
F7,sub-011,"{""C"": 2.636650898730358, ""gamma"": ""auto""}",0.5729679026825328,0.36666666666666664,0.3611911726693641,0.36698691172375386,0.3666666666666667,0.050000000000000044
F8,sub-011,"{""C"": 5.455594781168517, ""gamma"": ""scale""}",0.5765203487641051,0.39666666666666667,0.3935098888406197,0.40589441518234093,0.39666666666666667,0.09499999999999997
FCz,sub-011,"{""C"": 100.0, ""gamma"": ""auto""}",0.5640164973173455,0.31,0.3075609031491384,0.3102789023841656,0.31,-0.03499999999999992
FC1,sub-011,"{""C"": 0.6158482110660264, ""gamma"": ""scale""}",0.6088373782828119,0.3,0.2926570188977968,0.30963573665900174,0.30000000000000004,-0.050000000000000044
FC2,sub-011,"{""C"": 100.0, ""gamma"": ""auto""}",0.5460533086343521,0.36,0.3594579643430218,0.36005189036896973,0.36000000000000004,0.040000000000000036
FC3,sub-011,"{""C"": 16.23776739188721, ""gamma"": ""auto""}",0.5681685349426495,0.33666666666666667,0.3297935103244838,0.3317867317867318,0.33666666666666667,0.0050000000000000044
FC4,sub-011,"{""C"": 11.288378916846883, ""gamma"": ""auto""}",0.5541584941198773,0.35,0.34728780041938007,0.34989027020568836,0.35000000000000003,0.025000000000000022
FC5,sub-011,"{""C"": 48.32930238571752, ""gamma"": ""auto""}",0.581179618420844,0.29333333333333333,0.2860148480138695,0.28774610674164275,0.29333333333333333,-0.06000000000000005
FC6,sub-011,"{""C"": 33.59818286283781, ""gamma"": ""auto""}",0.585716809067113,0.35,0.34718929827189654,0.3478157913702396,0.35000000000000003,0.025000000000000022
FT7,sub-011,"{""C"": 48.32930238571752, ""gamma"": ""auto""}",0.5836554985776392,0.33,0.3296761738790779,0.33003663003663003,0.33,-0.004999999999999893
FT8,sub-011,"{""C"": 0.6158482110660264, ""gamma"": ""scale""}",0.6057300225869146,0.39666666666666667,0.3850199151000824,0.4179430262671106,0.39666666666666667,0.09499999999999997
Cz,sub-011,"{""C"": 7.847599703514611, ""gamma"": ""auto""}",0.5848894508202037,0.36333333333333334,0.3380958747986425,0.3609968320551009,0.36333333333333334,0.04500000000000004
C1,sub-011,"{""C"": 2.636650898730358, ""gamma"": ""auto""}",0.571601022261602,0.36666666666666664,0.3574650365842364,0.36223334898033693,0.3666666666666667,0.050000000000000044
C2,sub-011,"{""C"": 1.8329807108324356, ""gamma"": ""auto""}",0.5534118501879991,0.2966666666666667,0.29189464966276674,0.290168748712119,0.2966666666666667,-0.05499999999999994
C3,sub-011,"{""C"": 16.23776739188721, ""gamma"": ""auto""}",0.548239589970484,0.31333333333333335,0.31191694063991765,0.31661632145242763,0.3133333333333333,-0.030000000000000027
C4,sub-011,"{""C"": 0.29763514416313175, ""gamma"": ""scale""}",0.5186569677375901,0.38,0.36782811907869806,0.3809295967190704,0.38000000000000006,0.06999999999999995
C5,sub-011,"{""C"": 0.29763514416313175, ""gamma"": ""scale""}",0.5606877759097529,0.35333333333333333,0.30213074224801534,0.36603450313127733,0.35333333333333333,0.030000000000000027
C6,sub-011,"{""C"": 5.455594781168517, ""gamma"": ""scale""}",0.5421017623059251,0.4066666666666667,0.379233798782671,0.41954244607561253,0.4066666666666667,0.10999999999999999
T7,sub-011,"{""C"": 0.42813323987193935, ""gamma"": ""scale""}",0.5574218419046005,0.36,0.3201356070010381,0.3719396369776277,0.35999999999999993,0.040000000000000036
T8,sub-011,"{""C"": 0.6158482110660264, ""gamma"": ""scale""}",0.5623013885932313,0.36666666666666664,0.3268099716375578,0.384441868218464,0.36666666666666664,0.050000000000000044
CP1,sub-011,"{""C"": 0.29763514416313175, ""gamma"": ""scale""}",0.43812229253135565,0.31666666666666665,0.3096359471723353,0.3142924616504374,0.3166666666666667,-0.02499999999999991
CP2,sub-011,"{""C"": 3.79269019073225, ""gamma"": ""scale""}",0.4656466094638138,0.37666666666666665,0.3759525772445562,0.3772152627497198,0.37666666666666665,0.06499999999999995
CP3,sub-011,"{""C"": 0.6158482110660264, ""gamma"": ""scale""}",0.485712250968839,0.3433333333333333,0.34383059813053407,0.3446151851131427,0.3433333333333333,0.015000000000000013
CP4,sub-011,"{""C"": 100.0, ""gamma"": ""auto""}",0.5645081546922412,0.3566666666666667,0.3380380596397079,0.3575817345048114,0.35666666666666663,0.03500000000000003
CP5,sub-011,"{""C"": 16.23776739188721, ""gamma"": ""auto""}",0.5258935663556144,0.36666666666666664,0.36425237057096044,0.36457871468629294,0.3666666666666667,0.050000000000000044
CP6,sub-011,"{""C"": 0.6158482110660264, ""gamma"": ""scale""}",0.5483797380408902,0.36,0.3061885989951271,0.44013220662396074,0.36000000000000004,0.040000000000000036
TP7,sub-011,"{""C"": 48.32930238571752, ""gamma"": ""auto""}",0.5225764589414349,0.38333333333333336,0.38239386557118044,0.3831228452076201,0.3833333333333333,0.07499999999999996
TP8,sub-011,"{""C"": 0.42813323987193935, ""gamma"": ""scale""}",0.5647497486967296,0.35,0.3265220894906325,0.3698070122406465,0.3499999999999999,0.025000000000000022
Pz,sub-011,"{""C"": 11.288378916846883, ""gamma"": ""auto""}",0.5229226911689002,0.33,0.32879715150277944,0.3446523446523447,0.33,-0.004999999999999893
P3,sub-011,"{""C"": 0.8858667904100825, ""gamma"": ""scale""}",0.5459529713156759,0.3333333333333333,0.3321538746230227,0.33867521367521364,0.3333333333333333,0.0
P4,sub-011,"{""C"": 33.59818286283781, ""gamma"": ""auto""}",0.6197577375126125,0.4,0.39212624766621956,0.4017794591565083,0.39999999999999997,0.09999999999999998
P5,sub-011,"{""C"": 23.357214690901213, ""gamma"": ""auto""}",0.5353352917709353,0.3333333333333333,0.33245465172339744,0.3327519066483413,0.3333333333333333,0.0
P6,sub-011,"{""C"": 0.8858667904100825, ""gamma"": ""scale""}",0.6208233485603666,0.35333333333333333,0.33327228197612013,0.38656898656898653,0.35333333333333333,0.030000000000000027
P7,sub-011,"{""C"": 0.6158482110660264, ""gamma"": ""scale""}",0.5594990725984844,0.3433333333333333,0.30435523828778094,0.3508403361344537,0.34333333333333327,0.015000000000000013
P8,sub-011,"{""C"": 0.6158482110660264, ""gamma"": ""scale""}",0.6282850921008816,0.3466666666666667,0.296945385350847,0.36731005187463106,0.3466666666666667,0.020000000000000018
POz,sub-011,"{""C"": 2.636650898730358, ""gamma"": ""auto""}",0.5751470751470751,0.37666666666666665,0.369848658467232,0.37205551360874417,0.37666666666666665,0.06499999999999995
PO3,sub-011,"{""C"": 1.2742749857031335, ""gamma"": ""scale""}",0.5677865720603682,0.37666666666666665,0.3555182072829131,0.3918518518518519,0.37666666666666665,0.06499999999999995
PO4,sub-011,"{""C"": 7.847599703514611, ""gamma"": ""scale""}",0.5835816645112408,0.35,0.34423671740878997,0.3506102616150463,0.35000000000000003,0.025000000000000022
PO5,sub-011,"{""C"": 1.8329807108324356, ""gamma"": ""auto""}",0.5523850225773984,0.36333333333333334,0.3617460919805518,0.3623286708586164,0.3633333333333333,0.04500000000000004
PO6,sub-011,"{""C"": 0.8858667904100825, ""gamma"": ""scale""}",0.6066445134562836,0.37,0.3328440087961447,0.3784829721362229,0.36999999999999994,0.05500000000000005
PO7,sub-011,"{""C"": 16.23776739188721, ""gamma"": ""scale""}",0.5616550421735025,0.35,0.32786698938732417,0.36725801431683786,0.35000000000000003,0.025000000000000022
PO8,sub-011,"{""C"": 0.20691380811147897, ""gamma"": ""scale""}",0.5905536275683198,0.3433333333333333,0.26928527559385523,0.40004790992933287,0.3433333333333333,0.015000000000000124
Oz,sub-011,"{""C"": 3.79269019073225, ""gamma"": ""auto""}",0.521904629635303,0.3466666666666667,0.34217444339695957,0.34378166160081053,0.3466666666666667,0.020000000000000018
O1,sub-011,"{""C"": 1.8329807108324356, ""gamma"": ""auto""}",0.5484280808435957,0.36666666666666664,0.36573254870503363,0.36674138472960593,0.36666666666666664,0.050000000000000044
O2,sub-011,"{""C"": 11.288378916846883, ""gamma"": ""auto""}",0.5900908143241772,0.4,0.3967813233168033,0.40469765117441286,0.39999999999999997,0.09999999999999998
