channel,subject,best_params,validation_f1_macro,accuracy,f1_macro,precision_macro,recall_macro,kappa
Fp1,VP001,"{""C"": 1.2742749857031335, ""gamma"": ""auto""}",0.8665637065637066,0.625,0.6123629112662015,0.6437444543034605,0.625,0.25
AF5,VP001,"{""C"": 2.636650898730358, ""gamma"": ""scale""}",0.8360491235112041,0.6805555555555556,0.669790628115653,0.7076308784383318,0.6805555555555556,0.36111111111111116
AFz,VP001,"{""C"": 0.8858667904100825, ""gamma"": ""scale""}",0.8416361180783329,0.6388888888888888,0.6317859952793077,0.6505016722408027,0.6388888888888888,0.2777777777777778
F1,VP001,"{""C"": 1.8329807108324356, ""gamma"": ""scale""}",0.783273131425396,0.6944444444444444,0.6884343036978757,0.7107023411371238,0.6944444444444444,0.38888888888888884
FC5,VP001,"{""C"": 0.8858667904100825, ""gamma"": ""scale""}",0.7916521980693103,0.625,0.6079854809437386,0.6512605042016807,0.625,0.25
FC1,VP001,"{""C"": 1.2742749857031335, ""gamma"": ""scale""}",0.7694426654526656,0.625,0.6079854809437386,0.6512605042016807,0.625,0.25
T7,VP001,"{""C"": 3.79269019073225, ""gamma"": ""scale""}",0.7916264711557013,0.5416666666666666,0.5262213359920239,0.5479148181011535,0.5416666666666666,0.08333333333333337
C3,VP001,"{""C"": 5.455594781168517, ""gamma"": ""scale""}",0.7802690236496665,0.6527777777777778,0.6444795575745605,0.6685106382978723,0.6527777777777778,0.3055555555555556
Cz,VP001,"{""C"": 33.59818286283781, ""gamma"": ""scale""}",0.772046332046332,0.5416666666666666,0.5262213359920239,0.5479148181011535,0.5416666666666666,0.08333333333333337
CP5,VP001,"{""C"": 0.8858667904100825, ""gamma"": ""scale""}",0.8019694586700343,0.625,0.6079854809437386,0.6512605042016807,0.625,0.25
CP1,VP001,"{""C"": 5.455594781168517, ""gamma"": ""scale""}",0.763229365748729,0.5277777777777778,0.5092221331194867,0.5327272727272727,0.5277777777777778,0.05555555555555558
P7,VP001,"{""C"": 7.847599703514611, ""gamma"": ""scale""}",0.7666018338427341,0.5555555555555556,0.5324675324675324,0.5692307692307692,0.5555555555555556,0.11111111111111116
P3,VP001,"{""C"": 48.32930238571752, ""gamma"": ""scale""}",0.7874125874125875,0.5555555555555556,0.5380914194065758,0.5654545454545454,0.5555555555555556,0.11111111111111116
Pz,VP001,"{""C"": 7.847599703514611, ""gamma"": ""scale""}",0.7596571854428021,0.5416666666666666,0.5208711433756805,0.5504201680672269,0.5416666666666666,0.08333333333333337
POz,VP001,"{""C"": 2.636650898730358, ""gamma"": ""scale""}",0.7163515016685206,0.5833333333333334,0.5751376868607396,0.5903010033444815,0.5833333333333333,0.16666666666666663
O1,VP001,"{""C"": 1.8329807108324356, ""gamma"": ""scale""}",0.6611111111111111,0.6666666666666666,0.6643356643356644,0.6714285714285715,0.6666666666666667,0.33333333333333337
Fp2,VP001,"{""C"": 1.2742749857031335, ""gamma"": ""scale""}",0.8720800889877642,0.6805555555555556,0.669790628115653,0.7076308784383318,0.6805555555555556,0.36111111111111116
AF6,VP001,"{""C"": 0.8858667904100825, ""gamma"": ""scale""}",0.8359579545717839,0.6805555555555556,0.6616956077630235,0.7323733862959285,0.6805555555555556,0.36111111111111116
F2,VP001,"{""C"": 0.8858667904100825, ""gamma"": ""scale""}",0.7914719761505726,0.6666666666666666,0.6571428571428571,0.6875,0.6666666666666667,0.33333333333333337
FC2,VP001,"{""C"": 1.2742749857031335, ""gamma"": ""scale""}",0.786096256684492,0.625,0.6190476190476191,0.6333333333333333,0.625,0.25
FC6,VP001,"{""C"": 3.79269019073225, ""gamma"": ""scale""}",0.7747897342426184,0.6388888888888888,0.6246992782678429,0.6636363636363636,0.6388888888888888,0.2777777777777778
C4,VP001,"{""C"": 69.51927961775606, ""gamma"": ""scale""}",0.7611037377696843,0.6527777777777778,0.6410767696909272,0.6756876663708962,0.6527777777777778,0.3055555555555556
T8,VP001,"{""C"": 2.636650898730358, ""gamma"": ""scale""}",0.7404148090715255,0.625,0.6160379221805253,0.637872340425532,0.625,0.25
CP2,VP001,"{""C"": 100.0, ""gamma"": ""scale""}",0.7718772217242125,0.5416666666666666,0.5208711433756805,0.5504201680672269,0.5416666666666666,0.08333333333333337
CP6,VP001,"{""C"": 1.8329807108324356, ""gamma"": ""scale""}",0.730536842836308,0.5555555555555556,0.5324675324675324,0.5692307692307692,0.5555555555555556,0.11111111111111116
P4,VP001,"{""C"": 69.51927961775606, ""gamma"": ""auto""}",0.7525467450320129,0.5277777777777778,0.5142857142857142,0.53125,0.5277777777777778,0.05555555555555558
P8,VP001,"{""C"": 1.8329807108324356, ""gamma"": ""scale""}",0.6888504753673292,0.5833333333333334,0.5714285714285714,0.59375,0.5833333333333334,0.16666666666666663
O2,VP001,"{""C"": 0.29763514416313175, ""gamma"": ""scale""}",0.6324143692564745,0.6111111111111112,0.6083916083916084,0.6142857142857143,0.6111111111111112,0.2222222222222222
Fp1,VP002,"{""C"": 16.23776739188721, ""gamma"": ""auto""}",0.8472116119174943,0.7361111111111112,0.7335929892891919,0.7453889334402566,0.7361111111111112,0.4722222222222222
AF5,VP002,"{""C"": 0.8858667904100825, ""gamma"": ""scale""}",0.8305542481037662,0.75,0.737012987012987,0.8115384615384615,0.75,0.5
AFz,VP002,"{""C"": 2.636650898730358, ""gamma"": ""scale""}",0.8361098465265936,0.7777777777777778,0.775,0.7922077922077921,0.7777777777777777,0.5555555555555556
F1,VP002,"{""C"": 7.847599703514611, ""gamma"": ""scale""}",0.8360794906424851,0.6805555555555556,0.669790628115653,0.7076308784383318,0.6805555555555556,0.36111111111111116
FC5,VP002,"{""C"": 1.8329807108324356, ""gamma"": ""scale""}",0.8194430512581116,0.6805555555555556,0.6660617059891107,0.7184873949579832,0.6805555555555556,0.36111111111111116
FC1,VP002,"{""C"": 3.79269019073225, ""gamma"": ""scale""}",0.8277565131497716,0.6805555555555556,0.6616956077630235,0.7323733862959285,0.6805555555555556,0.36111111111111116
T7,VP002,"{""C"": 3.79269019073225, ""gamma"": ""scale""}",0.8050682261208577,0.6666666666666666,0.6535685645549318,0.6963636363636363,0.6666666666666667,0.33333333333333337
C3,VP002,"{""C"": 1.8329807108324356, ""gamma"": ""scale""}",0.8079049732814687,0.6527777777777778,0.626788306033589,0.7117647058823529,0.6527777777777778,0.3055555555555556
Cz,VP002,"{""C"": 1.8329807108324356, ""gamma"": ""scale""}",0.8050682261208577,0.5833333333333334,0.5484949832775919,0.6205357142857143,0.5833333333333334,0.16666666666666663
CP5,VP002,"{""C"": 0.8858667904100825, ""gamma"": ""scale""}",0.8214285714285714,0.5,0.3333333333333333,0.25,0.5,0.0
CP1,VP002,"{""C"": 11.288378916846883, ""gamma"": ""scale""}",0.782904502721425,0.625,0.6028600612870276,0.6608738828202582,0.625,0.25
P7,VP002,"{""C"": 0.8858667904100825, ""gamma"": ""scale""}",0.7560272638753651,0.5,0.42502218278615794,0.5,0.5,0.0
P3,VP002,"{""C"": 69.51927961775606, ""gamma"": ""scale""}",0.7826625386996904,0.5277777777777778,0.46875,0.55,0.5277777777777778,0.05555555555555558
Pz,VP002,"{""C"": 100.0, ""gamma"": ""scale""}",0.7718772217242125,0.5555555555555556,0.5380914194065758,0.5654545454545454,0.5555555555555556,0.11111111111111116
POz,VP002,"{""C"": 2.636650898730358, ""gamma"": ""scale""}",0.7270955165692008,0.5277777777777778,0.4882943143812709,0.5401785714285714,0.5277777777777778,0.05555555555555558
O1,VP002,"{""C"": 69.51927961775606, ""gamma"": ""auto""}",0.6888024451236454,0.5416666666666666,0.5146067415730338,0.5536246276067527,0.5416666666666667,0.08333333333333337
Fp2,VP002,"{""C"": 3.79269019073225, ""gamma"": ""scale""}",0.8694434370635575,0.75,0.746875,0.762987012987013,0.75,0.5
AF6,VP002,"{""C"": 1.2742749857031335, ""gamma"": ""scale""}",0.8277724621130282,0.7083333333333334,0.7037037037037037,0.7222222222222222,0.7083333333333334,0.41666666666666663
F2,VP002,"{""C"": 5.455594781168517, ""gamma"": ""auto""}",0.824998649680939,0.6944444444444444,0.690625,0.7045454545454546,0.6944444444444444,0.38888888888888884
FC2,VP002,"{""C"": 0.6158482110660264, ""gamma"": ""scale""}",0.8222167350844162,0.6388888888888888,0.6017021276595744,0.7216748768472906,0.6388888888888888,0.2777777777777778
FC6,VP002,"{""C"": 7.847599703514611, ""gamma"": ""auto""}",0.8136458808168059,0.5833333333333334,0.520851818988465,0.6741935483870968,0.5833333333333333,0.16666666666666663
C4,VP002,"{""C"": 1.2742749857031335, ""gamma"": ""scale""}",0.8025934707558755,0.6111111111111112,0.5785953177257526,0.6607142857142857,0.611111111111111,0.2222222222222222
T8,VP002,"{""C"": 5.455594781168517, ""gamma"": ""scale""}",0.7611111111111111,0.6666666666666666,0.6444444444444444,0.7222222222222223,0.6666666666666666,0.33333333333333337
CP2,VP002,"{""C"": 2.636650898730358, ""gamma"": ""scale""}",0.7823660714285714,0.5833333333333334,0.5555555555555556,0.6111111111111112,0.5833333333333334,0.16666666666666663
CP6,VP002,"{""C"": 11.288378916846883, ""gamma"": ""scale""}",0.7796561582384889,0.6111111111111112,0.6034618410700237,0.6204013377926422,0.6111111111111112,0.2222222222222222
P4,VP002,"{""C"": 23.357214690901213, ""gamma"": ""scale""}",0.7793141979188491,0.5555555555555556,0.5380914194065758,0.5654545454545454,0.5555555555555556,0.11111111111111116
P8,VP002,"{""C"": 0.29763514416313175, ""gamma"": ""scale""}",0.7027204321821339,0.6111111111111112,0.5527950310559007,0.7322580645161291,0.6111111111111112,0.2222222222222222
O2,VP002,"{""C"": 1.8329807108324356, ""gamma"": ""scale""}",0.6944444444444444,0.5833333333333334,0.5669607056936649,0.5981818181818181,0.5833333333333334,0.16666666666666663
Fp1,VP003,"{""C"": 2.636650898730358, ""gamma"": ""auto""}",0.8441365660564077,0.9166666666666666,0.916083916083916,0.9285714285714286,0.9166666666666667,0.8333333333333334
AF5,VP003,"{""C"": 0.8858667904100825, ""gamma"": ""scale""}",0.8249878463782208,0.8611111111111112,0.8611111111111112,0.8611111111111112,0.8611111111111112,0.7222222222222222
AFz,VP003,"{""C"": 1.8329807108324356, ""gamma"": ""scale""}",0.8193315266485999,0.875,0.8747826086956522,0.8776223776223776,0.875,0.75
F1,VP003,"{""C"": 2.636650898730358, ""gamma"": ""scale""}",0.7999938269699682,0.8611111111111112,0.8606811145510835,0.865625,0.8611111111111112,0.7222222222222222
FC5,VP003,"{""C"": 1.2742749857031335, ""gamma"": ""scale""}",0.8,0.7638888888888888,0.7634782608695652,0.7657342657342657,0.7638888888888888,0.5277777777777778
FC1,VP003,"{""C"": 2.636650898730358, ""gamma"": ""scale""}",0.7833333333333333,0.8194444444444444,0.8194096083349411,0.8196911196911197,0.8194444444444444,0.6388888888888888
T7,VP003,"{""C"": 3.79269019073225, ""gamma"": ""scale""}",0.7915363769022306,0.75,0.7401764234161989,0.7945454545454546,0.75,0.5
C3,VP003,"{""C"": 3.79269019073225, ""gamma"": ""scale""}",0.8137149653611783,0.7916666666666666,0.7916264711557013,0.7918918918918919,0.7916666666666667,0.5833333333333333
Cz,VP003,"{""C"": 0.8858667904100825, ""gamma"": ""scale""}",0.7664864864864864,0.8055555555555556,0.804953560371517,0.809375,0.8055555555555556,0.6111111111111112
CP5,VP003,"{""C"": 100.0, ""gamma"": ""scale""}",0.8023370014925257,0.7638888888888888,0.7627447179685987,0.7690794649881982,0.7638888888888888,0.5277777777777778
CP1,VP003,"{""C"": 11.288378916846883, ""gamma"": ""scale""}",0.7827903091060986,0.8194444444444444,0.8191304347826087,0.8216783216783217,0.8194444444444444,0.6388888888888888
P7,VP003,"{""C"": 2.636650898730358, ""gamma"": ""scale""}",0.7186607757720194,0.7361111111111112,0.7335929892891919,0.7453889334402566,0.7361111111111112,0.4722222222222222
P3,VP003,"{""C"": 69.51927961775606, ""gamma"": ""scale""}",0.7547987616099071,0.7638888888888888,0.7616358325219085,0.7742582197273455,0.7638888888888888,0.5277777777777778
Pz,VP003,"{""C"": 1.2742749857031335, ""gamma"": ""scale""}",0.7482517482517483,0.8055555555555556,0.8041958041958042,0.8142857142857143,0.8055555555555556,0.6111111111111112
POz,VP003,"{""C"": 16.23776739188721, ""gamma"": ""scale""}",0.7127162569438525,0.7777777777777778,0.7770897832817337,0.78125,0.7777777777777778,0.5555555555555556
O1,VP003,"{""C"": 11.288378916846883, ""gamma"": ""scale""}",0.6634500235646792,0.7222222222222222,0.7202797202797203,0.7285714285714286,0.7222222222222222,0.4444444444444444
Fp2,VP003,"{""C"": 0.8858667904100825, ""gamma"": ""auto""}",0.8325892857142857,0.9027777777777778,0.9027590198726606,0.9030888030888031,0.9027777777777777,0.8055555555555556
AF6,VP003,"{""C"": 1.8329807108324356, ""gamma"": ""scale""}",0.8332046332046332,0.8333333333333334,0.8332046332046332,0.8343653250773994,0.8333333333333334,0.6666666666666667
F2,VP003,"{""C"": 7.847599703514611, ""gamma"": ""scale""}",0.7972081394541287,0.8611111111111112,0.8601398601398602,0.8714285714285714,0.8611111111111112,0.7222222222222222
FC2,VP003,"{""C"": 5.455594781168517, ""gamma"": ""scale""}",0.7693999614123095,0.7916666666666666,0.7916264711557013,0.7918918918918919,0.7916666666666667,0.5833333333333333
FC6,VP003,"{""C"": 5.455594781168517, ""gamma"": ""scale""}",0.8055315471045807,0.8194444444444444,0.8191304347826087,0.8216783216783217,0.8194444444444444,0.6388888888888888
C4,VP003,"{""C"": 2.636650898730358, ""gamma"": ""scale""}",0.786096256684492,0.7777777777777778,0.7770897832817337,0.78125,0.7777777777777778,0.5555555555555556
T8,VP003,"{""C"": 11.288378916846883, ""gamma"": ""scale""}",0.7416646733385288,0.7361111111111112,0.7319223985890653,0.7518518518518518,0.7361111111111112,0.4722222222222222
CP2,VP003,"{""C"": 33.59818286283781, ""gamma"": ""scale""}",0.7633611989699252,0.8333333333333334,0.8321678321678322,0.8428571428571429,0.8333333333333333,0.6666666666666667
CP6,VP003,"{""C"": 1.8329807108324356, ""gamma"": ""scale""}",0.7581821972065874,0.75,0.7482517482517483,0.7571428571428571,0.75,0.5
P4,VP003,"{""C"": 11.288378916846883, ""gamma"": ""scale""}",0.7575081875827469,0.8333333333333334,0.8328173374613003,0.8375,0.8333333333333333,0.6666666666666667
P8,VP003,"{""C"": 5.455594781168517, ""gamma"": ""scale""}",0.6916452531425794,0.6944444444444444,0.6934984520123839,0.696875,0.6944444444444444,0.38888888888888884
O2,VP003,"{""C"": 0.6158482110660264, ""gamma"": ""scale""}",0.6638655462184874,0.6944444444444444,0.6857142857142857,0.71875,0.6944444444444444,0.38888888888888884
Fp1,VP004,"{""C"": 7.847599703514611, ""gamma"": ""auto""}",0.8694353774567678,0.8194444444444444,0.8177215189873418,0.8319967923015237,0.8194444444444444,0.6388888888888888
AF5,VP004,"{""C"": 3.79269019073225, ""gamma"": ""scale""}",0.852640196479738,0.7916666666666666,0.7916264711557013,0.7918918918918919,0.7916666666666667,0.5833333333333333
AFz,VP004,"{""C"": 5.455594781168517, ""gamma"": ""auto""}",0.8360086164964213,0.75,0.7492260061919505,0.753125,0.75,0.5
F1,VP004,"{""C"": 3.79269019073225, ""gamma"": ""scale""}",0.8332870241733815,0.7638888888888888,0.7638433339764614,0.7640926640926642,0.7638888888888888,0.5277777777777778
FC5,VP004,"{""C"": 1.2742749857031335, ""gamma"": ""scale""}",0.8333281891416402,0.7222222222222222,0.7222222222222222,0.7222222222222222,0.7222222222222222,0.4444444444444444
FC1,VP004,"{""C"": 1.8329807108324356, ""gamma"": ""scale""}",0.813772496699326,0.7083333333333334,0.7082770596179818,0.7084942084942085,0.7083333333333333,0.41666666666666663
T7,VP004,"{""C"": 23.357214690901213, ""gamma"": ""scale""}",0.7888823729127442,0.7777777777777778,0.7762237762237763,0.7857142857142858,0.7777777777777778,0.5555555555555556
C3,VP004,"{""C"": 3.79269019073225, ""gamma"": ""scale""}",0.8137149653611783,0.7083333333333334,0.7082770596179818,0.7084942084942085,0.7083333333333333,0.41666666666666663
Cz,VP004,"{""C"": 3.79269019073225, ""gamma"": ""scale""}",0.7916521980693103,0.7222222222222222,0.7213622291021672,0.725,0.7222222222222222,0.4444444444444444
CP5,VP004,"{""C"": 3.79269019073225, ""gamma"": ""scale""}",0.8106377053745475,0.7916666666666666,0.7906571040899399,0.7974036191974823,0.7916666666666667,0.5833333333333333
CP1,VP004,"{""C"": 33.59818286283781, ""gamma"": ""scale""}",0.7874125874125875,0.75,0.7482517482517483,0.7571428571428571,0.75,0.5
P7,VP004,"{""C"": 0.6158482110660264, ""gamma"": ""auto""}",0.7221879244351155,0.5972222222222222,0.5908289241622575,0.6037037037037036,0.5972222222222222,0.19444444444444442
P3,VP004,"{""C"": 48.32930238571752, ""gamma"": ""scale""}",0.7453338412145617,0.75,0.7498069498069498,0.7507739938080495,0.75,0.5
Pz,VP004,"{""C"": 3.79269019073225, ""gamma"": ""scale""}",0.7309333250288064,0.7361111111111112,0.7360601967972217,0.7362934362934364,0.7361111111111112,0.4722222222222222
POz,VP004,"{""C"": 3.79269019073225, ""gamma"": ""scale""}",0.7105393369619001,0.7916666666666666,0.7906571040899399,0.7974036191974823,0.7916666666666667,0.5833333333333333
O1,VP004,"{""C"": 16.23776739188721, ""gamma"": ""scale""}",0.6709935252021437,0.5833333333333334,0.5804195804195804,0.5857142857142856,0.5833333333333333,0.16666666666666663
Fp2,VP004,"{""C"": 2.636650898730358, ""gamma"": ""scale""}",0.8722064452401531,0.7777777777777778,0.7762237762237763,0.7857142857142858,0.7777777777777778,0.5555555555555556
AF6,VP004,"{""C"": 2.636650898730358, ""gamma"": ""scale""}",0.8303343094003754,0.6527777777777778,0.6472663139329806,0.662962962962963,0.6527777777777778,0.3055555555555556
F2,VP004,"{""C"": 2.636650898730358, ""gamma"": ""scale""}",0.8220849420849421,0.7083333333333334,0.7055501460564753,0.7165196471531676,0.7083333333333334,0.41666666666666663
FC2,VP004,"{""C"": 5.455594781168517, ""gamma"": ""scale""}",0.7998455598455598,0.7361111111111112,0.7360601967972217,0.7362934362934364,0.7361111111111112,0.4722222222222222
FC6,VP004,"{""C"": 11.288378916846883, ""gamma"": ""scale""}",0.8050682261208577,0.6527777777777778,0.6510951734832332,0.6557828481510621,0.6527777777777778,0.3055555555555556
C4,VP004,"{""C"": 7.847599703514611, ""gamma"": ""scale""}",0.8055555555555556,0.6666666666666666,0.6664092664092665,0.6671826625386997,0.6666666666666666,0.33333333333333337
T8,VP004,"{""C"": 7.847599703514611, ""gamma"": ""scale""}",0.7137099576123966,0.5416666666666666,0.5408695652173914,0.5419580419580419,0.5416666666666667,0.08333333333333337
CP2,VP004,"{""C"": 5.455594781168517, ""gamma"": ""scale""}",0.791304347826087,0.7222222222222222,0.722007722007722,0.7229102167182663,0.7222222222222222,0.4444444444444444
CP6,VP004,"{""C"": 7.847599703514611, ""gamma"": ""scale""}",0.7526842710592739,0.6666666666666666,0.6625,0.6753246753246753,0.6666666666666667,0.33333333333333337
P4,VP004,"{""C"": 1.8329807108324356, ""gamma"": ""scale""}",0.7662048490846116,0.7777777777777778,0.7762237762237763,0.7857142857142858,0.7777777777777778,0.5555555555555556
P8,VP004,"{""C"": 11.288378916846883, ""gamma"": ""auto""}",0.7022608695652174,0.6111111111111112,0.6111111111111112,0.6111111111111112,0.6111111111111112,0.2222222222222222
O2,VP004,"{""C"": 2.636650898730358, ""gamma"": ""scale""}",0.6825396825396826,0.6666666666666666,0.6664092664092665,0.6671826625386997,0.6666666666666666,0.33333333333333337
Fp1,VP005,"{""C"": 16.23776739188721, ""gamma"": ""auto""}",0.8722182783419241,0.6527777777777778,0.6472663139329806,0.662962962962963,0.6527777777777778,0.3055555555555556
AF5,VP005,"{""C"": 7.847599703514611, ""gamma"": ""scale""}",0.8638878386407303,0.6527777777777778,0.6527107852595022,0.6528957528957529,0.6527777777777777,0.3055555555555556
AFz,VP005,"{""C"": 69.51927961775606, ""gamma"": ""auto""}",0.8611068242847002,0.6944444444444444,0.6934984520123839,0.696875,0.6944444444444444,0.38888888888888884
F1,VP005,"{""C"": 5.455594781168517, ""gamma"": ""scale""}",0.8360491235112041,0.6944444444444444,0.6942084942084943,0.695046439628483,0.6944444444444444,0.38888888888888884
FC5,VP005,"{""C"": 5.455594781168517, ""gamma"": ""scale""}",0.8220849420849421,0.7222222222222222,0.7202797202797203,0.7285714285714286,0.7222222222222222,0.4444444444444444
FC1,VP005,"{""C"": 5.455594781168517, ""gamma"": ""scale""}",0.8194430512581116,0.6805555555555556,0.6790075596045746,0.6841070023603462,0.6805555555555556,0.36111111111111116
T7,VP005,"{""C"": 3.79269019073225, ""gamma"": ""scale""}",0.7915363769022306,0.7083333333333334,0.7055501460564753,0.7165196471531676,0.7083333333333334,0.41666666666666663
C3,VP005,"{""C"": 5.455594781168517, ""gamma"": ""scale""}",0.8083318544124569,0.7222222222222222,0.722007722007722,0.7229102167182663,0.7222222222222222,0.4444444444444444
Cz,VP005,"{""C"": 16.23776739188721, ""gamma"": ""scale""}",0.7944380999413563,0.6805555555555556,0.6790075596045746,0.6841070023603462,0.6805555555555556,0.36111111111111116
CP5,VP005,"{""C"": 3.79269019073225, ""gamma"": ""scale""}",0.7999938269699682,0.7638888888888888,0.7627447179685987,0.7690794649881982,0.7638888888888888,0.5277777777777778
CP1,VP005,"{""C"": 5.455594781168517, ""gamma"": ""scale""}",0.7805538622983201,0.6388888888888888,0.6317859952793077,0.6505016722408027,0.6388888888888888,0.2777777777777778
P7,VP005,"{""C"": 0.6158482110660264, ""gamma"": ""scale""}",0.7576582920016404,0.7222222222222222,0.7167584579071598,0.7408026755852843,0.7222222222222223,0.4444444444444444
P3,VP005,"{""C"": 1.2742749857031335, ""gamma"": ""scale""}",0.7802690236496665,0.6944444444444444,0.6857142857142857,0.71875,0.6944444444444444,0.38888888888888884
Pz,VP005,"{""C"": 1.2742749857031335, ""gamma"": ""scale""}",0.7664864864864864,0.6111111111111112,0.6,0.625,0.6111111111111112,0.2222222222222222
POz,VP005,"{""C"": 11.288378916846883, ""gamma"": ""scale""}",0.7468921664825273,0.6388888888888888,0.6317859952793077,0.6505016722408027,0.6388888888888888,0.2777777777777778
O1,VP005,"{""C"": 0.6158482110660264, ""gamma"": ""scale""}",0.7103870788081315,0.5833333333333334,0.5751376868607396,0.5903010033444815,0.5833333333333333,0.16666666666666663
Fp2,VP005,"{""C"": 1.8329807108324356, ""gamma"": ""auto""}",0.8694434370635575,0.625,0.6079854809437386,0.6512605042016807,0.625,0.25
AF6,VP005,"{""C"": 1.8329807108324356, ""gamma"": ""scale""}",0.8386448641463943,0.7361111111111112,0.7360601967972217,0.7362934362934364,0.7361111111111112,0.4722222222222222
F2,VP005,"{""C"": 100.0, ""gamma"": ""scale""}",0.8416654449494209,0.7222222222222222,0.722007722007722,0.7229102167182663,0.7222222222222222,0.4444444444444444
FC2,VP005,"{""C"": 16.23776739188721, ""gamma"": ""scale""}",0.8053392658509455,0.7222222222222222,0.722007722007722,0.7229102167182663,0.7222222222222222,0.4444444444444444
FC6,VP005,"{""C"": 16.23776739188721, ""gamma"": ""scale""}",0.7910847344841727,0.6944444444444444,0.6923076923076923,0.7,0.6944444444444444,0.38888888888888884
C4,VP005,"{""C"": 69.51927961775606, ""gamma"": ""scale""}",0.7692289869399671,0.7361111111111112,0.7356521739130435,0.7377622377622377,0.7361111111111112,0.4722222222222222
T8,VP005,"{""C"": 0.6158482110660264, ""gamma"": ""scale""}",0.7081930415263749,0.7083333333333334,0.6865021770682148,0.7887700534759359,0.7083333333333333,0.41666666666666663
CP2,VP005,"{""C"": 69.51927961775606, ""gamma"": ""scale""}",0.7749565888481574,0.6111111111111112,0.60625,0.6168831168831169,0.6111111111111112,0.2222222222222222
CP6,VP005,"{""C"": 16.23776739188721, ""gamma"": ""scale""}",0.7496213409168186,0.625,0.6231827873618918,0.6274586939417781,0.625,0.25
P4,VP005,"{""C"": 0.8858667904100825, ""gamma"": ""scale""}",0.7554347826086957,0.7083333333333334,0.7055501460564753,0.7165196471531676,0.7083333333333334,0.41666666666666663
P8,VP005,"{""C"": 11.288378916846883, ""gamma"": ""auto""}",0.6904029565123071,0.6527777777777778,0.6410767696909272,0.6756876663708962,0.6527777777777778,0.3055555555555556
O2,VP005,"{""C"": 1.8329807108324356, ""gamma"": ""scale""}",0.6915500459278585,0.5277777777777778,0.5142857142857142,0.53125,0.5277777777777778,0.05555555555555558
Fp1,VP006,"{""C"": 3.79269019073225, ""gamma"": ""auto""}",0.8470794491770866,0.8194444444444444,0.8194096083349411,0.8196911196911197,0.8194444444444444,0.6388888888888888
AF5,VP006,"{""C"": 11.288378916846883, ""gamma"": ""scale""}",0.8277724621130282,0.7638888888888888,0.7638433339764614,0.7640926640926642,0.7638888888888888,0.5277777777777778
AFz,VP006,"{""C"": 1.8329807108324356, ""gamma"": ""scale""}",0.8333281891416402,0.7777777777777778,0.7777777777777778,0.7777777777777778,0.7777777777777778,0.5555555555555556
F1,VP006,"{""C"": 0.8858667904100825, ""gamma"": ""scale""}",0.8138874528352842,0.7083333333333334,0.7082770596179818,0.7084942084942085,0.7083333333333333,0.41666666666666663
FC5,VP006,"{""C"": 2.636650898730358, ""gamma"": ""scale""}",0.8082608393605607,0.75,0.7498069498069498,0.7507739938080495,0.75,0.5
FC1,VP006,"{""C"": 11.288378916846883, ""gamma"": ""scale""}",0.8055495539985802,0.7083333333333334,0.7078260869565217,0.7097902097902098,0.7083333333333333,0.41666666666666663
T7,VP006,"{""C"": 16.23776739188721, ""gamma"": ""scale""}",0.7971455257003033,0.6111111111111112,0.6034618410700237,0.6204013377926422,0.6111111111111112,0.2222222222222222
C3,VP006,"{""C"": 5.455594781168517, ""gamma"": ""scale""}",0.811058627396499,0.7916666666666666,0.791304347826087,0.7937062937062938,0.7916666666666667,0.5833333333333333
Cz,VP006,"{""C"": 1.8329807108324356, ""gamma"": ""scale""}",0.7885691323297579,0.6805555555555556,0.6804939224387421,0.6806949806949807,0.6805555555555556,0.36111111111111116
CP5,VP006,"{""C"": 11.288378916846883, ""gamma"": ""scale""}",0.7914719761505726,0.7638888888888888,0.7634782608695652,0.7657342657342657,0.7638888888888888,0.5277777777777778
CP1,VP006,"{""C"": 48.32930238571752, ""gamma"": ""auto""}",0.7666666666666667,0.7361111111111112,0.7335929892891919,0.7453889334402566,0.7361111111111112,0.4722222222222222
P7,VP006,"{""C"": 0.42813323987193935, ""gamma"": ""scale""}",0.7176119727553025,0.5972222222222222,0.5734422880490296,0.625124131082423,0.5972222222222222,0.19444444444444442
P3,VP006,"{""C"": 5.455594781168517, ""gamma"": ""scale""}",0.7715170278637771,0.7361111111111112,0.7348323318472572,0.7407553107789142,0.7361111111111112,0.4722222222222222
Pz,VP006,"{""C"": 2.636650898730358, ""gamma"": ""scale""}",0.7688004394958179,0.6666666666666666,0.6656346749226006,0.66875,0.6666666666666667,0.33333333333333337
POz,VP006,"{""C"": 5.455594781168517, ""gamma"": ""scale""}",0.7265625,0.6527777777777778,0.6494644595910419,0.6587810745789896,0.6527777777777778,0.3055555555555556
O1,VP006,"{""C"": 0.8858667904100825, ""gamma"": ""scale""}",0.6858177774001961,0.625,0.6214216163583253,0.6299117882919005,0.625,0.25
Fp2,VP006,"{""C"": 3.79269019073225, ""gamma"": ""auto""}",0.8580167193819551,0.8055555555555556,0.8055555555555556,0.8055555555555556,0.8055555555555556,0.6111111111111112
AF6,VP006,"{""C"": 2.636650898730358, ""gamma"": ""auto""}",0.8333127546610692,0.7916666666666666,0.7916264711557013,0.7918918918918919,0.7916666666666667,0.5833333333333333
F2,VP006,"{""C"": 1.2742749857031335, ""gamma"": ""scale""}",0.8194319049934022,0.7638888888888888,0.7638433339764614,0.7640926640926642,0.7638888888888888,0.5277777777777778
FC2,VP006,"{""C"": 1.2742749857031335, ""gamma"": ""scale""}",0.8083318544124569,0.7361111111111112,0.7360601967972217,0.7362934362934364,0.7361111111111112,0.4722222222222222
FC6,VP006,"{""C"": 0.8858667904100825, ""gamma"": ""scale""}",0.8111052810271921,0.6805555555555556,0.6790075596045746,0.6841070023603462,0.6805555555555556,0.36111111111111116
C4,VP006,"{""C"": 1.2742749857031335, ""gamma"": ""scale""}",0.7971455257003033,0.7222222222222222,0.7202797202797203,0.7285714285714286,0.7222222222222222,0.4444444444444444
T8,VP006,"{""C"": 7.847599703514611, ""gamma"": ""scale""}",0.7388808296552363,0.5833333333333334,0.5804195804195804,0.5857142857142856,0.5833333333333333,0.16666666666666663
CP2,VP006,"{""C"": 1.2742749857031335, ""gamma"": ""scale""}",0.7683271951928669,0.6944444444444444,0.6934984520123839,0.696875,0.6944444444444444,0.38888888888888884
CP6,VP006,"{""C"": 2.636650898730358, ""gamma"": ""scale""}",0.7524549760103839,0.7777777777777778,0.7762237762237763,0.7857142857142858,0.7777777777777778,0.5555555555555556
P4,VP006,"{""C"": 3.79269019073225, ""gamma"": ""scale""}",0.7606382978723405,0.75,0.7498069498069498,0.7507739938080495,0.75,0.5
P8,VP006,"{""C"": 69.51927961775606, ""gamma"": ""scale""}",0.7272389905987136,0.75,0.7492260061919505,0.753125,0.75,0.5
O2,VP006,"{""C"": 33.59818286283781, ""gamma"": ""auto""}",0.6882731321128155,0.6805555555555556,0.6790075596045746,0.6841070023603462,0.6805555555555556,0.36111111111111116
Fp1,VP007,"{""C"": 5.455594781168517, ""gamma"": ""scale""}",0.8665637065637066,0.8611111111111112,0.8610038610038611,0.8622291021671826,0.8611111111111112,0.7222222222222222
AF5,VP007,"{""C"": 1.8329807108324356, ""gamma"": ""scale""}",0.8331479421579533,0.7916666666666666,0.7916264711557013,0.7918918918918919,0.7916666666666667,0.5833333333333333
AFz,VP007,"{""C"": 2.636650898730358, ""gamma"": ""auto""}",0.835897118928232,0.8472222222222222,0.8464818763326225,0.8540519276160503,0.8472222222222222,0.6944444444444444
F1,VP007,"{""C"": 7.847599703514611, ""gamma"": ""auto""}",0.8249878463782208,0.7361111111111112,0.7356521739130435,0.7377622377622377,0.7361111111111112,0.4722222222222222
FC5,VP007,"{""C"": 3.79269019073225, ""gamma"": ""scale""}",0.8165760869565217,0.7083333333333334,0.7037037037037037,0.7222222222222222,0.7083333333333334,0.41666666666666663
FC1,VP007,"{""C"": 3.79269019073225, ""gamma"": ""scale""}",0.8027640808389471,0.7361111111111112,0.7298044637566661,0.7604255319148936,0.7361111111111112,0.4722222222222222
T7,VP007,"{""C"": 5.455594781168517, ""gamma"": ""scale""}",0.7944190640819855,0.625,0.6243478260869566,0.6258741258741258,0.625,0.25
C3,VP007,"{""C"": 100.0, ""gamma"": ""auto""}",0.7999938269699682,0.6944444444444444,0.690625,0.7045454545454546,0.6944444444444444,0.38888888888888884
Cz,VP007,"{""C"": 0.8858667904100825, ""gamma"": ""scale""}",0.7740778331306026,0.7083333333333334,0.6812144212523719,0.8157894736842105,0.7083333333333334,0.41666666666666663
CP5,VP007,"{""C"": 16.23776739188721, ""gamma"": ""scale""}",0.7996970727334549,0.6666666666666666,0.6601101494885917,0.6806020066889632,0.6666666666666667,0.33333333333333337
CP1,VP007,"{""C"": 2.636650898730358, ""gamma"": ""scale""}",0.7794921496414033,0.6944444444444444,0.6688963210702341,0.78125,0.6944444444444444,0.38888888888888884
P7,VP007,"{""C"": 1.2742749857031335, ""gamma"": ""scale""}",0.7294512322675117,0.5694444444444444,0.5294117647058824,0.6052631578947368,0.5694444444444444,0.13888888888888884
P3,VP007,"{""C"": 3.79269019073225, ""gamma"": ""scale""}",0.7386872586872587,0.5972222222222222,0.5836490528414755,0.6118012422360248,0.5972222222222222,0.19444444444444442
Pz,VP007,"{""C"": 23.357214690901213, ""gamma"": ""scale""}",0.7267573344899161,0.6666666666666666,0.6535685645549318,0.6963636363636363,0.6666666666666667,0.33333333333333337
POz,VP007,"{""C"": 2.636650898730358, ""gamma"": ""scale""}",0.7102167182662539,0.6527777777777778,0.626788306033589,0.7117647058823529,0.6527777777777778,0.3055555555555556
O1,VP007,"{""C"": 3.79269019073225, ""gamma"": ""scale""}",0.6633043478260869,0.5694444444444444,0.5104189515244572,0.6341281669150522,0.5694444444444444,0.13888888888888884
Fp2,VP007,"{""C"": 3.79269019073225, ""gamma"": ""auto""}",0.8775926555593335,0.875,0.8747826086956522,0.8776223776223776,0.875,0.75
AF6,VP007,"{""C"": 5.455594781168517, ""gamma"": ""auto""}",0.8106377053745475,0.8611111111111112,0.8610038610038611,0.8622291021671826,0.8611111111111112,0.7222222222222222
F2,VP007,"{""C"": 1.8329807108324356, ""gamma"": ""scale""}",0.8082608393605607,0.7916666666666666,0.7906571040899399,0.7974036191974823,0.7916666666666667,0.5833333333333333
FC2,VP007,"{""C"": 5.455594781168517, ""gamma"": ""auto""}",0.7916264711557013,0.7916666666666666,0.7883597883597884,0.8111111111111111,0.7916666666666666,0.5833333333333333
FC6,VP007,"{""C"": 1.2742749857031335, ""gamma"": ""scale""}",0.7888888888888889,0.875,0.8747826086956522,0.8776223776223776,0.875,0.75
C4,VP007,"{""C"": 48.32930238571752, ""gamma"": ""auto""}",0.8025934707558755,0.7777777777777778,0.7714285714285714,0.8125,0.7777777777777778,0.5555555555555556
T8,VP007,"{""C"": 0.8858667904100825, ""gamma"": ""scale""}",0.7275675675675676,0.7222222222222222,0.7037037037037037,0.7962962962962963,0.7222222222222222,0.4444444444444444
CP2,VP007,"{""C"": 5.455594781168517, ""gamma"": ""scale""}",0.7677220749539408,0.7083333333333334,0.6865021770682148,0.7887700534759359,0.7083333333333333,0.41666666666666663
CP6,VP007,"{""C"": 7.847599703514611, ""gamma"": ""scale""}",0.7519336631593617,0.6944444444444444,0.6785714285714286,0.7423076923076923,0.6944444444444444,0.38888888888888884
P4,VP007,"{""C"": 3.79269019073225, ""gamma"": ""scale""}",0.7659442724458204,0.7083333333333334,0.6911133810010215,0.7681231380337636,0.7083333333333333,0.41666666666666663
P8,VP007,"{""C"": 0.8858667904100825, ""gamma"": ""scale""}",0.6833235593691163,0.5555555555555556,0.4461538461538461,0.7647058823529411,0.5555555555555556,0.11111111111111116
O2,VP007,"{""C"": 3.79269019073225, ""gamma"": ""scale""}",0.6692377180182059,0.6527777777777778,0.6204933586337761,0.7315789473684211,0.6527777777777778,0.3055555555555556
Fp1,VP008,"{""C"": 33.59818286283781, ""gamma"": ""auto""}",0.8275862068965518,0.9583333333333334,0.9583252942311402,0.9586872586872587,0.9583333333333333,0.9166666666666666
AF5,VP008,"{""C"": 7.847599703514611, ""gamma"": ""auto""}",0.7997775305895439,0.9305555555555556,0.9304347826086956,0.9335664335664335,0.9305555555555556,0.8611111111111112
AFz,VP008,"{""C"": 23.357214690901213, ""gamma"": ""scale""}",0.7942857142857143,0.875,0.8747826086956522,0.8776223776223776,0.875,0.75
F1,VP008,"{""C"": 0.8858667904100825, ""gamma"": ""scale""}",0.7527606083755816,0.8888888888888888,0.8885448916408669,0.89375,0.8888888888888888,0.7777777777777778
FC5,VP008,"{""C"": 5.455594781168517, ""gamma"": ""scale""}",0.7693572415496599,0.8888888888888888,0.8888888888888888,0.8888888888888888,0.8888888888888888,0.7777777777777778
FC1,VP008,"{""C"": 100.0, ""gamma"": ""scale""}",0.7303870474602182,0.8055555555555556,0.8054054054054054,0.8065015479876161,0.8055555555555556,0.6111111111111112
T7,VP008,"{""C"": 16.23776739188721, ""gamma"": ""scale""}",0.7471734516689177,0.8611111111111112,0.8610038610038611,0.8622291021671826,0.8611111111111112,0.7222222222222222
C3,VP008,"{""C"": 16.23776739188721, ""gamma"": ""scale""}",0.763082712006132,0.8611111111111112,0.8606811145510835,0.865625,0.8611111111111112,0.7222222222222222
Cz,VP008,"{""C"": 7.847599703514611, ""gamma"": ""scale""}",0.7246409283711013,0.7916666666666666,0.791304347826087,0.7937062937062938,0.7916666666666667,0.5833333333333333
CP5,VP008,"{""C"": 1.8329807108324356, ""gamma"": ""scale""}",0.7544642857142858,0.8194444444444444,0.8191304347826087,0.8216783216783217,0.8194444444444444,0.6388888888888888
CP1,VP008,"{""C"": 1.8329807108324356, ""gamma"": ""scale""}",0.7433035714285714,0.8055555555555556,0.8055555555555556,0.8055555555555556,0.8055555555555556,0.6111111111111112
P7,VP008,"{""C"": 11.288378916846883, ""gamma"": ""auto""}",0.7133913043478262,0.7361111111111112,0.7348323318472572,0.7407553107789142,0.7361111111111112,0.4722222222222222
P3,VP008,"{""C"": 5.455594781168517, ""gamma"": ""scale""}",0.7130897020249306,0.8194444444444444,0.8191304347826087,0.8216783216783217,0.8194444444444444,0.6388888888888888
Pz,VP008,"{""C"": 3.79269019073225, ""gamma"": ""scale""}",0.7156045726323617,0.7916666666666666,0.791304347826087,0.7937062937062938,0.7916666666666667,0.5833333333333333
POz,VP008,"{""C"": 2.636650898730358, ""gamma"": ""scale""}",0.6829810901001112,0.7916666666666666,0.7916264711557013,0.7918918918918919,0.7916666666666667,0.5833333333333333
O1,VP008,"{""C"": 33.59818286283781, ""gamma"": ""auto""}",0.6442687747035574,0.8194444444444444,0.8151293699387715,0.8523404255319149,0.8194444444444444,0.6388888888888888
Fp2,VP008,"{""C"": 1.2742749857031335, ""gamma"": ""auto""}",0.8357448322261833,0.9861111111111112,0.9861084314103801,0.9864864864864865,0.9861111111111112,0.9722222222222222
AF6,VP008,"{""C"": 1.8329807108324356, ""gamma"": ""scale""}",0.783273131425396,0.8888888888888888,0.8881118881118881,0.9,0.8888888888888888,0.7777777777777778
F2,VP008,"{""C"": 0.8858667904100825, ""gamma"": ""scale""}",0.7470641373080398,0.8888888888888888,0.8885448916408669,0.89375,0.8888888888888888,0.7777777777777778
FC2,VP008,"{""C"": 0.8858667904100825, ""gamma"": ""scale""}",0.7499922837124602,0.7916666666666666,0.7906571040899399,0.7974036191974823,0.7916666666666667,0.5833333333333333
FC6,VP008,"{""C"": 0.8858667904100825, ""gamma"": ""scale""}",0.7603715170278638,0.7638888888888888,0.7582460991507012,0.7910638297872341,0.7638888888888888,0.5277777777777778
C4,VP008,"{""C"": 3.79269019073225, ""gamma"": ""scale""}",0.74142525042671,0.8055555555555556,0.8055555555555556,0.8055555555555556,0.8055555555555556,0.6111111111111112
T8,VP008,"{""C"": 2.636650898730358, ""gamma"": ""scale""}",0.7044518107748071,0.7638888888888888,0.7627447179685987,0.7690794649881982,0.7638888888888888,0.5277777777777778
CP2,VP008,"{""C"": 2.636650898730358, ""gamma"": ""scale""}",0.7434864772762477,0.8055555555555556,0.8055555555555556,0.8055555555555556,0.8055555555555556,0.6111111111111112
CP6,VP008,"{""C"": 2.636650898730358, ""gamma"": ""scale""}",0.7359460774094921,0.75,0.7498069498069498,0.7507739938080495,0.75,0.5
P4,VP008,"{""C"": 3.79269019073225, ""gamma"": ""scale""}",0.7410893118141535,0.8333333333333334,0.8333333333333334,0.8333333333333334,0.8333333333333334,0.6666666666666667
P8,VP008,"{""C"": 3.79269019073225, ""gamma"": ""scale""}",0.6527536634488507,0.7916666666666666,0.7883597883597884,0.8111111111111111,0.7916666666666666,0.5833333333333333
O2,VP008,"{""C"": 7.847599703514611, ""gamma"": ""scale""}",0.6470887912868291,0.8333333333333334,0.8321678321678322,0.8428571428571429,0.8333333333333333,0.6666666666666667
Fp1,VP009,"{""C"": 2.636650898730358, ""gamma"": ""scale""}",0.858332240217903,0.8888888888888888,0.8888888888888888,0.8888888888888888,0.8888888888888888,0.7777777777777778
AF5,VP009,"{""C"": 3.79269019073225, ""gamma"": ""auto""}",0.838868996172367,0.8472222222222222,0.847192745514181,0.8474903474903475,0.8472222222222223,0.6944444444444444
AFz,VP009,"{""C"": 1.8329807108324356, ""gamma"": ""scale""}",0.8221728257849403,0.8472222222222222,0.8469565217391304,0.8496503496503496,0.8472222222222222,0.6944444444444444
F1,VP009,"{""C"": 23.357214690901213, ""gamma"": ""scale""}",0.8027397260273973,0.8055555555555556,0.8055555555555556,0.8055555555555556,0.8055555555555556,0.6111111111111112
FC5,VP009,"{""C"": 48.32930238571752, ""gamma"": ""scale""}",0.7972081394541287,0.7777777777777778,0.7776061776061776,0.7786377708978328,0.7777777777777778,0.5555555555555556
FC1,VP009,"{""C"": 16.23776739188721, ""gamma"": ""scale""}",0.7748592870544091,0.8194444444444444,0.8177215189873418,0.8319967923015237,0.8194444444444444,0.6388888888888888
T7,VP009,"{""C"": 3.79269019073225, ""gamma"": ""scale""}",0.7610447346485134,0.7777777777777778,0.7762237762237763,0.7857142857142858,0.7777777777777778,0.5555555555555556
C3,VP009,"{""C"": 5.455594781168517, ""gamma"": ""scale""}",0.7636682396373158,0.8333333333333334,0.8321678321678322,0.8428571428571429,0.8333333333333333,0.6666666666666667
Cz,VP009,"{""C"": 16.23776739188721, ""gamma"": ""scale""}",0.7302037378989578,0.8611111111111112,0.8606811145510835,0.865625,0.8611111111111112,0.7222222222222222
CP5,VP009,"{""C"": 7.847599703514611, ""gamma"": ""scale""}",0.7384934005131216,0.8055555555555556,0.8017309205350118,0.8311036789297659,0.8055555555555556,0.6111111111111112
CP1,VP009,"{""C"": 5.455594781168517, ""gamma"": ""scale""}",0.7219132369299222,0.8888888888888888,0.8885448916408669,0.89375,0.8888888888888888,0.7777777777777778
P7,VP009,"{""C"": 16.23776739188721, ""gamma"": ""scale""}",0.6854095939247241,0.8055555555555556,0.8017309205350118,0.8311036789297659,0.8055555555555556,0.6111111111111112
P3,VP009,"{""C"": 2.636650898730358, ""gamma"": ""auto""}",0.7111021945121763,0.8333333333333334,0.8321678321678322,0.8428571428571429,0.8333333333333333,0.6666666666666667
Pz,VP009,"{""C"": 5.455594781168517, ""gamma"": ""scale""}",0.7042410714285714,0.8472222222222222,0.8457643622200585,0.8608660785886126,0.8472222222222222,0.6944444444444444
POz,VP009,"{""C"": 1.8329807108324356, ""gamma"": ""scale""}",0.7054100790513834,0.8055555555555556,0.8017309205350118,0.8311036789297659,0.8055555555555556,0.6111111111111112
O1,VP009,"{""C"": 100.0, ""gamma"": ""auto""}",0.6582674126953503,0.7638888888888888,0.7601410934744268,0.7814814814814814,0.7638888888888888,0.5277777777777778
Fp2,VP009,"{""C"": 0.8858667904100825, ""gamma"": ""auto""}",0.8275862068965518,0.9027777777777778,0.9027590198726606,0.9030888030888031,0.9027777777777777,0.8055555555555556
AF6,VP009,"{""C"": 3.79269019073225, ""gamma"": ""scale""}",0.8194430512581116,0.8194444444444444,0.8194096083349411,0.8196911196911197,0.8194444444444444,0.6388888888888888
F2,VP009,"{""C"": 1.2742749857031335, ""gamma"": ""scale""}",0.7914719761505726,0.8194444444444444,0.8191304347826087,0.8216783216783217,0.8194444444444444,0.6388888888888888
FC2,VP009,"{""C"": 3.79269019073225, ""gamma"": ""scale""}",0.7777160322311754,0.8472222222222222,0.8464818763326225,0.8540519276160503,0.8472222222222222,0.6944444444444444
FC6,VP009,"{""C"": 7.847599703514611, ""gamma"": ""scale""}",0.7888302306196165,0.75,0.7401764234161989,0.7945454545454546,0.75,0.5
C4,VP009,"{""C"": 3.79269019073225, ""gamma"": ""scale""}",0.7805538622983201,0.8194444444444444,0.8165784832451499,0.8407407407407408,0.8194444444444444,0.6388888888888888
T8,VP009,"{""C"": 5.455594781168517, ""gamma"": ""scale""}",0.7441601779755284,0.6666666666666666,0.6444444444444444,0.7222222222222223,0.6666666666666666,0.33333333333333337
CP2,VP009,"{""C"": 11.288378916846883, ""gamma"": ""scale""}",0.7300869565217392,0.8472222222222222,0.8457643622200585,0.8608660785886126,0.8472222222222222,0.6944444444444444
CP6,VP009,"{""C"": 5.455594781168517, ""gamma"": ""scale""}",0.7498069498069498,0.7916666666666666,0.7866877345447363,0.8217021276595745,0.7916666666666666,0.5833333333333333
P4,VP009,"{""C"": 7.847599703514611, ""gamma"": ""scale""}",0.7219132369299222,0.8194444444444444,0.8165784832451499,0.8407407407407408,0.8194444444444444,0.6388888888888888
P8,VP009,"{""C"": 16.23776739188721, ""gamma"": ""scale""}",0.696939272005499,0.6666666666666666,0.6444444444444444,0.7222222222222223,0.6666666666666666,0.33333333333333337
O2,VP009,"{""C"": 48.32930238571752, ""gamma"": ""scale""}",0.7015596067280799,0.625,0.6160379221805253,0.637872340425532,0.625,0.25
Fp1,VP010,"{""C"": 11.288378916846883, ""gamma"": ""auto""}",0.8694353774567678,0.7916666666666666,0.791304347826087,0.7937062937062938,0.7916666666666667,0.5833333333333333
AF5,VP010,"{""C"": 7.847599703514611, ""gamma"": ""scale""}",0.8277299249791609,0.7222222222222222,0.7202797202797203,0.7285714285714286,0.7222222222222222,0.4444444444444444
AFz,VP010,"{""C"": 1.8329807108324356, ""gamma"": ""scale""}",0.8302608695652174,0.75,0.7492260061919505,0.753125,0.75,0.5
F1,VP010,"{""C"": 1.8329807108324356, ""gamma"": ""scale""}",0.7999753055932831,0.7638888888888888,0.7627447179685987,0.7690794649881982,0.7638888888888888,0.5277777777777778
FC5,VP010,"{""C"": 2.636650898730358, ""gamma"": ""scale""}",0.8027397260273973,0.7361111111111112,0.7319223985890653,0.7518518518518518,0.7361111111111112,0.4722222222222222
FC1,VP010,"{""C"": 23.357214690901213, ""gamma"": ""scale""}",0.7804725552099174,0.7638888888888888,0.7627447179685987,0.7690794649881982,0.7638888888888888,0.5277777777777778
T7,VP010,"{""C"": 5.455594781168517, ""gamma"": ""scale""}",0.7555480107410723,0.7222222222222222,0.71875,0.7337662337662337,0.7222222222222223,0.4444444444444444
C3,VP010,"{""C"": 1.8329807108324356, ""gamma"": ""scale""}",0.7749565888481574,0.8333333333333334,0.8321678321678322,0.8428571428571429,0.8333333333333333,0.6666666666666667
Cz,VP010,"{""C"": 0.42813323987193935, ""gamma"": ""scale""}",0.7523478260869565,0.8611111111111112,0.8610038610038611,0.8622291021671826,0.8611111111111112,0.7222222222222222
CP5,VP010,"{""C"": 7.847599703514611, ""gamma"": ""scale""}",0.7662048490846116,0.8055555555555556,0.8054054054054054,0.8065015479876161,0.8055555555555556,0.6111111111111112
CP1,VP010,"{""C"": 0.6158482110660264, ""gamma"": ""scale""}",0.7477499922145059,0.8611111111111112,0.8611111111111112,0.8611111111111112,0.8611111111111112,0.7222222222222222
P7,VP010,"{""C"": 3.79269019073225, ""gamma"": ""scale""}",0.710789766407119,0.7222222222222222,0.7222222222222222,0.7222222222222222,0.7222222222222222,0.4444444444444444
P3,VP010,"{""C"": 3.79269019073225, ""gamma"": ""scale""}",0.7546392391338022,0.8611111111111112,0.8611111111111112,0.8611111111111112,0.8611111111111112,0.7222222222222222
Pz,VP010,"{""C"": 16.23776739188721, ""gamma"": ""scale""}",0.7298029232661968,0.8472222222222222,0.8464818763326225,0.8540519276160503,0.8472222222222222,0.6944444444444444
POz,VP010,"{""C"": 23.357214690901213, ""gamma"": ""scale""}",0.7326649958228906,0.8055555555555556,0.8054054054054054,0.8065015479876161,0.8055555555555556,0.6111111111111112
O1,VP010,"{""C"": 3.79269019073225, ""gamma"": ""scale""}",0.6916642875330828,0.6527777777777778,0.6510951734832332,0.6557828481510621,0.6527777777777778,0.3055555555555556
Fp2,VP010,"{""C"": 2.636650898730358, ""gamma"": ""auto""}",0.858323494687131,0.8333333333333334,0.8321678321678322,0.8428571428571429,0.8333333333333333,0.6666666666666667
AF6,VP010,"{""C"": 1.8329807108324356, ""gamma"": ""scale""}",0.830522863206637,0.8055555555555556,0.8055555555555556,0.8055555555555556,0.8055555555555556,0.6111111111111112
F2,VP010,"{""C"": 1.8329807108324356, ""gamma"": ""scale""}",0.7999938269699682,0.7638888888888888,0.7616358325219085,0.7742582197273455,0.7638888888888888,0.5277777777777778
FC2,VP010,"{""C"": 1.2742749857031335, ""gamma"": ""scale""}",0.7582419278894026,0.8055555555555556,0.8041958041958042,0.8142857142857143,0.8055555555555556,0.6111111111111112
FC6,VP010,"{""C"": 5.455594781168517, ""gamma"": ""scale""}",0.7805538622983201,0.8333333333333334,0.8328173374613003,0.8375,0.8333333333333333,0.6666666666666667
C4,VP010,"{""C"": 2.636650898730358, ""gamma"": ""scale""}",0.7611037377696843,0.8472222222222222,0.8457643622200585,0.8608660785886126,0.8472222222222222,0.6944444444444444
T8,VP010,"{""C"": 2.636650898730358, ""gamma"": ""scale""}",0.7377232142857143,0.7222222222222222,0.7077922077922079,0.7769230769230769,0.7222222222222222,0.4444444444444444
CP2,VP010,"{""C"": 0.20691380811147897, ""gamma"": ""scale""}",0.7272389905987136,0.8611111111111112,0.8610038610038611,0.8622291021671826,0.8611111111111112,0.7222222222222222
CP6,VP010,"{""C"": 2.636650898730358, ""gamma"": ""scale""}",0.741505107358766,0.8333333333333334,0.83125,0.8506493506493507,0.8333333333333333,0.6666666666666667
P4,VP010,"{""C"": 16.23776739188721, ""gamma"": ""scale""}",0.7384934005131216,0.8472222222222222,0.8464818763326225,0.8540519276160503,0.8472222222222222,0.6944444444444444
P8,VP010,"{""C"": 3.79269019073225, ""gamma"": ""scale""}",0.710789766407119,0.75,0.7450826121164438,0.7709030100334449,0.75,0.5
O2,VP010,"{""C"": 69.51927961775606, ""gamma"": ""scale""}",0.6772897282927884,0.6527777777777778,0.6521739130434783,0.6538461538461539,0.6527777777777778,0.3055555555555556
Fp1,VP011,"{""C"": 2.636650898730358, ""gamma"": ""auto""}",0.8775926555593335,0.7916666666666666,0.791304347826087,0.7937062937062938,0.7916666666666667,0.5833333333333333
AF5,VP011,"{""C"": 2.636650898730358, ""gamma"": ""scale""}",0.8416556705326759,0.7638888888888888,0.7638433339764614,0.7640926640926642,0.7638888888888888,0.5277777777777778
AFz,VP011,"{""C"": 3.79269019073225, ""gamma"": ""scale""}",0.838868996172367,0.75,0.7492260061919505,0.753125,0.75,0.5
F1,VP011,"{""C"": 16.23776739188721, ""gamma"": ""scale""}",0.8111052810271921,0.6527777777777778,0.6444795575745605,0.6685106382978723,0.6527777777777778,0.3055555555555556
FC5,VP011,"{""C"": 1.8329807108324356, ""gamma"": ""scale""}",0.7943873298138372,0.6666666666666666,0.6493506493506493,0.7076923076923077,0.6666666666666666,0.33333333333333337
FC1,VP011,"{""C"": 3.79269019073225, ""gamma"": ""scale""}",0.8026544368007782,0.625,0.5901328273244781,0.6894736842105263,0.625,0.25
T7,VP011,"{""C"": 2.636650898730358, ""gamma"": ""scale""}",0.7694284325300369,0.5416666666666666,0.4788330774292608,0.5804769001490313,0.5416666666666666,0.08333333333333337
C3,VP011,"{""C"": 7.847599703514611, ""gamma"": ""scale""}",0.7832262845849802,0.5416666666666666,0.4666666666666667,0.5952380952380952,0.5416666666666666,0.08333333333333337
Cz,VP011,"{""C"": 7.847599703514611, ""gamma"": ""scale""}",0.7805132162840054,0.5277777777777778,0.46875,0.55,0.5277777777777778,0.05555555555555558
CP5,VP011,"{""C"": 100.0, ""gamma"": ""scale""}",0.7749148983797887,0.5972222222222222,0.5670744349989634,0.6347593582887701,0.5972222222222222,0.19444444444444442
CP1,VP011,"{""C"": 5.455594781168517, ""gamma"": ""scale""}",0.7693572415496599,0.4861111111111111,0.40202020202020206,0.46825396825396826,0.48611111111111116,-0.02777777777777768
P7,VP011,"{""C"": 5.455594781168517, ""gamma"": ""scale""}",0.7294512322675117,0.5972222222222222,0.5313131313131313,0.7222222222222222,0.5972222222222222,0.19444444444444442
P3,VP011,"{""C"": 5.455594781168517, ""gamma"": ""scale""}",0.7404148090715255,0.5138888888888888,0.3846153846153846,0.5869565217391304,0.5138888888888888,0.02777777777777779
Pz,VP011,"{""C"": 7.847599703514611, ""gamma"": ""scale""}",0.735029557375398,0.4861111111111111,0.3494505494505495,0.41304347826086957,0.4861111111111111,-0.02777777777777768
POz,VP011,"{""C"": 48.32930238571752, ""gamma"": ""scale""}",0.7066834276136602,0.4861111111111111,0.3494505494505495,0.41304347826086957,0.4861111111111111,-0.02777777777777768
O1,VP011,"{""C"": 0.29763514416313175, ""gamma"": ""scale""}",0.6979020979020979,0.5,0.3333333333333333,0.25,0.5,0.0
Fp2,VP011,"{""C"": 0.8858667904100825, ""gamma"": ""auto""}",0.8689093599646707,0.7638888888888888,0.7616358325219085,0.7742582197273455,0.7638888888888888,0.5277777777777778
AF6,VP011,"{""C"": 2.636650898730358, ""gamma"": ""scale""}",0.8332870241733815,0.6527777777777778,0.6510951734832332,0.6557828481510621,0.6527777777777778,0.3055555555555556
F2,VP011,"{""C"": 1.8329807108324356, ""gamma"": ""scale""}",0.8192086903446625,0.6805555555555556,0.669790628115653,0.7076308784383318,0.6805555555555556,0.36111111111111116
FC2,VP011,"{""C"": 16.23776739188721, ""gamma"": ""scale""}",0.7999753055932831,0.5972222222222222,0.5670744349989634,0.6347593582887701,0.5972222222222222,0.19444444444444442
FC6,VP011,"{""C"": 2.636650898730358, ""gamma"": ""scale""}",0.8052610429353034,0.7083333333333334,0.7037037037037037,0.7222222222222222,0.7083333333333334,0.41666666666666663
C4,VP011,"{""C"": 7.847599703514611, ""gamma"": ""scale""}",0.7916521980693103,0.5555555555555556,0.4889086069210293,0.6161290322580645,0.5555555555555556,0.11111111111111116
T8,VP011,"{""C"": 1.2742749857031335, ""gamma"": ""scale""}",0.7554347826086957,0.6527777777777778,0.6444795575745605,0.6685106382978723,0.6527777777777778,0.3055555555555556
CP2,VP011,"{""C"": 7.847599703514611, ""gamma"": ""scale""}",0.7637412271558612,0.5416666666666666,0.4529127331337785,0.6186813186813187,0.5416666666666666,0.08333333333333337
CP6,VP011,"{""C"": 7.847599703514611, ""gamma"": ""scale""}",0.7776061776061776,0.5694444444444444,0.5372174994816504,0.5962566844919786,0.5694444444444444,0.13888888888888884
P4,VP011,"{""C"": 5.455594781168517, ""gamma"": ""scale""}",0.7544642857142858,0.4583333333333333,0.33506985555292446,0.33880597014925373,0.4583333333333333,-0.08333333333333326
P8,VP011,"{""C"": 0.29763514416313175, ""gamma"": ""scale""}",0.7109683794466404,0.5,0.3333333333333333,0.25,0.5,0.0
O2,VP011,"{""C"": 5.455594781168517, ""gamma"": ""scale""}",0.6992481203007519,0.5138888888888888,0.36347562515786813,0.7535211267605634,0.5138888888888888,0.02777777777777779
Fp1,VP012,"{""C"": 1.8329807108324356, ""gamma"": ""auto""}",0.8471266763949691,0.9444444444444444,0.9444015444015443,0.9458204334365325,0.9444444444444444,0.8888888888888888
AF5,VP012,"{""C"": 3.79269019073225, ""gamma"": ""scale""}",0.8081542180585268,0.9861111111111112,0.9861084314103801,0.9864864864864865,0.9861111111111112,0.9722222222222222
AFz,VP012,"{""C"": 2.636650898730358, ""gamma"": ""auto""}",0.8221343873517787,0.9861111111111112,0.9861084314103801,0.9864864864864865,0.9861111111111112,0.9722222222222222
F1,VP012,"{""C"": 1.8329807108324356, ""gamma"": ""scale""}",0.8138759636085839,0.9861111111111112,0.9861084314103801,0.9864864864864865,0.9861111111111112,0.9722222222222222
FC5,VP012,"{""C"": 3.79269019073225, ""gamma"": ""scale""}",0.8110177865612648,0.9861111111111112,0.9861084314103801,0.9864864864864865,0.9861111111111112,0.9722222222222222
FC1,VP012,"{""C"": 0.8858667904100825, ""gamma"": ""scale""}",0.7914719761505726,0.9861111111111112,0.9861084314103801,0.9864864864864865,0.9861111111111112,0.9722222222222222
T7,VP012,"{""C"": 33.59818286283781, ""gamma"": ""scale""}",0.7777709188555202,0.9583333333333334,0.9583252942311402,0.9586872586872587,0.9583333333333333,0.9166666666666666
C3,VP012,"{""C"": 11.288378916846883, ""gamma"": ""scale""}",0.8083318544124569,0.9444444444444444,0.9442724458204335,0.95,0.9444444444444444,0.8888888888888888
Cz,VP012,"{""C"": 0.8858667904100825, ""gamma"": ""scale""}",0.7803504815452699,0.9166666666666666,0.916083916083916,0.9285714285714286,0.9166666666666667,0.8333333333333334
CP5,VP012,"{""C"": 16.23776739188721, ""gamma"": ""scale""}",0.7916264711557013,0.8472222222222222,0.8464818763326225,0.8540519276160503,0.8472222222222222,0.6944444444444444
CP1,VP012,"{""C"": 1.8329807108324356, ""gamma"": ""scale""}",0.786096256684492,0.8333333333333334,0.8300550747442959,0.8612040133779264,0.8333333333333333,0.6666666666666667
P7,VP012,"{""C"": 3.79269019073225, ""gamma"": ""scale""}",0.7433035714285714,0.6666666666666666,0.6643356643356644,0.6714285714285715,0.6666666666666667,0.33333333333333337
P3,VP012,"{""C"": 0.8858667904100825, ""gamma"": ""scale""}",0.776944762848911,0.7916666666666666,0.7906571040899399,0.7974036191974823,0.7916666666666667,0.5833333333333333
Pz,VP012,"{""C"": 0.8858667904100825, ""gamma"": ""scale""}",0.7602156200625794,0.75,0.746875,0.762987012987013,0.75,0.5
POz,VP012,"{""C"": 2.636650898730358, ""gamma"": ""scale""}",0.7300869565217392,0.6527777777777778,0.6444795575745605,0.6685106382978723,0.6527777777777778,0.3055555555555556
O1,VP012,"{""C"": 0.42813323987193935, ""gamma"": ""scale""}",0.6598407633445894,0.7222222222222222,0.71875,0.7337662337662337,0.7222222222222223,0.4444444444444444
Fp2,VP012,"{""C"": 1.2742749857031335, ""gamma"": ""scale""}",0.8497728045500912,0.9722222222222222,0.9722222222222222,0.9722222222222222,0.9722222222222222,0.9444444444444444
AF6,VP012,"{""C"": 2.636650898730358, ""gamma"": ""auto""}",0.8080830712889493,0.9722222222222222,0.9722007722007722,0.9736842105263157,0.9722222222222222,0.9444444444444444
F2,VP012,"{""C"": 1.2742749857031335, ""gamma"": ""scale""}",0.8166157265907197,0.9583333333333334,0.9582608695652174,0.9615384615384616,0.9583333333333333,0.9166666666666666
FC2,VP012,"{""C"": 1.2742749857031335, ""gamma"": ""scale""}",0.7859773469529567,0.9305555555555556,0.9302190346966466,0.9390243902439024,0.9305555555555556,0.8611111111111112
FC6,VP012,"{""C"": 1.8329807108324356, ""gamma"": ""scale""}",0.8082608393605607,0.8888888888888888,0.8875,0.9090909090909092,0.8888888888888888,0.7777777777777778
C4,VP012,"{""C"": 0.8858667904100825, ""gamma"": ""scale""}",0.7833333333333333,0.8888888888888888,0.8875,0.9090909090909092,0.8888888888888888,0.7777777777777778
T8,VP012,"{""C"": 5.455594781168517, ""gamma"": ""scale""}",0.7463591387359766,0.8472222222222222,0.8457643622200585,0.8608660785886126,0.8472222222222222,0.6944444444444444
CP2,VP012,"{""C"": 3.79269019073225, ""gamma"": ""scale""}",0.7666666666666667,0.8194444444444444,0.8177215189873418,0.8319967923015237,0.8194444444444444,0.6388888888888888
CP6,VP012,"{""C"": 3.79269019073225, ""gamma"": ""scale""}",0.7666666666666667,0.8333333333333334,0.8285714285714285,0.875,0.8333333333333333,0.6666666666666667
P4,VP012,"{""C"": 7.847599703514611, ""gamma"": ""scale""}",0.760926640926641,0.7777777777777778,0.775,0.7922077922077921,0.7777777777777777,0.5555555555555556
P8,VP012,"{""C"": 100.0, ""gamma"": ""auto""}",0.696695652173913,0.6944444444444444,0.6857142857142857,0.71875,0.6944444444444444,0.38888888888888884
O2,VP012,"{""C"": 0.8858667904100825, ""gamma"": ""scale""}",0.6694418938417734,0.7083333333333334,0.7013628283626308,0.7297872340425532,0.7083333333333334,0.41666666666666663
Fp1,VP013,"{""C"": 11.288378916846883, ""gamma"": ""auto""}",0.85,0.8888888888888888,0.8888030888030888,0.890092879256966,0.8888888888888888,0.7777777777777778
AF5,VP013,"{""C"": 2.636650898730358, ""gamma"": ""auto""}",0.8443675889328064,0.875,0.8743942624539639,0.8823760818253343,0.875,0.75
AFz,VP013,"{""C"": 1.2742749857031335, ""gamma"": ""scale""}",0.8361098465265936,0.8888888888888888,0.8885448916408669,0.89375,0.8888888888888888,0.7777777777777778
F1,VP013,"{""C"": 0.8858667904100825, ""gamma"": ""scale""}",0.8166666666666667,0.8611111111111112,0.8606811145510835,0.865625,0.8611111111111112,0.7222222222222222
FC5,VP013,"{""C"": 7.847599703514611, ""gamma"": ""scale""}",0.824998649680939,0.8055555555555556,0.8055555555555556,0.8055555555555556,0.8055555555555556,0.6111111111111112
FC1,VP013,"{""C"": 7.847599703514611, ""gamma"": ""scale""}",0.8081542180585268,0.7638888888888888,0.7634782608695652,0.7657342657342657,0.7638888888888888,0.5277777777777778
T7,VP013,"{""C"": 11.288378916846883, ""gamma"": ""scale""}",0.824998649680939,0.7361111111111112,0.7360601967972217,0.7362934362934364,0.7361111111111112,0.4722222222222222
C3,VP013,"{""C"": 2.636650898730358, ""gamma"": ""scale""}",0.8163038099950519,0.8194444444444444,0.8194096083349411,0.8196911196911197,0.8194444444444444,0.6388888888888888
Cz,VP013,"{""C"": 69.51927961775606, ""gamma"": ""scale""}",0.7916264711557013,0.7222222222222222,0.7202797202797203,0.7285714285714286,0.7222222222222222,0.4444444444444444
CP5,VP013,"{""C"": 33.59818286283781, ""gamma"": ""scale""}",0.7805538622983201,0.7222222222222222,0.7222222222222222,0.7222222222222222,0.7222222222222222,0.4444444444444444
CP1,VP013,"{""C"": 7.847599703514611, ""gamma"": ""scale""}",0.7830051621279095,0.7638888888888888,0.7627447179685987,0.7690794649881982,0.7638888888888888,0.5277777777777778
P7,VP013,"{""C"": 7.847599703514611, ""gamma"": ""scale""}",0.7275675675675676,0.8194444444444444,0.8185694902112812,0.8257277734067663,0.8194444444444444,0.6388888888888888
P3,VP013,"{""C"": 33.59818286283781, ""gamma"": ""scale""}",0.7664071190211346,0.7638888888888888,0.7638433339764614,0.7640926640926642,0.7638888888888888,0.5277777777777778
Pz,VP013,"{""C"": 1.2742749857031335, ""gamma"": ""scale""}",0.7353739970132855,0.7638888888888888,0.7601410934744268,0.7814814814814814,0.7638888888888888,0.5277777777777778
POz,VP013,"{""C"": 11.288378916846883, ""gamma"": ""scale""}",0.6908054070365757,0.6805555555555556,0.6799999999999999,0.6818181818181819,0.6805555555555556,0.36111111111111116
O1,VP013,"{""C"": 2.636650898730358, ""gamma"": ""scale""}",0.6772897282927884,0.7777777777777778,0.7770897832817337,0.78125,0.7777777777777778,0.5555555555555556
Fp2,VP013,"{""C"": 1.8329807108324356, ""gamma"": ""scale""}",0.8332046332046332,0.8888888888888888,0.8888888888888888,0.8888888888888888,0.8888888888888888,0.7777777777777778
AF6,VP013,"{""C"": 23.357214690901213, ""gamma"": ""auto""}",0.8222002716384739,0.8611111111111112,0.8601398601398602,0.8714285714285714,0.8611111111111112,0.7222222222222222
F2,VP013,"{""C"": 2.636650898730358, ""gamma"": ""scale""}",0.811058627396499,0.9027777777777778,0.9018500486854917,0.9186046511627908,0.9027777777777778,0.8055555555555556
FC2,VP013,"{""C"": 2.636650898730358, ""gamma"": ""scale""}",0.8221728257849403,0.875,0.873807205452775,0.8897353648757017,0.875,0.75
FC6,VP013,"{""C"": 11.288378916846883, ""gamma"": ""scale""}",0.7970954068515044,0.9027777777777778,0.9018500486854917,0.9186046511627908,0.9027777777777778,0.8055555555555556
C4,VP013,"{""C"": 2.636650898730358, ""gamma"": ""scale""}",0.7888823729127442,0.8888888888888888,0.8881118881118881,0.9,0.8888888888888888,0.7777777777777778
T8,VP013,"{""C"": 5.455594781168517, ""gamma"": ""scale""}",0.7457923039318388,0.8055555555555556,0.8,0.84375,0.8055555555555556,0.6111111111111112
CP2,VP013,"{""C"": 100.0, ""gamma"": ""scale""}",0.7636682396373158,0.8055555555555556,0.8041958041958042,0.8142857142857143,0.8055555555555556,0.6111111111111112
CP6,VP013,"{""C"": 1.8329807108324356, ""gamma"": ""scale""}",0.7610447346485134,0.8333333333333334,0.8285714285714285,0.875,0.8333333333333333,0.6666666666666667
P4,VP013,"{""C"": 1.2742749857031335, ""gamma"": ""scale""}",0.7472202717613562,0.8055555555555556,0.8,0.84375,0.8055555555555556,0.6111111111111112
P8,VP013,"{""C"": 0.8858667904100825, ""gamma"": ""scale""}",0.6771400296882731,0.7361111111111112,0.7163591125855276,0.8272727272727273,0.7361111111111112,0.4722222222222222
O2,VP013,"{""C"": 2.636650898730358, ""gamma"": ""scale""}",0.6555449242260564,0.7638888888888888,0.7601410934744268,0.7814814814814814,0.7638888888888888,0.5277777777777778
Fp1,VP014,"{""C"": 1.2742749857031335, ""gamma"": ""auto""}",0.8333127546610692,0.875,0.8743942624539639,0.8823760818253343,0.875,0.75
AF5,VP014,"{""C"": 3.79269019073225, ""gamma"": ""scale""}",0.8194430512581116,0.9722222222222222,0.9722222222222222,0.9722222222222222,0.9722222222222222,0.9444444444444444
AFz,VP014,"{""C"": 2.636650898730358, ""gamma"": ""auto""}",0.8388888888888889,0.9444444444444444,0.9444444444444444,0.9444444444444444,0.9444444444444444,0.8888888888888888
F1,VP014,"{""C"": 2.636650898730358, ""gamma"": ""scale""}",0.8165760869565217,0.9583333333333334,0.9583252942311402,0.9586872586872587,0.9583333333333333,0.9166666666666666
FC5,VP014,"{""C"": 1.8329807108324356, ""gamma"": ""scale""}",0.7999753055932831,0.9305555555555556,0.9304347826086956,0.9335664335664335,0.9305555555555556,0.8611111111111112
FC1,VP014,"{""C"": 1.2742749857031335, ""gamma"": ""scale""}",0.7776061776061776,0.9027777777777778,0.9023066485753053,0.9107002360346184,0.9027777777777778,0.8055555555555556
T7,VP014,"{""C"": 7.847599703514611, ""gamma"": ""scale""}",0.7637995847195314,0.8472222222222222,0.8464818763326225,0.8540519276160503,0.8472222222222222,0.6944444444444444
C3,VP014,"{""C"": 1.2742749857031335, ""gamma"": ""scale""}",0.8106377053745475,0.8611111111111112,0.859375,0.8798701298701299,0.8611111111111112,0.7222222222222222
Cz,VP014,"{""C"": 0.6158482110660264, ""gamma"": ""scale""}",0.7910847344841727,0.8888888888888888,0.8875,0.9090909090909092,0.8888888888888888,0.7777777777777778
CP5,VP014,"{""C"": 16.23776739188721, ""gamma"": ""scale""}",0.8083318544124569,0.8333333333333334,0.8321678321678322,0.8428571428571429,0.8333333333333333,0.6666666666666667
CP1,VP014,"{""C"": 16.23776739188721, ""gamma"": ""scale""}",0.8055315471045807,0.8888888888888888,0.8875,0.9090909090909092,0.8888888888888888,0.7777777777777778
P7,VP014,"{""C"": 16.23776739188721, ""gamma"": ""scale""}",0.7527606083755816,0.8333333333333334,0.8328173374613003,0.8375,0.8333333333333333,0.6666666666666667
P3,VP014,"{""C"": 5.455594781168517, ""gamma"": ""scale""}",0.7886540600667409,0.8611111111111112,0.8601398601398602,0.8714285714285714,0.8611111111111112,0.7222222222222222
Pz,VP014,"{""C"": 2.636650898730358, ""gamma"": ""scale""}",0.7713683819201338,0.8888888888888888,0.8885448916408669,0.89375,0.8888888888888888,0.7777777777777778
POz,VP014,"{""C"": 1.8329807108324356, ""gamma"": ""scale""}",0.7522252553920393,0.8194444444444444,0.8185694902112812,0.8257277734067663,0.8194444444444444,0.6388888888888888
O1,VP014,"{""C"": 1.2742749857031335, ""gamma"": ""scale""}",0.7138690186818529,0.7777777777777778,0.7762237762237763,0.7857142857142858,0.7777777777777778,0.5555555555555556
Fp2,VP014,"{""C"": 2.636650898730358, ""gamma"": ""scale""}",0.8443243243243244,0.875,0.873807205452775,0.8897353648757017,0.875,0.75
AF6,VP014,"{""C"": 1.8329807108324356, ""gamma"": ""scale""}",0.824998649680939,0.9444444444444444,0.9444015444015443,0.9458204334365325,0.9444444444444444,0.8888888888888888
F2,VP014,"{""C"": 2.636650898730358, ""gamma"": ""scale""}",0.8220849420849421,0.9444444444444444,0.9442724458204335,0.95,0.9444444444444444,0.8888888888888888
FC2,VP014,"{""C"": 3.79269019073225, ""gamma"": ""scale""}",0.7968695652173914,0.9166666666666666,0.916083916083916,0.9285714285714286,0.9166666666666667,0.8333333333333334
FC6,VP014,"{""C"": 11.288378916846883, ""gamma"": ""scale""}",0.7860698437198533,0.9027777777777778,0.9023066485753053,0.9107002360346184,0.9027777777777778,0.8055555555555556
C4,VP014,"{""C"": 48.32930238571752, ""gamma"": ""scale""}",0.7801739130434783,0.875,0.873015873015873,0.9,0.875,0.75
T8,VP014,"{""C"": 2.636650898730358, ""gamma"": ""scale""}",0.7261209787604024,0.8611111111111112,0.859375,0.8798701298701299,0.8611111111111112,0.7222222222222222
CP2,VP014,"{""C"": 2.636650898730358, ""gamma"": ""scale""}",0.7910847344841727,0.8888888888888888,0.8875,0.9090909090909092,0.8888888888888888,0.7777777777777778
CP6,VP014,"{""C"": 0.6158482110660264, ""gamma"": ""scale""}",0.7721940980367947,0.8888888888888888,0.8875,0.9090909090909092,0.8888888888888888,0.7777777777777778
P4,VP014,"{""C"": 2.636650898730358, ""gamma"": ""scale""}",0.7776061776061776,0.8472222222222222,0.8457643622200585,0.8608660785886126,0.8472222222222222,0.6944444444444444
P8,VP014,"{""C"": 0.42813323987193935, ""gamma"": ""scale""}",0.7277693755980124,0.7638888888888888,0.7499489274770174,0.8396226415094339,0.7638888888888888,0.5277777777777778
O2,VP014,"{""C"": 3.79269019073225, ""gamma"": ""scale""}",0.6999166435120867,0.7222222222222222,0.71875,0.7337662337662337,0.7222222222222223,0.4444444444444444
Fp1,VP015,"{""C"": 5.455594781168517, ""gamma"": ""auto""}",0.8333127546610692,0.8611111111111112,0.8610038610038611,0.8622291021671826,0.8611111111111112,0.7222222222222222
AF5,VP015,"{""C"": 1.2742749857031335, ""gamma"": ""scale""}",0.8194430512581116,0.8333333333333334,0.8321678321678322,0.8428571428571429,0.8333333333333333,0.6666666666666667
AFz,VP015,"{""C"": 1.8329807108324356, ""gamma"": ""scale""}",0.8110877886158785,0.875,0.8747826086956522,0.8776223776223776,0.875,0.75
F1,VP015,"{""C"": 3.79269019073225, ""gamma"": ""scale""}",0.799901185770751,0.8611111111111112,0.859375,0.8798701298701299,0.8611111111111112,0.7222222222222222
FC5,VP015,"{""C"": 7.847599703514611, ""gamma"": ""scale""}",0.7943873298138372,0.875,0.873807205452775,0.8897353648757017,0.875,0.75
FC1,VP015,"{""C"": 3.79269019073225, ""gamma"": ""scale""}",0.7776679841897234,0.875,0.8743942624539639,0.8823760818253343,0.875,0.75
T7,VP015,"{""C"": 5.455594781168517, ""gamma"": ""scale""}",0.7511630254972468,0.8611111111111112,0.8606811145510835,0.865625,0.8611111111111112,0.7222222222222222
C3,VP015,"{""C"": 1.2742749857031335, ""gamma"": ""scale""}",0.7693002571051352,0.8888888888888888,0.8881118881118881,0.9,0.8888888888888888,0.7777777777777778
Cz,VP015,"{""C"": 1.8329807108324356, ""gamma"": ""scale""}",0.7582867065406136,0.8472222222222222,0.8469565217391304,0.8496503496503496,0.8472222222222222,0.6944444444444444
CP5,VP015,"{""C"": 0.8858667904100825, ""gamma"": ""scale""}",0.7664864864864864,0.8194444444444444,0.8177215189873418,0.8319967923015237,0.8194444444444444,0.6388888888888888
CP1,VP015,"{""C"": 3.79269019073225, ""gamma"": ""scale""}",0.7361090749157015,0.7777777777777778,0.7776061776061776,0.7786377708978328,0.7777777777777778,0.5555555555555556
P7,VP015,"{""C"": 2.636650898730358, ""gamma"": ""scale""}",0.7270955165692008,0.6388888888888888,0.634375,0.6461038961038961,0.6388888888888888,0.2777777777777778
P3,VP015,"{""C"": 3.79269019073225, ""gamma"": ""scale""}",0.7357665474268142,0.75,0.75,0.75,0.75,0.5
Pz,VP015,"{""C"": 48.32930238571752, ""gamma"": ""scale""}",0.7136215139134532,0.7638888888888888,0.7638433339764614,0.7640926640926642,0.7638888888888888,0.5277777777777778
POz,VP015,"{""C"": 100.0, ""gamma"": ""auto""}",0.6914738378153013,0.6944444444444444,0.6944444444444444,0.6944444444444444,0.6944444444444444,0.38888888888888884
O1,VP015,"{""C"": 0.6158482110660264, ""gamma"": ""scale""}",0.7037635076388027,0.5972222222222222,0.5965217391304347,0.5979020979020979,0.5972222222222222,0.19444444444444442
Fp2,VP015,"{""C"": 7.847599703514611, ""gamma"": ""scale""}",0.8138874528352842,0.8611111111111112,0.8611111111111112,0.8611111111111112,0.8611111111111112,0.7222222222222222
AF6,VP015,"{""C"": 2.636650898730358, ""gamma"": ""auto""}",0.8110177865612648,0.8333333333333334,0.8332046332046332,0.8343653250773994,0.8333333333333334,0.6666666666666667
F2,VP015,"{""C"": 1.2742749857031335, ""gamma"": ""scale""}",0.8025202617610927,0.8611111111111112,0.8606811145510835,0.865625,0.8611111111111112,0.7222222222222222
FC2,VP015,"{""C"": 0.8858667904100825, ""gamma"": ""scale""}",0.7802690236496665,0.875,0.8743942624539639,0.8823760818253343,0.875,0.75
FC6,VP015,"{""C"": 3.79269019073225, ""gamma"": ""scale""}",0.7882352941176471,0.8472222222222222,0.8457643622200585,0.8608660785886126,0.8472222222222222,0.6944444444444444
C4,VP015,"{""C"": 2.636650898730358, ""gamma"": ""scale""}",0.7776061776061776,0.8472222222222222,0.8464818763326225,0.8540519276160503,0.8472222222222222,0.6944444444444444
T8,VP015,"{""C"": 2.636650898730358, ""gamma"": ""scale""}",0.7285426659100273,0.7916666666666666,0.791304347826087,0.7937062937062938,0.7916666666666667,0.5833333333333333
CP2,VP015,"{""C"": 7.847599703514611, ""gamma"": ""scale""}",0.7527758701841836,0.7916666666666666,0.7916264711557013,0.7918918918918919,0.7916666666666667,0.5833333333333333
CP6,VP015,"{""C"": 1.8329807108324356, ""gamma"": ""scale""}",0.7555253735029015,0.8055555555555556,0.8055555555555556,0.8055555555555556,0.8055555555555556,0.6111111111111112
P4,VP015,"{""C"": 5.455594781168517, ""gamma"": ""scale""}",0.7386872586872587,0.8055555555555556,0.8054054054054054,0.8065015479876161,0.8055555555555556,0.6111111111111112
P8,VP015,"{""C"": 2.636650898730358, ""gamma"": ""scale""}",0.6971077027579873,0.6666666666666666,0.6664092664092665,0.6671826625386997,0.6666666666666666,0.33333333333333337
O2,VP015,"{""C"": 0.6158482110660264, ""gamma"": ""scale""}",0.7136215139134532,0.5416666666666666,0.5262213359920239,0.5479148181011535,0.5416666666666666,0.08333333333333337
Fp1,VP016,"{""C"": 2.636650898730358, ""gamma"": ""scale""}",0.8361098465265936,0.9027777777777778,0.9027590198726606,0.9030888030888031,0.9027777777777777,0.8055555555555556
AF5,VP016,"{""C"": 2.636650898730358, ""gamma"": ""scale""}",0.8193315266485999,0.9166666666666666,0.916083916083916,0.9285714285714286,0.9166666666666667,0.8333333333333334
AFz,VP016,"{""C"": 1.8329807108324356, ""gamma"": ""scale""}",0.8246088886482975,0.8888888888888888,0.8888030888030888,0.890092879256966,0.8888888888888888,0.7777777777777778
F1,VP016,"{""C"": 3.79269019073225, ""gamma"": ""scale""}",0.7944190640819855,0.8888888888888888,0.8885448916408669,0.89375,0.8888888888888888,0.7777777777777778
FC5,VP016,"{""C"": 1.8329807108324356, ""gamma"": ""scale""}",0.7888823729127442,0.8333333333333334,0.8321678321678322,0.8428571428571429,0.8333333333333333,0.6666666666666667
FC1,VP016,"{""C"": 2.636650898730358, ""gamma"": ""scale""}",0.7777160322311754,0.9166666666666666,0.9166023166023166,0.9179566563467492,0.9166666666666666,0.8333333333333334
T7,VP016,"{""C"": 2.636650898730358, ""gamma"": ""scale""}",0.7499922837124602,0.8194444444444444,0.8177215189873418,0.8319967923015237,0.8194444444444444,0.6388888888888888
C3,VP016,"{""C"": 48.32930238571752, ""gamma"": ""scale""}",0.7916264711557013,0.8888888888888888,0.8881118881118881,0.9,0.8888888888888888,0.7777777777777778
Cz,VP016,"{""C"": 1.8329807108324356, ""gamma"": ""scale""}",0.7722151918269082,0.8888888888888888,0.8881118881118881,0.9,0.8888888888888888,0.7777777777777778
CP5,VP016,"{""C"": 7.847599703514611, ""gamma"": ""scale""}",0.7554347826086957,0.8333333333333334,0.8285714285714285,0.875,0.8333333333333333,0.6666666666666667
CP1,VP016,"{""C"": 5.455594781168517, ""gamma"": ""scale""}",0.7742317608529022,0.8888888888888888,0.8875,0.9090909090909092,0.8888888888888888,0.7777777777777778
P7,VP016,"{""C"": 5.455594781168517, ""gamma"": ""scale""}",0.6997683397683397,0.8611111111111112,0.8583792289535799,0.8913043478260869,0.8611111111111112,0.7222222222222222
P3,VP016,"{""C"": 0.42813323987193935, ""gamma"": ""scale""}",0.7375197790946604,0.8611111111111112,0.8583792289535799,0.8913043478260869,0.8611111111111112,0.7222222222222222
Pz,VP016,"{""C"": 0.6158482110660264, ""gamma"": ""scale""}",0.7326649958228906,0.8611111111111112,0.8583792289535799,0.8913043478260869,0.8611111111111112,0.7222222222222222
POz,VP016,"{""C"": 1.8329807108324356, ""gamma"": ""scale""}",0.6776185770750989,0.8611111111111112,0.8583792289535799,0.8913043478260869,0.8611111111111112,0.7222222222222222
O1,VP016,"{""C"": 1.8329807108324356, ""gamma"": ""scale""}",0.6638655462184874,0.7222222222222222,0.6989966555183946,0.8214285714285714,0.7222222222222222,0.4444444444444444
Fp2,VP016,"{""C"": 2.636650898730358, ""gamma"": ""auto""}",0.8388839161702522,0.9027777777777778,0.9027590198726606,0.9030888030888031,0.9027777777777777,0.8055555555555556
AF6,VP016,"{""C"": 2.636650898730358, ""gamma"": ""auto""}",0.8163038099950519,0.9027777777777778,0.9026086956521739,0.9055944055944056,0.9027777777777778,0.8055555555555556
F2,VP016,"{""C"": 2.636650898730358, ""gamma"": ""scale""}",0.811058627396499,0.8888888888888888,0.8885448916408669,0.89375,0.8888888888888888,0.7777777777777778
FC2,VP016,"{""C"": 5.455594781168517, ""gamma"": ""scale""}",0.8055495539985802,0.9027777777777778,0.9027590198726606,0.9030888030888031,0.9027777777777777,0.8055555555555556
FC6,VP016,"{""C"": 3.79269019073225, ""gamma"": ""scale""}",0.782904502721425,0.8472222222222222,0.8457643622200585,0.8608660785886126,0.8472222222222222,0.6944444444444444
C4,VP016,"{""C"": 0.8858667904100825, ""gamma"": ""scale""}",0.78330658105939,0.8194444444444444,0.8151293699387715,0.8523404255319149,0.8194444444444444,0.6388888888888888
T8,VP016,"{""C"": 5.455594781168517, ""gamma"": ""scale""}",0.7519336631593617,0.6666666666666666,0.625,0.8,0.6666666666666666,0.33333333333333337
CP2,VP016,"{""C"": 5.455594781168517, ""gamma"": ""scale""}",0.7553667953667953,0.8472222222222222,0.8435710053328067,0.8829787234042553,0.8472222222222222,0.6944444444444444
CP6,VP016,"{""C"": 0.6158482110660264, ""gamma"": ""scale""}",0.7388808296552363,0.6805555555555556,0.6442534908700323,0.8050847457627119,0.6805555555555556,0.36111111111111116
P4,VP016,"{""C"": 0.6158482110660264, ""gamma"": ""scale""}",0.7330367074527253,0.7361111111111112,0.7163591125855276,0.8272727272727273,0.7361111111111112,0.4722222222222222
P8,VP016,"{""C"": 0.8858667904100825, ""gamma"": ""scale""}",0.7220849802371542,0.5694444444444444,0.47146578261899125,0.7686567164179104,0.5694444444444444,0.13888888888888884
O2,VP016,"{""C"": 0.1, ""gamma"": ""scale""}",0.6425863241582563,0.5,0.3333333333333333,0.25,0.5,0.0
Fp1,VP017,"{""C"": 5.455594781168517, ""gamma"": ""auto""}",0.858332240217903,0.875,0.8749758826934207,0.8752895752895753,0.875,0.75
AF5,VP017,"{""C"": 1.8329807108324356, ""gamma"": ""scale""}",0.8444396431988641,0.7916666666666666,0.7906571040899399,0.7974036191974823,0.7916666666666667,0.5833333333333333
AFz,VP017,"{""C"": 1.2742749857031335, ""gamma"": ""scale""}",0.830543787763039,0.7361111111111112,0.7335929892891919,0.7453889334402566,0.7361111111111112,0.4722222222222222
F1,VP017,"{""C"": 2.636650898730358, ""gamma"": ""scale""}",0.8166666666666667,0.6805555555555556,0.6804939224387421,0.6806949806949807,0.6805555555555556,0.36111111111111116
FC5,VP017,"{""C"": 2.636650898730358, ""gamma"": ""scale""}",0.838868996172367,0.7638888888888888,0.7634782608695652,0.7657342657342657,0.7638888888888888,0.5277777777777778
FC1,VP017,"{""C"": 1.2742749857031335, ""gamma"": ""scale""}",0.8027397260273973,0.5694444444444444,0.5673580151192091,0.5708103855232101,0.5694444444444444,0.13888888888888884
T7,VP017,"{""C"": 11.288378916846883, ""gamma"": ""scale""}",0.7721589330369547,0.6388888888888888,0.634375,0.6461038961038961,0.6388888888888888,0.2777777777777778
C3,VP017,"{""C"": 5.455594781168517, ""gamma"": ""scale""}",0.8221343873517787,0.5972222222222222,0.5933787731256086,0.6010425020048116,0.5972222222222222,0.19444444444444442
Cz,VP017,"{""C"": 11.288378916846883, ""gamma"": ""scale""}",0.791304347826087,0.5555555555555556,0.5552123552123551,0.5557275541795665,0.5555555555555556,0.11111111111111116
CP5,VP017,"{""C"": 3.79269019073225, ""gamma"": ""scale""}",0.7969574522332362,0.6666666666666666,0.6643356643356644,0.6714285714285715,0.6666666666666667,0.33333333333333337
CP1,VP017,"{""C"": 2.636650898730358, ""gamma"": ""scale""}",0.7972206575668022,0.5277777777777778,0.5277777777777778,0.5277777777777778,0.5277777777777778,0.05555555555555558
P7,VP017,"{""C"": 1.8329807108324356, ""gamma"": ""scale""}",0.7412173913043478,0.5972222222222222,0.5952704012405505,0.5991345397324941,0.5972222222222222,0.19444444444444442
P3,VP017,"{""C"": 3.79269019073225, ""gamma"": ""scale""}",0.7609930830039526,0.6666666666666666,0.6664092664092665,0.6671826625386997,0.6666666666666666,0.33333333333333337
Pz,VP017,"{""C"": 2.636650898730358, ""gamma"": ""scale""}",0.7609930830039526,0.6111111111111112,0.6083916083916084,0.6142857142857143,0.6111111111111112,0.2222222222222222
POz,VP017,"{""C"": 2.636650898730358, ""gamma"": ""scale""}",0.7361090749157015,0.6388888888888888,0.6386100386100386,0.6393188854489165,0.6388888888888888,0.2777777777777778
O1,VP017,"{""C"": 100.0, ""gamma"": ""auto""}",0.6925847720780027,0.5277777777777778,0.5263157894736843,0.528125,0.5277777777777778,0.05555555555555558
Fp2,VP017,"{""C"": 5.455594781168517, ""gamma"": ""auto""}",0.8472116119174943,0.8333333333333334,0.8332046332046332,0.8343653250773994,0.8333333333333334,0.6666666666666667
AF6,VP017,"{""C"": 3.79269019073225, ""gamma"": ""auto""}",0.8361098465265936,0.7222222222222222,0.7142857142857142,0.75,0.7222222222222222,0.4444444444444444
F2,VP017,"{""C"": 2.636650898730358, ""gamma"": ""scale""}",0.8055015282022784,0.6388888888888888,0.6363636363636364,0.6428571428571428,0.6388888888888888,0.2777777777777778
FC2,VP017,"{""C"": 2.636650898730358, ""gamma"": ""scale""}",0.7944380999413563,0.6527777777777778,0.6494644595910419,0.6587810745789896,0.6527777777777778,0.3055555555555556
FC6,VP017,"{""C"": 1.2742749857031335, ""gamma"": ""scale""}",0.8165760869565217,0.6666666666666666,0.6535685645549318,0.6963636363636363,0.6666666666666667,0.33333333333333337
C4,VP017,"{""C"": 23.357214690901213, ""gamma"": ""auto""}",0.7888302306196165,0.6388888888888888,0.6363636363636364,0.6428571428571428,0.6388888888888888,0.2777777777777778
T8,VP017,"{""C"": 16.23776739188721, ""gamma"": ""scale""}",0.7554876354542928,0.7222222222222222,0.722007722007722,0.7229102167182663,0.7222222222222222,0.4444444444444444
CP2,VP017,"{""C"": 3.79269019073225, ""gamma"": ""scale""}",0.7887258687258687,0.6388888888888888,0.6386100386100386,0.6393188854489165,0.6388888888888888,0.2777777777777778
CP6,VP017,"{""C"": 5.455594781168517, ""gamma"": ""scale""}",0.7637412271558612,0.7083333333333334,0.7082770596179818,0.7084942084942085,0.7083333333333333,0.41666666666666663
P4,VP017,"{""C"": 7.847599703514611, ""gamma"": ""scale""}",0.7638433339764614,0.6944444444444444,0.6944444444444444,0.6944444444444444,0.6944444444444444,0.38888888888888884
P8,VP017,"{""C"": 0.6158482110660264, ""gamma"": ""scale""}",0.6915500459278585,0.7222222222222222,0.7213622291021672,0.725,0.7222222222222222,0.4444444444444444
O2,VP017,"{""C"": 0.6158482110660264, ""gamma"": ""scale""}",0.6749774289881242,0.6666666666666666,0.6601101494885917,0.6806020066889632,0.6666666666666667,0.33333333333333337
Fp1,VP018,"{""C"": 33.59818286283781, ""gamma"": ""auto""}",0.830522863206637,0.8888888888888888,0.8888030888030888,0.890092879256966,0.8888888888888888,0.7777777777777778
AF5,VP018,"{""C"": 1.8329807108324356, ""gamma"": ""scale""}",0.7859112288479213,0.8194444444444444,0.8185694902112812,0.8257277734067663,0.8194444444444444,0.6388888888888888
AFz,VP018,"{""C"": 0.29763514416313175, ""gamma"": ""scale""}",0.7860698437198533,0.875,0.8747826086956522,0.8776223776223776,0.875,0.75
F1,VP018,"{""C"": 1.2742749857031335, ""gamma"": ""scale""}",0.7885691323297579,0.7777777777777778,0.7777777777777778,0.7777777777777778,0.7777777777777778,0.5555555555555556
FC5,VP018,"{""C"": 23.357214690901213, ""gamma"": ""scale""}",0.760926640926641,0.7777777777777778,0.7762237762237763,0.7857142857142858,0.7777777777777778,0.5555555555555556
FC1,VP018,"{""C"": 1.2742749857031335, ""gamma"": ""scale""}",0.7600446428571428,0.625,0.6123629112662015,0.6437444543034605,0.625,0.25
T7,VP018,"{""C"": 1.8329807108324356, ""gamma"": ""scale""}",0.7581821972065874,0.6805555555555556,0.6775073028237586,0.6876503608660787,0.6805555555555556,0.36111111111111116
C3,VP018,"{""C"": 100.0, ""gamma"": ""scale""}",0.771651350598719,0.6527777777777778,0.626788306033589,0.7117647058823529,0.6527777777777778,0.3055555555555556
Cz,VP018,"{""C"": 48.32930238571752, ""gamma"": ""scale""}",0.7490628582050249,0.5972222222222222,0.5597722960151803,0.6473684210526316,0.5972222222222222,0.19444444444444442
CP5,VP018,"{""C"": 16.23776739188721, ""gamma"": ""scale""}",0.7718772217242125,0.6666666666666666,0.6387959866220736,0.7410714285714286,0.6666666666666666,0.33333333333333337
CP1,VP018,"{""C"": 7.847599703514611, ""gamma"": ""scale""}",0.7600446428571428,0.5694444444444444,0.48606953718627677,0.6978021978021978,0.5694444444444444,0.13888888888888884
P7,VP018,"{""C"": 2.636650898730358, ""gamma"": ""scale""}",0.749505195447798,0.5416666666666666,0.4197802197802198,0.7608695652173914,0.5416666666666666,0.08333333333333337
P3,VP018,"{""C"": 48.32930238571752, ""gamma"": ""scale""}",0.7372997143212023,0.5555555555555556,0.4461538461538461,0.7647058823529411,0.5555555555555556,0.11111111111111116
Pz,VP018,"{""C"": 5.455594781168517, ""gamma"": ""scale""}",0.7370629370629371,0.5416666666666666,0.4373668008524746,0.6611940298507463,0.5416666666666666,0.08333333333333337
POz,VP018,"{""C"": 1.8329807108324356, ""gamma"": ""scale""}",0.6934984520123839,0.5416666666666666,0.4373668008524746,0.6611940298507463,0.5416666666666666,0.08333333333333337
O1,VP018,"{""C"": 33.59818286283781, ""gamma"": ""auto""}",0.674937295002894,0.5694444444444444,0.5440245148110316,0.5893743793445878,0.5694444444444444,0.13888888888888884
Fp2,VP018,"{""C"": 1.8329807108324356, ""gamma"": ""auto""}",0.8244024806633684,0.875,0.8749758826934207,0.8752895752895753,0.875,0.75
AF6,VP018,"{""C"": 7.847599703514611, ""gamma"": ""auto""}",0.7999753055932831,0.8611111111111112,0.8610038610038611,0.8622291021671826,0.8611111111111112,0.7222222222222222
F2,VP018,"{""C"": 0.8858667904100825, ""gamma"": ""scale""}",0.7886540600667409,0.875,0.8749758826934207,0.8752895752895753,0.875,0.75
FC2,VP018,"{""C"": 7.847599703514611, ""gamma"": ""scale""}",0.7774411919260611,0.6805555555555556,0.6616956077630235,0.7323733862959285,0.6805555555555556,0.36111111111111116
FC6,VP018,"{""C"": 7.847599703514611, ""gamma"": ""scale""}",0.7999444290080577,0.7916666666666666,0.7883597883597884,0.8111111111111111,0.7916666666666666,0.5833333333333333
C4,VP018,"{""C"": 3.79269019073225, ""gamma"": ""scale""}",0.7801739130434783,0.6111111111111112,0.5418181818181818,0.78125,0.6111111111111112,0.2222222222222222
T8,VP018,"{""C"": 0.8858667904100825, ""gamma"": ""scale""}",0.7219132369299222,0.6805555555555556,0.6660617059891107,0.7184873949579832,0.6805555555555556,0.36111111111111116
CP2,VP018,"{""C"": 23.357214690901213, ""gamma"": ""scale""}",0.7600446428571428,0.5694444444444444,0.47146578261899125,0.7686567164179104,0.5694444444444444,0.13888888888888884
CP6,VP018,"{""C"": 3.79269019073225, ""gamma"": ""scale""}",0.7465161445074628,0.5833333333333334,0.4957983193277311,0.7727272727272727,0.5833333333333334,0.16666666666666663
P4,VP018,"{""C"": 11.288378916846883, ""gamma"": ""scale""}",0.7317103465408024,0.5277777777777778,0.39225422045680236,0.7571428571428571,0.5277777777777778,0.05555555555555558
P8,VP018,"{""C"": 3.79269019073225, ""gamma"": ""scale""}",0.6721311475409836,0.5416666666666666,0.4197802197802198,0.7608695652173914,0.5416666666666666,0.08333333333333337
O2,VP018,"{""C"": 2.636650898730358, ""gamma"": ""scale""}",0.6832453459294248,0.5277777777777778,0.39225422045680236,0.7571428571428571,0.5277777777777778,0.05555555555555558
Fp1,VP019,"{""C"": 1.8329807108324356, ""gamma"": ""scale""}",0.8666666666666667,0.8333333333333334,0.8328173374613003,0.8375,0.8333333333333333,0.6666666666666667
AF5,VP019,"{""C"": 7.847599703514611, ""gamma"": ""auto""}",0.8527766417950755,0.8333333333333334,0.83125,0.8506493506493507,0.8333333333333333,0.6666666666666667
AFz,VP019,"{""C"": 1.8329807108324356, ""gamma"": ""auto""}",0.8638878386407303,0.8611111111111112,0.859375,0.8798701298701299,0.8611111111111112,0.7222222222222222
F1,VP019,"{""C"": 1.2742749857031335, ""gamma"": ""scale""}",0.8527675533023127,0.8472222222222222,0.8464818763326225,0.8540519276160503,0.8472222222222222,0.6944444444444444
FC5,VP019,"{""C"": 1.8329807108324356, ""gamma"": ""scale""}",0.8555510972560882,0.7361111111111112,0.7360601967972217,0.7362934362934364,0.7361111111111112,0.4722222222222222
FC1,VP019,"{""C"": 1.2742749857031335, ""gamma"": ""scale""}",0.8193761530208181,0.8472222222222222,0.8464818763326225,0.8540519276160503,0.8472222222222222,0.6944444444444444
T7,VP019,"{""C"": 48.32930238571752, ""gamma"": ""scale""}",0.7804725552099174,0.75,0.7498069498069498,0.7507739938080495,0.75,0.5
C3,VP019,"{""C"": 7.847599703514611, ""gamma"": ""scale""}",0.8416067803413327,0.7916666666666666,0.791304347826087,0.7937062937062938,0.7916666666666667,0.5833333333333333
Cz,VP019,"{""C"": 3.79269019073225, ""gamma"": ""scale""}",0.7997775305895439,0.7638888888888888,0.7638433339764614,0.7640926640926642,0.7638888888888888,0.5277777777777778
CP5,VP019,"{""C"": 11.288378916846883, ""gamma"": ""scale""}",0.8192757126638297,0.7777777777777778,0.7776061776061776,0.7786377708978328,0.7777777777777778,0.5555555555555556
CP1,VP019,"{""C"": 48.32930238571752, ""gamma"": ""scale""}",0.7913946427053797,0.7361111111111112,0.7348323318472572,0.7407553107789142,0.7361111111111112,0.4722222222222222
P7,VP019,"{""C"": 2.636650898730358, ""gamma"": ""scale""}",0.7659442724458204,0.7638888888888888,0.7634782608695652,0.7657342657342657,0.7638888888888888,0.5277777777777778
P3,VP019,"{""C"": 11.288378916846883, ""gamma"": ""scale""}",0.7774411919260611,0.7777777777777778,0.7770897832817337,0.78125,0.7777777777777778,0.5555555555555556
Pz,VP019,"{""C"": 7.847599703514611, ""gamma"": ""scale""}",0.7431044646458379,0.75,0.7492260061919505,0.753125,0.75,0.5
POz,VP019,"{""C"": 100.0, ""gamma"": ""auto""}",0.6855652173913043,0.7083333333333334,0.7069199457259159,0.7124311565696302,0.7083333333333333,0.41666666666666663
O1,VP019,"{""C"": 0.42813323987193935, ""gamma"": ""scale""}",0.6736679811886481,0.8194444444444444,0.8194096083349411,0.8196911196911197,0.8194444444444444,0.6388888888888888
Fp2,VP019,"{""C"": 1.2742749857031335, ""gamma"": ""auto""}",0.8749758826934207,0.8194444444444444,0.8194096083349411,0.8196911196911197,0.8194444444444444,0.6388888888888888
AF6,VP019,"{""C"": 1.8329807108324356, ""gamma"": ""scale""}",0.8694192552575728,0.8055555555555556,0.8055555555555556,0.8055555555555556,0.8055555555555556,0.6111111111111112
F2,VP019,"{""C"": 1.8329807108324356, ""gamma"": ""scale""}",0.852749372950029,0.8472222222222222,0.8457643622200585,0.8608660785886126,0.8472222222222222,0.6944444444444444
FC2,VP019,"{""C"": 3.79269019073225, ""gamma"": ""scale""}",0.8138529808990932,0.7638888888888888,0.7627447179685987,0.7690794649881982,0.7638888888888888,0.5277777777777778
FC6,VP019,"{""C"": 1.2742749857031335, ""gamma"": ""scale""}",0.8082963534632452,0.7222222222222222,0.71875,0.7337662337662337,0.7222222222222223,0.4444444444444444
C4,VP019,"{""C"": 0.8858667904100825, ""gamma"": ""scale""}",0.7966558082312614,0.7916666666666666,0.7896786757546251,0.8031275060144346,0.7916666666666666,0.5833333333333333
T8,VP019,"{""C"": 3.79269019073225, ""gamma"": ""scale""}",0.7581821972065874,0.6805555555555556,0.6804939224387421,0.6806949806949807,0.6805555555555556,0.36111111111111116
CP2,VP019,"{""C"": 7.847599703514611, ""gamma"": ""scale""}",0.7690434782608695,0.7638888888888888,0.7634782608695652,0.7657342657342657,0.7638888888888888,0.5277777777777778
CP6,VP019,"{""C"": 11.288378916846883, ""gamma"": ""scale""}",0.7712053571428572,0.7083333333333334,0.7082770596179818,0.7084942084942085,0.7083333333333333,0.41666666666666663
P4,VP019,"{""C"": 1.8329807108324356, ""gamma"": ""scale""}",0.7314685314685314,0.7916666666666666,0.7896786757546251,0.8031275060144346,0.7916666666666666,0.5833333333333333
P8,VP019,"{""C"": 1.2742749857031335, ""gamma"": ""scale""}",0.699666295884316,0.8472222222222222,0.847192745514181,0.8474903474903475,0.8472222222222223,0.6944444444444444
O2,VP019,"{""C"": 1.8329807108324356, ""gamma"": ""scale""}",0.6631377067689523,0.8194444444444444,0.8191304347826087,0.8216783216783217,0.8194444444444444,0.6388888888888888
Fp1,VP020,"{""C"": 1.2742749857031335, ""gamma"": ""scale""}",0.8722222222222222,0.8333333333333334,0.8321678321678322,0.8428571428571429,0.8333333333333333,0.6666666666666667
AF5,VP020,"{""C"": 7.847599703514611, ""gamma"": ""scale""}",0.8638626278217248,0.7777777777777778,0.7777777777777778,0.7777777777777778,0.7777777777777778,0.5555555555555556
AFz,VP020,"{""C"": 2.636650898730358, ""gamma"": ""auto""}",0.8665637065637066,0.7777777777777778,0.7770897832817337,0.78125,0.7777777777777778,0.5555555555555556
F1,VP020,"{""C"": 2.636650898730358, ""gamma"": ""scale""}",0.8332509881422925,0.8333333333333334,0.8328173374613003,0.8375,0.8333333333333333,0.6666666666666667
FC5,VP020,"{""C"": 3.79269019073225, ""gamma"": ""scale""}",0.8165760869565217,0.8055555555555556,0.8054054054054054,0.8065015479876161,0.8055555555555556,0.6111111111111112
FC1,VP020,"{""C"": 2.636650898730358, ""gamma"": ""scale""}",0.7916264711557013,0.8333333333333334,0.8321678321678322,0.8428571428571429,0.8333333333333333,0.6666666666666667
T7,VP020,"{""C"": 1.2742749857031335, ""gamma"": ""scale""}",0.7275675675675676,0.7916666666666666,0.7866877345447363,0.8217021276595745,0.7916666666666666,0.5833333333333333
C3,VP020,"{""C"": 5.455594781168517, ""gamma"": ""scale""}",0.8051707075705097,0.9166666666666666,0.9166023166023166,0.9179566563467492,0.9166666666666666,0.8333333333333334
Cz,VP020,"{""C"": 3.79269019073225, ""gamma"": ""scale""}",0.7749565888481574,0.9027777777777778,0.9023066485753053,0.9107002360346184,0.9027777777777778,0.8055555555555556
CP5,VP020,"{""C"": 7.847599703514611, ""gamma"": ""scale""}",0.7633611989699252,0.9027777777777778,0.9026086956521739,0.9055944055944056,0.9027777777777778,0.8055555555555556
CP1,VP020,"{""C"": 0.6158482110660264, ""gamma"": ""scale""}",0.7498418944557655,0.8888888888888888,0.8885448916408669,0.89375,0.8888888888888888,0.7777777777777778
P7,VP020,"{""C"": 5.455594781168517, ""gamma"": ""scale""}",0.7133913043478262,0.875,0.8747826086956522,0.8776223776223776,0.875,0.75
P3,VP020,"{""C"": 100.0, ""gamma"": ""auto""}",0.7274749721913236,0.7916666666666666,0.791304347826087,0.7937062937062938,0.7916666666666667,0.5833333333333333
Pz,VP020,"{""C"": 0.6158482110660264, ""gamma"": ""scale""}",0.74125,0.8055555555555556,0.8054054054054054,0.8065015479876161,0.8055555555555556,0.6111111111111112
POz,VP020,"{""C"": 3.79269019073225, ""gamma"": ""scale""}",0.7040116657875959,0.7916666666666666,0.791304347826087,0.7937062937062938,0.7916666666666667,0.5833333333333333
O1,VP020,"{""C"": 48.32930238571752, ""gamma"": ""auto""}",0.6749974922646008,0.6805555555555556,0.6775073028237586,0.6876503608660787,0.6805555555555556,0.36111111111111116
Fp2,VP020,"{""C"": 2.636650898730358, ""gamma"": ""auto""}",0.8805546339092123,0.8472222222222222,0.8464818763326225,0.8540519276160503,0.8472222222222222,0.6944444444444444
AF6,VP020,"{""C"": 7.847599703514611, ""gamma"": ""scale""}",0.883329732399148,0.8055555555555556,0.804953560371517,0.809375,0.8055555555555556,0.6111111111111112
F2,VP020,"{""C"": 1.8329807108324356, ""gamma"": ""scale""}",0.8444252376836646,0.8055555555555556,0.8054054054054054,0.8065015479876161,0.8055555555555556,0.6111111111111112
FC2,VP020,"{""C"": 1.8329807108324356, ""gamma"": ""scale""}",0.8110877886158785,0.8611111111111112,0.8606811145510835,0.865625,0.8611111111111112,0.7222222222222222
FC6,VP020,"{""C"": 0.42813323987193935, ""gamma"": ""scale""}",0.7965298585464428,0.8611111111111112,0.8610038610038611,0.8622291021671826,0.8611111111111112,0.7222222222222222
C4,VP020,"{""C"": 2.636650898730358, ""gamma"": ""scale""}",0.7833266458841321,0.875,0.8747826086956522,0.8776223776223776,0.875,0.75
T8,VP020,"{""C"": 3.79269019073225, ""gamma"": ""scale""}",0.7440573707149702,0.8194444444444444,0.8191304347826087,0.8216783216783217,0.8194444444444444,0.6388888888888888
CP2,VP020,"{""C"": 1.8329807108324356, ""gamma"": ""scale""}",0.7466572836030965,0.9305555555555556,0.9304347826086956,0.9335664335664335,0.9305555555555556,0.8611111111111112
CP6,VP020,"{""C"": 5.455594781168517, ""gamma"": ""scale""}",0.7218014899075763,0.875,0.8743942624539639,0.8823760818253343,0.875,0.75
P4,VP020,"{""C"": 1.2742749857031335, ""gamma"": ""scale""}",0.724231849519108,0.8888888888888888,0.8888030888030888,0.890092879256966,0.8888888888888888,0.7777777777777778
P8,VP020,"{""C"": 5.455594781168517, ""gamma"": ""scale""}",0.7,0.6666666666666666,0.6643356643356644,0.6714285714285715,0.6666666666666667,0.33333333333333337
O2,VP020,"{""C"": 0.29763514416313175, ""gamma"": ""scale""}",0.6721311475409836,0.5833333333333334,0.5616883116883117,0.6038461538461539,0.5833333333333334,0.16666666666666663
Fp1,VP021,"{""C"": 1.8329807108324356, ""gamma"": ""scale""}",0.8471644371714615,0.8472222222222222,0.847192745514181,0.8474903474903475,0.8472222222222223,0.6944444444444444
AF5,VP021,"{""C"": 7.847599703514611, ""gamma"": ""scale""}",0.8166157265907197,0.8333333333333334,0.8328173374613003,0.8375,0.8333333333333333,0.6666666666666667
AFz,VP021,"{""C"": 0.8858667904100825, ""gamma"": ""scale""}",0.8025934707558755,0.8888888888888888,0.8888888888888888,0.8888888888888888,0.8888888888888888,0.7777777777777778
F1,VP021,"{""C"": 7.847599703514611, ""gamma"": ""scale""}",0.7859773469529567,0.8333333333333334,0.83125,0.8506493506493507,0.8333333333333333,0.6666666666666667
FC5,VP021,"{""C"": 1.8329807108324356, ""gamma"": ""scale""}",0.7831660231660231,0.9027777777777778,0.9023066485753053,0.9107002360346184,0.9027777777777778,0.8055555555555556
FC1,VP021,"{""C"": 0.8858667904100825, ""gamma"": ""scale""}",0.7692289869399671,0.8888888888888888,0.8885448916408669,0.89375,0.8888888888888888,0.7777777777777778
T7,VP021,"{""C"": 69.51927961775606, ""gamma"": ""scale""}",0.7498764822134387,0.8055555555555556,0.8041958041958042,0.8142857142857143,0.8055555555555556,0.6111111111111112
C3,VP021,"{""C"": 1.2742749857031335, ""gamma"": ""scale""}",0.7527758701841836,0.9305555555555556,0.9302190346966466,0.9390243902439024,0.9305555555555556,0.8611111111111112
Cz,VP021,"{""C"": 33.59818286283781, ""gamma"": ""scale""}",0.7611037377696843,0.9305555555555556,0.9304347826086956,0.9335664335664335,0.9305555555555556,0.8611111111111112
CP5,VP021,"{""C"": 2.636650898730358, ""gamma"": ""scale""}",0.7444128904803062,0.9166666666666666,0.9164086687306501,0.921875,0.9166666666666667,0.8333333333333334
CP1,VP021,"{""C"": 0.6158482110660264, ""gamma"": ""scale""}",0.7520872182545517,0.9166666666666666,0.9164086687306501,0.921875,0.9166666666666667,0.8333333333333334
P7,VP021,"{""C"": 1.8329807108324356, ""gamma"": ""scale""}",0.7300869565217392,0.8472222222222222,0.847192745514181,0.8474903474903475,0.8472222222222223,0.6944444444444444
P3,VP021,"{""C"": 2.636650898730358, ""gamma"": ""scale""}",0.7219132369299222,0.9305555555555556,0.9302190346966466,0.9390243902439024,0.9305555555555556,0.8611111111111112
Pz,VP021,"{""C"": 16.23776739188721, ""gamma"": ""scale""}",0.7468921664825273,0.9444444444444444,0.9444015444015443,0.9458204334365325,0.9444444444444444,0.8888888888888888
POz,VP021,"{""C"": 7.847599703514611, ""gamma"": ""scale""}",0.7164478764478764,0.875,0.8747826086956522,0.8776223776223776,0.875,0.75
O1,VP021,"{""C"": 1.8329807108324356, ""gamma"": ""scale""}",0.6859923890977299,0.7361111111111112,0.7356521739130435,0.7377622377622377,0.7361111111111112,0.4722222222222222
Fp2,VP021,"{""C"": 1.2742749857031335, ""gamma"": ""auto""}",0.8499583217560434,0.8888888888888888,0.8888888888888888,0.8888888888888888,0.8888888888888888,0.7777777777777778
AF6,VP021,"{""C"": 1.2742749857031335, ""gamma"": ""scale""}",0.810965250965251,0.8611111111111112,0.8610038610038611,0.8622291021671826,0.8611111111111112,0.7222222222222222
F2,VP021,"{""C"": 2.636650898730358, ""gamma"": ""scale""}",0.7859112288479213,0.9027777777777778,0.9026086956521739,0.9055944055944056,0.9027777777777778,0.8055555555555556
FC2,VP021,"{""C"": 2.636650898730358, ""gamma"": ""scale""}",0.760926640926641,0.8888888888888888,0.8881118881118881,0.9,0.8888888888888888,0.7777777777777778
FC6,VP021,"{""C"": 1.2742749857031335, ""gamma"": ""scale""}",0.7690434782608695,0.8333333333333334,0.8333333333333334,0.8333333333333334,0.8333333333333334,0.6666666666666667
C4,VP021,"{""C"": 11.288378916846883, ""gamma"": ""auto""}",0.763229365748729,0.8472222222222222,0.8457643622200585,0.8608660785886126,0.8472222222222222,0.6944444444444444
T8,VP021,"{""C"": 0.42813323987193935, ""gamma"": ""scale""}",0.7105393369619001,0.8472222222222222,0.8457643622200585,0.8608660785886126,0.8472222222222222,0.6944444444444444
CP2,VP021,"{""C"": 100.0, ""gamma"": ""auto""}",0.7555555555555555,0.8055555555555556,0.803125,0.8214285714285714,0.8055555555555556,0.6111111111111112
CP6,VP021,"{""C"": 2.636650898730358, ""gamma"": ""scale""}",0.7216724393864424,0.8888888888888888,0.8885448916408669,0.89375,0.8888888888888888,0.7777777777777778
P4,VP021,"{""C"": 2.636650898730358, ""gamma"": ""scale""}",0.7402053216006704,0.9444444444444444,0.9444015444015443,0.9458204334365325,0.9444444444444444,0.8888888888888888
P8,VP021,"{""C"": 3.79269019073225, ""gamma"": ""scale""}",0.6832453459294248,0.8194444444444444,0.8191304347826087,0.8216783216783217,0.8194444444444444,0.6388888888888888
O2,VP021,"{""C"": 100.0, ""gamma"": ""auto""}",0.6848246314044208,0.7222222222222222,0.7167584579071598,0.7408026755852843,0.7222222222222223,0.4444444444444444
Fp1,VP022,"{""C"": 3.79269019073225, ""gamma"": ""auto""}",0.8525217391304347,0.875,0.8749758826934207,0.8752895752895753,0.875,0.75
AF5,VP022,"{""C"": 2.636650898730358, ""gamma"": ""scale""}",0.8555555555555555,0.8333333333333334,0.8321678321678322,0.8428571428571429,0.8333333333333333,0.6666666666666667
AFz,VP022,"{""C"": 2.636650898730358, ""gamma"": ""scale""}",0.8416654449494209,0.7638888888888888,0.7616358325219085,0.7742582197273455,0.7638888888888888,0.5277777777777778
F1,VP022,"{""C"": 1.8329807108324356, ""gamma"": ""scale""}",0.8277777777777777,0.7222222222222222,0.7167584579071598,0.7408026755852843,0.7222222222222223,0.4444444444444444
FC5,VP022,"{""C"": 2.636650898730358, ""gamma"": ""scale""}",0.8249878463782208,0.7361111111111112,0.7319223985890653,0.7518518518518518,0.7361111111111112,0.4722222222222222
FC1,VP022,"{""C"": 1.8329807108324356, ""gamma"": ""scale""}",0.8332870241733815,0.6944444444444444,0.690625,0.7045454545454546,0.6944444444444444,0.38888888888888884
T7,VP022,"{""C"": 11.288378916846883, ""gamma"": ""scale""}",0.7888628225706877,0.6527777777777778,0.6527107852595022,0.6528957528957529,0.6527777777777777,0.3055555555555556
C3,VP022,"{""C"": 1.8329807108324356, ""gamma"": ""scale""}",0.8303343094003754,0.75,0.7492260061919505,0.753125,0.75,0.5
Cz,VP022,"{""C"": 1.2742749857031335, ""gamma"": ""scale""}",0.8273461431356168,0.6666666666666666,0.6666666666666666,0.6666666666666666,0.6666666666666666,0.33333333333333337
CP5,VP022,"{""C"": 1.8329807108324356, ""gamma"": ""scale""}",0.7996041563582384,0.7777777777777778,0.7776061776061776,0.7786377708978328,0.7777777777777778,0.5555555555555556
CP1,VP022,"{""C"": 0.6158482110660264, ""gamma"": ""scale""}",0.7933666346064348,0.6527777777777778,0.6370235934664247,0.6848739495798319,0.6527777777777778,0.3055555555555556
P7,VP022,"{""C"": 0.8858667904100825, ""gamma"": ""scale""}",0.7575081875827469,0.75,0.7498069498069498,0.7507739938080495,0.75,0.5
P3,VP022,"{""C"": 100.0, ""gamma"": ""auto""}",0.7805403152996736,0.6111111111111112,0.6108108108108108,0.6114551083591331,0.6111111111111112,0.2222222222222222
Pz,VP022,"{""C"": 5.455594781168517, ""gamma"": ""scale""}",0.7634782608695652,0.6666666666666666,0.6601101494885917,0.6806020066889632,0.6666666666666667,0.33333333333333337
POz,VP022,"{""C"": 0.8858667904100825, ""gamma"": ""scale""}",0.7436532507739938,0.7361111111111112,0.7298044637566661,0.7604255319148936,0.7361111111111112,0.4722222222222222
O1,VP022,"{""C"": 1.2742749857031335, ""gamma"": ""scale""}",0.7194249600666713,0.7361111111111112,0.7356521739130435,0.7377622377622377,0.7361111111111112,0.4722222222222222
Fp2,VP022,"{""C"": 11.288378916846883, ""gamma"": ""scale""}",0.8415187018744352,0.8472222222222222,0.8464818763326225,0.8540519276160503,0.8472222222222222,0.6944444444444444
AF6,VP022,"{""C"": 1.8329807108324356, ""gamma"": ""scale""}",0.8498841698841699,0.6944444444444444,0.6884343036978757,0.7107023411371238,0.6944444444444444,0.38888888888888884
F2,VP022,"{""C"": 7.847599703514611, ""gamma"": ""auto""}",0.8472116119174943,0.6944444444444444,0.690625,0.7045454545454546,0.6944444444444444,0.38888888888888884
FC2,VP022,"{""C"": 1.8329807108324356, ""gamma"": ""scale""}",0.8333281891416402,0.6666666666666666,0.6643356643356644,0.6714285714285715,0.6666666666666667,0.33333333333333337
FC6,VP022,"{""C"": 0.8858667904100825, ""gamma"": ""scale""}",0.8075477837779207,0.6805555555555556,0.669790628115653,0.7076308784383318,0.6805555555555556,0.36111111111111116
C4,VP022,"{""C"": 1.8329807108324356, ""gamma"": ""scale""}",0.8138529808990932,0.625,0.6249276480802624,0.625096525096525,0.625,0.25
T8,VP022,"{""C"": 0.42813323987193935, ""gamma"": ""scale""}",0.764808362369338,0.6388888888888888,0.6285714285714286,0.65625,0.6388888888888888,0.2777777777777778
CP2,VP022,"{""C"": 1.2742749857031335, ""gamma"": ""scale""}",0.7931933921252019,0.5833333333333334,0.5751376868607396,0.5903010033444815,0.5833333333333333,0.16666666666666663
CP6,VP022,"{""C"": 2.636650898730358, ""gamma"": ""scale""}",0.7833266458841321,0.6805555555555556,0.6775073028237586,0.6876503608660787,0.6805555555555556,0.36111111111111116
P4,VP022,"{""C"": 5.455594781168517, ""gamma"": ""scale""}",0.7801739130434783,0.6666666666666666,0.6493506493506493,0.7076923076923077,0.6666666666666666,0.33333333333333337
P8,VP022,"{""C"": 0.42813323987193935, ""gamma"": ""scale""}",0.7304536437387592,0.6388888888888888,0.6148148148148148,0.6851851851851851,0.6388888888888888,0.2777777777777778
O2,VP022,"{""C"": 0.8858667904100825, ""gamma"": ""scale""}",0.694406716878627,0.6805555555555556,0.6566452415509019,0.7502673796791444,0.6805555555555556,0.36111111111111116
Fp1,VP023,"{""C"": 7.847599703514611, ""gamma"": ""auto""}",0.8694353774567678,0.7638888888888888,0.7627447179685987,0.7690794649881982,0.7638888888888888,0.5277777777777778
AF5,VP023,"{""C"": 5.455594781168517, ""gamma"": ""scale""}",0.8444396431988641,0.7638888888888888,0.7634782608695652,0.7657342657342657,0.7638888888888888,0.5277777777777778
AFz,VP023,"{""C"": 0.8858667904100825, ""gamma"": ""scale""}",0.8249878463782208,0.7638888888888888,0.7634782608695652,0.7657342657342657,0.7638888888888888,0.5277777777777778
F1,VP023,"{""C"": 3.79269019073225, ""gamma"": ""scale""}",0.8138874528352842,0.7638888888888888,0.7638433339764614,0.7640926640926642,0.7638888888888888,0.5277777777777778
FC5,VP023,"{""C"": 7.847599703514611, ""gamma"": ""scale""}",0.8027397260273973,0.75,0.75,0.75,0.75,0.5
FC1,VP023,"{""C"": 7.847599703514611, ""gamma"": ""scale""}",0.7860698437198533,0.75,0.75,0.75,0.75,0.5
T7,VP023,"{""C"": 48.32930238571752, ""gamma"": ""scale""}",0.7471734516689177,0.7916666666666666,0.7916264711557013,0.7918918918918919,0.7916666666666667,0.5833333333333333
C3,VP023,"{""C"": 23.357214690901213, ""gamma"": ""scale""}",0.7886540600667409,0.8194444444444444,0.8191304347826087,0.8216783216783217,0.8194444444444444,0.6388888888888888
Cz,VP023,"{""C"": 48.32930238571752, ""gamma"": ""scale""}",0.763580595066097,0.8055555555555556,0.8054054054054054,0.8065015479876161,0.8055555555555556,0.6111111111111112
CP5,VP023,"{""C"": 11.288378916846883, ""gamma"": ""scale""}",0.7774411919260611,0.7916666666666666,0.7916264711557013,0.7918918918918919,0.7916666666666667,0.5833333333333333
CP1,VP023,"{""C"": 7.847599703514611, ""gamma"": ""scale""}",0.7515797635200621,0.8333333333333334,0.8328173374613003,0.8375,0.8333333333333333,0.6666666666666667
P7,VP023,"{""C"": 2.636650898730358, ""gamma"": ""scale""}",0.7042410714285714,0.6111111111111112,0.6108108108108108,0.6114551083591331,0.6111111111111112,0.2222222222222222
P3,VP023,"{""C"": 5.455594781168517, ""gamma"": ""scale""}",0.7683271951928669,0.7083333333333334,0.7037037037037037,0.7222222222222222,0.7083333333333334,0.41666666666666663
Pz,VP023,"{""C"": 69.51927961775606, ""gamma"": ""scale""}",0.729249854622989,0.6666666666666666,0.6625,0.6753246753246753,0.6666666666666667,0.33333333333333337
POz,VP023,"{""C"": 0.6158482110660264, ""gamma"": ""scale""}",0.6845900368288428,0.6527777777777778,0.6444795575745605,0.6685106382978723,0.6527777777777778,0.3055555555555556
O1,VP023,"{""C"": 3.79269019073225, ""gamma"": ""scale""}",0.6687056785578953,0.5277777777777778,0.5184893784421715,0.5301003344481605,0.5277777777777778,0.05555555555555558
Fp2,VP023,"{""C"": 2.636650898730358, ""gamma"": ""auto""}",0.8805472602264046,0.7361111111111112,0.7335929892891919,0.7453889334402566,0.7361111111111112,0.4722222222222222
AF6,VP023,"{""C"": 3.79269019073225, ""gamma"": ""scale""}",0.8332509881422925,0.7222222222222222,0.7202797202797203,0.7285714285714286,0.7222222222222222,0.4444444444444444
F2,VP023,"{""C"": 5.455594781168517, ""gamma"": ""scale""}",0.8221343873517787,0.7916666666666666,0.7916264711557013,0.7918918918918919,0.7916666666666667,0.5833333333333333
FC2,VP023,"{""C"": 16.23776739188721, ""gamma"": ""scale""}",0.7971830985915493,0.7638888888888888,0.7634782608695652,0.7657342657342657,0.7638888888888888,0.5277777777777778
FC6,VP023,"{""C"": 0.8858667904100825, ""gamma"": ""scale""}",0.7944444444444444,0.75,0.7401764234161989,0.7945454545454546,0.75,0.5
C4,VP023,"{""C"": 0.8858667904100825, ""gamma"": ""scale""}",0.749505195447798,0.7638888888888888,0.7616358325219085,0.7742582197273455,0.7638888888888888,0.5277777777777778
T8,VP023,"{""C"": 0.8858667904100825, ""gamma"": ""scale""}",0.7162375197057278,0.6527777777777778,0.6204933586337761,0.7315789473684211,0.6527777777777778,0.3055555555555556
CP2,VP023,"{""C"": 5.455594781168517, ""gamma"": ""scale""}",0.7457923039318388,0.8333333333333334,0.8332046332046332,0.8343653250773994,0.8333333333333334,0.6666666666666667
CP6,VP023,"{""C"": 2.636650898730358, ""gamma"": ""scale""}",0.7409450707603742,0.6527777777777778,0.6510951734832332,0.6557828481510621,0.6527777777777778,0.3055555555555556
P4,VP023,"{""C"": 11.288378916846883, ""gamma"": ""scale""}",0.7276789543870047,0.7083333333333334,0.7082770596179818,0.7084942084942085,0.7083333333333333,0.41666666666666663
P8,VP023,"{""C"": 0.8858667904100825, ""gamma"": ""scale""}",0.7137806732483731,0.5972222222222222,0.5836490528414755,0.6118012422360248,0.5972222222222222,0.19444444444444442
O2,VP023,"{""C"": 7.847599703514611, ""gamma"": ""scale""}",0.6720602766798419,0.5416666666666666,0.5372930866601753,0.5433039294306334,0.5416666666666666,0.08333333333333337
Fp1,VP024,"{""C"": 1.2742749857031335, ""gamma"": ""auto""}",0.858323494687131,0.6666666666666666,0.6625,0.6753246753246753,0.6666666666666667,0.33333333333333337
AF5,VP024,"{""C"": 5.455594781168517, ""gamma"": ""scale""}",0.8220849420849421,0.8055555555555556,0.8017309205350118,0.8311036789297659,0.8055555555555556,0.6111111111111112
AFz,VP024,"{""C"": 1.8329807108324356, ""gamma"": ""scale""}",0.8192086903446625,0.7638888888888888,0.7582460991507012,0.7910638297872341,0.7638888888888888,0.5277777777777778
F1,VP024,"{""C"": 7.847599703514611, ""gamma"": ""scale""}",0.7830923248053392,0.7638888888888888,0.7559322033898306,0.8034605146406388,0.7638888888888888,0.5277777777777778
FC5,VP024,"{""C"": 1.8329807108324356, ""gamma"": ""scale""}",0.7915363769022306,0.75,0.737012987012987,0.8115384615384615,0.75,0.5
FC1,VP024,"{""C"": 1.8329807108324356, ""gamma"": ""scale""}",0.7636682396373158,0.6666666666666666,0.6535685645549318,0.6963636363636363,0.6666666666666667,0.33333333333333337
T7,VP024,"{""C"": 2.636650898730358, ""gamma"": ""scale""}",0.755185311118667,0.75,0.7498069498069498,0.7507739938080495,0.75,0.5
C3,VP024,"{""C"": 11.288378916846883, ""gamma"": ""scale""}",0.7748592870544091,0.75,0.7482517482517483,0.7571428571428571,0.75,0.5
Cz,VP024,"{""C"": 1.2742749857031335, ""gamma"": ""scale""}",0.7555480107410723,0.5694444444444444,0.5653359298928919,0.5721732157177225,0.5694444444444444,0.13888888888888884
CP5,VP024,"{""C"": 5.455594781168517, ""gamma"": ""scale""}",0.7805403152996736,0.7638888888888888,0.7634782608695652,0.7657342657342657,0.7638888888888888,0.5277777777777778
CP1,VP024,"{""C"": 5.455594781168517, ""gamma"": ""scale""}",0.7582867065406136,0.7222222222222222,0.7222222222222222,0.7222222222222222,0.7222222222222222,0.4444444444444444
P7,VP024,"{""C"": 1.8329807108324356, ""gamma"": ""scale""}",0.7019475545307531,0.7777777777777778,0.7770897832817337,0.78125,0.7777777777777778,0.5555555555555556
P3,VP024,"{""C"": 23.357214690901213, ""gamma"": ""scale""}",0.7582419278894026,0.7638888888888888,0.7627447179685987,0.7690794649881982,0.7638888888888888,0.5277777777777778
Pz,VP024,"{""C"": 11.288378916846883, ""gamma"": ""scale""}",0.7380804953560371,0.7083333333333334,0.7069199457259159,0.7124311565696302,0.7083333333333333,0.41666666666666663
POz,VP024,"{""C"": 3.79269019073225, ""gamma"": ""scale""}",0.6936786410470621,0.7222222222222222,0.7202797202797203,0.7285714285714286,0.7222222222222222,0.4444444444444444
O1,VP024,"{""C"": 5.455594781168517, ""gamma"": ""auto""}",0.6527107852595022,0.6666666666666666,0.6656346749226006,0.66875,0.6666666666666667,0.33333333333333337
Fp2,VP024,"{""C"": 1.8329807108324356, ""gamma"": ""scale""}",0.852749372950029,0.6111111111111112,0.60625,0.6168831168831169,0.6111111111111112,0.2222222222222222
AF6,VP024,"{""C"": 2.636650898730358, ""gamma"": ""auto""}",0.8164627363737487,0.7222222222222222,0.7077922077922079,0.7769230769230769,0.7222222222222222,0.4444444444444444
F2,VP024,"{""C"": 1.8329807108324356, ""gamma"": ""scale""}",0.7910847344841727,0.6944444444444444,0.6857142857142857,0.71875,0.6944444444444444,0.38888888888888884
FC2,VP024,"{""C"": 2.636650898730358, ""gamma"": ""scale""}",0.7692289869399671,0.6527777777777778,0.6322778345250255,0.6966236345580934,0.6527777777777778,0.3055555555555556
FC6,VP024,"{""C"": 3.79269019073225, ""gamma"": ""scale""}",0.7804183170036828,0.5694444444444444,0.5440245148110316,0.5893743793445878,0.5694444444444444,0.13888888888888884
C4,VP024,"{""C"": 1.8329807108324356, ""gamma"": ""scale""}",0.7472202717613562,0.5694444444444444,0.5499092558983666,0.5840336134453782,0.5694444444444444,0.13888888888888884
T8,VP024,"{""C"": 11.288378916846883, ""gamma"": ""scale""}",0.6968268807318185,0.5277777777777778,0.5142857142857142,0.53125,0.5277777777777778,0.05555555555555558
CP2,VP024,"{""C"": 100.0, ""gamma"": ""auto""}",0.7497219132369299,0.5555555555555556,0.5468135326514556,0.560200668896321,0.5555555555555556,0.11111111111111116
CP6,VP024,"{""C"": 1.8329807108324356, ""gamma"": ""scale""}",0.7138866812243921,0.5833333333333334,0.5820433436532508,0.584375,0.5833333333333333,0.16666666666666663
P4,VP024,"{""C"": 5.455594781168517, ""gamma"": ""scale""}",0.7467826086956522,0.6805555555555556,0.6790075596045746,0.6841070023603462,0.6805555555555556,0.36111111111111116
P8,VP024,"{""C"": 0.8858667904100825, ""gamma"": ""scale""}",0.6637617617772151,0.5416666666666666,0.5415782365425429,0.5416988416988417,0.5416666666666667,0.08333333333333337
O2,VP024,"{""C"": 2.636650898730358, ""gamma"": ""scale""}",0.658309604833669,0.6388888888888888,0.6388888888888888,0.6388888888888888,0.6388888888888888,0.2777777777777778
Fp1,VP025,"{""C"": 2.636650898730358, ""gamma"": ""auto""}",0.8666625513133122,0.8888888888888888,0.8881118881118881,0.9,0.8888888888888888,0.7777777777777778
AF5,VP025,"{""C"": 2.636650898730358, ""gamma"": ""scale""}",0.8414599284560886,0.9861111111111112,0.9861084314103801,0.9864864864864865,0.9861111111111112,0.9722222222222222
AFz,VP025,"{""C"": 1.2742749857031335, ""gamma"": ""scale""}",0.8444012225618227,0.9722222222222222,0.9722222222222222,0.9722222222222222,0.9722222222222222,0.9444444444444444
F1,VP025,"{""C"": 1.8329807108324356, ""gamma"": ""scale""}",0.8248905565978737,0.9027777777777778,0.9018500486854917,0.9186046511627908,0.9027777777777778,0.8055555555555556
FC5,VP025,"{""C"": 7.847599703514611, ""gamma"": ""scale""}",0.7914719761505726,0.9722222222222222,0.9722007722007722,0.9736842105263157,0.9722222222222222,0.9444444444444444
FC1,VP025,"{""C"": 16.23776739188721, ""gamma"": ""scale""}",0.7971830985915493,0.9861111111111112,0.9861084314103801,0.9864864864864865,0.9861111111111112,0.9722222222222222
T7,VP025,"{""C"": 48.32930238571752, ""gamma"": ""scale""}",0.7416168242330696,0.9444444444444444,0.9444015444015443,0.9458204334365325,0.9444444444444444,0.8888888888888888
C3,VP025,"{""C"": 3.79269019073225, ""gamma"": ""scale""}",0.7888628225706877,0.9583333333333334,0.9583252942311402,0.9586872586872587,0.9583333333333333,0.9166666666666666
Cz,VP025,"{""C"": 48.32930238571752, ""gamma"": ""scale""}",0.7666666666666667,0.9722222222222222,0.9722007722007722,0.9736842105263157,0.9722222222222222,0.9444444444444444
CP5,VP025,"{""C"": 7.847599703514611, ""gamma"": ""scale""}",0.7527606083755816,0.9444444444444444,0.9444015444015443,0.9458204334365325,0.9444444444444444,0.8888888888888888
CP1,VP025,"{""C"": 0.42813323987193935, ""gamma"": ""scale""}",0.74142525042671,0.9583333333333334,0.9582608695652174,0.9615384615384616,0.9583333333333333,0.9166666666666666
P7,VP025,"{""C"": 3.79269019073225, ""gamma"": ""scale""}",0.7083130772970345,0.8472222222222222,0.8457643622200585,0.8608660785886126,0.8472222222222222,0.6944444444444444
P3,VP025,"{""C"": 16.23776739188721, ""gamma"": ""scale""}",0.7305035693613737,0.9027777777777778,0.9023066485753053,0.9107002360346184,0.9027777777777778,0.8055555555555556
Pz,VP025,"{""C"": 3.79269019073225, ""gamma"": ""scale""}",0.7388808296552363,0.9444444444444444,0.9444015444015443,0.9458204334365325,0.9444444444444444,0.8888888888888888
POz,VP025,"{""C"": 7.847599703514611, ""gamma"": ""scale""}",0.7051095793020308,0.8888888888888888,0.8888030888030888,0.890092879256966,0.8888888888888888,0.7777777777777778
O1,VP025,"{""C"": 11.288378916846883, ""gamma"": ""scale""}",0.6377708978328174,0.7083333333333334,0.7069199457259159,0.7124311565696302,0.7083333333333333,0.41666666666666663
Fp2,VP025,"{""C"": 3.79269019073225, ""gamma"": ""auto""}",0.8472210433722482,0.9027777777777778,0.9026086956521739,0.9055944055944056,0.9027777777777778,0.8055555555555556
AF6,VP025,"{""C"": 1.2742749857031335, ""gamma"": ""scale""}",0.8138184961906894,0.9861111111111112,0.9861084314103801,0.9864864864864865,0.9861111111111112,0.9722222222222222
F2,VP025,"{""C"": 2.636650898730358, ""gamma"": ""scale""}",0.8108250131371519,0.9444444444444444,0.9442724458204335,0.95,0.9444444444444444,0.8888888888888888
FC2,VP025,"{""C"": 1.8329807108324356, ""gamma"": ""scale""}",0.7884710539336962,1.0,1.0,1.0,1.0,1.0
FC6,VP025,"{""C"": 5.455594781168517, ""gamma"": ""scale""}",0.7770897832817337,0.9444444444444444,0.9444015444015443,0.9458204334365325,0.9444444444444444,0.8888888888888888
C4,VP025,"{""C"": 1.8329807108324356, ""gamma"": ""scale""}",0.7804725552099174,0.9722222222222222,0.9722007722007722,0.9736842105263157,0.9722222222222222,0.9444444444444444
T8,VP025,"{""C"": 100.0, ""gamma"": ""auto""}",0.7484784498820023,0.875,0.873807205452775,0.8897353648757017,0.875,0.75
CP2,VP025,"{""C"": 23.357214690901213, ""gamma"": ""scale""}",0.7582419278894026,0.9444444444444444,0.9444015444015443,0.9458204334365325,0.9444444444444444,0.8888888888888888
CP6,VP025,"{""C"": 11.288378916846883, ""gamma"": ""scale""}",0.7527758701841836,0.9305555555555556,0.9304347826086956,0.9335664335664335,0.9305555555555556,0.8611111111111112
P4,VP025,"{""C"": 11.288378916846883, ""gamma"": ""scale""}",0.7527758701841836,0.9166666666666666,0.9164086687306501,0.921875,0.9166666666666667,0.8333333333333334
P8,VP025,"{""C"": 1.2742749857031335, ""gamma"": ""scale""}",0.693981638898334,0.8888888888888888,0.8881118881118881,0.9,0.8888888888888888,0.7777777777777778
O2,VP025,"{""C"": 11.288378916846883, ""gamma"": ""auto""}",0.6658312447786132,0.7638888888888888,0.7638433339764614,0.7640926640926642,0.7638888888888888,0.5277777777777778
Fp1,VP026,"{""C"": 3.79269019073225, ""gamma"": ""scale""}",0.85553772070626,0.7222222222222222,0.7202797202797203,0.7285714285714286,0.7222222222222222,0.4444444444444444
AF5,VP026,"{""C"": 3.79269019073225, ""gamma"": ""scale""}",0.8388441233676021,0.7222222222222222,0.722007722007722,0.7229102167182663,0.7222222222222222,0.4444444444444444
AFz,VP026,"{""C"": 5.455594781168517, ""gamma"": ""auto""}",0.8300822507137938,0.7083333333333334,0.7078260869565217,0.7097902097902098,0.7083333333333333,0.41666666666666663
F1,VP026,"{""C"": 2.636650898730358, ""gamma"": ""scale""}",0.847192745514181,0.7361111111111112,0.7356521739130435,0.7377622377622377,0.7361111111111112,0.4722222222222222
FC5,VP026,"{""C"": 11.288378916846883, ""gamma"": ""scale""}",0.8111052810271921,0.7083333333333334,0.7069199457259159,0.7124311565696302,0.7083333333333333,0.41666666666666663
FC1,VP026,"{""C"": 3.79269019073225, ""gamma"": ""scale""}",0.8166666666666667,0.7916666666666666,0.7916264711557013,0.7918918918918919,0.7916666666666667,0.5833333333333333
T7,VP026,"{""C"": 3.79269019073225, ""gamma"": ""scale""}",0.7805538622983201,0.7361111111111112,0.7360601967972217,0.7362934362934364,0.7361111111111112,0.4722222222222222
C3,VP026,"{""C"": 1.2742749857031335, ""gamma"": ""scale""}",0.7887845849802371,0.8194444444444444,0.8191304347826087,0.8216783216783217,0.8194444444444444,0.6388888888888888
Cz,VP026,"{""C"": 0.8858667904100825, ""gamma"": ""scale""}",0.7749565888481574,0.8611111111111112,0.8610038610038611,0.8622291021671826,0.8611111111111112,0.7222222222222222
CP5,VP026,"{""C"": 5.455594781168517, ""gamma"": ""scale""}",0.7583314686070108,0.75,0.7482517482517483,0.7571428571428571,0.75,0.5
CP1,VP026,"{""C"": 2.636650898730358, ""gamma"": ""scale""}",0.7749565888481574,0.8194444444444444,0.8185694902112812,0.8257277734067663,0.8194444444444444,0.6388888888888888
P7,VP026,"{""C"": 0.1, ""gamma"": ""scale""}",0.7407846143125915,0.7638888888888888,0.7634782608695652,0.7657342657342657,0.7638888888888888,0.5277777777777778
P3,VP026,"{""C"": 5.455594781168517, ""gamma"": ""scale""}",0.7693999614123095,0.7777777777777778,0.7770897832817337,0.78125,0.7777777777777778,0.5555555555555556
Pz,VP026,"{""C"": 1.8329807108324356, ""gamma"": ""scale""}",0.7525467450320129,0.75,0.7498069498069498,0.7507739938080495,0.75,0.5
POz,VP026,"{""C"": 23.357214690901213, ""gamma"": ""scale""}",0.7269349845201238,0.75,0.7492260061919505,0.753125,0.75,0.5
O1,VP026,"{""C"": 1.2742749857031335, ""gamma"": ""scale""}",0.7154017857142857,0.6944444444444444,0.6944444444444444,0.6944444444444444,0.6944444444444444,0.38888888888888884
Fp2,VP026,"{""C"": 1.8329807108324356, ""gamma"": ""scale""}",0.8499953702274762,0.7361111111111112,0.7360601967972217,0.7362934362934364,0.7361111111111112,0.4722222222222222
AF6,VP026,"{""C"": 1.8329807108324356, ""gamma"": ""scale""}",0.8442714126807565,0.7222222222222222,0.71875,0.7337662337662337,0.7222222222222223,0.4444444444444444
F2,VP026,"{""C"": 2.636650898730358, ""gamma"": ""scale""}",0.8331479421579533,0.7361111111111112,0.7348323318472572,0.7407553107789142,0.7361111111111112,0.4722222222222222
FC2,VP026,"{""C"": 2.636650898730358, ""gamma"": ""scale""}",0.8164627363737487,0.8055555555555556,0.8041958041958042,0.8142857142857143,0.8055555555555556,0.6111111111111112
FC6,VP026,"{""C"": 0.42813323987193935, ""gamma"": ""scale""}",0.8011065200644303,0.75,0.737012987012987,0.8115384615384615,0.75,0.5
C4,VP026,"{""C"": 11.288378916846883, ""gamma"": ""scale""}",0.8055495539985802,0.7916666666666666,0.7896786757546251,0.8031275060144346,0.7916666666666666,0.5833333333333333
T8,VP026,"{""C"": 0.42813323987193935, ""gamma"": ""scale""}",0.73,0.8055555555555556,0.8,0.84375,0.8055555555555556,0.6111111111111112
CP2,VP026,"{""C"": 2.636650898730358, ""gamma"": ""scale""}",0.7748592870544091,0.8472222222222222,0.847192745514181,0.8474903474903475,0.8472222222222223,0.6944444444444444
CP6,VP026,"{""C"": 7.847599703514611, ""gamma"": ""scale""}",0.7472202717613562,0.8194444444444444,0.8185694902112812,0.8257277734067663,0.8194444444444444,0.6388888888888888
P4,VP026,"{""C"": 0.6158482110660264, ""gamma"": ""scale""}",0.7657920009913566,0.75,0.7492260061919505,0.753125,0.75,0.5
P8,VP026,"{""C"": 0.6158482110660264, ""gamma"": ""scale""}",0.7111111111111111,0.7083333333333334,0.7082770596179818,0.7084942084942085,0.7083333333333333,0.41666666666666663
O2,VP026,"{""C"": 0.6158482110660264, ""gamma"": ""scale""}",0.6997683397683397,0.75,0.7482517482517483,0.7571428571428571,0.75,0.5
