channel,subject,best_params,validation_f1_macro,accuracy,f1_macro,precision_macro,recall_macro,kappa,valid,invalid_reason
FP1,VP001_A,"{""C"": 5.455594781168517, ""gamma"": ""scale""}",0.8425488561637492,0.8055555555555556,0.8054054054054054,0.8065015479876161,,0.6111111111111112,True,
FP1,VP002_A,"{""C"": 0.8858667904100825, ""gamma"": ""scale""}",0.8516055455557234,0.7685185185185185,0.766092003811834,0.7801431127012523,,0.537037037037037,True,
FP1,VP003_A,"{""C"": 3.79269019073225, ""gamma"": ""scale""}",0.8481460651037738,0.8796296296296297,0.8793710799896899,0.8829124870287097,,0.7592592592592593,True,
FP1,VP004_A,"{""C"": 3.79269019073225, ""gamma"": ""scale""}",0.8258088427063459,0.7407407407407407,0.7315340909090908,0.7790143084260731,,0.4814814814814815,True,
FP1,VP005_A,"{""C"": 2.636650898730358, ""gamma"": ""auto""}",0.8536911600788819,0.7037037037037037,0.697054698457223,0.7233082706766918,,0.40740740740740744,True,
FP1,VP006_A,"{""C"": 7.847599703514611, ""gamma"": ""auto""}",0.8481293986911964,0.7962962962962963,0.7960164835164836,0.7979310344827586,,0.5925925925925926,True,
FP1,VP007_A,"{""C"": 11.288378916846883, ""gamma"": ""scale""}",0.8591897233201582,0.9259259259259259,0.9259259259259259,0.9259259259259259,,0.8518518518518519,True,
FP1,VP008_A,"{""C"": 1.2742749857031335, ""gamma"": ""scale""}",0.8497728045500912,0.9259259259259259,0.9256965944272446,0.9312499999999999,,0.8518518518518519,True,
FP1,VP009_A,"{""C"": 1.2742749857031335, ""gamma"": ""scale""}",0.8425013124890626,0.8611111111111112,0.8601398601398602,0.8714285714285714,,0.7222222222222222,True,
FP1,VP010_A,"{""C"": 7.847599703514611, ""gamma"": ""scale""}",0.8425790962874047,0.7962962962962963,0.7960164835164836,0.7979310344827586,,0.5925925925925926,True,
FP1,VP011_A,"{""C"": 3.79269019073225, ""gamma"": ""scale""}",0.8629328796443664,0.7592592592592593,0.7589285714285714,0.7606896551724138,,0.5185185185185186,True,
FP1,VP012_A,"{""C"": 1.2742749857031335, ""gamma"": ""scale""}",0.8178789714222785,0.9259259259259259,0.9259005145797599,0.926510989010989,,0.8518518518518519,True,
FP1,VP013_A,"{""C"": 1.8329807108324356, ""gamma"": ""scale""}",0.8367144977733796,0.7685185185185185,0.7683397683397684,0.7693498452012384,,0.537037037037037,True,
FP1,VP014_A,"{""C"": 7.847599703514611, ""gamma"": ""auto""}",0.8536791161752146,0.8333333333333334,0.8332761578044596,0.8337912087912087,,0.6666666666666667,True,
FP1,VP015_A,"{""C"": 3.79269019073225, ""gamma"": ""scale""}",0.8462704638296559,0.7870370370370371,0.7828481510621558,0.8110367892976589,,0.5740740740740741,True,
FP1,VP016_A,"{""C"": 1.8329807108324356, ""gamma"": ""scale""}",0.8518335596987282,0.8888888888888888,0.8879280525769631,0.9026988636363636,,0.7777777777777778,True,
FP1,VP017_A,"{""C"": 2.636650898730358, ""gamma"": ""scale""}",0.8421980878121229,0.8518518518518519,0.8505707367692841,0.8643465909090908,,0.7037037037037037,True,
FP1,VP018_A,"{""C"": 1.8329807108324356, ""gamma"": ""scale""}",0.8332212323784163,0.7962962962962963,0.7951724137931034,0.802945301542777,,0.5925925925925926,True,
FP1,VP019_A,"{""C"": 1.8329807108324356, ""gamma"": ""scale""}",0.8516870596959585,0.8055555555555556,0.8047352561343091,0.8107778165329613,,0.6111111111111112,True,
FP1,VP020_A,"{""C"": 1.8329807108324356, ""gamma"": ""scale""}",0.8364627498485766,0.8240740740740741,0.8222299228969938,0.8381037567084079,,0.6481481481481481,True,
FP1,VP021_A,"{""C"": 23.357214690901213, ""gamma"": ""auto""}",0.8314670324959272,0.7777777777777778,0.775,0.7922077922077921,,0.5555555555555556,True,
FP1,VP022_A,"{""C"": 5.455594781168517, ""gamma"": ""scale""}",0.8296085936535376,0.8425925925925926,0.8425790962874047,0.8427101200686107,,0.6851851851851851,True,
FP1,VP023_A,"{""C"": 5.455594781168517, ""gamma"": ""scale""}",0.8479395604395604,0.8888888888888888,0.8885448916408669,0.89375,,0.7777777777777778,True,
FP1,VP024_A,"{""C"": 1.8329807108324356, ""gamma"": ""scale""}",0.8198508042743302,0.6944444444444444,0.684685481730514,0.7219178082191782,,0.38888888888888884,True,
FP1,VP025_A,"{""C"": 5.455594781168517, ""gamma"": ""scale""}",0.8313142998376306,0.9629629629629629,0.9629120879120879,0.9655172413793103,,0.9259259259259259,True,
FP1,VP026_A,"{""C"": 3.79269019073225, ""gamma"": ""auto""}",0.8684169884169883,0.7685185185185185,0.7684986710108892,0.7686106346483705,,0.537037037037037,True,
AFF5,VP001_A,"{""C"": 3.79269019073225, ""gamma"": ""scale""}",0.7999890254609306,0.7962962962962963,0.7956656346749226,0.8,,0.5925925925925926,True,
AFF5,VP002_A,"{""C"": 3.79269019073225, ""gamma"": ""scale""}",0.8145069319446544,0.7962962962962963,0.7956656346749226,0.8,,0.5925925925925926,True,
AFF5,VP003_A,"{""C"": 1.8329807108324356, ""gamma"": ""scale""}",0.8609007449537882,0.9259259259259259,0.9259005145797599,0.926510989010989,,0.8518518518518519,True,
AFF5,VP004_A,"{""C"": 1.8329807108324356, ""gamma"": ""scale""}",0.8518010291595197,0.5462962962962963,0.49305489031516425,0.5798344175044352,,0.09259259259259256,True,
AFF5,VP005_A,"{""C"": 5.455594781168517, ""gamma"": ""scale""}",0.8425488561637492,0.8240740740740741,0.8228438228438228,0.8333333333333333,,0.6481481481481481,True,
AFF5,VP006_A,"{""C"": 2.636650898730358, ""gamma"": ""scale""}",0.8314809035696282,0.8240740740740741,0.8236961938310852,0.8268765133171913,,0.6481481481481481,True,
AFF5,VP007_A,"{""C"": 3.79269019073225, ""gamma"": ""scale""}",0.8295922287470501,0.9074074074074074,0.9073756432246998,0.9079670329670331,,0.8148148148148149,True,
AFF5,VP008_A,"{""C"": 1.2742749857031335, ""gamma"": ""scale""}",0.8288690476190477,0.9444444444444444,0.94442538593482,0.945054945054945,,0.8888888888888888,True,
AFF5,VP009_A,"{""C"": 1.8329807108324356, ""gamma"": ""scale""}",0.8325892857142857,0.8611111111111112,0.8605251829530779,0.8672828740844087,,0.7222222222222222,True,
AFF5,VP010_A,"{""C"": 2.636650898730358, ""gamma"": ""scale""}",0.8370012622797871,0.7962962962962963,0.7951724137931034,0.802945301542777,,0.5925925925925926,True,
AFF5,VP011_A,"{""C"": 1.8329807108324356, ""gamma"": ""scale""}",0.8314670324959272,0.6851851851851852,0.6824628156347284,0.6917613636363636,,0.37037037037037035,True,
AFF5,VP012_A,"{""C"": 3.79269019073225, ""gamma"": ""scale""}",0.857324718372445,0.9259259259259259,0.9259005145797599,0.926510989010989,,0.8518518518518519,True,
AFF5,VP013_A,"{""C"": 2.636650898730358, ""gamma"": ""scale""}",0.8089703564032024,0.7962962962962963,0.7962264150943397,0.7967032967032968,,0.5925925925925926,True,
AFF5,VP014_A,"{""C"": 1.8329807108324356, ""gamma"": ""scale""}",0.8311195119855658,0.8611111111111112,0.8610992026065335,0.8612349914236707,,0.7222222222222222,True,
AFF5,VP015_A,"{""C"": 3.79269019073225, ""gamma"": ""scale""}",0.8406336220504866,0.7962962962962963,0.7904761904761904,0.8333333333333333,,0.5925925925925926,True,
AFF5,VP016_A,"{""C"": 3.79269019073225, ""gamma"": ""scale""}",0.8016988416988418,0.8703703703703703,0.8701923076923077,0.8724137931034484,,0.7407407407407407,True,
AFF5,VP017_A,"{""C"": 3.79269019073225, ""gamma"": ""scale""}",0.8295454545454546,0.8611111111111112,0.8610038610038611,0.8622291021671826,,0.7222222222222222,True,
AFF5,VP018_A,"{""C"": 1.2742749857031335, ""gamma"": ""scale""}",0.8369811320754716,0.7592592592592593,0.7585139318885449,0.7625,,0.5185185185185186,True,
AFF5,VP019_A,"{""C"": 3.79269019073225, ""gamma"": ""scale""}",0.8147741616815762,0.8240740740740741,0.8236961938310852,0.8268765133171913,,0.6481481481481481,True,
AFF5,VP020_A,"{""C"": 5.455594781168517, ""gamma"": ""auto""}",0.8147919496234103,0.8333333333333334,0.8331043956043955,0.8351724137931034,,0.6666666666666667,True,
AFF5,VP021_A,"{""C"": 1.8329807108324356, ""gamma"": ""scale""}",0.848046011722557,0.7962962962962963,0.79375,0.8116883116883117,,0.5925925925925926,True,
AFF5,VP022_A,"{""C"": 3.79269019073225, ""gamma"": ""scale""}",0.8386891865443845,0.8148148148148148,0.8148148148148148,0.8148148148148148,,0.6296296296296297,True,
AFF5,VP023_A,"{""C"": 1.2742749857031335, ""gamma"": ""scale""}",0.8272083237280613,0.8611111111111112,0.8610992026065335,0.8612349914236707,,0.7222222222222222,True,
AFF5,VP024_A,"{""C"": 3.79269019073225, ""gamma"": ""scale""}",0.8497728045500912,0.6759259259259259,0.6725288053365677,0.6835420393559928,,0.35185185185185186,True,
AFF5,VP025_A,"{""C"": 1.8329807108324356, ""gamma"": ""scale""}",0.831434657775308,0.9351851851851852,0.9351351351351351,0.936532507739938,,0.8703703703703703,True,
AFF5,VP026_A,"{""C"": 5.455594781168517, ""gamma"": ""scale""}",0.8110463121783877,0.8055555555555556,0.8054054054054054,0.8065015479876161,,0.6111111111111112,True,
AFz,VP001_A,"{""C"": 7.847599703514611, ""gamma"": ""auto""}",0.8295454545454546,0.7962962962962963,0.7960164835164836,0.7979310344827586,,0.5925925925925926,True,
AFz,VP002_A,"{""C"": 2.636650898730358, ""gamma"": ""scale""}",0.8369811320754716,0.7685185185185185,0.7683397683397684,0.7693498452012384,,0.537037037037037,True,
AFz,VP003_A,"{""C"": 5.455594781168517, ""gamma"": ""scale""}",0.8237543417241842,0.8518518518518519,0.8510344827586207,0.8597475455820476,,0.7037037037037037,True,
AFz,VP004_A,"{""C"": 0.8858667904100825, ""gamma"": ""scale""}",0.8234146039220547,0.49074074074074076,0.4230208839242351,0.4825468648998061,,-0.0185185185185186,True,
AFz,VP005_A,"{""C"": 1.8329807108324356, ""gamma"": ""scale""}",0.8295454545454546,0.75,0.7482517482517483,0.7571428571428571,,0.5,True,
AFz,VP006_A,"{""C"": 1.2742749857031335, ""gamma"": ""scale""}",0.8276069218120841,0.7962962962962963,0.7962264150943397,0.7967032967032968,,0.5925925925925926,True,
AFz,VP007_A,"{""C"": 11.288378916846883, ""gamma"": ""scale""}",0.8296272925554534,0.8981481481481481,0.8979293753758915,0.9015911449325493,,0.7962962962962963,True,
AFz,VP008_A,"{""C"": 1.8329807108324356, ""gamma"": ""scale""}",0.8105263157894738,0.9444444444444444,0.94442538593482,0.945054945054945,,0.8888888888888888,True,
AFz,VP009_A,"{""C"": 3.79269019073225, ""gamma"": ""scale""}",0.8182167933057614,0.8611111111111112,0.8601398601398602,0.8714285714285714,,0.7222222222222222,True,
AFz,VP010_A,"{""C"": 2.636650898730358, ""gamma"": ""scale""}",0.838795461018217,0.7685185185185185,0.7668997668997669,0.7761904761904761,,0.537037037037037,True,
AFz,VP011_A,"{""C"": 1.2742749857031335, ""gamma"": ""scale""}",0.8273461431356168,0.6666666666666666,0.6591865357643759,0.6827067669172933,,0.33333333333333337,True,
AFz,VP012_A,"{""C"": 1.8329807108324356, ""gamma"": ""scale""}",0.8162071846282373,0.9259259259259259,0.9259005145797599,0.926510989010989,,0.8518518518518519,True,
AFz,VP013_A,"{""C"": 5.455594781168517, ""gamma"": ""scale""}",0.8516870596959585,0.7870370370370371,0.787018777330018,0.7871355060034306,,0.5740740740740741,True,
AFz,VP014_A,"{""C"": 7.847599703514611, ""gamma"": ""scale""}",0.818508560140474,0.8240740740740741,0.8239382239382239,0.8250773993808049,,0.6481481481481481,True,
AFz,VP015_A,"{""C"": 1.8329807108324356, ""gamma"": ""scale""}",0.8184288537549407,0.8055555555555556,0.8006153846153846,0.8391701560715645,,0.6111111111111112,True,
AFz,VP016_A,"{""C"": 5.455594781168517, ""gamma"": ""scale""}",0.8109451370201548,0.8148148148148148,0.8142414860681115,0.81875,,0.6296296296296297,True,
AFz,VP017_A,"{""C"": 2.636650898730358, ""gamma"": ""scale""}",0.8258088427063459,0.8518518518518519,0.8518010291595197,0.8523351648351649,,0.7037037037037037,True,
AFz,VP018_A,"{""C"": 5.455594781168517, ""gamma"": ""scale""}",0.8388441233676021,0.8148148148148148,0.8145604395604396,0.816551724137931,,0.6296296296296297,True,
AFz,VP019_A,"{""C"": 1.8329807108324356, ""gamma"": ""scale""}",0.8143155809859155,0.8055555555555556,0.8047352561343091,0.8107778165329613,,0.6111111111111112,True,
AFz,VP020_A,"{""C"": 2.636650898730358, ""gamma"": ""scale""}",0.8423541776142932,0.8333333333333334,0.8331043956043955,0.8351724137931034,,0.6666666666666667,True,
AFz,VP021_A,"{""C"": 23.357214690901213, ""gamma"": ""scale""}",0.8203401806202002,0.7685185185185185,0.7639653815892997,0.7909698996655519,,0.537037037037037,True,
AFz,VP022_A,"{""C"": 3.79269019073225, ""gamma"": ""scale""}",0.8481481481481481,0.8055555555555556,0.8055388836491468,0.8056603773584906,,0.6111111111111112,True,
AFz,VP023_A,"{""C"": 3.79269019073225, ""gamma"": ""auto""}",0.8236961938310852,0.8703703703703703,0.8703703703703703,0.8703703703703703,,0.7407407407407407,True,
AFz,VP024_A,"{""C"": 1.8329807108324356, ""gamma"": ""scale""}",0.8296272925554534,0.6388888888888888,0.618443699610472,0.6767786992579659,,0.2777777777777778,True,
AFz,VP025_A,"{""C"": 5.455594781168517, ""gamma"": ""scale""}",0.8351167665595121,0.9537037037037037,0.9536679536679536,0.9551083591331269,,0.9074074074074074,True,
AFz,VP026_A,"{""C"": 1.8329807108324356, ""gamma"": ""scale""}",0.8182692307692307,0.7870370370370371,0.7868725868725869,0.7879256965944272,,0.5740740740740741,True,
F1,VP001_A,"{""C"": 5.455594781168517, ""gamma"": ""scale""}",0.7904237890637075,0.7870370370370371,0.7855477855477855,0.7952380952380953,,0.5740740740740741,True,
F1,VP002_A,"{""C"": 7.847599703514611, ""gamma"": ""scale""}",0.8018457359795055,0.7129629629629629,0.7127413127413127,0.7136222910216719,,0.42592592592592593,True,
F1,VP003_A,"{""C"": 2.636650898730358, ""gamma"": ""scale""}",0.808849557522124,0.8425925925925926,0.8422544892172867,0.8455551712210307,,0.6851851851851851,True,
F1,VP004_A,"{""C"": 3.79269019073225, ""gamma"": ""scale""}",0.7759251574936814,0.5092592592592593,0.43566992014196987,0.5193548387096774,,0.01851851851851849,True,
F1,VP005_A,"{""C"": 3.79269019073225, ""gamma"": ""scale""}",0.7902162814443516,0.8148148148148148,0.8142414860681115,0.81875,,0.6296296296296297,True,
F1,VP006_A,"{""C"": 3.79269019073225, ""gamma"": ""scale""}",0.8089703564032024,0.7962962962962963,0.7962962962962963,0.7962962962962963,,0.5925925925925926,True,
F1,VP007_A,"{""C"": 1.8329807108324356, ""gamma"": ""scale""}",0.7844281702549418,0.8703703703703703,0.8703259005145798,0.8708791208791209,,0.7407407407407407,True,
F1,VP008_A,"{""C"": 5.455594781168517, ""gamma"": ""scale""}",0.8055015282022784,0.8796296296296297,0.8796193089256623,0.8797598627787306,,0.7592592592592593,True,
F1,VP009_A,"{""C"": 3.79269019073225, ""gamma"": ""scale""}",0.8111007462686567,0.8703703703703703,0.8699690402476781,0.875,,0.7407407407407407,True,
F1,VP010_A,"{""C"": 5.455594781168517, ""gamma"": ""scale""}",0.8147233201581028,0.75,0.7482517482517483,0.7571428571428571,,0.5,True,
F1,VP011_A,"{""C"": 11.288378916846883, ""gamma"": ""scale""}",0.8111085200071331,0.5740740740740741,0.5556350626118068,0.5888157894736843,,0.14814814814814814,True,
F1,VP012_A,"{""C"": 1.8329807108324356, ""gamma"": ""scale""}",0.808849557522124,0.9074074074074074,0.9072802197802198,0.9096551724137931,,0.8148148148148149,True,
F1,VP013_A,"{""C"": 5.455594781168517, ""gamma"": ""scale""}",0.8147741616815762,0.7777777777777778,0.7777015437392796,0.7781593406593407,,0.5555555555555556,True,
F1,VP014_A,"{""C"": 3.79269019073225, ""gamma"": ""scale""}",0.8240589899682758,0.8333333333333334,0.8332761578044596,0.8337912087912087,,0.6666666666666667,True,
F1,VP015_A,"{""C"": 3.79269019073225, ""gamma"": ""scale""}",0.7999313893653517,0.8240740740740741,0.8206136900078678,0.8511705685618729,,0.6481481481481481,True,
F1,VP016_A,"{""C"": 2.636650898730358, ""gamma"": ""scale""}",0.8092586051392494,0.8148148148148148,0.813213420961605,0.8259943181818181,,0.6296296296296297,True,
F1,VP017_A,"{""C"": 2.636650898730358, ""gamma"": ""scale""}",0.8103593119499801,0.6944444444444444,0.6923076923076923,0.7,,0.38888888888888884,True,
F1,VP018_A,"{""C"": 16.23776739188721, ""gamma"": ""scale""}",0.8147741616815762,0.7222222222222222,0.7221269296740995,0.7225274725274725,,0.4444444444444444,True,
F1,VP019_A,"{""C"": 1.2742749857031335, ""gamma"": ""scale""}",0.8037010109878051,0.7407407407407407,0.7375,0.7532467532467533,,0.4814814814814815,True,
F1,VP020_A,"{""C"": 7.847599703514611, ""gamma"": ""scale""}",0.8182692307692307,0.8055555555555556,0.8054054054054054,0.8065015479876161,,0.6111111111111112,True,
F1,VP021_A,"{""C"": 1.2742749857031335, ""gamma"": ""scale""}",0.7794110074799785,0.8240740740740741,0.8228438228438228,0.8333333333333333,,0.6481481481481481,True,
F1,VP022_A,"{""C"": 7.847599703514611, ""gamma"": ""scale""}",0.8073651281488392,0.7314814814814815,0.7314584583726313,0.7315608919382504,,0.4629629629629629,True,
F1,VP023_A,"{""C"": 2.636650898730358, ""gamma"": ""scale""}",0.8071428571428572,0.8611111111111112,0.8610038610038611,0.8622291021671826,,0.7222222222222222,True,
F1,VP024_A,"{""C"": 3.79269019073225, ""gamma"": ""scale""}",0.8037010109878051,0.7222222222222222,0.7159887798036466,0.7436090225563909,,0.4444444444444444,True,
F1,VP025_A,"{""C"": 3.79269019073225, ""gamma"": ""scale""}",0.8145069319446544,0.9351851851851852,0.9350459661482946,0.9389484607402283,,0.8703703703703703,True,
F1,VP026_A,"{""C"": 0.8858667904100825, ""gamma"": ""scale""}",0.7938498894273264,0.8055555555555556,0.8054054054054054,0.8065015479876161,,0.6111111111111112,True,
FC5,VP001_A,"{""C"": 69.51927961775604, ""gamma"": ""scale""}",0.7759190098459829,0.7314814814814815,0.7261998426435878,0.7508361204013378,,0.4629629629629629,True,
FC5,VP002_A,"{""C"": 11.288378916846883, ""gamma"": ""scale""}",0.7996674865002267,0.6851851851851852,0.683448275862069,0.6893408134642356,,0.37037037037037035,True,
FC5,VP003_A,"{""C"": 2.636650898730358, ""gamma"": ""scale""}",0.7849462365591398,0.8888888888888888,0.8888507718696398,0.8894230769230769,,0.7777777777777778,True,
FC5,VP004_A,"{""C"": 3.79269019073225, ""gamma"": ""scale""}",0.8109010011123471,0.46296296296296297,0.33076923076923076,0.3235294117647059,,-0.07407407407407418,True,
FC5,VP005_A,"{""C"": 5.455594781168517, ""gamma"": ""scale""}",0.7956656346749226,0.8703703703703703,0.8699690402476781,0.875,,0.7407407407407407,True,
FC5,VP006_A,"{""C"": 0.8858667904100825, ""gamma"": ""scale""}",0.7861386138613862,0.7222222222222222,0.7222222222222222,0.7222222222222222,,0.4444444444444444,True,
FC5,VP007_A,"{""C"": 0.8858667904100825, ""gamma"": ""scale""}",0.7589285714285714,0.8425925925925926,0.8424710424710424,0.8436532507739938,,0.6851851851851851,True,
FC5,VP008_A,"{""C"": 3.79269019073225, ""gamma"": ""scale""}",0.7906538721485938,0.9166666666666666,0.9166595215639202,0.9168096054888508,,0.8333333333333334,True,
FC5,VP009_A,"{""C"": 33.59818286283781, ""gamma"": ""auto""}",0.783273131425396,0.8888888888888888,0.8888888888888888,0.8888888888888888,,0.7777777777777778,True,
FC5,VP010_A,"{""C"": 48.32930238571752, ""gamma"": ""auto""}",0.7961956521739131,0.7037037037037037,0.7036020583190394,0.7039835164835164,,0.40740740740740744,True,
FC5,VP011_A,"{""C"": 3.79269019073225, ""gamma"": ""scale""}",0.8092533720176549,0.5833333333333334,0.5727472527472528,0.5925009516558812,,0.16666666666666663,True,
FC5,VP012_A,"{""C"": 1.2742749857031335, ""gamma"": ""scale""}",0.7790773229369721,0.8888888888888888,0.8888507718696398,0.8894230769230769,,0.7777777777777778,True,
FC5,VP013_A,"{""C"": 5.455594781168517, ""gamma"": ""scale""}",0.7942405195821647,0.7777777777777778,0.7774725274725275,0.7793103448275862,,0.5555555555555556,True,
FC5,VP014_A,"{""C"": 1.8329807108324356, ""gamma"": ""scale""}",0.8004662004662004,0.7962962962962963,0.7960164835164836,0.7979310344827586,,0.5925925925925926,True,
FC5,VP015_A,"{""C"": 1.2742749857031335, ""gamma"": ""scale""}",0.7960164835164836,0.7870370370370371,0.7828481510621558,0.8110367892976589,,0.5740740740740741,True,
FC5,VP016_A,"{""C"": 1.8329807108324356, ""gamma"": ""scale""}",0.784606073943662,0.7962962962962963,0.7951724137931034,0.802945301542777,,0.5925925925925926,True,
FC5,VP017_A,"{""C"": 3.79269019073225, ""gamma"": ""scale""}",0.8033151904997526,0.7777777777777778,0.7770897832817337,0.78125,,0.5555555555555556,True,
FC5,VP018_A,"{""C"": 2.636650898730358, ""gamma"": ""scale""}",0.8145069319446544,0.7314814814814815,0.7303486870426172,0.7354377397976979,,0.4629629629629629,True,
FC5,VP019_A,"{""C"": 33.59818286283781, ""gamma"": ""scale""}",0.7887468943459939,0.7037037037037037,0.7036020583190394,0.7039835164835164,,0.40740740740740744,True,
FC5,VP020_A,"{""C"": 33.59818286283781, ""gamma"": ""auto""}",0.7888888888888889,0.7685185185185185,0.7668997668997669,0.7761904761904761,,0.537037037037037,True,
FC5,VP021_A,"{""C"": 2.636650898730358, ""gamma"": ""scale""}",0.7847600197921821,0.8425925925925926,0.8419285406801549,0.8484478549005929,,0.6851851851851851,True,
FC5,VP022_A,"{""C"": 7.847599703514611, ""gamma"": ""scale""}",0.7755865351921115,0.7407407407407407,0.7403846153846154,0.7420689655172414,,0.4814814814814815,True,
FC5,VP023_A,"{""C"": 2.636650898730358, ""gamma"": ""scale""}",0.7925669835782195,0.8333333333333334,0.8331043956043955,0.8351724137931034,,0.6666666666666667,True,
FC5,VP024_A,"{""C"": 23.357214690901213, ""gamma"": ""scale""}",0.8129469261767984,0.75,0.7499785646917603,0.7500857632933104,,0.5,True,
FC5,VP025_A,"{""C"": 1.2742749857031335, ""gamma"": ""scale""}",0.8129109937945727,0.9074074074074074,0.906896551724138,0.9165497896213184,,0.8148148148148149,True,
FC5,VP026_A,"{""C"": 0.6158482110660264, ""gamma"": ""scale""}",0.7735491056083376,0.7777777777777778,0.7770897832817337,0.78125,,0.5555555555555556,True,
FC1,VP001_A,"{""C"": 11.288378916846883, ""gamma"": ""scale""}",0.783273131425396,0.7777777777777778,0.775,0.7922077922077921,,0.5555555555555556,True,
FC1,VP002_A,"{""C"": 5.455594781168517, ""gamma"": ""scale""}",0.764225378260466,0.6944444444444444,0.6931554024967714,0.6977677014300663,,0.38888888888888884,True,
FC1,VP003_A,"{""C"": 7.847599703514611, ""gamma"": ""scale""}",0.8016988416988418,0.7870370370370371,0.787018777330018,0.7871355060034306,,0.5740740740740741,True,
FC1,VP004_A,"{""C"": 2.636650898730358, ""gamma"": ""scale""}",0.7920334507042254,0.4722222222222222,0.36134453781512604,0.40909090909090906,,-0.05555555555555558,True,
FC1,VP005_A,"{""C"": 3.79269019073225, ""gamma"": ""scale""}",0.7832433897467742,0.7962962962962963,0.7962962962962963,0.7962962962962963,,0.5925925925925926,True,
FC1,VP006_A,"{""C"": 1.8329807108324356, ""gamma"": ""scale""}",0.8124219714609006,0.7129629629629629,0.7117520447696943,0.7166027206138821,,0.42592592592592593,True,
FC1,VP007_A,"{""C"": 1.2742749857031335, ""gamma"": ""scale""}",0.7849462365591398,0.8888888888888888,0.8888888888888888,0.8888888888888888,,0.7777777777777778,True,
FC1,VP008_A,"{""C"": 7.847599703514611, ""gamma"": ""scale""}",0.7850790513833992,0.8888888888888888,0.8888507718696398,0.8894230769230769,,0.7777777777777778,True,
FC1,VP009_A,"{""C"": 2.636650898730358, ""gamma"": ""scale""}",0.7659442724458204,0.8425925925925926,0.8424710424710424,0.8436532507739938,,0.6851851851851851,True,
FC1,VP010_A,"{""C"": 23.357214690901213, ""gamma"": ""scale""}",0.8,0.6759259259259259,0.6752298307414726,0.6774472500864752,,0.35185185185185186,True,
FC1,VP011_A,"{""C"": 2.636650898730358, ""gamma"": ""scale""}",0.8054427977806067,0.5925925925925926,0.5675282125955589,0.6205357142857143,,0.18518518518518523,True,
FC1,VP012_A,"{""C"": 3.79269019073225, ""gamma"": ""scale""}",0.812885319354053,0.8796296296296297,0.8795366795366795,0.8808049535603715,,0.7592592592592593,True,
FC1,VP013_A,"{""C"": 1.8329807108324356, ""gamma"": ""scale""}",0.7865032952752251,0.7962962962962963,0.7962264150943397,0.7967032967032968,,0.5925925925925926,True,
FC1,VP014_A,"{""C"": 3.79269019073225, ""gamma"": ""scale""}",0.7887845849802371,0.8611111111111112,0.8610992026065335,0.8612349914236707,,0.7222222222222222,True,
FC1,VP015_A,"{""C"": 0.29763514416313175, ""gamma"": ""scale""}",0.7812894722390027,0.7777777777777778,0.7714285714285714,0.8125,,0.5555555555555556,True,
FC1,VP016_A,"{""C"": 1.8329807108324356, ""gamma"": ""scale""}",0.7828679439814417,0.8518518518518519,0.8516483516483516,0.8537931034482759,,0.7037037037037037,True,
FC1,VP017_A,"{""C"": 5.455594781168517, ""gamma"": ""scale""}",0.7777777777777778,0.6759259259259259,0.6725288053365677,0.6835420393559928,,0.35185185185185186,True,
FC1,VP018_A,"{""C"": 48.32930238571752, ""gamma"": ""scale""}",0.7885989010989011,0.7314814814814815,0.7296037296037297,0.7380952380952381,,0.4629629629629629,True,
FC1,VP019_A,"{""C"": 5.455594781168517, ""gamma"": ""scale""}",0.8074074074074075,0.7407407407407407,0.739938080495356,0.74375,,0.4814814814814815,True,
FC1,VP020_A,"{""C"": 7.847599703514611, ""gamma"": ""scale""}",0.7721589330369547,0.8055555555555556,0.8047352561343091,0.8107778165329613,,0.6111111111111112,True,
FC1,VP021_A,"{""C"": 7.847599703514611, ""gamma"": ""scale""}",0.7759067135385407,0.8333333333333334,0.8332761578044596,0.8337912087912087,,0.6666666666666667,True,
FC1,VP022_A,"{""C"": 48.32930238571752, ""gamma"": ""auto""}",0.7925214408233276,0.7129629629629629,0.7129383520535025,0.7130360205831904,,0.42592592592592593,True,
FC1,VP023_A,"{""C"": 0.8858667904100825, ""gamma"": ""scale""}",0.7956656346749226,0.8333333333333334,0.8328173374613003,0.8375,,0.6666666666666667,True,
FC1,VP024_A,"{""C"": 3.79269019073225, ""gamma"": ""scale""}",0.7832433897467742,0.6574074074074074,0.6523705959112658,0.6670913724062614,,0.31481481481481477,True,
FC1,VP025_A,"{""C"": 7.847599703514611, ""gamma"": ""scale""}",0.7758882665468477,0.9259259259259259,0.9255172413793104,0.935483870967742,,0.8518518518518519,True,
FC1,VP026_A,"{""C"": 69.51927961775604, ""gamma"": ""scale""}",0.7712613000430477,0.7592592592592593,0.7571774472500865,0.7684659090909092,,0.5185185185185186,True,
T7,VP001_A,"{""C"": 7.847599703514611, ""gamma"": ""scale""}",0.7444128904803062,0.7592592592592593,0.7579310344827586,0.7650771388499299,,0.5185185185185186,True,
T7,VP002_A,"{""C"": 1.2742749857031335, ""gamma"": ""scale""}",0.7681679082563135,0.6388888888888888,0.635103525946461,0.644901610017889,,0.2777777777777778,True,
T7,VP003_A,"{""C"": 5.455594781168517, ""gamma"": ""scale""}",0.7518382352941176,0.8333333333333334,0.8332761578044596,0.8337912087912087,,0.6666666666666667,True,
T7,VP004_A,"{""C"": 23.357214690901213, ""gamma"": ""scale""}",0.7701685979460706,0.46296296296296297,0.31645569620253167,0.2403846153846154,,-0.07407407407407418,True,
T7,VP005_A,"{""C"": 16.23776739188721, ""gamma"": ""scale""}",0.7258657592887328,0.8333333333333334,0.8318920788654445,0.8451704545454546,,0.6666666666666667,True,
T7,VP006_A,"{""C"": 100.0, ""gamma"": ""scale""}",0.7387804953358561,0.6759259259259259,0.6736596736596736,0.680952380952381,,0.35185185185185186,True,
T7,VP007_A,"{""C"": 0.6158482110660264, ""gamma"": ""scale""}",0.7546941247728649,0.6759259259259259,0.6758981394152448,0.6759862778730703,,0.35185185185185186,True,
T7,VP008_A,"{""C"": 2.636650898730358, ""gamma"": ""scale""}",0.762962962962963,0.8981481481481481,0.8980694980694981,0.8993808049535603,,0.7962962962962963,True,
T7,VP009_A,"{""C"": 23.357214690901213, ""gamma"": ""scale""}",0.7369793095878383,0.8425925925925926,0.8425790962874047,0.8427101200686107,,0.6851851851851851,True,
T7,VP010_A,"{""C"": 48.32930238571752, ""gamma"": ""scale""}",0.7739624505928854,0.6944444444444444,0.6931554024967714,0.6977677014300663,,0.38888888888888884,True,
T7,VP011_A,"{""C"": 0.8858667904100825, ""gamma"": ""scale""}",0.7479268493602065,0.5740740740740741,0.5556350626118068,0.5888157894736843,,0.14814814814814814,True,
T7,VP012_A,"{""C"": 33.59818286283781, ""gamma"": ""scale""}",0.7646784316013053,0.8425925925925926,0.8419285406801549,0.8484478549005929,,0.6851851851851851,True,
T7,VP013_A,"{""C"": 3.79269019073225, ""gamma"": ""scale""}",0.776425288784002,0.8055555555555556,0.8051378984448836,0.8081978554133518,,0.6111111111111112,True,
T7,VP014_A,"{""C"": 2.636650898730358, ""gamma"": ""scale""}",0.7443181818181819,0.6759259259259259,0.6756756756756757,0.6764705882352942,,0.35185185185185186,True,
T7,VP015_A,"{""C"": 48.32930238571752, ""gamma"": ""scale""}",0.7795018374846876,0.7407407407407407,0.739938080495356,0.74375,,0.4814814814814815,True,
T7,VP016_A,"{""C"": 23.357214690901213, ""gamma"": ""scale""}",0.749957983337392,0.7685185185185185,0.7668997668997669,0.7761904761904761,,0.537037037037037,True,
T7,VP017_A,"{""C"": 23.357214690901213, ""gamma"": ""scale""}",0.7590973356577123,0.7037037037037037,0.7,0.7142857142857142,,0.40740740740740744,True,
T7,VP018_A,"{""C"": 7.847599703514611, ""gamma"": ""scale""}",0.7701685979460706,0.7407407407407407,0.7393103448275862,0.7461430575035064,,0.4814814814814815,True,
T7,VP019_A,"{""C"": 3.79269019073225, ""gamma"": ""scale""}",0.759246049165935,0.7314814814814815,0.7312741312741313,0.7321981424148607,,0.4629629629629629,True,
T7,VP020_A,"{""C"": 2.636650898730358, ""gamma"": ""scale""}",0.732967032967033,0.7407407407407407,0.7406518010291595,0.7410714285714286,,0.4814814814814815,True,
T7,VP021_A,"{""C"": 23.357214690901213, ""gamma"": ""scale""}",0.7240277001279365,0.7592592592592593,0.7589285714285714,0.7606896551724138,,0.5185185185185186,True,
T7,VP022_A,"{""C"": 69.51927961775604, ""gamma"": ""scale""}",0.7605979895179998,0.7962962962962963,0.7956656346749226,0.8,,0.5925925925925926,True,
T7,VP023_A,"{""C"": 69.51927961775604, ""gamma"": ""scale""}",0.7425917098481133,0.7407407407407407,0.7393103448275862,0.7461430575035064,,0.4814814814814815,True,
T7,VP024_A,"{""C"": 2.636650898730358, ""gamma"": ""scale""}",0.757166739326699,0.6296296296296297,0.6275862068965516,0.632538569424965,,0.2592592592592593,True,
T7,VP025_A,"{""C"": 3.79269019073225, ""gamma"": ""scale""}",0.7590477236531386,0.8888888888888888,0.8879280525769631,0.9026988636363636,,0.7777777777777778,True,
T7,VP026_A,"{""C"": 1.8329807108324356, ""gamma"": ""scale""}",0.7325077399380805,0.7962962962962963,0.7962962962962963,0.7962962962962963,,0.5925925925925926,True,
C3,VP001_A,"{""C"": 3.79269019073225, ""gamma"": ""scale""}",0.7808923855633803,0.7037037037037037,0.697054698457223,0.7233082706766918,,0.40740740740740744,True,
C3,VP002_A,"{""C"": 0.6158482110660264, ""gamma"": ""scale""}",0.8048266674927972,0.6111111111111112,0.6,0.625,,0.2222222222222222,True,
C3,VP003_A,"{""C"": 23.357214690901213, ""gamma"": ""scale""}",0.771651350598719,0.7777777777777778,0.7777015437392796,0.7781593406593407,,0.5555555555555556,True,
C3,VP004_A,"{""C"": 0.8858667904100825, ""gamma"": ""scale""}",0.8011966735365866,0.46296296296296297,0.31645569620253167,0.2403846153846154,,-0.07407407407407418,True,
C3,VP005_A,"{""C"": 1.8329807108324356, ""gamma"": ""scale""}",0.7832076889555333,0.8425925925925926,0.8424710424710424,0.8436532507739938,,0.6851851851851851,True,
C3,VP006_A,"{""C"": 5.455594781168517, ""gamma"": ""scale""}",0.7907342819222816,0.7129629629629629,0.710955710955711,0.719047619047619,,0.42592592592592593,True,
C3,VP007_A,"{""C"": 11.288378916846883, ""gamma"": ""scale""}",0.7659442724458204,0.8333333333333334,0.8332761578044596,0.8337912087912087,,0.6666666666666667,True,
C3,VP008_A,"{""C"": 3.79269019073225, ""gamma"": ""scale""}",0.8016062409224038,0.8888888888888888,0.8888507718696398,0.8894230769230769,,0.7777777777777778,True,
C3,VP009_A,"{""C"": 7.847599703514611, ""gamma"": ""scale""}",0.785158661563156,0.8796296296296297,0.8796193089256623,0.8797598627787306,,0.7592592592592593,True,
C3,VP010_A,"{""C"": 23.357214690901213, ""gamma"": ""scale""}",0.8037010109878051,0.7222222222222222,0.7198201314424075,0.7301136363636364,,0.4444444444444444,True,
C3,VP011_A,"{""C"": 5.455594781168517, ""gamma"": ""scale""}",0.782616923399819,0.6388888888888888,0.6148148148148148,0.6851851851851851,,0.2777777777777778,True,
C3,VP012_A,"{""C"": 23.357214690901213, ""gamma"": ""scale""}",0.7691034482758621,0.8796296296296297,0.8796193089256623,0.8797598627787306,,0.7592592592592593,True,
C3,VP013_A,"{""C"": 2.636650898730358, ""gamma"": ""scale""}",0.7713683819201338,0.7962962962962963,0.7962962962962963,0.7962962962962963,,0.5925925925925926,True,
C3,VP014_A,"{""C"": 2.636650898730358, ""gamma"": ""scale""}",0.7680213076724804,0.8425925925925926,0.8422544892172867,0.8455551712210307,,0.6851851851851851,True,
C3,VP015_A,"{""C"": 3.79269019073225, ""gamma"": ""scale""}",0.7684796142012891,0.8148148148148148,0.8145604395604396,0.816551724137931,,0.6296296296296297,True,
C3,VP016_A,"{""C"": 5.455594781168517, ""gamma"": ""scale""}",0.7846860348407144,0.8240740740740741,0.8222299228969938,0.8381037567084079,,0.6481481481481481,True,
C3,VP017_A,"{""C"": 7.847599703514611, ""gamma"": ""scale""}",0.7549875568877096,0.6296296296296297,0.6275862068965516,0.632538569424965,,0.2592592592592593,True,
C3,VP018_A,"{""C"": 1.2742749857031335, ""gamma"": ""scale""}",0.7862387310635397,0.7314814814814815,0.7261998426435878,0.7508361204013378,,0.4629629629629629,True,
C3,VP019_A,"{""C"": 0.8858667904100825, ""gamma"": ""scale""}",0.7752778073937522,0.6574074074074074,0.6506687647521636,0.6705685618729097,,0.31481481481481477,True,
C3,VP020_A,"{""C"": 7.847599703514611, ""gamma"": ""scale""}",0.7647171837422251,0.7962962962962963,0.7962264150943397,0.7967032967032968,,0.5925925925925926,True,
C3,VP021_A,"{""C"": 100.0, ""gamma"": ""scale""}",0.7681679082563135,0.8518518518518519,0.8510344827586207,0.8597475455820476,,0.7037037037037037,True,
C3,VP022_A,"{""C"": 2.636650898730358, ""gamma"": ""scale""}",0.776425288784002,0.7314814814814815,0.7303486870426172,0.7354377397976979,,0.4629629629629629,True,
C3,VP023_A,"{""C"": 100.0, ""gamma"": ""auto""}",0.7850406995099587,0.8333333333333334,0.8324137931034483,0.8408134642356241,,0.6666666666666667,True,
C3,VP024_A,"{""C"": 2.636650898730358, ""gamma"": ""scale""}",0.7995352738172168,0.7129629629629629,0.7073170731707317,0.7307692307692307,,0.42592592592592593,True,
C3,VP025_A,"{""C"": 7.847599703514611, ""gamma"": ""scale""}",0.7537028590633027,0.9259259259259259,0.9255172413793104,0.935483870967742,,0.8518518518518519,True,
C3,VP026_A,"{""C"": 2.636650898730358, ""gamma"": ""scale""}",0.8126796698711014,0.8333333333333334,0.8318920788654445,0.8451704545454546,,0.6666666666666667,True,
Cz,VP001_A,"{""C"": 2.636650898730358, ""gamma"": ""scale""}",0.7646784316013053,0.6574074074074074,0.6487032967032966,0.6747240197944423,,0.31481481481481477,True,
Cz,VP002_A,"{""C"": 48.32930238571752, ""gamma"": ""scale""}",0.7942857142857143,0.6574074074074074,0.6573780330961159,0.6574614065180102,,0.31481481481481477,True,
Cz,VP003_A,"{""C"": 11.288378916846883, ""gamma"": ""scale""}",0.7696594427244582,0.75,0.7499785646917603,0.7500857632933104,,0.5,True,
Cz,VP004_A,"{""C"": 100.0, ""gamma"": ""scale""}",0.7769946588844227,0.4351851851851852,0.3287824758023434,0.32286785379568883,,-0.12962962962962954,True,
Cz,VP005_A,"{""C"": 7.847599703514611, ""gamma"": ""scale""}",0.7720901345429965,0.8240740740740741,0.823331898407232,0.8296128357167771,,0.6481481481481481,True,
Cz,VP006_A,"{""C"": 5.455594781168517, ""gamma"": ""scale""}",0.7849462365591398,0.7314814814814815,0.7309047169000773,0.7334832237979938,,0.4629629629629629,True,
Cz,VP007_A,"{""C"": 23.357214690901213, ""gamma"": ""scale""}",0.7607492813205156,0.8240740740740741,0.8228438228438228,0.8333333333333333,,0.6481481481481481,True,
Cz,VP008_A,"{""C"": 1.8329807108324356, ""gamma"": ""scale""}",0.7629597113815004,0.8518518518518519,0.8513931888544892,0.85625,,0.7037037037037037,True,
Cz,VP009_A,"{""C"": 33.59818286283781, ""gamma"": ""scale""}",0.7777747294201567,0.8333333333333334,0.8332761578044596,0.8337912087912087,,0.6666666666666667,True,
Cz,VP010_A,"{""C"": 5.455594781168517, ""gamma"": ""scale""}",0.7935772707705553,0.7685185185185185,0.7680213076724804,0.7708405396056728,,0.537037037037037,True,
Cz,VP011_A,"{""C"": 5.455594781168517, ""gamma"": ""scale""}",0.8185185185185185,0.6388888888888888,0.6148148148148148,0.6851851851851851,,0.2777777777777778,True,
Cz,VP012_A,"{""C"": 5.455594781168517, ""gamma"": ""scale""}",0.7883197623239437,0.8148148148148148,0.8147512864493998,0.8152472527472527,,0.6296296296296297,True,
Cz,VP013_A,"{""C"": 100.0, ""gamma"": ""scale""}",0.7665513833992095,0.8333333333333334,0.8333333333333334,0.8333333333333334,,0.6666666666666667,True,
Cz,VP014_A,"{""C"": 5.455594781168517, ""gamma"": ""scale""}",0.7683397683397684,0.8148148148148148,0.8137931034482759,0.8218793828892006,,0.6296296296296297,True,
Cz,VP015_A,"{""C"": 1.8329807108324356, ""gamma"": ""scale""}",0.7628035304937475,0.8055555555555556,0.8051378984448836,0.8081978554133518,,0.6111111111111112,True,
Cz,VP016_A,"{""C"": 5.455594781168517, ""gamma"": ""scale""}",0.7739221150018532,0.7777777777777778,0.7739797697942099,0.7977941176470589,,0.5555555555555556,True,
Cz,VP017_A,"{""C"": 69.51927961775604, ""gamma"": ""scale""}",0.7860325051424555,0.6759259259259259,0.6745587602238485,0.6789326822462505,,0.35185185185185186,True,
Cz,VP018_A,"{""C"": 2.636650898730358, ""gamma"": ""scale""}",0.7940708624356256,0.6944444444444444,0.6866813186813187,0.7158355538637229,,0.38888888888888884,True,
Cz,VP019_A,"{""C"": 7.847599703514611, ""gamma"": ""scale""}",0.7573067013404053,0.7037037037037037,0.7011414735385679,0.7109375,,0.40740740740740744,True,
Cz,VP020_A,"{""C"": 2.636650898730358, ""gamma"": ""scale""}",0.7629109269524175,0.75,0.7494630122862789,0.7521618817018332,,0.5,True,
Cz,VP021_A,"{""C"": 1.2742749857031335, ""gamma"": ""scale""}",0.8097304168796894,0.8333333333333334,0.8324137931034483,0.8408134642356241,,0.6666666666666667,True,
Cz,VP022_A,"{""C"": 3.79269019073225, ""gamma"": ""scale""}",0.7599842883771892,0.7685185185185185,0.7683397683397684,0.7693498452012384,,0.537037037037037,True,
Cz,VP023_A,"{""C"": 11.288378916846883, ""gamma"": ""scale""}",0.757166739326699,0.8148148148148148,0.813213420961605,0.8259943181818181,,0.6296296296296297,True,
Cz,VP024_A,"{""C"": 3.79269019073225, ""gamma"": ""scale""}",0.7961592840180642,0.6666666666666666,0.6625,0.6753246753246753,,0.33333333333333337,True,
Cz,VP025_A,"{""C"": 11.288378916846883, ""gamma"": ""scale""}",0.764225378260466,0.9537037037037037,0.9536042615344962,0.9576271186440678,,0.9074074074074074,True,
Cz,VP026_A,"{""C"": 0.42813323987193935, ""gamma"": ""scale""}",0.7576502430402121,0.7314814814814815,0.7229054233389365,0.764187866927593,,0.4629629629629629,True,
CP5,VP001_A,"{""C"": 16.23776739188721, ""gamma"": ""scale""}",0.7701149425287357,0.7129629629629629,0.7056703296703297,0.7363913208983632,,0.42592592592592593,True,
CP5,VP002_A,"{""C"": 7.847599703514611, ""gamma"": ""scale""}",0.7753643367678456,0.6851851851851852,0.6798046738751309,0.6985294117647058,,0.37037037037037035,True,
CP5,VP003_A,"{""C"": 16.23776739188721, ""gamma"": ""scale""}",0.7647171837422251,0.7685185185185185,0.7680213076724804,0.7708405396056728,,0.537037037037037,True,
CP5,VP004_A,"{""C"": 1.8329807108324356, ""gamma"": ""scale""}",0.7830051621279095,0.48148148148148145,0.325,0.24528301886792453,,-0.03703703703703698,True,
CP5,VP005_A,"{""C"": 16.23776739188721, ""gamma"": ""scale""}",0.7772614153524633,0.8240740740740741,0.8240589899682758,0.8241852487135506,,0.6481481481481481,True,
CP5,VP006_A,"{""C"": 7.847599703514611, ""gamma"": ""scale""}",0.7648075557887589,0.7685185185185185,0.7675419715884633,0.7731077781653296,,0.537037037037037,True,
CP5,VP007_A,"{""C"": 48.32930238571752, ""gamma"": ""scale""}",0.7645232953004233,0.6759259259259259,0.6758981394152448,0.6759862778730703,,0.35185185185185186,True,
CP5,VP008_A,"{""C"": 69.51927961775604, ""gamma"": ""scale""}",0.7461909777376758,0.8055555555555556,0.8035172832019406,0.818783542039356,,0.6111111111111112,True,
CP5,VP009_A,"{""C"": 23.357214690901213, ""gamma"": ""scale""}",0.7629109269524175,0.8981481481481481,0.8980694980694981,0.8993808049535603,,0.7962962962962963,True,
CP5,VP010_A,"{""C"": 7.847599703514611, ""gamma"": ""scale""}",0.7825211437776882,0.7222222222222222,0.71875,0.7337662337662337,,0.4444444444444444,True,
CP5,VP011_A,"{""C"": 3.79269019073225, ""gamma"": ""scale""}",0.7470238095238095,0.6481481481481481,0.6402524544179524,0.662406015037594,,0.2962962962962963,True,
CP5,VP012_A,"{""C"": 69.51927961775604, ""gamma"": ""scale""}",0.742584647674311,0.8240740740740741,0.8239382239382239,0.8250773993808049,,0.6481481481481481,True,
CP5,VP013_A,"{""C"": 48.32930238571752, ""gamma"": ""scale""}",0.7499305362600722,0.8240740740740741,0.8236961938310852,0.8268765133171913,,0.6481481481481481,True,
CP5,VP014_A,"{""C"": 23.357214690901213, ""gamma"": ""scale""}",0.7479787511496068,0.8333333333333334,0.8333333333333334,0.8333333333333334,,0.6666666666666667,True,
CP5,VP015_A,"{""C"": 3.79269019073225, ""gamma"": ""scale""}",0.7479268493602065,0.8240740740740741,0.8236961938310852,0.8268765133171913,,0.6481481481481481,True,
CP5,VP016_A,"{""C"": 100.0, ""gamma"": ""scale""}",0.7703577699736611,0.7777777777777778,0.775,0.7922077922077921,,0.5555555555555556,True,
CP5,VP017_A,"{""C"": 7.847599703514611, ""gamma"": ""scale""}",0.7978979463602058,0.6481481481481481,0.64375,0.6558441558441559,,0.2962962962962963,True,
CP5,VP018_A,"{""C"": 23.357214690901213, ""gamma"": ""scale""}",0.7647171837422251,0.7314814814814815,0.7246593406593407,0.7569470879330034,,0.4629629629629629,True,
CP5,VP019_A,"{""C"": 7.847599703514611, ""gamma"": ""scale""}",0.7719398844248195,0.7777777777777778,0.776551724137931,0.7840112201963534,,0.5555555555555556,True,
CP5,VP020_A,"{""C"": 5.455594781168517, ""gamma"": ""scale""}",0.7405129331649185,0.7870370370370371,0.7861386138613862,0.7919427973491454,,0.5740740740740741,True,
CP5,VP021_A,"{""C"": 3.79269019073225, ""gamma"": ""scale""}",0.7475629373994583,0.8148148148148148,0.8137931034482759,0.8218793828892006,,0.6296296296296297,True,
CP5,VP022_A,"{""C"": 5.455594781168517, ""gamma"": ""scale""}",0.7728275862068965,0.7314814814814815,0.7303486870426172,0.7354377397976979,,0.4629629629629629,True,
CP5,VP023_A,"{""C"": 7.847599703514611, ""gamma"": ""scale""}",0.7617833165607466,0.8981481481481481,0.8980694980694981,0.8993808049535603,,0.7962962962962963,True,
CP5,VP024_A,"{""C"": 11.288378916846883, ""gamma"": ""scale""}",0.7563839862247095,0.7777777777777778,0.7739797697942099,0.7977941176470589,,0.5555555555555556,True,
CP5,VP025_A,"{""C"": 100.0, ""gamma"": ""scale""}",0.7610709618557302,0.8888888888888888,0.8879280525769631,0.9026988636363636,,0.7777777777777778,True,
CP5,VP026_A,"{""C"": 23.357214690901213, ""gamma"": ""scale""}",0.7684986710108892,0.7592592592592593,0.7591766723842196,0.7596153846153846,,0.5185185185185186,True,
CP1,VP001_A,"{""C"": 2.636650898730358, ""gamma"": ""scale""}",0.7514392888058368,0.6111111111111112,0.6,0.625,,0.2222222222222222,True,
CP1,VP002_A,"{""C"": 7.847599703514611, ""gamma"": ""scale""}",0.7674266360244082,0.6203703703703703,0.6187688334050796,0.622427624694803,,0.2407407407407407,True,
CP1,VP003_A,"{""C"": 0.8858667904100825, ""gamma"": ""scale""}",0.7557109557109557,0.7222222222222222,0.71875,0.7337662337662337,,0.4444444444444444,True,
CP1,VP004_A,"{""C"": 5.455594781168517, ""gamma"": ""scale""}",0.7795381485458643,0.46296296296296297,0.3439463762044407,0.365,,-0.07407407407407418,True,
CP1,VP005_A,"{""C"": 1.8329807108324356, ""gamma"": ""scale""}",0.7398271020318264,0.8148148148148148,0.8147512864493998,0.8152472527472527,,0.6296296296296297,True,
CP1,VP006_A,"{""C"": 48.32930238571752, ""gamma"": ""scale""}",0.7553407655554946,0.6944444444444444,0.6937881261276742,0.6961259079903148,,0.38888888888888884,True,
CP1,VP007_A,"{""C"": 5.455594781168517, ""gamma"": ""scale""}",0.7645232953004233,0.7592592592592593,0.7579310344827586,0.7650771388499299,,0.5185185185185186,True,
CP1,VP008_A,"{""C"": 7.847599703514611, ""gamma"": ""scale""}",0.7573067013404053,0.8518518518518519,0.8518010291595197,0.8523351648351649,,0.7037037037037037,True,
CP1,VP009_A,"{""C"": 0.42813323987193935, ""gamma"": ""scale""}",0.7396922500702269,0.8518518518518519,0.8510344827586207,0.8597475455820476,,0.7037037037037037,True,
CP1,VP010_A,"{""C"": 2.636650898730358, ""gamma"": ""scale""}",0.7412429027954454,0.7962962962962963,0.7945347630577655,0.8068181818181819,,0.5925925925925926,True,
CP1,VP011_A,"{""C"": 3.79269019073225, ""gamma"": ""scale""}",0.7481343283582089,0.6296296296296297,0.6029411764705883,0.6772983114446529,,0.2592592592592593,True,
CP1,VP012_A,"{""C"": 7.847599703514611, ""gamma"": ""scale""}",0.7814065180102916,0.7777777777777778,0.7770897832817337,0.78125,,0.5555555555555556,True,
CP1,VP013_A,"{""C"": 5.455594781168517, ""gamma"": ""scale""}",0.7721276661440446,0.8148148148148148,0.8147512864493998,0.8152472527472527,,0.6296296296296297,True,
CP1,VP014_A,"{""C"": 5.455594781168517, ""gamma"": ""scale""}",0.7526646577701248,0.7870370370370371,0.7848046435068873,0.7994633273703041,,0.5740740740740741,True,
CP1,VP015_A,"{""C"": 16.23776739188721, ""gamma"": ""scale""}",0.7467586206896552,0.8148148148148148,0.8142414860681115,0.81875,,0.6296296296296297,True,
CP1,VP016_A,"{""C"": 1.2742749857031335, ""gamma"": ""scale""}",0.7609725801304597,0.7962962962962963,0.7928147889780258,0.8176470588235294,,0.5925925925925926,True,
CP1,VP017_A,"{""C"": 3.79269019073225, ""gamma"": ""scale""}",0.7758329073449546,0.6574074074074074,0.655011655011655,0.6619047619047619,,0.31481481481481477,True,
CP1,VP018_A,"{""C"": 3.79269019073225, ""gamma"": ""scale""}",0.7794110074799785,0.6944444444444444,0.6799281544678941,0.7375366568914956,,0.38888888888888884,True,
CP1,VP019_A,"{""C"": 3.79269019073225, ""gamma"": ""scale""}",0.7516338074578506,0.7592592592592593,0.7523809523809524,0.7916666666666666,,0.5185185185185186,True,
CP1,VP020_A,"{""C"": 3.79269019073225, ""gamma"": ""scale""}",0.7411001003728628,0.7407407407407407,0.7407407407407407,0.7407407407407407,,0.4814814814814815,True,
CP1,VP021_A,"{""C"": 2.636650898730358, ""gamma"": ""scale""}",0.7552197802197802,0.8333333333333334,0.8324137931034483,0.8408134642356241,,0.6666666666666667,True,
CP1,VP022_A,"{""C"": 5.455594781168517, ""gamma"": ""scale""}",0.7610709618557302,0.7314814814814815,0.7314584583726313,0.7315608919382504,,0.4629629629629629,True,
CP1,VP023_A,"{""C"": 16.23776739188721, ""gamma"": ""scale""}",0.765625,0.8333333333333334,0.8324137931034483,0.8408134642356241,,0.6666666666666667,True,
CP1,VP024_A,"{""C"": 3.79269019073225, ""gamma"": ""scale""}",0.7321428571428572,0.7222222222222222,0.71875,0.7337662337662337,,0.4444444444444444,True,
CP1,VP025_A,"{""C"": 1.8329807108324356, ""gamma"": ""scale""}",0.7499922837124602,0.9074074074074074,0.9066067104808024,0.921875,,0.8148148148148149,True,
CP1,VP026_A,"{""C"": 16.23776739188721, ""gamma"": ""scale""}",0.7605123920913395,0.75,0.7499785646917603,0.7500857632933104,,0.5,True,
P7,VP001_A,"{""C"": 11.288378916846883, ""gamma"": ""scale""}",0.7092343307896768,0.5648148148148148,0.5477145148356055,0.5763636363636364,,0.12962962962962965,True,
P7,VP002_A,"{""C"": 11.288378916846883, ""gamma"": ""scale""}",0.7238610038610038,0.6388888888888888,0.6363636363636364,0.6428571428571428,,0.2777777777777778,True,
P7,VP003_A,"{""C"": 16.23776739188721, ""gamma"": ""scale""}",0.6785703226339205,0.7129629629629629,0.7123464215138757,0.7148045658941543,,0.42592592592592593,True,
P7,VP004_A,"{""C"": 5.455594781168517, ""gamma"": ""scale""}",0.7090906595386215,0.4722222222222222,0.32075471698113206,0.24285714285714285,,-0.05555555555555558,True,
P7,VP005_A,"{""C"": 23.357214690901213, ""gamma"": ""scale""}",0.6922506488691138,0.7407407407407407,0.7403846153846154,0.7420689655172414,,0.4814814814814815,True,
P7,VP006_A,"{""C"": 69.51927961775604, ""gamma"": ""scale""}",0.7165879410947485,0.6481481481481481,0.6462068965517241,0.6514726507713885,,0.2962962962962963,True,
P7,VP007_A,"{""C"": 16.23776739188721, ""gamma"": ""scale""}",0.7091385657285774,0.6296296296296297,0.6190476190476191,0.6458333333333333,,0.2592592592592593,True,
P7,VP008_A,"{""C"": 23.357214690901213, ""gamma"": ""scale""}",0.7362229102167183,0.7685185185185185,0.7684986710108892,0.7686106346483705,,0.537037037037037,True,
P7,VP009_A,"{""C"": 16.23776739188721, ""gamma"": ""scale""}",0.6712741480057367,0.7685185185185185,0.7668997668997669,0.7761904761904761,,0.537037037037037,True,
P7,VP010_A,"{""C"": 16.23776739188721, ""gamma"": ""scale""}",0.7092343307896768,0.6851851851851852,0.683448275862069,0.6893408134642356,,0.37037037037037035,True,
P7,VP011_A,"{""C"": 7.847599703514611, ""gamma"": ""scale""}",0.7496213409168186,0.6388888888888888,0.6373654756780025,0.6412626438786188,,0.2777777777777778,True,
P7,VP012_A,"{""C"": 16.23776739188721, ""gamma"": ""scale""}",0.6899656548779356,0.6666666666666666,0.6662087912087913,0.6675862068965517,,0.33333333333333337,True,
P7,VP013_A,"{""C"": 16.23776739188721, ""gamma"": ""scale""}",0.6751137102014295,0.7962962962962963,0.7956656346749226,0.8,,0.5925925925925926,True,
P7,VP014_A,"{""C"": 0.42813323987193935, ""gamma"": ""scale""}",0.7178644594464534,0.7222222222222222,0.7222222222222222,0.7222222222222222,,0.4444444444444444,True,
P7,VP015_A,"{""C"": 5.455594781168517, ""gamma"": ""scale""}",0.6666255093221385,0.7037037037037037,0.7036020583190394,0.7039835164835164,,0.40740740740740744,True,
P7,VP016_A,"{""C"": 16.23776739188721, ""gamma"": ""scale""}",0.6999629583899247,0.8055555555555556,0.8006153846153846,0.8391701560715645,,0.6111111111111112,True,
P7,VP017_A,"{""C"": 23.357214690901213, ""gamma"": ""scale""}",0.7037037037037037,0.6759259259259259,0.6745587602238485,0.6789326822462505,,0.35185185185185186,True,
P7,VP018_A,"{""C"": 23.357214690901213, ""gamma"": ""scale""}",0.7441601779755284,0.6666666666666666,0.629996193376475,0.7761363636363636,,0.33333333333333337,True,
P7,VP019_A,"{""C"": 48.32930238571752, ""gamma"": ""scale""}",0.6888846211882194,0.7129629629629629,0.7099540847266742,0.7221824686940966,,0.42592592592592593,True,
P7,VP020_A,"{""C"": 69.51927961775604, ""gamma"": ""scale""}",0.6866491094942642,0.7129629629629629,0.710955710955711,0.719047619047619,,0.42592592592592593,True,
P7,VP021_A,"{""C"": 11.288378916846883, ""gamma"": ""scale""}",0.6777600965759438,0.7685185185185185,0.7684986710108892,0.7686106346483705,,0.537037037037037,True,
P7,VP022_A,"{""C"": 23.357214690901213, ""gamma"": ""scale""}",0.6833322473671035,0.75,0.7482517482517483,0.7571428571428571,,0.5,True,
P7,VP023_A,"{""C"": 23.357214690901213, ""gamma"": ""scale""}",0.7146739130434783,0.7592592592592593,0.7589285714285714,0.7606896551724138,,0.5185185185185186,True,
P7,VP024_A,"{""C"": 16.23776739188721, ""gamma"": ""scale""}",0.7088988768674525,0.6944444444444444,0.6931554024967714,0.6977677014300663,,0.38888888888888884,True,
P7,VP025_A,"{""C"": 23.357214690901213, ""gamma"": ""scale""}",0.7199468331736267,0.6388888888888888,0.6363636363636364,0.6428571428571428,,0.2777777777777778,True,
P7,VP026_A,"{""C"": 23.357214690901213, ""gamma"": ""scale""}",0.7166656950126715,0.6388888888888888,0.6363636363636364,0.6428571428571428,,0.2777777777777778,True,
P3,VP001_A,"{""C"": 33.59818286283781, ""gamma"": ""scale""}",0.7611102918734289,0.5370370370370371,0.5169946332737031,0.544407894736842,,0.07407407407407407,True,
P3,VP002_A,"{""C"": 1.8329807108324356, ""gamma"": ""scale""}",0.7417414730989302,0.5925925925925926,0.5809523809523809,0.6041666666666666,,0.18518518518518523,True,
P3,VP003_A,"{""C"": 5.455594781168517, ""gamma"": ""scale""}",0.7665097253297827,0.6388888888888888,0.6373654756780025,0.6412626438786188,,0.2777777777777778,True,
P3,VP004_A,"{""C"": 48.32930238571752, ""gamma"": ""scale""}",0.7646784316013053,0.49074074074074076,0.37176097303014277,0.4618104667609618,,-0.0185185185185186,True,
P3,VP005_A,"{""C"": 3.79269019073225, ""gamma"": ""scale""}",0.7034433521884782,0.8333333333333334,0.8331043956043955,0.8351724137931034,,0.6666666666666667,True,
P3,VP006_A,"{""C"": 2.636650898730358, ""gamma"": ""scale""}",0.7440195660836231,0.7129629629629629,0.7117520447696943,0.7166027206138821,,0.42592592592592593,True,
P3,VP007_A,"{""C"": 11.288378916846883, ""gamma"": ""scale""}",0.7553407655554946,0.6388888888888888,0.6373654756780025,0.6412626438786188,,0.2777777777777778,True,
P3,VP008_A,"{""C"": 2.636650898730358, ""gamma"": ""scale""}",0.7628458498023716,0.7407407407407407,0.7407407407407407,0.7407407407407407,,0.4814814814814815,True,
P3,VP009_A,"{""C"": 11.288378916846883, ""gamma"": ""scale""}",0.7267573344899161,0.8425925925925926,0.8422544892172867,0.8455551712210307,,0.6851851851851851,True,
P3,VP010_A,"{""C"": 5.455594781168517, ""gamma"": ""scale""}",0.7237320551162447,0.75,0.7498069498069498,0.7507739938080495,,0.5,True,
P3,VP011_A,"{""C"": 16.23776739188721, ""gamma"": ""scale""}",0.7458352085917181,0.6296296296296297,0.6135957066189623,0.6554276315789473,,0.2592592592592593,True,
P3,VP012_A,"{""C"": 5.455594781168517, ""gamma"": ""scale""}",0.7370334298138521,0.75,0.7499785646917603,0.7500857632933104,,0.5,True,
P3,VP013_A,"{""C"": 16.23776739188721, ""gamma"": ""scale""}",0.7386872586872587,0.8240740740740741,0.823331898407232,0.8296128357167771,,0.6481481481481481,True,
P3,VP014_A,"{""C"": 1.2742749857031335, ""gamma"": ""scale""}",0.7349224711734195,0.7592592592592593,0.7579310344827586,0.7650771388499299,,0.5185185185185186,True,
P3,VP015_A,"{""C"": 3.79269019073225, ""gamma"": ""scale""}",0.7423372272245127,0.8425925925925926,0.8424710424710424,0.8436532507739938,,0.6851851851851851,True,
P3,VP016_A,"{""C"": 23.357214690901213, ""gamma"": ""scale""}",0.7239140654220039,0.8148148148148148,0.8116498081618417,0.8375,,0.6296296296296297,True,
P3,VP017_A,"{""C"": 3.79269019073225, ""gamma"": ""scale""}",0.7444409388331801,0.6574074074074074,0.6559621179509255,0.6600976630624347,,0.31481481481481477,True,
P3,VP018_A,"{""C"": 2.636650898730358, ""gamma"": ""scale""}",0.7239974066870427,0.7222222222222222,0.7077922077922079,0.7769230769230769,,0.4444444444444444,True,
P3,VP019_A,"{""C"": 7.847599703514611, ""gamma"": ""scale""}",0.7314363524734953,0.7314814814814815,0.7261998426435878,0.7508361204013378,,0.4629629629629629,True,
P3,VP020_A,"{""C"": 3.79269019073225, ""gamma"": ""scale""}",0.7277693755980124,0.7037037037037037,0.7036020583190394,0.7039835164835164,,0.40740740740740744,True,
P3,VP021_A,"{""C"": 7.847599703514611, ""gamma"": ""scale""}",0.7255494505494506,0.8055555555555556,0.8041958041958042,0.8142857142857143,,0.6111111111111112,True,
P3,VP022_A,"{""C"": 1.2742749857031335, ""gamma"": ""scale""}",0.721576769190579,0.7592592592592593,0.7589285714285714,0.7606896551724138,,0.5185185185185186,True,
P3,VP023_A,"{""C"": 2.636650898730358, ""gamma"": ""scale""}",0.7099613006293812,0.7962962962962963,0.7962962962962963,0.7962962962962963,,0.5925925925925926,True,
P3,VP024_A,"{""C"": 33.59818286283781, ""gamma"": ""scale""}",0.7460446052500592,0.7777777777777778,0.7777015437392796,0.7781593406593407,,0.5555555555555556,True,
P3,VP025_A,"{""C"": 5.455594781168517, ""gamma"": ""scale""}",0.7256210604375233,0.8518518518518519,0.8500000000000001,0.8701298701298701,,0.7037037037037037,True,
P3,VP026_A,"{""C"": 16.23776739188721, ""gamma"": ""scale""}",0.7403097047225161,0.7407407407407407,0.7407407407407407,0.7407407407407407,,0.4814814814814815,True,
Pz,VP001_A,"{""C"": 16.23776739188721, ""gamma"": ""scale""}",0.721576769190579,0.5648148148148148,0.5537582417582417,0.571945184621241,,0.12962962962962965,True,
Pz,VP002_A,"{""C"": 1.2742749857031335, ""gamma"": ""scale""}",0.7267573344899161,0.5277777777777778,0.5244755244755245,0.5285714285714286,,0.05555555555555558,True,
Pz,VP003_A,"{""C"": 3.79269019073225, ""gamma"": ""scale""}",0.7231617229621627,0.6574074074074074,0.6538161656415143,0.6642218246869409,,0.31481481481481477,True,
Pz,VP004_A,"{""C"": 7.847599703514611, ""gamma"": ""scale""}",0.7462884656933856,0.46296296296296297,0.3439463762044407,0.365,,-0.07407407407407418,True,
Pz,VP005_A,"{""C"": 11.288378916846883, ""gamma"": ""scale""}",0.7552197802197802,0.8148148148148148,0.8148148148148148,0.8148148148148148,,0.6296296296296297,True,
Pz,VP006_A,"{""C"": 7.847599703514611, ""gamma"": ""scale""}",0.734980694980695,0.7129629629629629,0.7129383520535025,0.7130360205831904,,0.42592592592592593,True,
Pz,VP007_A,"{""C"": 11.288378916846883, ""gamma"": ""scale""}",0.7331539718054659,0.7407407407407407,0.7393103448275862,0.7461430575035064,,0.4814814814814815,True,
Pz,VP008_A,"{""C"": 23.357214690901213, ""gamma"": ""scale""}",0.7314363524734953,0.75,0.7499785646917603,0.7500857632933104,,0.5,True,
Pz,VP009_A,"{""C"": 2.636650898730358, ""gamma"": ""scale""}",0.7254702592780884,0.8703703703703703,0.8699690402476781,0.875,,0.7407407407407407,True,
Pz,VP010_A,"{""C"": 16.23776739188721, ""gamma"": ""scale""}",0.7545826389940917,0.6574074074074074,0.6559621179509255,0.6600976630624347,,0.31481481481481477,True,
Pz,VP011_A,"{""C"": 2.636650898730358, ""gamma"": ""scale""}",0.7333004074577109,0.5648148148148148,0.5137465274451576,0.6117681845062093,,0.12962962962962965,True,
Pz,VP012_A,"{""C"": 16.23776739188721, ""gamma"": ""scale""}",0.7498069498069498,0.7222222222222222,0.7221269296740995,0.7225274725274725,,0.4444444444444444,True,
Pz,VP013_A,"{""C"": 3.79269019073225, ""gamma"": ""scale""}",0.7276647717331266,0.8425925925925926,0.8422544892172867,0.8455551712210307,,0.6851851851851851,True,
Pz,VP014_A,"{""C"": 7.847599703514611, ""gamma"": ""scale""}",0.7222222222222222,0.7777777777777778,0.775,0.7922077922077921,,0.5555555555555556,True,
Pz,VP015_A,"{""C"": 23.357214690901213, ""gamma"": ""scale""}",0.7258657592887328,0.8055555555555556,0.8054054054054054,0.8065015479876161,,0.6111111111111112,True,
Pz,VP016_A,"{""C"": 1.8329807108324356, ""gamma"": ""scale""}",0.7081693980606586,0.7685185185185185,0.761125364947359,0.8064579256360078,,0.537037037037037,True,
Pz,VP017_A,"{""C"": 5.455594781168517, ""gamma"": ""scale""}",0.734980694980695,0.7037037037037037,0.7027863777089783,0.70625,,0.40740740740740744,True,
Pz,VP018_A,"{""C"": 48.32930238571752, ""gamma"": ""scale""}",0.699666295884316,0.6851851851851852,0.6505519604111154,0.8068181818181819,,0.37037037037037035,True,
Pz,VP019_A,"{""C"": 7.847599703514611, ""gamma"": ""scale""}",0.7012114442821549,0.7037037037037037,0.6952380952380952,0.7291666666666667,,0.40740740740740744,True,
Pz,VP020_A,"{""C"": 16.23776739188721, ""gamma"": ""scale""}",0.7202082139511583,0.6851851851851852,0.6850771869639793,0.6854395604395604,,0.37037037037037035,True,
Pz,VP021_A,"{""C"": 69.51927961775604, ""gamma"": ""scale""}",0.7499785646917603,0.7870370370370371,0.7855477855477855,0.7952380952380953,,0.5740740740740741,True,
Pz,VP022_A,"{""C"": 7.847599703514611, ""gamma"": ""scale""}",0.7555421422300264,0.7129629629629629,0.7127413127413127,0.7136222910216719,,0.42592592592592593,True,
Pz,VP023_A,"{""C"": 33.59818286283781, ""gamma"": ""scale""}",0.7165490481303971,0.7777777777777778,0.7758561051539259,0.7876420454545454,,0.5555555555555556,True,
Pz,VP024_A,"{""C"": 2.636650898730358, ""gamma"": ""scale""}",0.7314584583726313,0.75,0.7489453293155403,0.7542727589815138,,0.5,True,
Pz,VP025_A,"{""C"": 2.636650898730358, ""gamma"": ""scale""}",0.6830888030888032,0.8518518518518519,0.8493198465294733,0.8772058823529412,,0.7037037037037037,True,
Pz,VP026_A,"{""C"": 7.847599703514611, ""gamma"": ""scale""}",0.7125282062378289,0.7037037037037037,0.7036020583190394,0.7039835164835164,,0.40740740740740744,True,
POz,VP001_A,"{""C"": 5.455594781168517, ""gamma"": ""scale""}",0.6700037078235076,0.5462962962962963,0.5247418051189942,0.5565563468789275,,0.09259259259259256,True,
POz,VP002_A,"{""C"": 11.288378916846883, ""gamma"": ""scale""}",0.6923224778955461,0.6111111111111112,0.6105769230769231,0.6117241379310345,,0.2222222222222222,True,
POz,VP003_A,"{""C"": 7.847599703514611, ""gamma"": ""scale""}",0.7036671193974565,0.6018518518518519,0.6015444015444016,0.6021671826625387,,0.20370370370370372,True,
POz,VP004_A,"{""C"": 1.8329807108324356, ""gamma"": ""scale""}",0.690714224470548,0.49074074074074076,0.3445878848063555,0.41428571428571426,,-0.0185185185185186,True,
POz,VP005_A,"{""C"": 5.455594781168517, ""gamma"": ""scale""}",0.6961462450592886,0.7129629629629629,0.7129383520535025,0.7130360205831904,,0.42592592592592593,True,
POz,VP006_A,"{""C"": 7.847599703514611, ""gamma"": ""scale""}",0.6499027507641011,0.7129629629629629,0.7123464215138757,0.7148045658941543,,0.42592592592592593,True,
POz,VP007_A,"{""C"": 23.357214690901213, ""gamma"": ""scale""}",0.6938891198367408,0.6018518518518519,0.6009966491966663,0.6027326184711173,,0.20370370370370372,True,
POz,VP008_A,"{""C"": 7.847599703514611, ""gamma"": ""scale""}",0.6716265103703221,0.6481481481481481,0.6451054998270495,0.6534090909090908,,0.2962962962962963,True,
POz,VP009_A,"{""C"": 1.8329807108324356, ""gamma"": ""scale""}",0.6721311475409836,0.7777777777777778,0.775,0.7922077922077921,,0.5555555555555556,True,
POz,VP010_A,"{""C"": 0.8858667904100825, ""gamma"": ""scale""}",0.6888846211882194,0.6203703703703703,0.6203378204578582,0.6204116638078903,,0.2407407407407407,True,
POz,VP011_A,"{""C"": 3.79269019073225, ""gamma"": ""scale""}",0.7090906595386215,0.5555555555555556,0.5,0.6,,0.11111111111111116,True,
POz,VP012_A,"{""C"": 2.636650898730358, ""gamma"": ""scale""}",0.690688764572922,0.6666666666666666,0.660969654691315,0.6786764705882353,,0.33333333333333337,True,
POz,VP013_A,"{""C"": 11.288378916846883, ""gamma"": ""scale""}",0.6850296442687747,0.8240740740740741,0.8239382239382239,0.8250773993808049,,0.6481481481481481,True,
POz,VP014_A,"{""C"": 7.847599703514611, ""gamma"": ""scale""}",0.6543417212708551,0.7314814814814815,0.7296037296037297,0.7380952380952381,,0.4629629629629629,True,
POz,VP015_A,"{""C"": 11.288378916846883, ""gamma"": ""scale""}",0.6814814814814815,0.6944444444444444,0.6923076923076923,0.7,,0.38888888888888884,True,
POz,VP016_A,"{""C"": 5.455594781168517, ""gamma"": ""scale""}",0.7366758241758242,0.7129629629629629,0.6938271604938271,0.7839506172839505,,0.42592592592592593,True,
POz,VP017_A,"{""C"": 3.79269019073225, ""gamma"": ""scale""}",0.7017280833267576,0.6851851851851852,0.6842105263157894,0.6875,,0.37037037037037035,True,
POz,VP018_A,"{""C"": 5.455594781168517, ""gamma"": ""scale""}",0.6925251083914166,0.6388888888888888,0.5965130759651307,0.7395032525133057,,0.2777777777777778,True,
POz,VP019_A,"{""C"": 3.79269019073225, ""gamma"": ""scale""}",0.6739130434782609,0.6296296296296297,0.6284829721362228,0.6312500000000001,,0.2592592592592593,True,
POz,VP020_A,"{""C"": 7.847599703514611, ""gamma"": ""scale""}",0.6851679104477613,0.7129629629629629,0.7129383520535025,0.7130360205831904,,0.42592592592592593,True,
POz,VP021_A,"{""C"": 11.288378916846883, ""gamma"": ""scale""}",0.6590909090909091,0.6574074074074074,0.6559621179509255,0.6600976630624347,,0.31481481481481477,True,
POz,VP022_A,"{""C"": 1.8329807108324356, ""gamma"": ""scale""}",0.6796021606790705,0.7314814814814815,0.7303486870426172,0.7354377397976979,,0.4629629629629629,True,
POz,VP023_A,"{""C"": 7.847599703514611, ""gamma"": ""scale""}",0.6684628075362458,0.7222222222222222,0.71875,0.7337662337662337,,0.4444444444444444,True,
POz,VP024_A,"{""C"": 3.79269019073225, ""gamma"": ""scale""}",0.6684264147448366,0.7129629629629629,0.7123464215138757,0.7148045658941543,,0.42592592592592593,True,
POz,VP025_A,"{""C"": 16.23776739188721, ""gamma"": ""scale""}",0.6756756756756757,0.7777777777777778,0.7758561051539259,0.7876420454545454,,0.5555555555555556,True,
POz,VP026_A,"{""C"": 5.455594781168517, ""gamma"": ""scale""}",0.681411558092311,0.6574074074074074,0.6571428571428571,0.6578947368421053,,0.31481481481481477,True,
O1,VP001_A,"{""C"": 11.288378916846883, ""gamma"": ""scale""}",0.6412528269153319,0.6111111111111112,0.6089655172413793,0.6136044880785414,,0.2222222222222222,True,
O1,VP002_A,"{""C"": 2.636650898730358, ""gamma"": ""scale""}",0.6365384615384615,0.6851851851851852,0.6824628156347284,0.6917613636363636,,0.37037037037037035,True,
O1,VP003_A,"{""C"": 2.636650898730358, ""gamma"": ""scale""}",0.6194189176645317,0.6111111111111112,0.6111111111111112,0.6111111111111112,,0.2222222222222222,True,
O1,VP004_A,"{""C"": 11.288378916846883, ""gamma"": ""scale""}",0.6648044692737429,0.49074074074074076,0.32919254658385094,0.24766355140186916,,-0.0185185185185186,True,
O1,VP005_A,"{""C"": 3.79269019073225, ""gamma"": ""scale""}",0.6550824175824176,0.6944444444444444,0.6944182457343737,0.6945111492281304,,0.38888888888888884,True,
O1,VP006_A,"{""C"": 7.847599703514611, ""gamma"": ""scale""}",0.6573498290179076,0.6203703703703703,0.6200772200772201,0.6207430340557276,,0.2407407407407407,True,
O1,VP007_A,"{""C"": 1.2742749857031335, ""gamma"": ""scale""}",0.6627362699207973,0.5185185185185185,0.5183533447684391,0.5185439560439561,,0.03703703703703709,True,
O1,VP008_A,"{""C"": 0.8858667904100825, ""gamma"": ""scale""}",0.6233908565264146,0.6481481481481481,0.6462068965517241,0.6514726507713885,,0.2962962962962963,True,
O1,VP009_A,"{""C"": 11.288378916846883, ""gamma"": ""scale""}",0.6424442241122001,0.6759259259259259,0.6758981394152448,0.6759862778730703,,0.35185185185185186,True,
O1,VP010_A,"{""C"": 23.357214690901213, ""gamma"": ""scale""}",0.6295483233631525,0.6018518518518519,0.6018177141387293,0.6018867924528302,,0.20370370370370372,True,
O1,VP011_A,"{""C"": 5.455594781168517, ""gamma"": ""scale""}",0.6111111111111112,0.5648148148148148,0.5137465274451576,0.6117681845062093,,0.12962962962962965,True,
O1,VP012_A,"{""C"": 33.59818286283781, ""gamma"": ""scale""}",0.6365384615384615,0.6574074074074074,0.6538161656415143,0.6642218246869409,,0.31481481481481477,True,
O1,VP013_A,"{""C"": 23.357214690901213, ""gamma"": ""scale""}",0.6702572898799314,0.6851851851851852,0.68125,0.6948051948051948,,0.37037037037037035,True,
O1,VP014_A,"{""C"": 2.636650898730358, ""gamma"": ""scale""}",0.6462853791783697,0.5925925925925926,0.5924528301886792,0.5927197802197802,,0.18518518518518523,True,
O1,VP015_A,"{""C"": 7.847599703514611, ""gamma"": ""scale""}",0.6551724137931034,0.6388888888888888,0.6363636363636364,0.6428571428571428,,0.2777777777777778,True,
O1,VP016_A,"{""C"": 11.288378916846883, ""gamma"": ""scale""}",0.6437407224146462,0.6388888888888888,0.5908693540553667,0.7617970265029088,,0.2777777777777778,True,
O1,VP017_A,"{""C"": 33.59818286283781, ""gamma"": ""scale""}",0.6518518518518519,0.6203703703703703,0.6195549445828679,0.6214112763749569,,0.2407407407407407,True,
O1,VP018_A,"{""C"": 33.59818286283781, ""gamma"": ""scale""}",0.6609704301167494,0.6388888888888888,0.6148148148148148,0.6851851851851851,,0.2777777777777778,True,
O1,VP019_A,"{""C"": 5.455594781168517, ""gamma"": ""scale""}",0.6758981394152448,0.6111111111111112,0.6089655172413793,0.6136044880785414,,0.2222222222222222,True,
O1,VP020_A,"{""C"": 5.455594781168517, ""gamma"": ""scale""}",0.63878855237566,0.5925925925925926,0.5903448275862069,0.5946704067321178,,0.18518518518518523,True,
O1,VP021_A,"{""C"": 7.847599703514611, ""gamma"": ""scale""}",0.6404250645285299,0.6481481481481481,0.6470588235294117,0.6499999999999999,,0.2962962962962963,True,
O1,VP022_A,"{""C"": 2.636650898730358, ""gamma"": ""scale""}",0.6590300750847621,0.6666666666666666,0.6656346749226006,0.66875,,0.33333333333333337,True,
O1,VP023_A,"{""C"": 33.59818286283781, ""gamma"": ""scale""}",0.6345221612596239,0.6111111111111112,0.60625,0.6168831168831169,,0.2222222222222222,True,
O1,VP024_A,"{""C"": 0.42813323987193935, ""gamma"": ""scale""}",0.6554209968991338,0.6851851851851852,0.6842105263157894,0.6875,,0.37037037037037035,True,
O1,VP025_A,"{""C"": 100.0, ""gamma"": ""scale""}",0.6388777431402204,0.6666666666666666,0.6665523156089194,0.6668956043956045,,0.33333333333333337,True,
O1,VP026_A,"{""C"": 7.847599703514611, ""gamma"": ""scale""}",0.5953582378903082,0.5833333333333334,0.583011583011583,0.5835913312693499,,0.16666666666666663,True,
FP2,VP001_A,"{""C"": 3.79269019073225, ""gamma"": ""scale""}",0.8462324901622416,0.7962962962962963,0.7951724137931034,0.802945301542777,,0.5925925925925926,True,
FP2,VP002_A,"{""C"": 2.636650898730358, ""gamma"": ""scale""}",0.8347721154738699,0.8240740740740741,0.823331898407232,0.8296128357167771,,0.6481481481481481,True,
FP2,VP003_A,"{""C"": 5.455594781168517, ""gamma"": ""scale""}",0.8442714126807565,0.8148148148148148,0.8145604395604396,0.816551724137931,,0.6296296296296297,True,
FP2,VP004_A,"{""C"": 0.8858667904100825, ""gamma"": ""scale""}",0.8402476780185759,0.6203703703703703,0.5908712926175737,0.669156626506024,,0.2407407407407407,True,
FP2,VP005_A,"{""C"": 3.79269019073225, ""gamma"": ""scale""}",0.8608127846034883,0.7592592592592593,0.7579310344827586,0.7650771388499299,,0.5185185185185186,True,
FP2,VP006_A,"{""C"": 3.79269019073225, ""gamma"": ""scale""}",0.851819329345261,0.8611111111111112,0.8608127846034883,0.8642338291248703,,0.7222222222222222,True,
FP2,VP007_A,"{""C"": 3.79269019073225, ""gamma"": ""scale""}",0.8258662092624357,0.8703703703703703,0.8696551724137931,0.8786816269284713,,0.7407407407407407,True,
FP2,VP008_A,"{""C"": 3.79269019073225, ""gamma"": ""scale""}",0.8438962612190959,0.9166666666666666,0.916487670762093,0.9202698028363887,,0.8333333333333334,True,
FP2,VP009_A,"{""C"": 3.79269019073225, ""gamma"": ""scale""}",0.8369274272144513,0.8796296296296297,0.8791218252260009,0.8861178932682247,,0.7592592592592593,True,
FP2,VP010_A,"{""C"": 1.8329807108324356, ""gamma"": ""scale""}",0.8610877685207734,0.7962962962962963,0.7951724137931034,0.802945301542777,,0.5925925925925926,True,
FP2,VP011_A,"{""C"": 2.636650898730358, ""gamma"": ""scale""}",0.8423541776142932,0.7314814814814815,0.7296037296037297,0.7380952380952381,,0.4629629629629629,True,
FP2,VP012_A,"{""C"": 2.636650898730358, ""gamma"": ""scale""}",0.8295454545454546,0.9444444444444444,0.9444444444444444,0.9444444444444444,,0.8888888888888888,True,
FP2,VP013_A,"{""C"": 2.636650898730358, ""gamma"": ""scale""}",0.8555238461116295,0.8425925925925926,0.8424710424710424,0.8436532507739938,,0.6851851851851851,True,
FP2,VP014_A,"{""C"": 3.79269019073225, ""gamma"": ""auto""}",0.8497273861016728,0.8518518518518519,0.8518010291595197,0.8523351648351649,,0.7037037037037037,True,
FP2,VP015_A,"{""C"": 7.847599703514611, ""gamma"": ""scale""}",0.8536911600788819,0.8055555555555556,0.8035172832019406,0.818783542039356,,0.6111111111111112,True,
FP2,VP016_A,"{""C"": 3.79269019073225, ""gamma"": ""auto""}",0.8444444444444444,0.8703703703703703,0.8692493946731235,0.8835227272727273,,0.7407407407407407,True,
FP2,VP017_A,"{""C"": 11.288378916846883, ""gamma"": ""scale""}",0.8628425503871713,0.8518518518518519,0.8513931888544892,0.85625,,0.7037037037037037,True,
FP2,VP018_A,"{""C"": 2.636650898730358, ""gamma"": ""scale""}",0.8611068242847002,0.7685185185185185,0.7680213076724804,0.7708405396056728,,0.537037037037037,True,
FP2,VP019_A,"{""C"": 2.636650898730358, ""gamma"": ""scale""}",0.8518010291595197,0.8240740740740741,0.8228438228438228,0.8333333333333333,,0.6481481481481481,True,
FP2,VP020_A,"{""C"": 2.636650898730358, ""gamma"": ""scale""}",0.8386448641463943,0.7777777777777778,0.7758561051539259,0.7876420454545454,,0.5555555555555556,True,
FP2,VP021_A,"{""C"": 2.636650898730358, ""gamma"": ""scale""}",0.8497728045500912,0.8055555555555556,0.8026968247063941,0.8243538405533309,,0.6111111111111112,True,
FP2,VP022_A,"{""C"": 3.79269019073225, ""gamma"": ""scale""}",0.831434657775308,0.8703703703703703,0.8703703703703703,0.8703703703703703,,0.7407407407407407,True,
FP2,VP023_A,"{""C"": 2.636650898730358, ""gamma"": ""scale""}",0.8332761578044596,0.8703703703703703,0.8703703703703703,0.8703703703703703,,0.7407407407407407,True,
FP2,VP024_A,"{""C"": 1.2742749857031335, ""gamma"": ""scale""}",0.8386891865443845,0.6574074074074074,0.641131567130669,0.6922915793883535,,0.31481481481481477,True,
FP2,VP025_A,"{""C"": 3.79269019073225, ""gamma"": ""auto""}",0.8296296296296296,0.9537037037037037,0.9536042615344962,0.9576271186440678,,0.9074074074074074,True,
FP2,VP026_A,"{""C"": 1.8329807108324356, ""gamma"": ""scale""}",0.8626445394673523,0.8518518518518519,0.8516483516483516,0.8537931034482759,,0.7037037037037037,True,
AFF6,VP001_A,"{""C"": 1.2742749857031335, ""gamma"": ""scale""}",0.8234923737007077,0.6944444444444444,0.684685481730514,0.7219178082191782,,0.38888888888888884,True,
AFF6,VP002_A,"{""C"": 16.23776739188721, ""gamma"": ""scale""}",0.8147741616815762,0.7777777777777778,0.776551724137931,0.7840112201963534,,0.5555555555555556,True,
AFF6,VP003_A,"{""C"": 3.79269019073225, ""gamma"": ""scale""}",0.8425661376568765,0.7962962962962963,0.7962264150943397,0.7967032967032968,,0.5925925925925926,True,
AFF6,VP004_A,"{""C"": 2.636650898730358, ""gamma"": ""scale""}",0.8499994855949438,0.5185185185185185,0.46555005709935293,0.5306818181818183,,0.03703703703703709,True,
AFF6,VP005_A,"{""C"": 3.79269019073225, ""gamma"": ""scale""}",0.7962935019684769,0.8055555555555556,0.8051378984448836,0.8081978554133518,,0.6111111111111112,True,
AFF6,VP006_A,"{""C"": 1.8329807108324356, ""gamma"": ""auto""}",0.8184562607204117,0.7962962962962963,0.7962962962962963,0.7962962962962963,,0.5925925925925926,True,
AFF6,VP007_A,"{""C"": 2.636650898730358, ""gamma"": ""scale""}",0.8258662092624357,0.8796296296296297,0.8793710799896899,0.8829124870287097,,0.7592592592592593,True,
AFF6,VP008_A,"{""C"": 3.79269019073225, ""gamma"": ""scale""}",0.8388220077604218,0.9259259259259259,0.9259005145797599,0.926510989010989,,0.8518518518518519,True,
AFF6,VP009_A,"{""C"": 1.8329807108324356, ""gamma"": ""scale""}",0.825772969410731,0.8611111111111112,0.8601398601398602,0.8714285714285714,,0.7222222222222222,True,
AFF6,VP010_A,"{""C"": 16.23776739188721, ""gamma"": ""scale""}",0.8369274272144513,0.75,0.7499785646917603,0.7500857632933104,,0.5,True,
AFF6,VP011_A,"{""C"": 2.636650898730358, ""gamma"": ""scale""}",0.8499583217560434,0.6759259259259259,0.6676923076923077,0.6952797868290826,,0.35185185185185186,True,
AFF6,VP012_A,"{""C"": 11.288378916846883, ""gamma"": ""scale""}",0.7960164835164836,0.9259259259259259,0.9259005145797599,0.926510989010989,,0.8518518518518519,True,
AFF6,VP013_A,"{""C"": 7.847599703514611, ""gamma"": ""scale""}",0.8092533720176549,0.8240740740740741,0.8239382239382239,0.8250773993808049,,0.6481481481481481,True,
AFF6,VP014_A,"{""C"": 1.8329807108324356, ""gamma"": ""scale""}",0.8554841897233202,0.8518518518518519,0.8516483516483516,0.8537931034482759,,0.7037037037037037,True,
AFF6,VP015_A,"{""C"": 5.455594781168517, ""gamma"": ""scale""}",0.8388750750235789,0.8333333333333334,0.8304848273456574,0.8573529411764705,,0.6666666666666667,True,
AFF6,VP016_A,"{""C"": 3.79269019073225, ""gamma"": ""scale""}",0.7906825970176901,0.8240740740740741,0.823331898407232,0.8296128357167771,,0.6481481481481481,True,
AFF6,VP017_A,"{""C"": 1.8329807108324356, ""gamma"": ""scale""}",0.8177962016774318,0.9259259259259259,0.9259005145797599,0.926510989010989,,0.8518518518518519,True,
AFF6,VP018_A,"{""C"": 11.288378916846883, ""gamma"": ""scale""}",0.8090700316843511,0.8055555555555556,0.8051378984448836,0.8081978554133518,,0.6111111111111112,True,
AFF6,VP019_A,"{""C"": 2.636650898730358, ""gamma"": ""scale""}",0.8258088427063459,0.7962962962962963,0.7951724137931034,0.802945301542777,,0.5925925925925926,True,
AFF6,VP020_A,"{""C"": 2.636650898730358, ""gamma"": ""scale""}",0.8219266546668682,0.7685185185185185,0.765115267507612,0.7850382235165635,,0.537037037037037,True,
AFF6,VP021_A,"{""C"": 2.636650898730358, ""gamma"": ""scale""}",0.8276447876447877,0.8148148148148148,0.8125,0.8311688311688312,,0.6296296296296297,True,
AFF6,VP022_A,"{""C"": 3.79269019073225, ""gamma"": ""scale""}",0.8406620553359684,0.8148148148148148,0.8147512864493998,0.8152472527472527,,0.6296296296296297,True,
AFF6,VP023_A,"{""C"": 1.2742749857031335, ""gamma"": ""scale""}",0.8425272489613317,0.8611111111111112,0.8610038610038611,0.8622291021671826,,0.7222222222222222,True,
AFF6,VP024_A,"{""C"": 0.6158482110660264, ""gamma"": ""scale""}",0.8052021671688351,0.6018518518518519,0.5793097200833408,0.629637712789175,,0.20370370370370372,True,
AFF6,VP025_A,"{""C"": 2.636650898730358, ""gamma"": ""scale""}",0.8147741616815762,0.9444444444444444,0.9442724458204335,0.95,,0.8888888888888888,True,
AFF6,VP026_A,"{""C"": 11.288378916846883, ""gamma"": ""scale""}",0.8313837580765258,0.7777777777777778,0.7770897832817337,0.78125,,0.5555555555555556,True,
F2,VP001_A,"{""C"": 1.8329807108324356, ""gamma"": ""scale""}",0.8052021671688351,0.7037037037037037,0.6908765652951699,0.7442434210526316,,0.40740740740740744,True,
F2,VP002_A,"{""C"": 5.455594781168517, ""gamma"": ""scale""}",0.8072778685261699,0.7037037037037037,0.7037037037037037,0.7037037037037037,,0.40740740740740744,True,
F2,VP003_A,"{""C"": 2.636650898730358, ""gamma"": ""scale""}",0.8091119691119691,0.8240740740740741,0.823331898407232,0.8296128357167771,,0.6481481481481481,True,
F2,VP004_A,"{""C"": 7.847599703514611, ""gamma"": ""scale""}",0.8332967455134186,0.46296296296296297,0.3439463762044407,0.365,,-0.07407407407407418,True,
F2,VP005_A,"{""C"": 5.455594781168517, ""gamma"": ""scale""}",0.8201477137333942,0.7777777777777778,0.776551724137931,0.7840112201963534,,0.5555555555555556,True,
F2,VP006_A,"{""C"": 3.79269019073225, ""gamma"": ""scale""}",0.7974807235092332,0.8240740740740741,0.8240589899682758,0.8241852487135506,,0.6481481481481481,True,
F2,VP007_A,"{""C"": 23.357214690901213, ""gamma"": ""scale""}",0.8240734707595019,0.8888888888888888,0.8888507718696398,0.8894230769230769,,0.7777777777777778,True,
F2,VP008_A,"{""C"": 3.79269019073225, ""gamma"": ""scale""}",0.8072778685261699,0.8888888888888888,0.8887362637362637,0.8910344827586207,,0.7777777777777778,True,
F2,VP009_A,"{""C"": 5.455594781168517, ""gamma"": ""scale""}",0.7981308411214953,0.8518518518518519,0.8513931888544892,0.85625,,0.7037037037037037,True,
F2,VP010_A,"{""C"": 7.847599703514611, ""gamma"": ""scale""}",0.7907055712379653,0.6944444444444444,0.6942084942084943,0.695046439628483,,0.38888888888888884,True,
F2,VP011_A,"{""C"": 2.636650898730358, ""gamma"": ""scale""}",0.8312725974199884,0.6296296296296297,0.6103896103896105,0.6615384615384615,,0.2592592592592593,True,
F2,VP012_A,"{""C"": 1.8329807108324356, ""gamma"": ""scale""}",0.8070262246412667,0.8703703703703703,0.8703259005145798,0.8708791208791209,,0.7407407407407407,True,
F2,VP013_A,"{""C"": 3.79269019073225, ""gamma"": ""scale""}",0.7907400231139339,0.8148148148148148,0.8142414860681115,0.81875,,0.6296296296296297,True,
F2,VP014_A,"{""C"": 1.8329807108324356, ""gamma"": ""scale""}",0.8182167933057614,0.8518518518518519,0.8513931888544892,0.85625,,0.7037037037037037,True,
F2,VP015_A,"{""C"": 2.636650898730358, ""gamma"": ""scale""}",0.7624938149430975,0.8240740740740741,0.8214876033057852,0.8440116490717147,,0.6481481481481481,True,
F2,VP016_A,"{""C"": 1.8329807108324356, ""gamma"": ""scale""}",0.775185023345112,0.7962962962962963,0.7951724137931034,0.802945301542777,,0.5925925925925926,True,
F2,VP017_A,"{""C"": 3.79269019073225, ""gamma"": ""scale""}",0.827132191207906,0.7870370370370371,0.7861386138613862,0.7919427973491454,,0.5740740740740741,True,
F2,VP018_A,"{""C"": 23.357214690901213, ""gamma"": ""auto""}",0.8073836276083467,0.75,0.7499785646917603,0.7500857632933104,,0.5,True,
F2,VP019_A,"{""C"": 1.2742749857031335, ""gamma"": ""scale""}",0.8164394191711961,0.75,0.7450826121164438,0.7709030100334449,,0.5,True,
F2,VP020_A,"{""C"": 1.2742749857031335, ""gamma"": ""scale""}",0.8152672336043623,0.7685185185185185,0.7675419715884633,0.7731077781653296,,0.537037037037037,True,
F2,VP021_A,"{""C"": 7.847599703514611, ""gamma"": ""scale""}",0.8240589899682758,0.8148148148148148,0.8125,0.8311688311688312,,0.6296296296296297,True,
F2,VP022_A,"{""C"": 5.455594781168517, ""gamma"": ""scale""}",0.8031745158450705,0.75,0.7499785646917603,0.7500857632933104,,0.5,True,
F2,VP023_A,"{""C"": 3.79269019073225, ""gamma"": ""scale""}",0.7922477637780129,0.8888888888888888,0.8887362637362637,0.8910344827586207,,0.7777777777777778,True,
F2,VP024_A,"{""C"": 0.8858667904100825, ""gamma"": ""scale""}",0.8311195119855658,0.6203703703703703,0.5950617283950617,0.6604938271604939,,0.2407407407407407,True,
F2,VP025_A,"{""C"": 5.455594781168517, ""gamma"": ""scale""}",0.8030959752321981,0.9629629629629629,0.9629120879120879,0.9655172413793103,,0.9259259259259259,True,
F2,VP026_A,"{""C"": 2.636650898730358, ""gamma"": ""scale""}",0.8036067193675889,0.8055555555555556,0.8054054054054054,0.8065015479876161,,0.6111111111111112,True,
FC2,VP001_A,"{""C"": 5.455594781168517, ""gamma"": ""scale""}",0.7683397683397684,0.7222222222222222,0.7159887798036466,0.7436090225563909,,0.4444444444444444,True,
FC2,VP002_A,"{""C"": 2.636650898730358, ""gamma"": ""scale""}",0.7832969188924065,0.7222222222222222,0.7218406593406593,0.723448275862069,,0.4444444444444444,True,
FC2,VP003_A,"{""C"": 2.636650898730358, ""gamma"": ""scale""}",0.7665866209262435,0.7777777777777778,0.7777015437392796,0.7781593406593407,,0.5555555555555556,True,
FC2,VP004_A,"{""C"": 69.51927961775604, ""gamma"": ""scale""}",0.7922477637780129,0.4722222222222222,0.36134453781512604,0.40909090909090906,,-0.05555555555555558,True,
FC2,VP005_A,"{""C"": 1.8329807108324356, ""gamma"": ""scale""}",0.8018185497563033,0.8055555555555556,0.8054054054054054,0.8065015479876161,,0.6111111111111112,True,
FC2,VP006_A,"{""C"": 7.847599703514611, ""gamma"": ""scale""}",0.797992277992278,0.7777777777777778,0.7777015437392796,0.7781593406593407,,0.5555555555555556,True,
FC2,VP007_A,"{""C"": 3.79269019073225, ""gamma"": ""scale""}",0.7721276661440446,0.8796296296296297,0.8795366795366795,0.8808049535603715,,0.7592592592592593,True,
FC2,VP008_A,"{""C"": 5.455594781168517, ""gamma"": ""scale""}",0.8144482929242949,0.9074074074074074,0.9073756432246998,0.9079670329670331,,0.8148148148148149,True,
FC2,VP009_A,"{""C"": 7.847599703514611, ""gamma"": ""scale""}",0.7961592840180642,0.8518518518518519,0.8518518518518519,0.8518518518518519,,0.7037037037037037,True,
FC2,VP010_A,"{""C"": 5.455594781168517, ""gamma"": ""scale""}",0.8143845127937193,0.7222222222222222,0.7222222222222222,0.7222222222222222,,0.4444444444444444,True,
FC2,VP011_A,"{""C"": 1.2742749857031335, ""gamma"": ""scale""}",0.7920334507042254,0.6388888888888888,0.6148148148148148,0.6851851851851851,,0.2777777777777778,True,
FC2,VP012_A,"{""C"": 0.8858667904100825, ""gamma"": ""scale""}",0.7767857142857142,0.8796296296296297,0.8795366795366795,0.8808049535603715,,0.7592592592592593,True,
FC2,VP013_A,"{""C"": 1.8329807108324356, ""gamma"": ""scale""}",0.7959576251391198,0.8148148148148148,0.8142414860681115,0.81875,,0.6296296296296297,True,
FC2,VP014_A,"{""C"": 48.32930238571752, ""gamma"": ""scale""}",0.7906538721485938,0.8333333333333334,0.8324137931034483,0.8408134642356241,,0.6666666666666667,True,
FC2,VP015_A,"{""C"": 5.455594781168517, ""gamma"": ""scale""}",0.7943873298138372,0.8333333333333334,0.8324137931034483,0.8408134642356241,,0.6666666666666667,True,
FC2,VP016_A,"{""C"": 33.59818286283781, ""gamma"": ""auto""}",0.7980920626099842,0.75,0.7450826121164438,0.7709030100334449,,0.5,True,
FC2,VP017_A,"{""C"": 2.636650898730358, ""gamma"": ""scale""}",0.7925214408233276,0.7129629629629629,0.710955710955711,0.719047619047619,,0.42592592592592593,True,
FC2,VP018_A,"{""C"": 3.79269019073225, ""gamma"": ""scale""}",0.7975643058340413,0.7314814814814815,0.7303486870426172,0.7354377397976979,,0.4629629629629629,True,
FC2,VP019_A,"{""C"": 2.636650898730358, ""gamma"": ""scale""}",0.775185023345112,0.7129629629629629,0.7073170731707317,0.7307692307692307,,0.42592592592592593,True,
FC2,VP020_A,"{""C"": 0.8858667904100825, ""gamma"": ""scale""}",0.7658443918286437,0.75,0.7473793641167807,0.7608228980322004,,0.5,True,
FC2,VP021_A,"{""C"": 1.2742749857031335, ""gamma"": ""scale""}",0.8073651281488392,0.8518518518518519,0.8505707367692841,0.8643465909090908,,0.7037037037037037,True,
FC2,VP022_A,"{""C"": 5.455594781168517, ""gamma"": ""scale""}",0.7885989010989011,0.7870370370370371,0.7868725868725869,0.7879256965944272,,0.5740740740740741,True,
FC2,VP023_A,"{""C"": 0.8858667904100825, ""gamma"": ""scale""}",0.8162728756766044,0.8611111111111112,0.8608127846034883,0.8642338291248703,,0.7222222222222222,True,
FC2,VP024_A,"{""C"": 2.636650898730358, ""gamma"": ""scale""}",0.7868725868725869,0.6203703703703703,0.6147890387124837,0.627775755369494,,0.2407407407407407,True,
FC2,VP025_A,"{""C"": 3.79269019073225, ""gamma"": ""scale""}",0.7828679439814417,0.9444444444444444,0.9442724458204335,0.95,,0.8888888888888888,True,
FC2,VP026_A,"{""C"": 5.455594781168517, ""gamma"": ""scale""}",0.7999753055932831,0.8055555555555556,0.8047352561343091,0.8107778165329613,,0.6111111111111112,True,
FC6,VP001_A,"{""C"": 2.636650898730358, ""gamma"": ""scale""}",0.8090228300468001,0.7129629629629629,0.7056703296703297,0.7363913208983632,,0.42592592592592593,True,
FC6,VP002_A,"{""C"": 16.23776739188721, ""gamma"": ""scale""}",0.8129109937945727,0.7222222222222222,0.7218406593406593,0.723448275862069,,0.4444444444444444,True,
FC6,VP003_A,"{""C"": 0.6158482110660264, ""gamma"": ""scale""}",0.7719962514288853,0.8148148148148148,0.8148148148148148,0.8148148148148148,,0.6296296296296297,True,
FC6,VP004_A,"{""C"": 2.636650898730358, ""gamma"": ""scale""}",0.8033773478613336,0.4722222222222222,0.3489159175039661,0.3854314002828854,,-0.05555555555555558,True,
FC6,VP005_A,"{""C"": 1.2742749857031335, ""gamma"": ""scale""}",0.8048266674927972,0.8333333333333334,0.8328173374613003,0.8375,,0.6666666666666667,True,
FC6,VP006_A,"{""C"": 0.8858667904100825, ""gamma"": ""scale""}",0.7921820880752103,0.8055555555555556,0.8055388836491468,0.8056603773584906,,0.6111111111111112,True,
FC6,VP007_A,"{""C"": 3.79269019073225, ""gamma"": ""scale""}",0.7832076889555333,0.8703703703703703,0.8701923076923077,0.8724137931034484,,0.7407407407407407,True,
FC6,VP008_A,"{""C"": 2.636650898730358, ""gamma"": ""scale""}",0.7792291227913464,0.8703703703703703,0.8699690402476781,0.875,,0.7407407407407407,True,
FC6,VP009_A,"{""C"": 7.847599703514611, ""gamma"": ""scale""}",0.7814335107842599,0.8888888888888888,0.8888888888888888,0.8888888888888888,,0.7777777777777778,True,
FC6,VP010_A,"{""C"": 11.288378916846883, ""gamma"": ""scale""}",0.7907227985938439,0.75,0.7499785646917603,0.7500857632933104,,0.5,True,
FC6,VP011_A,"{""C"": 3.79269019073225, ""gamma"": ""scale""}",0.7944098974107446,0.6296296296296297,0.6190476190476191,0.6458333333333333,,0.2592592592592593,True,
FC6,VP012_A,"{""C"": 7.847599703514611, ""gamma"": ""scale""}",0.7830647681114136,0.8796296296296297,0.8791218252260009,0.8861178932682247,,0.7592592592592593,True,
FC6,VP013_A,"{""C"": 3.79269019073225, ""gamma"": ""scale""}",0.8203697543544388,0.8148148148148148,0.8145604395604396,0.816551724137931,,0.6296296296296297,True,
FC6,VP014_A,"{""C"": 3.79269019073225, ""gamma"": ""scale""}",0.7777655838454784,0.8333333333333334,0.8318920788654445,0.8451704545454546,,0.6666666666666667,True,
FC6,VP015_A,"{""C"": 5.455594781168517, ""gamma"": ""scale""}",0.7684542002408077,0.7962962962962963,0.79375,0.8116883116883117,,0.5925925925925926,True,
FC6,VP016_A,"{""C"": 1.8329807108324356, ""gamma"": ""scale""}",0.7887033884342908,0.7592592592592593,0.75625,0.7727272727272727,,0.5185185185185186,True,
FC6,VP017_A,"{""C"": 1.8329807108324356, ""gamma"": ""scale""}",0.7869135404263787,0.7777777777777778,0.7777015437392796,0.7781593406593407,,0.5555555555555556,True,
FC6,VP018_A,"{""C"": 5.455594781168517, ""gamma"": ""scale""}",0.7924103465319348,0.8148148148148148,0.8145604395604396,0.816551724137931,,0.6296296296296297,True,
FC6,VP019_A,"{""C"": 1.2742749857031335, ""gamma"": ""scale""}",0.784606073943662,0.6759259259259259,0.6711613745106568,0.6867491809246451,,0.35185185185185186,True,
FC6,VP020_A,"{""C"": 0.6158482110660264, ""gamma"": ""scale""}",0.8068111455108359,0.6944444444444444,0.684685481730514,0.7219178082191782,,0.38888888888888884,True,
FC6,VP021_A,"{""C"": 16.23776739188721, ""gamma"": ""scale""}",0.7444444444444445,0.8425925925925926,0.8422544892172867,0.8455551712210307,,0.6851851851851851,True,
FC6,VP022_A,"{""C"": 1.2742749857031335, ""gamma"": ""scale""}",0.798896551724138,0.7685185185185185,0.7680213076724804,0.7708405396056728,,0.537037037037037,True,
FC6,VP023_A,"{""C"": 7.847599703514611, ""gamma"": ""scale""}",0.7828679439814417,0.8055555555555556,0.8041958041958042,0.8142857142857143,,0.6111111111111112,True,
FC6,VP024_A,"{""C"": 1.8329807108324356, ""gamma"": ""scale""}",0.7882352941176471,0.6018518518518519,0.5976782465563545,0.6062611806797853,,0.20370370370370372,True,
FC6,VP025_A,"{""C"": 5.455594781168517, ""gamma"": ""scale""}",0.7796107348023664,0.9259259259259259,0.9255172413793104,0.935483870967742,,0.8518518518518519,True,
FC6,VP026_A,"{""C"": 2.636650898730358, ""gamma"": ""scale""}",0.8092533720176549,0.7870370370370371,0.7848046435068873,0.7994633273703041,,0.5740740740740741,True,
C4,VP001_A,"{""C"": 7.847599703514611, ""gamma"": ""scale""}",0.7941896517980078,0.7314814814814815,0.7261998426435878,0.7508361204013378,,0.4629629629629629,True,
C4,VP002_A,"{""C"": 3.79269019073225, ""gamma"": ""scale""}",0.7773379515091539,0.7129629629629629,0.7117520447696943,0.7166027206138821,,0.42592592592592593,True,
C4,VP003_A,"{""C"": 7.847599703514611, ""gamma"": ""scale""}",0.7906538721485938,0.7777777777777778,0.7777015437392796,0.7781593406593407,,0.5555555555555556,True,
C4,VP004_A,"{""C"": 7.847599703514611, ""gamma"": ""scale""}",0.7980920626099842,0.48148148148148145,0.3400261894369271,0.3701923076923077,,-0.03703703703703698,True,
C4,VP005_A,"{""C"": 16.23776739188721, ""gamma"": ""scale""}",0.7976422537826047,0.7870370370370371,0.787018777330018,0.7871355060034306,,0.5740740740740741,True,
C4,VP006_A,"{""C"": 100.0, ""gamma"": ""scale""}",0.7456604474148334,0.8148148148148148,0.8148148148148148,0.8148148148148148,,0.6296296296296297,True,
C4,VP007_A,"{""C"": 11.288378916846883, ""gamma"": ""scale""}",0.7703672204008285,0.8425925925925926,0.8419285406801549,0.8484478549005929,,0.6851851851851851,True,
C4,VP008_A,"{""C"": 7.847599703514611, ""gamma"": ""scale""}",0.7738227660363367,0.8240740740740741,0.8236961938310852,0.8268765133171913,,0.6481481481481481,True,
C4,VP009_A,"{""C"": 11.288378916846883, ""gamma"": ""scale""}",0.7944098974107446,0.8518518518518519,0.8518010291595197,0.8523351648351649,,0.7037037037037037,True,
C4,VP010_A,"{""C"": 7.847599703514611, ""gamma"": ""scale""}",0.7848280410557991,0.8055555555555556,0.8054054054054054,0.8065015479876161,,0.6111111111111112,True,
C4,VP011_A,"{""C"": 23.357214690901213, ""gamma"": ""scale""}",0.783118385505525,0.6203703703703703,0.5812765957446808,0.6921182266009852,,0.2407407407407407,True,
C4,VP012_A,"{""C"": 23.357214690901213, ""gamma"": ""scale""}",0.7720901345429965,0.8148148148148148,0.8145604395604396,0.816551724137931,,0.6296296296296297,True,
C4,VP013_A,"{""C"": 69.51927961775604, ""gamma"": ""scale""}",0.7518484478525083,0.8333333333333334,0.8331043956043955,0.8351724137931034,,0.6666666666666667,True,
C4,VP014_A,"{""C"": 11.288378916846883, ""gamma"": ""scale""}",0.7701149425287357,0.8518518518518519,0.8500000000000001,0.8701298701298701,,0.7037037037037037,True,
C4,VP015_A,"{""C"": 7.847599703514611, ""gamma"": ""scale""}",0.7869486309476841,0.8148148148148148,0.8145604395604396,0.816551724137931,,0.6296296296296297,True,
C4,VP016_A,"{""C"": 2.636650898730358, ""gamma"": ""scale""}",0.8073836276083467,0.7592592592592593,0.7523809523809524,0.7916666666666666,,0.5185185185185186,True,
C4,VP017_A,"{""C"": 23.357214690901213, ""gamma"": ""scale""}",0.7961173046295789,0.7314814814814815,0.7303486870426172,0.7354377397976979,,0.4629629629629629,True,
C4,VP018_A,"{""C"": 3.79269019073225, ""gamma"": ""scale""}",0.7604201417668928,0.7314814814814815,0.7246593406593407,0.7569470879330034,,0.4629629629629629,True,
C4,VP019_A,"{""C"": 16.23776739188721, ""gamma"": ""scale""}",0.8055015282022784,0.7037037037037037,0.6986396930589467,0.7183823529411765,,0.40740740740740744,True,
C4,VP020_A,"{""C"": 11.288378916846883, ""gamma"": ""scale""}",0.768097818058137,0.7685185185185185,0.765115267507612,0.7850382235165635,,0.537037037037037,True,
C4,VP021_A,"{""C"": 1.2742749857031335, ""gamma"": ""scale""}",0.7683397683397684,0.8611111111111112,0.8601398601398602,0.8714285714285714,,0.7222222222222222,True,
C4,VP022_A,"{""C"": 3.79269019073225, ""gamma"": ""scale""}",0.7845201238390094,0.75,0.7498069498069498,0.7507739938080495,,0.5,True,
C4,VP023_A,"{""C"": 5.455594781168517, ""gamma"": ""scale""}",0.7795925927196271,0.8333333333333334,0.8328173374613003,0.8375,,0.6666666666666667,True,
C4,VP024_A,"{""C"": 11.288378916846883, ""gamma"": ""scale""}",0.7851380275506283,0.6574074074074074,0.6559621179509255,0.6600976630624347,,0.31481481481481477,True,
C4,VP025_A,"{""C"": 5.455594781168517, ""gamma"": ""scale""}",0.7532560784138578,0.8981481481481481,0.8970804816772069,0.9153846153846155,,0.7962962962962963,True,
C4,VP026_A,"{""C"": 16.23776739188721, ""gamma"": ""scale""}",0.7961173046295789,0.8148148148148148,0.8137931034482759,0.8218793828892006,,0.6296296296296297,True,
T8,VP001_A,"{""C"": 5.455594781168517, ""gamma"": ""scale""}",0.7462536571646127,0.6759259259259259,0.6631916599839616,0.7072727272727273,,0.35185185185185186,True,
T8,VP002_A,"{""C"": 3.79269019073225, ""gamma"": ""scale""}",0.7018426494644896,0.6759259259259259,0.6736596736596736,0.680952380952381,,0.35185185185185186,True,
T8,VP003_A,"{""C"": 2.636650898730358, ""gamma"": ""scale""}",0.7610709618557302,0.75,0.7489453293155403,0.7542727589815138,,0.5,True,
T8,VP004_A,"{""C"": 2.636650898730358, ""gamma"": ""scale""}",0.7256851007743423,0.48148148148148145,0.325,0.24528301886792453,,-0.03703703703703698,True,
T8,VP005_A,"{""C"": 2.636650898730358, ""gamma"": ""scale""}",0.7180505365558747,0.7685185185185185,0.7680213076724804,0.7708405396056728,,0.537037037037037,True,
T8,VP006_A,"{""C"": 5.455594781168517, ""gamma"": ""scale""}",0.7350752541349462,0.8240740740740741,0.8239382239382239,0.8250773993808049,,0.6481481481481481,True,
T8,VP007_A,"{""C"": 1.2742749857031335, ""gamma"": ""scale""}",0.7295368782161235,0.7314814814814815,0.7309047169000773,0.7334832237979938,,0.4629629629629629,True,
T8,VP008_A,"{""C"": 7.847599703514611, ""gamma"": ""scale""}",0.7425705221641088,0.7685185185185185,0.7683397683397684,0.7693498452012384,,0.537037037037037,True,
T8,VP009_A,"{""C"": 3.79269019073225, ""gamma"": ""scale""}",0.7590477236531386,0.8518518518518519,0.8505707367692841,0.8643465909090908,,0.7037037037037037,True,
T8,VP010_A,"{""C"": 1.8329807108324356, ""gamma"": ""scale""}",0.7258920854426472,0.6574074074074074,0.6464655401220915,0.6796477495107632,,0.31481481481481477,True,
T8,VP011_A,"{""C"": 23.357214690901213, ""gamma"": ""scale""}",0.7221269296740995,0.5925925925925926,0.5834502103786816,0.6015037593984962,,0.18518518518518523,True,
T8,VP012_A,"{""C"": 1.2742749857031335, ""gamma"": ""scale""}",0.7379100963474705,0.7129629629629629,0.7073170731707317,0.7307692307692307,,0.42592592592592593,True,
T8,VP013_A,"{""C"": 5.455594781168517, ""gamma"": ""scale""}",0.7110476922232589,0.8611111111111112,0.8610038610038611,0.8622291021671826,,0.7222222222222222,True,
T8,VP014_A,"{""C"": 1.8329807108324356, ""gamma"": ""scale""}",0.7221269296740995,0.75,0.7494630122862789,0.7521618817018332,,0.5,True,
T8,VP015_A,"{""C"": 5.455594781168517, ""gamma"": ""scale""}",0.7367445309603263,0.7222222222222222,0.7221269296740995,0.7225274725274725,,0.4444444444444444,True,
T8,VP016_A,"{""C"": 3.79269019073225, ""gamma"": ""scale""}",0.7214733714788732,0.5833333333333334,0.5279261777561923,0.6570782159017453,,0.16666666666666663,True,
T8,VP017_A,"{""C"": 7.847599703514611, ""gamma"": ""scale""}",0.7295962464501791,0.7129629629629629,0.7117520447696943,0.7166027206138821,,0.42592592592592593,True,
T8,VP018_A,"{""C"": 48.32930238571752, ""gamma"": ""scale""}",0.6998970840480274,0.6944444444444444,0.6912414450316209,0.7028622540250447,,0.38888888888888884,True,
T8,VP019_A,"{""C"": 7.847599703514611, ""gamma"": ""scale""}",0.7425493309918334,0.5833333333333334,0.5727472527472528,0.5925009516558812,,0.16666666666666663,True,
T8,VP020_A,"{""C"": 3.79269019073225, ""gamma"": ""scale""}",0.7347039038585088,0.7314814814814815,0.7229054233389365,0.764187866927593,,0.4629629629629629,True,
T8,VP021_A,"{""C"": 0.8858667904100825, ""gamma"": ""scale""}",0.7351116050754839,0.7777777777777778,0.7777777777777778,0.7777777777777778,,0.5555555555555556,True,
T8,VP022_A,"{""C"": 5.455594781168517, ""gamma"": ""scale""}",0.7220849802371542,0.7870370370370371,0.7855477855477855,0.7952380952380953,,0.5740740740740741,True,
T8,VP023_A,"{""C"": 1.2742749857031335, ""gamma"": ""scale""}",0.7553911408216771,0.6018518518518519,0.5753086419753086,0.6358024691358024,,0.20370370370370372,True,
T8,VP024_A,"{""C"": 3.79269019073225, ""gamma"": ""scale""}",0.7369793095878383,0.5370370370370371,0.5085547870404077,0.5482142857142858,,0.07407407407407407,True,
T8,VP025_A,"{""C"": 5.455594781168517, ""gamma"": ""scale""}",0.6888718173836699,0.7870370370370371,0.7816263736263735,0.8186143890369243,,0.5740740740740741,True,
T8,VP026_A,"{""C"": 3.79269019073225, ""gamma"": ""scale""}",0.7110476922232589,0.7314814814814815,0.7286667244217274,0.7415026833631484,,0.4629629629629629,True,
CP2,VP001_A,"{""C"": 1.8329807108324356, ""gamma"": ""scale""}",0.773277903199163,0.6388888888888888,0.618443699610472,0.6767786992579659,,0.2777777777777778,True,
CP2,VP002_A,"{""C"": 11.288378916846883, ""gamma"": ""scale""}",0.7517667238421955,0.6203703703703703,0.6203378204578582,0.6204116638078903,,0.2407407407407407,True,
CP2,VP003_A,"{""C"": 5.455594781168517, ""gamma"": ""scale""}",0.7961173046295789,0.7129629629629629,0.7117520447696943,0.7166027206138821,,0.42592592592592593,True,
CP2,VP004_A,"{""C"": 5.455594781168517, ""gamma"": ""scale""}",0.7703703703703704,0.4722222222222222,0.36134453781512604,0.40909090909090906,,-0.05555555555555558,True,
CP2,VP005_A,"{""C"": 16.23776739188721, ""gamma"": ""scale""}",0.7536014601394955,0.7314814814814815,0.7314584583726313,0.7315608919382504,,0.4629629629629629,True,
CP2,VP006_A,"{""C"": 7.847599703514611, ""gamma"": ""scale""}",0.7641345581736076,0.7222222222222222,0.7206896551724138,0.7272089761570828,,0.4444444444444444,True,
CP2,VP007_A,"{""C"": 7.847599703514611, ""gamma"": ""scale""}",0.764225378260466,0.7685185185185185,0.766092003811834,0.7801431127012523,,0.537037037037037,True,
CP2,VP008_A,"{""C"": 33.59818286283781, ""gamma"": ""scale""}",0.7572200772200772,0.8148148148148148,0.8145604395604396,0.816551724137931,,0.6296296296296297,True,
CP2,VP009_A,"{""C"": 3.79269019073225, ""gamma"": ""scale""}",0.7717329667497208,0.8333333333333334,0.8331043956043955,0.8351724137931034,,0.6666666666666667,True,
CP2,VP010_A,"{""C"": 7.847599703514611, ""gamma"": ""scale""}",0.7740616769095698,0.8055555555555556,0.8055388836491468,0.8056603773584906,,0.6111111111111112,True,
CP2,VP011_A,"{""C"": 2.636650898730358, ""gamma"": ""scale""}",0.7675419715884633,0.6203703703703703,0.5758214388351375,0.7075694855115315,,0.2407407407407407,True,
CP2,VP012_A,"{""C"": 69.51927961775604, ""gamma"": ""scale""}",0.7684542002408077,0.7407407407407407,0.7406518010291595,0.7410714285714286,,0.4814814814814815,True,
CP2,VP013_A,"{""C"": 5.455594781168517, ""gamma"": ""scale""}",0.7462258034639251,0.8425925925925926,0.8424710424710424,0.8436532507739938,,0.6851851851851851,True,
CP2,VP014_A,"{""C"": 11.288378916846883, ""gamma"": ""scale""}",0.7678489745803225,0.8240740740740741,0.8214876033057852,0.8440116490717147,,0.6481481481481481,True,
CP2,VP015_A,"{""C"": 7.847599703514611, ""gamma"": ""scale""}",0.7573866072194118,0.8055555555555556,0.8051378984448836,0.8081978554133518,,0.6111111111111112,True,
CP2,VP016_A,"{""C"": 7.847599703514611, ""gamma"": ""scale""}",0.7443181818181819,0.7685185185185185,0.766092003811834,0.7801431127012523,,0.537037037037037,True,
CP2,VP017_A,"{""C"": 1.2742749857031335, ""gamma"": ""scale""}",0.7648075557887589,0.7129629629629629,0.7123464215138757,0.7148045658941543,,0.42592592592592593,True,
CP2,VP018_A,"{""C"": 1.8329807108324356, ""gamma"": ""scale""}",0.7864210566138967,0.6944444444444444,0.674074074074074,0.7592592592592593,,0.38888888888888884,True,
CP2,VP019_A,"{""C"": 1.2742749857031335, ""gamma"": ""scale""}",0.7771786971830985,0.7037037037037037,0.6952380952380952,0.7291666666666667,,0.40740740740740744,True,
CP2,VP020_A,"{""C"": 3.79269019073225, ""gamma"": ""scale""}",0.7370334298138521,0.7222222222222222,0.7206896551724138,0.7272089761570828,,0.4444444444444444,True,
CP2,VP021_A,"{""C"": 2.636650898730358, ""gamma"": ""scale""}",0.7675419715884633,0.8425925925925926,0.8425790962874047,0.8427101200686107,,0.6851851851851851,True,
CP2,VP022_A,"{""C"": 100.0, ""gamma"": ""scale""}",0.7851114922813036,0.75,0.7498069498069498,0.7507739938080495,,0.5,True,
CP2,VP023_A,"{""C"": 100.0, ""gamma"": ""scale""}",0.7255177230903288,0.7870370370370371,0.7828481510621558,0.8110367892976589,,0.5740740740740741,True,
CP2,VP024_A,"{""C"": 1.8329807108324356, ""gamma"": ""scale""}",0.7865032952752251,0.7037037037037037,0.7027863777089783,0.70625,,0.40740740740740744,True,
CP2,VP025_A,"{""C"": 7.847599703514611, ""gamma"": ""scale""}",0.770054945054945,0.9074074074074074,0.9066067104808024,0.921875,,0.8148148148148149,True,
CP2,VP026_A,"{""C"": 5.455594781168517, ""gamma"": ""scale""}",0.7628458498023716,0.8240740740740741,0.8240589899682758,0.8241852487135506,,0.6481481481481481,True,
CP6,VP001_A,"{""C"": 2.636650898730358, ""gamma"": ""scale""}",0.7425705221641088,0.6296296296296297,0.6029411764705883,0.6772983114446529,,0.2592592592592593,True,
CP6,VP002_A,"{""C"": 3.79269019073225, ""gamma"": ""scale""}",0.7295368782161235,0.6111111111111112,0.609907120743034,0.6125,,0.2222222222222222,True,
CP6,VP003_A,"{""C"": 1.2742749857031335, ""gamma"": ""scale""}",0.7621276361433842,0.7314814814814815,0.7303486870426172,0.7354377397976979,,0.4629629629629629,True,
CP6,VP004_A,"{""C"": 0.8858667904100825, ""gamma"": ""scale""}",0.7658443918286437,0.46296296296296297,0.31645569620253167,0.2403846153846154,,-0.07407407407407418,True,
CP6,VP005_A,"{""C"": 3.79269019073225, ""gamma"": ""scale""}",0.759246049165935,0.7407407407407407,0.7407407407407407,0.7407407407407407,,0.4814814814814815,True,
CP6,VP006_A,"{""C"": 69.51927961775604, ""gamma"": ""scale""}",0.7574065754683659,0.7870370370370371,0.787018777330018,0.7871355060034306,,0.5740740740740741,True,
CP6,VP007_A,"{""C"": 1.2742749857031335, ""gamma"": ""scale""}",0.7662048490846116,0.7592592592592593,0.7589285714285714,0.7606896551724138,,0.5185185185185186,True,
CP6,VP008_A,"{""C"": 3.79269019073225, ""gamma"": ""scale""}",0.7238003370967797,0.7685185185185185,0.7680213076724804,0.7708405396056728,,0.537037037037037,True,
CP6,VP009_A,"{""C"": 16.23776739188721, ""gamma"": ""scale""}",0.734419226919889,0.8796296296296297,0.8791218252260009,0.8861178932682247,,0.7592592592592593,True,
CP6,VP010_A,"{""C"": 5.455594781168517, ""gamma"": ""scale""}",0.7549875568877096,0.7037037037037037,0.7027863777089783,0.70625,,0.40740740740740744,True,
CP6,VP011_A,"{""C"": 1.2742749857031335, ""gamma"": ""scale""}",0.7266293585880327,0.6296296296296297,0.5939849624060151,0.6997885835095138,,0.2592592592592593,True,
CP6,VP012_A,"{""C"": 5.455594781168517, ""gamma"": ""scale""}",0.7425917098481133,0.7407407407407407,0.7393103448275862,0.7461430575035064,,0.4814814814814815,True,
CP6,VP013_A,"{""C"": 11.288378916846883, ""gamma"": ""scale""}",0.7442725563135715,0.8055555555555556,0.8054054054054054,0.8065015479876161,,0.6111111111111112,True,
CP6,VP014_A,"{""C"": 1.8329807108324356, ""gamma"": ""scale""}",0.7239595305322167,0.7962962962962963,0.7951724137931034,0.802945301542777,,0.5925925925925926,True,
CP6,VP015_A,"{""C"": 5.455594781168517, ""gamma"": ""scale""}",0.7388808296552363,0.7592592592592593,0.7585139318885449,0.7625,,0.5185185185185186,True,
CP6,VP016_A,"{""C"": 2.636650898730358, ""gamma"": ""scale""}",0.7314363524734953,0.7129629629629629,0.6938271604938271,0.7839506172839505,,0.42592592592592593,True,
CP6,VP017_A,"{""C"": 23.357214690901213, ""gamma"": ""scale""}",0.7610709618557302,0.7407407407407407,0.7406518010291595,0.7410714285714286,,0.4814814814814815,True,
CP6,VP018_A,"{""C"": 2.636650898730358, ""gamma"": ""scale""}",0.7481343283582089,0.6851851851851852,0.6658172551874773,0.7410714285714286,,0.37037037037037035,True,
CP6,VP019_A,"{""C"": 2.636650898730358, ""gamma"": ""scale""}",0.756705725360178,0.6759259259259259,0.6736596736596736,0.680952380952381,,0.35185185185185186,True,
CP6,VP020_A,"{""C"": 23.357214690901213, ""gamma"": ""scale""}",0.7328055418109847,0.7685185185185185,0.765115267507612,0.7850382235165635,,0.537037037037037,True,
CP6,VP021_A,"{""C"": 1.2742749857031335, ""gamma"": ""scale""}",0.7369071146245059,0.7962962962962963,0.7956656346749226,0.8,,0.5925925925925926,True,
CP6,VP022_A,"{""C"": 2.636650898730358, ""gamma"": ""scale""}",0.7537028590633027,0.7037037037037037,0.7036020583190394,0.7039835164835164,,0.40740740740740744,True,
CP6,VP023_A,"{""C"": 2.636650898730358, ""gamma"": ""scale""}",0.7405129331649185,0.7222222222222222,0.7142857142857142,0.75,,0.4444444444444444,True,
CP6,VP024_A,"{""C"": 16.23776739188721, ""gamma"": ""scale""}",0.7536961017315349,0.6203703703703703,0.6195549445828679,0.6214112763749569,,0.2407407407407407,True,
CP6,VP025_A,"{""C"": 5.455594781168517, ""gamma"": ""scale""}",0.7293288839451242,0.8425925925925926,0.8402783819051762,0.8636694575900983,,0.6851851851851851,True,
CP6,VP026_A,"{""C"": 7.847599703514611, ""gamma"": ""scale""}",0.7273654601094247,0.7407407407407407,0.7406518010291595,0.7410714285714286,,0.4814814814814815,True,
P4,VP001_A,"{""C"": 3.79269019073225, ""gamma"": ""scale""}",0.7351406786462746,0.5833333333333334,0.5635383924562192,0.6018014243820695,,0.16666666666666663,True,
P4,VP002_A,"{""C"": 1.8329807108324356, ""gamma"": ""scale""}",0.7294960474308301,0.5833333333333334,0.5789656068613012,0.5869409660107334,,0.16666666666666663,True,
P4,VP003_A,"{""C"": 2.636650898730358, ""gamma"": ""scale""}",0.7258657592887328,0.6666666666666666,0.6656346749226006,0.66875,,0.33333333333333337,True,
P4,VP004_A,"{""C"": 48.32930238571752, ""gamma"": ""scale""}",0.7537028590633027,0.4444444444444444,0.3338815789473684,0.3346938775510204,,-0.11111111111111116,True,
P4,VP005_A,"{""C"": 2.636650898730358, ""gamma"": ""scale""}",0.760926640926641,0.7870370370370371,0.786579603058682,0.7895191975095123,,0.5740740740740741,True,
P4,VP006_A,"{""C"": 11.288378916846883, ""gamma"": ""scale""}",0.7277768442278609,0.75,0.7499785646917603,0.7500857632933104,,0.5,True,
P4,VP007_A,"{""C"": 2.636650898730358, ""gamma"": ""scale""}",0.7310747735773238,0.75,0.7489453293155403,0.7542727589815138,,0.5,True,
P4,VP008_A,"{""C"": 23.357214690901213, ""gamma"": ""scale""}",0.738845004819054,0.7129629629629629,0.7129383520535025,0.7130360205831904,,0.42592592592592593,True,
P4,VP009_A,"{""C"": 1.8329807108324356, ""gamma"": ""scale""}",0.7592064101860491,0.8240740740740741,0.8222299228969938,0.8381037567084079,,0.6481481481481481,True,
P4,VP010_A,"{""C"": 69.51927961775604, ""gamma"": ""scale""}",0.7370045684652426,0.7314814814814815,0.7309047169000773,0.7334832237979938,,0.4629629629629629,True,
P4,VP011_A,"{""C"": 5.455594781168517, ""gamma"": ""scale""}",0.7664616398484265,0.5740740740740741,0.513894324853229,0.6467391304347826,,0.14814814814814814,True,
P4,VP012_A,"{""C"": 33.59818286283781, ""gamma"": ""scale""}",0.7369071146245059,0.7222222222222222,0.7206896551724138,0.7272089761570828,,0.4444444444444444,True,
P4,VP013_A,"{""C"": 16.23776739188721, ""gamma"": ""scale""}",0.7200237605540467,0.8703703703703703,0.8703259005145798,0.8708791208791209,,0.7407407407407407,True,
P4,VP014_A,"{""C"": 3.79269019073225, ""gamma"": ""scale""}",0.7554716981132076,0.8055555555555556,0.8017309205350118,0.8311036789297659,,0.6111111111111112,True,
P4,VP015_A,"{""C"": 3.79269019073225, ""gamma"": ""scale""}",0.7459120274489197,0.7962962962962963,0.7962264150943397,0.7967032967032968,,0.5925925925925926,True,
P4,VP016_A,"{""C"": 1.2742749857031335, ""gamma"": ""scale""}",0.7036386586905219,0.75,0.7381230354737315,0.8054042731462085,,0.5,True,
P4,VP017_A,"{""C"": 11.288378916846883, ""gamma"": ""scale""}",0.7350752541349462,0.7870370370370371,0.786579603058682,0.7895191975095123,,0.5740740740740741,True,
P4,VP018_A,"{""C"": 5.455594781168517, ""gamma"": ""scale""}",0.7369071146245059,0.6759259259259259,0.6468279921517331,0.7624040920716113,,0.35185185185185186,True,
P4,VP019_A,"{""C"": 3.79269019073225, ""gamma"": ""scale""}",0.7405663614775363,0.7037037037037037,0.6952380952380952,0.7291666666666667,,0.40740740740740744,True,
P4,VP020_A,"{""C"": 1.8329807108324356, ""gamma"": ""scale""}",0.7750859692059853,0.7129629629629629,0.7117520447696943,0.7166027206138821,,0.42592592592592593,True,
P4,VP021_A,"{""C"": 69.51927961775604, ""gamma"": ""scale""}",0.7407371843235161,0.7685185185185185,0.7680213076724804,0.7708405396056728,,0.537037037037037,True,
P4,VP022_A,"{""C"": 11.288378916846883, ""gamma"": ""scale""}",0.7311486442406409,0.7129629629629629,0.7129383520535025,0.7130360205831904,,0.42592592592592593,True,
P4,VP023_A,"{""C"": 1.8329807108324356, ""gamma"": ""scale""}",0.7032967032967032,0.7407407407407407,0.7393103448275862,0.7461430575035064,,0.4814814814814815,True,
P4,VP024_A,"{""C"": 5.455594781168517, ""gamma"": ""scale""}",0.7333187006145743,0.7314814814814815,0.7309047169000773,0.7334832237979938,,0.4629629629629629,True,
P4,VP025_A,"{""C"": 3.79269019073225, ""gamma"": ""scale""}",0.7200237605540467,0.8148148148148148,0.8116498081618417,0.8375,,0.6296296296296297,True,
P4,VP026_A,"{""C"": 23.357214690901213, ""gamma"": ""scale""}",0.7202082139511583,0.7407407407407407,0.7406518010291595,0.7410714285714286,,0.4814814814814815,True,
P8,VP001_A,"{""C"": 5.455594781168517, ""gamma"": ""scale""}",0.6980228421258479,0.6388888888888888,0.6108287905386677,0.6951807228915663,,0.2777777777777778,True,
P8,VP002_A,"{""C"": 7.847599703514611, ""gamma"": ""scale""}",0.6773351648351649,0.5555555555555556,0.5531034482758621,0.5568022440392706,,0.11111111111111116,True,
P8,VP003_A,"{""C"": 48.32930238571752, ""gamma"": ""scale""}",0.6849085617002582,0.5740740740740741,0.5727554179566563,0.575,,0.14814814814814814,True,
P8,VP004_A,"{""C"": 0.42813323987193935, ""gamma"": ""scale""}",0.7031172686788718,0.49074074074074076,0.32919254658385094,0.24766355140186916,,-0.0185185185185186,True,
P8,VP005_A,"{""C"": 0.8858667904100825, ""gamma"": ""scale""}",0.666662094130235,0.6851851851851852,0.68125,0.6948051948051948,,0.37037037037037035,True,
P8,VP006_A,"{""C"": 0.8858667904100825, ""gamma"": ""scale""}",0.6851160748586795,0.7222222222222222,0.7142857142857142,0.75,,0.4444444444444444,True,
P8,VP007_A,"{""C"": 0.8858667904100825, ""gamma"": ""scale""}",0.673316742516946,0.5925925925925926,0.5834502103786816,0.6015037593984962,,0.18518518518518523,True,
P8,VP008_A,"{""C"": 16.23776739188721, ""gamma"": ""scale""}",0.6703296703296704,0.6574074074074074,0.6573780330961159,0.6574614065180102,,0.31481481481481477,True,
P8,VP009_A,"{""C"": 16.23776739188721, ""gamma"": ""scale""}",0.6833322473671035,0.7870370370370371,0.7769196228109565,0.8506493506493507,,0.5740740740740741,True,
P8,VP010_A,"{""C"": 7.847599703514611, ""gamma"": ""scale""}",0.6648136653417879,0.6666666666666666,0.6648275862068966,0.670406732117812,,0.33333333333333337,True,
P8,VP011_A,"{""C"": 16.23776739188721, ""gamma"": ""scale""}",0.6629213483146067,0.6203703703703703,0.6023349797934441,0.6470465018852116,,0.2407407407407407,True,
P8,VP012_A,"{""C"": 16.23776739188721, ""gamma"": ""scale""}",0.6998970840480274,0.6851851851851852,0.6824628156347284,0.6917613636363636,,0.37037037037037035,True,
P8,VP013_A,"{""C"": 3.79269019073225, ""gamma"": ""scale""}",0.6755242258076699,0.8240740740740741,0.8239382239382239,0.8250773993808049,,0.6481481481481481,True,
P8,VP014_A,"{""C"": 0.8858667904100825, ""gamma"": ""scale""}",0.6943930907457014,0.7314814814814815,0.72753371030883,0.7457226064797962,,0.4629629629629629,True,
P8,VP015_A,"{""C"": 0.8858667904100825, ""gamma"": ""scale""}",0.6990712074303406,0.5648148148148148,0.5441400987876066,0.5791788856304985,,0.12962962962962965,True,
P8,VP016_A,"{""C"": 1.2742749857031335, ""gamma"": ""scale""}",0.6777070413259426,0.5277777777777778,0.4053762280038864,0.6572815533980583,,0.05555555555555558,True,
P8,VP017_A,"{""C"": 7.847599703514611, ""gamma"": ""scale""}",0.6793822393822393,0.6574074074074074,0.6559621179509255,0.6600976630624347,,0.31481481481481477,True,
P8,VP018_A,"{""C"": 23.357214690901213, ""gamma"": ""scale""}",0.6681076366832739,0.6851851851851852,0.6658172551874773,0.7410714285714286,,0.37037037037037035,True,
P8,VP019_A,"{""C"": 23.357214690901213, ""gamma"": ""scale""}",0.6811271783463106,0.6388888888888888,0.6381132399690694,0.6400899342787962,,0.2777777777777778,True,
P8,VP020_A,"{""C"": 23.357214690901213, ""gamma"": ""scale""}",0.687027377388191,0.6574074074074074,0.6559621179509255,0.6600976630624347,,0.31481481481481477,True,
P8,VP021_A,"{""C"": 0.29763514416313175, ""gamma"": ""scale""}",0.6923076923076923,0.7314814814814815,0.7246593406593407,0.7569470879330034,,0.4629629629629629,True,
P8,VP022_A,"{""C"": 0.6158482110660264, ""gamma"": ""scale""}",0.7036766050850558,0.6851851851851852,0.6842105263157894,0.6875,,0.37037037037037035,True,
P8,VP023_A,"{""C"": 16.23776739188721, ""gamma"": ""scale""}",0.6683809125185691,0.6296296296296297,0.625,0.6363636363636364,,0.2592592592592593,True,
P8,VP024_A,"{""C"": 0.8858667904100825, ""gamma"": ""scale""}",0.6722210981519141,0.6574074074074074,0.6464655401220915,0.6796477495107632,,0.31481481481481477,True,
P8,VP025_A,"{""C"": 0.20691380811147894, ""gamma"": ""scale""}",0.6428559061743614,0.6203703703703703,0.556445958128819,0.7842105263157895,,0.2407407407407407,True,
P8,VP026_A,"{""C"": 0.8858667904100825, ""gamma"": ""scale""}",0.7015560689435002,0.5925925925925926,0.5925925925925926,0.5925925925925926,,0.18518518518518523,True,
O2,VP001_A,"{""C"": 1.8329807108324356, ""gamma"": ""scale""}",0.653693015216519,0.6481481481481481,0.6298701298701299,0.6846153846153846,,0.2962962962962963,True,
O2,VP002_A,"{""C"": 2.636650898730358, ""gamma"": ""scale""}",0.6476648351648351,0.6759259259259259,0.6758981394152448,0.6759862778730703,,0.35185185185185186,True,
O2,VP003_A,"{""C"": 48.32930238571752, ""gamma"": ""scale""}",0.6305578761719113,0.5555555555555556,0.5541795665634675,0.55625,,0.11111111111111116,True,
O2,VP004_A,"{""C"": 1.2742749857031335, ""gamma"": ""scale""}",0.698138831445415,0.4722222222222222,0.32075471698113206,0.24285714285714285,,-0.05555555555555558,True,
O2,VP005_A,"{""C"": 3.79269019073225, ""gamma"": ""scale""}",0.653693015216519,0.6574074074074074,0.6566715353552711,0.6587685921826357,,0.31481481481481477,True,
O2,VP006_A,"{""C"": 16.23776739188721, ""gamma"": ""scale""}",0.6592405618964003,0.7314814814814815,0.7309047169000773,0.7334832237979938,,0.4629629629629629,True,
O2,VP007_A,"{""C"": 0.6158482110660264, ""gamma"": ""scale""}",0.6795757860545839,0.5277777777777778,0.5274131274131274,0.5278637770897833,,0.05555555555555558,True,
O2,VP008_A,"{""C"": 7.847599703514611, ""gamma"": ""scale""}",0.6703522827041264,0.6759259259259259,0.6725288053365677,0.6835420393559928,,0.35185185185185186,True,
O2,VP009_A,"{""C"": 1.2742749857031335, ""gamma"": ""scale""}",0.6403411197626994,0.6851851851851852,0.6688311688311688,0.7307692307692308,,0.37037037037037035,True,
O2,VP010_A,"{""C"": 1.2742749857031335, ""gamma"": ""scale""}",0.6491228070175439,0.5925925925925926,0.5809523809523809,0.6041666666666666,,0.18518518518518523,True,
O2,VP011_A,"{""C"": 0.8858667904100825, ""gamma"": ""scale""}",0.6664424647568324,0.5185185185185185,0.42269736842105265,0.5551020408163265,,0.03703703703703709,True,
O2,VP012_A,"{""C"": 7.847599703514611, ""gamma"": ""scale""}",0.6564164823788774,0.7222222222222222,0.7123579545454546,0.7575516693163752,,0.4444444444444444,True,
O2,VP013_A,"{""C"": 7.847599703514611, ""gamma"": ""scale""}",0.6139197866109363,0.7407407407407407,0.739938080495356,0.74375,,0.4814814814814815,True,
O2,VP014_A,"{""C"": 0.6158482110660264, ""gamma"": ""scale""}",0.6413697682462816,0.7129629629629629,0.7117520447696943,0.7166027206138821,,0.42592592592592593,True,
O2,VP015_A,"{""C"": 3.79269019073225, ""gamma"": ""scale""}",0.6721311475409836,0.5555555555555556,0.5363148479427549,0.5666118421052632,,0.11111111111111116,True,
O2,VP016_A,"{""C"": 7.847599703514611, ""gamma"": ""scale""}",0.674069603149563,0.5277777777777778,0.41745108408249604,0.6145685997171146,,0.05555555555555558,True,
O2,VP017_A,"{""C"": 16.23776739188721, ""gamma"": ""scale""}",0.6758358803371307,0.6759259259259259,0.6756756756756757,0.6764705882352942,,0.35185185185185186,True,
O2,VP018_A,"{""C"": 11.288378916846883, ""gamma"": ""scale""}",0.6444005432769477,0.6296296296296297,0.5833333333333333,0.7333333333333333,,0.2592592592592593,True,
O2,VP019_A,"{""C"": 5.455594781168517, ""gamma"": ""scale""}",0.6555130262995432,0.6203703703703703,0.6200772200772201,0.6207430340557276,,0.2407407407407407,True,
O2,VP020_A,"{""C"": 5.455594781168517, ""gamma"": ""scale""}",0.6491228070175439,0.6481481481481481,0.6476648351648351,0.6489655172413793,,0.2962962962962963,True,
O2,VP021_A,"{""C"": 16.23776739188721, ""gamma"": ""scale""}",0.6481047042844796,0.6111111111111112,0.609907120743034,0.6125,,0.2222222222222222,True,
O2,VP022_A,"{""C"": 1.2742749857031335, ""gamma"": ""scale""}",0.6718970447391276,0.6666666666666666,0.6662087912087913,0.6675862068965517,,0.33333333333333337,True,
O2,VP023_A,"{""C"": 2.636650898730358, ""gamma"": ""scale""}",0.6442687747035574,0.6296296296296297,0.6190476190476191,0.6458333333333333,,0.2592592592592593,True,
O2,VP024_A,"{""C"": 48.32930238571752, ""gamma"": ""scale""}",0.6277152196356727,0.6296296296296297,0.6291208791208791,0.6303448275862069,,0.2592592592592593,True,
O2,VP025_A,"{""C"": 3.79269019073225, ""gamma"": ""scale""}",0.6502976190476191,0.6574074074074074,0.6538161656415143,0.6642218246869409,,0.31481481481481477,True,
O2,VP026_A,"{""C"": 23.357214690901213, ""gamma"": ""scale""}",0.6814421533522657,0.6666666666666666,0.6656346749226006,0.66875,,0.33333333333333337,True,
