subject,seed,method,requested_fraction,actual_fraction,calibration_count,test_count,calibration_counts,test_counts,calibration_trial_ids,test_trial_ids,valid,invalid_reason,source_best_val_f1,source_best_epoch,accuracy,f1_macro,precision_macro,recall_macro,kappa
VP001,2023,source_only,0.30,0.3055555555555556,22,50,"{""0"": 11, ""1"": 11}","{""0"": 25, ""1"": 25}","[""atten_dsr_VP001_gonogo1_task_002_00"", ""atten_dsr_VP001_gonogo1_task_003_00"", ""atten_dsr_VP001_gonogo1_task_004_00"", ""atten_dsr_VP001_gonogo1_task_004_01"", ""atten_dsr_VP001_gonogo1_rest_004_00"", ""atten_dsr_VP001_gonogo1_task_005_00"", ""atten_dsr_VP001_gonogo1_rest_006_01"", ""atten_dsr_VP001_gonogo2_task_001_00"", ""atten_dsr_VP001_gonogo2_rest_001_01"", ""atten_dsr_VP001_gonogo2_rest_002_00"", ""atten_dsr_VP001_gonogo2_rest_003_01"", ""atten_dsr_VP001_gonogo2_task_004_01"", ""atten_dsr_VP001_gonogo2_rest_004_00"", ""atten_dsr_VP001_gonogo2_rest_006_00"", ""atten_dsr_VP001_gonogo3_task_001_00"", ""atten_dsr_VP001_gonogo3_task_001_01"", ""atten_dsr_VP001_gonogo3_rest_001_00"", ""atten_dsr_VP001_gonogo3_rest_002_00"", ""atten_dsr_VP001_gonogo3_task_003_00"", ""atten_dsr_VP001_gonogo3_rest_003_00"", ""atten_dsr_VP001_gonogo3_task_004_00"", ""atten_dsr_VP001_gonogo3_rest_005_00""]","[""atten_dsr_VP001_gonogo1_task_001_00"", ""atten_dsr_VP001_gonogo1_task_001_01"", ""atten_dsr_VP001_gonogo1_rest_001_00"", ""atten_dsr_VP001_gonogo1_rest_001_01"", ""atten_dsr_VP001_gonogo1_task_002_01"", ""atten_dsr_VP001_gonogo1_rest_002_00"", ""atten_dsr_VP001_gonogo1_rest_002_01"", ""atten_dsr_VP001_gonogo1_task_003_01"", ""atten_dsr_VP001_gonogo1_rest_003_00"", ""atten_dsr_VP001_gonogo1_rest_003_01"", ""atten_dsr_VP001_gonogo1_rest_004_01"", ""atten_dsr_VP001_gonogo1_task_005_01"", ""atten_dsr_VP001_gonogo1_rest_005_00"", ""atten_dsr_VP001_gonogo1_rest_005_01"", ""atten_dsr_VP001_gonogo1_task_006_00"", ""atten_dsr_VP001_gonogo1_task_006_01"", ""atten_dsr_VP001_gonogo1_rest_006_00"", ""atten_dsr_VP001_gonogo2_task_001_01"", ""atten_dsr_VP001_gonogo2_rest_001_00"", ""atten_dsr_VP001_gonogo2_task_002_00"", ""atten_dsr_VP001_gonogo2_task_002_01"", ""atten_dsr_VP001_gonogo2_rest_002_01"", ""atten_dsr_VP001_gonogo2_task_003_00"", ""atten_dsr_VP001_gonogo2_task_003_01"", ""atten_dsr_VP001_gonogo2_rest_003_00"", ""atten_dsr_VP001_gonogo2_task_004_00"", ""atten_dsr_VP001_gonogo2_rest_004_01"", ""atten_dsr_VP001_gonogo2_task_005_00"", ""atten_dsr_VP001_gonogo2_task_005_01"", ""atten_dsr_VP001_gonogo2_rest_005_00"", ""atten_dsr_VP001_gonogo2_rest_005_01"", ""atten_dsr_VP001_gonogo2_task_006_00"", ""atten_dsr_VP001_gonogo2_task_006_01"", ""atten_dsr_VP001_gonogo2_rest_006_01"", ""atten_dsr_VP001_gonogo3_rest_001_01"", ""atten_dsr_VP001_gonogo3_task_002_00"", ""atten_dsr_VP001_gonogo3_task_002_01"", ""atten_dsr_VP001_gonogo3_rest_002_01"", ""atten_dsr_VP001_gonogo3_task_003_01"", ""atten_dsr_VP001_gonogo3_rest_003_01"", ""atten_dsr_VP001_gonogo3_task_004_01"", ""atten_dsr_VP001_gonogo3_rest_004_00"", ""atten_dsr_VP001_gonogo3_rest_004_01"", ""atten_dsr_VP001_gonogo3_task_005_00"", ""atten_dsr_VP001_gonogo3_task_005_01"", ""atten_dsr_VP001_gonogo3_rest_005_01"", ""atten_dsr_VP001_gonogo3_task_006_00"", ""atten_dsr_VP001_gonogo3_task_006_01"", ""atten_dsr_VP001_gonogo3_rest_006_00"", ""atten_dsr_VP001_gonogo3_rest_006_01""]",True,,0.8045360057087897,87,0.56,0.5331069609507639,0.577962577962578,0.56,0.12
VP001,2023,existing_head_adaptation,0.30,0.3055555555555556,22,50,"{""0"": 11, ""1"": 11}","{""0"": 25, ""1"": 25}","[""atten_dsr_VP001_gonogo1_task_002_00"", ""atten_dsr_VP001_gonogo1_task_003_00"", ""atten_dsr_VP001_gonogo1_task_004_00"", ""atten_dsr_VP001_gonogo1_task_004_01"", ""atten_dsr_VP001_gonogo1_rest_004_00"", ""atten_dsr_VP001_gonogo1_task_005_00"", ""atten_dsr_VP001_gonogo1_rest_006_01"", ""atten_dsr_VP001_gonogo2_task_001_00"", ""atten_dsr_VP001_gonogo2_rest_001_01"", ""atten_dsr_VP001_gonogo2_rest_002_00"", ""atten_dsr_VP001_gonogo2_rest_003_01"", ""atten_dsr_VP001_gonogo2_task_004_01"", ""atten_dsr_VP001_gonogo2_rest_004_00"", ""atten_dsr_VP001_gonogo2_rest_006_00"", ""atten_dsr_VP001_gonogo3_task_001_00"", ""atten_dsr_VP001_gonogo3_task_001_01"", ""atten_dsr_VP001_gonogo3_rest_001_00"", ""atten_dsr_VP001_gonogo3_rest_002_00"", ""atten_dsr_VP001_gonogo3_task_003_00"", ""atten_dsr_VP001_gonogo3_rest_003_00"", ""atten_dsr_VP001_gonogo3_task_004_00"", ""atten_dsr_VP001_gonogo3_rest_005_00""]","[""atten_dsr_VP001_gonogo1_task_001_00"", ""atten_dsr_VP001_gonogo1_task_001_01"", ""atten_dsr_VP001_gonogo1_rest_001_00"", ""atten_dsr_VP001_gonogo1_rest_001_01"", ""atten_dsr_VP001_gonogo1_task_002_01"", ""atten_dsr_VP001_gonogo1_rest_002_00"", ""atten_dsr_VP001_gonogo1_rest_002_01"", ""atten_dsr_VP001_gonogo1_task_003_01"", ""atten_dsr_VP001_gonogo1_rest_003_00"", ""atten_dsr_VP001_gonogo1_rest_003_01"", ""atten_dsr_VP001_gonogo1_rest_004_01"", ""atten_dsr_VP001_gonogo1_task_005_01"", ""atten_dsr_VP001_gonogo1_rest_005_00"", ""atten_dsr_VP001_gonogo1_rest_005_01"", ""atten_dsr_VP001_gonogo1_task_006_00"", ""atten_dsr_VP001_gonogo1_task_006_01"", ""atten_dsr_VP001_gonogo1_rest_006_00"", ""atten_dsr_VP001_gonogo2_task_001_01"", ""atten_dsr_VP001_gonogo2_rest_001_00"", ""atten_dsr_VP001_gonogo2_task_002_00"", ""atten_dsr_VP001_gonogo2_task_002_01"", ""atten_dsr_VP001_gonogo2_rest_002_01"", ""atten_dsr_VP001_gonogo2_task_003_00"", ""atten_dsr_VP001_gonogo2_task_003_01"", ""atten_dsr_VP001_gonogo2_rest_003_00"", ""atten_dsr_VP001_gonogo2_task_004_00"", ""atten_dsr_VP001_gonogo2_rest_004_01"", ""atten_dsr_VP001_gonogo2_task_005_00"", ""atten_dsr_VP001_gonogo2_task_005_01"", ""atten_dsr_VP001_gonogo2_rest_005_00"", ""atten_dsr_VP001_gonogo2_rest_005_01"", ""atten_dsr_VP001_gonogo2_task_006_00"", ""atten_dsr_VP001_gonogo2_task_006_01"", ""atten_dsr_VP001_gonogo2_rest_006_01"", ""atten_dsr_VP001_gonogo3_rest_001_01"", ""atten_dsr_VP001_gonogo3_task_002_00"", ""atten_dsr_VP001_gonogo3_task_002_01"", ""atten_dsr_VP001_gonogo3_rest_002_01"", ""atten_dsr_VP001_gonogo3_task_003_01"", ""atten_dsr_VP001_gonogo3_rest_003_01"", ""atten_dsr_VP001_gonogo3_task_004_01"", ""atten_dsr_VP001_gonogo3_rest_004_00"", ""atten_dsr_VP001_gonogo3_rest_004_01"", ""atten_dsr_VP001_gonogo3_task_005_00"", ""atten_dsr_VP001_gonogo3_task_005_01"", ""atten_dsr_VP001_gonogo3_rest_005_01"", ""atten_dsr_VP001_gonogo3_task_006_00"", ""atten_dsr_VP001_gonogo3_task_006_01"", ""atten_dsr_VP001_gonogo3_rest_006_00"", ""atten_dsr_VP001_gonogo3_rest_006_01""]",True,,0.8045360057087897,87,0.56,0.5331069609507639,0.577962577962578,0.56,0.12
VP002,2023,source_only,0.30,0.3055555555555556,22,50,"{""0"": 11, ""1"": 11}","{""0"": 25, ""1"": 25}","[""atten_dsr_VP002_gonogo1_task_002_00"", ""atten_dsr_VP002_gonogo1_task_003_00"", ""atten_dsr_VP002_gonogo1_task_004_00"", ""atten_dsr_VP002_gonogo1_task_004_01"", ""atten_dsr_VP002_gonogo1_rest_004_00"", ""atten_dsr_VP002_gonogo1_task_005_00"", ""atten_dsr_VP002_gonogo1_rest_006_01"", ""atten_dsr_VP002_gonogo2_task_001_00"", ""atten_dsr_VP002_gonogo2_rest_001_01"", ""atten_dsr_VP002_gonogo2_rest_002_00"", ""atten_dsr_VP002_gonogo2_rest_003_01"", ""atten_dsr_VP002_gonogo2_task_004_01"", ""atten_dsr_VP002_gonogo2_rest_004_00"", ""atten_dsr_VP002_gonogo2_rest_006_00"", ""atten_dsr_VP002_gonogo3_task_001_00"", ""atten_dsr_VP002_gonogo3_task_001_01"", ""atten_dsr_VP002_gonogo3_rest_001_00"", ""atten_dsr_VP002_gonogo3_rest_002_00"", ""atten_dsr_VP002_gonogo3_task_003_00"", ""atten_dsr_VP002_gonogo3_rest_003_00"", ""atten_dsr_VP002_gonogo3_task_004_00"", ""atten_dsr_VP002_gonogo3_rest_005_00""]","[""atten_dsr_VP002_gonogo1_task_001_00"", ""atten_dsr_VP002_gonogo1_task_001_01"", ""atten_dsr_VP002_gonogo1_rest_001_00"", ""atten_dsr_VP002_gonogo1_rest_001_01"", ""atten_dsr_VP002_gonogo1_task_002_01"", ""atten_dsr_VP002_gonogo1_rest_002_00"", ""atten_dsr_VP002_gonogo1_rest_002_01"", ""atten_dsr_VP002_gonogo1_task_003_01"", ""atten_dsr_VP002_gonogo1_rest_003_00"", ""atten_dsr_VP002_gonogo1_rest_003_01"", ""atten_dsr_VP002_gonogo1_rest_004_01"", ""atten_dsr_VP002_gonogo1_task_005_01"", ""atten_dsr_VP002_gonogo1_rest_005_00"", ""atten_dsr_VP002_gonogo1_rest_005_01"", ""atten_dsr_VP002_gonogo1_task_006_00"", ""atten_dsr_VP002_gonogo1_task_006_01"", ""atten_dsr_VP002_gonogo1_rest_006_00"", ""atten_dsr_VP002_gonogo2_task_001_01"", ""atten_dsr_VP002_gonogo2_rest_001_00"", ""atten_dsr_VP002_gonogo2_task_002_00"", ""atten_dsr_VP002_gonogo2_task_002_01"", ""atten_dsr_VP002_gonogo2_rest_002_01"", ""atten_dsr_VP002_gonogo2_task_003_00"", ""atten_dsr_VP002_gonogo2_task_003_01"", ""atten_dsr_VP002_gonogo2_rest_003_00"", ""atten_dsr_VP002_gonogo2_task_004_00"", ""atten_dsr_VP002_gonogo2_rest_004_01"", ""atten_dsr_VP002_gonogo2_task_005_00"", ""atten_dsr_VP002_gonogo2_task_005_01"", ""atten_dsr_VP002_gonogo2_rest_005_00"", ""atten_dsr_VP002_gonogo2_rest_005_01"", ""atten_dsr_VP002_gonogo2_task_006_00"", ""atten_dsr_VP002_gonogo2_task_006_01"", ""atten_dsr_VP002_gonogo2_rest_006_01"", ""atten_dsr_VP002_gonogo3_rest_001_01"", ""atten_dsr_VP002_gonogo3_task_002_00"", ""atten_dsr_VP002_gonogo3_task_002_01"", ""atten_dsr_VP002_gonogo3_rest_002_01"", ""atten_dsr_VP002_gonogo3_task_003_01"", ""atten_dsr_VP002_gonogo3_rest_003_01"", ""atten_dsr_VP002_gonogo3_task_004_01"", ""atten_dsr_VP002_gonogo3_rest_004_00"", ""atten_dsr_VP002_gonogo3_rest_004_01"", ""atten_dsr_VP002_gonogo3_task_005_00"", ""atten_dsr_VP002_gonogo3_task_005_01"", ""atten_dsr_VP002_gonogo3_rest_005_01"", ""atten_dsr_VP002_gonogo3_task_006_00"", ""atten_dsr_VP002_gonogo3_task_006_01"", ""atten_dsr_VP002_gonogo3_rest_006_00"", ""atten_dsr_VP002_gonogo3_rest_006_01""]",True,,0.8105263157894738,48,0.64,0.625,0.6666666666666666,0.64,0.28
VP002,2023,existing_head_adaptation,0.30,0.3055555555555556,22,50,"{""0"": 11, ""1"": 11}","{""0"": 25, ""1"": 25}","[""atten_dsr_VP002_gonogo1_task_002_00"", ""atten_dsr_VP002_gonogo1_task_003_00"", ""atten_dsr_VP002_gonogo1_task_004_00"", ""atten_dsr_VP002_gonogo1_task_004_01"", ""atten_dsr_VP002_gonogo1_rest_004_00"", ""atten_dsr_VP002_gonogo1_task_005_00"", ""atten_dsr_VP002_gonogo1_rest_006_01"", ""atten_dsr_VP002_gonogo2_task_001_00"", ""atten_dsr_VP002_gonogo2_rest_001_01"", ""atten_dsr_VP002_gonogo2_rest_002_00"", ""atten_dsr_VP002_gonogo2_rest_003_01"", ""atten_dsr_VP002_gonogo2_task_004_01"", ""atten_dsr_VP002_gonogo2_rest_004_00"", ""atten_dsr_VP002_gonogo2_rest_006_00"", ""atten_dsr_VP002_gonogo3_task_001_00"", ""atten_dsr_VP002_gonogo3_task_001_01"", ""atten_dsr_VP002_gonogo3_rest_001_00"", ""atten_dsr_VP002_gonogo3_rest_002_00"", ""atten_dsr_VP002_gonogo3_task_003_00"", ""atten_dsr_VP002_gonogo3_rest_003_00"", ""atten_dsr_VP002_gonogo3_task_004_00"", ""atten_dsr_VP002_gonogo3_rest_005_00""]","[""atten_dsr_VP002_gonogo1_task_001_00"", ""atten_dsr_VP002_gonogo1_task_001_01"", ""atten_dsr_VP002_gonogo1_rest_001_00"", ""atten_dsr_VP002_gonogo1_rest_001_01"", ""atten_dsr_VP002_gonogo1_task_002_01"", ""atten_dsr_VP002_gonogo1_rest_002_00"", ""atten_dsr_VP002_gonogo1_rest_002_01"", ""atten_dsr_VP002_gonogo1_task_003_01"", ""atten_dsr_VP002_gonogo1_rest_003_00"", ""atten_dsr_VP002_gonogo1_rest_003_01"", ""atten_dsr_VP002_gonogo1_rest_004_01"", ""atten_dsr_VP002_gonogo1_task_005_01"", ""atten_dsr_VP002_gonogo1_rest_005_00"", ""atten_dsr_VP002_gonogo1_rest_005_01"", ""atten_dsr_VP002_gonogo1_task_006_00"", ""atten_dsr_VP002_gonogo1_task_006_01"", ""atten_dsr_VP002_gonogo1_rest_006_00"", ""atten_dsr_VP002_gonogo2_task_001_01"", ""atten_dsr_VP002_gonogo2_rest_001_00"", ""atten_dsr_VP002_gonogo2_task_002_00"", ""atten_dsr_VP002_gonogo2_task_002_01"", ""atten_dsr_VP002_gonogo2_rest_002_01"", ""atten_dsr_VP002_gonogo2_task_003_00"", ""atten_dsr_VP002_gonogo2_task_003_01"", ""atten_dsr_VP002_gonogo2_rest_003_00"", ""atten_dsr_VP002_gonogo2_task_004_00"", ""atten_dsr_VP002_gonogo2_rest_004_01"", ""atten_dsr_VP002_gonogo2_task_005_00"", ""atten_dsr_VP002_gonogo2_task_005_01"", ""atten_dsr_VP002_gonogo2_rest_005_00"", ""atten_dsr_VP002_gonogo2_rest_005_01"", ""atten_dsr_VP002_gonogo2_task_006_00"", ""atten_dsr_VP002_gonogo2_task_006_01"", ""atten_dsr_VP002_gonogo2_rest_006_01"", ""atten_dsr_VP002_gonogo3_rest_001_01"", ""atten_dsr_VP002_gonogo3_task_002_00"", ""atten_dsr_VP002_gonogo3_task_002_01"", ""atten_dsr_VP002_gonogo3_rest_002_01"", ""atten_dsr_VP002_gonogo3_task_003_01"", ""atten_dsr_VP002_gonogo3_rest_003_01"", ""atten_dsr_VP002_gonogo3_task_004_01"", ""atten_dsr_VP002_gonogo3_rest_004_00"", ""atten_dsr_VP002_gonogo3_rest_004_01"", ""atten_dsr_VP002_gonogo3_task_005_00"", ""atten_dsr_VP002_gonogo3_task_005_01"", ""atten_dsr_VP002_gonogo3_rest_005_01"", ""atten_dsr_VP002_gonogo3_task_006_00"", ""atten_dsr_VP002_gonogo3_task_006_01"", ""atten_dsr_VP002_gonogo3_rest_006_00"", ""atten_dsr_VP002_gonogo3_rest_006_01""]",True,,0.8105263157894738,48,0.66,0.6486151302190988,0.6838235294117647,0.6599999999999999,0.31999999999999995
VP003,2023,source_only,0.30,0.3055555555555556,22,50,"{""0"": 11, ""1"": 11}","{""0"": 25, ""1"": 25}","[""atten_dsr_VP003_gonogo1_task_002_00"", ""atten_dsr_VP003_gonogo1_task_003_00"", ""atten_dsr_VP003_gonogo1_task_004_00"", ""atten_dsr_VP003_gonogo1_task_004_01"", ""atten_dsr_VP003_gonogo1_rest_004_00"", ""atten_dsr_VP003_gonogo1_task_005_00"", ""atten_dsr_VP003_gonogo1_rest_006_01"", ""atten_dsr_VP003_gonogo2_task_001_00"", ""atten_dsr_VP003_gonogo2_rest_001_01"", ""atten_dsr_VP003_gonogo2_rest_002_00"", ""atten_dsr_VP003_gonogo2_rest_003_01"", ""atten_dsr_VP003_gonogo2_task_004_01"", ""atten_dsr_VP003_gonogo2_rest_004_00"", ""atten_dsr_VP003_gonogo2_rest_006_00"", ""atten_dsr_VP003_gonogo3_task_001_00"", ""atten_dsr_VP003_gonogo3_task_001_01"", ""atten_dsr_VP003_gonogo3_rest_001_00"", ""atten_dsr_VP003_gonogo3_rest_002_00"", ""atten_dsr_VP003_gonogo3_task_003_00"", ""atten_dsr_VP003_gonogo3_rest_003_00"", ""atten_dsr_VP003_gonogo3_task_004_00"", ""atten_dsr_VP003_gonogo3_rest_005_00""]","[""atten_dsr_VP003_gonogo1_task_001_00"", ""atten_dsr_VP003_gonogo1_task_001_01"", ""atten_dsr_VP003_gonogo1_rest_001_00"", ""atten_dsr_VP003_gonogo1_rest_001_01"", ""atten_dsr_VP003_gonogo1_task_002_01"", ""atten_dsr_VP003_gonogo1_rest_002_00"", ""atten_dsr_VP003_gonogo1_rest_002_01"", ""atten_dsr_VP003_gonogo1_task_003_01"", ""atten_dsr_VP003_gonogo1_rest_003_00"", ""atten_dsr_VP003_gonogo1_rest_003_01"", ""atten_dsr_VP003_gonogo1_rest_004_01"", ""atten_dsr_VP003_gonogo1_task_005_01"", ""atten_dsr_VP003_gonogo1_rest_005_00"", ""atten_dsr_VP003_gonogo1_rest_005_01"", ""atten_dsr_VP003_gonogo1_task_006_00"", ""atten_dsr_VP003_gonogo1_task_006_01"", ""atten_dsr_VP003_gonogo1_rest_006_00"", ""atten_dsr_VP003_gonogo2_task_001_01"", ""atten_dsr_VP003_gonogo2_rest_001_00"", ""atten_dsr_VP003_gonogo2_task_002_00"", ""atten_dsr_VP003_gonogo2_task_002_01"", ""atten_dsr_VP003_gonogo2_rest_002_01"", ""atten_dsr_VP003_gonogo2_task_003_00"", ""atten_dsr_VP003_gonogo2_task_003_01"", ""atten_dsr_VP003_gonogo2_rest_003_00"", ""atten_dsr_VP003_gonogo2_task_004_00"", ""atten_dsr_VP003_gonogo2_rest_004_01"", ""atten_dsr_VP003_gonogo2_task_005_00"", ""atten_dsr_VP003_gonogo2_task_005_01"", ""atten_dsr_VP003_gonogo2_rest_005_00"", ""atten_dsr_VP003_gonogo2_rest_005_01"", ""atten_dsr_VP003_gonogo2_task_006_00"", ""atten_dsr_VP003_gonogo2_task_006_01"", ""atten_dsr_VP003_gonogo2_rest_006_01"", ""atten_dsr_VP003_gonogo3_rest_001_01"", ""atten_dsr_VP003_gonogo3_task_002_00"", ""atten_dsr_VP003_gonogo3_task_002_01"", ""atten_dsr_VP003_gonogo3_rest_002_01"", ""atten_dsr_VP003_gonogo3_task_003_01"", ""atten_dsr_VP003_gonogo3_rest_003_01"", ""atten_dsr_VP003_gonogo3_task_004_01"", ""atten_dsr_VP003_gonogo3_rest_004_00"", ""atten_dsr_VP003_gonogo3_rest_004_01"", ""atten_dsr_VP003_gonogo3_task_005_00"", ""atten_dsr_VP003_gonogo3_task_005_01"", ""atten_dsr_VP003_gonogo3_rest_005_01"", ""atten_dsr_VP003_gonogo3_task_006_00"", ""atten_dsr_VP003_gonogo3_task_006_01"", ""atten_dsr_VP003_gonogo3_rest_006_00"", ""atten_dsr_VP003_gonogo3_rest_006_01""]",True,,0.7997775305895439,81,0.78,0.7799119647859143,0.780448717948718,0.78,0.56
VP003,2023,existing_head_adaptation,0.30,0.3055555555555556,22,50,"{""0"": 11, ""1"": 11}","{""0"": 25, ""1"": 25}","[""atten_dsr_VP003_gonogo1_task_002_00"", ""atten_dsr_VP003_gonogo1_task_003_00"", ""atten_dsr_VP003_gonogo1_task_004_00"", ""atten_dsr_VP003_gonogo1_task_004_01"", ""atten_dsr_VP003_gonogo1_rest_004_00"", ""atten_dsr_VP003_gonogo1_task_005_00"", ""atten_dsr_VP003_gonogo1_rest_006_01"", ""atten_dsr_VP003_gonogo2_task_001_00"", ""atten_dsr_VP003_gonogo2_rest_001_01"", ""atten_dsr_VP003_gonogo2_rest_002_00"", ""atten_dsr_VP003_gonogo2_rest_003_01"", ""atten_dsr_VP003_gonogo2_task_004_01"", ""atten_dsr_VP003_gonogo2_rest_004_00"", ""atten_dsr_VP003_gonogo2_rest_006_00"", ""atten_dsr_VP003_gonogo3_task_001_00"", ""atten_dsr_VP003_gonogo3_task_001_01"", ""atten_dsr_VP003_gonogo3_rest_001_00"", ""atten_dsr_VP003_gonogo3_rest_002_00"", ""atten_dsr_VP003_gonogo3_task_003_00"", ""atten_dsr_VP003_gonogo3_rest_003_00"", ""atten_dsr_VP003_gonogo3_task_004_00"", ""atten_dsr_VP003_gonogo3_rest_005_00""]","[""atten_dsr_VP003_gonogo1_task_001_00"", ""atten_dsr_VP003_gonogo1_task_001_01"", ""atten_dsr_VP003_gonogo1_rest_001_00"", ""atten_dsr_VP003_gonogo1_rest_001_01"", ""atten_dsr_VP003_gonogo1_task_002_01"", ""atten_dsr_VP003_gonogo1_rest_002_00"", ""atten_dsr_VP003_gonogo1_rest_002_01"", ""atten_dsr_VP003_gonogo1_task_003_01"", ""atten_dsr_VP003_gonogo1_rest_003_00"", ""atten_dsr_VP003_gonogo1_rest_003_01"", ""atten_dsr_VP003_gonogo1_rest_004_01"", ""atten_dsr_VP003_gonogo1_task_005_01"", ""atten_dsr_VP003_gonogo1_rest_005_00"", ""atten_dsr_VP003_gonogo1_rest_005_01"", ""atten_dsr_VP003_gonogo1_task_006_00"", ""atten_dsr_VP003_gonogo1_task_006_01"", ""atten_dsr_VP003_gonogo1_rest_006_00"", ""atten_dsr_VP003_gonogo2_task_001_01"", ""atten_dsr_VP003_gonogo2_rest_001_00"", ""atten_dsr_VP003_gonogo2_task_002_00"", ""atten_dsr_VP003_gonogo2_task_002_01"", ""atten_dsr_VP003_gonogo2_rest_002_01"", ""atten_dsr_VP003_gonogo2_task_003_00"", ""atten_dsr_VP003_gonogo2_task_003_01"", ""atten_dsr_VP003_gonogo2_rest_003_00"", ""atten_dsr_VP003_gonogo2_task_004_00"", ""atten_dsr_VP003_gonogo2_rest_004_01"", ""atten_dsr_VP003_gonogo2_task_005_00"", ""atten_dsr_VP003_gonogo2_task_005_01"", ""atten_dsr_VP003_gonogo2_rest_005_00"", ""atten_dsr_VP003_gonogo2_rest_005_01"", ""atten_dsr_VP003_gonogo2_task_006_00"", ""atten_dsr_VP003_gonogo2_task_006_01"", ""atten_dsr_VP003_gonogo2_rest_006_01"", ""atten_dsr_VP003_gonogo3_rest_001_01"", ""atten_dsr_VP003_gonogo3_task_002_00"", ""atten_dsr_VP003_gonogo3_task_002_01"", ""atten_dsr_VP003_gonogo3_rest_002_01"", ""atten_dsr_VP003_gonogo3_task_003_01"", ""atten_dsr_VP003_gonogo3_rest_003_01"", ""atten_dsr_VP003_gonogo3_task_004_01"", ""atten_dsr_VP003_gonogo3_rest_004_00"", ""atten_dsr_VP003_gonogo3_rest_004_01"", ""atten_dsr_VP003_gonogo3_task_005_00"", ""atten_dsr_VP003_gonogo3_task_005_01"", ""atten_dsr_VP003_gonogo3_rest_005_01"", ""atten_dsr_VP003_gonogo3_task_006_00"", ""atten_dsr_VP003_gonogo3_task_006_01"", ""atten_dsr_VP003_gonogo3_rest_006_00"", ""atten_dsr_VP003_gonogo3_rest_006_01""]",True,,0.7997775305895439,81,0.76,0.76,0.76,0.76,0.52
VP004,2023,source_only,0.30,0.3055555555555556,22,50,"{""0"": 11, ""1"": 11}","{""0"": 25, ""1"": 25}","[""atten_dsr_VP004_gonogo1_task_002_00"", ""atten_dsr_VP004_gonogo1_task_003_00"", ""atten_dsr_VP004_gonogo1_task_004_00"", ""atten_dsr_VP004_gonogo1_task_004_01"", ""atten_dsr_VP004_gonogo1_rest_004_00"", ""atten_dsr_VP004_gonogo1_task_005_00"", ""atten_dsr_VP004_gonogo1_rest_006_01"", ""atten_dsr_VP004_gonogo2_task_001_00"", ""atten_dsr_VP004_gonogo2_rest_001_01"", ""atten_dsr_VP004_gonogo2_rest_002_00"", ""atten_dsr_VP004_gonogo2_rest_003_01"", ""atten_dsr_VP004_gonogo2_task_004_01"", ""atten_dsr_VP004_gonogo2_rest_004_00"", ""atten_dsr_VP004_gonogo2_rest_006_00"", ""atten_dsr_VP004_gonogo3_task_001_00"", ""atten_dsr_VP004_gonogo3_task_001_01"", ""atten_dsr_VP004_gonogo3_rest_001_00"", ""atten_dsr_VP004_gonogo3_rest_002_00"", ""atten_dsr_VP004_gonogo3_task_003_00"", ""atten_dsr_VP004_gonogo3_rest_003_00"", ""atten_dsr_VP004_gonogo3_task_004_00"", ""atten_dsr_VP004_gonogo3_rest_005_00""]","[""atten_dsr_VP004_gonogo1_task_001_00"", ""atten_dsr_VP004_gonogo1_task_001_01"", ""atten_dsr_VP004_gonogo1_rest_001_00"", ""atten_dsr_VP004_gonogo1_rest_001_01"", ""atten_dsr_VP004_gonogo1_task_002_01"", ""atten_dsr_VP004_gonogo1_rest_002_00"", ""atten_dsr_VP004_gonogo1_rest_002_01"", ""atten_dsr_VP004_gonogo1_task_003_01"", ""atten_dsr_VP004_gonogo1_rest_003_00"", ""atten_dsr_VP004_gonogo1_rest_003_01"", ""atten_dsr_VP004_gonogo1_rest_004_01"", ""atten_dsr_VP004_gonogo1_task_005_01"", ""atten_dsr_VP004_gonogo1_rest_005_00"", ""atten_dsr_VP004_gonogo1_rest_005_01"", ""atten_dsr_VP004_gonogo1_task_006_00"", ""atten_dsr_VP004_gonogo1_task_006_01"", ""atten_dsr_VP004_gonogo1_rest_006_00"", ""atten_dsr_VP004_gonogo2_task_001_01"", ""atten_dsr_VP004_gonogo2_rest_001_00"", ""atten_dsr_VP004_gonogo2_task_002_00"", ""atten_dsr_VP004_gonogo2_task_002_01"", ""atten_dsr_VP004_gonogo2_rest_002_01"", ""atten_dsr_VP004_gonogo2_task_003_00"", ""atten_dsr_VP004_gonogo2_task_003_01"", ""atten_dsr_VP004_gonogo2_rest_003_00"", ""atten_dsr_VP004_gonogo2_task_004_00"", ""atten_dsr_VP004_gonogo2_rest_004_01"", ""atten_dsr_VP004_gonogo2_task_005_00"", ""atten_dsr_VP004_gonogo2_task_005_01"", ""atten_dsr_VP004_gonogo2_rest_005_00"", ""atten_dsr_VP004_gonogo2_rest_005_01"", ""atten_dsr_VP004_gonogo2_task_006_00"", ""atten_dsr_VP004_gonogo2_task_006_01"", ""atten_dsr_VP004_gonogo2_rest_006_01"", ""atten_dsr_VP004_gonogo3_rest_001_01"", ""atten_dsr_VP004_gonogo3_task_002_00"", ""atten_dsr_VP004_gonogo3_task_002_01"", ""atten_dsr_VP004_gonogo3_rest_002_01"", ""atten_dsr_VP004_gonogo3_task_003_01"", ""atten_dsr_VP004_gonogo3_rest_003_01"", ""atten_dsr_VP004_gonogo3_task_004_01"", ""atten_dsr_VP004_gonogo3_rest_004_00"", ""atten_dsr_VP004_gonogo3_rest_004_01"", ""atten_dsr_VP004_gonogo3_task_005_00"", ""atten_dsr_VP004_gonogo3_task_005_01"", ""atten_dsr_VP004_gonogo3_rest_005_01"", ""atten_dsr_VP004_gonogo3_task_006_00"", ""atten_dsr_VP004_gonogo3_task_006_01"", ""atten_dsr_VP004_gonogo3_rest_006_00"", ""atten_dsr_VP004_gonogo3_rest_006_01""]",True,,0.7877819490552573,59,0.66,0.6587715776796468,0.6623376623376623,0.6599999999999999,0.31999999999999995
VP004,2023,existing_head_adaptation,0.30,0.3055555555555556,22,50,"{""0"": 11, ""1"": 11}","{""0"": 25, ""1"": 25}","[""atten_dsr_VP004_gonogo1_task_002_00"", ""atten_dsr_VP004_gonogo1_task_003_00"", ""atten_dsr_VP004_gonogo1_task_004_00"", ""atten_dsr_VP004_gonogo1_task_004_01"", ""atten_dsr_VP004_gonogo1_rest_004_00"", ""atten_dsr_VP004_gonogo1_task_005_00"", ""atten_dsr_VP004_gonogo1_rest_006_01"", ""atten_dsr_VP004_gonogo2_task_001_00"", ""atten_dsr_VP004_gonogo2_rest_001_01"", ""atten_dsr_VP004_gonogo2_rest_002_00"", ""atten_dsr_VP004_gonogo2_rest_003_01"", ""atten_dsr_VP004_gonogo2_task_004_01"", ""atten_dsr_VP004_gonogo2_rest_004_00"", ""atten_dsr_VP004_gonogo2_rest_006_00"", ""atten_dsr_VP004_gonogo3_task_001_00"", ""atten_dsr_VP004_gonogo3_task_001_01"", ""atten_dsr_VP004_gonogo3_rest_001_00"", ""atten_dsr_VP004_gonogo3_rest_002_00"", ""atten_dsr_VP004_gonogo3_task_003_00"", ""atten_dsr_VP004_gonogo3_rest_003_00"", ""atten_dsr_VP004_gonogo3_task_004_00"", ""atten_dsr_VP004_gonogo3_rest_005_00""]","[""atten_dsr_VP004_gonogo1_task_001_00"", ""atten_dsr_VP004_gonogo1_task_001_01"", ""atten_dsr_VP004_gonogo1_rest_001_00"", ""atten_dsr_VP004_gonogo1_rest_001_01"", ""atten_dsr_VP004_gonogo1_task_002_01"", ""atten_dsr_VP004_gonogo1_rest_002_00"", ""atten_dsr_VP004_gonogo1_rest_002_01"", ""atten_dsr_VP004_gonogo1_task_003_01"", ""atten_dsr_VP004_gonogo1_rest_003_00"", ""atten_dsr_VP004_gonogo1_rest_003_01"", ""atten_dsr_VP004_gonogo1_rest_004_01"", ""atten_dsr_VP004_gonogo1_task_005_01"", ""atten_dsr_VP004_gonogo1_rest_005_00"", ""atten_dsr_VP004_gonogo1_rest_005_01"", ""atten_dsr_VP004_gonogo1_task_006_00"", ""atten_dsr_VP004_gonogo1_task_006_01"", ""atten_dsr_VP004_gonogo1_rest_006_00"", ""atten_dsr_VP004_gonogo2_task_001_01"", ""atten_dsr_VP004_gonogo2_rest_001_00"", ""atten_dsr_VP004_gonogo2_task_002_00"", ""atten_dsr_VP004_gonogo2_task_002_01"", ""atten_dsr_VP004_gonogo2_rest_002_01"", ""atten_dsr_VP004_gonogo2_task_003_00"", ""atten_dsr_VP004_gonogo2_task_003_01"", ""atten_dsr_VP004_gonogo2_rest_003_00"", ""atten_dsr_VP004_gonogo2_task_004_00"", ""atten_dsr_VP004_gonogo2_rest_004_01"", ""atten_dsr_VP004_gonogo2_task_005_00"", ""atten_dsr_VP004_gonogo2_task_005_01"", ""atten_dsr_VP004_gonogo2_rest_005_00"", ""atten_dsr_VP004_gonogo2_rest_005_01"", ""atten_dsr_VP004_gonogo2_task_006_00"", ""atten_dsr_VP004_gonogo2_task_006_01"", ""atten_dsr_VP004_gonogo2_rest_006_01"", ""atten_dsr_VP004_gonogo3_rest_001_01"", ""atten_dsr_VP004_gonogo3_task_002_00"", ""atten_dsr_VP004_gonogo3_task_002_01"", ""atten_dsr_VP004_gonogo3_rest_002_01"", ""atten_dsr_VP004_gonogo3_task_003_01"", ""atten_dsr_VP004_gonogo3_rest_003_01"", ""atten_dsr_VP004_gonogo3_task_004_01"", ""atten_dsr_VP004_gonogo3_rest_004_00"", ""atten_dsr_VP004_gonogo3_rest_004_01"", ""atten_dsr_VP004_gonogo3_task_005_00"", ""atten_dsr_VP004_gonogo3_task_005_01"", ""atten_dsr_VP004_gonogo3_rest_005_01"", ""atten_dsr_VP004_gonogo3_task_006_00"", ""atten_dsr_VP004_gonogo3_task_006_01"", ""atten_dsr_VP004_gonogo3_rest_006_00"", ""atten_dsr_VP004_gonogo3_rest_006_01""]",True,,0.7877819490552573,59,0.64,0.6376811594202898,0.6436781609195402,0.64,0.28
VP005,2023,source_only,0.30,0.3055555555555556,22,50,"{""0"": 11, ""1"": 11}","{""0"": 25, ""1"": 25}","[""atten_dsr_VP005_gonogo1_task_002_00"", ""atten_dsr_VP005_gonogo1_task_003_00"", ""atten_dsr_VP005_gonogo1_task_004_00"", ""atten_dsr_VP005_gonogo1_task_004_01"", ""atten_dsr_VP005_gonogo1_rest_004_00"", ""atten_dsr_VP005_gonogo1_task_005_00"", ""atten_dsr_VP005_gonogo1_rest_006_01"", ""atten_dsr_VP005_gonogo2_task_001_00"", ""atten_dsr_VP005_gonogo2_rest_001_01"", ""atten_dsr_VP005_gonogo2_rest_002_00"", ""atten_dsr_VP005_gonogo2_rest_003_01"", ""atten_dsr_VP005_gonogo2_task_004_01"", ""atten_dsr_VP005_gonogo2_rest_004_00"", ""atten_dsr_VP005_gonogo2_rest_006_00"", ""atten_dsr_VP005_gonogo3_task_001_00"", ""atten_dsr_VP005_gonogo3_task_001_01"", ""atten_dsr_VP005_gonogo3_rest_001_00"", ""atten_dsr_VP005_gonogo3_rest_002_00"", ""atten_dsr_VP005_gonogo3_task_003_00"", ""atten_dsr_VP005_gonogo3_rest_003_00"", ""atten_dsr_VP005_gonogo3_task_004_00"", ""atten_dsr_VP005_gonogo3_rest_005_00""]","[""atten_dsr_VP005_gonogo1_task_001_00"", ""atten_dsr_VP005_gonogo1_task_001_01"", ""atten_dsr_VP005_gonogo1_rest_001_00"", ""atten_dsr_VP005_gonogo1_rest_001_01"", ""atten_dsr_VP005_gonogo1_task_002_01"", ""atten_dsr_VP005_gonogo1_rest_002_00"", ""atten_dsr_VP005_gonogo1_rest_002_01"", ""atten_dsr_VP005_gonogo1_task_003_01"", ""atten_dsr_VP005_gonogo1_rest_003_00"", ""atten_dsr_VP005_gonogo1_rest_003_01"", ""atten_dsr_VP005_gonogo1_rest_004_01"", ""atten_dsr_VP005_gonogo1_task_005_01"", ""atten_dsr_VP005_gonogo1_rest_005_00"", ""atten_dsr_VP005_gonogo1_rest_005_01"", ""atten_dsr_VP005_gonogo1_task_006_00"", ""atten_dsr_VP005_gonogo1_task_006_01"", ""atten_dsr_VP005_gonogo1_rest_006_00"", ""atten_dsr_VP005_gonogo2_task_001_01"", ""atten_dsr_VP005_gonogo2_rest_001_00"", ""atten_dsr_VP005_gonogo2_task_002_00"", ""atten_dsr_VP005_gonogo2_task_002_01"", ""atten_dsr_VP005_gonogo2_rest_002_01"", ""atten_dsr_VP005_gonogo2_task_003_00"", ""atten_dsr_VP005_gonogo2_task_003_01"", ""atten_dsr_VP005_gonogo2_rest_003_00"", ""atten_dsr_VP005_gonogo2_task_004_00"", ""atten_dsr_VP005_gonogo2_rest_004_01"", ""atten_dsr_VP005_gonogo2_task_005_00"", ""atten_dsr_VP005_gonogo2_task_005_01"", ""atten_dsr_VP005_gonogo2_rest_005_00"", ""atten_dsr_VP005_gonogo2_rest_005_01"", ""atten_dsr_VP005_gonogo2_task_006_00"", ""atten_dsr_VP005_gonogo2_task_006_01"", ""atten_dsr_VP005_gonogo2_rest_006_01"", ""atten_dsr_VP005_gonogo3_rest_001_01"", ""atten_dsr_VP005_gonogo3_task_002_00"", ""atten_dsr_VP005_gonogo3_task_002_01"", ""atten_dsr_VP005_gonogo3_rest_002_01"", ""atten_dsr_VP005_gonogo3_task_003_01"", ""atten_dsr_VP005_gonogo3_rest_003_01"", ""atten_dsr_VP005_gonogo3_task_004_01"", ""atten_dsr_VP005_gonogo3_rest_004_00"", ""atten_dsr_VP005_gonogo3_rest_004_01"", ""atten_dsr_VP005_gonogo3_task_005_00"", ""atten_dsr_VP005_gonogo3_task_005_01"", ""atten_dsr_VP005_gonogo3_rest_005_01"", ""atten_dsr_VP005_gonogo3_task_006_00"", ""atten_dsr_VP005_gonogo3_task_006_01"", ""atten_dsr_VP005_gonogo3_rest_006_00"", ""atten_dsr_VP005_gonogo3_rest_006_01""]",True,,0.79925028656402,79,0.76,0.75,0.8095238095238095,0.76,0.52
VP005,2023,existing_head_adaptation,0.30,0.3055555555555556,22,50,"{""0"": 11, ""1"": 11}","{""0"": 25, ""1"": 25}","[""atten_dsr_VP005_gonogo1_task_002_00"", ""atten_dsr_VP005_gonogo1_task_003_00"", ""atten_dsr_VP005_gonogo1_task_004_00"", ""atten_dsr_VP005_gonogo1_task_004_01"", ""atten_dsr_VP005_gonogo1_rest_004_00"", ""atten_dsr_VP005_gonogo1_task_005_00"", ""atten_dsr_VP005_gonogo1_rest_006_01"", ""atten_dsr_VP005_gonogo2_task_001_00"", ""atten_dsr_VP005_gonogo2_rest_001_01"", ""atten_dsr_VP005_gonogo2_rest_002_00"", ""atten_dsr_VP005_gonogo2_rest_003_01"", ""atten_dsr_VP005_gonogo2_task_004_01"", ""atten_dsr_VP005_gonogo2_rest_004_00"", ""atten_dsr_VP005_gonogo2_rest_006_00"", ""atten_dsr_VP005_gonogo3_task_001_00"", ""atten_dsr_VP005_gonogo3_task_001_01"", ""atten_dsr_VP005_gonogo3_rest_001_00"", ""atten_dsr_VP005_gonogo3_rest_002_00"", ""atten_dsr_VP005_gonogo3_task_003_00"", ""atten_dsr_VP005_gonogo3_rest_003_00"", ""atten_dsr_VP005_gonogo3_task_004_00"", ""atten_dsr_VP005_gonogo3_rest_005_00""]","[""atten_dsr_VP005_gonogo1_task_001_00"", ""atten_dsr_VP005_gonogo1_task_001_01"", ""atten_dsr_VP005_gonogo1_rest_001_00"", ""atten_dsr_VP005_gonogo1_rest_001_01"", ""atten_dsr_VP005_gonogo1_task_002_01"", ""atten_dsr_VP005_gonogo1_rest_002_00"", ""atten_dsr_VP005_gonogo1_rest_002_01"", ""atten_dsr_VP005_gonogo1_task_003_01"", ""atten_dsr_VP005_gonogo1_rest_003_00"", ""atten_dsr_VP005_gonogo1_rest_003_01"", ""atten_dsr_VP005_gonogo1_rest_004_01"", ""atten_dsr_VP005_gonogo1_task_005_01"", ""atten_dsr_VP005_gonogo1_rest_005_00"", ""atten_dsr_VP005_gonogo1_rest_005_01"", ""atten_dsr_VP005_gonogo1_task_006_00"", ""atten_dsr_VP005_gonogo1_task_006_01"", ""atten_dsr_VP005_gonogo1_rest_006_00"", ""atten_dsr_VP005_gonogo2_task_001_01"", ""atten_dsr_VP005_gonogo2_rest_001_00"", ""atten_dsr_VP005_gonogo2_task_002_00"", ""atten_dsr_VP005_gonogo2_task_002_01"", ""atten_dsr_VP005_gonogo2_rest_002_01"", ""atten_dsr_VP005_gonogo2_task_003_00"", ""atten_dsr_VP005_gonogo2_task_003_01"", ""atten_dsr_VP005_gonogo2_rest_003_00"", ""atten_dsr_VP005_gonogo2_task_004_00"", ""atten_dsr_VP005_gonogo2_rest_004_01"", ""atten_dsr_VP005_gonogo2_task_005_00"", ""atten_dsr_VP005_gonogo2_task_005_01"", ""atten_dsr_VP005_gonogo2_rest_005_00"", ""atten_dsr_VP005_gonogo2_rest_005_01"", ""atten_dsr_VP005_gonogo2_task_006_00"", ""atten_dsr_VP005_gonogo2_task_006_01"", ""atten_dsr_VP005_gonogo2_rest_006_01"", ""atten_dsr_VP005_gonogo3_rest_001_01"", ""atten_dsr_VP005_gonogo3_task_002_00"", ""atten_dsr_VP005_gonogo3_task_002_01"", ""atten_dsr_VP005_gonogo3_rest_002_01"", ""atten_dsr_VP005_gonogo3_task_003_01"", ""atten_dsr_VP005_gonogo3_rest_003_01"", ""atten_dsr_VP005_gonogo3_task_004_01"", ""atten_dsr_VP005_gonogo3_rest_004_00"", ""atten_dsr_VP005_gonogo3_rest_004_01"", ""atten_dsr_VP005_gonogo3_task_005_00"", ""atten_dsr_VP005_gonogo3_task_005_01"", ""atten_dsr_VP005_gonogo3_rest_005_01"", ""atten_dsr_VP005_gonogo3_task_006_00"", ""atten_dsr_VP005_gonogo3_task_006_01"", ""atten_dsr_VP005_gonogo3_rest_006_00"", ""atten_dsr_VP005_gonogo3_rest_006_01""]",True,,0.79925028656402,79,0.78,0.7726333195535345,0.8216911764705883,0.78,0.56
VP006,2023,source_only,0.30,0.3055555555555556,22,50,"{""0"": 11, ""1"": 11}","{""0"": 25, ""1"": 25}","[""atten_dsr_VP006_gonogo1_task_002_00"", ""atten_dsr_VP006_gonogo1_task_003_00"", ""atten_dsr_VP006_gonogo1_task_004_00"", ""atten_dsr_VP006_gonogo1_task_004_01"", ""atten_dsr_VP006_gonogo1_rest_004_00"", ""atten_dsr_VP006_gonogo1_task_005_00"", ""atten_dsr_VP006_gonogo1_rest_006_01"", ""atten_dsr_VP006_gonogo2_task_001_00"", ""atten_dsr_VP006_gonogo2_rest_001_01"", ""atten_dsr_VP006_gonogo2_rest_002_00"", ""atten_dsr_VP006_gonogo2_rest_003_01"", ""atten_dsr_VP006_gonogo2_task_004_01"", ""atten_dsr_VP006_gonogo2_rest_004_00"", ""atten_dsr_VP006_gonogo2_rest_006_00"", ""atten_dsr_VP006_gonogo3_task_001_00"", ""atten_dsr_VP006_gonogo3_task_001_01"", ""atten_dsr_VP006_gonogo3_rest_001_00"", ""atten_dsr_VP006_gonogo3_rest_002_00"", ""atten_dsr_VP006_gonogo3_task_003_00"", ""atten_dsr_VP006_gonogo3_rest_003_00"", ""atten_dsr_VP006_gonogo3_task_004_00"", ""atten_dsr_VP006_gonogo3_rest_005_00""]","[""atten_dsr_VP006_gonogo1_task_001_00"", ""atten_dsr_VP006_gonogo1_task_001_01"", ""atten_dsr_VP006_gonogo1_rest_001_00"", ""atten_dsr_VP006_gonogo1_rest_001_01"", ""atten_dsr_VP006_gonogo1_task_002_01"", ""atten_dsr_VP006_gonogo1_rest_002_00"", ""atten_dsr_VP006_gonogo1_rest_002_01"", ""atten_dsr_VP006_gonogo1_task_003_01"", ""atten_dsr_VP006_gonogo1_rest_003_00"", ""atten_dsr_VP006_gonogo1_rest_003_01"", ""atten_dsr_VP006_gonogo1_rest_004_01"", ""atten_dsr_VP006_gonogo1_task_005_01"", ""atten_dsr_VP006_gonogo1_rest_005_00"", ""atten_dsr_VP006_gonogo1_rest_005_01"", ""atten_dsr_VP006_gonogo1_task_006_00"", ""atten_dsr_VP006_gonogo1_task_006_01"", ""atten_dsr_VP006_gonogo1_rest_006_00"", ""atten_dsr_VP006_gonogo2_task_001_01"", ""atten_dsr_VP006_gonogo2_rest_001_00"", ""atten_dsr_VP006_gonogo2_task_002_00"", ""atten_dsr_VP006_gonogo2_task_002_01"", ""atten_dsr_VP006_gonogo2_rest_002_01"", ""atten_dsr_VP006_gonogo2_task_003_00"", ""atten_dsr_VP006_gonogo2_task_003_01"", ""atten_dsr_VP006_gonogo2_rest_003_00"", ""atten_dsr_VP006_gonogo2_task_004_00"", ""atten_dsr_VP006_gonogo2_rest_004_01"", ""atten_dsr_VP006_gonogo2_task_005_00"", ""atten_dsr_VP006_gonogo2_task_005_01"", ""atten_dsr_VP006_gonogo2_rest_005_00"", ""atten_dsr_VP006_gonogo2_rest_005_01"", ""atten_dsr_VP006_gonogo2_task_006_00"", ""atten_dsr_VP006_gonogo2_task_006_01"", ""atten_dsr_VP006_gonogo2_rest_006_01"", ""atten_dsr_VP006_gonogo3_rest_001_01"", ""atten_dsr_VP006_gonogo3_task_002_00"", ""atten_dsr_VP006_gonogo3_task_002_01"", ""atten_dsr_VP006_gonogo3_rest_002_01"", ""atten_dsr_VP006_gonogo3_task_003_01"", ""atten_dsr_VP006_gonogo3_rest_003_01"", ""atten_dsr_VP006_gonogo3_task_004_01"", ""atten_dsr_VP006_gonogo3_rest_004_00"", ""atten_dsr_VP006_gonogo3_rest_004_01"", ""atten_dsr_VP006_gonogo3_task_005_00"", ""atten_dsr_VP006_gonogo3_task_005_01"", ""atten_dsr_VP006_gonogo3_rest_005_01"", ""atten_dsr_VP006_gonogo3_task_006_00"", ""atten_dsr_VP006_gonogo3_task_006_01"", ""atten_dsr_VP006_gonogo3_rest_006_00"", ""atten_dsr_VP006_gonogo3_rest_006_01""]",True,,0.8190409168593547,81,0.62,0.6124031007751938,0.6302083333333333,0.62,0.24
VP006,2023,existing_head_adaptation,0.30,0.3055555555555556,22,50,"{""0"": 11, ""1"": 11}","{""0"": 25, ""1"": 25}","[""atten_dsr_VP006_gonogo1_task_002_00"", ""atten_dsr_VP006_gonogo1_task_003_00"", ""atten_dsr_VP006_gonogo1_task_004_00"", ""atten_dsr_VP006_gonogo1_task_004_01"", ""atten_dsr_VP006_gonogo1_rest_004_00"", ""atten_dsr_VP006_gonogo1_task_005_00"", ""atten_dsr_VP006_gonogo1_rest_006_01"", ""atten_dsr_VP006_gonogo2_task_001_00"", ""atten_dsr_VP006_gonogo2_rest_001_01"", ""atten_dsr_VP006_gonogo2_rest_002_00"", ""atten_dsr_VP006_gonogo2_rest_003_01"", ""atten_dsr_VP006_gonogo2_task_004_01"", ""atten_dsr_VP006_gonogo2_rest_004_00"", ""atten_dsr_VP006_gonogo2_rest_006_00"", ""atten_dsr_VP006_gonogo3_task_001_00"", ""atten_dsr_VP006_gonogo3_task_001_01"", ""atten_dsr_VP006_gonogo3_rest_001_00"", ""atten_dsr_VP006_gonogo3_rest_002_00"", ""atten_dsr_VP006_gonogo3_task_003_00"", ""atten_dsr_VP006_gonogo3_rest_003_00"", ""atten_dsr_VP006_gonogo3_task_004_00"", ""atten_dsr_VP006_gonogo3_rest_005_00""]","[""atten_dsr_VP006_gonogo1_task_001_00"", ""atten_dsr_VP006_gonogo1_task_001_01"", ""atten_dsr_VP006_gonogo1_rest_001_00"", ""atten_dsr_VP006_gonogo1_rest_001_01"", ""atten_dsr_VP006_gonogo1_task_002_01"", ""atten_dsr_VP006_gonogo1_rest_002_00"", ""atten_dsr_VP006_gonogo1_rest_002_01"", ""atten_dsr_VP006_gonogo1_task_003_01"", ""atten_dsr_VP006_gonogo1_rest_003_00"", ""atten_dsr_VP006_gonogo1_rest_003_01"", ""atten_dsr_VP006_gonogo1_rest_004_01"", ""atten_dsr_VP006_gonogo1_task_005_01"", ""atten_dsr_VP006_gonogo1_rest_005_00"", ""atten_dsr_VP006_gonogo1_rest_005_01"", ""atten_dsr_VP006_gonogo1_task_006_00"", ""atten_dsr_VP006_gonogo1_task_006_01"", ""atten_dsr_VP006_gonogo1_rest_006_00"", ""atten_dsr_VP006_gonogo2_task_001_01"", ""atten_dsr_VP006_gonogo2_rest_001_00"", ""atten_dsr_VP006_gonogo2_task_002_00"", ""atten_dsr_VP006_gonogo2_task_002_01"", ""atten_dsr_VP006_gonogo2_rest_002_01"", ""atten_dsr_VP006_gonogo2_task_003_00"", ""atten_dsr_VP006_gonogo2_task_003_01"", ""atten_dsr_VP006_gonogo2_rest_003_00"", ""atten_dsr_VP006_gonogo2_task_004_00"", ""atten_dsr_VP006_gonogo2_rest_004_01"", ""atten_dsr_VP006_gonogo2_task_005_00"", ""atten_dsr_VP006_gonogo2_task_005_01"", ""atten_dsr_VP006_gonogo2_rest_005_00"", ""atten_dsr_VP006_gonogo2_rest_005_01"", ""atten_dsr_VP006_gonogo2_task_006_00"", ""atten_dsr_VP006_gonogo2_task_006_01"", ""atten_dsr_VP006_gonogo2_rest_006_01"", ""atten_dsr_VP006_gonogo3_rest_001_01"", ""atten_dsr_VP006_gonogo3_task_002_00"", ""atten_dsr_VP006_gonogo3_task_002_01"", ""atten_dsr_VP006_gonogo3_rest_002_01"", ""atten_dsr_VP006_gonogo3_task_003_01"", ""atten_dsr_VP006_gonogo3_rest_003_01"", ""atten_dsr_VP006_gonogo3_task_004_01"", ""atten_dsr_VP006_gonogo3_rest_004_00"", ""atten_dsr_VP006_gonogo3_rest_004_01"", ""atten_dsr_VP006_gonogo3_task_005_00"", ""atten_dsr_VP006_gonogo3_task_005_01"", ""atten_dsr_VP006_gonogo3_rest_005_01"", ""atten_dsr_VP006_gonogo3_task_006_00"", ""atten_dsr_VP006_gonogo3_task_006_01"", ""atten_dsr_VP006_gonogo3_rest_006_00"", ""atten_dsr_VP006_gonogo3_rest_006_01""]",True,,0.8190409168593547,81,0.62,0.6124031007751938,0.6302083333333333,0.62,0.24
VP007,2023,source_only,0.30,0.3055555555555556,22,50,"{""0"": 11, ""1"": 11}","{""0"": 25, ""1"": 25}","[""atten_dsr_VP007_gonogo1_task_002_00"", ""atten_dsr_VP007_gonogo1_task_003_00"", ""atten_dsr_VP007_gonogo1_task_004_00"", ""atten_dsr_VP007_gonogo1_task_004_01"", ""atten_dsr_VP007_gonogo1_rest_004_00"", ""atten_dsr_VP007_gonogo1_task_005_00"", ""atten_dsr_VP007_gonogo1_rest_006_01"", ""atten_dsr_VP007_gonogo2_task_001_00"", ""atten_dsr_VP007_gonogo2_rest_001_01"", ""atten_dsr_VP007_gonogo2_rest_002_00"", ""atten_dsr_VP007_gonogo2_rest_003_01"", ""atten_dsr_VP007_gonogo2_task_004_01"", ""atten_dsr_VP007_gonogo2_rest_004_00"", ""atten_dsr_VP007_gonogo2_rest_006_00"", ""atten_dsr_VP007_gonogo3_task_001_00"", ""atten_dsr_VP007_gonogo3_task_001_01"", ""atten_dsr_VP007_gonogo3_rest_001_00"", ""atten_dsr_VP007_gonogo3_rest_002_00"", ""atten_dsr_VP007_gonogo3_task_003_00"", ""atten_dsr_VP007_gonogo3_rest_003_00"", ""atten_dsr_VP007_gonogo3_task_004_00"", ""atten_dsr_VP007_gonogo3_rest_005_00""]","[""atten_dsr_VP007_gonogo1_task_001_00"", ""atten_dsr_VP007_gonogo1_task_001_01"", ""atten_dsr_VP007_gonogo1_rest_001_00"", ""atten_dsr_VP007_gonogo1_rest_001_01"", ""atten_dsr_VP007_gonogo1_task_002_01"", ""atten_dsr_VP007_gonogo1_rest_002_00"", ""atten_dsr_VP007_gonogo1_rest_002_01"", ""atten_dsr_VP007_gonogo1_task_003_01"", ""atten_dsr_VP007_gonogo1_rest_003_00"", ""atten_dsr_VP007_gonogo1_rest_003_01"", ""atten_dsr_VP007_gonogo1_rest_004_01"", ""atten_dsr_VP007_gonogo1_task_005_01"", ""atten_dsr_VP007_gonogo1_rest_005_00"", ""atten_dsr_VP007_gonogo1_rest_005_01"", ""atten_dsr_VP007_gonogo1_task_006_00"", ""atten_dsr_VP007_gonogo1_task_006_01"", ""atten_dsr_VP007_gonogo1_rest_006_00"", ""atten_dsr_VP007_gonogo2_task_001_01"", ""atten_dsr_VP007_gonogo2_rest_001_00"", ""atten_dsr_VP007_gonogo2_task_002_00"", ""atten_dsr_VP007_gonogo2_task_002_01"", ""atten_dsr_VP007_gonogo2_rest_002_01"", ""atten_dsr_VP007_gonogo2_task_003_00"", ""atten_dsr_VP007_gonogo2_task_003_01"", ""atten_dsr_VP007_gonogo2_rest_003_00"", ""atten_dsr_VP007_gonogo2_task_004_00"", ""atten_dsr_VP007_gonogo2_rest_004_01"", ""atten_dsr_VP007_gonogo2_task_005_00"", ""atten_dsr_VP007_gonogo2_task_005_01"", ""atten_dsr_VP007_gonogo2_rest_005_00"", ""atten_dsr_VP007_gonogo2_rest_005_01"", ""atten_dsr_VP007_gonogo2_task_006_00"", ""atten_dsr_VP007_gonogo2_task_006_01"", ""atten_dsr_VP007_gonogo2_rest_006_01"", ""atten_dsr_VP007_gonogo3_rest_001_01"", ""atten_dsr_VP007_gonogo3_task_002_00"", ""atten_dsr_VP007_gonogo3_task_002_01"", ""atten_dsr_VP007_gonogo3_rest_002_01"", ""atten_dsr_VP007_gonogo3_task_003_01"", ""atten_dsr_VP007_gonogo3_rest_003_01"", ""atten_dsr_VP007_gonogo3_task_004_01"", ""atten_dsr_VP007_gonogo3_rest_004_00"", ""atten_dsr_VP007_gonogo3_rest_004_01"", ""atten_dsr_VP007_gonogo3_task_005_00"", ""atten_dsr_VP007_gonogo3_task_005_01"", ""atten_dsr_VP007_gonogo3_rest_005_01"", ""atten_dsr_VP007_gonogo3_task_006_00"", ""atten_dsr_VP007_gonogo3_task_006_01"", ""atten_dsr_VP007_gonogo3_rest_006_00"", ""atten_dsr_VP007_gonogo3_rest_006_01""]",True,,0.8080830712889493,63,0.66,0.6587715776796468,0.6623376623376623,0.6599999999999999,0.31999999999999995
VP007,2023,existing_head_adaptation,0.30,0.3055555555555556,22,50,"{""0"": 11, ""1"": 11}","{""0"": 25, ""1"": 25}","[""atten_dsr_VP007_gonogo1_task_002_00"", ""atten_dsr_VP007_gonogo1_task_003_00"", ""atten_dsr_VP007_gonogo1_task_004_00"", ""atten_dsr_VP007_gonogo1_task_004_01"", ""atten_dsr_VP007_gonogo1_rest_004_00"", ""atten_dsr_VP007_gonogo1_task_005_00"", ""atten_dsr_VP007_gonogo1_rest_006_01"", ""atten_dsr_VP007_gonogo2_task_001_00"", ""atten_dsr_VP007_gonogo2_rest_001_01"", ""atten_dsr_VP007_gonogo2_rest_002_00"", ""atten_dsr_VP007_gonogo2_rest_003_01"", ""atten_dsr_VP007_gonogo2_task_004_01"", ""atten_dsr_VP007_gonogo2_rest_004_00"", ""atten_dsr_VP007_gonogo2_rest_006_00"", ""atten_dsr_VP007_gonogo3_task_001_00"", ""atten_dsr_VP007_gonogo3_task_001_01"", ""atten_dsr_VP007_gonogo3_rest_001_00"", ""atten_dsr_VP007_gonogo3_rest_002_00"", ""atten_dsr_VP007_gonogo3_task_003_00"", ""atten_dsr_VP007_gonogo3_rest_003_00"", ""atten_dsr_VP007_gonogo3_task_004_00"", ""atten_dsr_VP007_gonogo3_rest_005_00""]","[""atten_dsr_VP007_gonogo1_task_001_00"", ""atten_dsr_VP007_gonogo1_task_001_01"", ""atten_dsr_VP007_gonogo1_rest_001_00"", ""atten_dsr_VP007_gonogo1_rest_001_01"", ""atten_dsr_VP007_gonogo1_task_002_01"", ""atten_dsr_VP007_gonogo1_rest_002_00"", ""atten_dsr_VP007_gonogo1_rest_002_01"", ""atten_dsr_VP007_gonogo1_task_003_01"", ""atten_dsr_VP007_gonogo1_rest_003_00"", ""atten_dsr_VP007_gonogo1_rest_003_01"", ""atten_dsr_VP007_gonogo1_rest_004_01"", ""atten_dsr_VP007_gonogo1_task_005_01"", ""atten_dsr_VP007_gonogo1_rest_005_00"", ""atten_dsr_VP007_gonogo1_rest_005_01"", ""atten_dsr_VP007_gonogo1_task_006_00"", ""atten_dsr_VP007_gonogo1_task_006_01"", ""atten_dsr_VP007_gonogo1_rest_006_00"", ""atten_dsr_VP007_gonogo2_task_001_01"", ""atten_dsr_VP007_gonogo2_rest_001_00"", ""atten_dsr_VP007_gonogo2_task_002_00"", ""atten_dsr_VP007_gonogo2_task_002_01"", ""atten_dsr_VP007_gonogo2_rest_002_01"", ""atten_dsr_VP007_gonogo2_task_003_00"", ""atten_dsr_VP007_gonogo2_task_003_01"", ""atten_dsr_VP007_gonogo2_rest_003_00"", ""atten_dsr_VP007_gonogo2_task_004_00"", ""atten_dsr_VP007_gonogo2_rest_004_01"", ""atten_dsr_VP007_gonogo2_task_005_00"", ""atten_dsr_VP007_gonogo2_task_005_01"", ""atten_dsr_VP007_gonogo2_rest_005_00"", ""atten_dsr_VP007_gonogo2_rest_005_01"", ""atten_dsr_VP007_gonogo2_task_006_00"", ""atten_dsr_VP007_gonogo2_task_006_01"", ""atten_dsr_VP007_gonogo2_rest_006_01"", ""atten_dsr_VP007_gonogo3_rest_001_01"", ""atten_dsr_VP007_gonogo3_task_002_00"", ""atten_dsr_VP007_gonogo3_task_002_01"", ""atten_dsr_VP007_gonogo3_rest_002_01"", ""atten_dsr_VP007_gonogo3_task_003_01"", ""atten_dsr_VP007_gonogo3_rest_003_01"", ""atten_dsr_VP007_gonogo3_task_004_01"", ""atten_dsr_VP007_gonogo3_rest_004_00"", ""atten_dsr_VP007_gonogo3_rest_004_01"", ""atten_dsr_VP007_gonogo3_task_005_00"", ""atten_dsr_VP007_gonogo3_task_005_01"", ""atten_dsr_VP007_gonogo3_rest_005_01"", ""atten_dsr_VP007_gonogo3_task_006_00"", ""atten_dsr_VP007_gonogo3_task_006_01"", ""atten_dsr_VP007_gonogo3_rest_006_00"", ""atten_dsr_VP007_gonogo3_rest_006_01""]",True,,0.8080830712889493,63,0.72,0.719551282051282,0.7214170692431562,0.72,0.43999999999999995
VP008,2023,source_only,0.30,0.3055555555555556,22,50,"{""0"": 11, ""1"": 11}","{""0"": 25, ""1"": 25}","[""atten_dsr_VP008_gonogo1_task_002_00"", ""atten_dsr_VP008_gonogo1_task_003_00"", ""atten_dsr_VP008_gonogo1_task_004_00"", ""atten_dsr_VP008_gonogo1_task_004_01"", ""atten_dsr_VP008_gonogo1_rest_004_00"", ""atten_dsr_VP008_gonogo1_task_005_00"", ""atten_dsr_VP008_gonogo1_rest_006_01"", ""atten_dsr_VP008_gonogo2_task_001_00"", ""atten_dsr_VP008_gonogo2_rest_001_01"", ""atten_dsr_VP008_gonogo2_rest_002_00"", ""atten_dsr_VP008_gonogo2_rest_003_01"", ""atten_dsr_VP008_gonogo2_task_004_01"", ""atten_dsr_VP008_gonogo2_rest_004_00"", ""atten_dsr_VP008_gonogo2_rest_006_00"", ""atten_dsr_VP008_gonogo3_task_001_00"", ""atten_dsr_VP008_gonogo3_task_001_01"", ""atten_dsr_VP008_gonogo3_rest_001_00"", ""atten_dsr_VP008_gonogo3_rest_002_00"", ""atten_dsr_VP008_gonogo3_task_003_00"", ""atten_dsr_VP008_gonogo3_rest_003_00"", ""atten_dsr_VP008_gonogo3_task_004_00"", ""atten_dsr_VP008_gonogo3_rest_005_00""]","[""atten_dsr_VP008_gonogo1_task_001_00"", ""atten_dsr_VP008_gonogo1_task_001_01"", ""atten_dsr_VP008_gonogo1_rest_001_00"", ""atten_dsr_VP008_gonogo1_rest_001_01"", ""atten_dsr_VP008_gonogo1_task_002_01"", ""atten_dsr_VP008_gonogo1_rest_002_00"", ""atten_dsr_VP008_gonogo1_rest_002_01"", ""atten_dsr_VP008_gonogo1_task_003_01"", ""atten_dsr_VP008_gonogo1_rest_003_00"", ""atten_dsr_VP008_gonogo1_rest_003_01"", ""atten_dsr_VP008_gonogo1_rest_004_01"", ""atten_dsr_VP008_gonogo1_task_005_01"", ""atten_dsr_VP008_gonogo1_rest_005_00"", ""atten_dsr_VP008_gonogo1_rest_005_01"", ""atten_dsr_VP008_gonogo1_task_006_00"", ""atten_dsr_VP008_gonogo1_task_006_01"", ""atten_dsr_VP008_gonogo1_rest_006_00"", ""atten_dsr_VP008_gonogo2_task_001_01"", ""atten_dsr_VP008_gonogo2_rest_001_00"", ""atten_dsr_VP008_gonogo2_task_002_00"", ""atten_dsr_VP008_gonogo2_task_002_01"", ""atten_dsr_VP008_gonogo2_rest_002_01"", ""atten_dsr_VP008_gonogo2_task_003_00"", ""atten_dsr_VP008_gonogo2_task_003_01"", ""atten_dsr_VP008_gonogo2_rest_003_00"", ""atten_dsr_VP008_gonogo2_task_004_00"", ""atten_dsr_VP008_gonogo2_rest_004_01"", ""atten_dsr_VP008_gonogo2_task_005_00"", ""atten_dsr_VP008_gonogo2_task_005_01"", ""atten_dsr_VP008_gonogo2_rest_005_00"", ""atten_dsr_VP008_gonogo2_rest_005_01"", ""atten_dsr_VP008_gonogo2_task_006_00"", ""atten_dsr_VP008_gonogo2_task_006_01"", ""atten_dsr_VP008_gonogo2_rest_006_01"", ""atten_dsr_VP008_gonogo3_rest_001_01"", ""atten_dsr_VP008_gonogo3_task_002_00"", ""atten_dsr_VP008_gonogo3_task_002_01"", ""atten_dsr_VP008_gonogo3_rest_002_01"", ""atten_dsr_VP008_gonogo3_task_003_01"", ""atten_dsr_VP008_gonogo3_rest_003_01"", ""atten_dsr_VP008_gonogo3_task_004_01"", ""atten_dsr_VP008_gonogo3_rest_004_00"", ""atten_dsr_VP008_gonogo3_rest_004_01"", ""atten_dsr_VP008_gonogo3_task_005_00"", ""atten_dsr_VP008_gonogo3_task_005_01"", ""atten_dsr_VP008_gonogo3_rest_005_01"", ""atten_dsr_VP008_gonogo3_task_006_00"", ""atten_dsr_VP008_gonogo3_task_006_01"", ""atten_dsr_VP008_gonogo3_rest_006_00"", ""atten_dsr_VP008_gonogo3_rest_006_01""]",True,,0.763082712006132,60,0.92,0.9194847020933977,0.9310344827586207,0.9199999999999999,0.84
VP008,2023,existing_head_adaptation,0.30,0.3055555555555556,22,50,"{""0"": 11, ""1"": 11}","{""0"": 25, ""1"": 25}","[""atten_dsr_VP008_gonogo1_task_002_00"", ""atten_dsr_VP008_gonogo1_task_003_00"", ""atten_dsr_VP008_gonogo1_task_004_00"", ""atten_dsr_VP008_gonogo1_task_004_01"", ""atten_dsr_VP008_gonogo1_rest_004_00"", ""atten_dsr_VP008_gonogo1_task_005_00"", ""atten_dsr_VP008_gonogo1_rest_006_01"", ""atten_dsr_VP008_gonogo2_task_001_00"", ""atten_dsr_VP008_gonogo2_rest_001_01"", ""atten_dsr_VP008_gonogo2_rest_002_00"", ""atten_dsr_VP008_gonogo2_rest_003_01"", ""atten_dsr_VP008_gonogo2_task_004_01"", ""atten_dsr_VP008_gonogo2_rest_004_00"", ""atten_dsr_VP008_gonogo2_rest_006_00"", ""atten_dsr_VP008_gonogo3_task_001_00"", ""atten_dsr_VP008_gonogo3_task_001_01"", ""atten_dsr_VP008_gonogo3_rest_001_00"", ""atten_dsr_VP008_gonogo3_rest_002_00"", ""atten_dsr_VP008_gonogo3_task_003_00"", ""atten_dsr_VP008_gonogo3_rest_003_00"", ""atten_dsr_VP008_gonogo3_task_004_00"", ""atten_dsr_VP008_gonogo3_rest_005_00""]","[""atten_dsr_VP008_gonogo1_task_001_00"", ""atten_dsr_VP008_gonogo1_task_001_01"", ""atten_dsr_VP008_gonogo1_rest_001_00"", ""atten_dsr_VP008_gonogo1_rest_001_01"", ""atten_dsr_VP008_gonogo1_task_002_01"", ""atten_dsr_VP008_gonogo1_rest_002_00"", ""atten_dsr_VP008_gonogo1_rest_002_01"", ""atten_dsr_VP008_gonogo1_task_003_01"", ""atten_dsr_VP008_gonogo1_rest_003_00"", ""atten_dsr_VP008_gonogo1_rest_003_01"", ""atten_dsr_VP008_gonogo1_rest_004_01"", ""atten_dsr_VP008_gonogo1_task_005_01"", ""atten_dsr_VP008_gonogo1_rest_005_00"", ""atten_dsr_VP008_gonogo1_rest_005_01"", ""atten_dsr_VP008_gonogo1_task_006_00"", ""atten_dsr_VP008_gonogo1_task_006_01"", ""atten_dsr_VP008_gonogo1_rest_006_00"", ""atten_dsr_VP008_gonogo2_task_001_01"", ""atten_dsr_VP008_gonogo2_rest_001_00"", ""atten_dsr_VP008_gonogo2_task_002_00"", ""atten_dsr_VP008_gonogo2_task_002_01"", ""atten_dsr_VP008_gonogo2_rest_002_01"", ""atten_dsr_VP008_gonogo2_task_003_00"", ""atten_dsr_VP008_gonogo2_task_003_01"", ""atten_dsr_VP008_gonogo2_rest_003_00"", ""atten_dsr_VP008_gonogo2_task_004_00"", ""atten_dsr_VP008_gonogo2_rest_004_01"", ""atten_dsr_VP008_gonogo2_task_005_00"", ""atten_dsr_VP008_gonogo2_task_005_01"", ""atten_dsr_VP008_gonogo2_rest_005_00"", ""atten_dsr_VP008_gonogo2_rest_005_01"", ""atten_dsr_VP008_gonogo2_task_006_00"", ""atten_dsr_VP008_gonogo2_task_006_01"", ""atten_dsr_VP008_gonogo2_rest_006_01"", ""atten_dsr_VP008_gonogo3_rest_001_01"", ""atten_dsr_VP008_gonogo3_task_002_00"", ""atten_dsr_VP008_gonogo3_task_002_01"", ""atten_dsr_VP008_gonogo3_rest_002_01"", ""atten_dsr_VP008_gonogo3_task_003_01"", ""atten_dsr_VP008_gonogo3_rest_003_01"", ""atten_dsr_VP008_gonogo3_task_004_01"", ""atten_dsr_VP008_gonogo3_rest_004_00"", ""atten_dsr_VP008_gonogo3_rest_004_01"", ""atten_dsr_VP008_gonogo3_task_005_00"", ""atten_dsr_VP008_gonogo3_task_005_01"", ""atten_dsr_VP008_gonogo3_rest_005_01"", ""atten_dsr_VP008_gonogo3_task_006_00"", ""atten_dsr_VP008_gonogo3_task_006_01"", ""atten_dsr_VP008_gonogo3_rest_006_00"", ""atten_dsr_VP008_gonogo3_rest_006_01""]",True,,0.763082712006132,60,0.92,0.9194847020933977,0.9310344827586207,0.9199999999999999,0.84
VP009,2023,source_only,0.30,0.3055555555555556,22,50,"{""0"": 11, ""1"": 11}","{""0"": 25, ""1"": 25}","[""atten_dsr_VP009_gonogo1_task_002_00"", ""atten_dsr_VP009_gonogo1_task_003_00"", ""atten_dsr_VP009_gonogo1_task_004_00"", ""atten_dsr_VP009_gonogo1_task_004_01"", ""atten_dsr_VP009_gonogo1_rest_004_00"", ""atten_dsr_VP009_gonogo1_task_005_00"", ""atten_dsr_VP009_gonogo1_rest_006_01"", ""atten_dsr_VP009_gonogo2_task_001_00"", ""atten_dsr_VP009_gonogo2_rest_001_01"", ""atten_dsr_VP009_gonogo2_rest_002_00"", ""atten_dsr_VP009_gonogo2_rest_003_01"", ""atten_dsr_VP009_gonogo2_task_004_01"", ""atten_dsr_VP009_gonogo2_rest_004_00"", ""atten_dsr_VP009_gonogo2_rest_006_00"", ""atten_dsr_VP009_gonogo3_task_001_00"", ""atten_dsr_VP009_gonogo3_task_001_01"", ""atten_dsr_VP009_gonogo3_rest_001_00"", ""atten_dsr_VP009_gonogo3_rest_002_00"", ""atten_dsr_VP009_gonogo3_task_003_00"", ""atten_dsr_VP009_gonogo3_rest_003_00"", ""atten_dsr_VP009_gonogo3_task_004_00"", ""atten_dsr_VP009_gonogo3_rest_005_00""]","[""atten_dsr_VP009_gonogo1_task_001_00"", ""atten_dsr_VP009_gonogo1_task_001_01"", ""atten_dsr_VP009_gonogo1_rest_001_00"", ""atten_dsr_VP009_gonogo1_rest_001_01"", ""atten_dsr_VP009_gonogo1_task_002_01"", ""atten_dsr_VP009_gonogo1_rest_002_00"", ""atten_dsr_VP009_gonogo1_rest_002_01"", ""atten_dsr_VP009_gonogo1_task_003_01"", ""atten_dsr_VP009_gonogo1_rest_003_00"", ""atten_dsr_VP009_gonogo1_rest_003_01"", ""atten_dsr_VP009_gonogo1_rest_004_01"", ""atten_dsr_VP009_gonogo1_task_005_01"", ""atten_dsr_VP009_gonogo1_rest_005_00"", ""atten_dsr_VP009_gonogo1_rest_005_01"", ""atten_dsr_VP009_gonogo1_task_006_00"", ""atten_dsr_VP009_gonogo1_task_006_01"", ""atten_dsr_VP009_gonogo1_rest_006_00"", ""atten_dsr_VP009_gonogo2_task_001_01"", ""atten_dsr_VP009_gonogo2_rest_001_00"", ""atten_dsr_VP009_gonogo2_task_002_00"", ""atten_dsr_VP009_gonogo2_task_002_01"", ""atten_dsr_VP009_gonogo2_rest_002_01"", ""atten_dsr_VP009_gonogo2_task_003_00"", ""atten_dsr_VP009_gonogo2_task_003_01"", ""atten_dsr_VP009_gonogo2_rest_003_00"", ""atten_dsr_VP009_gonogo2_task_004_00"", ""atten_dsr_VP009_gonogo2_rest_004_01"", ""atten_dsr_VP009_gonogo2_task_005_00"", ""atten_dsr_VP009_gonogo2_task_005_01"", ""atten_dsr_VP009_gonogo2_rest_005_00"", ""atten_dsr_VP009_gonogo2_rest_005_01"", ""atten_dsr_VP009_gonogo2_task_006_00"", ""atten_dsr_VP009_gonogo2_task_006_01"", ""atten_dsr_VP009_gonogo2_rest_006_01"", ""atten_dsr_VP009_gonogo3_rest_001_01"", ""atten_dsr_VP009_gonogo3_task_002_00"", ""atten_dsr_VP009_gonogo3_task_002_01"", ""atten_dsr_VP009_gonogo3_rest_002_01"", ""atten_dsr_VP009_gonogo3_task_003_01"", ""atten_dsr_VP009_gonogo3_rest_003_01"", ""atten_dsr_VP009_gonogo3_task_004_01"", ""atten_dsr_VP009_gonogo3_rest_004_00"", ""atten_dsr_VP009_gonogo3_rest_004_01"", ""atten_dsr_VP009_gonogo3_task_005_00"", ""atten_dsr_VP009_gonogo3_task_005_01"", ""atten_dsr_VP009_gonogo3_rest_005_01"", ""atten_dsr_VP009_gonogo3_task_006_00"", ""atten_dsr_VP009_gonogo3_task_006_01"", ""atten_dsr_VP009_gonogo3_rest_006_00"", ""atten_dsr_VP009_gonogo3_rest_006_01""]",True,,0.8164627363737487,92,0.8,0.797077922077922,0.8183361629881154,0.8,0.6
VP009,2023,existing_head_adaptation,0.30,0.3055555555555556,22,50,"{""0"": 11, ""1"": 11}","{""0"": 25, ""1"": 25}","[""atten_dsr_VP009_gonogo1_task_002_00"", ""atten_dsr_VP009_gonogo1_task_003_00"", ""atten_dsr_VP009_gonogo1_task_004_00"", ""atten_dsr_VP009_gonogo1_task_004_01"", ""atten_dsr_VP009_gonogo1_rest_004_00"", ""atten_dsr_VP009_gonogo1_task_005_00"", ""atten_dsr_VP009_gonogo1_rest_006_01"", ""atten_dsr_VP009_gonogo2_task_001_00"", ""atten_dsr_VP009_gonogo2_rest_001_01"", ""atten_dsr_VP009_gonogo2_rest_002_00"", ""atten_dsr_VP009_gonogo2_rest_003_01"", ""atten_dsr_VP009_gonogo2_task_004_01"", ""atten_dsr_VP009_gonogo2_rest_004_00"", ""atten_dsr_VP009_gonogo2_rest_006_00"", ""atten_dsr_VP009_gonogo3_task_001_00"", ""atten_dsr_VP009_gonogo3_task_001_01"", ""atten_dsr_VP009_gonogo3_rest_001_00"", ""atten_dsr_VP009_gonogo3_rest_002_00"", ""atten_dsr_VP009_gonogo3_task_003_00"", ""atten_dsr_VP009_gonogo3_rest_003_00"", ""atten_dsr_VP009_gonogo3_task_004_00"", ""atten_dsr_VP009_gonogo3_rest_005_00""]","[""atten_dsr_VP009_gonogo1_task_001_00"", ""atten_dsr_VP009_gonogo1_task_001_01"", ""atten_dsr_VP009_gonogo1_rest_001_00"", ""atten_dsr_VP009_gonogo1_rest_001_01"", ""atten_dsr_VP009_gonogo1_task_002_01"", ""atten_dsr_VP009_gonogo1_rest_002_00"", ""atten_dsr_VP009_gonogo1_rest_002_01"", ""atten_dsr_VP009_gonogo1_task_003_01"", ""atten_dsr_VP009_gonogo1_rest_003_00"", ""atten_dsr_VP009_gonogo1_rest_003_01"", ""atten_dsr_VP009_gonogo1_rest_004_01"", ""atten_dsr_VP009_gonogo1_task_005_01"", ""atten_dsr_VP009_gonogo1_rest_005_00"", ""atten_dsr_VP009_gonogo1_rest_005_01"", ""atten_dsr_VP009_gonogo1_task_006_00"", ""atten_dsr_VP009_gonogo1_task_006_01"", ""atten_dsr_VP009_gonogo1_rest_006_00"", ""atten_dsr_VP009_gonogo2_task_001_01"", ""atten_dsr_VP009_gonogo2_rest_001_00"", ""atten_dsr_VP009_gonogo2_task_002_00"", ""atten_dsr_VP009_gonogo2_task_002_01"", ""atten_dsr_VP009_gonogo2_rest_002_01"", ""atten_dsr_VP009_gonogo2_task_003_00"", ""atten_dsr_VP009_gonogo2_task_003_01"", ""atten_dsr_VP009_gonogo2_rest_003_00"", ""atten_dsr_VP009_gonogo2_task_004_00"", ""atten_dsr_VP009_gonogo2_rest_004_01"", ""atten_dsr_VP009_gonogo2_task_005_00"", ""atten_dsr_VP009_gonogo2_task_005_01"", ""atten_dsr_VP009_gonogo2_rest_005_00"", ""atten_dsr_VP009_gonogo2_rest_005_01"", ""atten_dsr_VP009_gonogo2_task_006_00"", ""atten_dsr_VP009_gonogo2_task_006_01"", ""atten_dsr_VP009_gonogo2_rest_006_01"", ""atten_dsr_VP009_gonogo3_rest_001_01"", ""atten_dsr_VP009_gonogo3_task_002_00"", ""atten_dsr_VP009_gonogo3_task_002_01"", ""atten_dsr_VP009_gonogo3_rest_002_01"", ""atten_dsr_VP009_gonogo3_task_003_01"", ""atten_dsr_VP009_gonogo3_rest_003_01"", ""atten_dsr_VP009_gonogo3_task_004_01"", ""atten_dsr_VP009_gonogo3_rest_004_00"", ""atten_dsr_VP009_gonogo3_rest_004_01"", ""atten_dsr_VP009_gonogo3_task_005_00"", ""atten_dsr_VP009_gonogo3_task_005_01"", ""atten_dsr_VP009_gonogo3_rest_005_01"", ""atten_dsr_VP009_gonogo3_task_006_00"", ""atten_dsr_VP009_gonogo3_task_006_01"", ""atten_dsr_VP009_gonogo3_rest_006_00"", ""atten_dsr_VP009_gonogo3_rest_006_01""]",True,,0.8164627363737487,92,0.78,0.7777777777777778,0.7916666666666666,0.78,0.56
VP010,2023,source_only,0.30,0.3055555555555556,22,50,"{""0"": 11, ""1"": 11}","{""0"": 25, ""1"": 25}","[""atten_dsr_VP010_gonogo1_task_002_00"", ""atten_dsr_VP010_gonogo1_task_003_00"", ""atten_dsr_VP010_gonogo1_task_004_00"", ""atten_dsr_VP010_gonogo1_task_004_01"", ""atten_dsr_VP010_gonogo1_rest_004_00"", ""atten_dsr_VP010_gonogo1_task_005_00"", ""atten_dsr_VP010_gonogo1_rest_006_01"", ""atten_dsr_VP010_gonogo2_task_001_00"", ""atten_dsr_VP010_gonogo2_rest_001_01"", ""atten_dsr_VP010_gonogo2_rest_002_00"", ""atten_dsr_VP010_gonogo2_rest_003_01"", ""atten_dsr_VP010_gonogo2_task_004_01"", ""atten_dsr_VP010_gonogo2_rest_004_00"", ""atten_dsr_VP010_gonogo2_rest_006_00"", ""atten_dsr_VP010_gonogo3_task_001_00"", ""atten_dsr_VP010_gonogo3_task_001_01"", ""atten_dsr_VP010_gonogo3_rest_001_00"", ""atten_dsr_VP010_gonogo3_rest_002_00"", ""atten_dsr_VP010_gonogo3_task_003_00"", ""atten_dsr_VP010_gonogo3_rest_003_00"", ""atten_dsr_VP010_gonogo3_task_004_00"", ""atten_dsr_VP010_gonogo3_rest_005_00""]","[""atten_dsr_VP010_gonogo1_task_001_00"", ""atten_dsr_VP010_gonogo1_task_001_01"", ""atten_dsr_VP010_gonogo1_rest_001_00"", ""atten_dsr_VP010_gonogo1_rest_001_01"", ""atten_dsr_VP010_gonogo1_task_002_01"", ""atten_dsr_VP010_gonogo1_rest_002_00"", ""atten_dsr_VP010_gonogo1_rest_002_01"", ""atten_dsr_VP010_gonogo1_task_003_01"", ""atten_dsr_VP010_gonogo1_rest_003_00"", ""atten_dsr_VP010_gonogo1_rest_003_01"", ""atten_dsr_VP010_gonogo1_rest_004_01"", ""atten_dsr_VP010_gonogo1_task_005_01"", ""atten_dsr_VP010_gonogo1_rest_005_00"", ""atten_dsr_VP010_gonogo1_rest_005_01"", ""atten_dsr_VP010_gonogo1_task_006_00"", ""atten_dsr_VP010_gonogo1_task_006_01"", ""atten_dsr_VP010_gonogo1_rest_006_00"", ""atten_dsr_VP010_gonogo2_task_001_01"", ""atten_dsr_VP010_gonogo2_rest_001_00"", ""atten_dsr_VP010_gonogo2_task_002_00"", ""atten_dsr_VP010_gonogo2_task_002_01"", ""atten_dsr_VP010_gonogo2_rest_002_01"", ""atten_dsr_VP010_gonogo2_task_003_00"", ""atten_dsr_VP010_gonogo2_task_003_01"", ""atten_dsr_VP010_gonogo2_rest_003_00"", ""atten_dsr_VP010_gonogo2_task_004_00"", ""atten_dsr_VP010_gonogo2_rest_004_01"", ""atten_dsr_VP010_gonogo2_task_005_00"", ""atten_dsr_VP010_gonogo2_task_005_01"", ""atten_dsr_VP010_gonogo2_rest_005_00"", ""atten_dsr_VP010_gonogo2_rest_005_01"", ""atten_dsr_VP010_gonogo2_task_006_00"", ""atten_dsr_VP010_gonogo2_task_006_01"", ""atten_dsr_VP010_gonogo2_rest_006_01"", ""atten_dsr_VP010_gonogo3_rest_001_01"", ""atten_dsr_VP010_gonogo3_task_002_00"", ""atten_dsr_VP010_gonogo3_task_002_01"", ""atten_dsr_VP010_gonogo3_rest_002_01"", ""atten_dsr_VP010_gonogo3_task_003_01"", ""atten_dsr_VP010_gonogo3_rest_003_01"", ""atten_dsr_VP010_gonogo3_task_004_01"", ""atten_dsr_VP010_gonogo3_rest_004_00"", ""atten_dsr_VP010_gonogo3_rest_004_01"", ""atten_dsr_VP010_gonogo3_task_005_00"", ""atten_dsr_VP010_gonogo3_task_005_01"", ""atten_dsr_VP010_gonogo3_rest_005_01"", ""atten_dsr_VP010_gonogo3_task_006_00"", ""atten_dsr_VP010_gonogo3_task_006_01"", ""atten_dsr_VP010_gonogo3_rest_006_00"", ""atten_dsr_VP010_gonogo3_rest_006_01""]",True,,0.7800651143367541,53,0.7,0.6940024479804161,0.7170138888888888,0.7,0.4
VP010,2023,existing_head_adaptation,0.30,0.3055555555555556,22,50,"{""0"": 11, ""1"": 11}","{""0"": 25, ""1"": 25}","[""atten_dsr_VP010_gonogo1_task_002_00"", ""atten_dsr_VP010_gonogo1_task_003_00"", ""atten_dsr_VP010_gonogo1_task_004_00"", ""atten_dsr_VP010_gonogo1_task_004_01"", ""atten_dsr_VP010_gonogo1_rest_004_00"", ""atten_dsr_VP010_gonogo1_task_005_00"", ""atten_dsr_VP010_gonogo1_rest_006_01"", ""atten_dsr_VP010_gonogo2_task_001_00"", ""atten_dsr_VP010_gonogo2_rest_001_01"", ""atten_dsr_VP010_gonogo2_rest_002_00"", ""atten_dsr_VP010_gonogo2_rest_003_01"", ""atten_dsr_VP010_gonogo2_task_004_01"", ""atten_dsr_VP010_gonogo2_rest_004_00"", ""atten_dsr_VP010_gonogo2_rest_006_00"", ""atten_dsr_VP010_gonogo3_task_001_00"", ""atten_dsr_VP010_gonogo3_task_001_01"", ""atten_dsr_VP010_gonogo3_rest_001_00"", ""atten_dsr_VP010_gonogo3_rest_002_00"", ""atten_dsr_VP010_gonogo3_task_003_00"", ""atten_dsr_VP010_gonogo3_rest_003_00"", ""atten_dsr_VP010_gonogo3_task_004_00"", ""atten_dsr_VP010_gonogo3_rest_005_00""]","[""atten_dsr_VP010_gonogo1_task_001_00"", ""atten_dsr_VP010_gonogo1_task_001_01"", ""atten_dsr_VP010_gonogo1_rest_001_00"", ""atten_dsr_VP010_gonogo1_rest_001_01"", ""atten_dsr_VP010_gonogo1_task_002_01"", ""atten_dsr_VP010_gonogo1_rest_002_00"", ""atten_dsr_VP010_gonogo1_rest_002_01"", ""atten_dsr_VP010_gonogo1_task_003_01"", ""atten_dsr_VP010_gonogo1_rest_003_00"", ""atten_dsr_VP010_gonogo1_rest_003_01"", ""atten_dsr_VP010_gonogo1_rest_004_01"", ""atten_dsr_VP010_gonogo1_task_005_01"", ""atten_dsr_VP010_gonogo1_rest_005_00"", ""atten_dsr_VP010_gonogo1_rest_005_01"", ""atten_dsr_VP010_gonogo1_task_006_00"", ""atten_dsr_VP010_gonogo1_task_006_01"", ""atten_dsr_VP010_gonogo1_rest_006_00"", ""atten_dsr_VP010_gonogo2_task_001_01"", ""atten_dsr_VP010_gonogo2_rest_001_00"", ""atten_dsr_VP010_gonogo2_task_002_00"", ""atten_dsr_VP010_gonogo2_task_002_01"", ""atten_dsr_VP010_gonogo2_rest_002_01"", ""atten_dsr_VP010_gonogo2_task_003_00"", ""atten_dsr_VP010_gonogo2_task_003_01"", ""atten_dsr_VP010_gonogo2_rest_003_00"", ""atten_dsr_VP010_gonogo2_task_004_00"", ""atten_dsr_VP010_gonogo2_rest_004_01"", ""atten_dsr_VP010_gonogo2_task_005_00"", ""atten_dsr_VP010_gonogo2_task_005_01"", ""atten_dsr_VP010_gonogo2_rest_005_00"", ""atten_dsr_VP010_gonogo2_rest_005_01"", ""atten_dsr_VP010_gonogo2_task_006_00"", ""atten_dsr_VP010_gonogo2_task_006_01"", ""atten_dsr_VP010_gonogo2_rest_006_01"", ""atten_dsr_VP010_gonogo3_rest_001_01"", ""atten_dsr_VP010_gonogo3_task_002_00"", ""atten_dsr_VP010_gonogo3_task_002_01"", ""atten_dsr_VP010_gonogo3_rest_002_01"", ""atten_dsr_VP010_gonogo3_task_003_01"", ""atten_dsr_VP010_gonogo3_rest_003_01"", ""atten_dsr_VP010_gonogo3_task_004_01"", ""atten_dsr_VP010_gonogo3_rest_004_00"", ""atten_dsr_VP010_gonogo3_rest_004_01"", ""atten_dsr_VP010_gonogo3_task_005_00"", ""atten_dsr_VP010_gonogo3_task_005_01"", ""atten_dsr_VP010_gonogo3_rest_005_01"", ""atten_dsr_VP010_gonogo3_task_006_00"", ""atten_dsr_VP010_gonogo3_task_006_01"", ""atten_dsr_VP010_gonogo3_rest_006_00"", ""atten_dsr_VP010_gonogo3_rest_006_01""]",True,,0.7800651143367541,53,0.72,0.7181964573268921,0.7257799671592775,0.72,0.43999999999999995
VP011,2023,source_only,0.30,0.3055555555555556,22,50,"{""0"": 11, ""1"": 11}","{""0"": 25, ""1"": 25}","[""atten_dsr_VP011_gonogo1_task_002_00"", ""atten_dsr_VP011_gonogo1_task_003_00"", ""atten_dsr_VP011_gonogo1_task_004_00"", ""atten_dsr_VP011_gonogo1_task_004_01"", ""atten_dsr_VP011_gonogo1_rest_004_00"", ""atten_dsr_VP011_gonogo1_task_005_00"", ""atten_dsr_VP011_gonogo1_rest_006_01"", ""atten_dsr_VP011_gonogo2_task_001_00"", ""atten_dsr_VP011_gonogo2_rest_001_01"", ""atten_dsr_VP011_gonogo2_rest_002_00"", ""atten_dsr_VP011_gonogo2_rest_003_01"", ""atten_dsr_VP011_gonogo2_task_004_01"", ""atten_dsr_VP011_gonogo2_rest_004_00"", ""atten_dsr_VP011_gonogo2_rest_006_00"", ""atten_dsr_VP011_gonogo3_task_001_00"", ""atten_dsr_VP011_gonogo3_task_001_01"", ""atten_dsr_VP011_gonogo3_rest_001_00"", ""atten_dsr_VP011_gonogo3_rest_002_00"", ""atten_dsr_VP011_gonogo3_task_003_00"", ""atten_dsr_VP011_gonogo3_rest_003_00"", ""atten_dsr_VP011_gonogo3_task_004_00"", ""atten_dsr_VP011_gonogo3_rest_005_00""]","[""atten_dsr_VP011_gonogo1_task_001_00"", ""atten_dsr_VP011_gonogo1_task_001_01"", ""atten_dsr_VP011_gonogo1_rest_001_00"", ""atten_dsr_VP011_gonogo1_rest_001_01"", ""atten_dsr_VP011_gonogo1_task_002_01"", ""atten_dsr_VP011_gonogo1_rest_002_00"", ""atten_dsr_VP011_gonogo1_rest_002_01"", ""atten_dsr_VP011_gonogo1_task_003_01"", ""atten_dsr_VP011_gonogo1_rest_003_00"", ""atten_dsr_VP011_gonogo1_rest_003_01"", ""atten_dsr_VP011_gonogo1_rest_004_01"", ""atten_dsr_VP011_gonogo1_task_005_01"", ""atten_dsr_VP011_gonogo1_rest_005_00"", ""atten_dsr_VP011_gonogo1_rest_005_01"", ""atten_dsr_VP011_gonogo1_task_006_00"", ""atten_dsr_VP011_gonogo1_task_006_01"", ""atten_dsr_VP011_gonogo1_rest_006_00"", ""atten_dsr_VP011_gonogo2_task_001_01"", ""atten_dsr_VP011_gonogo2_rest_001_00"", ""atten_dsr_VP011_gonogo2_task_002_00"", ""atten_dsr_VP011_gonogo2_task_002_01"", ""atten_dsr_VP011_gonogo2_rest_002_01"", ""atten_dsr_VP011_gonogo2_task_003_00"", ""atten_dsr_VP011_gonogo2_task_003_01"", ""atten_dsr_VP011_gonogo2_rest_003_00"", ""atten_dsr_VP011_gonogo2_task_004_00"", ""atten_dsr_VP011_gonogo2_rest_004_01"", ""atten_dsr_VP011_gonogo2_task_005_00"", ""atten_dsr_VP011_gonogo2_task_005_01"", ""atten_dsr_VP011_gonogo2_rest_005_00"", ""atten_dsr_VP011_gonogo2_rest_005_01"", ""atten_dsr_VP011_gonogo2_task_006_00"", ""atten_dsr_VP011_gonogo2_task_006_01"", ""atten_dsr_VP011_gonogo2_rest_006_01"", ""atten_dsr_VP011_gonogo3_rest_001_01"", ""atten_dsr_VP011_gonogo3_task_002_00"", ""atten_dsr_VP011_gonogo3_task_002_01"", ""atten_dsr_VP011_gonogo3_rest_002_01"", ""atten_dsr_VP011_gonogo3_task_003_01"", ""atten_dsr_VP011_gonogo3_rest_003_01"", ""atten_dsr_VP011_gonogo3_task_004_01"", ""atten_dsr_VP011_gonogo3_rest_004_00"", ""atten_dsr_VP011_gonogo3_rest_004_01"", ""atten_dsr_VP011_gonogo3_task_005_00"", ""atten_dsr_VP011_gonogo3_task_005_01"", ""atten_dsr_VP011_gonogo3_rest_005_01"", ""atten_dsr_VP011_gonogo3_task_006_00"", ""atten_dsr_VP011_gonogo3_task_006_01"", ""atten_dsr_VP011_gonogo3_rest_006_00"", ""atten_dsr_VP011_gonogo3_rest_006_01""]",True,,0.7941331025316065,84,0.58,0.5716034271725826,0.5868055555555556,0.58,0.16000000000000003
VP011,2023,existing_head_adaptation,0.30,0.3055555555555556,22,50,"{""0"": 11, ""1"": 11}","{""0"": 25, ""1"": 25}","[""atten_dsr_VP011_gonogo1_task_002_00"", ""atten_dsr_VP011_gonogo1_task_003_00"", ""atten_dsr_VP011_gonogo1_task_004_00"", ""atten_dsr_VP011_gonogo1_task_004_01"", ""atten_dsr_VP011_gonogo1_rest_004_00"", ""atten_dsr_VP011_gonogo1_task_005_00"", ""atten_dsr_VP011_gonogo1_rest_006_01"", ""atten_dsr_VP011_gonogo2_task_001_00"", ""atten_dsr_VP011_gonogo2_rest_001_01"", ""atten_dsr_VP011_gonogo2_rest_002_00"", ""atten_dsr_VP011_gonogo2_rest_003_01"", ""atten_dsr_VP011_gonogo2_task_004_01"", ""atten_dsr_VP011_gonogo2_rest_004_00"", ""atten_dsr_VP011_gonogo2_rest_006_00"", ""atten_dsr_VP011_gonogo3_task_001_00"", ""atten_dsr_VP011_gonogo3_task_001_01"", ""atten_dsr_VP011_gonogo3_rest_001_00"", ""atten_dsr_VP011_gonogo3_rest_002_00"", ""atten_dsr_VP011_gonogo3_task_003_00"", ""atten_dsr_VP011_gonogo3_rest_003_00"", ""atten_dsr_VP011_gonogo3_task_004_00"", ""atten_dsr_VP011_gonogo3_rest_005_00""]","[""atten_dsr_VP011_gonogo1_task_001_00"", ""atten_dsr_VP011_gonogo1_task_001_01"", ""atten_dsr_VP011_gonogo1_rest_001_00"", ""atten_dsr_VP011_gonogo1_rest_001_01"", ""atten_dsr_VP011_gonogo1_task_002_01"", ""atten_dsr_VP011_gonogo1_rest_002_00"", ""atten_dsr_VP011_gonogo1_rest_002_01"", ""atten_dsr_VP011_gonogo1_task_003_01"", ""atten_dsr_VP011_gonogo1_rest_003_00"", ""atten_dsr_VP011_gonogo1_rest_003_01"", ""atten_dsr_VP011_gonogo1_rest_004_01"", ""atten_dsr_VP011_gonogo1_task_005_01"", ""atten_dsr_VP011_gonogo1_rest_005_00"", ""atten_dsr_VP011_gonogo1_rest_005_01"", ""atten_dsr_VP011_gonogo1_task_006_00"", ""atten_dsr_VP011_gonogo1_task_006_01"", ""atten_dsr_VP011_gonogo1_rest_006_00"", ""atten_dsr_VP011_gonogo2_task_001_01"", ""atten_dsr_VP011_gonogo2_rest_001_00"", ""atten_dsr_VP011_gonogo2_task_002_00"", ""atten_dsr_VP011_gonogo2_task_002_01"", ""atten_dsr_VP011_gonogo2_rest_002_01"", ""atten_dsr_VP011_gonogo2_task_003_00"", ""atten_dsr_VP011_gonogo2_task_003_01"", ""atten_dsr_VP011_gonogo2_rest_003_00"", ""atten_dsr_VP011_gonogo2_task_004_00"", ""atten_dsr_VP011_gonogo2_rest_004_01"", ""atten_dsr_VP011_gonogo2_task_005_00"", ""atten_dsr_VP011_gonogo2_task_005_01"", ""atten_dsr_VP011_gonogo2_rest_005_00"", ""atten_dsr_VP011_gonogo2_rest_005_01"", ""atten_dsr_VP011_gonogo2_task_006_00"", ""atten_dsr_VP011_gonogo2_task_006_01"", ""atten_dsr_VP011_gonogo2_rest_006_01"", ""atten_dsr_VP011_gonogo3_rest_001_01"", ""atten_dsr_VP011_gonogo3_task_002_00"", ""atten_dsr_VP011_gonogo3_task_002_01"", ""atten_dsr_VP011_gonogo3_rest_002_01"", ""atten_dsr_VP011_gonogo3_task_003_01"", ""atten_dsr_VP011_gonogo3_rest_003_01"", ""atten_dsr_VP011_gonogo3_task_004_01"", ""atten_dsr_VP011_gonogo3_rest_004_00"", ""atten_dsr_VP011_gonogo3_rest_004_01"", ""atten_dsr_VP011_gonogo3_task_005_00"", ""atten_dsr_VP011_gonogo3_task_005_01"", ""atten_dsr_VP011_gonogo3_rest_005_01"", ""atten_dsr_VP011_gonogo3_task_006_00"", ""atten_dsr_VP011_gonogo3_task_006_01"", ""atten_dsr_VP011_gonogo3_rest_006_00"", ""atten_dsr_VP011_gonogo3_rest_006_01""]",True,,0.7941331025316065,84,0.62,0.6124031007751938,0.6302083333333333,0.62,0.24
VP012,2023,source_only,0.30,0.3055555555555556,22,50,"{""0"": 11, ""1"": 11}","{""0"": 25, ""1"": 25}","[""atten_dsr_VP012_gonogo1_task_002_00"", ""atten_dsr_VP012_gonogo1_task_003_00"", ""atten_dsr_VP012_gonogo1_task_004_00"", ""atten_dsr_VP012_gonogo1_task_004_01"", ""atten_dsr_VP012_gonogo1_rest_004_00"", ""atten_dsr_VP012_gonogo1_task_005_00"", ""atten_dsr_VP012_gonogo1_rest_006_01"", ""atten_dsr_VP012_gonogo2_task_001_00"", ""atten_dsr_VP012_gonogo2_rest_001_01"", ""atten_dsr_VP012_gonogo2_rest_002_00"", ""atten_dsr_VP012_gonogo2_rest_003_01"", ""atten_dsr_VP012_gonogo2_task_004_01"", ""atten_dsr_VP012_gonogo2_rest_004_00"", ""atten_dsr_VP012_gonogo2_rest_006_00"", ""atten_dsr_VP012_gonogo3_task_001_00"", ""atten_dsr_VP012_gonogo3_task_001_01"", ""atten_dsr_VP012_gonogo3_rest_001_00"", ""atten_dsr_VP012_gonogo3_rest_002_00"", ""atten_dsr_VP012_gonogo3_task_003_00"", ""atten_dsr_VP012_gonogo3_rest_003_00"", ""atten_dsr_VP012_gonogo3_task_004_00"", ""atten_dsr_VP012_gonogo3_rest_005_00""]","[""atten_dsr_VP012_gonogo1_task_001_00"", ""atten_dsr_VP012_gonogo1_task_001_01"", ""atten_dsr_VP012_gonogo1_rest_001_00"", ""atten_dsr_VP012_gonogo1_rest_001_01"", ""atten_dsr_VP012_gonogo1_task_002_01"", ""atten_dsr_VP012_gonogo1_rest_002_00"", ""atten_dsr_VP012_gonogo1_rest_002_01"", ""atten_dsr_VP012_gonogo1_task_003_01"", ""atten_dsr_VP012_gonogo1_rest_003_00"", ""atten_dsr_VP012_gonogo1_rest_003_01"", ""atten_dsr_VP012_gonogo1_rest_004_01"", ""atten_dsr_VP012_gonogo1_task_005_01"", ""atten_dsr_VP012_gonogo1_rest_005_00"", ""atten_dsr_VP012_gonogo1_rest_005_01"", ""atten_dsr_VP012_gonogo1_task_006_00"", ""atten_dsr_VP012_gonogo1_task_006_01"", ""atten_dsr_VP012_gonogo1_rest_006_00"", ""atten_dsr_VP012_gonogo2_task_001_01"", ""atten_dsr_VP012_gonogo2_rest_001_00"", ""atten_dsr_VP012_gonogo2_task_002_00"", ""atten_dsr_VP012_gonogo2_task_002_01"", ""atten_dsr_VP012_gonogo2_rest_002_01"", ""atten_dsr_VP012_gonogo2_task_003_00"", ""atten_dsr_VP012_gonogo2_task_003_01"", ""atten_dsr_VP012_gonogo2_rest_003_00"", ""atten_dsr_VP012_gonogo2_task_004_00"", ""atten_dsr_VP012_gonogo2_rest_004_01"", ""atten_dsr_VP012_gonogo2_task_005_00"", ""atten_dsr_VP012_gonogo2_task_005_01"", ""atten_dsr_VP012_gonogo2_rest_005_00"", ""atten_dsr_VP012_gonogo2_rest_005_01"", ""atten_dsr_VP012_gonogo2_task_006_00"", ""atten_dsr_VP012_gonogo2_task_006_01"", ""atten_dsr_VP012_gonogo2_rest_006_01"", ""atten_dsr_VP012_gonogo3_rest_001_01"", ""atten_dsr_VP012_gonogo3_task_002_00"", ""atten_dsr_VP012_gonogo3_task_002_01"", ""atten_dsr_VP012_gonogo3_rest_002_01"", ""atten_dsr_VP012_gonogo3_task_003_01"", ""atten_dsr_VP012_gonogo3_rest_003_01"", ""atten_dsr_VP012_gonogo3_task_004_01"", ""atten_dsr_VP012_gonogo3_rest_004_00"", ""atten_dsr_VP012_gonogo3_rest_004_01"", ""atten_dsr_VP012_gonogo3_task_005_00"", ""atten_dsr_VP012_gonogo3_task_005_01"", ""atten_dsr_VP012_gonogo3_rest_005_01"", ""atten_dsr_VP012_gonogo3_task_006_00"", ""atten_dsr_VP012_gonogo3_task_006_01"", ""atten_dsr_VP012_gonogo3_rest_006_00"", ""atten_dsr_VP012_gonogo3_rest_006_01""]",True,,0.7853808096996725,93,0.86,0.8585858585858586,0.875,0.86,0.72
VP012,2023,existing_head_adaptation,0.30,0.3055555555555556,22,50,"{""0"": 11, ""1"": 11}","{""0"": 25, ""1"": 25}","[""atten_dsr_VP012_gonogo1_task_002_00"", ""atten_dsr_VP012_gonogo1_task_003_00"", ""atten_dsr_VP012_gonogo1_task_004_00"", ""atten_dsr_VP012_gonogo1_task_004_01"", ""atten_dsr_VP012_gonogo1_rest_004_00"", ""atten_dsr_VP012_gonogo1_task_005_00"", ""atten_dsr_VP012_gonogo1_rest_006_01"", ""atten_dsr_VP012_gonogo2_task_001_00"", ""atten_dsr_VP012_gonogo2_rest_001_01"", ""atten_dsr_VP012_gonogo2_rest_002_00"", ""atten_dsr_VP012_gonogo2_rest_003_01"", ""atten_dsr_VP012_gonogo2_task_004_01"", ""atten_dsr_VP012_gonogo2_rest_004_00"", ""atten_dsr_VP012_gonogo2_rest_006_00"", ""atten_dsr_VP012_gonogo3_task_001_00"", ""atten_dsr_VP012_gonogo3_task_001_01"", ""atten_dsr_VP012_gonogo3_rest_001_00"", ""atten_dsr_VP012_gonogo3_rest_002_00"", ""atten_dsr_VP012_gonogo3_task_003_00"", ""atten_dsr_VP012_gonogo3_rest_003_00"", ""atten_dsr_VP012_gonogo3_task_004_00"", ""atten_dsr_VP012_gonogo3_rest_005_00""]","[""atten_dsr_VP012_gonogo1_task_001_00"", ""atten_dsr_VP012_gonogo1_task_001_01"", ""atten_dsr_VP012_gonogo1_rest_001_00"", ""atten_dsr_VP012_gonogo1_rest_001_01"", ""atten_dsr_VP012_gonogo1_task_002_01"", ""atten_dsr_VP012_gonogo1_rest_002_00"", ""atten_dsr_VP012_gonogo1_rest_002_01"", ""atten_dsr_VP012_gonogo1_task_003_01"", ""atten_dsr_VP012_gonogo1_rest_003_00"", ""atten_dsr_VP012_gonogo1_rest_003_01"", ""atten_dsr_VP012_gonogo1_rest_004_01"", ""atten_dsr_VP012_gonogo1_task_005_01"", ""atten_dsr_VP012_gonogo1_rest_005_00"", ""atten_dsr_VP012_gonogo1_rest_005_01"", ""atten_dsr_VP012_gonogo1_task_006_00"", ""atten_dsr_VP012_gonogo1_task_006_01"", ""atten_dsr_VP012_gonogo1_rest_006_00"", ""atten_dsr_VP012_gonogo2_task_001_01"", ""atten_dsr_VP012_gonogo2_rest_001_00"", ""atten_dsr_VP012_gonogo2_task_002_00"", ""atten_dsr_VP012_gonogo2_task_002_01"", ""atten_dsr_VP012_gonogo2_rest_002_01"", ""atten_dsr_VP012_gonogo2_task_003_00"", ""atten_dsr_VP012_gonogo2_task_003_01"", ""atten_dsr_VP012_gonogo2_rest_003_00"", ""atten_dsr_VP012_gonogo2_task_004_00"", ""atten_dsr_VP012_gonogo2_rest_004_01"", ""atten_dsr_VP012_gonogo2_task_005_00"", ""atten_dsr_VP012_gonogo2_task_005_01"", ""atten_dsr_VP012_gonogo2_rest_005_00"", ""atten_dsr_VP012_gonogo2_rest_005_01"", ""atten_dsr_VP012_gonogo2_task_006_00"", ""atten_dsr_VP012_gonogo2_task_006_01"", ""atten_dsr_VP012_gonogo2_rest_006_01"", ""atten_dsr_VP012_gonogo3_rest_001_01"", ""atten_dsr_VP012_gonogo3_task_002_00"", ""atten_dsr_VP012_gonogo3_task_002_01"", ""atten_dsr_VP012_gonogo3_rest_002_01"", ""atten_dsr_VP012_gonogo3_task_003_01"", ""atten_dsr_VP012_gonogo3_rest_003_01"", ""atten_dsr_VP012_gonogo3_task_004_01"", ""atten_dsr_VP012_gonogo3_rest_004_00"", ""atten_dsr_VP012_gonogo3_rest_004_01"", ""atten_dsr_VP012_gonogo3_task_005_00"", ""atten_dsr_VP012_gonogo3_task_005_01"", ""atten_dsr_VP012_gonogo3_rest_005_01"", ""atten_dsr_VP012_gonogo3_task_006_00"", ""atten_dsr_VP012_gonogo3_task_006_01"", ""atten_dsr_VP012_gonogo3_rest_006_00"", ""atten_dsr_VP012_gonogo3_rest_006_01""]",True,,0.7853808096996725,93,0.86,0.8585858585858586,0.875,0.86,0.72
VP013,2023,source_only,0.30,0.3055555555555556,22,50,"{""0"": 11, ""1"": 11}","{""0"": 25, ""1"": 25}","[""atten_dsr_VP013_gonogo1_task_002_00"", ""atten_dsr_VP013_gonogo1_task_003_00"", ""atten_dsr_VP013_gonogo1_task_004_00"", ""atten_dsr_VP013_gonogo1_task_004_01"", ""atten_dsr_VP013_gonogo1_rest_004_00"", ""atten_dsr_VP013_gonogo1_task_005_00"", ""atten_dsr_VP013_gonogo1_rest_006_01"", ""atten_dsr_VP013_gonogo2_task_001_00"", ""atten_dsr_VP013_gonogo2_rest_001_01"", ""atten_dsr_VP013_gonogo2_rest_002_00"", ""atten_dsr_VP013_gonogo2_rest_003_01"", ""atten_dsr_VP013_gonogo2_task_004_01"", ""atten_dsr_VP013_gonogo2_rest_004_00"", ""atten_dsr_VP013_gonogo2_rest_006_00"", ""atten_dsr_VP013_gonogo3_task_001_00"", ""atten_dsr_VP013_gonogo3_task_001_01"", ""atten_dsr_VP013_gonogo3_rest_001_00"", ""atten_dsr_VP013_gonogo3_rest_002_00"", ""atten_dsr_VP013_gonogo3_task_003_00"", ""atten_dsr_VP013_gonogo3_rest_003_00"", ""atten_dsr_VP013_gonogo3_task_004_00"", ""atten_dsr_VP013_gonogo3_rest_005_00""]","[""atten_dsr_VP013_gonogo1_task_001_00"", ""atten_dsr_VP013_gonogo1_task_001_01"", ""atten_dsr_VP013_gonogo1_rest_001_00"", ""atten_dsr_VP013_gonogo1_rest_001_01"", ""atten_dsr_VP013_gonogo1_task_002_01"", ""atten_dsr_VP013_gonogo1_rest_002_00"", ""atten_dsr_VP013_gonogo1_rest_002_01"", ""atten_dsr_VP013_gonogo1_task_003_01"", ""atten_dsr_VP013_gonogo1_rest_003_00"", ""atten_dsr_VP013_gonogo1_rest_003_01"", ""atten_dsr_VP013_gonogo1_rest_004_01"", ""atten_dsr_VP013_gonogo1_task_005_01"", ""atten_dsr_VP013_gonogo1_rest_005_00"", ""atten_dsr_VP013_gonogo1_rest_005_01"", ""atten_dsr_VP013_gonogo1_task_006_00"", ""atten_dsr_VP013_gonogo1_task_006_01"", ""atten_dsr_VP013_gonogo1_rest_006_00"", ""atten_dsr_VP013_gonogo2_task_001_01"", ""atten_dsr_VP013_gonogo2_rest_001_00"", ""atten_dsr_VP013_gonogo2_task_002_00"", ""atten_dsr_VP013_gonogo2_task_002_01"", ""atten_dsr_VP013_gonogo2_rest_002_01"", ""atten_dsr_VP013_gonogo2_task_003_00"", ""atten_dsr_VP013_gonogo2_task_003_01"", ""atten_dsr_VP013_gonogo2_rest_003_00"", ""atten_dsr_VP013_gonogo2_task_004_00"", ""atten_dsr_VP013_gonogo2_rest_004_01"", ""atten_dsr_VP013_gonogo2_task_005_00"", ""atten_dsr_VP013_gonogo2_task_005_01"", ""atten_dsr_VP013_gonogo2_rest_005_00"", ""atten_dsr_VP013_gonogo2_rest_005_01"", ""atten_dsr_VP013_gonogo2_task_006_00"", ""atten_dsr_VP013_gonogo2_task_006_01"", ""atten_dsr_VP013_gonogo2_rest_006_01"", ""atten_dsr_VP013_gonogo3_rest_001_01"", ""atten_dsr_VP013_gonogo3_task_002_00"", ""atten_dsr_VP013_gonogo3_task_002_01"", ""atten_dsr_VP013_gonogo3_rest_002_01"", ""atten_dsr_VP013_gonogo3_task_003_01"", ""atten_dsr_VP013_gonogo3_rest_003_01"", ""atten_dsr_VP013_gonogo3_task_004_01"", ""atten_dsr_VP013_gonogo3_rest_004_00"", ""atten_dsr_VP013_gonogo3_rest_004_01"", ""atten_dsr_VP013_gonogo3_task_005_00"", ""atten_dsr_VP013_gonogo3_task_005_01"", ""atten_dsr_VP013_gonogo3_rest_005_01"", ""atten_dsr_VP013_gonogo3_task_006_00"", ""atten_dsr_VP013_gonogo3_task_006_01"", ""atten_dsr_VP013_gonogo3_rest_006_00"", ""atten_dsr_VP013_gonogo3_rest_006_01""]",True,,0.8021043829698279,78,0.96,0.9599358974358975,0.962962962962963,0.96,0.92
VP013,2023,existing_head_adaptation,0.30,0.3055555555555556,22,50,"{""0"": 11, ""1"": 11}","{""0"": 25, ""1"": 25}","[""atten_dsr_VP013_gonogo1_task_002_00"", ""atten_dsr_VP013_gonogo1_task_003_00"", ""atten_dsr_VP013_gonogo1_task_004_00"", ""atten_dsr_VP013_gonogo1_task_004_01"", ""atten_dsr_VP013_gonogo1_rest_004_00"", ""atten_dsr_VP013_gonogo1_task_005_00"", ""atten_dsr_VP013_gonogo1_rest_006_01"", ""atten_dsr_VP013_gonogo2_task_001_00"", ""atten_dsr_VP013_gonogo2_rest_001_01"", ""atten_dsr_VP013_gonogo2_rest_002_00"", ""atten_dsr_VP013_gonogo2_rest_003_01"", ""atten_dsr_VP013_gonogo2_task_004_01"", ""atten_dsr_VP013_gonogo2_rest_004_00"", ""atten_dsr_VP013_gonogo2_rest_006_00"", ""atten_dsr_VP013_gonogo3_task_001_00"", ""atten_dsr_VP013_gonogo3_task_001_01"", ""atten_dsr_VP013_gonogo3_rest_001_00"", ""atten_dsr_VP013_gonogo3_rest_002_00"", ""atten_dsr_VP013_gonogo3_task_003_00"", ""atten_dsr_VP013_gonogo3_rest_003_00"", ""atten_dsr_VP013_gonogo3_task_004_00"", ""atten_dsr_VP013_gonogo3_rest_005_00""]","[""atten_dsr_VP013_gonogo1_task_001_00"", ""atten_dsr_VP013_gonogo1_task_001_01"", ""atten_dsr_VP013_gonogo1_rest_001_00"", ""atten_dsr_VP013_gonogo1_rest_001_01"", ""atten_dsr_VP013_gonogo1_task_002_01"", ""atten_dsr_VP013_gonogo1_rest_002_00"", ""atten_dsr_VP013_gonogo1_rest_002_01"", ""atten_dsr_VP013_gonogo1_task_003_01"", ""atten_dsr_VP013_gonogo1_rest_003_00"", ""atten_dsr_VP013_gonogo1_rest_003_01"", ""atten_dsr_VP013_gonogo1_rest_004_01"", ""atten_dsr_VP013_gonogo1_task_005_01"", ""atten_dsr_VP013_gonogo1_rest_005_00"", ""atten_dsr_VP013_gonogo1_rest_005_01"", ""atten_dsr_VP013_gonogo1_task_006_00"", ""atten_dsr_VP013_gonogo1_task_006_01"", ""atten_dsr_VP013_gonogo1_rest_006_00"", ""atten_dsr_VP013_gonogo2_task_001_01"", ""atten_dsr_VP013_gonogo2_rest_001_00"", ""atten_dsr_VP013_gonogo2_task_002_00"", ""atten_dsr_VP013_gonogo2_task_002_01"", ""atten_dsr_VP013_gonogo2_rest_002_01"", ""atten_dsr_VP013_gonogo2_task_003_00"", ""atten_dsr_VP013_gonogo2_task_003_01"", ""atten_dsr_VP013_gonogo2_rest_003_00"", ""atten_dsr_VP013_gonogo2_task_004_00"", ""atten_dsr_VP013_gonogo2_rest_004_01"", ""atten_dsr_VP013_gonogo2_task_005_00"", ""atten_dsr_VP013_gonogo2_task_005_01"", ""atten_dsr_VP013_gonogo2_rest_005_00"", ""atten_dsr_VP013_gonogo2_rest_005_01"", ""atten_dsr_VP013_gonogo2_task_006_00"", ""atten_dsr_VP013_gonogo2_task_006_01"", ""atten_dsr_VP013_gonogo2_rest_006_01"", ""atten_dsr_VP013_gonogo3_rest_001_01"", ""atten_dsr_VP013_gonogo3_task_002_00"", ""atten_dsr_VP013_gonogo3_task_002_01"", ""atten_dsr_VP013_gonogo3_rest_002_01"", ""atten_dsr_VP013_gonogo3_task_003_01"", ""atten_dsr_VP013_gonogo3_rest_003_01"", ""atten_dsr_VP013_gonogo3_task_004_01"", ""atten_dsr_VP013_gonogo3_rest_004_00"", ""atten_dsr_VP013_gonogo3_rest_004_01"", ""atten_dsr_VP013_gonogo3_task_005_00"", ""atten_dsr_VP013_gonogo3_task_005_01"", ""atten_dsr_VP013_gonogo3_rest_005_01"", ""atten_dsr_VP013_gonogo3_task_006_00"", ""atten_dsr_VP013_gonogo3_task_006_01"", ""atten_dsr_VP013_gonogo3_rest_006_00"", ""atten_dsr_VP013_gonogo3_rest_006_01""]",True,,0.8021043829698279,78,0.96,0.9599358974358975,0.962962962962963,0.96,0.92
VP014,2023,source_only,0.30,0.3055555555555556,22,50,"{""0"": 11, ""1"": 11}","{""0"": 25, ""1"": 25}","[""atten_dsr_VP014_gonogo1_task_002_00"", ""atten_dsr_VP014_gonogo1_task_003_00"", ""atten_dsr_VP014_gonogo1_task_004_00"", ""atten_dsr_VP014_gonogo1_task_004_01"", ""atten_dsr_VP014_gonogo1_rest_004_00"", ""atten_dsr_VP014_gonogo1_task_005_00"", ""atten_dsr_VP014_gonogo1_rest_006_01"", ""atten_dsr_VP014_gonogo2_task_001_00"", ""atten_dsr_VP014_gonogo2_rest_001_01"", ""atten_dsr_VP014_gonogo2_rest_002_00"", ""atten_dsr_VP014_gonogo2_rest_003_01"", ""atten_dsr_VP014_gonogo2_task_004_01"", ""atten_dsr_VP014_gonogo2_rest_004_00"", ""atten_dsr_VP014_gonogo2_rest_006_00"", ""atten_dsr_VP014_gonogo3_task_001_00"", ""atten_dsr_VP014_gonogo3_task_001_01"", ""atten_dsr_VP014_gonogo3_rest_001_00"", ""atten_dsr_VP014_gonogo3_rest_002_00"", ""atten_dsr_VP014_gonogo3_task_003_00"", ""atten_dsr_VP014_gonogo3_rest_003_00"", ""atten_dsr_VP014_gonogo3_task_004_00"", ""atten_dsr_VP014_gonogo3_rest_005_00""]","[""atten_dsr_VP014_gonogo1_task_001_00"", ""atten_dsr_VP014_gonogo1_task_001_01"", ""atten_dsr_VP014_gonogo1_rest_001_00"", ""atten_dsr_VP014_gonogo1_rest_001_01"", ""atten_dsr_VP014_gonogo1_task_002_01"", ""atten_dsr_VP014_gonogo1_rest_002_00"", ""atten_dsr_VP014_gonogo1_rest_002_01"", ""atten_dsr_VP014_gonogo1_task_003_01"", ""atten_dsr_VP014_gonogo1_rest_003_00"", ""atten_dsr_VP014_gonogo1_rest_003_01"", ""atten_dsr_VP014_gonogo1_rest_004_01"", ""atten_dsr_VP014_gonogo1_task_005_01"", ""atten_dsr_VP014_gonogo1_rest_005_00"", ""atten_dsr_VP014_gonogo1_rest_005_01"", ""atten_dsr_VP014_gonogo1_task_006_00"", ""atten_dsr_VP014_gonogo1_task_006_01"", ""atten_dsr_VP014_gonogo1_rest_006_00"", ""atten_dsr_VP014_gonogo2_task_001_01"", ""atten_dsr_VP014_gonogo2_rest_001_00"", ""atten_dsr_VP014_gonogo2_task_002_00"", ""atten_dsr_VP014_gonogo2_task_002_01"", ""atten_dsr_VP014_gonogo2_rest_002_01"", ""atten_dsr_VP014_gonogo2_task_003_00"", ""atten_dsr_VP014_gonogo2_task_003_01"", ""atten_dsr_VP014_gonogo2_rest_003_00"", ""atten_dsr_VP014_gonogo2_task_004_00"", ""atten_dsr_VP014_gonogo2_rest_004_01"", ""atten_dsr_VP014_gonogo2_task_005_00"", ""atten_dsr_VP014_gonogo2_task_005_01"", ""atten_dsr_VP014_gonogo2_rest_005_00"", ""atten_dsr_VP014_gonogo2_rest_005_01"", ""atten_dsr_VP014_gonogo2_task_006_00"", ""atten_dsr_VP014_gonogo2_task_006_01"", ""atten_dsr_VP014_gonogo2_rest_006_01"", ""atten_dsr_VP014_gonogo3_rest_001_01"", ""atten_dsr_VP014_gonogo3_task_002_00"", ""atten_dsr_VP014_gonogo3_task_002_01"", ""atten_dsr_VP014_gonogo3_rest_002_01"", ""atten_dsr_VP014_gonogo3_task_003_01"", ""atten_dsr_VP014_gonogo3_rest_003_01"", ""atten_dsr_VP014_gonogo3_task_004_01"", ""atten_dsr_VP014_gonogo3_rest_004_00"", ""atten_dsr_VP014_gonogo3_rest_004_01"", ""atten_dsr_VP014_gonogo3_task_005_00"", ""atten_dsr_VP014_gonogo3_task_005_01"", ""atten_dsr_VP014_gonogo3_rest_005_01"", ""atten_dsr_VP014_gonogo3_task_006_00"", ""atten_dsr_VP014_gonogo3_task_006_01"", ""atten_dsr_VP014_gonogo3_rest_006_00"", ""atten_dsr_VP014_gonogo3_rest_006_01""]",True,,0.8079049732814687,52,0.92,0.9194847020933977,0.9310344827586207,0.9199999999999999,0.84
VP014,2023,existing_head_adaptation,0.30,0.3055555555555556,22,50,"{""0"": 11, ""1"": 11}","{""0"": 25, ""1"": 25}","[""atten_dsr_VP014_gonogo1_task_002_00"", ""atten_dsr_VP014_gonogo1_task_003_00"", ""atten_dsr_VP014_gonogo1_task_004_00"", ""atten_dsr_VP014_gonogo1_task_004_01"", ""atten_dsr_VP014_gonogo1_rest_004_00"", ""atten_dsr_VP014_gonogo1_task_005_00"", ""atten_dsr_VP014_gonogo1_rest_006_01"", ""atten_dsr_VP014_gonogo2_task_001_00"", ""atten_dsr_VP014_gonogo2_rest_001_01"", ""atten_dsr_VP014_gonogo2_rest_002_00"", ""atten_dsr_VP014_gonogo2_rest_003_01"", ""atten_dsr_VP014_gonogo2_task_004_01"", ""atten_dsr_VP014_gonogo2_rest_004_00"", ""atten_dsr_VP014_gonogo2_rest_006_00"", ""atten_dsr_VP014_gonogo3_task_001_00"", ""atten_dsr_VP014_gonogo3_task_001_01"", ""atten_dsr_VP014_gonogo3_rest_001_00"", ""atten_dsr_VP014_gonogo3_rest_002_00"", ""atten_dsr_VP014_gonogo3_task_003_00"", ""atten_dsr_VP014_gonogo3_rest_003_00"", ""atten_dsr_VP014_gonogo3_task_004_00"", ""atten_dsr_VP014_gonogo3_rest_005_00""]","[""atten_dsr_VP014_gonogo1_task_001_00"", ""atten_dsr_VP014_gonogo1_task_001_01"", ""atten_dsr_VP014_gonogo1_rest_001_00"", ""atten_dsr_VP014_gonogo1_rest_001_01"", ""atten_dsr_VP014_gonogo1_task_002_01"", ""atten_dsr_VP014_gonogo1_rest_002_00"", ""atten_dsr_VP014_gonogo1_rest_002_01"", ""atten_dsr_VP014_gonogo1_task_003_01"", ""atten_dsr_VP014_gonogo1_rest_003_00"", ""atten_dsr_VP014_gonogo1_rest_003_01"", ""atten_dsr_VP014_gonogo1_rest_004_01"", ""atten_dsr_VP014_gonogo1_task_005_01"", ""atten_dsr_VP014_gonogo1_rest_005_00"", ""atten_dsr_VP014_gonogo1_rest_005_01"", ""atten_dsr_VP014_gonogo1_task_006_00"", ""atten_dsr_VP014_gonogo1_task_006_01"", ""atten_dsr_VP014_gonogo1_rest_006_00"", ""atten_dsr_VP014_gonogo2_task_001_01"", ""atten_dsr_VP014_gonogo2_rest_001_00"", ""atten_dsr_VP014_gonogo2_task_002_00"", ""atten_dsr_VP014_gonogo2_task_002_01"", ""atten_dsr_VP014_gonogo2_rest_002_01"", ""atten_dsr_VP014_gonogo2_task_003_00"", ""atten_dsr_VP014_gonogo2_task_003_01"", ""atten_dsr_VP014_gonogo2_rest_003_00"", ""atten_dsr_VP014_gonogo2_task_004_00"", ""atten_dsr_VP014_gonogo2_rest_004_01"", ""atten_dsr_VP014_gonogo2_task_005_00"", ""atten_dsr_VP014_gonogo2_task_005_01"", ""atten_dsr_VP014_gonogo2_rest_005_00"", ""atten_dsr_VP014_gonogo2_rest_005_01"", ""atten_dsr_VP014_gonogo2_task_006_00"", ""atten_dsr_VP014_gonogo2_task_006_01"", ""atten_dsr_VP014_gonogo2_rest_006_01"", ""atten_dsr_VP014_gonogo3_rest_001_01"", ""atten_dsr_VP014_gonogo3_task_002_00"", ""atten_dsr_VP014_gonogo3_task_002_01"", ""atten_dsr_VP014_gonogo3_rest_002_01"", ""atten_dsr_VP014_gonogo3_task_003_01"", ""atten_dsr_VP014_gonogo3_rest_003_01"", ""atten_dsr_VP014_gonogo3_task_004_01"", ""atten_dsr_VP014_gonogo3_rest_004_00"", ""atten_dsr_VP014_gonogo3_rest_004_01"", ""atten_dsr_VP014_gonogo3_task_005_00"", ""atten_dsr_VP014_gonogo3_task_005_01"", ""atten_dsr_VP014_gonogo3_rest_005_01"", ""atten_dsr_VP014_gonogo3_task_006_00"", ""atten_dsr_VP014_gonogo3_task_006_01"", ""atten_dsr_VP014_gonogo3_rest_006_00"", ""atten_dsr_VP014_gonogo3_rest_006_01""]",True,,0.8079049732814687,52,0.9,0.898989898989899,0.9166666666666667,0.9,0.8
VP015,2023,source_only,0.30,0.3055555555555556,22,50,"{""0"": 11, ""1"": 11}","{""0"": 25, ""1"": 25}","[""atten_dsr_VP015_gonogo1_task_002_00"", ""atten_dsr_VP015_gonogo1_task_003_00"", ""atten_dsr_VP015_gonogo1_task_004_00"", ""atten_dsr_VP015_gonogo1_task_004_01"", ""atten_dsr_VP015_gonogo1_rest_004_00"", ""atten_dsr_VP015_gonogo1_task_005_00"", ""atten_dsr_VP015_gonogo1_rest_006_01"", ""atten_dsr_VP015_gonogo2_task_001_00"", ""atten_dsr_VP015_gonogo2_rest_001_01"", ""atten_dsr_VP015_gonogo2_rest_002_00"", ""atten_dsr_VP015_gonogo2_rest_003_01"", ""atten_dsr_VP015_gonogo2_task_004_01"", ""atten_dsr_VP015_gonogo2_rest_004_00"", ""atten_dsr_VP015_gonogo2_rest_006_00"", ""atten_dsr_VP015_gonogo3_task_001_00"", ""atten_dsr_VP015_gonogo3_task_001_01"", ""atten_dsr_VP015_gonogo3_rest_001_00"", ""atten_dsr_VP015_gonogo3_rest_002_00"", ""atten_dsr_VP015_gonogo3_task_003_00"", ""atten_dsr_VP015_gonogo3_rest_003_00"", ""atten_dsr_VP015_gonogo3_task_004_00"", ""atten_dsr_VP015_gonogo3_rest_005_00""]","[""atten_dsr_VP015_gonogo1_task_001_00"", ""atten_dsr_VP015_gonogo1_task_001_01"", ""atten_dsr_VP015_gonogo1_rest_001_00"", ""atten_dsr_VP015_gonogo1_rest_001_01"", ""atten_dsr_VP015_gonogo1_task_002_01"", ""atten_dsr_VP015_gonogo1_rest_002_00"", ""atten_dsr_VP015_gonogo1_rest_002_01"", ""atten_dsr_VP015_gonogo1_task_003_01"", ""atten_dsr_VP015_gonogo1_rest_003_00"", ""atten_dsr_VP015_gonogo1_rest_003_01"", ""atten_dsr_VP015_gonogo1_rest_004_01"", ""atten_dsr_VP015_gonogo1_task_005_01"", ""atten_dsr_VP015_gonogo1_rest_005_00"", ""atten_dsr_VP015_gonogo1_rest_005_01"", ""atten_dsr_VP015_gonogo1_task_006_00"", ""atten_dsr_VP015_gonogo1_task_006_01"", ""atten_dsr_VP015_gonogo1_rest_006_00"", ""atten_dsr_VP015_gonogo2_task_001_01"", ""atten_dsr_VP015_gonogo2_rest_001_00"", ""atten_dsr_VP015_gonogo2_task_002_00"", ""atten_dsr_VP015_gonogo2_task_002_01"", ""atten_dsr_VP015_gonogo2_rest_002_01"", ""atten_dsr_VP015_gonogo2_task_003_00"", ""atten_dsr_VP015_gonogo2_task_003_01"", ""atten_dsr_VP015_gonogo2_rest_003_00"", ""atten_dsr_VP015_gonogo2_task_004_00"", ""atten_dsr_VP015_gonogo2_rest_004_01"", ""atten_dsr_VP015_gonogo2_task_005_00"", ""atten_dsr_VP015_gonogo2_task_005_01"", ""atten_dsr_VP015_gonogo2_rest_005_00"", ""atten_dsr_VP015_gonogo2_rest_005_01"", ""atten_dsr_VP015_gonogo2_task_006_00"", ""atten_dsr_VP015_gonogo2_task_006_01"", ""atten_dsr_VP015_gonogo2_rest_006_01"", ""atten_dsr_VP015_gonogo3_rest_001_01"", ""atten_dsr_VP015_gonogo3_task_002_00"", ""atten_dsr_VP015_gonogo3_task_002_01"", ""atten_dsr_VP015_gonogo3_rest_002_01"", ""atten_dsr_VP015_gonogo3_task_003_01"", ""atten_dsr_VP015_gonogo3_rest_003_01"", ""atten_dsr_VP015_gonogo3_task_004_01"", ""atten_dsr_VP015_gonogo3_rest_004_00"", ""atten_dsr_VP015_gonogo3_rest_004_01"", ""atten_dsr_VP015_gonogo3_task_005_00"", ""atten_dsr_VP015_gonogo3_task_005_01"", ""atten_dsr_VP015_gonogo3_rest_005_01"", ""atten_dsr_VP015_gonogo3_task_006_00"", ""atten_dsr_VP015_gonogo3_task_006_01"", ""atten_dsr_VP015_gonogo3_rest_006_00"", ""atten_dsr_VP015_gonogo3_rest_006_01""]",True,,0.7747062141218101,96,0.78,0.7799119647859143,0.780448717948718,0.78,0.56
VP015,2023,existing_head_adaptation,0.30,0.3055555555555556,22,50,"{""0"": 11, ""1"": 11}","{""0"": 25, ""1"": 25}","[""atten_dsr_VP015_gonogo1_task_002_00"", ""atten_dsr_VP015_gonogo1_task_003_00"", ""atten_dsr_VP015_gonogo1_task_004_00"", ""atten_dsr_VP015_gonogo1_task_004_01"", ""atten_dsr_VP015_gonogo1_rest_004_00"", ""atten_dsr_VP015_gonogo1_task_005_00"", ""atten_dsr_VP015_gonogo1_rest_006_01"", ""atten_dsr_VP015_gonogo2_task_001_00"", ""atten_dsr_VP015_gonogo2_rest_001_01"", ""atten_dsr_VP015_gonogo2_rest_002_00"", ""atten_dsr_VP015_gonogo2_rest_003_01"", ""atten_dsr_VP015_gonogo2_task_004_01"", ""atten_dsr_VP015_gonogo2_rest_004_00"", ""atten_dsr_VP015_gonogo2_rest_006_00"", ""atten_dsr_VP015_gonogo3_task_001_00"", ""atten_dsr_VP015_gonogo3_task_001_01"", ""atten_dsr_VP015_gonogo3_rest_001_00"", ""atten_dsr_VP015_gonogo3_rest_002_00"", ""atten_dsr_VP015_gonogo3_task_003_00"", ""atten_dsr_VP015_gonogo3_rest_003_00"", ""atten_dsr_VP015_gonogo3_task_004_00"", ""atten_dsr_VP015_gonogo3_rest_005_00""]","[""atten_dsr_VP015_gonogo1_task_001_00"", ""atten_dsr_VP015_gonogo1_task_001_01"", ""atten_dsr_VP015_gonogo1_rest_001_00"", ""atten_dsr_VP015_gonogo1_rest_001_01"", ""atten_dsr_VP015_gonogo1_task_002_01"", ""atten_dsr_VP015_gonogo1_rest_002_00"", ""atten_dsr_VP015_gonogo1_rest_002_01"", ""atten_dsr_VP015_gonogo1_task_003_01"", ""atten_dsr_VP015_gonogo1_rest_003_00"", ""atten_dsr_VP015_gonogo1_rest_003_01"", ""atten_dsr_VP015_gonogo1_rest_004_01"", ""atten_dsr_VP015_gonogo1_task_005_01"", ""atten_dsr_VP015_gonogo1_rest_005_00"", ""atten_dsr_VP015_gonogo1_rest_005_01"", ""atten_dsr_VP015_gonogo1_task_006_00"", ""atten_dsr_VP015_gonogo1_task_006_01"", ""atten_dsr_VP015_gonogo1_rest_006_00"", ""atten_dsr_VP015_gonogo2_task_001_01"", ""atten_dsr_VP015_gonogo2_rest_001_00"", ""atten_dsr_VP015_gonogo2_task_002_00"", ""atten_dsr_VP015_gonogo2_task_002_01"", ""atten_dsr_VP015_gonogo2_rest_002_01"", ""atten_dsr_VP015_gonogo2_task_003_00"", ""atten_dsr_VP015_gonogo2_task_003_01"", ""atten_dsr_VP015_gonogo2_rest_003_00"", ""atten_dsr_VP015_gonogo2_task_004_00"", ""atten_dsr_VP015_gonogo2_rest_004_01"", ""atten_dsr_VP015_gonogo2_task_005_00"", ""atten_dsr_VP015_gonogo2_task_005_01"", ""atten_dsr_VP015_gonogo2_rest_005_00"", ""atten_dsr_VP015_gonogo2_rest_005_01"", ""atten_dsr_VP015_gonogo2_task_006_00"", ""atten_dsr_VP015_gonogo2_task_006_01"", ""atten_dsr_VP015_gonogo2_rest_006_01"", ""atten_dsr_VP015_gonogo3_rest_001_01"", ""atten_dsr_VP015_gonogo3_task_002_00"", ""atten_dsr_VP015_gonogo3_task_002_01"", ""atten_dsr_VP015_gonogo3_rest_002_01"", ""atten_dsr_VP015_gonogo3_task_003_01"", ""atten_dsr_VP015_gonogo3_rest_003_01"", ""atten_dsr_VP015_gonogo3_task_004_01"", ""atten_dsr_VP015_gonogo3_rest_004_00"", ""atten_dsr_VP015_gonogo3_rest_004_01"", ""atten_dsr_VP015_gonogo3_task_005_00"", ""atten_dsr_VP015_gonogo3_task_005_01"", ""atten_dsr_VP015_gonogo3_rest_005_01"", ""atten_dsr_VP015_gonogo3_task_006_00"", ""atten_dsr_VP015_gonogo3_task_006_01"", ""atten_dsr_VP015_gonogo3_rest_006_00"", ""atten_dsr_VP015_gonogo3_rest_006_01""]",True,,0.7747062141218101,96,0.82,0.8193496587715776,0.8246753246753247,0.8200000000000001,0.64
VP016,2023,source_only,0.30,0.3055555555555556,22,50,"{""0"": 11, ""1"": 11}","{""0"": 25, ""1"": 25}","[""atten_dsr_VP016_gonogo1_task_002_00"", ""atten_dsr_VP016_gonogo1_task_003_00"", ""atten_dsr_VP016_gonogo1_task_004_00"", ""atten_dsr_VP016_gonogo1_task_004_01"", ""atten_dsr_VP016_gonogo1_rest_004_00"", ""atten_dsr_VP016_gonogo1_task_005_00"", ""atten_dsr_VP016_gonogo1_rest_006_01"", ""atten_dsr_VP016_gonogo2_task_001_00"", ""atten_dsr_VP016_gonogo2_rest_001_01"", ""atten_dsr_VP016_gonogo2_rest_002_00"", ""atten_dsr_VP016_gonogo2_rest_003_01"", ""atten_dsr_VP016_gonogo2_task_004_01"", ""atten_dsr_VP016_gonogo2_rest_004_00"", ""atten_dsr_VP016_gonogo2_rest_006_00"", ""atten_dsr_VP016_gonogo3_task_001_00"", ""atten_dsr_VP016_gonogo3_task_001_01"", ""atten_dsr_VP016_gonogo3_rest_001_00"", ""atten_dsr_VP016_gonogo3_rest_002_00"", ""atten_dsr_VP016_gonogo3_task_003_00"", ""atten_dsr_VP016_gonogo3_rest_003_00"", ""atten_dsr_VP016_gonogo3_task_004_00"", ""atten_dsr_VP016_gonogo3_rest_005_00""]","[""atten_dsr_VP016_gonogo1_task_001_00"", ""atten_dsr_VP016_gonogo1_task_001_01"", ""atten_dsr_VP016_gonogo1_rest_001_00"", ""atten_dsr_VP016_gonogo1_rest_001_01"", ""atten_dsr_VP016_gonogo1_task_002_01"", ""atten_dsr_VP016_gonogo1_rest_002_00"", ""atten_dsr_VP016_gonogo1_rest_002_01"", ""atten_dsr_VP016_gonogo1_task_003_01"", ""atten_dsr_VP016_gonogo1_rest_003_00"", ""atten_dsr_VP016_gonogo1_rest_003_01"", ""atten_dsr_VP016_gonogo1_rest_004_01"", ""atten_dsr_VP016_gonogo1_task_005_01"", ""atten_dsr_VP016_gonogo1_rest_005_00"", ""atten_dsr_VP016_gonogo1_rest_005_01"", ""atten_dsr_VP016_gonogo1_task_006_00"", ""atten_dsr_VP016_gonogo1_task_006_01"", ""atten_dsr_VP016_gonogo1_rest_006_00"", ""atten_dsr_VP016_gonogo2_task_001_01"", ""atten_dsr_VP016_gonogo2_rest_001_00"", ""atten_dsr_VP016_gonogo2_task_002_00"", ""atten_dsr_VP016_gonogo2_task_002_01"", ""atten_dsr_VP016_gonogo2_rest_002_01"", ""atten_dsr_VP016_gonogo2_task_003_00"", ""atten_dsr_VP016_gonogo2_task_003_01"", ""atten_dsr_VP016_gonogo2_rest_003_00"", ""atten_dsr_VP016_gonogo2_task_004_00"", ""atten_dsr_VP016_gonogo2_rest_004_01"", ""atten_dsr_VP016_gonogo2_task_005_00"", ""atten_dsr_VP016_gonogo2_task_005_01"", ""atten_dsr_VP016_gonogo2_rest_005_00"", ""atten_dsr_VP016_gonogo2_rest_005_01"", ""atten_dsr_VP016_gonogo2_task_006_00"", ""atten_dsr_VP016_gonogo2_task_006_01"", ""atten_dsr_VP016_gonogo2_rest_006_01"", ""atten_dsr_VP016_gonogo3_rest_001_01"", ""atten_dsr_VP016_gonogo3_task_002_00"", ""atten_dsr_VP016_gonogo3_task_002_01"", ""atten_dsr_VP016_gonogo3_rest_002_01"", ""atten_dsr_VP016_gonogo3_task_003_01"", ""atten_dsr_VP016_gonogo3_rest_003_01"", ""atten_dsr_VP016_gonogo3_task_004_01"", ""atten_dsr_VP016_gonogo3_rest_004_00"", ""atten_dsr_VP016_gonogo3_rest_004_01"", ""atten_dsr_VP016_gonogo3_task_005_00"", ""atten_dsr_VP016_gonogo3_task_005_01"", ""atten_dsr_VP016_gonogo3_rest_005_01"", ""atten_dsr_VP016_gonogo3_task_006_00"", ""atten_dsr_VP016_gonogo3_task_006_01"", ""atten_dsr_VP016_gonogo3_rest_006_00"", ""atten_dsr_VP016_gonogo3_rest_006_01""]",True,,0.7549429128376497,97,0.78,0.7726333195535345,0.8216911764705883,0.78,0.56
VP016,2023,existing_head_adaptation,0.30,0.3055555555555556,22,50,"{""0"": 11, ""1"": 11}","{""0"": 25, ""1"": 25}","[""atten_dsr_VP016_gonogo1_task_002_00"", ""atten_dsr_VP016_gonogo1_task_003_00"", ""atten_dsr_VP016_gonogo1_task_004_00"", ""atten_dsr_VP016_gonogo1_task_004_01"", ""atten_dsr_VP016_gonogo1_rest_004_00"", ""atten_dsr_VP016_gonogo1_task_005_00"", ""atten_dsr_VP016_gonogo1_rest_006_01"", ""atten_dsr_VP016_gonogo2_task_001_00"", ""atten_dsr_VP016_gonogo2_rest_001_01"", ""atten_dsr_VP016_gonogo2_rest_002_00"", ""atten_dsr_VP016_gonogo2_rest_003_01"", ""atten_dsr_VP016_gonogo2_task_004_01"", ""atten_dsr_VP016_gonogo2_rest_004_00"", ""atten_dsr_VP016_gonogo2_rest_006_00"", ""atten_dsr_VP016_gonogo3_task_001_00"", ""atten_dsr_VP016_gonogo3_task_001_01"", ""atten_dsr_VP016_gonogo3_rest_001_00"", ""atten_dsr_VP016_gonogo3_rest_002_00"", ""atten_dsr_VP016_gonogo3_task_003_00"", ""atten_dsr_VP016_gonogo3_rest_003_00"", ""atten_dsr_VP016_gonogo3_task_004_00"", ""atten_dsr_VP016_gonogo3_rest_005_00""]","[""atten_dsr_VP016_gonogo1_task_001_00"", ""atten_dsr_VP016_gonogo1_task_001_01"", ""atten_dsr_VP016_gonogo1_rest_001_00"", ""atten_dsr_VP016_gonogo1_rest_001_01"", ""atten_dsr_VP016_gonogo1_task_002_01"", ""atten_dsr_VP016_gonogo1_rest_002_00"", ""atten_dsr_VP016_gonogo1_rest_002_01"", ""atten_dsr_VP016_gonogo1_task_003_01"", ""atten_dsr_VP016_gonogo1_rest_003_00"", ""atten_dsr_VP016_gonogo1_rest_003_01"", ""atten_dsr_VP016_gonogo1_rest_004_01"", ""atten_dsr_VP016_gonogo1_task_005_01"", ""atten_dsr_VP016_gonogo1_rest_005_00"", ""atten_dsr_VP016_gonogo1_rest_005_01"", ""atten_dsr_VP016_gonogo1_task_006_00"", ""atten_dsr_VP016_gonogo1_task_006_01"", ""atten_dsr_VP016_gonogo1_rest_006_00"", ""atten_dsr_VP016_gonogo2_task_001_01"", ""atten_dsr_VP016_gonogo2_rest_001_00"", ""atten_dsr_VP016_gonogo2_task_002_00"", ""atten_dsr_VP016_gonogo2_task_002_01"", ""atten_dsr_VP016_gonogo2_rest_002_01"", ""atten_dsr_VP016_gonogo2_task_003_00"", ""atten_dsr_VP016_gonogo2_task_003_01"", ""atten_dsr_VP016_gonogo2_rest_003_00"", ""atten_dsr_VP016_gonogo2_task_004_00"", ""atten_dsr_VP016_gonogo2_rest_004_01"", ""atten_dsr_VP016_gonogo2_task_005_00"", ""atten_dsr_VP016_gonogo2_task_005_01"", ""atten_dsr_VP016_gonogo2_rest_005_00"", ""atten_dsr_VP016_gonogo2_rest_005_01"", ""atten_dsr_VP016_gonogo2_task_006_00"", ""atten_dsr_VP016_gonogo2_task_006_01"", ""atten_dsr_VP016_gonogo2_rest_006_01"", ""atten_dsr_VP016_gonogo3_rest_001_01"", ""atten_dsr_VP016_gonogo3_task_002_00"", ""atten_dsr_VP016_gonogo3_task_002_01"", ""atten_dsr_VP016_gonogo3_rest_002_01"", ""atten_dsr_VP016_gonogo3_task_003_01"", ""atten_dsr_VP016_gonogo3_rest_003_01"", ""atten_dsr_VP016_gonogo3_task_004_01"", ""atten_dsr_VP016_gonogo3_rest_004_00"", ""atten_dsr_VP016_gonogo3_rest_004_01"", ""atten_dsr_VP016_gonogo3_task_005_00"", ""atten_dsr_VP016_gonogo3_task_005_01"", ""atten_dsr_VP016_gonogo3_rest_005_01"", ""atten_dsr_VP016_gonogo3_task_006_00"", ""atten_dsr_VP016_gonogo3_task_006_01"", ""atten_dsr_VP016_gonogo3_rest_006_00"", ""atten_dsr_VP016_gonogo3_rest_006_01""]",True,,0.7549429128376497,97,0.8,0.7947454844006567,0.8342245989304813,0.8,0.6
VP017,2023,source_only,0.30,0.3055555555555556,22,50,"{""0"": 11, ""1"": 11}","{""0"": 25, ""1"": 25}","[""atten_dsr_VP017_gonogo1_task_002_00"", ""atten_dsr_VP017_gonogo1_task_003_00"", ""atten_dsr_VP017_gonogo1_task_004_00"", ""atten_dsr_VP017_gonogo1_task_004_01"", ""atten_dsr_VP017_gonogo1_rest_004_00"", ""atten_dsr_VP017_gonogo1_task_005_00"", ""atten_dsr_VP017_gonogo1_rest_006_01"", ""atten_dsr_VP017_gonogo2_task_001_00"", ""atten_dsr_VP017_gonogo2_rest_001_01"", ""atten_dsr_VP017_gonogo2_rest_002_00"", ""atten_dsr_VP017_gonogo2_rest_003_01"", ""atten_dsr_VP017_gonogo2_task_004_01"", ""atten_dsr_VP017_gonogo2_rest_004_00"", ""atten_dsr_VP017_gonogo2_rest_006_00"", ""atten_dsr_VP017_gonogo3_task_001_00"", ""atten_dsr_VP017_gonogo3_task_001_01"", ""atten_dsr_VP017_gonogo3_rest_001_00"", ""atten_dsr_VP017_gonogo3_rest_002_00"", ""atten_dsr_VP017_gonogo3_task_003_00"", ""atten_dsr_VP017_gonogo3_rest_003_00"", ""atten_dsr_VP017_gonogo3_task_004_00"", ""atten_dsr_VP017_gonogo3_rest_005_00""]","[""atten_dsr_VP017_gonogo1_task_001_00"", ""atten_dsr_VP017_gonogo1_task_001_01"", ""atten_dsr_VP017_gonogo1_rest_001_00"", ""atten_dsr_VP017_gonogo1_rest_001_01"", ""atten_dsr_VP017_gonogo1_task_002_01"", ""atten_dsr_VP017_gonogo1_rest_002_00"", ""atten_dsr_VP017_gonogo1_rest_002_01"", ""atten_dsr_VP017_gonogo1_task_003_01"", ""atten_dsr_VP017_gonogo1_rest_003_00"", ""atten_dsr_VP017_gonogo1_rest_003_01"", ""atten_dsr_VP017_gonogo1_rest_004_01"", ""atten_dsr_VP017_gonogo1_task_005_01"", ""atten_dsr_VP017_gonogo1_rest_005_00"", ""atten_dsr_VP017_gonogo1_rest_005_01"", ""atten_dsr_VP017_gonogo1_task_006_00"", ""atten_dsr_VP017_gonogo1_task_006_01"", ""atten_dsr_VP017_gonogo1_rest_006_00"", ""atten_dsr_VP017_gonogo2_task_001_01"", ""atten_dsr_VP017_gonogo2_rest_001_00"", ""atten_dsr_VP017_gonogo2_task_002_00"", ""atten_dsr_VP017_gonogo2_task_002_01"", ""atten_dsr_VP017_gonogo2_rest_002_01"", ""atten_dsr_VP017_gonogo2_task_003_00"", ""atten_dsr_VP017_gonogo2_task_003_01"", ""atten_dsr_VP017_gonogo2_rest_003_00"", ""atten_dsr_VP017_gonogo2_task_004_00"", ""atten_dsr_VP017_gonogo2_rest_004_01"", ""atten_dsr_VP017_gonogo2_task_005_00"", ""atten_dsr_VP017_gonogo2_task_005_01"", ""atten_dsr_VP017_gonogo2_rest_005_00"", ""atten_dsr_VP017_gonogo2_rest_005_01"", ""atten_dsr_VP017_gonogo2_task_006_00"", ""atten_dsr_VP017_gonogo2_task_006_01"", ""atten_dsr_VP017_gonogo2_rest_006_01"", ""atten_dsr_VP017_gonogo3_rest_001_01"", ""atten_dsr_VP017_gonogo3_task_002_00"", ""atten_dsr_VP017_gonogo3_task_002_01"", ""atten_dsr_VP017_gonogo3_rest_002_01"", ""atten_dsr_VP017_gonogo3_task_003_01"", ""atten_dsr_VP017_gonogo3_rest_003_01"", ""atten_dsr_VP017_gonogo3_task_004_01"", ""atten_dsr_VP017_gonogo3_rest_004_00"", ""atten_dsr_VP017_gonogo3_rest_004_01"", ""atten_dsr_VP017_gonogo3_task_005_00"", ""atten_dsr_VP017_gonogo3_task_005_01"", ""atten_dsr_VP017_gonogo3_rest_005_01"", ""atten_dsr_VP017_gonogo3_task_006_00"", ""atten_dsr_VP017_gonogo3_task_006_01"", ""atten_dsr_VP017_gonogo3_rest_006_00"", ""atten_dsr_VP017_gonogo3_rest_006_01""]",True,,0.7629211829148298,58,0.72,0.7083333333333334,0.7619047619047619,0.72,0.43999999999999995
VP017,2023,existing_head_adaptation,0.30,0.3055555555555556,22,50,"{""0"": 11, ""1"": 11}","{""0"": 25, ""1"": 25}","[""atten_dsr_VP017_gonogo1_task_002_00"", ""atten_dsr_VP017_gonogo1_task_003_00"", ""atten_dsr_VP017_gonogo1_task_004_00"", ""atten_dsr_VP017_gonogo1_task_004_01"", ""atten_dsr_VP017_gonogo1_rest_004_00"", ""atten_dsr_VP017_gonogo1_task_005_00"", ""atten_dsr_VP017_gonogo1_rest_006_01"", ""atten_dsr_VP017_gonogo2_task_001_00"", ""atten_dsr_VP017_gonogo2_rest_001_01"", ""atten_dsr_VP017_gonogo2_rest_002_00"", ""atten_dsr_VP017_gonogo2_rest_003_01"", ""atten_dsr_VP017_gonogo2_task_004_01"", ""atten_dsr_VP017_gonogo2_rest_004_00"", ""atten_dsr_VP017_gonogo2_rest_006_00"", ""atten_dsr_VP017_gonogo3_task_001_00"", ""atten_dsr_VP017_gonogo3_task_001_01"", ""atten_dsr_VP017_gonogo3_rest_001_00"", ""atten_dsr_VP017_gonogo3_rest_002_00"", ""atten_dsr_VP017_gonogo3_task_003_00"", ""atten_dsr_VP017_gonogo3_rest_003_00"", ""atten_dsr_VP017_gonogo3_task_004_00"", ""atten_dsr_VP017_gonogo3_rest_005_00""]","[""atten_dsr_VP017_gonogo1_task_001_00"", ""atten_dsr_VP017_gonogo1_task_001_01"", ""atten_dsr_VP017_gonogo1_rest_001_00"", ""atten_dsr_VP017_gonogo1_rest_001_01"", ""atten_dsr_VP017_gonogo1_task_002_01"", ""atten_dsr_VP017_gonogo1_rest_002_00"", ""atten_dsr_VP017_gonogo1_rest_002_01"", ""atten_dsr_VP017_gonogo1_task_003_01"", ""atten_dsr_VP017_gonogo1_rest_003_00"", ""atten_dsr_VP017_gonogo1_rest_003_01"", ""atten_dsr_VP017_gonogo1_rest_004_01"", ""atten_dsr_VP017_gonogo1_task_005_01"", ""atten_dsr_VP017_gonogo1_rest_005_00"", ""atten_dsr_VP017_gonogo1_rest_005_01"", ""atten_dsr_VP017_gonogo1_task_006_00"", ""atten_dsr_VP017_gonogo1_task_006_01"", ""atten_dsr_VP017_gonogo1_rest_006_00"", ""atten_dsr_VP017_gonogo2_task_001_01"", ""atten_dsr_VP017_gonogo2_rest_001_00"", ""atten_dsr_VP017_gonogo2_task_002_00"", ""atten_dsr_VP017_gonogo2_task_002_01"", ""atten_dsr_VP017_gonogo2_rest_002_01"", ""atten_dsr_VP017_gonogo2_task_003_00"", ""atten_dsr_VP017_gonogo2_task_003_01"", ""atten_dsr_VP017_gonogo2_rest_003_00"", ""atten_dsr_VP017_gonogo2_task_004_00"", ""atten_dsr_VP017_gonogo2_rest_004_01"", ""atten_dsr_VP017_gonogo2_task_005_00"", ""atten_dsr_VP017_gonogo2_task_005_01"", ""atten_dsr_VP017_gonogo2_rest_005_00"", ""atten_dsr_VP017_gonogo2_rest_005_01"", ""atten_dsr_VP017_gonogo2_task_006_00"", ""atten_dsr_VP017_gonogo2_task_006_01"", ""atten_dsr_VP017_gonogo2_rest_006_01"", ""atten_dsr_VP017_gonogo3_rest_001_01"", ""atten_dsr_VP017_gonogo3_task_002_00"", ""atten_dsr_VP017_gonogo3_task_002_01"", ""atten_dsr_VP017_gonogo3_rest_002_01"", ""atten_dsr_VP017_gonogo3_task_003_01"", ""atten_dsr_VP017_gonogo3_rest_003_01"", ""atten_dsr_VP017_gonogo3_task_004_01"", ""atten_dsr_VP017_gonogo3_rest_004_00"", ""atten_dsr_VP017_gonogo3_rest_004_01"", ""atten_dsr_VP017_gonogo3_task_005_00"", ""atten_dsr_VP017_gonogo3_task_005_01"", ""atten_dsr_VP017_gonogo3_rest_005_01"", ""atten_dsr_VP017_gonogo3_task_006_00"", ""atten_dsr_VP017_gonogo3_task_006_01"", ""atten_dsr_VP017_gonogo3_rest_006_00"", ""atten_dsr_VP017_gonogo3_rest_006_01""]",True,,0.7629211829148298,58,0.7,0.6899545266639107,0.7297794117647058,0.7,0.4
VP018,2023,source_only,0.30,0.3055555555555556,22,50,"{""0"": 11, ""1"": 11}","{""0"": 25, ""1"": 25}","[""atten_dsr_VP018_gonogo1_task_002_00"", ""atten_dsr_VP018_gonogo1_task_003_00"", ""atten_dsr_VP018_gonogo1_task_004_00"", ""atten_dsr_VP018_gonogo1_task_004_01"", ""atten_dsr_VP018_gonogo1_rest_004_00"", ""atten_dsr_VP018_gonogo1_task_005_00"", ""atten_dsr_VP018_gonogo1_rest_006_01"", ""atten_dsr_VP018_gonogo2_task_001_00"", ""atten_dsr_VP018_gonogo2_rest_001_01"", ""atten_dsr_VP018_gonogo2_rest_002_00"", ""atten_dsr_VP018_gonogo2_rest_003_01"", ""atten_dsr_VP018_gonogo2_task_004_01"", ""atten_dsr_VP018_gonogo2_rest_004_00"", ""atten_dsr_VP018_gonogo2_rest_006_00"", ""atten_dsr_VP018_gonogo3_task_001_00"", ""atten_dsr_VP018_gonogo3_task_001_01"", ""atten_dsr_VP018_gonogo3_rest_001_00"", ""atten_dsr_VP018_gonogo3_rest_002_00"", ""atten_dsr_VP018_gonogo3_task_003_00"", ""atten_dsr_VP018_gonogo3_rest_003_00"", ""atten_dsr_VP018_gonogo3_task_004_00"", ""atten_dsr_VP018_gonogo3_rest_005_00""]","[""atten_dsr_VP018_gonogo1_task_001_00"", ""atten_dsr_VP018_gonogo1_task_001_01"", ""atten_dsr_VP018_gonogo1_rest_001_00"", ""atten_dsr_VP018_gonogo1_rest_001_01"", ""atten_dsr_VP018_gonogo1_task_002_01"", ""atten_dsr_VP018_gonogo1_rest_002_00"", ""atten_dsr_VP018_gonogo1_rest_002_01"", ""atten_dsr_VP018_gonogo1_task_003_01"", ""atten_dsr_VP018_gonogo1_rest_003_00"", ""atten_dsr_VP018_gonogo1_rest_003_01"", ""atten_dsr_VP018_gonogo1_rest_004_01"", ""atten_dsr_VP018_gonogo1_task_005_01"", ""atten_dsr_VP018_gonogo1_rest_005_00"", ""atten_dsr_VP018_gonogo1_rest_005_01"", ""atten_dsr_VP018_gonogo1_task_006_00"", ""atten_dsr_VP018_gonogo1_task_006_01"", ""atten_dsr_VP018_gonogo1_rest_006_00"", ""atten_dsr_VP018_gonogo2_task_001_01"", ""atten_dsr_VP018_gonogo2_rest_001_00"", ""atten_dsr_VP018_gonogo2_task_002_00"", ""atten_dsr_VP018_gonogo2_task_002_01"", ""atten_dsr_VP018_gonogo2_rest_002_01"", ""atten_dsr_VP018_gonogo2_task_003_00"", ""atten_dsr_VP018_gonogo2_task_003_01"", ""atten_dsr_VP018_gonogo2_rest_003_00"", ""atten_dsr_VP018_gonogo2_task_004_00"", ""atten_dsr_VP018_gonogo2_rest_004_01"", ""atten_dsr_VP018_gonogo2_task_005_00"", ""atten_dsr_VP018_gonogo2_task_005_01"", ""atten_dsr_VP018_gonogo2_rest_005_00"", ""atten_dsr_VP018_gonogo2_rest_005_01"", ""atten_dsr_VP018_gonogo2_task_006_00"", ""atten_dsr_VP018_gonogo2_task_006_01"", ""atten_dsr_VP018_gonogo2_rest_006_01"", ""atten_dsr_VP018_gonogo3_rest_001_01"", ""atten_dsr_VP018_gonogo3_task_002_00"", ""atten_dsr_VP018_gonogo3_task_002_01"", ""atten_dsr_VP018_gonogo3_rest_002_01"", ""atten_dsr_VP018_gonogo3_task_003_01"", ""atten_dsr_VP018_gonogo3_rest_003_01"", ""atten_dsr_VP018_gonogo3_task_004_01"", ""atten_dsr_VP018_gonogo3_rest_004_00"", ""atten_dsr_VP018_gonogo3_rest_004_01"", ""atten_dsr_VP018_gonogo3_task_005_00"", ""atten_dsr_VP018_gonogo3_task_005_01"", ""atten_dsr_VP018_gonogo3_rest_005_01"", ""atten_dsr_VP018_gonogo3_task_006_00"", ""atten_dsr_VP018_gonogo3_task_006_01"", ""atten_dsr_VP018_gonogo3_rest_006_00"", ""atten_dsr_VP018_gonogo3_rest_006_01""]",True,,0.7970954068515044,71,0.9,0.898989898989899,0.9166666666666667,0.9,0.8
VP018,2023,existing_head_adaptation,0.30,0.3055555555555556,22,50,"{""0"": 11, ""1"": 11}","{""0"": 25, ""1"": 25}","[""atten_dsr_VP018_gonogo1_task_002_00"", ""atten_dsr_VP018_gonogo1_task_003_00"", ""atten_dsr_VP018_gonogo1_task_004_00"", ""atten_dsr_VP018_gonogo1_task_004_01"", ""atten_dsr_VP018_gonogo1_rest_004_00"", ""atten_dsr_VP018_gonogo1_task_005_00"", ""atten_dsr_VP018_gonogo1_rest_006_01"", ""atten_dsr_VP018_gonogo2_task_001_00"", ""atten_dsr_VP018_gonogo2_rest_001_01"", ""atten_dsr_VP018_gonogo2_rest_002_00"", ""atten_dsr_VP018_gonogo2_rest_003_01"", ""atten_dsr_VP018_gonogo2_task_004_01"", ""atten_dsr_VP018_gonogo2_rest_004_00"", ""atten_dsr_VP018_gonogo2_rest_006_00"", ""atten_dsr_VP018_gonogo3_task_001_00"", ""atten_dsr_VP018_gonogo3_task_001_01"", ""atten_dsr_VP018_gonogo3_rest_001_00"", ""atten_dsr_VP018_gonogo3_rest_002_00"", ""atten_dsr_VP018_gonogo3_task_003_00"", ""atten_dsr_VP018_gonogo3_rest_003_00"", ""atten_dsr_VP018_gonogo3_task_004_00"", ""atten_dsr_VP018_gonogo3_rest_005_00""]","[""atten_dsr_VP018_gonogo1_task_001_00"", ""atten_dsr_VP018_gonogo1_task_001_01"", ""atten_dsr_VP018_gonogo1_rest_001_00"", ""atten_dsr_VP018_gonogo1_rest_001_01"", ""atten_dsr_VP018_gonogo1_task_002_01"", ""atten_dsr_VP018_gonogo1_rest_002_00"", ""atten_dsr_VP018_gonogo1_rest_002_01"", ""atten_dsr_VP018_gonogo1_task_003_01"", ""atten_dsr_VP018_gonogo1_rest_003_00"", ""atten_dsr_VP018_gonogo1_rest_003_01"", ""atten_dsr_VP018_gonogo1_rest_004_01"", ""atten_dsr_VP018_gonogo1_task_005_01"", ""atten_dsr_VP018_gonogo1_rest_005_00"", ""atten_dsr_VP018_gonogo1_rest_005_01"", ""atten_dsr_VP018_gonogo1_task_006_00"", ""atten_dsr_VP018_gonogo1_task_006_01"", ""atten_dsr_VP018_gonogo1_rest_006_00"", ""atten_dsr_VP018_gonogo2_task_001_01"", ""atten_dsr_VP018_gonogo2_rest_001_00"", ""atten_dsr_VP018_gonogo2_task_002_00"", ""atten_dsr_VP018_gonogo2_task_002_01"", ""atten_dsr_VP018_gonogo2_rest_002_01"", ""atten_dsr_VP018_gonogo2_task_003_00"", ""atten_dsr_VP018_gonogo2_task_003_01"", ""atten_dsr_VP018_gonogo2_rest_003_00"", ""atten_dsr_VP018_gonogo2_task_004_00"", ""atten_dsr_VP018_gonogo2_rest_004_01"", ""atten_dsr_VP018_gonogo2_task_005_00"", ""atten_dsr_VP018_gonogo2_task_005_01"", ""atten_dsr_VP018_gonogo2_rest_005_00"", ""atten_dsr_VP018_gonogo2_rest_005_01"", ""atten_dsr_VP018_gonogo2_task_006_00"", ""atten_dsr_VP018_gonogo2_task_006_01"", ""atten_dsr_VP018_gonogo2_rest_006_01"", ""atten_dsr_VP018_gonogo3_rest_001_01"", ""atten_dsr_VP018_gonogo3_task_002_00"", ""atten_dsr_VP018_gonogo3_task_002_01"", ""atten_dsr_VP018_gonogo3_rest_002_01"", ""atten_dsr_VP018_gonogo3_task_003_01"", ""atten_dsr_VP018_gonogo3_rest_003_01"", ""atten_dsr_VP018_gonogo3_task_004_01"", ""atten_dsr_VP018_gonogo3_rest_004_00"", ""atten_dsr_VP018_gonogo3_rest_004_01"", ""atten_dsr_VP018_gonogo3_task_005_00"", ""atten_dsr_VP018_gonogo3_task_005_01"", ""atten_dsr_VP018_gonogo3_rest_005_01"", ""atten_dsr_VP018_gonogo3_task_006_00"", ""atten_dsr_VP018_gonogo3_task_006_01"", ""atten_dsr_VP018_gonogo3_rest_006_00"", ""atten_dsr_VP018_gonogo3_rest_006_01""]",True,,0.7970954068515044,71,0.92,0.9194847020933977,0.9310344827586207,0.9199999999999999,0.84
VP019,2023,source_only,0.30,0.3055555555555556,22,50,"{""0"": 11, ""1"": 11}","{""0"": 25, ""1"": 25}","[""atten_dsr_VP019_gonogo1_task_002_00"", ""atten_dsr_VP019_gonogo1_task_003_00"", ""atten_dsr_VP019_gonogo1_task_004_00"", ""atten_dsr_VP019_gonogo1_task_004_01"", ""atten_dsr_VP019_gonogo1_rest_004_00"", ""atten_dsr_VP019_gonogo1_task_005_00"", ""atten_dsr_VP019_gonogo1_rest_006_01"", ""atten_dsr_VP019_gonogo2_task_001_00"", ""atten_dsr_VP019_gonogo2_rest_001_01"", ""atten_dsr_VP019_gonogo2_rest_002_00"", ""atten_dsr_VP019_gonogo2_rest_003_01"", ""atten_dsr_VP019_gonogo2_task_004_01"", ""atten_dsr_VP019_gonogo2_rest_004_00"", ""atten_dsr_VP019_gonogo2_rest_006_00"", ""atten_dsr_VP019_gonogo3_task_001_00"", ""atten_dsr_VP019_gonogo3_task_001_01"", ""atten_dsr_VP019_gonogo3_rest_001_00"", ""atten_dsr_VP019_gonogo3_rest_002_00"", ""atten_dsr_VP019_gonogo3_task_003_00"", ""atten_dsr_VP019_gonogo3_rest_003_00"", ""atten_dsr_VP019_gonogo3_task_004_00"", ""atten_dsr_VP019_gonogo3_rest_005_00""]","[""atten_dsr_VP019_gonogo1_task_001_00"", ""atten_dsr_VP019_gonogo1_task_001_01"", ""atten_dsr_VP019_gonogo1_rest_001_00"", ""atten_dsr_VP019_gonogo1_rest_001_01"", ""atten_dsr_VP019_gonogo1_task_002_01"", ""atten_dsr_VP019_gonogo1_rest_002_00"", ""atten_dsr_VP019_gonogo1_rest_002_01"", ""atten_dsr_VP019_gonogo1_task_003_01"", ""atten_dsr_VP019_gonogo1_rest_003_00"", ""atten_dsr_VP019_gonogo1_rest_003_01"", ""atten_dsr_VP019_gonogo1_rest_004_01"", ""atten_dsr_VP019_gonogo1_task_005_01"", ""atten_dsr_VP019_gonogo1_rest_005_00"", ""atten_dsr_VP019_gonogo1_rest_005_01"", ""atten_dsr_VP019_gonogo1_task_006_00"", ""atten_dsr_VP019_gonogo1_task_006_01"", ""atten_dsr_VP019_gonogo1_rest_006_00"", ""atten_dsr_VP019_gonogo2_task_001_01"", ""atten_dsr_VP019_gonogo2_rest_001_00"", ""atten_dsr_VP019_gonogo2_task_002_00"", ""atten_dsr_VP019_gonogo2_task_002_01"", ""atten_dsr_VP019_gonogo2_rest_002_01"", ""atten_dsr_VP019_gonogo2_task_003_00"", ""atten_dsr_VP019_gonogo2_task_003_01"", ""atten_dsr_VP019_gonogo2_rest_003_00"", ""atten_dsr_VP019_gonogo2_task_004_00"", ""atten_dsr_VP019_gonogo2_rest_004_01"", ""atten_dsr_VP019_gonogo2_task_005_00"", ""atten_dsr_VP019_gonogo2_task_005_01"", ""atten_dsr_VP019_gonogo2_rest_005_00"", ""atten_dsr_VP019_gonogo2_rest_005_01"", ""atten_dsr_VP019_gonogo2_task_006_00"", ""atten_dsr_VP019_gonogo2_task_006_01"", ""atten_dsr_VP019_gonogo2_rest_006_01"", ""atten_dsr_VP019_gonogo3_rest_001_01"", ""atten_dsr_VP019_gonogo3_task_002_00"", ""atten_dsr_VP019_gonogo3_task_002_01"", ""atten_dsr_VP019_gonogo3_rest_002_01"", ""atten_dsr_VP019_gonogo3_task_003_01"", ""atten_dsr_VP019_gonogo3_rest_003_01"", ""atten_dsr_VP019_gonogo3_task_004_01"", ""atten_dsr_VP019_gonogo3_rest_004_00"", ""atten_dsr_VP019_gonogo3_rest_004_01"", ""atten_dsr_VP019_gonogo3_task_005_00"", ""atten_dsr_VP019_gonogo3_task_005_01"", ""atten_dsr_VP019_gonogo3_rest_005_01"", ""atten_dsr_VP019_gonogo3_task_006_00"", ""atten_dsr_VP019_gonogo3_task_006_01"", ""atten_dsr_VP019_gonogo3_rest_006_00"", ""atten_dsr_VP019_gonogo3_rest_006_01""]",True,,0.8275169237426974,53,0.82,0.8181818181818181,0.8333333333333334,0.8200000000000001,0.64
VP019,2023,existing_head_adaptation,0.30,0.3055555555555556,22,50,"{""0"": 11, ""1"": 11}","{""0"": 25, ""1"": 25}","[""atten_dsr_VP019_gonogo1_task_002_00"", ""atten_dsr_VP019_gonogo1_task_003_00"", ""atten_dsr_VP019_gonogo1_task_004_00"", ""atten_dsr_VP019_gonogo1_task_004_01"", ""atten_dsr_VP019_gonogo1_rest_004_00"", ""atten_dsr_VP019_gonogo1_task_005_00"", ""atten_dsr_VP019_gonogo1_rest_006_01"", ""atten_dsr_VP019_gonogo2_task_001_00"", ""atten_dsr_VP019_gonogo2_rest_001_01"", ""atten_dsr_VP019_gonogo2_rest_002_00"", ""atten_dsr_VP019_gonogo2_rest_003_01"", ""atten_dsr_VP019_gonogo2_task_004_01"", ""atten_dsr_VP019_gonogo2_rest_004_00"", ""atten_dsr_VP019_gonogo2_rest_006_00"", ""atten_dsr_VP019_gonogo3_task_001_00"", ""atten_dsr_VP019_gonogo3_task_001_01"", ""atten_dsr_VP019_gonogo3_rest_001_00"", ""atten_dsr_VP019_gonogo3_rest_002_00"", ""atten_dsr_VP019_gonogo3_task_003_00"", ""atten_dsr_VP019_gonogo3_rest_003_00"", ""atten_dsr_VP019_gonogo3_task_004_00"", ""atten_dsr_VP019_gonogo3_rest_005_00""]","[""atten_dsr_VP019_gonogo1_task_001_00"", ""atten_dsr_VP019_gonogo1_task_001_01"", ""atten_dsr_VP019_gonogo1_rest_001_00"", ""atten_dsr_VP019_gonogo1_rest_001_01"", ""atten_dsr_VP019_gonogo1_task_002_01"", ""atten_dsr_VP019_gonogo1_rest_002_00"", ""atten_dsr_VP019_gonogo1_rest_002_01"", ""atten_dsr_VP019_gonogo1_task_003_01"", ""atten_dsr_VP019_gonogo1_rest_003_00"", ""atten_dsr_VP019_gonogo1_rest_003_01"", ""atten_dsr_VP019_gonogo1_rest_004_01"", ""atten_dsr_VP019_gonogo1_task_005_01"", ""atten_dsr_VP019_gonogo1_rest_005_00"", ""atten_dsr_VP019_gonogo1_rest_005_01"", ""atten_dsr_VP019_gonogo1_task_006_00"", ""atten_dsr_VP019_gonogo1_task_006_01"", ""atten_dsr_VP019_gonogo1_rest_006_00"", ""atten_dsr_VP019_gonogo2_task_001_01"", ""atten_dsr_VP019_gonogo2_rest_001_00"", ""atten_dsr_VP019_gonogo2_task_002_00"", ""atten_dsr_VP019_gonogo2_task_002_01"", ""atten_dsr_VP019_gonogo2_rest_002_01"", ""atten_dsr_VP019_gonogo2_task_003_00"", ""atten_dsr_VP019_gonogo2_task_003_01"", ""atten_dsr_VP019_gonogo2_rest_003_00"", ""atten_dsr_VP019_gonogo2_task_004_00"", ""atten_dsr_VP019_gonogo2_rest_004_01"", ""atten_dsr_VP019_gonogo2_task_005_00"", ""atten_dsr_VP019_gonogo2_task_005_01"", ""atten_dsr_VP019_gonogo2_rest_005_00"", ""atten_dsr_VP019_gonogo2_rest_005_01"", ""atten_dsr_VP019_gonogo2_task_006_00"", ""atten_dsr_VP019_gonogo2_task_006_01"", ""atten_dsr_VP019_gonogo2_rest_006_01"", ""atten_dsr_VP019_gonogo3_rest_001_01"", ""atten_dsr_VP019_gonogo3_task_002_00"", ""atten_dsr_VP019_gonogo3_task_002_01"", ""atten_dsr_VP019_gonogo3_rest_002_01"", ""atten_dsr_VP019_gonogo3_task_003_01"", ""atten_dsr_VP019_gonogo3_rest_003_01"", ""atten_dsr_VP019_gonogo3_task_004_01"", ""atten_dsr_VP019_gonogo3_rest_004_00"", ""atten_dsr_VP019_gonogo3_rest_004_01"", ""atten_dsr_VP019_gonogo3_task_005_00"", ""atten_dsr_VP019_gonogo3_task_005_01"", ""atten_dsr_VP019_gonogo3_rest_005_01"", ""atten_dsr_VP019_gonogo3_task_006_00"", ""atten_dsr_VP019_gonogo3_task_006_01"", ""atten_dsr_VP019_gonogo3_rest_006_00"", ""atten_dsr_VP019_gonogo3_rest_006_01""]",True,,0.8275169237426974,53,0.82,0.8181818181818181,0.8333333333333334,0.8200000000000001,0.64
VP020,2023,source_only,0.30,0.3055555555555556,22,50,"{""0"": 11, ""1"": 11}","{""0"": 25, ""1"": 25}","[""atten_dsr_VP020_gonogo1_task_002_00"", ""atten_dsr_VP020_gonogo1_task_003_00"", ""atten_dsr_VP020_gonogo1_task_004_00"", ""atten_dsr_VP020_gonogo1_task_004_01"", ""atten_dsr_VP020_gonogo1_rest_004_00"", ""atten_dsr_VP020_gonogo1_task_005_00"", ""atten_dsr_VP020_gonogo1_rest_006_01"", ""atten_dsr_VP020_gonogo2_task_001_00"", ""atten_dsr_VP020_gonogo2_rest_001_01"", ""atten_dsr_VP020_gonogo2_rest_002_00"", ""atten_dsr_VP020_gonogo2_rest_003_01"", ""atten_dsr_VP020_gonogo2_task_004_01"", ""atten_dsr_VP020_gonogo2_rest_004_00"", ""atten_dsr_VP020_gonogo2_rest_006_00"", ""atten_dsr_VP020_gonogo3_task_001_00"", ""atten_dsr_VP020_gonogo3_task_001_01"", ""atten_dsr_VP020_gonogo3_rest_001_00"", ""atten_dsr_VP020_gonogo3_rest_002_00"", ""atten_dsr_VP020_gonogo3_task_003_00"", ""atten_dsr_VP020_gonogo3_rest_003_00"", ""atten_dsr_VP020_gonogo3_task_004_00"", ""atten_dsr_VP020_gonogo3_rest_005_00""]","[""atten_dsr_VP020_gonogo1_task_001_00"", ""atten_dsr_VP020_gonogo1_task_001_01"", ""atten_dsr_VP020_gonogo1_rest_001_00"", ""atten_dsr_VP020_gonogo1_rest_001_01"", ""atten_dsr_VP020_gonogo1_task_002_01"", ""atten_dsr_VP020_gonogo1_rest_002_00"", ""atten_dsr_VP020_gonogo1_rest_002_01"", ""atten_dsr_VP020_gonogo1_task_003_01"", ""atten_dsr_VP020_gonogo1_rest_003_00"", ""atten_dsr_VP020_gonogo1_rest_003_01"", ""atten_dsr_VP020_gonogo1_rest_004_01"", ""atten_dsr_VP020_gonogo1_task_005_01"", ""atten_dsr_VP020_gonogo1_rest_005_00"", ""atten_dsr_VP020_gonogo1_rest_005_01"", ""atten_dsr_VP020_gonogo1_task_006_00"", ""atten_dsr_VP020_gonogo1_task_006_01"", ""atten_dsr_VP020_gonogo1_rest_006_00"", ""atten_dsr_VP020_gonogo2_task_001_01"", ""atten_dsr_VP020_gonogo2_rest_001_00"", ""atten_dsr_VP020_gonogo2_task_002_00"", ""atten_dsr_VP020_gonogo2_task_002_01"", ""atten_dsr_VP020_gonogo2_rest_002_01"", ""atten_dsr_VP020_gonogo2_task_003_00"", ""atten_dsr_VP020_gonogo2_task_003_01"", ""atten_dsr_VP020_gonogo2_rest_003_00"", ""atten_dsr_VP020_gonogo2_task_004_00"", ""atten_dsr_VP020_gonogo2_rest_004_01"", ""atten_dsr_VP020_gonogo2_task_005_00"", ""atten_dsr_VP020_gonogo2_task_005_01"", ""atten_dsr_VP020_gonogo2_rest_005_00"", ""atten_dsr_VP020_gonogo2_rest_005_01"", ""atten_dsr_VP020_gonogo2_task_006_00"", ""atten_dsr_VP020_gonogo2_task_006_01"", ""atten_dsr_VP020_gonogo2_rest_006_01"", ""atten_dsr_VP020_gonogo3_rest_001_01"", ""atten_dsr_VP020_gonogo3_task_002_00"", ""atten_dsr_VP020_gonogo3_task_002_01"", ""atten_dsr_VP020_gonogo3_rest_002_01"", ""atten_dsr_VP020_gonogo3_task_003_01"", ""atten_dsr_VP020_gonogo3_rest_003_01"", ""atten_dsr_VP020_gonogo3_task_004_01"", ""atten_dsr_VP020_gonogo3_rest_004_00"", ""atten_dsr_VP020_gonogo3_rest_004_01"", ""atten_dsr_VP020_gonogo3_task_005_00"", ""atten_dsr_VP020_gonogo3_task_005_01"", ""atten_dsr_VP020_gonogo3_rest_005_01"", ""atten_dsr_VP020_gonogo3_task_006_00"", ""atten_dsr_VP020_gonogo3_task_006_01"", ""atten_dsr_VP020_gonogo3_rest_006_00"", ""atten_dsr_VP020_gonogo3_rest_006_01""]",True,,0.8105263157894738,93,0.86,0.8594941790445605,0.8652597402597402,0.8600000000000001,0.72
VP020,2023,existing_head_adaptation,0.30,0.3055555555555556,22,50,"{""0"": 11, ""1"": 11}","{""0"": 25, ""1"": 25}","[""atten_dsr_VP020_gonogo1_task_002_00"", ""atten_dsr_VP020_gonogo1_task_003_00"", ""atten_dsr_VP020_gonogo1_task_004_00"", ""atten_dsr_VP020_gonogo1_task_004_01"", ""atten_dsr_VP020_gonogo1_rest_004_00"", ""atten_dsr_VP020_gonogo1_task_005_00"", ""atten_dsr_VP020_gonogo1_rest_006_01"", ""atten_dsr_VP020_gonogo2_task_001_00"", ""atten_dsr_VP020_gonogo2_rest_001_01"", ""atten_dsr_VP020_gonogo2_rest_002_00"", ""atten_dsr_VP020_gonogo2_rest_003_01"", ""atten_dsr_VP020_gonogo2_task_004_01"", ""atten_dsr_VP020_gonogo2_rest_004_00"", ""atten_dsr_VP020_gonogo2_rest_006_00"", ""atten_dsr_VP020_gonogo3_task_001_00"", ""atten_dsr_VP020_gonogo3_task_001_01"", ""atten_dsr_VP020_gonogo3_rest_001_00"", ""atten_dsr_VP020_gonogo3_rest_002_00"", ""atten_dsr_VP020_gonogo3_task_003_00"", ""atten_dsr_VP020_gonogo3_rest_003_00"", ""atten_dsr_VP020_gonogo3_task_004_00"", ""atten_dsr_VP020_gonogo3_rest_005_00""]","[""atten_dsr_VP020_gonogo1_task_001_00"", ""atten_dsr_VP020_gonogo1_task_001_01"", ""atten_dsr_VP020_gonogo1_rest_001_00"", ""atten_dsr_VP020_gonogo1_rest_001_01"", ""atten_dsr_VP020_gonogo1_task_002_01"", ""atten_dsr_VP020_gonogo1_rest_002_00"", ""atten_dsr_VP020_gonogo1_rest_002_01"", ""atten_dsr_VP020_gonogo1_task_003_01"", ""atten_dsr_VP020_gonogo1_rest_003_00"", ""atten_dsr_VP020_gonogo1_rest_003_01"", ""atten_dsr_VP020_gonogo1_rest_004_01"", ""atten_dsr_VP020_gonogo1_task_005_01"", ""atten_dsr_VP020_gonogo1_rest_005_00"", ""atten_dsr_VP020_gonogo1_rest_005_01"", ""atten_dsr_VP020_gonogo1_task_006_00"", ""atten_dsr_VP020_gonogo1_task_006_01"", ""atten_dsr_VP020_gonogo1_rest_006_00"", ""atten_dsr_VP020_gonogo2_task_001_01"", ""atten_dsr_VP020_gonogo2_rest_001_00"", ""atten_dsr_VP020_gonogo2_task_002_00"", ""atten_dsr_VP020_gonogo2_task_002_01"", ""atten_dsr_VP020_gonogo2_rest_002_01"", ""atten_dsr_VP020_gonogo2_task_003_00"", ""atten_dsr_VP020_gonogo2_task_003_01"", ""atten_dsr_VP020_gonogo2_rest_003_00"", ""atten_dsr_VP020_gonogo2_task_004_00"", ""atten_dsr_VP020_gonogo2_rest_004_01"", ""atten_dsr_VP020_gonogo2_task_005_00"", ""atten_dsr_VP020_gonogo2_task_005_01"", ""atten_dsr_VP020_gonogo2_rest_005_00"", ""atten_dsr_VP020_gonogo2_rest_005_01"", ""atten_dsr_VP020_gonogo2_task_006_00"", ""atten_dsr_VP020_gonogo2_task_006_01"", ""atten_dsr_VP020_gonogo2_rest_006_01"", ""atten_dsr_VP020_gonogo3_rest_001_01"", ""atten_dsr_VP020_gonogo3_task_002_00"", ""atten_dsr_VP020_gonogo3_task_002_01"", ""atten_dsr_VP020_gonogo3_rest_002_01"", ""atten_dsr_VP020_gonogo3_task_003_01"", ""atten_dsr_VP020_gonogo3_rest_003_01"", ""atten_dsr_VP020_gonogo3_task_004_01"", ""atten_dsr_VP020_gonogo3_rest_004_00"", ""atten_dsr_VP020_gonogo3_rest_004_01"", ""atten_dsr_VP020_gonogo3_task_005_00"", ""atten_dsr_VP020_gonogo3_task_005_01"", ""atten_dsr_VP020_gonogo3_rest_005_01"", ""atten_dsr_VP020_gonogo3_task_006_00"", ""atten_dsr_VP020_gonogo3_task_006_01"", ""atten_dsr_VP020_gonogo3_rest_006_00"", ""atten_dsr_VP020_gonogo3_rest_006_01""]",True,,0.8105263157894738,93,0.86,0.8594941790445605,0.8652597402597402,0.8600000000000001,0.72
VP021,2023,source_only,0.30,0.3055555555555556,22,50,"{""0"": 11, ""1"": 11}","{""0"": 25, ""1"": 25}","[""atten_dsr_VP021_gonogo1_task_002_00"", ""atten_dsr_VP021_gonogo1_task_003_00"", ""atten_dsr_VP021_gonogo1_task_004_00"", ""atten_dsr_VP021_gonogo1_task_004_01"", ""atten_dsr_VP021_gonogo1_rest_004_00"", ""atten_dsr_VP021_gonogo1_task_005_00"", ""atten_dsr_VP021_gonogo1_rest_006_01"", ""atten_dsr_VP021_gonogo2_task_001_00"", ""atten_dsr_VP021_gonogo2_rest_001_01"", ""atten_dsr_VP021_gonogo2_rest_002_00"", ""atten_dsr_VP021_gonogo2_rest_003_01"", ""atten_dsr_VP021_gonogo2_task_004_01"", ""atten_dsr_VP021_gonogo2_rest_004_00"", ""atten_dsr_VP021_gonogo2_rest_006_00"", ""atten_dsr_VP021_gonogo3_task_001_00"", ""atten_dsr_VP021_gonogo3_task_001_01"", ""atten_dsr_VP021_gonogo3_rest_001_00"", ""atten_dsr_VP021_gonogo3_rest_002_00"", ""atten_dsr_VP021_gonogo3_task_003_00"", ""atten_dsr_VP021_gonogo3_rest_003_00"", ""atten_dsr_VP021_gonogo3_task_004_00"", ""atten_dsr_VP021_gonogo3_rest_005_00""]","[""atten_dsr_VP021_gonogo1_task_001_00"", ""atten_dsr_VP021_gonogo1_task_001_01"", ""atten_dsr_VP021_gonogo1_rest_001_00"", ""atten_dsr_VP021_gonogo1_rest_001_01"", ""atten_dsr_VP021_gonogo1_task_002_01"", ""atten_dsr_VP021_gonogo1_rest_002_00"", ""atten_dsr_VP021_gonogo1_rest_002_01"", ""atten_dsr_VP021_gonogo1_task_003_01"", ""atten_dsr_VP021_gonogo1_rest_003_00"", ""atten_dsr_VP021_gonogo1_rest_003_01"", ""atten_dsr_VP021_gonogo1_rest_004_01"", ""atten_dsr_VP021_gonogo1_task_005_01"", ""atten_dsr_VP021_gonogo1_rest_005_00"", ""atten_dsr_VP021_gonogo1_rest_005_01"", ""atten_dsr_VP021_gonogo1_task_006_00"", ""atten_dsr_VP021_gonogo1_task_006_01"", ""atten_dsr_VP021_gonogo1_rest_006_00"", ""atten_dsr_VP021_gonogo2_task_001_01"", ""atten_dsr_VP021_gonogo2_rest_001_00"", ""atten_dsr_VP021_gonogo2_task_002_00"", ""atten_dsr_VP021_gonogo2_task_002_01"", ""atten_dsr_VP021_gonogo2_rest_002_01"", ""atten_dsr_VP021_gonogo2_task_003_00"", ""atten_dsr_VP021_gonogo2_task_003_01"", ""atten_dsr_VP021_gonogo2_rest_003_00"", ""atten_dsr_VP021_gonogo2_task_004_00"", ""atten_dsr_VP021_gonogo2_rest_004_01"", ""atten_dsr_VP021_gonogo2_task_005_00"", ""atten_dsr_VP021_gonogo2_task_005_01"", ""atten_dsr_VP021_gonogo2_rest_005_00"", ""atten_dsr_VP021_gonogo2_rest_005_01"", ""atten_dsr_VP021_gonogo2_task_006_00"", ""atten_dsr_VP021_gonogo2_task_006_01"", ""atten_dsr_VP021_gonogo2_rest_006_01"", ""atten_dsr_VP021_gonogo3_rest_001_01"", ""atten_dsr_VP021_gonogo3_task_002_00"", ""atten_dsr_VP021_gonogo3_task_002_01"", ""atten_dsr_VP021_gonogo3_rest_002_01"", ""atten_dsr_VP021_gonogo3_task_003_01"", ""atten_dsr_VP021_gonogo3_rest_003_01"", ""atten_dsr_VP021_gonogo3_task_004_01"", ""atten_dsr_VP021_gonogo3_rest_004_00"", ""atten_dsr_VP021_gonogo3_rest_004_01"", ""atten_dsr_VP021_gonogo3_task_005_00"", ""atten_dsr_VP021_gonogo3_task_005_01"", ""atten_dsr_VP021_gonogo3_rest_005_01"", ""atten_dsr_VP021_gonogo3_task_006_00"", ""atten_dsr_VP021_gonogo3_task_006_01"", ""atten_dsr_VP021_gonogo3_rest_006_00"", ""atten_dsr_VP021_gonogo3_rest_006_01""]",True,,0.791304347826087,85,0.82,0.8164014687882497,0.8472222222222222,0.8200000000000001,0.64
VP021,2023,existing_head_adaptation,0.30,0.3055555555555556,22,50,"{""0"": 11, ""1"": 11}","{""0"": 25, ""1"": 25}","[""atten_dsr_VP021_gonogo1_task_002_00"", ""atten_dsr_VP021_gonogo1_task_003_00"", ""atten_dsr_VP021_gonogo1_task_004_00"", ""atten_dsr_VP021_gonogo1_task_004_01"", ""atten_dsr_VP021_gonogo1_rest_004_00"", ""atten_dsr_VP021_gonogo1_task_005_00"", ""atten_dsr_VP021_gonogo1_rest_006_01"", ""atten_dsr_VP021_gonogo2_task_001_00"", ""atten_dsr_VP021_gonogo2_rest_001_01"", ""atten_dsr_VP021_gonogo2_rest_002_00"", ""atten_dsr_VP021_gonogo2_rest_003_01"", ""atten_dsr_VP021_gonogo2_task_004_01"", ""atten_dsr_VP021_gonogo2_rest_004_00"", ""atten_dsr_VP021_gonogo2_rest_006_00"", ""atten_dsr_VP021_gonogo3_task_001_00"", ""atten_dsr_VP021_gonogo3_task_001_01"", ""atten_dsr_VP021_gonogo3_rest_001_00"", ""atten_dsr_VP021_gonogo3_rest_002_00"", ""atten_dsr_VP021_gonogo3_task_003_00"", ""atten_dsr_VP021_gonogo3_rest_003_00"", ""atten_dsr_VP021_gonogo3_task_004_00"", ""atten_dsr_VP021_gonogo3_rest_005_00""]","[""atten_dsr_VP021_gonogo1_task_001_00"", ""atten_dsr_VP021_gonogo1_task_001_01"", ""atten_dsr_VP021_gonogo1_rest_001_00"", ""atten_dsr_VP021_gonogo1_rest_001_01"", ""atten_dsr_VP021_gonogo1_task_002_01"", ""atten_dsr_VP021_gonogo1_rest_002_00"", ""atten_dsr_VP021_gonogo1_rest_002_01"", ""atten_dsr_VP021_gonogo1_task_003_01"", ""atten_dsr_VP021_gonogo1_rest_003_00"", ""atten_dsr_VP021_gonogo1_rest_003_01"", ""atten_dsr_VP021_gonogo1_rest_004_01"", ""atten_dsr_VP021_gonogo1_task_005_01"", ""atten_dsr_VP021_gonogo1_rest_005_00"", ""atten_dsr_VP021_gonogo1_rest_005_01"", ""atten_dsr_VP021_gonogo1_task_006_00"", ""atten_dsr_VP021_gonogo1_task_006_01"", ""atten_dsr_VP021_gonogo1_rest_006_00"", ""atten_dsr_VP021_gonogo2_task_001_01"", ""atten_dsr_VP021_gonogo2_rest_001_00"", ""atten_dsr_VP021_gonogo2_task_002_00"", ""atten_dsr_VP021_gonogo2_task_002_01"", ""atten_dsr_VP021_gonogo2_rest_002_01"", ""atten_dsr_VP021_gonogo2_task_003_00"", ""atten_dsr_VP021_gonogo2_task_003_01"", ""atten_dsr_VP021_gonogo2_rest_003_00"", ""atten_dsr_VP021_gonogo2_task_004_00"", ""atten_dsr_VP021_gonogo2_rest_004_01"", ""atten_dsr_VP021_gonogo2_task_005_00"", ""atten_dsr_VP021_gonogo2_task_005_01"", ""atten_dsr_VP021_gonogo2_rest_005_00"", ""atten_dsr_VP021_gonogo2_rest_005_01"", ""atten_dsr_VP021_gonogo2_task_006_00"", ""atten_dsr_VP021_gonogo2_task_006_01"", ""atten_dsr_VP021_gonogo2_rest_006_01"", ""atten_dsr_VP021_gonogo3_rest_001_01"", ""atten_dsr_VP021_gonogo3_task_002_00"", ""atten_dsr_VP021_gonogo3_task_002_01"", ""atten_dsr_VP021_gonogo3_rest_002_01"", ""atten_dsr_VP021_gonogo3_task_003_01"", ""atten_dsr_VP021_gonogo3_rest_003_01"", ""atten_dsr_VP021_gonogo3_task_004_01"", ""atten_dsr_VP021_gonogo3_rest_004_00"", ""atten_dsr_VP021_gonogo3_rest_004_01"", ""atten_dsr_VP021_gonogo3_task_005_00"", ""atten_dsr_VP021_gonogo3_task_005_01"", ""atten_dsr_VP021_gonogo3_rest_005_01"", ""atten_dsr_VP021_gonogo3_task_006_00"", ""atten_dsr_VP021_gonogo3_task_006_01"", ""atten_dsr_VP021_gonogo3_rest_006_00"", ""atten_dsr_VP021_gonogo3_rest_006_01""]",True,,0.791304347826087,85,0.86,0.8585858585858586,0.875,0.86,0.72
VP022,2023,source_only,0.30,0.3055555555555556,22,50,"{""0"": 11, ""1"": 11}","{""0"": 25, ""1"": 25}","[""atten_dsr_VP022_gonogo1_task_002_00"", ""atten_dsr_VP022_gonogo1_task_003_00"", ""atten_dsr_VP022_gonogo1_task_004_00"", ""atten_dsr_VP022_gonogo1_task_004_01"", ""atten_dsr_VP022_gonogo1_rest_004_00"", ""atten_dsr_VP022_gonogo1_task_005_00"", ""atten_dsr_VP022_gonogo1_rest_006_01"", ""atten_dsr_VP022_gonogo2_task_001_00"", ""atten_dsr_VP022_gonogo2_rest_001_01"", ""atten_dsr_VP022_gonogo2_rest_002_00"", ""atten_dsr_VP022_gonogo2_rest_003_01"", ""atten_dsr_VP022_gonogo2_task_004_01"", ""atten_dsr_VP022_gonogo2_rest_004_00"", ""atten_dsr_VP022_gonogo2_rest_006_00"", ""atten_dsr_VP022_gonogo3_task_001_00"", ""atten_dsr_VP022_gonogo3_task_001_01"", ""atten_dsr_VP022_gonogo3_rest_001_00"", ""atten_dsr_VP022_gonogo3_rest_002_00"", ""atten_dsr_VP022_gonogo3_task_003_00"", ""atten_dsr_VP022_gonogo3_rest_003_00"", ""atten_dsr_VP022_gonogo3_task_004_00"", ""atten_dsr_VP022_gonogo3_rest_005_00""]","[""atten_dsr_VP022_gonogo1_task_001_00"", ""atten_dsr_VP022_gonogo1_task_001_01"", ""atten_dsr_VP022_gonogo1_rest_001_00"", ""atten_dsr_VP022_gonogo1_rest_001_01"", ""atten_dsr_VP022_gonogo1_task_002_01"", ""atten_dsr_VP022_gonogo1_rest_002_00"", ""atten_dsr_VP022_gonogo1_rest_002_01"", ""atten_dsr_VP022_gonogo1_task_003_01"", ""atten_dsr_VP022_gonogo1_rest_003_00"", ""atten_dsr_VP022_gonogo1_rest_003_01"", ""atten_dsr_VP022_gonogo1_rest_004_01"", ""atten_dsr_VP022_gonogo1_task_005_01"", ""atten_dsr_VP022_gonogo1_rest_005_00"", ""atten_dsr_VP022_gonogo1_rest_005_01"", ""atten_dsr_VP022_gonogo1_task_006_00"", ""atten_dsr_VP022_gonogo1_task_006_01"", ""atten_dsr_VP022_gonogo1_rest_006_00"", ""atten_dsr_VP022_gonogo2_task_001_01"", ""atten_dsr_VP022_gonogo2_rest_001_00"", ""atten_dsr_VP022_gonogo2_task_002_00"", ""atten_dsr_VP022_gonogo2_task_002_01"", ""atten_dsr_VP022_gonogo2_rest_002_01"", ""atten_dsr_VP022_gonogo2_task_003_00"", ""atten_dsr_VP022_gonogo2_task_003_01"", ""atten_dsr_VP022_gonogo2_rest_003_00"", ""atten_dsr_VP022_gonogo2_task_004_00"", ""atten_dsr_VP022_gonogo2_rest_004_01"", ""atten_dsr_VP022_gonogo2_task_005_00"", ""atten_dsr_VP022_gonogo2_task_005_01"", ""atten_dsr_VP022_gonogo2_rest_005_00"", ""atten_dsr_VP022_gonogo2_rest_005_01"", ""atten_dsr_VP022_gonogo2_task_006_00"", ""atten_dsr_VP022_gonogo2_task_006_01"", ""atten_dsr_VP022_gonogo2_rest_006_01"", ""atten_dsr_VP022_gonogo3_rest_001_01"", ""atten_dsr_VP022_gonogo3_task_002_00"", ""atten_dsr_VP022_gonogo3_task_002_01"", ""atten_dsr_VP022_gonogo3_rest_002_01"", ""atten_dsr_VP022_gonogo3_task_003_01"", ""atten_dsr_VP022_gonogo3_rest_003_01"", ""atten_dsr_VP022_gonogo3_task_004_01"", ""atten_dsr_VP022_gonogo3_rest_004_00"", ""atten_dsr_VP022_gonogo3_rest_004_01"", ""atten_dsr_VP022_gonogo3_task_005_00"", ""atten_dsr_VP022_gonogo3_task_005_01"", ""atten_dsr_VP022_gonogo3_rest_005_01"", ""atten_dsr_VP022_gonogo3_task_006_00"", ""atten_dsr_VP022_gonogo3_task_006_01"", ""atten_dsr_VP022_gonogo3_rest_006_00"", ""atten_dsr_VP022_gonogo3_rest_006_01""]",True,,0.8291196862525387,97,0.62,0.6072757337742869,0.6378676470588236,0.62,0.24
VP022,2023,existing_head_adaptation,0.30,0.3055555555555556,22,50,"{""0"": 11, ""1"": 11}","{""0"": 25, ""1"": 25}","[""atten_dsr_VP022_gonogo1_task_002_00"", ""atten_dsr_VP022_gonogo1_task_003_00"", ""atten_dsr_VP022_gonogo1_task_004_00"", ""atten_dsr_VP022_gonogo1_task_004_01"", ""atten_dsr_VP022_gonogo1_rest_004_00"", ""atten_dsr_VP022_gonogo1_task_005_00"", ""atten_dsr_VP022_gonogo1_rest_006_01"", ""atten_dsr_VP022_gonogo2_task_001_00"", ""atten_dsr_VP022_gonogo2_rest_001_01"", ""atten_dsr_VP022_gonogo2_rest_002_00"", ""atten_dsr_VP022_gonogo2_rest_003_01"", ""atten_dsr_VP022_gonogo2_task_004_01"", ""atten_dsr_VP022_gonogo2_rest_004_00"", ""atten_dsr_VP022_gonogo2_rest_006_00"", ""atten_dsr_VP022_gonogo3_task_001_00"", ""atten_dsr_VP022_gonogo3_task_001_01"", ""atten_dsr_VP022_gonogo3_rest_001_00"", ""atten_dsr_VP022_gonogo3_rest_002_00"", ""atten_dsr_VP022_gonogo3_task_003_00"", ""atten_dsr_VP022_gonogo3_rest_003_00"", ""atten_dsr_VP022_gonogo3_task_004_00"", ""atten_dsr_VP022_gonogo3_rest_005_00""]","[""atten_dsr_VP022_gonogo1_task_001_00"", ""atten_dsr_VP022_gonogo1_task_001_01"", ""atten_dsr_VP022_gonogo1_rest_001_00"", ""atten_dsr_VP022_gonogo1_rest_001_01"", ""atten_dsr_VP022_gonogo1_task_002_01"", ""atten_dsr_VP022_gonogo1_rest_002_00"", ""atten_dsr_VP022_gonogo1_rest_002_01"", ""atten_dsr_VP022_gonogo1_task_003_01"", ""atten_dsr_VP022_gonogo1_rest_003_00"", ""atten_dsr_VP022_gonogo1_rest_003_01"", ""atten_dsr_VP022_gonogo1_rest_004_01"", ""atten_dsr_VP022_gonogo1_task_005_01"", ""atten_dsr_VP022_gonogo1_rest_005_00"", ""atten_dsr_VP022_gonogo1_rest_005_01"", ""atten_dsr_VP022_gonogo1_task_006_00"", ""atten_dsr_VP022_gonogo1_task_006_01"", ""atten_dsr_VP022_gonogo1_rest_006_00"", ""atten_dsr_VP022_gonogo2_task_001_01"", ""atten_dsr_VP022_gonogo2_rest_001_00"", ""atten_dsr_VP022_gonogo2_task_002_00"", ""atten_dsr_VP022_gonogo2_task_002_01"", ""atten_dsr_VP022_gonogo2_rest_002_01"", ""atten_dsr_VP022_gonogo2_task_003_00"", ""atten_dsr_VP022_gonogo2_task_003_01"", ""atten_dsr_VP022_gonogo2_rest_003_00"", ""atten_dsr_VP022_gonogo2_task_004_00"", ""atten_dsr_VP022_gonogo2_rest_004_01"", ""atten_dsr_VP022_gonogo2_task_005_00"", ""atten_dsr_VP022_gonogo2_task_005_01"", ""atten_dsr_VP022_gonogo2_rest_005_00"", ""atten_dsr_VP022_gonogo2_rest_005_01"", ""atten_dsr_VP022_gonogo2_task_006_00"", ""atten_dsr_VP022_gonogo2_task_006_01"", ""atten_dsr_VP022_gonogo2_rest_006_01"", ""atten_dsr_VP022_gonogo3_rest_001_01"", ""atten_dsr_VP022_gonogo3_task_002_00"", ""atten_dsr_VP022_gonogo3_task_002_01"", ""atten_dsr_VP022_gonogo3_rest_002_01"", ""atten_dsr_VP022_gonogo3_task_003_01"", ""atten_dsr_VP022_gonogo3_rest_003_01"", ""atten_dsr_VP022_gonogo3_task_004_01"", ""atten_dsr_VP022_gonogo3_rest_004_00"", ""atten_dsr_VP022_gonogo3_rest_004_01"", ""atten_dsr_VP022_gonogo3_task_005_00"", ""atten_dsr_VP022_gonogo3_task_005_01"", ""atten_dsr_VP022_gonogo3_rest_005_01"", ""atten_dsr_VP022_gonogo3_task_006_00"", ""atten_dsr_VP022_gonogo3_task_006_01"", ""atten_dsr_VP022_gonogo3_rest_006_00"", ""atten_dsr_VP022_gonogo3_rest_006_01""]",True,,0.8291196862525387,97,0.62,0.6072757337742869,0.6378676470588236,0.62,0.24
VP023,2023,source_only,0.30,0.3055555555555556,22,50,"{""0"": 11, ""1"": 11}","{""0"": 25, ""1"": 25}","[""atten_dsr_VP023_gonogo1_task_002_00"", ""atten_dsr_VP023_gonogo1_task_003_00"", ""atten_dsr_VP023_gonogo1_task_004_00"", ""atten_dsr_VP023_gonogo1_task_004_01"", ""atten_dsr_VP023_gonogo1_rest_004_00"", ""atten_dsr_VP023_gonogo1_task_005_00"", ""atten_dsr_VP023_gonogo1_rest_006_01"", ""atten_dsr_VP023_gonogo2_task_001_00"", ""atten_dsr_VP023_gonogo2_rest_001_01"", ""atten_dsr_VP023_gonogo2_rest_002_00"", ""atten_dsr_VP023_gonogo2_rest_003_01"", ""atten_dsr_VP023_gonogo2_task_004_01"", ""atten_dsr_VP023_gonogo2_rest_004_00"", ""atten_dsr_VP023_gonogo2_rest_006_00"", ""atten_dsr_VP023_gonogo3_task_001_00"", ""atten_dsr_VP023_gonogo3_task_001_01"", ""atten_dsr_VP023_gonogo3_rest_001_00"", ""atten_dsr_VP023_gonogo3_rest_002_00"", ""atten_dsr_VP023_gonogo3_task_003_00"", ""atten_dsr_VP023_gonogo3_rest_003_00"", ""atten_dsr_VP023_gonogo3_task_004_00"", ""atten_dsr_VP023_gonogo3_rest_005_00""]","[""atten_dsr_VP023_gonogo1_task_001_00"", ""atten_dsr_VP023_gonogo1_task_001_01"", ""atten_dsr_VP023_gonogo1_rest_001_00"", ""atten_dsr_VP023_gonogo1_rest_001_01"", ""atten_dsr_VP023_gonogo1_task_002_01"", ""atten_dsr_VP023_gonogo1_rest_002_00"", ""atten_dsr_VP023_gonogo1_rest_002_01"", ""atten_dsr_VP023_gonogo1_task_003_01"", ""atten_dsr_VP023_gonogo1_rest_003_00"", ""atten_dsr_VP023_gonogo1_rest_003_01"", ""atten_dsr_VP023_gonogo1_rest_004_01"", ""atten_dsr_VP023_gonogo1_task_005_01"", ""atten_dsr_VP023_gonogo1_rest_005_00"", ""atten_dsr_VP023_gonogo1_rest_005_01"", ""atten_dsr_VP023_gonogo1_task_006_00"", ""atten_dsr_VP023_gonogo1_task_006_01"", ""atten_dsr_VP023_gonogo1_rest_006_00"", ""atten_dsr_VP023_gonogo2_task_001_01"", ""atten_dsr_VP023_gonogo2_rest_001_00"", ""atten_dsr_VP023_gonogo2_task_002_00"", ""atten_dsr_VP023_gonogo2_task_002_01"", ""atten_dsr_VP023_gonogo2_rest_002_01"", ""atten_dsr_VP023_gonogo2_task_003_00"", ""atten_dsr_VP023_gonogo2_task_003_01"", ""atten_dsr_VP023_gonogo2_rest_003_00"", ""atten_dsr_VP023_gonogo2_task_004_00"", ""atten_dsr_VP023_gonogo2_rest_004_01"", ""atten_dsr_VP023_gonogo2_task_005_00"", ""atten_dsr_VP023_gonogo2_task_005_01"", ""atten_dsr_VP023_gonogo2_rest_005_00"", ""atten_dsr_VP023_gonogo2_rest_005_01"", ""atten_dsr_VP023_gonogo2_task_006_00"", ""atten_dsr_VP023_gonogo2_task_006_01"", ""atten_dsr_VP023_gonogo2_rest_006_01"", ""atten_dsr_VP023_gonogo3_rest_001_01"", ""atten_dsr_VP023_gonogo3_task_002_00"", ""atten_dsr_VP023_gonogo3_task_002_01"", ""atten_dsr_VP023_gonogo3_rest_002_01"", ""atten_dsr_VP023_gonogo3_task_003_01"", ""atten_dsr_VP023_gonogo3_rest_003_01"", ""atten_dsr_VP023_gonogo3_task_004_01"", ""atten_dsr_VP023_gonogo3_rest_004_00"", ""atten_dsr_VP023_gonogo3_rest_004_01"", ""atten_dsr_VP023_gonogo3_task_005_00"", ""atten_dsr_VP023_gonogo3_task_005_01"", ""atten_dsr_VP023_gonogo3_rest_005_01"", ""atten_dsr_VP023_gonogo3_task_006_00"", ""atten_dsr_VP023_gonogo3_task_006_01"", ""atten_dsr_VP023_gonogo3_rest_006_00"", ""atten_dsr_VP023_gonogo3_rest_006_01""]",True,,0.7940376051459673,94,0.74,0.7312939231087227,0.7757352941176471,0.74,0.48
VP023,2023,existing_head_adaptation,0.30,0.3055555555555556,22,50,"{""0"": 11, ""1"": 11}","{""0"": 25, ""1"": 25}","[""atten_dsr_VP023_gonogo1_task_002_00"", ""atten_dsr_VP023_gonogo1_task_003_00"", ""atten_dsr_VP023_gonogo1_task_004_00"", ""atten_dsr_VP023_gonogo1_task_004_01"", ""atten_dsr_VP023_gonogo1_rest_004_00"", ""atten_dsr_VP023_gonogo1_task_005_00"", ""atten_dsr_VP023_gonogo1_rest_006_01"", ""atten_dsr_VP023_gonogo2_task_001_00"", ""atten_dsr_VP023_gonogo2_rest_001_01"", ""atten_dsr_VP023_gonogo2_rest_002_00"", ""atten_dsr_VP023_gonogo2_rest_003_01"", ""atten_dsr_VP023_gonogo2_task_004_01"", ""atten_dsr_VP023_gonogo2_rest_004_00"", ""atten_dsr_VP023_gonogo2_rest_006_00"", ""atten_dsr_VP023_gonogo3_task_001_00"", ""atten_dsr_VP023_gonogo3_task_001_01"", ""atten_dsr_VP023_gonogo3_rest_001_00"", ""atten_dsr_VP023_gonogo3_rest_002_00"", ""atten_dsr_VP023_gonogo3_task_003_00"", ""atten_dsr_VP023_gonogo3_rest_003_00"", ""atten_dsr_VP023_gonogo3_task_004_00"", ""atten_dsr_VP023_gonogo3_rest_005_00""]","[""atten_dsr_VP023_gonogo1_task_001_00"", ""atten_dsr_VP023_gonogo1_task_001_01"", ""atten_dsr_VP023_gonogo1_rest_001_00"", ""atten_dsr_VP023_gonogo1_rest_001_01"", ""atten_dsr_VP023_gonogo1_task_002_01"", ""atten_dsr_VP023_gonogo1_rest_002_00"", ""atten_dsr_VP023_gonogo1_rest_002_01"", ""atten_dsr_VP023_gonogo1_task_003_01"", ""atten_dsr_VP023_gonogo1_rest_003_00"", ""atten_dsr_VP023_gonogo1_rest_003_01"", ""atten_dsr_VP023_gonogo1_rest_004_01"", ""atten_dsr_VP023_gonogo1_task_005_01"", ""atten_dsr_VP023_gonogo1_rest_005_00"", ""atten_dsr_VP023_gonogo1_rest_005_01"", ""atten_dsr_VP023_gonogo1_task_006_00"", ""atten_dsr_VP023_gonogo1_task_006_01"", ""atten_dsr_VP023_gonogo1_rest_006_00"", ""atten_dsr_VP023_gonogo2_task_001_01"", ""atten_dsr_VP023_gonogo2_rest_001_00"", ""atten_dsr_VP023_gonogo2_task_002_00"", ""atten_dsr_VP023_gonogo2_task_002_01"", ""atten_dsr_VP023_gonogo2_rest_002_01"", ""atten_dsr_VP023_gonogo2_task_003_00"", ""atten_dsr_VP023_gonogo2_task_003_01"", ""atten_dsr_VP023_gonogo2_rest_003_00"", ""atten_dsr_VP023_gonogo2_task_004_00"", ""atten_dsr_VP023_gonogo2_rest_004_01"", ""atten_dsr_VP023_gonogo2_task_005_00"", ""atten_dsr_VP023_gonogo2_task_005_01"", ""atten_dsr_VP023_gonogo2_rest_005_00"", ""atten_dsr_VP023_gonogo2_rest_005_01"", ""atten_dsr_VP023_gonogo2_task_006_00"", ""atten_dsr_VP023_gonogo2_task_006_01"", ""atten_dsr_VP023_gonogo2_rest_006_01"", ""atten_dsr_VP023_gonogo3_rest_001_01"", ""atten_dsr_VP023_gonogo3_task_002_00"", ""atten_dsr_VP023_gonogo3_task_002_01"", ""atten_dsr_VP023_gonogo3_rest_002_01"", ""atten_dsr_VP023_gonogo3_task_003_01"", ""atten_dsr_VP023_gonogo3_rest_003_01"", ""atten_dsr_VP023_gonogo3_task_004_01"", ""atten_dsr_VP023_gonogo3_rest_004_00"", ""atten_dsr_VP023_gonogo3_rest_004_01"", ""atten_dsr_VP023_gonogo3_task_005_00"", ""atten_dsr_VP023_gonogo3_task_005_01"", ""atten_dsr_VP023_gonogo3_rest_005_01"", ""atten_dsr_VP023_gonogo3_task_006_00"", ""atten_dsr_VP023_gonogo3_task_006_01"", ""atten_dsr_VP023_gonogo3_rest_006_00"", ""atten_dsr_VP023_gonogo3_rest_006_01""]",True,,0.7940376051459673,94,0.78,0.7756017951856384,0.8038194444444444,0.78,0.56
VP024,2023,source_only,0.30,0.3055555555555556,22,50,"{""0"": 11, ""1"": 11}","{""0"": 25, ""1"": 25}","[""atten_dsr_VP024_gonogo1_task_002_00"", ""atten_dsr_VP024_gonogo1_task_003_00"", ""atten_dsr_VP024_gonogo1_task_004_00"", ""atten_dsr_VP024_gonogo1_task_004_01"", ""atten_dsr_VP024_gonogo1_rest_004_00"", ""atten_dsr_VP024_gonogo1_task_005_00"", ""atten_dsr_VP024_gonogo1_rest_006_01"", ""atten_dsr_VP024_gonogo2_task_001_00"", ""atten_dsr_VP024_gonogo2_rest_001_01"", ""atten_dsr_VP024_gonogo2_rest_002_00"", ""atten_dsr_VP024_gonogo2_rest_003_01"", ""atten_dsr_VP024_gonogo2_task_004_01"", ""atten_dsr_VP024_gonogo2_rest_004_00"", ""atten_dsr_VP024_gonogo2_rest_006_00"", ""atten_dsr_VP024_gonogo3_task_001_00"", ""atten_dsr_VP024_gonogo3_task_001_01"", ""atten_dsr_VP024_gonogo3_rest_001_00"", ""atten_dsr_VP024_gonogo3_rest_002_00"", ""atten_dsr_VP024_gonogo3_task_003_00"", ""atten_dsr_VP024_gonogo3_rest_003_00"", ""atten_dsr_VP024_gonogo3_task_004_00"", ""atten_dsr_VP024_gonogo3_rest_005_00""]","[""atten_dsr_VP024_gonogo1_task_001_00"", ""atten_dsr_VP024_gonogo1_task_001_01"", ""atten_dsr_VP024_gonogo1_rest_001_00"", ""atten_dsr_VP024_gonogo1_rest_001_01"", ""atten_dsr_VP024_gonogo1_task_002_01"", ""atten_dsr_VP024_gonogo1_rest_002_00"", ""atten_dsr_VP024_gonogo1_rest_002_01"", ""atten_dsr_VP024_gonogo1_task_003_01"", ""atten_dsr_VP024_gonogo1_rest_003_00"", ""atten_dsr_VP024_gonogo1_rest_003_01"", ""atten_dsr_VP024_gonogo1_rest_004_01"", ""atten_dsr_VP024_gonogo1_task_005_01"", ""atten_dsr_VP024_gonogo1_rest_005_00"", ""atten_dsr_VP024_gonogo1_rest_005_01"", ""atten_dsr_VP024_gonogo1_task_006_00"", ""atten_dsr_VP024_gonogo1_task_006_01"", ""atten_dsr_VP024_gonogo1_rest_006_00"", ""atten_dsr_VP024_gonogo2_task_001_01"", ""atten_dsr_VP024_gonogo2_rest_001_00"", ""atten_dsr_VP024_gonogo2_task_002_00"", ""atten_dsr_VP024_gonogo2_task_002_01"", ""atten_dsr_VP024_gonogo2_rest_002_01"", ""atten_dsr_VP024_gonogo2_task_003_00"", ""atten_dsr_VP024_gonogo2_task_003_01"", ""atten_dsr_VP024_gonogo2_rest_003_00"", ""atten_dsr_VP024_gonogo2_task_004_00"", ""atten_dsr_VP024_gonogo2_rest_004_01"", ""atten_dsr_VP024_gonogo2_task_005_00"", ""atten_dsr_VP024_gonogo2_task_005_01"", ""atten_dsr_VP024_gonogo2_rest_005_00"", ""atten_dsr_VP024_gonogo2_rest_005_01"", ""atten_dsr_VP024_gonogo2_task_006_00"", ""atten_dsr_VP024_gonogo2_task_006_01"", ""atten_dsr_VP024_gonogo2_rest_006_01"", ""atten_dsr_VP024_gonogo3_rest_001_01"", ""atten_dsr_VP024_gonogo3_task_002_00"", ""atten_dsr_VP024_gonogo3_task_002_01"", ""atten_dsr_VP024_gonogo3_rest_002_01"", ""atten_dsr_VP024_gonogo3_task_003_01"", ""atten_dsr_VP024_gonogo3_rest_003_01"", ""atten_dsr_VP024_gonogo3_task_004_01"", ""atten_dsr_VP024_gonogo3_rest_004_00"", ""atten_dsr_VP024_gonogo3_rest_004_01"", ""atten_dsr_VP024_gonogo3_task_005_00"", ""atten_dsr_VP024_gonogo3_task_005_01"", ""atten_dsr_VP024_gonogo3_rest_005_01"", ""atten_dsr_VP024_gonogo3_task_006_00"", ""atten_dsr_VP024_gonogo3_task_006_01"", ""atten_dsr_VP024_gonogo3_rest_006_00"", ""atten_dsr_VP024_gonogo3_rest_006_01""]",True,,0.7596571854428021,78,0.72,0.6961805555555556,0.8205128205128205,0.72,0.43999999999999995
VP024,2023,existing_head_adaptation,0.30,0.3055555555555556,22,50,"{""0"": 11, ""1"": 11}","{""0"": 25, ""1"": 25}","[""atten_dsr_VP024_gonogo1_task_002_00"", ""atten_dsr_VP024_gonogo1_task_003_00"", ""atten_dsr_VP024_gonogo1_task_004_00"", ""atten_dsr_VP024_gonogo1_task_004_01"", ""atten_dsr_VP024_gonogo1_rest_004_00"", ""atten_dsr_VP024_gonogo1_task_005_00"", ""atten_dsr_VP024_gonogo1_rest_006_01"", ""atten_dsr_VP024_gonogo2_task_001_00"", ""atten_dsr_VP024_gonogo2_rest_001_01"", ""atten_dsr_VP024_gonogo2_rest_002_00"", ""atten_dsr_VP024_gonogo2_rest_003_01"", ""atten_dsr_VP024_gonogo2_task_004_01"", ""atten_dsr_VP024_gonogo2_rest_004_00"", ""atten_dsr_VP024_gonogo2_rest_006_00"", ""atten_dsr_VP024_gonogo3_task_001_00"", ""atten_dsr_VP024_gonogo3_task_001_01"", ""atten_dsr_VP024_gonogo3_rest_001_00"", ""atten_dsr_VP024_gonogo3_rest_002_00"", ""atten_dsr_VP024_gonogo3_task_003_00"", ""atten_dsr_VP024_gonogo3_rest_003_00"", ""atten_dsr_VP024_gonogo3_task_004_00"", ""atten_dsr_VP024_gonogo3_rest_005_00""]","[""atten_dsr_VP024_gonogo1_task_001_00"", ""atten_dsr_VP024_gonogo1_task_001_01"", ""atten_dsr_VP024_gonogo1_rest_001_00"", ""atten_dsr_VP024_gonogo1_rest_001_01"", ""atten_dsr_VP024_gonogo1_task_002_01"", ""atten_dsr_VP024_gonogo1_rest_002_00"", ""atten_dsr_VP024_gonogo1_rest_002_01"", ""atten_dsr_VP024_gonogo1_task_003_01"", ""atten_dsr_VP024_gonogo1_rest_003_00"", ""atten_dsr_VP024_gonogo1_rest_003_01"", ""atten_dsr_VP024_gonogo1_rest_004_01"", ""atten_dsr_VP024_gonogo1_task_005_01"", ""atten_dsr_VP024_gonogo1_rest_005_00"", ""atten_dsr_VP024_gonogo1_rest_005_01"", ""atten_dsr_VP024_gonogo1_task_006_00"", ""atten_dsr_VP024_gonogo1_task_006_01"", ""atten_dsr_VP024_gonogo1_rest_006_00"", ""atten_dsr_VP024_gonogo2_task_001_01"", ""atten_dsr_VP024_gonogo2_rest_001_00"", ""atten_dsr_VP024_gonogo2_task_002_00"", ""atten_dsr_VP024_gonogo2_task_002_01"", ""atten_dsr_VP024_gonogo2_rest_002_01"", ""atten_dsr_VP024_gonogo2_task_003_00"", ""atten_dsr_VP024_gonogo2_task_003_01"", ""atten_dsr_VP024_gonogo2_rest_003_00"", ""atten_dsr_VP024_gonogo2_task_004_00"", ""atten_dsr_VP024_gonogo2_rest_004_01"", ""atten_dsr_VP024_gonogo2_task_005_00"", ""atten_dsr_VP024_gonogo2_task_005_01"", ""atten_dsr_VP024_gonogo2_rest_005_00"", ""atten_dsr_VP024_gonogo2_rest_005_01"", ""atten_dsr_VP024_gonogo2_task_006_00"", ""atten_dsr_VP024_gonogo2_task_006_01"", ""atten_dsr_VP024_gonogo2_rest_006_01"", ""atten_dsr_VP024_gonogo3_rest_001_01"", ""atten_dsr_VP024_gonogo3_task_002_00"", ""atten_dsr_VP024_gonogo3_task_002_01"", ""atten_dsr_VP024_gonogo3_rest_002_01"", ""atten_dsr_VP024_gonogo3_task_003_01"", ""atten_dsr_VP024_gonogo3_rest_003_01"", ""atten_dsr_VP024_gonogo3_task_004_01"", ""atten_dsr_VP024_gonogo3_rest_004_00"", ""atten_dsr_VP024_gonogo3_rest_004_01"", ""atten_dsr_VP024_gonogo3_task_005_00"", ""atten_dsr_VP024_gonogo3_task_005_01"", ""atten_dsr_VP024_gonogo3_rest_005_01"", ""atten_dsr_VP024_gonogo3_task_006_00"", ""atten_dsr_VP024_gonogo3_task_006_01"", ""atten_dsr_VP024_gonogo3_rest_006_00"", ""atten_dsr_VP024_gonogo3_rest_006_01""]",True,,0.7596571854428021,78,0.82,0.8139727159983464,0.8676470588235294,0.8200000000000001,0.64
VP025,2023,source_only,0.30,0.3055555555555556,22,50,"{""0"": 11, ""1"": 11}","{""0"": 25, ""1"": 25}","[""atten_dsr_VP025_gonogo1_task_002_00"", ""atten_dsr_VP025_gonogo1_task_003_00"", ""atten_dsr_VP025_gonogo1_task_004_00"", ""atten_dsr_VP025_gonogo1_task_004_01"", ""atten_dsr_VP025_gonogo1_rest_004_00"", ""atten_dsr_VP025_gonogo1_task_005_00"", ""atten_dsr_VP025_gonogo1_rest_006_01"", ""atten_dsr_VP025_gonogo2_task_001_00"", ""atten_dsr_VP025_gonogo2_rest_001_01"", ""atten_dsr_VP025_gonogo2_rest_002_00"", ""atten_dsr_VP025_gonogo2_rest_003_01"", ""atten_dsr_VP025_gonogo2_task_004_01"", ""atten_dsr_VP025_gonogo2_rest_004_00"", ""atten_dsr_VP025_gonogo2_rest_006_00"", ""atten_dsr_VP025_gonogo3_task_001_00"", ""atten_dsr_VP025_gonogo3_task_001_01"", ""atten_dsr_VP025_gonogo3_rest_001_00"", ""atten_dsr_VP025_gonogo3_rest_002_00"", ""atten_dsr_VP025_gonogo3_task_003_00"", ""atten_dsr_VP025_gonogo3_rest_003_00"", ""atten_dsr_VP025_gonogo3_task_004_00"", ""atten_dsr_VP025_gonogo3_rest_005_00""]","[""atten_dsr_VP025_gonogo1_task_001_00"", ""atten_dsr_VP025_gonogo1_task_001_01"", ""atten_dsr_VP025_gonogo1_rest_001_00"", ""atten_dsr_VP025_gonogo1_rest_001_01"", ""atten_dsr_VP025_gonogo1_task_002_01"", ""atten_dsr_VP025_gonogo1_rest_002_00"", ""atten_dsr_VP025_gonogo1_rest_002_01"", ""atten_dsr_VP025_gonogo1_task_003_01"", ""atten_dsr_VP025_gonogo1_rest_003_00"", ""atten_dsr_VP025_gonogo1_rest_003_01"", ""atten_dsr_VP025_gonogo1_rest_004_01"", ""atten_dsr_VP025_gonogo1_task_005_01"", ""atten_dsr_VP025_gonogo1_rest_005_00"", ""atten_dsr_VP025_gonogo1_rest_005_01"", ""atten_dsr_VP025_gonogo1_task_006_00"", ""atten_dsr_VP025_gonogo1_task_006_01"", ""atten_dsr_VP025_gonogo1_rest_006_00"", ""atten_dsr_VP025_gonogo2_task_001_01"", ""atten_dsr_VP025_gonogo2_rest_001_00"", ""atten_dsr_VP025_gonogo2_task_002_00"", ""atten_dsr_VP025_gonogo2_task_002_01"", ""atten_dsr_VP025_gonogo2_rest_002_01"", ""atten_dsr_VP025_gonogo2_task_003_00"", ""atten_dsr_VP025_gonogo2_task_003_01"", ""atten_dsr_VP025_gonogo2_rest_003_00"", ""atten_dsr_VP025_gonogo2_task_004_00"", ""atten_dsr_VP025_gonogo2_rest_004_01"", ""atten_dsr_VP025_gonogo2_task_005_00"", ""atten_dsr_VP025_gonogo2_task_005_01"", ""atten_dsr_VP025_gonogo2_rest_005_00"", ""atten_dsr_VP025_gonogo2_rest_005_01"", ""atten_dsr_VP025_gonogo2_task_006_00"", ""atten_dsr_VP025_gonogo2_task_006_01"", ""atten_dsr_VP025_gonogo2_rest_006_01"", ""atten_dsr_VP025_gonogo3_rest_001_01"", ""atten_dsr_VP025_gonogo3_task_002_00"", ""atten_dsr_VP025_gonogo3_task_002_01"", ""atten_dsr_VP025_gonogo3_rest_002_01"", ""atten_dsr_VP025_gonogo3_task_003_01"", ""atten_dsr_VP025_gonogo3_rest_003_01"", ""atten_dsr_VP025_gonogo3_task_004_01"", ""atten_dsr_VP025_gonogo3_rest_004_00"", ""atten_dsr_VP025_gonogo3_rest_004_01"", ""atten_dsr_VP025_gonogo3_task_005_00"", ""atten_dsr_VP025_gonogo3_task_005_01"", ""atten_dsr_VP025_gonogo3_rest_005_01"", ""atten_dsr_VP025_gonogo3_task_006_00"", ""atten_dsr_VP025_gonogo3_task_006_01"", ""atten_dsr_VP025_gonogo3_rest_006_00"", ""atten_dsr_VP025_gonogo3_rest_006_01""]",True,,0.7791222361155337,86,0.9,0.8996386993175431,0.9058441558441559,0.8999999999999999,0.8
VP025,2023,existing_head_adaptation,0.30,0.3055555555555556,22,50,"{""0"": 11, ""1"": 11}","{""0"": 25, ""1"": 25}","[""atten_dsr_VP025_gonogo1_task_002_00"", ""atten_dsr_VP025_gonogo1_task_003_00"", ""atten_dsr_VP025_gonogo1_task_004_00"", ""atten_dsr_VP025_gonogo1_task_004_01"", ""atten_dsr_VP025_gonogo1_rest_004_00"", ""atten_dsr_VP025_gonogo1_task_005_00"", ""atten_dsr_VP025_gonogo1_rest_006_01"", ""atten_dsr_VP025_gonogo2_task_001_00"", ""atten_dsr_VP025_gonogo2_rest_001_01"", ""atten_dsr_VP025_gonogo2_rest_002_00"", ""atten_dsr_VP025_gonogo2_rest_003_01"", ""atten_dsr_VP025_gonogo2_task_004_01"", ""atten_dsr_VP025_gonogo2_rest_004_00"", ""atten_dsr_VP025_gonogo2_rest_006_00"", ""atten_dsr_VP025_gonogo3_task_001_00"", ""atten_dsr_VP025_gonogo3_task_001_01"", ""atten_dsr_VP025_gonogo3_rest_001_00"", ""atten_dsr_VP025_gonogo3_rest_002_00"", ""atten_dsr_VP025_gonogo3_task_003_00"", ""atten_dsr_VP025_gonogo3_rest_003_00"", ""atten_dsr_VP025_gonogo3_task_004_00"", ""atten_dsr_VP025_gonogo3_rest_005_00""]","[""atten_dsr_VP025_gonogo1_task_001_00"", ""atten_dsr_VP025_gonogo1_task_001_01"", ""atten_dsr_VP025_gonogo1_rest_001_00"", ""atten_dsr_VP025_gonogo1_rest_001_01"", ""atten_dsr_VP025_gonogo1_task_002_01"", ""atten_dsr_VP025_gonogo1_rest_002_00"", ""atten_dsr_VP025_gonogo1_rest_002_01"", ""atten_dsr_VP025_gonogo1_task_003_01"", ""atten_dsr_VP025_gonogo1_rest_003_00"", ""atten_dsr_VP025_gonogo1_rest_003_01"", ""atten_dsr_VP025_gonogo1_rest_004_01"", ""atten_dsr_VP025_gonogo1_task_005_01"", ""atten_dsr_VP025_gonogo1_rest_005_00"", ""atten_dsr_VP025_gonogo1_rest_005_01"", ""atten_dsr_VP025_gonogo1_task_006_00"", ""atten_dsr_VP025_gonogo1_task_006_01"", ""atten_dsr_VP025_gonogo1_rest_006_00"", ""atten_dsr_VP025_gonogo2_task_001_01"", ""atten_dsr_VP025_gonogo2_rest_001_00"", ""atten_dsr_VP025_gonogo2_task_002_00"", ""atten_dsr_VP025_gonogo2_task_002_01"", ""atten_dsr_VP025_gonogo2_rest_002_01"", ""atten_dsr_VP025_gonogo2_task_003_00"", ""atten_dsr_VP025_gonogo2_task_003_01"", ""atten_dsr_VP025_gonogo2_rest_003_00"", ""atten_dsr_VP025_gonogo2_task_004_00"", ""atten_dsr_VP025_gonogo2_rest_004_01"", ""atten_dsr_VP025_gonogo2_task_005_00"", ""atten_dsr_VP025_gonogo2_task_005_01"", ""atten_dsr_VP025_gonogo2_rest_005_00"", ""atten_dsr_VP025_gonogo2_rest_005_01"", ""atten_dsr_VP025_gonogo2_task_006_00"", ""atten_dsr_VP025_gonogo2_task_006_01"", ""atten_dsr_VP025_gonogo2_rest_006_01"", ""atten_dsr_VP025_gonogo3_rest_001_01"", ""atten_dsr_VP025_gonogo3_task_002_00"", ""atten_dsr_VP025_gonogo3_task_002_01"", ""atten_dsr_VP025_gonogo3_rest_002_01"", ""atten_dsr_VP025_gonogo3_task_003_01"", ""atten_dsr_VP025_gonogo3_rest_003_01"", ""atten_dsr_VP025_gonogo3_task_004_01"", ""atten_dsr_VP025_gonogo3_rest_004_00"", ""atten_dsr_VP025_gonogo3_rest_004_01"", ""atten_dsr_VP025_gonogo3_task_005_00"", ""atten_dsr_VP025_gonogo3_task_005_01"", ""atten_dsr_VP025_gonogo3_rest_005_01"", ""atten_dsr_VP025_gonogo3_task_006_00"", ""atten_dsr_VP025_gonogo3_task_006_01"", ""atten_dsr_VP025_gonogo3_rest_006_00"", ""atten_dsr_VP025_gonogo3_rest_006_01""]",True,,0.7791222361155337,86,0.92,0.9198717948717949,0.9227053140096618,0.9199999999999999,0.84
VP026,2023,source_only,0.30,0.3055555555555556,22,50,"{""0"": 11, ""1"": 11}","{""0"": 25, ""1"": 25}","[""atten_dsr_VP026_gonogo1_task_002_00"", ""atten_dsr_VP026_gonogo1_task_003_00"", ""atten_dsr_VP026_gonogo1_task_004_00"", ""atten_dsr_VP026_gonogo1_task_004_01"", ""atten_dsr_VP026_gonogo1_rest_004_00"", ""atten_dsr_VP026_gonogo1_task_005_00"", ""atten_dsr_VP026_gonogo1_rest_006_01"", ""atten_dsr_VP026_gonogo2_task_001_00"", ""atten_dsr_VP026_gonogo2_rest_001_01"", ""atten_dsr_VP026_gonogo2_rest_002_00"", ""atten_dsr_VP026_gonogo2_rest_003_01"", ""atten_dsr_VP026_gonogo2_task_004_01"", ""atten_dsr_VP026_gonogo2_rest_004_00"", ""atten_dsr_VP026_gonogo2_rest_006_00"", ""atten_dsr_VP026_gonogo3_task_001_00"", ""atten_dsr_VP026_gonogo3_task_001_01"", ""atten_dsr_VP026_gonogo3_rest_001_00"", ""atten_dsr_VP026_gonogo3_rest_002_00"", ""atten_dsr_VP026_gonogo3_task_003_00"", ""atten_dsr_VP026_gonogo3_rest_003_00"", ""atten_dsr_VP026_gonogo3_task_004_00"", ""atten_dsr_VP026_gonogo3_rest_005_00""]","[""atten_dsr_VP026_gonogo1_task_001_00"", ""atten_dsr_VP026_gonogo1_task_001_01"", ""atten_dsr_VP026_gonogo1_rest_001_00"", ""atten_dsr_VP026_gonogo1_rest_001_01"", ""atten_dsr_VP026_gonogo1_task_002_01"", ""atten_dsr_VP026_gonogo1_rest_002_00"", ""atten_dsr_VP026_gonogo1_rest_002_01"", ""atten_dsr_VP026_gonogo1_task_003_01"", ""atten_dsr_VP026_gonogo1_rest_003_00"", ""atten_dsr_VP026_gonogo1_rest_003_01"", ""atten_dsr_VP026_gonogo1_rest_004_01"", ""atten_dsr_VP026_gonogo1_task_005_01"", ""atten_dsr_VP026_gonogo1_rest_005_00"", ""atten_dsr_VP026_gonogo1_rest_005_01"", ""atten_dsr_VP026_gonogo1_task_006_00"", ""atten_dsr_VP026_gonogo1_task_006_01"", ""atten_dsr_VP026_gonogo1_rest_006_00"", ""atten_dsr_VP026_gonogo2_task_001_01"", ""atten_dsr_VP026_gonogo2_rest_001_00"", ""atten_dsr_VP026_gonogo2_task_002_00"", ""atten_dsr_VP026_gonogo2_task_002_01"", ""atten_dsr_VP026_gonogo2_rest_002_01"", ""atten_dsr_VP026_gonogo2_task_003_00"", ""atten_dsr_VP026_gonogo2_task_003_01"", ""atten_dsr_VP026_gonogo2_rest_003_00"", ""atten_dsr_VP026_gonogo2_task_004_00"", ""atten_dsr_VP026_gonogo2_rest_004_01"", ""atten_dsr_VP026_gonogo2_task_005_00"", ""atten_dsr_VP026_gonogo2_task_005_01"", ""atten_dsr_VP026_gonogo2_rest_005_00"", ""atten_dsr_VP026_gonogo2_rest_005_01"", ""atten_dsr_VP026_gonogo2_task_006_00"", ""atten_dsr_VP026_gonogo2_task_006_01"", ""atten_dsr_VP026_gonogo2_rest_006_01"", ""atten_dsr_VP026_gonogo3_rest_001_01"", ""atten_dsr_VP026_gonogo3_task_002_00"", ""atten_dsr_VP026_gonogo3_task_002_01"", ""atten_dsr_VP026_gonogo3_rest_002_01"", ""atten_dsr_VP026_gonogo3_task_003_01"", ""atten_dsr_VP026_gonogo3_rest_003_01"", ""atten_dsr_VP026_gonogo3_task_004_01"", ""atten_dsr_VP026_gonogo3_rest_004_00"", ""atten_dsr_VP026_gonogo3_rest_004_01"", ""atten_dsr_VP026_gonogo3_task_005_00"", ""atten_dsr_VP026_gonogo3_task_005_01"", ""atten_dsr_VP026_gonogo3_rest_005_01"", ""atten_dsr_VP026_gonogo3_task_006_00"", ""atten_dsr_VP026_gonogo3_task_006_01"", ""atten_dsr_VP026_gonogo3_rest_006_00"", ""atten_dsr_VP026_gonogo3_rest_006_01""]",True,,0.8128360919058593,63,0.78,0.7756017951856384,0.8038194444444444,0.78,0.56
VP026,2023,existing_head_adaptation,0.30,0.3055555555555556,22,50,"{""0"": 11, ""1"": 11}","{""0"": 25, ""1"": 25}","[""atten_dsr_VP026_gonogo1_task_002_00"", ""atten_dsr_VP026_gonogo1_task_003_00"", ""atten_dsr_VP026_gonogo1_task_004_00"", ""atten_dsr_VP026_gonogo1_task_004_01"", ""atten_dsr_VP026_gonogo1_rest_004_00"", ""atten_dsr_VP026_gonogo1_task_005_00"", ""atten_dsr_VP026_gonogo1_rest_006_01"", ""atten_dsr_VP026_gonogo2_task_001_00"", ""atten_dsr_VP026_gonogo2_rest_001_01"", ""atten_dsr_VP026_gonogo2_rest_002_00"", ""atten_dsr_VP026_gonogo2_rest_003_01"", ""atten_dsr_VP026_gonogo2_task_004_01"", ""atten_dsr_VP026_gonogo2_rest_004_00"", ""atten_dsr_VP026_gonogo2_rest_006_00"", ""atten_dsr_VP026_gonogo3_task_001_00"", ""atten_dsr_VP026_gonogo3_task_001_01"", ""atten_dsr_VP026_gonogo3_rest_001_00"", ""atten_dsr_VP026_gonogo3_rest_002_00"", ""atten_dsr_VP026_gonogo3_task_003_00"", ""atten_dsr_VP026_gonogo3_rest_003_00"", ""atten_dsr_VP026_gonogo3_task_004_00"", ""atten_dsr_VP026_gonogo3_rest_005_00""]","[""atten_dsr_VP026_gonogo1_task_001_00"", ""atten_dsr_VP026_gonogo1_task_001_01"", ""atten_dsr_VP026_gonogo1_rest_001_00"", ""atten_dsr_VP026_gonogo1_rest_001_01"", ""atten_dsr_VP026_gonogo1_task_002_01"", ""atten_dsr_VP026_gonogo1_rest_002_00"", ""atten_dsr_VP026_gonogo1_rest_002_01"", ""atten_dsr_VP026_gonogo1_task_003_01"", ""atten_dsr_VP026_gonogo1_rest_003_00"", ""atten_dsr_VP026_gonogo1_rest_003_01"", ""atten_dsr_VP026_gonogo1_rest_004_01"", ""atten_dsr_VP026_gonogo1_task_005_01"", ""atten_dsr_VP026_gonogo1_rest_005_00"", ""atten_dsr_VP026_gonogo1_rest_005_01"", ""atten_dsr_VP026_gonogo1_task_006_00"", ""atten_dsr_VP026_gonogo1_task_006_01"", ""atten_dsr_VP026_gonogo1_rest_006_00"", ""atten_dsr_VP026_gonogo2_task_001_01"", ""atten_dsr_VP026_gonogo2_rest_001_00"", ""atten_dsr_VP026_gonogo2_task_002_00"", ""atten_dsr_VP026_gonogo2_task_002_01"", ""atten_dsr_VP026_gonogo2_rest_002_01"", ""atten_dsr_VP026_gonogo2_task_003_00"", ""atten_dsr_VP026_gonogo2_task_003_01"", ""atten_dsr_VP026_gonogo2_rest_003_00"", ""atten_dsr_VP026_gonogo2_task_004_00"", ""atten_dsr_VP026_gonogo2_rest_004_01"", ""atten_dsr_VP026_gonogo2_task_005_00"", ""atten_dsr_VP026_gonogo2_task_005_01"", ""atten_dsr_VP026_gonogo2_rest_005_00"", ""atten_dsr_VP026_gonogo2_rest_005_01"", ""atten_dsr_VP026_gonogo2_task_006_00"", ""atten_dsr_VP026_gonogo2_task_006_01"", ""atten_dsr_VP026_gonogo2_rest_006_01"", ""atten_dsr_VP026_gonogo3_rest_001_01"", ""atten_dsr_VP026_gonogo3_task_002_00"", ""atten_dsr_VP026_gonogo3_task_002_01"", ""atten_dsr_VP026_gonogo3_rest_002_01"", ""atten_dsr_VP026_gonogo3_task_003_01"", ""atten_dsr_VP026_gonogo3_rest_003_01"", ""atten_dsr_VP026_gonogo3_task_004_01"", ""atten_dsr_VP026_gonogo3_rest_004_00"", ""atten_dsr_VP026_gonogo3_rest_004_01"", ""atten_dsr_VP026_gonogo3_task_005_00"", ""atten_dsr_VP026_gonogo3_task_005_01"", ""atten_dsr_VP026_gonogo3_rest_005_01"", ""atten_dsr_VP026_gonogo3_task_006_00"", ""atten_dsr_VP026_gonogo3_task_006_01"", ""atten_dsr_VP026_gonogo3_rest_006_00"", ""atten_dsr_VP026_gonogo3_rest_006_01""]",True,,0.8128360919058593,63,0.8,0.7947454844006567,0.8342245989304813,0.8,0.6
