subject,seed,method,requested_fraction,actual_fraction,calibration_count,test_count,calibration_counts,test_counts,calibration_trial_ids,test_trial_ids,valid,invalid_reason,source_best_val_f1,source_best_epoch,accuracy,f1_macro,precision_macro,recall_macro,kappa
VP001,2023,source_only,0.30,0.3,18,42,"{""0"": 9, ""1"": 9}","{""0"": 21, ""1"": 21}","[""atten_word_VP001_word1_rest_002_00"", ""atten_word_VP001_word1_task_002_00"", ""atten_word_VP001_word1_rest_007_00"", ""atten_word_VP001_word1_task_010_00"", ""atten_word_VP001_word1_rest_009_00"", ""atten_word_VP001_word2_task_003_00"", ""atten_word_VP001_word2_task_004_00"", ""atten_word_VP001_word2_task_006_00"", ""atten_word_VP001_word2_rest_005_00"", ""atten_word_VP001_word2_task_008_00"", ""atten_word_VP001_word2_task_009_00"", ""atten_word_VP001_word2_rest_009_00"", ""atten_word_VP001_word3_rest_001_00"", ""atten_word_VP001_word3_rest_005_00"", ""atten_word_VP001_word3_task_006_00"", ""atten_word_VP001_word3_rest_006_00"", ""atten_word_VP001_word3_rest_007_00"", ""atten_word_VP001_word3_task_010_00""]","[""atten_word_VP001_word1_rest_001_00"", ""atten_word_VP001_word1_task_001_00"", ""atten_word_VP001_word1_rest_003_00"", ""atten_word_VP001_word1_task_003_00"", ""atten_word_VP001_word1_task_004_00"", ""atten_word_VP001_word1_rest_004_00"", ""atten_word_VP001_word1_task_005_00"", ""atten_word_VP001_word1_task_006_00"", ""atten_word_VP001_word1_task_007_00"", ""atten_word_VP001_word1_rest_005_00"", ""atten_word_VP001_word1_task_008_00"", ""atten_word_VP001_word1_rest_006_00"", ""atten_word_VP001_word1_rest_008_00"", ""atten_word_VP001_word1_task_009_00"", ""atten_word_VP001_word1_rest_010_00"", ""atten_word_VP001_word2_task_001_00"", ""atten_word_VP001_word2_rest_001_00"", ""atten_word_VP001_word2_rest_002_00"", ""atten_word_VP001_word2_task_002_00"", ""atten_word_VP001_word2_rest_003_00"", ""atten_word_VP001_word2_task_005_00"", ""atten_word_VP001_word2_rest_004_00"", ""atten_word_VP001_word2_task_007_00"", ""atten_word_VP001_word2_rest_006_00"", ""atten_word_VP001_word2_rest_007_00"", ""atten_word_VP001_word2_rest_008_00"", ""atten_word_VP001_word2_task_010_00"", ""atten_word_VP001_word2_rest_010_00"", ""atten_word_VP001_word3_rest_002_00"", ""atten_word_VP001_word3_task_001_00"", ""atten_word_VP001_word3_rest_003_00"", ""atten_word_VP001_word3_task_002_00"", ""atten_word_VP001_word3_task_003_00"", ""atten_word_VP001_word3_task_004_00"", ""atten_word_VP001_word3_rest_004_00"", ""atten_word_VP001_word3_task_005_00"", ""atten_word_VP001_word3_task_007_00"", ""atten_word_VP001_word3_rest_008_00"", ""atten_word_VP001_word3_task_008_00"", ""atten_word_VP001_word3_rest_009_00"", ""atten_word_VP001_word3_task_009_00"", ""atten_word_VP001_word3_rest_010_00""]",True,,0.6681376455614897,27,0.6904761904761905,0.6576802507836991,0.8088235294117647,0.6904761904761905,0.38095238095238093
VP001,2023,existing_head_adaptation,0.30,0.3,18,42,"{""0"": 9, ""1"": 9}","{""0"": 21, ""1"": 21}","[""atten_word_VP001_word1_rest_002_00"", ""atten_word_VP001_word1_task_002_00"", ""atten_word_VP001_word1_rest_007_00"", ""atten_word_VP001_word1_task_010_00"", ""atten_word_VP001_word1_rest_009_00"", ""atten_word_VP001_word2_task_003_00"", ""atten_word_VP001_word2_task_004_00"", ""atten_word_VP001_word2_task_006_00"", ""atten_word_VP001_word2_rest_005_00"", ""atten_word_VP001_word2_task_008_00"", ""atten_word_VP001_word2_task_009_00"", ""atten_word_VP001_word2_rest_009_00"", ""atten_word_VP001_word3_rest_001_00"", ""atten_word_VP001_word3_rest_005_00"", ""atten_word_VP001_word3_task_006_00"", ""atten_word_VP001_word3_rest_006_00"", ""atten_word_VP001_word3_rest_007_00"", ""atten_word_VP001_word3_task_010_00""]","[""atten_word_VP001_word1_rest_001_00"", ""atten_word_VP001_word1_task_001_00"", ""atten_word_VP001_word1_rest_003_00"", ""atten_word_VP001_word1_task_003_00"", ""atten_word_VP001_word1_task_004_00"", ""atten_word_VP001_word1_rest_004_00"", ""atten_word_VP001_word1_task_005_00"", ""atten_word_VP001_word1_task_006_00"", ""atten_word_VP001_word1_task_007_00"", ""atten_word_VP001_word1_rest_005_00"", ""atten_word_VP001_word1_task_008_00"", ""atten_word_VP001_word1_rest_006_00"", ""atten_word_VP001_word1_rest_008_00"", ""atten_word_VP001_word1_task_009_00"", ""atten_word_VP001_word1_rest_010_00"", ""atten_word_VP001_word2_task_001_00"", ""atten_word_VP001_word2_rest_001_00"", ""atten_word_VP001_word2_rest_002_00"", ""atten_word_VP001_word2_task_002_00"", ""atten_word_VP001_word2_rest_003_00"", ""atten_word_VP001_word2_task_005_00"", ""atten_word_VP001_word2_rest_004_00"", ""atten_word_VP001_word2_task_007_00"", ""atten_word_VP001_word2_rest_006_00"", ""atten_word_VP001_word2_rest_007_00"", ""atten_word_VP001_word2_rest_008_00"", ""atten_word_VP001_word2_task_010_00"", ""atten_word_VP001_word2_rest_010_00"", ""atten_word_VP001_word3_rest_002_00"", ""atten_word_VP001_word3_task_001_00"", ""atten_word_VP001_word3_rest_003_00"", ""atten_word_VP001_word3_task_002_00"", ""atten_word_VP001_word3_task_003_00"", ""atten_word_VP001_word3_task_004_00"", ""atten_word_VP001_word3_rest_004_00"", ""atten_word_VP001_word3_task_005_00"", ""atten_word_VP001_word3_task_007_00"", ""atten_word_VP001_word3_rest_008_00"", ""atten_word_VP001_word3_task_008_00"", ""atten_word_VP001_word3_rest_009_00"", ""atten_word_VP001_word3_task_009_00"", ""atten_word_VP001_word3_rest_010_00""]",True,,0.6681376455614897,27,0.6904761904761905,0.6576802507836991,0.8088235294117647,0.6904761904761905,0.38095238095238093
VP002,2023,source_only,0.30,0.3,18,42,"{""0"": 9, ""1"": 9}","{""0"": 21, ""1"": 21}","[""atten_word_VP002_word1_task_002_00"", ""atten_word_VP002_word1_rest_002_00"", ""atten_word_VP002_word1_rest_007_00"", ""atten_word_VP002_word1_task_010_00"", ""atten_word_VP002_word1_rest_009_00"", ""atten_word_VP002_word2_task_003_00"", ""atten_word_VP002_word2_rest_005_00"", ""atten_word_VP002_word2_task_004_00"", ""atten_word_VP002_word2_task_006_00"", ""atten_word_VP002_word2_task_008_00"", ""atten_word_VP002_word2_task_009_00"", ""atten_word_VP002_word2_rest_009_00"", ""atten_word_VP002_word3_rest_001_00"", ""atten_word_VP002_word3_task_006_00"", ""atten_word_VP002_word3_rest_005_00"", ""atten_word_VP002_word3_rest_006_00"", ""atten_word_VP002_word3_rest_007_00"", ""atten_word_VP002_word3_task_010_00""]","[""atten_word_VP002_word1_rest_001_00"", ""atten_word_VP002_word1_task_001_00"", ""atten_word_VP002_word1_rest_003_00"", ""atten_word_VP002_word1_rest_004_00"", ""atten_word_VP002_word1_task_003_00"", ""atten_word_VP002_word1_rest_005_00"", ""atten_word_VP002_word1_task_004_00"", ""atten_word_VP002_word1_task_005_00"", ""atten_word_VP002_word1_rest_006_00"", ""atten_word_VP002_word1_task_006_00"", ""atten_word_VP002_word1_task_007_00"", ""atten_word_VP002_word1_task_008_00"", ""atten_word_VP002_word1_rest_008_00"", ""atten_word_VP002_word1_task_009_00"", ""atten_word_VP002_word1_rest_010_00"", ""atten_word_VP002_word2_task_001_00"", ""atten_word_VP002_word2_rest_001_00"", ""atten_word_VP002_word2_rest_002_00"", ""atten_word_VP002_word2_rest_003_00"", ""atten_word_VP002_word2_task_002_00"", ""atten_word_VP002_word2_rest_004_00"", ""atten_word_VP002_word2_rest_006_00"", ""atten_word_VP002_word2_task_005_00"", ""atten_word_VP002_word2_rest_007_00"", ""atten_word_VP002_word2_task_007_00"", ""atten_word_VP002_word2_rest_008_00"", ""atten_word_VP002_word2_rest_010_00"", ""atten_word_VP002_word2_task_010_00"", ""atten_word_VP002_word3_task_001_00"", ""atten_word_VP002_word3_rest_002_00"", ""atten_word_VP002_word3_task_002_00"", ""atten_word_VP002_word3_task_003_00"", ""atten_word_VP002_word3_rest_003_00"", ""atten_word_VP002_word3_rest_004_00"", ""atten_word_VP002_word3_task_004_00"", ""atten_word_VP002_word3_task_005_00"", ""atten_word_VP002_word3_task_007_00"", ""atten_word_VP002_word3_rest_008_00"", ""atten_word_VP002_word3_rest_009_00"", ""atten_word_VP002_word3_task_008_00"", ""atten_word_VP002_word3_task_009_00"", ""atten_word_VP002_word3_rest_010_00""]",True,,0.6866149774827057,56,0.6904761904761905,0.690300623936472,0.6909090909090909,0.6904761904761905,0.38095238095238093
VP002,2023,existing_head_adaptation,0.30,0.3,18,42,"{""0"": 9, ""1"": 9}","{""0"": 21, ""1"": 21}","[""atten_word_VP002_word1_task_002_00"", ""atten_word_VP002_word1_rest_002_00"", ""atten_word_VP002_word1_rest_007_00"", ""atten_word_VP002_word1_task_010_00"", ""atten_word_VP002_word1_rest_009_00"", ""atten_word_VP002_word2_task_003_00"", ""atten_word_VP002_word2_rest_005_00"", ""atten_word_VP002_word2_task_004_00"", ""atten_word_VP002_word2_task_006_00"", ""atten_word_VP002_word2_task_008_00"", ""atten_word_VP002_word2_task_009_00"", ""atten_word_VP002_word2_rest_009_00"", ""atten_word_VP002_word3_rest_001_00"", ""atten_word_VP002_word3_task_006_00"", ""atten_word_VP002_word3_rest_005_00"", ""atten_word_VP002_word3_rest_006_00"", ""atten_word_VP002_word3_rest_007_00"", ""atten_word_VP002_word3_task_010_00""]","[""atten_word_VP002_word1_rest_001_00"", ""atten_word_VP002_word1_task_001_00"", ""atten_word_VP002_word1_rest_003_00"", ""atten_word_VP002_word1_rest_004_00"", ""atten_word_VP002_word1_task_003_00"", ""atten_word_VP002_word1_rest_005_00"", ""atten_word_VP002_word1_task_004_00"", ""atten_word_VP002_word1_task_005_00"", ""atten_word_VP002_word1_rest_006_00"", ""atten_word_VP002_word1_task_006_00"", ""atten_word_VP002_word1_task_007_00"", ""atten_word_VP002_word1_task_008_00"", ""atten_word_VP002_word1_rest_008_00"", ""atten_word_VP002_word1_task_009_00"", ""atten_word_VP002_word1_rest_010_00"", ""atten_word_VP002_word2_task_001_00"", ""atten_word_VP002_word2_rest_001_00"", ""atten_word_VP002_word2_rest_002_00"", ""atten_word_VP002_word2_rest_003_00"", ""atten_word_VP002_word2_task_002_00"", ""atten_word_VP002_word2_rest_004_00"", ""atten_word_VP002_word2_rest_006_00"", ""atten_word_VP002_word2_task_005_00"", ""atten_word_VP002_word2_rest_007_00"", ""atten_word_VP002_word2_task_007_00"", ""atten_word_VP002_word2_rest_008_00"", ""atten_word_VP002_word2_rest_010_00"", ""atten_word_VP002_word2_task_010_00"", ""atten_word_VP002_word3_task_001_00"", ""atten_word_VP002_word3_rest_002_00"", ""atten_word_VP002_word3_task_002_00"", ""atten_word_VP002_word3_task_003_00"", ""atten_word_VP002_word3_rest_003_00"", ""atten_word_VP002_word3_rest_004_00"", ""atten_word_VP002_word3_task_004_00"", ""atten_word_VP002_word3_task_005_00"", ""atten_word_VP002_word3_task_007_00"", ""atten_word_VP002_word3_rest_008_00"", ""atten_word_VP002_word3_rest_009_00"", ""atten_word_VP002_word3_task_008_00"", ""atten_word_VP002_word3_task_009_00"", ""atten_word_VP002_word3_rest_010_00""]",True,,0.6866149774827057,56,0.6904761904761905,0.690300623936472,0.6909090909090909,0.6904761904761905,0.38095238095238093
VP003,2023,source_only,0.30,0.3,18,42,"{""0"": 9, ""1"": 9}","{""0"": 21, ""1"": 21}","[""atten_word_VP003_word1_rest_002_00"", ""atten_word_VP003_word1_task_002_00"", ""atten_word_VP003_word1_rest_007_00"", ""atten_word_VP003_word1_rest_009_00"", ""atten_word_VP003_word1_task_010_00"", ""atten_word_VP003_word2_task_003_00"", ""atten_word_VP003_word2_task_004_00"", ""atten_word_VP003_word2_rest_005_00"", ""atten_word_VP003_word2_task_006_00"", ""atten_word_VP003_word2_rest_009_00"", ""atten_word_VP003_word2_task_008_00"", ""atten_word_VP003_word2_task_009_00"", ""atten_word_VP003_word3_rest_001_00"", ""atten_word_VP003_word3_rest_005_00"", ""atten_word_VP003_word3_rest_006_00"", ""atten_word_VP003_word3_rest_007_00"", ""atten_word_VP003_word3_task_006_00"", ""atten_word_VP003_word3_task_010_00""]","[""atten_word_VP003_word1_rest_001_00"", ""atten_word_VP003_word1_task_001_00"", ""atten_word_VP003_word1_rest_003_00"", ""atten_word_VP003_word1_rest_004_00"", ""atten_word_VP003_word1_rest_005_00"", ""atten_word_VP003_word1_rest_006_00"", ""atten_word_VP003_word1_task_003_00"", ""atten_word_VP003_word1_task_004_00"", ""atten_word_VP003_word1_task_005_00"", ""atten_word_VP003_word1_task_006_00"", ""atten_word_VP003_word1_rest_008_00"", ""atten_word_VP003_word1_task_007_00"", ""atten_word_VP003_word1_rest_010_00"", ""atten_word_VP003_word1_task_008_00"", ""atten_word_VP003_word1_task_009_00"", ""atten_word_VP003_word2_rest_001_00"", ""atten_word_VP003_word2_rest_002_00"", ""atten_word_VP003_word2_rest_003_00"", ""atten_word_VP003_word2_task_001_00"", ""atten_word_VP003_word2_task_002_00"", ""atten_word_VP003_word2_rest_004_00"", ""atten_word_VP003_word2_rest_006_00"", ""atten_word_VP003_word2_task_005_00"", ""atten_word_VP003_word2_rest_007_00"", ""atten_word_VP003_word2_rest_008_00"", ""atten_word_VP003_word2_task_007_00"", ""atten_word_VP003_word2_rest_010_00"", ""atten_word_VP003_word2_task_010_00"", ""atten_word_VP003_word3_rest_002_00"", ""atten_word_VP003_word3_rest_003_00"", ""atten_word_VP003_word3_task_001_00"", ""atten_word_VP003_word3_rest_004_00"", ""atten_word_VP003_word3_task_002_00"", ""atten_word_VP003_word3_task_003_00"", ""atten_word_VP003_word3_task_004_00"", ""atten_word_VP003_word3_rest_008_00"", ""atten_word_VP003_word3_task_005_00"", ""atten_word_VP003_word3_task_007_00"", ""atten_word_VP003_word3_rest_009_00"", ""atten_word_VP003_word3_task_008_00"", ""atten_word_VP003_word3_rest_010_00"", ""atten_word_VP003_word3_task_009_00""]",True,,0.7416020671834626,56,0.7619047619047619,0.7597254004576659,0.7717647058823529,0.7619047619047619,0.5238095238095238
VP003,2023,existing_head_adaptation,0.30,0.3,18,42,"{""0"": 9, ""1"": 9}","{""0"": 21, ""1"": 21}","[""atten_word_VP003_word1_rest_002_00"", ""atten_word_VP003_word1_task_002_00"", ""atten_word_VP003_word1_rest_007_00"", ""atten_word_VP003_word1_rest_009_00"", ""atten_word_VP003_word1_task_010_00"", ""atten_word_VP003_word2_task_003_00"", ""atten_word_VP003_word2_task_004_00"", ""atten_word_VP003_word2_rest_005_00"", ""atten_word_VP003_word2_task_006_00"", ""atten_word_VP003_word2_rest_009_00"", ""atten_word_VP003_word2_task_008_00"", ""atten_word_VP003_word2_task_009_00"", ""atten_word_VP003_word3_rest_001_00"", ""atten_word_VP003_word3_rest_005_00"", ""atten_word_VP003_word3_rest_006_00"", ""atten_word_VP003_word3_rest_007_00"", ""atten_word_VP003_word3_task_006_00"", ""atten_word_VP003_word3_task_010_00""]","[""atten_word_VP003_word1_rest_001_00"", ""atten_word_VP003_word1_task_001_00"", ""atten_word_VP003_word1_rest_003_00"", ""atten_word_VP003_word1_rest_004_00"", ""atten_word_VP003_word1_rest_005_00"", ""atten_word_VP003_word1_rest_006_00"", ""atten_word_VP003_word1_task_003_00"", ""atten_word_VP003_word1_task_004_00"", ""atten_word_VP003_word1_task_005_00"", ""atten_word_VP003_word1_task_006_00"", ""atten_word_VP003_word1_rest_008_00"", ""atten_word_VP003_word1_task_007_00"", ""atten_word_VP003_word1_rest_010_00"", ""atten_word_VP003_word1_task_008_00"", ""atten_word_VP003_word1_task_009_00"", ""atten_word_VP003_word2_rest_001_00"", ""atten_word_VP003_word2_rest_002_00"", ""atten_word_VP003_word2_rest_003_00"", ""atten_word_VP003_word2_task_001_00"", ""atten_word_VP003_word2_task_002_00"", ""atten_word_VP003_word2_rest_004_00"", ""atten_word_VP003_word2_rest_006_00"", ""atten_word_VP003_word2_task_005_00"", ""atten_word_VP003_word2_rest_007_00"", ""atten_word_VP003_word2_rest_008_00"", ""atten_word_VP003_word2_task_007_00"", ""atten_word_VP003_word2_rest_010_00"", ""atten_word_VP003_word2_task_010_00"", ""atten_word_VP003_word3_rest_002_00"", ""atten_word_VP003_word3_rest_003_00"", ""atten_word_VP003_word3_task_001_00"", ""atten_word_VP003_word3_rest_004_00"", ""atten_word_VP003_word3_task_002_00"", ""atten_word_VP003_word3_task_003_00"", ""atten_word_VP003_word3_task_004_00"", ""atten_word_VP003_word3_rest_008_00"", ""atten_word_VP003_word3_task_005_00"", ""atten_word_VP003_word3_task_007_00"", ""atten_word_VP003_word3_rest_009_00"", ""atten_word_VP003_word3_task_008_00"", ""atten_word_VP003_word3_rest_010_00"", ""atten_word_VP003_word3_task_009_00""]",True,,0.7416020671834626,56,0.7857142857142857,0.7846153846153847,0.7916666666666667,0.7857142857142857,0.5714285714285714
VP004,2023,source_only,0.30,0.3,18,42,"{""0"": 9, ""1"": 9}","{""0"": 21, ""1"": 21}","[""atten_word_VP004_word1_rest_002_00"", ""atten_word_VP004_word1_task_002_00"", ""atten_word_VP004_word1_rest_007_00"", ""atten_word_VP004_word1_rest_009_00"", ""atten_word_VP004_word1_task_010_00"", ""atten_word_VP004_word2_task_003_00"", ""atten_word_VP004_word2_task_004_00"", ""atten_word_VP004_word2_task_006_00"", ""atten_word_VP004_word2_task_008_00"", ""atten_word_VP004_word2_task_009_00"", ""atten_word_VP004_word2_rest_005_00"", ""atten_word_VP004_word2_rest_009_00"", ""atten_word_VP004_word3_rest_001_00"", ""atten_word_VP004_word3_rest_005_00"", ""atten_word_VP004_word3_rest_006_00"", ""atten_word_VP004_word3_rest_007_00"", ""atten_word_VP004_word3_task_006_00"", ""atten_word_VP004_word3_task_010_00""]","[""atten_word_VP004_word1_rest_001_00"", ""atten_word_VP004_word1_task_001_00"", ""atten_word_VP004_word1_rest_003_00"", ""atten_word_VP004_word1_task_003_00"", ""atten_word_VP004_word1_task_004_00"", ""atten_word_VP004_word1_rest_004_00"", ""atten_word_VP004_word1_task_005_00"", ""atten_word_VP004_word1_task_006_00"", ""atten_word_VP004_word1_rest_005_00"", ""atten_word_VP004_word1_rest_006_00"", ""atten_word_VP004_word1_task_007_00"", ""atten_word_VP004_word1_task_008_00"", ""atten_word_VP004_word1_rest_008_00"", ""atten_word_VP004_word1_task_009_00"", ""atten_word_VP004_word1_rest_010_00"", ""atten_word_VP004_word2_task_001_00"", ""atten_word_VP004_word2_rest_001_00"", ""atten_word_VP004_word2_task_002_00"", ""atten_word_VP004_word2_rest_002_00"", ""atten_word_VP004_word2_task_005_00"", ""atten_word_VP004_word2_task_007_00"", ""atten_word_VP004_word2_rest_003_00"", ""atten_word_VP004_word2_rest_004_00"", ""atten_word_VP004_word2_rest_006_00"", ""atten_word_VP004_word2_rest_007_00"", ""atten_word_VP004_word2_task_010_00"", ""atten_word_VP004_word2_rest_008_00"", ""atten_word_VP004_word2_rest_010_00"", ""atten_word_VP004_word3_task_001_00"", ""atten_word_VP004_word3_rest_002_00"", ""atten_word_VP004_word3_rest_003_00"", ""atten_word_VP004_word3_task_002_00"", ""atten_word_VP004_word3_task_003_00"", ""atten_word_VP004_word3_rest_004_00"", ""atten_word_VP004_word3_task_004_00"", ""atten_word_VP004_word3_task_005_00"", ""atten_word_VP004_word3_rest_008_00"", ""atten_word_VP004_word3_task_007_00"", ""atten_word_VP004_word3_rest_009_00"", ""atten_word_VP004_word3_task_008_00"", ""atten_word_VP004_word3_rest_010_00"", ""atten_word_VP004_word3_task_009_00""]",True,,0.6991389148251893,24,0.6904761904761905,0.6576802507836991,0.8088235294117647,0.6904761904761905,0.38095238095238093
VP004,2023,existing_head_adaptation,0.30,0.3,18,42,"{""0"": 9, ""1"": 9}","{""0"": 21, ""1"": 21}","[""atten_word_VP004_word1_rest_002_00"", ""atten_word_VP004_word1_task_002_00"", ""atten_word_VP004_word1_rest_007_00"", ""atten_word_VP004_word1_rest_009_00"", ""atten_word_VP004_word1_task_010_00"", ""atten_word_VP004_word2_task_003_00"", ""atten_word_VP004_word2_task_004_00"", ""atten_word_VP004_word2_task_006_00"", ""atten_word_VP004_word2_task_008_00"", ""atten_word_VP004_word2_task_009_00"", ""atten_word_VP004_word2_rest_005_00"", ""atten_word_VP004_word2_rest_009_00"", ""atten_word_VP004_word3_rest_001_00"", ""atten_word_VP004_word3_rest_005_00"", ""atten_word_VP004_word3_rest_006_00"", ""atten_word_VP004_word3_rest_007_00"", ""atten_word_VP004_word3_task_006_00"", ""atten_word_VP004_word3_task_010_00""]","[""atten_word_VP004_word1_rest_001_00"", ""atten_word_VP004_word1_task_001_00"", ""atten_word_VP004_word1_rest_003_00"", ""atten_word_VP004_word1_task_003_00"", ""atten_word_VP004_word1_task_004_00"", ""atten_word_VP004_word1_rest_004_00"", ""atten_word_VP004_word1_task_005_00"", ""atten_word_VP004_word1_task_006_00"", ""atten_word_VP004_word1_rest_005_00"", ""atten_word_VP004_word1_rest_006_00"", ""atten_word_VP004_word1_task_007_00"", ""atten_word_VP004_word1_task_008_00"", ""atten_word_VP004_word1_rest_008_00"", ""atten_word_VP004_word1_task_009_00"", ""atten_word_VP004_word1_rest_010_00"", ""atten_word_VP004_word2_task_001_00"", ""atten_word_VP004_word2_rest_001_00"", ""atten_word_VP004_word2_task_002_00"", ""atten_word_VP004_word2_rest_002_00"", ""atten_word_VP004_word2_task_005_00"", ""atten_word_VP004_word2_task_007_00"", ""atten_word_VP004_word2_rest_003_00"", ""atten_word_VP004_word2_rest_004_00"", ""atten_word_VP004_word2_rest_006_00"", ""atten_word_VP004_word2_rest_007_00"", ""atten_word_VP004_word2_task_010_00"", ""atten_word_VP004_word2_rest_008_00"", ""atten_word_VP004_word2_rest_010_00"", ""atten_word_VP004_word3_task_001_00"", ""atten_word_VP004_word3_rest_002_00"", ""atten_word_VP004_word3_rest_003_00"", ""atten_word_VP004_word3_task_002_00"", ""atten_word_VP004_word3_task_003_00"", ""atten_word_VP004_word3_rest_004_00"", ""atten_word_VP004_word3_task_004_00"", ""atten_word_VP004_word3_task_005_00"", ""atten_word_VP004_word3_rest_008_00"", ""atten_word_VP004_word3_task_007_00"", ""atten_word_VP004_word3_rest_009_00"", ""atten_word_VP004_word3_task_008_00"", ""atten_word_VP004_word3_rest_010_00"", ""atten_word_VP004_word3_task_009_00""]",True,,0.6991389148251893,24,0.7380952380952381,0.71880706025563,0.828125,0.7380952380952381,0.47619047619047616
VP005,2023,source_only,0.30,0.3,18,42,"{""0"": 9, ""1"": 9}","{""0"": 21, ""1"": 21}","[""atten_word_VP005_word1_task_002_00"", ""atten_word_VP005_word1_rest_002_00"", ""atten_word_VP005_word1_rest_007_00"", ""atten_word_VP005_word1_task_010_00"", ""atten_word_VP005_word1_rest_009_00"", ""atten_word_VP005_word2_task_003_00"", ""atten_word_VP005_word2_task_004_00"", ""atten_word_VP005_word2_rest_005_00"", ""atten_word_VP005_word2_task_006_00"", ""atten_word_VP005_word2_rest_009_00"", ""atten_word_VP005_word2_task_008_00"", ""atten_word_VP005_word2_task_009_00"", ""atten_word_VP005_word3_rest_001_00"", ""atten_word_VP005_word3_rest_005_00"", ""atten_word_VP005_word3_rest_006_00"", ""atten_word_VP005_word3_task_006_00"", ""atten_word_VP005_word3_rest_007_00"", ""atten_word_VP005_word3_task_010_00""]","[""atten_word_VP005_word1_rest_001_00"", ""atten_word_VP005_word1_task_001_00"", ""atten_word_VP005_word1_task_003_00"", ""atten_word_VP005_word1_rest_003_00"", ""atten_word_VP005_word1_rest_004_00"", ""atten_word_VP005_word1_task_004_00"", ""atten_word_VP005_word1_task_005_00"", ""atten_word_VP005_word1_task_006_00"", ""atten_word_VP005_word1_rest_005_00"", ""atten_word_VP005_word1_rest_006_00"", ""atten_word_VP005_word1_task_007_00"", ""atten_word_VP005_word1_rest_008_00"", ""atten_word_VP005_word1_task_008_00"", ""atten_word_VP005_word1_task_009_00"", ""atten_word_VP005_word1_rest_010_00"", ""atten_word_VP005_word2_rest_001_00"", ""atten_word_VP005_word2_rest_002_00"", ""atten_word_VP005_word2_rest_003_00"", ""atten_word_VP005_word2_task_001_00"", ""atten_word_VP005_word2_task_002_00"", ""atten_word_VP005_word2_rest_004_00"", ""atten_word_VP005_word2_rest_006_00"", ""atten_word_VP005_word2_task_005_00"", ""atten_word_VP005_word2_rest_007_00"", ""atten_word_VP005_word2_rest_008_00"", ""atten_word_VP005_word2_task_007_00"", ""atten_word_VP005_word2_rest_010_00"", ""atten_word_VP005_word2_task_010_00"", ""atten_word_VP005_word3_task_001_00"", ""atten_word_VP005_word3_task_002_00"", ""atten_word_VP005_word3_task_003_00"", ""atten_word_VP005_word3_rest_002_00"", ""atten_word_VP005_word3_rest_003_00"", ""atten_word_VP005_word3_task_004_00"", ""atten_word_VP005_word3_rest_004_00"", ""atten_word_VP005_word3_task_005_00"", ""atten_word_VP005_word3_task_007_00"", ""atten_word_VP005_word3_task_008_00"", ""atten_word_VP005_word3_rest_008_00"", ""atten_word_VP005_word3_rest_009_00"", ""atten_word_VP005_word3_task_009_00"", ""atten_word_VP005_word3_rest_010_00""]",True,,0.7260717299090373,40,0.4523809523809524,0.3114754098360656,0.2375,0.4523809523809524,-0.09523809523809534
VP005,2023,existing_head_adaptation,0.30,0.3,18,42,"{""0"": 9, ""1"": 9}","{""0"": 21, ""1"": 21}","[""atten_word_VP005_word1_task_002_00"", ""atten_word_VP005_word1_rest_002_00"", ""atten_word_VP005_word1_rest_007_00"", ""atten_word_VP005_word1_task_010_00"", ""atten_word_VP005_word1_rest_009_00"", ""atten_word_VP005_word2_task_003_00"", ""atten_word_VP005_word2_task_004_00"", ""atten_word_VP005_word2_rest_005_00"", ""atten_word_VP005_word2_task_006_00"", ""atten_word_VP005_word2_rest_009_00"", ""atten_word_VP005_word2_task_008_00"", ""atten_word_VP005_word2_task_009_00"", ""atten_word_VP005_word3_rest_001_00"", ""atten_word_VP005_word3_rest_005_00"", ""atten_word_VP005_word3_rest_006_00"", ""atten_word_VP005_word3_task_006_00"", ""atten_word_VP005_word3_rest_007_00"", ""atten_word_VP005_word3_task_010_00""]","[""atten_word_VP005_word1_rest_001_00"", ""atten_word_VP005_word1_task_001_00"", ""atten_word_VP005_word1_task_003_00"", ""atten_word_VP005_word1_rest_003_00"", ""atten_word_VP005_word1_rest_004_00"", ""atten_word_VP005_word1_task_004_00"", ""atten_word_VP005_word1_task_005_00"", ""atten_word_VP005_word1_task_006_00"", ""atten_word_VP005_word1_rest_005_00"", ""atten_word_VP005_word1_rest_006_00"", ""atten_word_VP005_word1_task_007_00"", ""atten_word_VP005_word1_rest_008_00"", ""atten_word_VP005_word1_task_008_00"", ""atten_word_VP005_word1_task_009_00"", ""atten_word_VP005_word1_rest_010_00"", ""atten_word_VP005_word2_rest_001_00"", ""atten_word_VP005_word2_rest_002_00"", ""atten_word_VP005_word2_rest_003_00"", ""atten_word_VP005_word2_task_001_00"", ""atten_word_VP005_word2_task_002_00"", ""atten_word_VP005_word2_rest_004_00"", ""atten_word_VP005_word2_rest_006_00"", ""atten_word_VP005_word2_task_005_00"", ""atten_word_VP005_word2_rest_007_00"", ""atten_word_VP005_word2_rest_008_00"", ""atten_word_VP005_word2_task_007_00"", ""atten_word_VP005_word2_rest_010_00"", ""atten_word_VP005_word2_task_010_00"", ""atten_word_VP005_word3_task_001_00"", ""atten_word_VP005_word3_task_002_00"", ""atten_word_VP005_word3_task_003_00"", ""atten_word_VP005_word3_rest_002_00"", ""atten_word_VP005_word3_rest_003_00"", ""atten_word_VP005_word3_task_004_00"", ""atten_word_VP005_word3_rest_004_00"", ""atten_word_VP005_word3_task_005_00"", ""atten_word_VP005_word3_task_007_00"", ""atten_word_VP005_word3_task_008_00"", ""atten_word_VP005_word3_rest_008_00"", ""atten_word_VP005_word3_rest_009_00"", ""atten_word_VP005_word3_task_009_00"", ""atten_word_VP005_word3_rest_010_00""]",True,,0.7260717299090373,40,0.4523809523809524,0.3114754098360656,0.2375,0.4523809523809524,-0.09523809523809534
VP006,2023,source_only,0.30,0.3,18,42,"{""0"": 9, ""1"": 9}","{""0"": 21, ""1"": 21}","[""atten_word_VP006_word1_rest_002_00"", ""atten_word_VP006_word1_task_002_00"", ""atten_word_VP006_word1_rest_007_00"", ""atten_word_VP006_word1_rest_009_00"", ""atten_word_VP006_word1_task_010_00"", ""atten_word_VP006_word2_task_003_00"", ""atten_word_VP006_word2_task_004_00"", ""atten_word_VP006_word2_task_006_00"", ""atten_word_VP006_word2_rest_005_00"", ""atten_word_VP006_word2_task_008_00"", ""atten_word_VP006_word2_task_009_00"", ""atten_word_VP006_word2_rest_009_00"", ""atten_word_VP006_word3_rest_001_00"", ""atten_word_VP006_word3_rest_005_00"", ""atten_word_VP006_word3_rest_006_00"", ""atten_word_VP006_word3_task_006_00"", ""atten_word_VP006_word3_rest_007_00"", ""atten_word_VP006_word3_task_010_00""]","[""atten_word_VP006_word1_rest_001_00"", ""atten_word_VP006_word1_task_001_00"", ""atten_word_VP006_word1_task_003_00"", ""atten_word_VP006_word1_rest_003_00"", ""atten_word_VP006_word1_rest_004_00"", ""atten_word_VP006_word1_task_004_00"", ""atten_word_VP006_word1_rest_005_00"", ""atten_word_VP006_word1_task_005_00"", ""atten_word_VP006_word1_rest_006_00"", ""atten_word_VP006_word1_task_006_00"", ""atten_word_VP006_word1_task_007_00"", ""atten_word_VP006_word1_task_008_00"", ""atten_word_VP006_word1_rest_008_00"", ""atten_word_VP006_word1_task_009_00"", ""atten_word_VP006_word1_rest_010_00"", ""atten_word_VP006_word2_task_001_00"", ""atten_word_VP006_word2_task_002_00"", ""atten_word_VP006_word2_rest_001_00"", ""atten_word_VP006_word2_rest_002_00"", ""atten_word_VP006_word2_task_005_00"", ""atten_word_VP006_word2_rest_003_00"", ""atten_word_VP006_word2_task_007_00"", ""atten_word_VP006_word2_rest_004_00"", ""atten_word_VP006_word2_rest_006_00"", ""atten_word_VP006_word2_rest_007_00"", ""atten_word_VP006_word2_rest_008_00"", ""atten_word_VP006_word2_task_010_00"", ""atten_word_VP006_word2_rest_010_00"", ""atten_word_VP006_word3_task_001_00"", ""atten_word_VP006_word3_rest_002_00"", ""atten_word_VP006_word3_task_002_00"", ""atten_word_VP006_word3_rest_003_00"", ""atten_word_VP006_word3_rest_004_00"", ""atten_word_VP006_word3_task_003_00"", ""atten_word_VP006_word3_task_004_00"", ""atten_word_VP006_word3_task_005_00"", ""atten_word_VP006_word3_task_007_00"", ""atten_word_VP006_word3_rest_008_00"", ""atten_word_VP006_word3_task_008_00"", ""atten_word_VP006_word3_task_009_00"", ""atten_word_VP006_word3_rest_009_00"", ""atten_word_VP006_word3_rest_010_00""]",True,,0.7522321428571429,56,0.5952380952380952,0.5159322033898305,0.7763157894736843,0.5952380952380952,0.19047619047619047
VP006,2023,existing_head_adaptation,0.30,0.3,18,42,"{""0"": 9, ""1"": 9}","{""0"": 21, ""1"": 21}","[""atten_word_VP006_word1_rest_002_00"", ""atten_word_VP006_word1_task_002_00"", ""atten_word_VP006_word1_rest_007_00"", ""atten_word_VP006_word1_rest_009_00"", ""atten_word_VP006_word1_task_010_00"", ""atten_word_VP006_word2_task_003_00"", ""atten_word_VP006_word2_task_004_00"", ""atten_word_VP006_word2_task_006_00"", ""atten_word_VP006_word2_rest_005_00"", ""atten_word_VP006_word2_task_008_00"", ""atten_word_VP006_word2_task_009_00"", ""atten_word_VP006_word2_rest_009_00"", ""atten_word_VP006_word3_rest_001_00"", ""atten_word_VP006_word3_rest_005_00"", ""atten_word_VP006_word3_rest_006_00"", ""atten_word_VP006_word3_task_006_00"", ""atten_word_VP006_word3_rest_007_00"", ""atten_word_VP006_word3_task_010_00""]","[""atten_word_VP006_word1_rest_001_00"", ""atten_word_VP006_word1_task_001_00"", ""atten_word_VP006_word1_task_003_00"", ""atten_word_VP006_word1_rest_003_00"", ""atten_word_VP006_word1_rest_004_00"", ""atten_word_VP006_word1_task_004_00"", ""atten_word_VP006_word1_rest_005_00"", ""atten_word_VP006_word1_task_005_00"", ""atten_word_VP006_word1_rest_006_00"", ""atten_word_VP006_word1_task_006_00"", ""atten_word_VP006_word1_task_007_00"", ""atten_word_VP006_word1_task_008_00"", ""atten_word_VP006_word1_rest_008_00"", ""atten_word_VP006_word1_task_009_00"", ""atten_word_VP006_word1_rest_010_00"", ""atten_word_VP006_word2_task_001_00"", ""atten_word_VP006_word2_task_002_00"", ""atten_word_VP006_word2_rest_001_00"", ""atten_word_VP006_word2_rest_002_00"", ""atten_word_VP006_word2_task_005_00"", ""atten_word_VP006_word2_rest_003_00"", ""atten_word_VP006_word2_task_007_00"", ""atten_word_VP006_word2_rest_004_00"", ""atten_word_VP006_word2_rest_006_00"", ""atten_word_VP006_word2_rest_007_00"", ""atten_word_VP006_word2_rest_008_00"", ""atten_word_VP006_word2_task_010_00"", ""atten_word_VP006_word2_rest_010_00"", ""atten_word_VP006_word3_task_001_00"", ""atten_word_VP006_word3_rest_002_00"", ""atten_word_VP006_word3_task_002_00"", ""atten_word_VP006_word3_rest_003_00"", ""atten_word_VP006_word3_rest_004_00"", ""atten_word_VP006_word3_task_003_00"", ""atten_word_VP006_word3_task_004_00"", ""atten_word_VP006_word3_task_005_00"", ""atten_word_VP006_word3_task_007_00"", ""atten_word_VP006_word3_rest_008_00"", ""atten_word_VP006_word3_task_008_00"", ""atten_word_VP006_word3_task_009_00"", ""atten_word_VP006_word3_rest_009_00"", ""atten_word_VP006_word3_rest_010_00""]",True,,0.7522321428571429,56,0.5952380952380952,0.5159322033898305,0.7763157894736843,0.5952380952380952,0.19047619047619047
VP007,2023,source_only,0.30,0.3,18,42,"{""0"": 9, ""1"": 9}","{""0"": 21, ""1"": 21}","[""atten_word_VP007_word1_task_002_00"", ""atten_word_VP007_word1_rest_002_00"", ""atten_word_VP007_word1_rest_007_00"", ""atten_word_VP007_word1_rest_009_00"", ""atten_word_VP007_word1_task_010_00"", ""atten_word_VP007_word2_task_003_00"", ""atten_word_VP007_word2_task_004_00"", ""atten_word_VP007_word2_rest_005_00"", ""atten_word_VP007_word2_task_006_00"", ""atten_word_VP007_word2_task_008_00"", ""atten_word_VP007_word2_task_009_00"", ""atten_word_VP007_word2_rest_009_00"", ""atten_word_VP007_word3_rest_001_00"", ""atten_word_VP007_word3_task_006_00"", ""atten_word_VP007_word3_rest_005_00"", ""atten_word_VP007_word3_rest_006_00"", ""atten_word_VP007_word3_rest_007_00"", ""atten_word_VP007_word3_task_010_00""]","[""atten_word_VP007_word1_task_001_00"", ""atten_word_VP007_word1_task_003_00"", ""atten_word_VP007_word1_rest_001_00"", ""atten_word_VP007_word1_rest_003_00"", ""atten_word_VP007_word1_task_004_00"", ""atten_word_VP007_word1_task_005_00"", ""atten_word_VP007_word1_rest_004_00"", ""atten_word_VP007_word1_task_006_00"", ""atten_word_VP007_word1_rest_005_00"", ""atten_word_VP007_word1_task_007_00"", ""atten_word_VP007_word1_task_008_00"", ""atten_word_VP007_word1_rest_006_00"", ""atten_word_VP007_word1_rest_008_00"", ""atten_word_VP007_word1_task_009_00"", ""atten_word_VP007_word1_rest_010_00"", ""atten_word_VP007_word2_rest_001_00"", ""atten_word_VP007_word2_task_001_00"", ""atten_word_VP007_word2_rest_002_00"", ""atten_word_VP007_word2_task_002_00"", ""atten_word_VP007_word2_rest_003_00"", ""atten_word_VP007_word2_rest_004_00"", ""atten_word_VP007_word2_task_005_00"", ""atten_word_VP007_word2_task_007_00"", ""atten_word_VP007_word2_rest_006_00"", ""atten_word_VP007_word2_rest_007_00"", ""atten_word_VP007_word2_rest_008_00"", ""atten_word_VP007_word2_task_010_00"", ""atten_word_VP007_word2_rest_010_00"", ""atten_word_VP007_word3_task_001_00"", ""atten_word_VP007_word3_task_002_00"", ""atten_word_VP007_word3_task_003_00"", ""atten_word_VP007_word3_rest_002_00"", ""atten_word_VP007_word3_rest_003_00"", ""atten_word_VP007_word3_task_004_00"", ""atten_word_VP007_word3_rest_004_00"", ""atten_word_VP007_word3_task_005_00"", ""atten_word_VP007_word3_task_007_00"", ""atten_word_VP007_word3_task_008_00"", ""atten_word_VP007_word3_rest_008_00"", ""atten_word_VP007_word3_rest_009_00"", ""atten_word_VP007_word3_task_009_00"", ""atten_word_VP007_word3_rest_010_00""]",True,,0.7015792826725978,15,0.6666666666666666,0.625,0.8,0.6666666666666666,0.33333333333333337
VP007,2023,existing_head_adaptation,0.30,0.3,18,42,"{""0"": 9, ""1"": 9}","{""0"": 21, ""1"": 21}","[""atten_word_VP007_word1_task_002_00"", ""atten_word_VP007_word1_rest_002_00"", ""atten_word_VP007_word1_rest_007_00"", ""atten_word_VP007_word1_rest_009_00"", ""atten_word_VP007_word1_task_010_00"", ""atten_word_VP007_word2_task_003_00"", ""atten_word_VP007_word2_task_004_00"", ""atten_word_VP007_word2_rest_005_00"", ""atten_word_VP007_word2_task_006_00"", ""atten_word_VP007_word2_task_008_00"", ""atten_word_VP007_word2_task_009_00"", ""atten_word_VP007_word2_rest_009_00"", ""atten_word_VP007_word3_rest_001_00"", ""atten_word_VP007_word3_task_006_00"", ""atten_word_VP007_word3_rest_005_00"", ""atten_word_VP007_word3_rest_006_00"", ""atten_word_VP007_word3_rest_007_00"", ""atten_word_VP007_word3_task_010_00""]","[""atten_word_VP007_word1_task_001_00"", ""atten_word_VP007_word1_task_003_00"", ""atten_word_VP007_word1_rest_001_00"", ""atten_word_VP007_word1_rest_003_00"", ""atten_word_VP007_word1_task_004_00"", ""atten_word_VP007_word1_task_005_00"", ""atten_word_VP007_word1_rest_004_00"", ""atten_word_VP007_word1_task_006_00"", ""atten_word_VP007_word1_rest_005_00"", ""atten_word_VP007_word1_task_007_00"", ""atten_word_VP007_word1_task_008_00"", ""atten_word_VP007_word1_rest_006_00"", ""atten_word_VP007_word1_rest_008_00"", ""atten_word_VP007_word1_task_009_00"", ""atten_word_VP007_word1_rest_010_00"", ""atten_word_VP007_word2_rest_001_00"", ""atten_word_VP007_word2_task_001_00"", ""atten_word_VP007_word2_rest_002_00"", ""atten_word_VP007_word2_task_002_00"", ""atten_word_VP007_word2_rest_003_00"", ""atten_word_VP007_word2_rest_004_00"", ""atten_word_VP007_word2_task_005_00"", ""atten_word_VP007_word2_task_007_00"", ""atten_word_VP007_word2_rest_006_00"", ""atten_word_VP007_word2_rest_007_00"", ""atten_word_VP007_word2_rest_008_00"", ""atten_word_VP007_word2_task_010_00"", ""atten_word_VP007_word2_rest_010_00"", ""atten_word_VP007_word3_task_001_00"", ""atten_word_VP007_word3_task_002_00"", ""atten_word_VP007_word3_task_003_00"", ""atten_word_VP007_word3_rest_002_00"", ""atten_word_VP007_word3_rest_003_00"", ""atten_word_VP007_word3_task_004_00"", ""atten_word_VP007_word3_rest_004_00"", ""atten_word_VP007_word3_task_005_00"", ""atten_word_VP007_word3_task_007_00"", ""atten_word_VP007_word3_task_008_00"", ""atten_word_VP007_word3_rest_008_00"", ""atten_word_VP007_word3_rest_009_00"", ""atten_word_VP007_word3_task_009_00"", ""atten_word_VP007_word3_rest_010_00""]",True,,0.7015792826725978,15,0.6904761904761905,0.6576802507836991,0.8088235294117647,0.6904761904761905,0.38095238095238093
VP008,2023,source_only,0.30,0.3,18,42,"{""0"": 9, ""1"": 9}","{""0"": 21, ""1"": 21}","[""atten_word_VP008_word1_task_002_00"", ""atten_word_VP008_word1_rest_002_00"", ""atten_word_VP008_word1_rest_007_00"", ""atten_word_VP008_word1_task_010_00"", ""atten_word_VP008_word1_rest_009_00"", ""atten_word_VP008_word2_task_003_00"", ""atten_word_VP008_word2_task_004_00"", ""atten_word_VP008_word2_rest_005_00"", ""atten_word_VP008_word2_task_006_00"", ""atten_word_VP008_word2_task_008_00"", ""atten_word_VP008_word2_task_009_00"", ""atten_word_VP008_word2_rest_009_00"", ""atten_word_VP008_word3_rest_001_00"", ""atten_word_VP008_word3_rest_005_00"", ""atten_word_VP008_word3_rest_006_00"", ""atten_word_VP008_word3_rest_007_00"", ""atten_word_VP008_word3_task_006_00"", ""atten_word_VP008_word3_task_010_00""]","[""atten_word_VP008_word1_rest_001_00"", ""atten_word_VP008_word1_task_001_00"", ""atten_word_VP008_word1_rest_003_00"", ""atten_word_VP008_word1_task_003_00"", ""atten_word_VP008_word1_rest_004_00"", ""atten_word_VP008_word1_task_004_00"", ""atten_word_VP008_word1_task_005_00"", ""atten_word_VP008_word1_task_006_00"", ""atten_word_VP008_word1_rest_005_00"", ""atten_word_VP008_word1_rest_006_00"", ""atten_word_VP008_word1_task_007_00"", ""atten_word_VP008_word1_rest_008_00"", ""atten_word_VP008_word1_task_008_00"", ""atten_word_VP008_word1_task_009_00"", ""atten_word_VP008_word1_rest_010_00"", ""atten_word_VP008_word2_task_001_00"", ""atten_word_VP008_word2_rest_001_00"", ""atten_word_VP008_word2_task_002_00"", ""atten_word_VP008_word2_rest_002_00"", ""atten_word_VP008_word2_rest_003_00"", ""atten_word_VP008_word2_rest_004_00"", ""atten_word_VP008_word2_task_005_00"", ""atten_word_VP008_word2_rest_006_00"", ""atten_word_VP008_word2_rest_007_00"", ""atten_word_VP008_word2_task_007_00"", ""atten_word_VP008_word2_rest_008_00"", ""atten_word_VP008_word2_rest_010_00"", ""atten_word_VP008_word2_task_010_00"", ""atten_word_VP008_word3_task_001_00"", ""atten_word_VP008_word3_task_002_00"", ""atten_word_VP008_word3_task_003_00"", ""atten_word_VP008_word3_rest_002_00"", ""atten_word_VP008_word3_task_004_00"", ""atten_word_VP008_word3_rest_003_00"", ""atten_word_VP008_word3_rest_004_00"", ""atten_word_VP008_word3_task_005_00"", ""atten_word_VP008_word3_rest_008_00"", ""atten_word_VP008_word3_task_007_00"", ""atten_word_VP008_word3_rest_009_00"", ""atten_word_VP008_word3_task_008_00"", ""atten_word_VP008_word3_task_009_00"", ""atten_word_VP008_word3_rest_010_00""]",True,,0.7229789002262339,40,0.5,0.3333333333333333,0.25,0.5,0.0
VP008,2023,existing_head_adaptation,0.30,0.3,18,42,"{""0"": 9, ""1"": 9}","{""0"": 21, ""1"": 21}","[""atten_word_VP008_word1_task_002_00"", ""atten_word_VP008_word1_rest_002_00"", ""atten_word_VP008_word1_rest_007_00"", ""atten_word_VP008_word1_task_010_00"", ""atten_word_VP008_word1_rest_009_00"", ""atten_word_VP008_word2_task_003_00"", ""atten_word_VP008_word2_task_004_00"", ""atten_word_VP008_word2_rest_005_00"", ""atten_word_VP008_word2_task_006_00"", ""atten_word_VP008_word2_task_008_00"", ""atten_word_VP008_word2_task_009_00"", ""atten_word_VP008_word2_rest_009_00"", ""atten_word_VP008_word3_rest_001_00"", ""atten_word_VP008_word3_rest_005_00"", ""atten_word_VP008_word3_rest_006_00"", ""atten_word_VP008_word3_rest_007_00"", ""atten_word_VP008_word3_task_006_00"", ""atten_word_VP008_word3_task_010_00""]","[""atten_word_VP008_word1_rest_001_00"", ""atten_word_VP008_word1_task_001_00"", ""atten_word_VP008_word1_rest_003_00"", ""atten_word_VP008_word1_task_003_00"", ""atten_word_VP008_word1_rest_004_00"", ""atten_word_VP008_word1_task_004_00"", ""atten_word_VP008_word1_task_005_00"", ""atten_word_VP008_word1_task_006_00"", ""atten_word_VP008_word1_rest_005_00"", ""atten_word_VP008_word1_rest_006_00"", ""atten_word_VP008_word1_task_007_00"", ""atten_word_VP008_word1_rest_008_00"", ""atten_word_VP008_word1_task_008_00"", ""atten_word_VP008_word1_task_009_00"", ""atten_word_VP008_word1_rest_010_00"", ""atten_word_VP008_word2_task_001_00"", ""atten_word_VP008_word2_rest_001_00"", ""atten_word_VP008_word2_task_002_00"", ""atten_word_VP008_word2_rest_002_00"", ""atten_word_VP008_word2_rest_003_00"", ""atten_word_VP008_word2_rest_004_00"", ""atten_word_VP008_word2_task_005_00"", ""atten_word_VP008_word2_rest_006_00"", ""atten_word_VP008_word2_rest_007_00"", ""atten_word_VP008_word2_task_007_00"", ""atten_word_VP008_word2_rest_008_00"", ""atten_word_VP008_word2_rest_010_00"", ""atten_word_VP008_word2_task_010_00"", ""atten_word_VP008_word3_task_001_00"", ""atten_word_VP008_word3_task_002_00"", ""atten_word_VP008_word3_task_003_00"", ""atten_word_VP008_word3_rest_002_00"", ""atten_word_VP008_word3_task_004_00"", ""atten_word_VP008_word3_rest_003_00"", ""atten_word_VP008_word3_rest_004_00"", ""atten_word_VP008_word3_task_005_00"", ""atten_word_VP008_word3_rest_008_00"", ""atten_word_VP008_word3_task_007_00"", ""atten_word_VP008_word3_rest_009_00"", ""atten_word_VP008_word3_task_008_00"", ""atten_word_VP008_word3_task_009_00"", ""atten_word_VP008_word3_rest_010_00""]",True,,0.7229789002262339,40,0.5,0.3333333333333333,0.25,0.5,0.0
VP009,2023,source_only,0.30,0.3,18,42,"{""0"": 9, ""1"": 9}","{""0"": 21, ""1"": 21}","[""atten_word_VP009_word1_task_002_00"", ""atten_word_VP009_word1_rest_002_00"", ""atten_word_VP009_word1_rest_007_00"", ""atten_word_VP009_word1_rest_009_00"", ""atten_word_VP009_word1_task_010_00"", ""atten_word_VP009_word2_task_003_00"", ""atten_word_VP009_word2_task_004_00"", ""atten_word_VP009_word2_task_006_00"", ""atten_word_VP009_word2_rest_005_00"", ""atten_word_VP009_word2_task_008_00"", ""atten_word_VP009_word2_rest_009_00"", ""atten_word_VP009_word2_task_009_00"", ""atten_word_VP009_word3_rest_001_00"", ""atten_word_VP009_word3_rest_005_00"", ""atten_word_VP009_word3_rest_006_00"", ""atten_word_VP009_word3_rest_007_00"", ""atten_word_VP009_word3_task_006_00"", ""atten_word_VP009_word3_task_010_00""]","[""atten_word_VP009_word1_task_001_00"", ""atten_word_VP009_word1_rest_001_00"", ""atten_word_VP009_word1_task_003_00"", ""atten_word_VP009_word1_task_004_00"", ""atten_word_VP009_word1_rest_003_00"", ""atten_word_VP009_word1_task_005_00"", ""atten_word_VP009_word1_rest_004_00"", ""atten_word_VP009_word1_rest_005_00"", ""atten_word_VP009_word1_task_006_00"", ""atten_word_VP009_word1_rest_006_00"", ""atten_word_VP009_word1_task_007_00"", ""atten_word_VP009_word1_task_008_00"", ""atten_word_VP009_word1_rest_008_00"", ""atten_word_VP009_word1_task_009_00"", ""atten_word_VP009_word1_rest_010_00"", ""atten_word_VP009_word2_task_001_00"", ""atten_word_VP009_word2_rest_001_00"", ""atten_word_VP009_word2_task_002_00"", ""atten_word_VP009_word2_rest_002_00"", ""atten_word_VP009_word2_rest_003_00"", ""atten_word_VP009_word2_task_005_00"", ""atten_word_VP009_word2_rest_004_00"", ""atten_word_VP009_word2_task_007_00"", ""atten_word_VP009_word2_rest_006_00"", ""atten_word_VP009_word2_rest_007_00"", ""atten_word_VP009_word2_rest_008_00"", ""atten_word_VP009_word2_rest_010_00"", ""atten_word_VP009_word2_task_010_00"", ""atten_word_VP009_word3_task_001_00"", ""atten_word_VP009_word3_rest_002_00"", ""atten_word_VP009_word3_rest_003_00"", ""atten_word_VP009_word3_task_002_00"", ""atten_word_VP009_word3_task_003_00"", ""atten_word_VP009_word3_task_004_00"", ""atten_word_VP009_word3_rest_004_00"", ""atten_word_VP009_word3_task_005_00"", ""atten_word_VP009_word3_rest_008_00"", ""atten_word_VP009_word3_rest_009_00"", ""atten_word_VP009_word3_task_007_00"", ""atten_word_VP009_word3_rest_010_00"", ""atten_word_VP009_word3_task_008_00"", ""atten_word_VP009_word3_task_009_00""]",True,,0.7257142857142858,33,0.5,0.3333333333333333,0.25,0.5,0.0
VP009,2023,existing_head_adaptation,0.30,0.3,18,42,"{""0"": 9, ""1"": 9}","{""0"": 21, ""1"": 21}","[""atten_word_VP009_word1_task_002_00"", ""atten_word_VP009_word1_rest_002_00"", ""atten_word_VP009_word1_rest_007_00"", ""atten_word_VP009_word1_rest_009_00"", ""atten_word_VP009_word1_task_010_00"", ""atten_word_VP009_word2_task_003_00"", ""atten_word_VP009_word2_task_004_00"", ""atten_word_VP009_word2_task_006_00"", ""atten_word_VP009_word2_rest_005_00"", ""atten_word_VP009_word2_task_008_00"", ""atten_word_VP009_word2_rest_009_00"", ""atten_word_VP009_word2_task_009_00"", ""atten_word_VP009_word3_rest_001_00"", ""atten_word_VP009_word3_rest_005_00"", ""atten_word_VP009_word3_rest_006_00"", ""atten_word_VP009_word3_rest_007_00"", ""atten_word_VP009_word3_task_006_00"", ""atten_word_VP009_word3_task_010_00""]","[""atten_word_VP009_word1_task_001_00"", ""atten_word_VP009_word1_rest_001_00"", ""atten_word_VP009_word1_task_003_00"", ""atten_word_VP009_word1_task_004_00"", ""atten_word_VP009_word1_rest_003_00"", ""atten_word_VP009_word1_task_005_00"", ""atten_word_VP009_word1_rest_004_00"", ""atten_word_VP009_word1_rest_005_00"", ""atten_word_VP009_word1_task_006_00"", ""atten_word_VP009_word1_rest_006_00"", ""atten_word_VP009_word1_task_007_00"", ""atten_word_VP009_word1_task_008_00"", ""atten_word_VP009_word1_rest_008_00"", ""atten_word_VP009_word1_task_009_00"", ""atten_word_VP009_word1_rest_010_00"", ""atten_word_VP009_word2_task_001_00"", ""atten_word_VP009_word2_rest_001_00"", ""atten_word_VP009_word2_task_002_00"", ""atten_word_VP009_word2_rest_002_00"", ""atten_word_VP009_word2_rest_003_00"", ""atten_word_VP009_word2_task_005_00"", ""atten_word_VP009_word2_rest_004_00"", ""atten_word_VP009_word2_task_007_00"", ""atten_word_VP009_word2_rest_006_00"", ""atten_word_VP009_word2_rest_007_00"", ""atten_word_VP009_word2_rest_008_00"", ""atten_word_VP009_word2_rest_010_00"", ""atten_word_VP009_word2_task_010_00"", ""atten_word_VP009_word3_task_001_00"", ""atten_word_VP009_word3_rest_002_00"", ""atten_word_VP009_word3_rest_003_00"", ""atten_word_VP009_word3_task_002_00"", ""atten_word_VP009_word3_task_003_00"", ""atten_word_VP009_word3_task_004_00"", ""atten_word_VP009_word3_rest_004_00"", ""atten_word_VP009_word3_task_005_00"", ""atten_word_VP009_word3_rest_008_00"", ""atten_word_VP009_word3_rest_009_00"", ""atten_word_VP009_word3_task_007_00"", ""atten_word_VP009_word3_rest_010_00"", ""atten_word_VP009_word3_task_008_00"", ""atten_word_VP009_word3_task_009_00""]",True,,0.7257142857142858,33,0.5,0.3333333333333333,0.25,0.5,0.0
VP010,2023,source_only,0.30,0.3,18,42,"{""0"": 9, ""1"": 9}","{""0"": 21, ""1"": 21}","[""atten_word_VP010_word1_task_002_00"", ""atten_word_VP010_word1_rest_002_00"", ""atten_word_VP010_word1_rest_007_00"", ""atten_word_VP010_word1_rest_009_00"", ""atten_word_VP010_word1_task_010_00"", ""atten_word_VP010_word2_task_003_00"", ""atten_word_VP010_word2_task_004_00"", ""atten_word_VP010_word2_task_006_00"", ""atten_word_VP010_word2_rest_005_00"", ""atten_word_VP010_word2_task_008_00"", ""atten_word_VP010_word2_task_009_00"", ""atten_word_VP010_word2_rest_009_00"", ""atten_word_VP010_word3_rest_001_00"", ""atten_word_VP010_word3_task_006_00"", ""atten_word_VP010_word3_rest_005_00"", ""atten_word_VP010_word3_rest_006_00"", ""atten_word_VP010_word3_rest_007_00"", ""atten_word_VP010_word3_task_010_00""]","[""atten_word_VP010_word1_rest_001_00"", ""atten_word_VP010_word1_task_001_00"", ""atten_word_VP010_word1_task_003_00"", ""atten_word_VP010_word1_rest_003_00"", ""atten_word_VP010_word1_rest_004_00"", ""atten_word_VP010_word1_task_004_00"", ""atten_word_VP010_word1_rest_005_00"", ""atten_word_VP010_word1_rest_006_00"", ""atten_word_VP010_word1_task_005_00"", ""atten_word_VP010_word1_task_006_00"", ""atten_word_VP010_word1_task_007_00"", ""atten_word_VP010_word1_rest_008_00"", ""atten_word_VP010_word1_task_008_00"", ""atten_word_VP010_word1_task_009_00"", ""atten_word_VP010_word1_rest_010_00"", ""atten_word_VP010_word2_rest_001_00"", ""atten_word_VP010_word2_task_001_00"", ""atten_word_VP010_word2_rest_002_00"", ""atten_word_VP010_word2_rest_003_00"", ""atten_word_VP010_word2_task_002_00"", ""atten_word_VP010_word2_rest_004_00"", ""atten_word_VP010_word2_task_005_00"", ""atten_word_VP010_word2_task_007_00"", ""atten_word_VP010_word2_rest_006_00"", ""atten_word_VP010_word2_rest_007_00"", ""atten_word_VP010_word2_rest_008_00"", ""atten_word_VP010_word2_rest_010_00"", ""atten_word_VP010_word2_task_010_00"", ""atten_word_VP010_word3_task_001_00"", ""atten_word_VP010_word3_rest_002_00"", ""atten_word_VP010_word3_task_002_00"", ""atten_word_VP010_word3_rest_003_00"", ""atten_word_VP010_word3_task_003_00"", ""atten_word_VP010_word3_task_004_00"", ""atten_word_VP010_word3_rest_004_00"", ""atten_word_VP010_word3_task_005_00"", ""atten_word_VP010_word3_task_007_00"", ""atten_word_VP010_word3_task_008_00"", ""atten_word_VP010_word3_task_009_00"", ""atten_word_VP010_word3_rest_008_00"", ""atten_word_VP010_word3_rest_009_00"", ""atten_word_VP010_word3_rest_010_00""]",True,,0.6975806451612903,14,0.5,0.3713471133285816,0.5,0.5,0.0
VP010,2023,existing_head_adaptation,0.30,0.3,18,42,"{""0"": 9, ""1"": 9}","{""0"": 21, ""1"": 21}","[""atten_word_VP010_word1_task_002_00"", ""atten_word_VP010_word1_rest_002_00"", ""atten_word_VP010_word1_rest_007_00"", ""atten_word_VP010_word1_rest_009_00"", ""atten_word_VP010_word1_task_010_00"", ""atten_word_VP010_word2_task_003_00"", ""atten_word_VP010_word2_task_004_00"", ""atten_word_VP010_word2_task_006_00"", ""atten_word_VP010_word2_rest_005_00"", ""atten_word_VP010_word2_task_008_00"", ""atten_word_VP010_word2_task_009_00"", ""atten_word_VP010_word2_rest_009_00"", ""atten_word_VP010_word3_rest_001_00"", ""atten_word_VP010_word3_task_006_00"", ""atten_word_VP010_word3_rest_005_00"", ""atten_word_VP010_word3_rest_006_00"", ""atten_word_VP010_word3_rest_007_00"", ""atten_word_VP010_word3_task_010_00""]","[""atten_word_VP010_word1_rest_001_00"", ""atten_word_VP010_word1_task_001_00"", ""atten_word_VP010_word1_task_003_00"", ""atten_word_VP010_word1_rest_003_00"", ""atten_word_VP010_word1_rest_004_00"", ""atten_word_VP010_word1_task_004_00"", ""atten_word_VP010_word1_rest_005_00"", ""atten_word_VP010_word1_rest_006_00"", ""atten_word_VP010_word1_task_005_00"", ""atten_word_VP010_word1_task_006_00"", ""atten_word_VP010_word1_task_007_00"", ""atten_word_VP010_word1_rest_008_00"", ""atten_word_VP010_word1_task_008_00"", ""atten_word_VP010_word1_task_009_00"", ""atten_word_VP010_word1_rest_010_00"", ""atten_word_VP010_word2_rest_001_00"", ""atten_word_VP010_word2_task_001_00"", ""atten_word_VP010_word2_rest_002_00"", ""atten_word_VP010_word2_rest_003_00"", ""atten_word_VP010_word2_task_002_00"", ""atten_word_VP010_word2_rest_004_00"", ""atten_word_VP010_word2_task_005_00"", ""atten_word_VP010_word2_task_007_00"", ""atten_word_VP010_word2_rest_006_00"", ""atten_word_VP010_word2_rest_007_00"", ""atten_word_VP010_word2_rest_008_00"", ""atten_word_VP010_word2_rest_010_00"", ""atten_word_VP010_word2_task_010_00"", ""atten_word_VP010_word3_task_001_00"", ""atten_word_VP010_word3_rest_002_00"", ""atten_word_VP010_word3_task_002_00"", ""atten_word_VP010_word3_rest_003_00"", ""atten_word_VP010_word3_task_003_00"", ""atten_word_VP010_word3_task_004_00"", ""atten_word_VP010_word3_rest_004_00"", ""atten_word_VP010_word3_task_005_00"", ""atten_word_VP010_word3_task_007_00"", ""atten_word_VP010_word3_task_008_00"", ""atten_word_VP010_word3_task_009_00"", ""atten_word_VP010_word3_rest_008_00"", ""atten_word_VP010_word3_rest_009_00"", ""atten_word_VP010_word3_rest_010_00""]",True,,0.6975806451612903,14,0.5714285714285714,0.5178571428571429,0.6285714285714286,0.5714285714285714,0.1428571428571429
VP011,2023,source_only,0.30,0.3,18,42,"{""0"": 9, ""1"": 9}","{""0"": 21, ""1"": 21}","[""atten_word_VP011_word1_rest_002_00"", ""atten_word_VP011_word1_task_002_00"", ""atten_word_VP011_word1_rest_007_00"", ""atten_word_VP011_word1_rest_009_00"", ""atten_word_VP011_word1_task_010_00"", ""atten_word_VP011_word2_task_003_00"", ""atten_word_VP011_word2_task_004_00"", ""atten_word_VP011_word2_task_006_00"", ""atten_word_VP011_word2_rest_005_00"", ""atten_word_VP011_word2_task_008_00"", ""atten_word_VP011_word2_task_009_00"", ""atten_word_VP011_word2_rest_009_00"", ""atten_word_VP011_word3_rest_001_00"", ""atten_word_VP011_word3_rest_005_00"", ""atten_word_VP011_word3_rest_006_00"", ""atten_word_VP011_word3_task_006_00"", ""atten_word_VP011_word3_rest_007_00"", ""atten_word_VP011_word3_task_010_00""]","[""atten_word_VP011_word1_rest_001_00"", ""atten_word_VP011_word1_task_001_00"", ""atten_word_VP011_word1_rest_003_00"", ""atten_word_VP011_word1_task_003_00"", ""atten_word_VP011_word1_task_004_00"", ""atten_word_VP011_word1_rest_004_00"", ""atten_word_VP011_word1_task_005_00"", ""atten_word_VP011_word1_task_006_00"", ""atten_word_VP011_word1_rest_005_00"", ""atten_word_VP011_word1_task_007_00"", ""atten_word_VP011_word1_task_008_00"", ""atten_word_VP011_word1_rest_006_00"", ""atten_word_VP011_word1_task_009_00"", ""atten_word_VP011_word1_rest_008_00"", ""atten_word_VP011_word1_rest_010_00"", ""atten_word_VP011_word2_rest_001_00"", ""atten_word_VP011_word2_task_001_00"", ""atten_word_VP011_word2_task_002_00"", ""atten_word_VP011_word2_rest_002_00"", ""atten_word_VP011_word2_task_005_00"", ""atten_word_VP011_word2_rest_003_00"", ""atten_word_VP011_word2_rest_004_00"", ""atten_word_VP011_word2_task_007_00"", ""atten_word_VP011_word2_rest_006_00"", ""atten_word_VP011_word2_rest_007_00"", ""atten_word_VP011_word2_task_010_00"", ""atten_word_VP011_word2_rest_008_00"", ""atten_word_VP011_word2_rest_010_00"", ""atten_word_VP011_word3_task_001_00"", ""atten_word_VP011_word3_task_002_00"", ""atten_word_VP011_word3_rest_002_00"", ""atten_word_VP011_word3_task_003_00"", ""atten_word_VP011_word3_rest_003_00"", ""atten_word_VP011_word3_rest_004_00"", ""atten_word_VP011_word3_task_004_00"", ""atten_word_VP011_word3_task_005_00"", ""atten_word_VP011_word3_task_007_00"", ""atten_word_VP011_word3_task_008_00"", ""atten_word_VP011_word3_rest_008_00"", ""atten_word_VP011_word3_task_009_00"", ""atten_word_VP011_word3_rest_009_00"", ""atten_word_VP011_word3_rest_010_00""]",True,,0.7144714239286876,49,0.5,0.3333333333333333,0.25,0.5,0.0
VP011,2023,existing_head_adaptation,0.30,0.3,18,42,"{""0"": 9, ""1"": 9}","{""0"": 21, ""1"": 21}","[""atten_word_VP011_word1_rest_002_00"", ""atten_word_VP011_word1_task_002_00"", ""atten_word_VP011_word1_rest_007_00"", ""atten_word_VP011_word1_rest_009_00"", ""atten_word_VP011_word1_task_010_00"", ""atten_word_VP011_word2_task_003_00"", ""atten_word_VP011_word2_task_004_00"", ""atten_word_VP011_word2_task_006_00"", ""atten_word_VP011_word2_rest_005_00"", ""atten_word_VP011_word2_task_008_00"", ""atten_word_VP011_word2_task_009_00"", ""atten_word_VP011_word2_rest_009_00"", ""atten_word_VP011_word3_rest_001_00"", ""atten_word_VP011_word3_rest_005_00"", ""atten_word_VP011_word3_rest_006_00"", ""atten_word_VP011_word3_task_006_00"", ""atten_word_VP011_word3_rest_007_00"", ""atten_word_VP011_word3_task_010_00""]","[""atten_word_VP011_word1_rest_001_00"", ""atten_word_VP011_word1_task_001_00"", ""atten_word_VP011_word1_rest_003_00"", ""atten_word_VP011_word1_task_003_00"", ""atten_word_VP011_word1_task_004_00"", ""atten_word_VP011_word1_rest_004_00"", ""atten_word_VP011_word1_task_005_00"", ""atten_word_VP011_word1_task_006_00"", ""atten_word_VP011_word1_rest_005_00"", ""atten_word_VP011_word1_task_007_00"", ""atten_word_VP011_word1_task_008_00"", ""atten_word_VP011_word1_rest_006_00"", ""atten_word_VP011_word1_task_009_00"", ""atten_word_VP011_word1_rest_008_00"", ""atten_word_VP011_word1_rest_010_00"", ""atten_word_VP011_word2_rest_001_00"", ""atten_word_VP011_word2_task_001_00"", ""atten_word_VP011_word2_task_002_00"", ""atten_word_VP011_word2_rest_002_00"", ""atten_word_VP011_word2_task_005_00"", ""atten_word_VP011_word2_rest_003_00"", ""atten_word_VP011_word2_rest_004_00"", ""atten_word_VP011_word2_task_007_00"", ""atten_word_VP011_word2_rest_006_00"", ""atten_word_VP011_word2_rest_007_00"", ""atten_word_VP011_word2_task_010_00"", ""atten_word_VP011_word2_rest_008_00"", ""atten_word_VP011_word2_rest_010_00"", ""atten_word_VP011_word3_task_001_00"", ""atten_word_VP011_word3_task_002_00"", ""atten_word_VP011_word3_rest_002_00"", ""atten_word_VP011_word3_task_003_00"", ""atten_word_VP011_word3_rest_003_00"", ""atten_word_VP011_word3_rest_004_00"", ""atten_word_VP011_word3_task_004_00"", ""atten_word_VP011_word3_task_005_00"", ""atten_word_VP011_word3_task_007_00"", ""atten_word_VP011_word3_task_008_00"", ""atten_word_VP011_word3_rest_008_00"", ""atten_word_VP011_word3_task_009_00"", ""atten_word_VP011_word3_rest_009_00"", ""atten_word_VP011_word3_rest_010_00""]",True,,0.7144714239286876,49,0.5,0.3333333333333333,0.25,0.5,0.0
VP012,2023,source_only,0.30,0.3,18,42,"{""0"": 9, ""1"": 9}","{""0"": 21, ""1"": 21}","[""atten_word_VP012_word1_task_002_00"", ""atten_word_VP012_word1_rest_002_00"", ""atten_word_VP012_word1_rest_007_00"", ""atten_word_VP012_word1_task_010_00"", ""atten_word_VP012_word1_rest_009_00"", ""atten_word_VP012_word2_task_003_00"", ""atten_word_VP012_word2_task_004_00"", ""atten_word_VP012_word2_rest_005_00"", ""atten_word_VP012_word2_task_006_00"", ""atten_word_VP012_word2_task_008_00"", ""atten_word_VP012_word2_task_009_00"", ""atten_word_VP012_word2_rest_009_00"", ""atten_word_VP012_word3_rest_001_00"", ""atten_word_VP012_word3_rest_005_00"", ""atten_word_VP012_word3_rest_006_00"", ""atten_word_VP012_word3_task_006_00"", ""atten_word_VP012_word3_rest_007_00"", ""atten_word_VP012_word3_task_010_00""]","[""atten_word_VP012_word1_task_001_00"", ""atten_word_VP012_word1_rest_001_00"", ""atten_word_VP012_word1_task_003_00"", ""atten_word_VP012_word1_task_004_00"", ""atten_word_VP012_word1_task_005_00"", ""atten_word_VP012_word1_rest_003_00"", ""atten_word_VP012_word1_rest_004_00"", ""atten_word_VP012_word1_task_006_00"", ""atten_word_VP012_word1_rest_005_00"", ""atten_word_VP012_word1_task_007_00"", ""atten_word_VP012_word1_rest_006_00"", ""atten_word_VP012_word1_rest_008_00"", ""atten_word_VP012_word1_task_008_00"", ""atten_word_VP012_word1_task_009_00"", ""atten_word_VP012_word1_rest_010_00"", ""atten_word_VP012_word2_task_001_00"", ""atten_word_VP012_word2_task_002_00"", ""atten_word_VP012_word2_rest_001_00"", ""atten_word_VP012_word2_rest_002_00"", ""atten_word_VP012_word2_rest_003_00"", ""atten_word_VP012_word2_rest_004_00"", ""atten_word_VP012_word2_task_005_00"", ""atten_word_VP012_word2_rest_006_00"", ""atten_word_VP012_word2_rest_007_00"", ""atten_word_VP012_word2_rest_008_00"", ""atten_word_VP012_word2_task_007_00"", ""atten_word_VP012_word2_task_010_00"", ""atten_word_VP012_word2_rest_010_00"", ""atten_word_VP012_word3_task_001_00"", ""atten_word_VP012_word3_task_002_00"", ""atten_word_VP012_word3_task_003_00"", ""atten_word_VP012_word3_rest_002_00"", ""atten_word_VP012_word3_rest_003_00"", ""atten_word_VP012_word3_task_004_00"", ""atten_word_VP012_word3_rest_004_00"", ""atten_word_VP012_word3_task_005_00"", ""atten_word_VP012_word3_task_007_00"", ""atten_word_VP012_word3_rest_008_00"", ""atten_word_VP012_word3_rest_009_00"", ""atten_word_VP012_word3_task_008_00"", ""atten_word_VP012_word3_task_009_00"", ""atten_word_VP012_word3_rest_010_00""]",True,,0.7747030176141277,56,0.5238095238095238,0.3841642228739003,0.7560975609756098,0.5238095238095238,0.04761904761904767
VP012,2023,existing_head_adaptation,0.30,0.3,18,42,"{""0"": 9, ""1"": 9}","{""0"": 21, ""1"": 21}","[""atten_word_VP012_word1_task_002_00"", ""atten_word_VP012_word1_rest_002_00"", ""atten_word_VP012_word1_rest_007_00"", ""atten_word_VP012_word1_task_010_00"", ""atten_word_VP012_word1_rest_009_00"", ""atten_word_VP012_word2_task_003_00"", ""atten_word_VP012_word2_task_004_00"", ""atten_word_VP012_word2_rest_005_00"", ""atten_word_VP012_word2_task_006_00"", ""atten_word_VP012_word2_task_008_00"", ""atten_word_VP012_word2_task_009_00"", ""atten_word_VP012_word2_rest_009_00"", ""atten_word_VP012_word3_rest_001_00"", ""atten_word_VP012_word3_rest_005_00"", ""atten_word_VP012_word3_rest_006_00"", ""atten_word_VP012_word3_task_006_00"", ""atten_word_VP012_word3_rest_007_00"", ""atten_word_VP012_word3_task_010_00""]","[""atten_word_VP012_word1_task_001_00"", ""atten_word_VP012_word1_rest_001_00"", ""atten_word_VP012_word1_task_003_00"", ""atten_word_VP012_word1_task_004_00"", ""atten_word_VP012_word1_task_005_00"", ""atten_word_VP012_word1_rest_003_00"", ""atten_word_VP012_word1_rest_004_00"", ""atten_word_VP012_word1_task_006_00"", ""atten_word_VP012_word1_rest_005_00"", ""atten_word_VP012_word1_task_007_00"", ""atten_word_VP012_word1_rest_006_00"", ""atten_word_VP012_word1_rest_008_00"", ""atten_word_VP012_word1_task_008_00"", ""atten_word_VP012_word1_task_009_00"", ""atten_word_VP012_word1_rest_010_00"", ""atten_word_VP012_word2_task_001_00"", ""atten_word_VP012_word2_task_002_00"", ""atten_word_VP012_word2_rest_001_00"", ""atten_word_VP012_word2_rest_002_00"", ""atten_word_VP012_word2_rest_003_00"", ""atten_word_VP012_word2_rest_004_00"", ""atten_word_VP012_word2_task_005_00"", ""atten_word_VP012_word2_rest_006_00"", ""atten_word_VP012_word2_rest_007_00"", ""atten_word_VP012_word2_rest_008_00"", ""atten_word_VP012_word2_task_007_00"", ""atten_word_VP012_word2_task_010_00"", ""atten_word_VP012_word2_rest_010_00"", ""atten_word_VP012_word3_task_001_00"", ""atten_word_VP012_word3_task_002_00"", ""atten_word_VP012_word3_task_003_00"", ""atten_word_VP012_word3_rest_002_00"", ""atten_word_VP012_word3_rest_003_00"", ""atten_word_VP012_word3_task_004_00"", ""atten_word_VP012_word3_rest_004_00"", ""atten_word_VP012_word3_task_005_00"", ""atten_word_VP012_word3_task_007_00"", ""atten_word_VP012_word3_rest_008_00"", ""atten_word_VP012_word3_rest_009_00"", ""atten_word_VP012_word3_task_008_00"", ""atten_word_VP012_word3_task_009_00"", ""atten_word_VP012_word3_rest_010_00""]",True,,0.7747030176141277,56,0.5238095238095238,0.3841642228739003,0.7560975609756098,0.5238095238095238,0.04761904761904767
VP013,2023,source_only,0.30,0.3,18,42,"{""0"": 9, ""1"": 9}","{""0"": 21, ""1"": 21}","[""atten_word_VP013_word1_task_002_00"", ""atten_word_VP013_word1_rest_002_00"", ""atten_word_VP013_word1_rest_007_00"", ""atten_word_VP013_word1_rest_009_00"", ""atten_word_VP013_word1_task_010_00"", ""atten_word_VP013_word2_task_003_00"", ""atten_word_VP013_word2_task_004_00"", ""atten_word_VP013_word2_rest_005_00"", ""atten_word_VP013_word2_task_006_00"", ""atten_word_VP013_word2_task_008_00"", ""atten_word_VP013_word2_task_009_00"", ""atten_word_VP013_word2_rest_009_00"", ""atten_word_VP013_word3_rest_001_00"", ""atten_word_VP013_word3_rest_005_00"", ""atten_word_VP013_word3_rest_006_00"", ""atten_word_VP013_word3_task_006_00"", ""atten_word_VP013_word3_rest_007_00"", ""atten_word_VP013_word3_task_010_00""]","[""atten_word_VP013_word1_task_001_00"", ""atten_word_VP013_word1_rest_001_00"", ""atten_word_VP013_word1_task_003_00"", ""atten_word_VP013_word1_rest_003_00"", ""atten_word_VP013_word1_task_004_00"", ""atten_word_VP013_word1_rest_004_00"", ""atten_word_VP013_word1_task_005_00"", ""atten_word_VP013_word1_rest_005_00"", ""atten_word_VP013_word1_task_006_00"", ""atten_word_VP013_word1_task_007_00"", ""atten_word_VP013_word1_task_008_00"", ""atten_word_VP013_word1_rest_006_00"", ""atten_word_VP013_word1_task_009_00"", ""atten_word_VP013_word1_rest_008_00"", ""atten_word_VP013_word1_rest_010_00"", ""atten_word_VP013_word2_task_001_00"", ""atten_word_VP013_word2_task_002_00"", ""atten_word_VP013_word2_rest_001_00"", ""atten_word_VP013_word2_rest_002_00"", ""atten_word_VP013_word2_rest_003_00"", ""atten_word_VP013_word2_task_005_00"", ""atten_word_VP013_word2_rest_004_00"", ""atten_word_VP013_word2_rest_006_00"", ""atten_word_VP013_word2_task_007_00"", ""atten_word_VP013_word2_rest_007_00"", ""atten_word_VP013_word2_rest_008_00"", ""atten_word_VP013_word2_task_010_00"", ""atten_word_VP013_word2_rest_010_00"", ""atten_word_VP013_word3_task_001_00"", ""atten_word_VP013_word3_task_002_00"", ""atten_word_VP013_word3_rest_002_00"", ""atten_word_VP013_word3_rest_003_00"", ""atten_word_VP013_word3_rest_004_00"", ""atten_word_VP013_word3_task_003_00"", ""atten_word_VP013_word3_task_004_00"", ""atten_word_VP013_word3_task_005_00"", ""atten_word_VP013_word3_task_007_00"", ""atten_word_VP013_word3_task_008_00"", ""atten_word_VP013_word3_task_009_00"", ""atten_word_VP013_word3_rest_008_00"", ""atten_word_VP013_word3_rest_009_00"", ""atten_word_VP013_word3_rest_010_00""]",True,,0.7154343014589638,33,0.6190476190476191,0.5714285714285714,0.7142857142857142,0.6190476190476191,0.23809523809523814
VP013,2023,existing_head_adaptation,0.30,0.3,18,42,"{""0"": 9, ""1"": 9}","{""0"": 21, ""1"": 21}","[""atten_word_VP013_word1_task_002_00"", ""atten_word_VP013_word1_rest_002_00"", ""atten_word_VP013_word1_rest_007_00"", ""atten_word_VP013_word1_rest_009_00"", ""atten_word_VP013_word1_task_010_00"", ""atten_word_VP013_word2_task_003_00"", ""atten_word_VP013_word2_task_004_00"", ""atten_word_VP013_word2_rest_005_00"", ""atten_word_VP013_word2_task_006_00"", ""atten_word_VP013_word2_task_008_00"", ""atten_word_VP013_word2_task_009_00"", ""atten_word_VP013_word2_rest_009_00"", ""atten_word_VP013_word3_rest_001_00"", ""atten_word_VP013_word3_rest_005_00"", ""atten_word_VP013_word3_rest_006_00"", ""atten_word_VP013_word3_task_006_00"", ""atten_word_VP013_word3_rest_007_00"", ""atten_word_VP013_word3_task_010_00""]","[""atten_word_VP013_word1_task_001_00"", ""atten_word_VP013_word1_rest_001_00"", ""atten_word_VP013_word1_task_003_00"", ""atten_word_VP013_word1_rest_003_00"", ""atten_word_VP013_word1_task_004_00"", ""atten_word_VP013_word1_rest_004_00"", ""atten_word_VP013_word1_task_005_00"", ""atten_word_VP013_word1_rest_005_00"", ""atten_word_VP013_word1_task_006_00"", ""atten_word_VP013_word1_task_007_00"", ""atten_word_VP013_word1_task_008_00"", ""atten_word_VP013_word1_rest_006_00"", ""atten_word_VP013_word1_task_009_00"", ""atten_word_VP013_word1_rest_008_00"", ""atten_word_VP013_word1_rest_010_00"", ""atten_word_VP013_word2_task_001_00"", ""atten_word_VP013_word2_task_002_00"", ""atten_word_VP013_word2_rest_001_00"", ""atten_word_VP013_word2_rest_002_00"", ""atten_word_VP013_word2_rest_003_00"", ""atten_word_VP013_word2_task_005_00"", ""atten_word_VP013_word2_rest_004_00"", ""atten_word_VP013_word2_rest_006_00"", ""atten_word_VP013_word2_task_007_00"", ""atten_word_VP013_word2_rest_007_00"", ""atten_word_VP013_word2_rest_008_00"", ""atten_word_VP013_word2_task_010_00"", ""atten_word_VP013_word2_rest_010_00"", ""atten_word_VP013_word3_task_001_00"", ""atten_word_VP013_word3_task_002_00"", ""atten_word_VP013_word3_rest_002_00"", ""atten_word_VP013_word3_rest_003_00"", ""atten_word_VP013_word3_rest_004_00"", ""atten_word_VP013_word3_task_003_00"", ""atten_word_VP013_word3_task_004_00"", ""atten_word_VP013_word3_task_005_00"", ""atten_word_VP013_word3_task_007_00"", ""atten_word_VP013_word3_task_008_00"", ""atten_word_VP013_word3_task_009_00"", ""atten_word_VP013_word3_rest_008_00"", ""atten_word_VP013_word3_rest_009_00"", ""atten_word_VP013_word3_rest_010_00""]",True,,0.7154343014589638,33,0.6190476190476191,0.5714285714285714,0.7142857142857142,0.6190476190476191,0.23809523809523814
VP014,2023,source_only,0.30,0.3,18,42,"{""0"": 9, ""1"": 9}","{""0"": 21, ""1"": 21}","[""atten_word_VP014_word1_task_002_00"", ""atten_word_VP014_word1_rest_002_00"", ""atten_word_VP014_word1_rest_007_00"", ""atten_word_VP014_word1_rest_009_00"", ""atten_word_VP014_word1_task_010_00"", ""atten_word_VP014_word2_task_003_00"", ""atten_word_VP014_word2_task_004_00"", ""atten_word_VP014_word2_task_006_00"", ""atten_word_VP014_word2_rest_005_00"", ""atten_word_VP014_word2_task_008_00"", ""atten_word_VP014_word2_task_009_00"", ""atten_word_VP014_word2_rest_009_00"", ""atten_word_VP014_word3_rest_001_00"", ""atten_word_VP014_word3_rest_005_00"", ""atten_word_VP014_word3_rest_006_00"", ""atten_word_VP014_word3_rest_007_00"", ""atten_word_VP014_word3_task_006_00"", ""atten_word_VP014_word3_task_010_00""]","[""atten_word_VP014_word1_task_001_00"", ""atten_word_VP014_word1_rest_001_00"", ""atten_word_VP014_word1_rest_003_00"", ""atten_word_VP014_word1_task_003_00"", ""atten_word_VP014_word1_task_004_00"", ""atten_word_VP014_word1_rest_004_00"", ""atten_word_VP014_word1_task_005_00"", ""atten_word_VP014_word1_task_006_00"", ""atten_word_VP014_word1_rest_005_00"", ""atten_word_VP014_word1_task_007_00"", ""atten_word_VP014_word1_rest_006_00"", ""atten_word_VP014_word1_task_008_00"", ""atten_word_VP014_word1_rest_008_00"", ""atten_word_VP014_word1_rest_010_00"", ""atten_word_VP014_word1_task_009_00"", ""atten_word_VP014_word2_rest_001_00"", ""atten_word_VP014_word2_task_001_00"", ""atten_word_VP014_word2_task_002_00"", ""atten_word_VP014_word2_rest_002_00"", ""atten_word_VP014_word2_rest_003_00"", ""atten_word_VP014_word2_rest_004_00"", ""atten_word_VP014_word2_task_005_00"", ""atten_word_VP014_word2_task_007_00"", ""atten_word_VP014_word2_rest_006_00"", ""atten_word_VP014_word2_rest_007_00"", ""atten_word_VP014_word2_rest_008_00"", ""atten_word_VP014_word2_task_010_00"", ""atten_word_VP014_word2_rest_010_00"", ""atten_word_VP014_word3_task_001_00"", ""atten_word_VP014_word3_rest_002_00"", ""atten_word_VP014_word3_task_002_00"", ""atten_word_VP014_word3_task_003_00"", ""atten_word_VP014_word3_rest_003_00"", ""atten_word_VP014_word3_rest_004_00"", ""atten_word_VP014_word3_task_004_00"", ""atten_word_VP014_word3_rest_008_00"", ""atten_word_VP014_word3_task_005_00"", ""atten_word_VP014_word3_task_007_00"", ""atten_word_VP014_word3_rest_009_00"", ""atten_word_VP014_word3_task_008_00"", ""atten_word_VP014_word3_rest_010_00"", ""atten_word_VP014_word3_task_009_00""]",True,,0.7210740330006384,21,0.5952380952380952,0.5654290931223371,0.63125,0.5952380952380952,0.19047619047619047
VP014,2023,existing_head_adaptation,0.30,0.3,18,42,"{""0"": 9, ""1"": 9}","{""0"": 21, ""1"": 21}","[""atten_word_VP014_word1_task_002_00"", ""atten_word_VP014_word1_rest_002_00"", ""atten_word_VP014_word1_rest_007_00"", ""atten_word_VP014_word1_rest_009_00"", ""atten_word_VP014_word1_task_010_00"", ""atten_word_VP014_word2_task_003_00"", ""atten_word_VP014_word2_task_004_00"", ""atten_word_VP014_word2_task_006_00"", ""atten_word_VP014_word2_rest_005_00"", ""atten_word_VP014_word2_task_008_00"", ""atten_word_VP014_word2_task_009_00"", ""atten_word_VP014_word2_rest_009_00"", ""atten_word_VP014_word3_rest_001_00"", ""atten_word_VP014_word3_rest_005_00"", ""atten_word_VP014_word3_rest_006_00"", ""atten_word_VP014_word3_rest_007_00"", ""atten_word_VP014_word3_task_006_00"", ""atten_word_VP014_word3_task_010_00""]","[""atten_word_VP014_word1_task_001_00"", ""atten_word_VP014_word1_rest_001_00"", ""atten_word_VP014_word1_rest_003_00"", ""atten_word_VP014_word1_task_003_00"", ""atten_word_VP014_word1_task_004_00"", ""atten_word_VP014_word1_rest_004_00"", ""atten_word_VP014_word1_task_005_00"", ""atten_word_VP014_word1_task_006_00"", ""atten_word_VP014_word1_rest_005_00"", ""atten_word_VP014_word1_task_007_00"", ""atten_word_VP014_word1_rest_006_00"", ""atten_word_VP014_word1_task_008_00"", ""atten_word_VP014_word1_rest_008_00"", ""atten_word_VP014_word1_rest_010_00"", ""atten_word_VP014_word1_task_009_00"", ""atten_word_VP014_word2_rest_001_00"", ""atten_word_VP014_word2_task_001_00"", ""atten_word_VP014_word2_task_002_00"", ""atten_word_VP014_word2_rest_002_00"", ""atten_word_VP014_word2_rest_003_00"", ""atten_word_VP014_word2_rest_004_00"", ""atten_word_VP014_word2_task_005_00"", ""atten_word_VP014_word2_task_007_00"", ""atten_word_VP014_word2_rest_006_00"", ""atten_word_VP014_word2_rest_007_00"", ""atten_word_VP014_word2_rest_008_00"", ""atten_word_VP014_word2_task_010_00"", ""atten_word_VP014_word2_rest_010_00"", ""atten_word_VP014_word3_task_001_00"", ""atten_word_VP014_word3_rest_002_00"", ""atten_word_VP014_word3_task_002_00"", ""atten_word_VP014_word3_task_003_00"", ""atten_word_VP014_word3_rest_003_00"", ""atten_word_VP014_word3_rest_004_00"", ""atten_word_VP014_word3_task_004_00"", ""atten_word_VP014_word3_rest_008_00"", ""atten_word_VP014_word3_task_005_00"", ""atten_word_VP014_word3_task_007_00"", ""atten_word_VP014_word3_rest_009_00"", ""atten_word_VP014_word3_task_008_00"", ""atten_word_VP014_word3_rest_010_00"", ""atten_word_VP014_word3_task_009_00""]",True,,0.7210740330006384,21,0.6190476190476191,0.5961538461538461,0.653958944281525,0.6190476190476191,0.23809523809523814
VP015,2023,source_only,0.30,0.3,18,42,"{""0"": 9, ""1"": 9}","{""0"": 21, ""1"": 21}","[""atten_word_VP015_word1_rest_002_00"", ""atten_word_VP015_word1_task_002_00"", ""atten_word_VP015_word1_rest_007_00"", ""atten_word_VP015_word1_task_010_00"", ""atten_word_VP015_word1_rest_009_00"", ""atten_word_VP015_word2_task_003_00"", ""atten_word_VP015_word2_rest_005_00"", ""atten_word_VP015_word2_task_004_00"", ""atten_word_VP015_word2_rest_009_00"", ""atten_word_VP015_word2_task_006_00"", ""atten_word_VP015_word2_task_008_00"", ""atten_word_VP015_word2_task_009_00"", ""atten_word_VP015_word3_rest_001_00"", ""atten_word_VP015_word3_rest_005_00"", ""atten_word_VP015_word3_task_006_00"", ""atten_word_VP015_word3_rest_006_00"", ""atten_word_VP015_word3_rest_007_00"", ""atten_word_VP015_word3_task_010_00""]","[""atten_word_VP015_word1_rest_001_00"", ""atten_word_VP015_word1_task_001_00"", ""atten_word_VP015_word1_rest_003_00"", ""atten_word_VP015_word1_rest_004_00"", ""atten_word_VP015_word1_task_003_00"", ""atten_word_VP015_word1_task_004_00"", ""atten_word_VP015_word1_task_005_00"", ""atten_word_VP015_word1_rest_005_00"", ""atten_word_VP015_word1_task_006_00"", ""atten_word_VP015_word1_rest_006_00"", ""atten_word_VP015_word1_task_007_00"", ""atten_word_VP015_word1_task_008_00"", ""atten_word_VP015_word1_rest_008_00"", ""atten_word_VP015_word1_task_009_00"", ""atten_word_VP015_word1_rest_010_00"", ""atten_word_VP015_word2_rest_001_00"", ""atten_word_VP015_word2_rest_002_00"", ""atten_word_VP015_word2_rest_003_00"", ""atten_word_VP015_word2_task_001_00"", ""atten_word_VP015_word2_rest_004_00"", ""atten_word_VP015_word2_task_002_00"", ""atten_word_VP015_word2_rest_006_00"", ""atten_word_VP015_word2_rest_007_00"", ""atten_word_VP015_word2_task_005_00"", ""atten_word_VP015_word2_rest_008_00"", ""atten_word_VP015_word2_task_007_00"", ""atten_word_VP015_word2_rest_010_00"", ""atten_word_VP015_word2_task_010_00"", ""atten_word_VP015_word3_task_001_00"", ""atten_word_VP015_word3_task_002_00"", ""atten_word_VP015_word3_task_003_00"", ""atten_word_VP015_word3_rest_002_00"", ""atten_word_VP015_word3_rest_003_00"", ""atten_word_VP015_word3_task_004_00"", ""atten_word_VP015_word3_rest_004_00"", ""atten_word_VP015_word3_task_005_00"", ""atten_word_VP015_word3_rest_008_00"", ""atten_word_VP015_word3_task_007_00"", ""atten_word_VP015_word3_task_008_00"", ""atten_word_VP015_word3_rest_009_00"", ""atten_word_VP015_word3_rest_010_00"", ""atten_word_VP015_word3_task_009_00""]",True,,0.726274288932695,37,0.6666666666666666,0.6370370370370371,0.7474747474747474,0.6666666666666666,0.33333333333333337
VP015,2023,existing_head_adaptation,0.30,0.3,18,42,"{""0"": 9, ""1"": 9}","{""0"": 21, ""1"": 21}","[""atten_word_VP015_word1_rest_002_00"", ""atten_word_VP015_word1_task_002_00"", ""atten_word_VP015_word1_rest_007_00"", ""atten_word_VP015_word1_task_010_00"", ""atten_word_VP015_word1_rest_009_00"", ""atten_word_VP015_word2_task_003_00"", ""atten_word_VP015_word2_rest_005_00"", ""atten_word_VP015_word2_task_004_00"", ""atten_word_VP015_word2_rest_009_00"", ""atten_word_VP015_word2_task_006_00"", ""atten_word_VP015_word2_task_008_00"", ""atten_word_VP015_word2_task_009_00"", ""atten_word_VP015_word3_rest_001_00"", ""atten_word_VP015_word3_rest_005_00"", ""atten_word_VP015_word3_task_006_00"", ""atten_word_VP015_word3_rest_006_00"", ""atten_word_VP015_word3_rest_007_00"", ""atten_word_VP015_word3_task_010_00""]","[""atten_word_VP015_word1_rest_001_00"", ""atten_word_VP015_word1_task_001_00"", ""atten_word_VP015_word1_rest_003_00"", ""atten_word_VP015_word1_rest_004_00"", ""atten_word_VP015_word1_task_003_00"", ""atten_word_VP015_word1_task_004_00"", ""atten_word_VP015_word1_task_005_00"", ""atten_word_VP015_word1_rest_005_00"", ""atten_word_VP015_word1_task_006_00"", ""atten_word_VP015_word1_rest_006_00"", ""atten_word_VP015_word1_task_007_00"", ""atten_word_VP015_word1_task_008_00"", ""atten_word_VP015_word1_rest_008_00"", ""atten_word_VP015_word1_task_009_00"", ""atten_word_VP015_word1_rest_010_00"", ""atten_word_VP015_word2_rest_001_00"", ""atten_word_VP015_word2_rest_002_00"", ""atten_word_VP015_word2_rest_003_00"", ""atten_word_VP015_word2_task_001_00"", ""atten_word_VP015_word2_rest_004_00"", ""atten_word_VP015_word2_task_002_00"", ""atten_word_VP015_word2_rest_006_00"", ""atten_word_VP015_word2_rest_007_00"", ""atten_word_VP015_word2_task_005_00"", ""atten_word_VP015_word2_rest_008_00"", ""atten_word_VP015_word2_task_007_00"", ""atten_word_VP015_word2_rest_010_00"", ""atten_word_VP015_word2_task_010_00"", ""atten_word_VP015_word3_task_001_00"", ""atten_word_VP015_word3_task_002_00"", ""atten_word_VP015_word3_task_003_00"", ""atten_word_VP015_word3_rest_002_00"", ""atten_word_VP015_word3_rest_003_00"", ""atten_word_VP015_word3_task_004_00"", ""atten_word_VP015_word3_rest_004_00"", ""atten_word_VP015_word3_task_005_00"", ""atten_word_VP015_word3_rest_008_00"", ""atten_word_VP015_word3_task_007_00"", ""atten_word_VP015_word3_task_008_00"", ""atten_word_VP015_word3_rest_009_00"", ""atten_word_VP015_word3_rest_010_00"", ""atten_word_VP015_word3_task_009_00""]",True,,0.726274288932695,37,0.6666666666666666,0.6370370370370371,0.7474747474747474,0.6666666666666666,0.33333333333333337
VP016,2023,source_only,0.30,0.3,18,42,"{""0"": 9, ""1"": 9}","{""0"": 21, ""1"": 21}","[""atten_word_VP016_word1_rest_002_00"", ""atten_word_VP016_word1_task_002_00"", ""atten_word_VP016_word1_rest_007_00"", ""atten_word_VP016_word1_rest_009_00"", ""atten_word_VP016_word1_task_010_00"", ""atten_word_VP016_word2_task_003_00"", ""atten_word_VP016_word2_task_004_00"", ""atten_word_VP016_word2_rest_005_00"", ""atten_word_VP016_word2_task_006_00"", ""atten_word_VP016_word2_task_008_00"", ""atten_word_VP016_word2_task_009_00"", ""atten_word_VP016_word2_rest_009_00"", ""atten_word_VP016_word3_rest_001_00"", ""atten_word_VP016_word3_rest_005_00"", ""atten_word_VP016_word3_rest_006_00"", ""atten_word_VP016_word3_task_006_00"", ""atten_word_VP016_word3_rest_007_00"", ""atten_word_VP016_word3_task_010_00""]","[""atten_word_VP016_word1_rest_001_00"", ""atten_word_VP016_word1_task_001_00"", ""atten_word_VP016_word1_rest_003_00"", ""atten_word_VP016_word1_task_003_00"", ""atten_word_VP016_word1_task_004_00"", ""atten_word_VP016_word1_task_005_00"", ""atten_word_VP016_word1_rest_004_00"", ""atten_word_VP016_word1_rest_005_00"", ""atten_word_VP016_word1_task_006_00"", ""atten_word_VP016_word1_rest_006_00"", ""atten_word_VP016_word1_task_007_00"", ""atten_word_VP016_word1_rest_008_00"", ""atten_word_VP016_word1_task_008_00"", ""atten_word_VP016_word1_task_009_00"", ""atten_word_VP016_word1_rest_010_00"", ""atten_word_VP016_word2_task_001_00"", ""atten_word_VP016_word2_rest_001_00"", ""atten_word_VP016_word2_rest_002_00"", ""atten_word_VP016_word2_task_002_00"", ""atten_word_VP016_word2_rest_003_00"", ""atten_word_VP016_word2_rest_004_00"", ""atten_word_VP016_word2_rest_006_00"", ""atten_word_VP016_word2_task_005_00"", ""atten_word_VP016_word2_rest_007_00"", ""atten_word_VP016_word2_task_007_00"", ""atten_word_VP016_word2_rest_008_00"", ""atten_word_VP016_word2_rest_010_00"", ""atten_word_VP016_word2_task_010_00"", ""atten_word_VP016_word3_task_001_00"", ""atten_word_VP016_word3_task_002_00"", ""atten_word_VP016_word3_task_003_00"", ""atten_word_VP016_word3_rest_002_00"", ""atten_word_VP016_word3_rest_003_00"", ""atten_word_VP016_word3_task_004_00"", ""atten_word_VP016_word3_rest_004_00"", ""atten_word_VP016_word3_task_005_00"", ""atten_word_VP016_word3_task_007_00"", ""atten_word_VP016_word3_task_008_00"", ""atten_word_VP016_word3_rest_008_00"", ""atten_word_VP016_word3_rest_009_00"", ""atten_word_VP016_word3_task_009_00"", ""atten_word_VP016_word3_rest_010_00""]",True,,0.742559983523839,56,0.5238095238095238,0.3841642228739003,0.7560975609756098,0.5238095238095238,0.04761904761904767
VP016,2023,existing_head_adaptation,0.30,0.3,18,42,"{""0"": 9, ""1"": 9}","{""0"": 21, ""1"": 21}","[""atten_word_VP016_word1_rest_002_00"", ""atten_word_VP016_word1_task_002_00"", ""atten_word_VP016_word1_rest_007_00"", ""atten_word_VP016_word1_rest_009_00"", ""atten_word_VP016_word1_task_010_00"", ""atten_word_VP016_word2_task_003_00"", ""atten_word_VP016_word2_task_004_00"", ""atten_word_VP016_word2_rest_005_00"", ""atten_word_VP016_word2_task_006_00"", ""atten_word_VP016_word2_task_008_00"", ""atten_word_VP016_word2_task_009_00"", ""atten_word_VP016_word2_rest_009_00"", ""atten_word_VP016_word3_rest_001_00"", ""atten_word_VP016_word3_rest_005_00"", ""atten_word_VP016_word3_rest_006_00"", ""atten_word_VP016_word3_task_006_00"", ""atten_word_VP016_word3_rest_007_00"", ""atten_word_VP016_word3_task_010_00""]","[""atten_word_VP016_word1_rest_001_00"", ""atten_word_VP016_word1_task_001_00"", ""atten_word_VP016_word1_rest_003_00"", ""atten_word_VP016_word1_task_003_00"", ""atten_word_VP016_word1_task_004_00"", ""atten_word_VP016_word1_task_005_00"", ""atten_word_VP016_word1_rest_004_00"", ""atten_word_VP016_word1_rest_005_00"", ""atten_word_VP016_word1_task_006_00"", ""atten_word_VP016_word1_rest_006_00"", ""atten_word_VP016_word1_task_007_00"", ""atten_word_VP016_word1_rest_008_00"", ""atten_word_VP016_word1_task_008_00"", ""atten_word_VP016_word1_task_009_00"", ""atten_word_VP016_word1_rest_010_00"", ""atten_word_VP016_word2_task_001_00"", ""atten_word_VP016_word2_rest_001_00"", ""atten_word_VP016_word2_rest_002_00"", ""atten_word_VP016_word2_task_002_00"", ""atten_word_VP016_word2_rest_003_00"", ""atten_word_VP016_word2_rest_004_00"", ""atten_word_VP016_word2_rest_006_00"", ""atten_word_VP016_word2_task_005_00"", ""atten_word_VP016_word2_rest_007_00"", ""atten_word_VP016_word2_task_007_00"", ""atten_word_VP016_word2_rest_008_00"", ""atten_word_VP016_word2_rest_010_00"", ""atten_word_VP016_word2_task_010_00"", ""atten_word_VP016_word3_task_001_00"", ""atten_word_VP016_word3_task_002_00"", ""atten_word_VP016_word3_task_003_00"", ""atten_word_VP016_word3_rest_002_00"", ""atten_word_VP016_word3_rest_003_00"", ""atten_word_VP016_word3_task_004_00"", ""atten_word_VP016_word3_rest_004_00"", ""atten_word_VP016_word3_task_005_00"", ""atten_word_VP016_word3_task_007_00"", ""atten_word_VP016_word3_task_008_00"", ""atten_word_VP016_word3_rest_008_00"", ""atten_word_VP016_word3_rest_009_00"", ""atten_word_VP016_word3_task_009_00"", ""atten_word_VP016_word3_rest_010_00""]",True,,0.742559983523839,56,0.5238095238095238,0.3841642228739003,0.7560975609756098,0.5238095238095238,0.04761904761904767
VP017,2023,source_only,0.30,0.3,18,42,"{""0"": 9, ""1"": 9}","{""0"": 21, ""1"": 21}","[""atten_word_VP017_word1_task_002_00"", ""atten_word_VP017_word1_rest_002_00"", ""atten_word_VP017_word1_rest_007_00"", ""atten_word_VP017_word1_rest_009_00"", ""atten_word_VP017_word1_task_010_00"", ""atten_word_VP017_word2_task_003_00"", ""atten_word_VP017_word2_task_004_00"", ""atten_word_VP017_word2_rest_005_00"", ""atten_word_VP017_word2_task_006_00"", ""atten_word_VP017_word2_task_008_00"", ""atten_word_VP017_word2_rest_009_00"", ""atten_word_VP017_word2_task_009_00"", ""atten_word_VP017_word3_rest_001_00"", ""atten_word_VP017_word3_rest_005_00"", ""atten_word_VP017_word3_rest_006_00"", ""atten_word_VP017_word3_task_006_00"", ""atten_word_VP017_word3_rest_007_00"", ""atten_word_VP017_word3_task_010_00""]","[""atten_word_VP017_word1_task_001_00"", ""atten_word_VP017_word1_rest_001_00"", ""atten_word_VP017_word1_rest_003_00"", ""atten_word_VP017_word1_task_003_00"", ""atten_word_VP017_word1_rest_004_00"", ""atten_word_VP017_word1_task_004_00"", ""atten_word_VP017_word1_task_005_00"", ""atten_word_VP017_word1_rest_005_00"", ""atten_word_VP017_word1_rest_006_00"", ""atten_word_VP017_word1_task_006_00"", ""atten_word_VP017_word1_task_007_00"", ""atten_word_VP017_word1_rest_008_00"", ""atten_word_VP017_word1_task_008_00"", ""atten_word_VP017_word1_task_009_00"", ""atten_word_VP017_word1_rest_010_00"", ""atten_word_VP017_word2_rest_001_00"", ""atten_word_VP017_word2_task_001_00"", ""atten_word_VP017_word2_rest_002_00"", ""atten_word_VP017_word2_task_002_00"", ""atten_word_VP017_word2_rest_003_00"", ""atten_word_VP017_word2_rest_004_00"", ""atten_word_VP017_word2_task_005_00"", ""atten_word_VP017_word2_task_007_00"", ""atten_word_VP017_word2_rest_006_00"", ""atten_word_VP017_word2_rest_007_00"", ""atten_word_VP017_word2_rest_008_00"", ""atten_word_VP017_word2_rest_010_00"", ""atten_word_VP017_word2_task_010_00"", ""atten_word_VP017_word3_task_001_00"", ""atten_word_VP017_word3_rest_002_00"", ""atten_word_VP017_word3_rest_003_00"", ""atten_word_VP017_word3_task_002_00"", ""atten_word_VP017_word3_rest_004_00"", ""atten_word_VP017_word3_task_003_00"", ""atten_word_VP017_word3_task_004_00"", ""atten_word_VP017_word3_task_005_00"", ""atten_word_VP017_word3_task_007_00"", ""atten_word_VP017_word3_task_008_00"", ""atten_word_VP017_word3_rest_008_00"", ""atten_word_VP017_word3_rest_009_00"", ""atten_word_VP017_word3_task_009_00"", ""atten_word_VP017_word3_rest_010_00""]",True,,0.7482517482517483,26,0.47619047619047616,0.3225806451612903,0.24390243902439024,0.47619047619047616,-0.04761904761904767
VP017,2023,existing_head_adaptation,0.30,0.3,18,42,"{""0"": 9, ""1"": 9}","{""0"": 21, ""1"": 21}","[""atten_word_VP017_word1_task_002_00"", ""atten_word_VP017_word1_rest_002_00"", ""atten_word_VP017_word1_rest_007_00"", ""atten_word_VP017_word1_rest_009_00"", ""atten_word_VP017_word1_task_010_00"", ""atten_word_VP017_word2_task_003_00"", ""atten_word_VP017_word2_task_004_00"", ""atten_word_VP017_word2_rest_005_00"", ""atten_word_VP017_word2_task_006_00"", ""atten_word_VP017_word2_task_008_00"", ""atten_word_VP017_word2_rest_009_00"", ""atten_word_VP017_word2_task_009_00"", ""atten_word_VP017_word3_rest_001_00"", ""atten_word_VP017_word3_rest_005_00"", ""atten_word_VP017_word3_rest_006_00"", ""atten_word_VP017_word3_task_006_00"", ""atten_word_VP017_word3_rest_007_00"", ""atten_word_VP017_word3_task_010_00""]","[""atten_word_VP017_word1_task_001_00"", ""atten_word_VP017_word1_rest_001_00"", ""atten_word_VP017_word1_rest_003_00"", ""atten_word_VP017_word1_task_003_00"", ""atten_word_VP017_word1_rest_004_00"", ""atten_word_VP017_word1_task_004_00"", ""atten_word_VP017_word1_task_005_00"", ""atten_word_VP017_word1_rest_005_00"", ""atten_word_VP017_word1_rest_006_00"", ""atten_word_VP017_word1_task_006_00"", ""atten_word_VP017_word1_task_007_00"", ""atten_word_VP017_word1_rest_008_00"", ""atten_word_VP017_word1_task_008_00"", ""atten_word_VP017_word1_task_009_00"", ""atten_word_VP017_word1_rest_010_00"", ""atten_word_VP017_word2_rest_001_00"", ""atten_word_VP017_word2_task_001_00"", ""atten_word_VP017_word2_rest_002_00"", ""atten_word_VP017_word2_task_002_00"", ""atten_word_VP017_word2_rest_003_00"", ""atten_word_VP017_word2_rest_004_00"", ""atten_word_VP017_word2_task_005_00"", ""atten_word_VP017_word2_task_007_00"", ""atten_word_VP017_word2_rest_006_00"", ""atten_word_VP017_word2_rest_007_00"", ""atten_word_VP017_word2_rest_008_00"", ""atten_word_VP017_word2_rest_010_00"", ""atten_word_VP017_word2_task_010_00"", ""atten_word_VP017_word3_task_001_00"", ""atten_word_VP017_word3_rest_002_00"", ""atten_word_VP017_word3_rest_003_00"", ""atten_word_VP017_word3_task_002_00"", ""atten_word_VP017_word3_rest_004_00"", ""atten_word_VP017_word3_task_003_00"", ""atten_word_VP017_word3_task_004_00"", ""atten_word_VP017_word3_task_005_00"", ""atten_word_VP017_word3_task_007_00"", ""atten_word_VP017_word3_task_008_00"", ""atten_word_VP017_word3_rest_008_00"", ""atten_word_VP017_word3_rest_009_00"", ""atten_word_VP017_word3_task_009_00"", ""atten_word_VP017_word3_rest_010_00""]",True,,0.7482517482517483,26,0.5,0.3713471133285816,0.5,0.5,0.0
VP018,2023,source_only,0.30,0.3,18,42,"{""0"": 9, ""1"": 9}","{""0"": 21, ""1"": 21}","[""atten_word_VP018_word1_task_002_00"", ""atten_word_VP018_word1_rest_002_00"", ""atten_word_VP018_word1_rest_007_00"", ""atten_word_VP018_word1_rest_009_00"", ""atten_word_VP018_word1_task_010_00"", ""atten_word_VP018_word2_task_003_00"", ""atten_word_VP018_word2_task_004_00"", ""atten_word_VP018_word2_rest_005_00"", ""atten_word_VP018_word2_task_006_00"", ""atten_word_VP018_word2_task_008_00"", ""atten_word_VP018_word2_rest_009_00"", ""atten_word_VP018_word2_task_009_00"", ""atten_word_VP018_word3_rest_001_00"", ""atten_word_VP018_word3_rest_005_00"", ""atten_word_VP018_word3_rest_006_00"", ""atten_word_VP018_word3_task_006_00"", ""atten_word_VP018_word3_rest_007_00"", ""atten_word_VP018_word3_task_010_00""]","[""atten_word_VP018_word1_task_001_00"", ""atten_word_VP018_word1_rest_001_00"", ""atten_word_VP018_word1_rest_003_00"", ""atten_word_VP018_word1_task_003_00"", ""atten_word_VP018_word1_rest_004_00"", ""atten_word_VP018_word1_task_004_00"", ""atten_word_VP018_word1_task_005_00"", ""atten_word_VP018_word1_rest_005_00"", ""atten_word_VP018_word1_rest_006_00"", ""atten_word_VP018_word1_task_006_00"", ""atten_word_VP018_word1_task_007_00"", ""atten_word_VP018_word1_rest_008_00"", ""atten_word_VP018_word1_task_008_00"", ""atten_word_VP018_word1_task_009_00"", ""atten_word_VP018_word1_rest_010_00"", ""atten_word_VP018_word2_rest_001_00"", ""atten_word_VP018_word2_task_001_00"", ""atten_word_VP018_word2_rest_002_00"", ""atten_word_VP018_word2_task_002_00"", ""atten_word_VP018_word2_rest_003_00"", ""atten_word_VP018_word2_rest_004_00"", ""atten_word_VP018_word2_task_005_00"", ""atten_word_VP018_word2_task_007_00"", ""atten_word_VP018_word2_rest_006_00"", ""atten_word_VP018_word2_rest_007_00"", ""atten_word_VP018_word2_rest_008_00"", ""atten_word_VP018_word2_rest_010_00"", ""atten_word_VP018_word2_task_010_00"", ""atten_word_VP018_word3_task_001_00"", ""atten_word_VP018_word3_rest_002_00"", ""atten_word_VP018_word3_rest_003_00"", ""atten_word_VP018_word3_task_002_00"", ""atten_word_VP018_word3_rest_004_00"", ""atten_word_VP018_word3_task_003_00"", ""atten_word_VP018_word3_task_004_00"", ""atten_word_VP018_word3_task_005_00"", ""atten_word_VP018_word3_task_007_00"", ""atten_word_VP018_word3_task_008_00"", ""atten_word_VP018_word3_rest_008_00"", ""atten_word_VP018_word3_rest_009_00"", ""atten_word_VP018_word3_task_009_00"", ""atten_word_VP018_word3_rest_010_00""]",True,,0.7773947191177981,67,0.5476190476190477,0.48148148148148145,0.5972222222222222,0.5476190476190477,0.09523809523809523
VP018,2023,existing_head_adaptation,0.30,0.3,18,42,"{""0"": 9, ""1"": 9}","{""0"": 21, ""1"": 21}","[""atten_word_VP018_word1_task_002_00"", ""atten_word_VP018_word1_rest_002_00"", ""atten_word_VP018_word1_rest_007_00"", ""atten_word_VP018_word1_rest_009_00"", ""atten_word_VP018_word1_task_010_00"", ""atten_word_VP018_word2_task_003_00"", ""atten_word_VP018_word2_task_004_00"", ""atten_word_VP018_word2_rest_005_00"", ""atten_word_VP018_word2_task_006_00"", ""atten_word_VP018_word2_task_008_00"", ""atten_word_VP018_word2_rest_009_00"", ""atten_word_VP018_word2_task_009_00"", ""atten_word_VP018_word3_rest_001_00"", ""atten_word_VP018_word3_rest_005_00"", ""atten_word_VP018_word3_rest_006_00"", ""atten_word_VP018_word3_task_006_00"", ""atten_word_VP018_word3_rest_007_00"", ""atten_word_VP018_word3_task_010_00""]","[""atten_word_VP018_word1_task_001_00"", ""atten_word_VP018_word1_rest_001_00"", ""atten_word_VP018_word1_rest_003_00"", ""atten_word_VP018_word1_task_003_00"", ""atten_word_VP018_word1_rest_004_00"", ""atten_word_VP018_word1_task_004_00"", ""atten_word_VP018_word1_task_005_00"", ""atten_word_VP018_word1_rest_005_00"", ""atten_word_VP018_word1_rest_006_00"", ""atten_word_VP018_word1_task_006_00"", ""atten_word_VP018_word1_task_007_00"", ""atten_word_VP018_word1_rest_008_00"", ""atten_word_VP018_word1_task_008_00"", ""atten_word_VP018_word1_task_009_00"", ""atten_word_VP018_word1_rest_010_00"", ""atten_word_VP018_word2_rest_001_00"", ""atten_word_VP018_word2_task_001_00"", ""atten_word_VP018_word2_rest_002_00"", ""atten_word_VP018_word2_task_002_00"", ""atten_word_VP018_word2_rest_003_00"", ""atten_word_VP018_word2_rest_004_00"", ""atten_word_VP018_word2_task_005_00"", ""atten_word_VP018_word2_task_007_00"", ""atten_word_VP018_word2_rest_006_00"", ""atten_word_VP018_word2_rest_007_00"", ""atten_word_VP018_word2_rest_008_00"", ""atten_word_VP018_word2_rest_010_00"", ""atten_word_VP018_word2_task_010_00"", ""atten_word_VP018_word3_task_001_00"", ""atten_word_VP018_word3_rest_002_00"", ""atten_word_VP018_word3_rest_003_00"", ""atten_word_VP018_word3_task_002_00"", ""atten_word_VP018_word3_rest_004_00"", ""atten_word_VP018_word3_task_003_00"", ""atten_word_VP018_word3_task_004_00"", ""atten_word_VP018_word3_task_005_00"", ""atten_word_VP018_word3_task_007_00"", ""atten_word_VP018_word3_task_008_00"", ""atten_word_VP018_word3_rest_008_00"", ""atten_word_VP018_word3_rest_009_00"", ""atten_word_VP018_word3_task_009_00"", ""atten_word_VP018_word3_rest_010_00""]",True,,0.7773947191177981,67,0.5238095238095238,0.4642857142857143,0.5428571428571428,0.5238095238095237,0.04761904761904767
VP019,2023,source_only,0.30,0.3,18,42,"{""0"": 9, ""1"": 9}","{""0"": 21, ""1"": 21}","[""atten_word_VP019_word1_task_002_00"", ""atten_word_VP019_word1_rest_002_00"", ""atten_word_VP019_word1_rest_007_00"", ""atten_word_VP019_word1_rest_009_00"", ""atten_word_VP019_word1_task_010_00"", ""atten_word_VP019_word2_rest_005_00"", ""atten_word_VP019_word2_task_003_00"", ""atten_word_VP019_word2_task_004_00"", ""atten_word_VP019_word2_task_006_00"", ""atten_word_VP019_word2_rest_009_00"", ""atten_word_VP019_word2_task_008_00"", ""atten_word_VP019_word2_task_009_00"", ""atten_word_VP019_word3_rest_001_00"", ""atten_word_VP019_word3_rest_005_00"", ""atten_word_VP019_word3_rest_006_00"", ""atten_word_VP019_word3_task_006_00"", ""atten_word_VP019_word3_rest_007_00"", ""atten_word_VP019_word3_task_010_00""]","[""atten_word_VP019_word1_task_001_00"", ""atten_word_VP019_word1_rest_001_00"", ""atten_word_VP019_word1_task_003_00"", ""atten_word_VP019_word1_rest_003_00"", ""atten_word_VP019_word1_rest_004_00"", ""atten_word_VP019_word1_task_004_00"", ""atten_word_VP019_word1_task_005_00"", ""atten_word_VP019_word1_rest_005_00"", ""atten_word_VP019_word1_rest_006_00"", ""atten_word_VP019_word1_task_006_00"", ""atten_word_VP019_word1_task_007_00"", ""atten_word_VP019_word1_rest_008_00"", ""atten_word_VP019_word1_task_008_00"", ""atten_word_VP019_word1_task_009_00"", ""atten_word_VP019_word1_rest_010_00"", ""atten_word_VP019_word2_rest_001_00"", ""atten_word_VP019_word2_rest_002_00"", ""atten_word_VP019_word2_rest_003_00"", ""atten_word_VP019_word2_task_001_00"", ""atten_word_VP019_word2_rest_004_00"", ""atten_word_VP019_word2_task_002_00"", ""atten_word_VP019_word2_rest_006_00"", ""atten_word_VP019_word2_task_005_00"", ""atten_word_VP019_word2_rest_007_00"", ""atten_word_VP019_word2_rest_008_00"", ""atten_word_VP019_word2_task_007_00"", ""atten_word_VP019_word2_rest_010_00"", ""atten_word_VP019_word2_task_010_00"", ""atten_word_VP019_word3_task_001_00"", ""atten_word_VP019_word3_rest_002_00"", ""atten_word_VP019_word3_task_002_00"", ""atten_word_VP019_word3_task_003_00"", ""atten_word_VP019_word3_task_004_00"", ""atten_word_VP019_word3_rest_003_00"", ""atten_word_VP019_word3_task_005_00"", ""atten_word_VP019_word3_rest_004_00"", ""atten_word_VP019_word3_task_007_00"", ""atten_word_VP019_word3_task_008_00"", ""atten_word_VP019_word3_task_009_00"", ""atten_word_VP019_word3_rest_008_00"", ""atten_word_VP019_word3_rest_009_00"", ""atten_word_VP019_word3_rest_010_00""]",True,,0.6707299985988511,22,0.47619047619047616,0.3225806451612903,0.24390243902439024,0.47619047619047616,-0.04761904761904767
VP019,2023,existing_head_adaptation,0.30,0.3,18,42,"{""0"": 9, ""1"": 9}","{""0"": 21, ""1"": 21}","[""atten_word_VP019_word1_task_002_00"", ""atten_word_VP019_word1_rest_002_00"", ""atten_word_VP019_word1_rest_007_00"", ""atten_word_VP019_word1_rest_009_00"", ""atten_word_VP019_word1_task_010_00"", ""atten_word_VP019_word2_rest_005_00"", ""atten_word_VP019_word2_task_003_00"", ""atten_word_VP019_word2_task_004_00"", ""atten_word_VP019_word2_task_006_00"", ""atten_word_VP019_word2_rest_009_00"", ""atten_word_VP019_word2_task_008_00"", ""atten_word_VP019_word2_task_009_00"", ""atten_word_VP019_word3_rest_001_00"", ""atten_word_VP019_word3_rest_005_00"", ""atten_word_VP019_word3_rest_006_00"", ""atten_word_VP019_word3_task_006_00"", ""atten_word_VP019_word3_rest_007_00"", ""atten_word_VP019_word3_task_010_00""]","[""atten_word_VP019_word1_task_001_00"", ""atten_word_VP019_word1_rest_001_00"", ""atten_word_VP019_word1_task_003_00"", ""atten_word_VP019_word1_rest_003_00"", ""atten_word_VP019_word1_rest_004_00"", ""atten_word_VP019_word1_task_004_00"", ""atten_word_VP019_word1_task_005_00"", ""atten_word_VP019_word1_rest_005_00"", ""atten_word_VP019_word1_rest_006_00"", ""atten_word_VP019_word1_task_006_00"", ""atten_word_VP019_word1_task_007_00"", ""atten_word_VP019_word1_rest_008_00"", ""atten_word_VP019_word1_task_008_00"", ""atten_word_VP019_word1_task_009_00"", ""atten_word_VP019_word1_rest_010_00"", ""atten_word_VP019_word2_rest_001_00"", ""atten_word_VP019_word2_rest_002_00"", ""atten_word_VP019_word2_rest_003_00"", ""atten_word_VP019_word2_task_001_00"", ""atten_word_VP019_word2_rest_004_00"", ""atten_word_VP019_word2_task_002_00"", ""atten_word_VP019_word2_rest_006_00"", ""atten_word_VP019_word2_task_005_00"", ""atten_word_VP019_word2_rest_007_00"", ""atten_word_VP019_word2_rest_008_00"", ""atten_word_VP019_word2_task_007_00"", ""atten_word_VP019_word2_rest_010_00"", ""atten_word_VP019_word2_task_010_00"", ""atten_word_VP019_word3_task_001_00"", ""atten_word_VP019_word3_rest_002_00"", ""atten_word_VP019_word3_task_002_00"", ""atten_word_VP019_word3_task_003_00"", ""atten_word_VP019_word3_task_004_00"", ""atten_word_VP019_word3_rest_003_00"", ""atten_word_VP019_word3_task_005_00"", ""atten_word_VP019_word3_rest_004_00"", ""atten_word_VP019_word3_task_007_00"", ""atten_word_VP019_word3_task_008_00"", ""atten_word_VP019_word3_task_009_00"", ""atten_word_VP019_word3_rest_008_00"", ""atten_word_VP019_word3_rest_009_00"", ""atten_word_VP019_word3_rest_010_00""]",True,,0.6707299985988511,22,0.47619047619047616,0.3225806451612903,0.24390243902439024,0.47619047619047616,-0.04761904761904767
VP020,2023,source_only,0.30,0.3,18,42,"{""0"": 9, ""1"": 9}","{""0"": 21, ""1"": 21}","[""atten_word_VP020_word1_rest_002_00"", ""atten_word_VP020_word1_task_002_00"", ""atten_word_VP020_word1_rest_007_00"", ""atten_word_VP020_word1_rest_009_00"", ""atten_word_VP020_word1_task_010_00"", ""atten_word_VP020_word2_task_003_00"", ""atten_word_VP020_word2_task_004_00"", ""atten_word_VP020_word2_task_006_00"", ""atten_word_VP020_word2_rest_005_00"", ""atten_word_VP020_word2_task_008_00"", ""atten_word_VP020_word2_task_009_00"", ""atten_word_VP020_word2_rest_009_00"", ""atten_word_VP020_word3_rest_001_00"", ""atten_word_VP020_word3_task_006_00"", ""atten_word_VP020_word3_rest_005_00"", ""atten_word_VP020_word3_rest_006_00"", ""atten_word_VP020_word3_rest_007_00"", ""atten_word_VP020_word3_task_010_00""]","[""atten_word_VP020_word1_rest_001_00"", ""atten_word_VP020_word1_task_001_00"", ""atten_word_VP020_word1_task_003_00"", ""atten_word_VP020_word1_rest_003_00"", ""atten_word_VP020_word1_rest_004_00"", ""atten_word_VP020_word1_rest_005_00"", ""atten_word_VP020_word1_task_004_00"", ""atten_word_VP020_word1_task_005_00"", ""atten_word_VP020_word1_rest_006_00"", ""atten_word_VP020_word1_task_006_00"", ""atten_word_VP020_word1_rest_008_00"", ""atten_word_VP020_word1_task_007_00"", ""atten_word_VP020_word1_task_008_00"", ""atten_word_VP020_word1_task_009_00"", ""atten_word_VP020_word1_rest_010_00"", ""atten_word_VP020_word2_rest_001_00"", ""atten_word_VP020_word2_task_001_00"", ""atten_word_VP020_word2_rest_002_00"", ""atten_word_VP020_word2_task_002_00"", ""atten_word_VP020_word2_rest_003_00"", ""atten_word_VP020_word2_task_005_00"", ""atten_word_VP020_word2_rest_004_00"", ""atten_word_VP020_word2_task_007_00"", ""atten_word_VP020_word2_rest_006_00"", ""atten_word_VP020_word2_rest_007_00"", ""atten_word_VP020_word2_rest_008_00"", ""atten_word_VP020_word2_rest_010_00"", ""atten_word_VP020_word2_task_010_00"", ""atten_word_VP020_word3_rest_002_00"", ""atten_word_VP020_word3_task_001_00"", ""atten_word_VP020_word3_task_002_00"", ""atten_word_VP020_word3_rest_003_00"", ""atten_word_VP020_word3_task_003_00"", ""atten_word_VP020_word3_task_004_00"", ""atten_word_VP020_word3_task_005_00"", ""atten_word_VP020_word3_rest_004_00"", ""atten_word_VP020_word3_task_007_00"", ""atten_word_VP020_word3_task_008_00"", ""atten_word_VP020_word3_rest_008_00"", ""atten_word_VP020_word3_task_009_00"", ""atten_word_VP020_word3_rest_009_00"", ""atten_word_VP020_word3_rest_010_00""]",True,,0.7306133726284767,56,0.7380952380952381,0.7379466817923993,0.7386363636363636,0.7380952380952381,0.47619047619047616
VP020,2023,existing_head_adaptation,0.30,0.3,18,42,"{""0"": 9, ""1"": 9}","{""0"": 21, ""1"": 21}","[""atten_word_VP020_word1_rest_002_00"", ""atten_word_VP020_word1_task_002_00"", ""atten_word_VP020_word1_rest_007_00"", ""atten_word_VP020_word1_rest_009_00"", ""atten_word_VP020_word1_task_010_00"", ""atten_word_VP020_word2_task_003_00"", ""atten_word_VP020_word2_task_004_00"", ""atten_word_VP020_word2_task_006_00"", ""atten_word_VP020_word2_rest_005_00"", ""atten_word_VP020_word2_task_008_00"", ""atten_word_VP020_word2_task_009_00"", ""atten_word_VP020_word2_rest_009_00"", ""atten_word_VP020_word3_rest_001_00"", ""atten_word_VP020_word3_task_006_00"", ""atten_word_VP020_word3_rest_005_00"", ""atten_word_VP020_word3_rest_006_00"", ""atten_word_VP020_word3_rest_007_00"", ""atten_word_VP020_word3_task_010_00""]","[""atten_word_VP020_word1_rest_001_00"", ""atten_word_VP020_word1_task_001_00"", ""atten_word_VP020_word1_task_003_00"", ""atten_word_VP020_word1_rest_003_00"", ""atten_word_VP020_word1_rest_004_00"", ""atten_word_VP020_word1_rest_005_00"", ""atten_word_VP020_word1_task_004_00"", ""atten_word_VP020_word1_task_005_00"", ""atten_word_VP020_word1_rest_006_00"", ""atten_word_VP020_word1_task_006_00"", ""atten_word_VP020_word1_rest_008_00"", ""atten_word_VP020_word1_task_007_00"", ""atten_word_VP020_word1_task_008_00"", ""atten_word_VP020_word1_task_009_00"", ""atten_word_VP020_word1_rest_010_00"", ""atten_word_VP020_word2_rest_001_00"", ""atten_word_VP020_word2_task_001_00"", ""atten_word_VP020_word2_rest_002_00"", ""atten_word_VP020_word2_task_002_00"", ""atten_word_VP020_word2_rest_003_00"", ""atten_word_VP020_word2_task_005_00"", ""atten_word_VP020_word2_rest_004_00"", ""atten_word_VP020_word2_task_007_00"", ""atten_word_VP020_word2_rest_006_00"", ""atten_word_VP020_word2_rest_007_00"", ""atten_word_VP020_word2_rest_008_00"", ""atten_word_VP020_word2_rest_010_00"", ""atten_word_VP020_word2_task_010_00"", ""atten_word_VP020_word3_rest_002_00"", ""atten_word_VP020_word3_task_001_00"", ""atten_word_VP020_word3_task_002_00"", ""atten_word_VP020_word3_rest_003_00"", ""atten_word_VP020_word3_task_003_00"", ""atten_word_VP020_word3_task_004_00"", ""atten_word_VP020_word3_task_005_00"", ""atten_word_VP020_word3_rest_004_00"", ""atten_word_VP020_word3_task_007_00"", ""atten_word_VP020_word3_task_008_00"", ""atten_word_VP020_word3_rest_008_00"", ""atten_word_VP020_word3_task_009_00"", ""atten_word_VP020_word3_rest_009_00"", ""atten_word_VP020_word3_rest_010_00""]",True,,0.7306133726284767,56,0.7380952380952381,0.7379466817923993,0.7386363636363636,0.7380952380952381,0.47619047619047616
VP021,2023,source_only,0.30,0.3,18,42,"{""0"": 9, ""1"": 9}","{""0"": 21, ""1"": 21}","[""atten_word_VP021_word1_rest_002_00"", ""atten_word_VP021_word1_task_002_00"", ""atten_word_VP021_word1_rest_007_00"", ""atten_word_VP021_word1_rest_009_00"", ""atten_word_VP021_word1_task_010_00"", ""atten_word_VP021_word2_task_003_00"", ""atten_word_VP021_word2_task_004_00"", ""atten_word_VP021_word2_rest_005_00"", ""atten_word_VP021_word2_task_006_00"", ""atten_word_VP021_word2_rest_009_00"", ""atten_word_VP021_word2_task_008_00"", ""atten_word_VP021_word2_task_009_00"", ""atten_word_VP021_word3_rest_001_00"", ""atten_word_VP021_word3_rest_005_00"", ""atten_word_VP021_word3_rest_006_00"", ""atten_word_VP021_word3_rest_007_00"", ""atten_word_VP021_word3_task_006_00"", ""atten_word_VP021_word3_task_010_00""]","[""atten_word_VP021_word1_rest_001_00"", ""atten_word_VP021_word1_task_001_00"", ""atten_word_VP021_word1_rest_003_00"", ""atten_word_VP021_word1_rest_004_00"", ""atten_word_VP021_word1_task_003_00"", ""atten_word_VP021_word1_rest_005_00"", ""atten_word_VP021_word1_task_004_00"", ""atten_word_VP021_word1_rest_006_00"", ""atten_word_VP021_word1_task_005_00"", ""atten_word_VP021_word1_rest_008_00"", ""atten_word_VP021_word1_task_006_00"", ""atten_word_VP021_word1_task_007_00"", ""atten_word_VP021_word1_task_008_00"", ""atten_word_VP021_word1_task_009_00"", ""atten_word_VP021_word1_rest_010_00"", ""atten_word_VP021_word2_rest_001_00"", ""atten_word_VP021_word2_task_001_00"", ""atten_word_VP021_word2_rest_002_00"", ""atten_word_VP021_word2_task_002_00"", ""atten_word_VP021_word2_rest_003_00"", ""atten_word_VP021_word2_rest_004_00"", ""atten_word_VP021_word2_task_005_00"", ""atten_word_VP021_word2_rest_006_00"", ""atten_word_VP021_word2_task_007_00"", ""atten_word_VP021_word2_rest_007_00"", ""atten_word_VP021_word2_rest_008_00"", ""atten_word_VP021_word2_rest_010_00"", ""atten_word_VP021_word2_task_010_00"", ""atten_word_VP021_word3_rest_002_00"", ""atten_word_VP021_word3_task_001_00"", ""atten_word_VP021_word3_task_002_00"", ""atten_word_VP021_word3_rest_003_00"", ""atten_word_VP021_word3_rest_004_00"", ""atten_word_VP021_word3_task_003_00"", ""atten_word_VP021_word3_task_004_00"", ""atten_word_VP021_word3_rest_008_00"", ""atten_word_VP021_word3_task_005_00"", ""atten_word_VP021_word3_rest_009_00"", ""atten_word_VP021_word3_task_007_00"", ""atten_word_VP021_word3_rest_010_00"", ""atten_word_VP021_word3_task_008_00"", ""atten_word_VP021_word3_task_009_00""]",True,,0.7692307692307693,67,0.5476190476190477,0.5143031040779062,0.565625,0.5476190476190477,0.09523809523809523
VP021,2023,existing_head_adaptation,0.30,0.3,18,42,"{""0"": 9, ""1"": 9}","{""0"": 21, ""1"": 21}","[""atten_word_VP021_word1_rest_002_00"", ""atten_word_VP021_word1_task_002_00"", ""atten_word_VP021_word1_rest_007_00"", ""atten_word_VP021_word1_rest_009_00"", ""atten_word_VP021_word1_task_010_00"", ""atten_word_VP021_word2_task_003_00"", ""atten_word_VP021_word2_task_004_00"", ""atten_word_VP021_word2_rest_005_00"", ""atten_word_VP021_word2_task_006_00"", ""atten_word_VP021_word2_rest_009_00"", ""atten_word_VP021_word2_task_008_00"", ""atten_word_VP021_word2_task_009_00"", ""atten_word_VP021_word3_rest_001_00"", ""atten_word_VP021_word3_rest_005_00"", ""atten_word_VP021_word3_rest_006_00"", ""atten_word_VP021_word3_rest_007_00"", ""atten_word_VP021_word3_task_006_00"", ""atten_word_VP021_word3_task_010_00""]","[""atten_word_VP021_word1_rest_001_00"", ""atten_word_VP021_word1_task_001_00"", ""atten_word_VP021_word1_rest_003_00"", ""atten_word_VP021_word1_rest_004_00"", ""atten_word_VP021_word1_task_003_00"", ""atten_word_VP021_word1_rest_005_00"", ""atten_word_VP021_word1_task_004_00"", ""atten_word_VP021_word1_rest_006_00"", ""atten_word_VP021_word1_task_005_00"", ""atten_word_VP021_word1_rest_008_00"", ""atten_word_VP021_word1_task_006_00"", ""atten_word_VP021_word1_task_007_00"", ""atten_word_VP021_word1_task_008_00"", ""atten_word_VP021_word1_task_009_00"", ""atten_word_VP021_word1_rest_010_00"", ""atten_word_VP021_word2_rest_001_00"", ""atten_word_VP021_word2_task_001_00"", ""atten_word_VP021_word2_rest_002_00"", ""atten_word_VP021_word2_task_002_00"", ""atten_word_VP021_word2_rest_003_00"", ""atten_word_VP021_word2_rest_004_00"", ""atten_word_VP021_word2_task_005_00"", ""atten_word_VP021_word2_rest_006_00"", ""atten_word_VP021_word2_task_007_00"", ""atten_word_VP021_word2_rest_007_00"", ""atten_word_VP021_word2_rest_008_00"", ""atten_word_VP021_word2_rest_010_00"", ""atten_word_VP021_word2_task_010_00"", ""atten_word_VP021_word3_rest_002_00"", ""atten_word_VP021_word3_task_001_00"", ""atten_word_VP021_word3_task_002_00"", ""atten_word_VP021_word3_rest_003_00"", ""atten_word_VP021_word3_rest_004_00"", ""atten_word_VP021_word3_task_003_00"", ""atten_word_VP021_word3_task_004_00"", ""atten_word_VP021_word3_rest_008_00"", ""atten_word_VP021_word3_task_005_00"", ""atten_word_VP021_word3_rest_009_00"", ""atten_word_VP021_word3_task_007_00"", ""atten_word_VP021_word3_rest_010_00"", ""atten_word_VP021_word3_task_008_00"", ""atten_word_VP021_word3_task_009_00""]",True,,0.7692307692307693,67,0.5714285714285714,0.5456730769230769,0.5923753665689149,0.5714285714285714,0.1428571428571429
VP022,2023,source_only,0.30,0.3,18,42,"{""0"": 9, ""1"": 9}","{""0"": 21, ""1"": 21}","[""atten_word_VP022_word1_rest_002_00"", ""atten_word_VP022_word1_task_002_00"", ""atten_word_VP022_word1_rest_007_00"", ""atten_word_VP022_word1_rest_009_00"", ""atten_word_VP022_word1_task_010_00"", ""atten_word_VP022_word2_task_003_00"", ""atten_word_VP022_word2_task_004_00"", ""atten_word_VP022_word2_task_006_00"", ""atten_word_VP022_word2_rest_005_00"", ""atten_word_VP022_word2_task_008_00"", ""atten_word_VP022_word2_rest_009_00"", ""atten_word_VP022_word2_task_009_00"", ""atten_word_VP022_word3_rest_001_00"", ""atten_word_VP022_word3_rest_005_00"", ""atten_word_VP022_word3_rest_006_00"", ""atten_word_VP022_word3_rest_007_00"", ""atten_word_VP022_word3_task_006_00"", ""atten_word_VP022_word3_task_010_00""]","[""atten_word_VP022_word1_rest_001_00"", ""atten_word_VP022_word1_task_001_00"", ""atten_word_VP022_word1_task_003_00"", ""atten_word_VP022_word1_task_004_00"", ""atten_word_VP022_word1_rest_003_00"", ""atten_word_VP022_word1_rest_004_00"", ""atten_word_VP022_word1_task_005_00"", ""atten_word_VP022_word1_rest_005_00"", ""atten_word_VP022_word1_rest_006_00"", ""atten_word_VP022_word1_task_006_00"", ""atten_word_VP022_word1_rest_008_00"", ""atten_word_VP022_word1_task_007_00"", ""atten_word_VP022_word1_task_008_00"", ""atten_word_VP022_word1_rest_010_00"", ""atten_word_VP022_word1_task_009_00"", ""atten_word_VP022_word2_task_001_00"", ""atten_word_VP022_word2_rest_001_00"", ""atten_word_VP022_word2_task_002_00"", ""atten_word_VP022_word2_rest_002_00"", ""atten_word_VP022_word2_task_005_00"", ""atten_word_VP022_word2_rest_003_00"", ""atten_word_VP022_word2_rest_004_00"", ""atten_word_VP022_word2_task_007_00"", ""atten_word_VP022_word2_rest_006_00"", ""atten_word_VP022_word2_rest_007_00"", ""atten_word_VP022_word2_rest_008_00"", ""atten_word_VP022_word2_rest_010_00"", ""atten_word_VP022_word2_task_010_00"", ""atten_word_VP022_word3_task_001_00"", ""atten_word_VP022_word3_rest_002_00"", ""atten_word_VP022_word3_rest_003_00"", ""atten_word_VP022_word3_task_002_00"", ""atten_word_VP022_word3_task_003_00"", ""atten_word_VP022_word3_rest_004_00"", ""atten_word_VP022_word3_task_004_00"", ""atten_word_VP022_word3_task_005_00"", ""atten_word_VP022_word3_rest_008_00"", ""atten_word_VP022_word3_rest_009_00"", ""atten_word_VP022_word3_task_007_00"", ""atten_word_VP022_word3_rest_010_00"", ""atten_word_VP022_word3_task_008_00"", ""atten_word_VP022_word3_task_009_00""]",True,,0.7101449275362319,33,0.6190476190476191,0.5543766578249337,0.7837837837837838,0.6190476190476191,0.23809523809523814
VP022,2023,existing_head_adaptation,0.30,0.3,18,42,"{""0"": 9, ""1"": 9}","{""0"": 21, ""1"": 21}","[""atten_word_VP022_word1_rest_002_00"", ""atten_word_VP022_word1_task_002_00"", ""atten_word_VP022_word1_rest_007_00"", ""atten_word_VP022_word1_rest_009_00"", ""atten_word_VP022_word1_task_010_00"", ""atten_word_VP022_word2_task_003_00"", ""atten_word_VP022_word2_task_004_00"", ""atten_word_VP022_word2_task_006_00"", ""atten_word_VP022_word2_rest_005_00"", ""atten_word_VP022_word2_task_008_00"", ""atten_word_VP022_word2_rest_009_00"", ""atten_word_VP022_word2_task_009_00"", ""atten_word_VP022_word3_rest_001_00"", ""atten_word_VP022_word3_rest_005_00"", ""atten_word_VP022_word3_rest_006_00"", ""atten_word_VP022_word3_rest_007_00"", ""atten_word_VP022_word3_task_006_00"", ""atten_word_VP022_word3_task_010_00""]","[""atten_word_VP022_word1_rest_001_00"", ""atten_word_VP022_word1_task_001_00"", ""atten_word_VP022_word1_task_003_00"", ""atten_word_VP022_word1_task_004_00"", ""atten_word_VP022_word1_rest_003_00"", ""atten_word_VP022_word1_rest_004_00"", ""atten_word_VP022_word1_task_005_00"", ""atten_word_VP022_word1_rest_005_00"", ""atten_word_VP022_word1_rest_006_00"", ""atten_word_VP022_word1_task_006_00"", ""atten_word_VP022_word1_rest_008_00"", ""atten_word_VP022_word1_task_007_00"", ""atten_word_VP022_word1_task_008_00"", ""atten_word_VP022_word1_rest_010_00"", ""atten_word_VP022_word1_task_009_00"", ""atten_word_VP022_word2_task_001_00"", ""atten_word_VP022_word2_rest_001_00"", ""atten_word_VP022_word2_task_002_00"", ""atten_word_VP022_word2_rest_002_00"", ""atten_word_VP022_word2_task_005_00"", ""atten_word_VP022_word2_rest_003_00"", ""atten_word_VP022_word2_rest_004_00"", ""atten_word_VP022_word2_task_007_00"", ""atten_word_VP022_word2_rest_006_00"", ""atten_word_VP022_word2_rest_007_00"", ""atten_word_VP022_word2_rest_008_00"", ""atten_word_VP022_word2_rest_010_00"", ""atten_word_VP022_word2_task_010_00"", ""atten_word_VP022_word3_task_001_00"", ""atten_word_VP022_word3_rest_002_00"", ""atten_word_VP022_word3_rest_003_00"", ""atten_word_VP022_word3_task_002_00"", ""atten_word_VP022_word3_task_003_00"", ""atten_word_VP022_word3_rest_004_00"", ""atten_word_VP022_word3_task_004_00"", ""atten_word_VP022_word3_task_005_00"", ""atten_word_VP022_word3_rest_008_00"", ""atten_word_VP022_word3_rest_009_00"", ""atten_word_VP022_word3_task_007_00"", ""atten_word_VP022_word3_rest_010_00"", ""atten_word_VP022_word3_task_008_00"", ""atten_word_VP022_word3_task_009_00""]",True,,0.7101449275362319,33,0.6190476190476191,0.5543766578249337,0.7837837837837838,0.6190476190476191,0.23809523809523814
VP023,2023,source_only,0.30,0.3,18,42,"{""0"": 9, ""1"": 9}","{""0"": 21, ""1"": 21}","[""atten_word_VP023_word1_task_002_00"", ""atten_word_VP023_word1_rest_002_00"", ""atten_word_VP023_word1_rest_007_00"", ""atten_word_VP023_word1_rest_009_00"", ""atten_word_VP023_word1_task_010_00"", ""atten_word_VP023_word2_task_003_00"", ""atten_word_VP023_word2_task_004_00"", ""atten_word_VP023_word2_rest_005_00"", ""atten_word_VP023_word2_task_006_00"", ""atten_word_VP023_word2_task_008_00"", ""atten_word_VP023_word2_rest_009_00"", ""atten_word_VP023_word2_task_009_00"", ""atten_word_VP023_word3_rest_001_00"", ""atten_word_VP023_word3_rest_005_00"", ""atten_word_VP023_word3_rest_006_00"", ""atten_word_VP023_word3_task_006_00"", ""atten_word_VP023_word3_rest_007_00"", ""atten_word_VP023_word3_task_010_00""]","[""atten_word_VP023_word1_task_001_00"", ""atten_word_VP023_word1_rest_001_00"", ""atten_word_VP023_word1_rest_003_00"", ""atten_word_VP023_word1_task_003_00"", ""atten_word_VP023_word1_rest_004_00"", ""atten_word_VP023_word1_task_004_00"", ""atten_word_VP023_word1_task_005_00"", ""atten_word_VP023_word1_rest_005_00"", ""atten_word_VP023_word1_rest_006_00"", ""atten_word_VP023_word1_task_006_00"", ""atten_word_VP023_word1_task_007_00"", ""atten_word_VP023_word1_rest_008_00"", ""atten_word_VP023_word1_task_008_00"", ""atten_word_VP023_word1_task_009_00"", ""atten_word_VP023_word1_rest_010_00"", ""atten_word_VP023_word2_rest_001_00"", ""atten_word_VP023_word2_task_001_00"", ""atten_word_VP023_word2_rest_002_00"", ""atten_word_VP023_word2_task_002_00"", ""atten_word_VP023_word2_rest_003_00"", ""atten_word_VP023_word2_rest_004_00"", ""atten_word_VP023_word2_task_005_00"", ""atten_word_VP023_word2_task_007_00"", ""atten_word_VP023_word2_rest_006_00"", ""atten_word_VP023_word2_rest_007_00"", ""atten_word_VP023_word2_rest_008_00"", ""atten_word_VP023_word2_rest_010_00"", ""atten_word_VP023_word2_task_010_00"", ""atten_word_VP023_word3_task_001_00"", ""atten_word_VP023_word3_rest_002_00"", ""atten_word_VP023_word3_rest_003_00"", ""atten_word_VP023_word3_task_002_00"", ""atten_word_VP023_word3_rest_004_00"", ""atten_word_VP023_word3_task_003_00"", ""atten_word_VP023_word3_task_004_00"", ""atten_word_VP023_word3_task_005_00"", ""atten_word_VP023_word3_task_007_00"", ""atten_word_VP023_word3_task_008_00"", ""atten_word_VP023_word3_rest_008_00"", ""atten_word_VP023_word3_rest_009_00"", ""atten_word_VP023_word3_task_009_00"", ""atten_word_VP023_word3_rest_010_00""]",True,,0.7132583860543444,56,0.6666666666666666,0.625,0.8,0.6666666666666666,0.33333333333333337
VP023,2023,existing_head_adaptation,0.30,0.3,18,42,"{""0"": 9, ""1"": 9}","{""0"": 21, ""1"": 21}","[""atten_word_VP023_word1_task_002_00"", ""atten_word_VP023_word1_rest_002_00"", ""atten_word_VP023_word1_rest_007_00"", ""atten_word_VP023_word1_rest_009_00"", ""atten_word_VP023_word1_task_010_00"", ""atten_word_VP023_word2_task_003_00"", ""atten_word_VP023_word2_task_004_00"", ""atten_word_VP023_word2_rest_005_00"", ""atten_word_VP023_word2_task_006_00"", ""atten_word_VP023_word2_task_008_00"", ""atten_word_VP023_word2_rest_009_00"", ""atten_word_VP023_word2_task_009_00"", ""atten_word_VP023_word3_rest_001_00"", ""atten_word_VP023_word3_rest_005_00"", ""atten_word_VP023_word3_rest_006_00"", ""atten_word_VP023_word3_task_006_00"", ""atten_word_VP023_word3_rest_007_00"", ""atten_word_VP023_word3_task_010_00""]","[""atten_word_VP023_word1_task_001_00"", ""atten_word_VP023_word1_rest_001_00"", ""atten_word_VP023_word1_rest_003_00"", ""atten_word_VP023_word1_task_003_00"", ""atten_word_VP023_word1_rest_004_00"", ""atten_word_VP023_word1_task_004_00"", ""atten_word_VP023_word1_task_005_00"", ""atten_word_VP023_word1_rest_005_00"", ""atten_word_VP023_word1_rest_006_00"", ""atten_word_VP023_word1_task_006_00"", ""atten_word_VP023_word1_task_007_00"", ""atten_word_VP023_word1_rest_008_00"", ""atten_word_VP023_word1_task_008_00"", ""atten_word_VP023_word1_task_009_00"", ""atten_word_VP023_word1_rest_010_00"", ""atten_word_VP023_word2_rest_001_00"", ""atten_word_VP023_word2_task_001_00"", ""atten_word_VP023_word2_rest_002_00"", ""atten_word_VP023_word2_task_002_00"", ""atten_word_VP023_word2_rest_003_00"", ""atten_word_VP023_word2_rest_004_00"", ""atten_word_VP023_word2_task_005_00"", ""atten_word_VP023_word2_task_007_00"", ""atten_word_VP023_word2_rest_006_00"", ""atten_word_VP023_word2_rest_007_00"", ""atten_word_VP023_word2_rest_008_00"", ""atten_word_VP023_word2_rest_010_00"", ""atten_word_VP023_word2_task_010_00"", ""atten_word_VP023_word3_task_001_00"", ""atten_word_VP023_word3_rest_002_00"", ""atten_word_VP023_word3_rest_003_00"", ""atten_word_VP023_word3_task_002_00"", ""atten_word_VP023_word3_rest_004_00"", ""atten_word_VP023_word3_task_003_00"", ""atten_word_VP023_word3_task_004_00"", ""atten_word_VP023_word3_task_005_00"", ""atten_word_VP023_word3_task_007_00"", ""atten_word_VP023_word3_task_008_00"", ""atten_word_VP023_word3_rest_008_00"", ""atten_word_VP023_word3_rest_009_00"", ""atten_word_VP023_word3_task_009_00"", ""atten_word_VP023_word3_rest_010_00""]",True,,0.7132583860543444,56,0.6666666666666666,0.625,0.8,0.6666666666666666,0.33333333333333337
VP024,2023,source_only,0.30,0.3,18,42,"{""0"": 9, ""1"": 9}","{""0"": 21, ""1"": 21}","[""atten_word_VP024_word1_task_002_00"", ""atten_word_VP024_word1_rest_002_00"", ""atten_word_VP024_word1_rest_007_00"", ""atten_word_VP024_word1_rest_009_00"", ""atten_word_VP024_word1_task_010_00"", ""atten_word_VP024_word2_task_003_00"", ""atten_word_VP024_word2_task_004_00"", ""atten_word_VP024_word2_rest_005_00"", ""atten_word_VP024_word2_task_006_00"", ""atten_word_VP024_word2_task_008_00"", ""atten_word_VP024_word2_rest_009_00"", ""atten_word_VP024_word2_task_009_00"", ""atten_word_VP024_word3_rest_001_00"", ""atten_word_VP024_word3_rest_005_00"", ""atten_word_VP024_word3_rest_006_00"", ""atten_word_VP024_word3_rest_007_00"", ""atten_word_VP024_word3_task_006_00"", ""atten_word_VP024_word3_task_010_00""]","[""atten_word_VP024_word1_rest_001_00"", ""atten_word_VP024_word1_task_001_00"", ""atten_word_VP024_word1_task_003_00"", ""atten_word_VP024_word1_rest_003_00"", ""atten_word_VP024_word1_rest_004_00"", ""atten_word_VP024_word1_task_004_00"", ""atten_word_VP024_word1_task_005_00"", ""atten_word_VP024_word1_rest_005_00"", ""atten_word_VP024_word1_rest_006_00"", ""atten_word_VP024_word1_task_006_00"", ""atten_word_VP024_word1_task_007_00"", ""atten_word_VP024_word1_task_008_00"", ""atten_word_VP024_word1_task_009_00"", ""atten_word_VP024_word1_rest_008_00"", ""atten_word_VP024_word1_rest_010_00"", ""atten_word_VP024_word2_rest_001_00"", ""atten_word_VP024_word2_task_001_00"", ""atten_word_VP024_word2_rest_002_00"", ""atten_word_VP024_word2_rest_003_00"", ""atten_word_VP024_word2_task_002_00"", ""atten_word_VP024_word2_rest_004_00"", ""atten_word_VP024_word2_rest_006_00"", ""atten_word_VP024_word2_task_005_00"", ""atten_word_VP024_word2_rest_007_00"", ""atten_word_VP024_word2_task_007_00"", ""atten_word_VP024_word2_rest_008_00"", ""atten_word_VP024_word2_task_010_00"", ""atten_word_VP024_word2_rest_010_00"", ""atten_word_VP024_word3_rest_002_00"", ""atten_word_VP024_word3_rest_003_00"", ""atten_word_VP024_word3_task_001_00"", ""atten_word_VP024_word3_task_002_00"", ""atten_word_VP024_word3_task_003_00"", ""atten_word_VP024_word3_rest_004_00"", ""atten_word_VP024_word3_task_004_00"", ""atten_word_VP024_word3_task_005_00"", ""atten_word_VP024_word3_task_007_00"", ""atten_word_VP024_word3_rest_008_00"", ""atten_word_VP024_word3_task_008_00"", ""atten_word_VP024_word3_task_009_00"", ""atten_word_VP024_word3_rest_009_00"", ""atten_word_VP024_word3_rest_010_00""]",True,,0.8214265658868586,56,0.5,0.3333333333333333,0.25,0.5,0.0
VP024,2023,existing_head_adaptation,0.30,0.3,18,42,"{""0"": 9, ""1"": 9}","{""0"": 21, ""1"": 21}","[""atten_word_VP024_word1_task_002_00"", ""atten_word_VP024_word1_rest_002_00"", ""atten_word_VP024_word1_rest_007_00"", ""atten_word_VP024_word1_rest_009_00"", ""atten_word_VP024_word1_task_010_00"", ""atten_word_VP024_word2_task_003_00"", ""atten_word_VP024_word2_task_004_00"", ""atten_word_VP024_word2_rest_005_00"", ""atten_word_VP024_word2_task_006_00"", ""atten_word_VP024_word2_task_008_00"", ""atten_word_VP024_word2_rest_009_00"", ""atten_word_VP024_word2_task_009_00"", ""atten_word_VP024_word3_rest_001_00"", ""atten_word_VP024_word3_rest_005_00"", ""atten_word_VP024_word3_rest_006_00"", ""atten_word_VP024_word3_rest_007_00"", ""atten_word_VP024_word3_task_006_00"", ""atten_word_VP024_word3_task_010_00""]","[""atten_word_VP024_word1_rest_001_00"", ""atten_word_VP024_word1_task_001_00"", ""atten_word_VP024_word1_task_003_00"", ""atten_word_VP024_word1_rest_003_00"", ""atten_word_VP024_word1_rest_004_00"", ""atten_word_VP024_word1_task_004_00"", ""atten_word_VP024_word1_task_005_00"", ""atten_word_VP024_word1_rest_005_00"", ""atten_word_VP024_word1_rest_006_00"", ""atten_word_VP024_word1_task_006_00"", ""atten_word_VP024_word1_task_007_00"", ""atten_word_VP024_word1_task_008_00"", ""atten_word_VP024_word1_task_009_00"", ""atten_word_VP024_word1_rest_008_00"", ""atten_word_VP024_word1_rest_010_00"", ""atten_word_VP024_word2_rest_001_00"", ""atten_word_VP024_word2_task_001_00"", ""atten_word_VP024_word2_rest_002_00"", ""atten_word_VP024_word2_rest_003_00"", ""atten_word_VP024_word2_task_002_00"", ""atten_word_VP024_word2_rest_004_00"", ""atten_word_VP024_word2_rest_006_00"", ""atten_word_VP024_word2_task_005_00"", ""atten_word_VP024_word2_rest_007_00"", ""atten_word_VP024_word2_task_007_00"", ""atten_word_VP024_word2_rest_008_00"", ""atten_word_VP024_word2_task_010_00"", ""atten_word_VP024_word2_rest_010_00"", ""atten_word_VP024_word3_rest_002_00"", ""atten_word_VP024_word3_rest_003_00"", ""atten_word_VP024_word3_task_001_00"", ""atten_word_VP024_word3_task_002_00"", ""atten_word_VP024_word3_task_003_00"", ""atten_word_VP024_word3_rest_004_00"", ""atten_word_VP024_word3_task_004_00"", ""atten_word_VP024_word3_task_005_00"", ""atten_word_VP024_word3_task_007_00"", ""atten_word_VP024_word3_rest_008_00"", ""atten_word_VP024_word3_task_008_00"", ""atten_word_VP024_word3_task_009_00"", ""atten_word_VP024_word3_rest_009_00"", ""atten_word_VP024_word3_rest_010_00""]",True,,0.8214265658868586,56,0.5,0.3333333333333333,0.25,0.5,0.0
VP025,2023,source_only,0.30,0.3,18,42,"{""0"": 9, ""1"": 9}","{""0"": 21, ""1"": 21}","[""atten_word_VP025_word1_rest_002_00"", ""atten_word_VP025_word1_task_002_00"", ""atten_word_VP025_word1_rest_007_00"", ""atten_word_VP025_word1_rest_009_00"", ""atten_word_VP025_word1_task_010_00"", ""atten_word_VP025_word2_task_003_00"", ""atten_word_VP025_word2_task_004_00"", ""atten_word_VP025_word2_rest_005_00"", ""atten_word_VP025_word2_task_006_00"", ""atten_word_VP025_word2_rest_009_00"", ""atten_word_VP025_word2_task_008_00"", ""atten_word_VP025_word2_task_009_00"", ""atten_word_VP025_word3_rest_001_00"", ""atten_word_VP025_word3_task_006_00"", ""atten_word_VP025_word3_rest_005_00"", ""atten_word_VP025_word3_rest_006_00"", ""atten_word_VP025_word3_rest_007_00"", ""atten_word_VP025_word3_task_010_00""]","[""atten_word_VP025_word1_rest_001_00"", ""atten_word_VP025_word1_task_001_00"", ""atten_word_VP025_word1_rest_003_00"", ""atten_word_VP025_word1_rest_004_00"", ""atten_word_VP025_word1_task_003_00"", ""atten_word_VP025_word1_rest_005_00"", ""atten_word_VP025_word1_task_004_00"", ""atten_word_VP025_word1_task_005_00"", ""atten_word_VP025_word1_rest_006_00"", ""atten_word_VP025_word1_task_006_00"", ""atten_word_VP025_word1_rest_008_00"", ""atten_word_VP025_word1_task_007_00"", ""atten_word_VP025_word1_task_008_00"", ""atten_word_VP025_word1_task_009_00"", ""atten_word_VP025_word1_rest_010_00"", ""atten_word_VP025_word2_rest_001_00"", ""atten_word_VP025_word2_task_001_00"", ""atten_word_VP025_word2_rest_002_00"", ""atten_word_VP025_word2_rest_003_00"", ""atten_word_VP025_word2_task_002_00"", ""atten_word_VP025_word2_rest_004_00"", ""atten_word_VP025_word2_task_005_00"", ""atten_word_VP025_word2_rest_006_00"", ""atten_word_VP025_word2_task_007_00"", ""atten_word_VP025_word2_rest_007_00"", ""atten_word_VP025_word2_rest_008_00"", ""atten_word_VP025_word2_task_010_00"", ""atten_word_VP025_word2_rest_010_00"", ""atten_word_VP025_word3_task_001_00"", ""atten_word_VP025_word3_task_002_00"", ""atten_word_VP025_word3_rest_002_00"", ""atten_word_VP025_word3_task_003_00"", ""atten_word_VP025_word3_task_004_00"", ""atten_word_VP025_word3_rest_003_00"", ""atten_word_VP025_word3_task_005_00"", ""atten_word_VP025_word3_rest_004_00"", ""atten_word_VP025_word3_task_007_00"", ""atten_word_VP025_word3_task_008_00"", ""atten_word_VP025_word3_rest_008_00"", ""atten_word_VP025_word3_task_009_00"", ""atten_word_VP025_word3_rest_009_00"", ""atten_word_VP025_word3_rest_010_00""]",True,,0.7064480210547626,33,0.6904761904761905,0.6860264519838988,0.7019230769230769,0.6904761904761905,0.38095238095238093
VP025,2023,existing_head_adaptation,0.30,0.3,18,42,"{""0"": 9, ""1"": 9}","{""0"": 21, ""1"": 21}","[""atten_word_VP025_word1_rest_002_00"", ""atten_word_VP025_word1_task_002_00"", ""atten_word_VP025_word1_rest_007_00"", ""atten_word_VP025_word1_rest_009_00"", ""atten_word_VP025_word1_task_010_00"", ""atten_word_VP025_word2_task_003_00"", ""atten_word_VP025_word2_task_004_00"", ""atten_word_VP025_word2_rest_005_00"", ""atten_word_VP025_word2_task_006_00"", ""atten_word_VP025_word2_rest_009_00"", ""atten_word_VP025_word2_task_008_00"", ""atten_word_VP025_word2_task_009_00"", ""atten_word_VP025_word3_rest_001_00"", ""atten_word_VP025_word3_task_006_00"", ""atten_word_VP025_word3_rest_005_00"", ""atten_word_VP025_word3_rest_006_00"", ""atten_word_VP025_word3_rest_007_00"", ""atten_word_VP025_word3_task_010_00""]","[""atten_word_VP025_word1_rest_001_00"", ""atten_word_VP025_word1_task_001_00"", ""atten_word_VP025_word1_rest_003_00"", ""atten_word_VP025_word1_rest_004_00"", ""atten_word_VP025_word1_task_003_00"", ""atten_word_VP025_word1_rest_005_00"", ""atten_word_VP025_word1_task_004_00"", ""atten_word_VP025_word1_task_005_00"", ""atten_word_VP025_word1_rest_006_00"", ""atten_word_VP025_word1_task_006_00"", ""atten_word_VP025_word1_rest_008_00"", ""atten_word_VP025_word1_task_007_00"", ""atten_word_VP025_word1_task_008_00"", ""atten_word_VP025_word1_task_009_00"", ""atten_word_VP025_word1_rest_010_00"", ""atten_word_VP025_word2_rest_001_00"", ""atten_word_VP025_word2_task_001_00"", ""atten_word_VP025_word2_rest_002_00"", ""atten_word_VP025_word2_rest_003_00"", ""atten_word_VP025_word2_task_002_00"", ""atten_word_VP025_word2_rest_004_00"", ""atten_word_VP025_word2_task_005_00"", ""atten_word_VP025_word2_rest_006_00"", ""atten_word_VP025_word2_task_007_00"", ""atten_word_VP025_word2_rest_007_00"", ""atten_word_VP025_word2_rest_008_00"", ""atten_word_VP025_word2_task_010_00"", ""atten_word_VP025_word2_rest_010_00"", ""atten_word_VP025_word3_task_001_00"", ""atten_word_VP025_word3_task_002_00"", ""atten_word_VP025_word3_rest_002_00"", ""atten_word_VP025_word3_task_003_00"", ""atten_word_VP025_word3_task_004_00"", ""atten_word_VP025_word3_rest_003_00"", ""atten_word_VP025_word3_task_005_00"", ""atten_word_VP025_word3_rest_004_00"", ""atten_word_VP025_word3_task_007_00"", ""atten_word_VP025_word3_task_008_00"", ""atten_word_VP025_word3_rest_008_00"", ""atten_word_VP025_word3_task_009_00"", ""atten_word_VP025_word3_rest_009_00"", ""atten_word_VP025_word3_rest_010_00""]",True,,0.7064480210547626,33,0.6904761904761905,0.6860264519838988,0.7019230769230769,0.6904761904761905,0.38095238095238093
VP026,2023,source_only,0.30,0.3,18,42,"{""0"": 9, ""1"": 9}","{""0"": 21, ""1"": 21}","[""atten_word_VP026_word1_rest_002_00"", ""atten_word_VP026_word1_task_002_00"", ""atten_word_VP026_word1_rest_007_00"", ""atten_word_VP026_word1_task_010_00"", ""atten_word_VP026_word1_rest_009_00"", ""atten_word_VP026_word2_task_003_00"", ""atten_word_VP026_word2_task_004_00"", ""atten_word_VP026_word2_rest_005_00"", ""atten_word_VP026_word2_task_006_00"", ""atten_word_VP026_word2_task_008_00"", ""atten_word_VP026_word2_rest_009_00"", ""atten_word_VP026_word2_task_009_00"", ""atten_word_VP026_word3_rest_001_00"", ""atten_word_VP026_word3_rest_005_00"", ""atten_word_VP026_word3_rest_006_00"", ""atten_word_VP026_word3_task_006_00"", ""atten_word_VP026_word3_rest_007_00"", ""atten_word_VP026_word3_task_010_00""]","[""atten_word_VP026_word1_rest_001_00"", ""atten_word_VP026_word1_task_001_00"", ""atten_word_VP026_word1_task_003_00"", ""atten_word_VP026_word1_rest_003_00"", ""atten_word_VP026_word1_rest_004_00"", ""atten_word_VP026_word1_rest_005_00"", ""atten_word_VP026_word1_task_004_00"", ""atten_word_VP026_word1_task_005_00"", ""atten_word_VP026_word1_rest_006_00"", ""atten_word_VP026_word1_task_006_00"", ""atten_word_VP026_word1_task_007_00"", ""atten_word_VP026_word1_rest_008_00"", ""atten_word_VP026_word1_task_008_00"", ""atten_word_VP026_word1_task_009_00"", ""atten_word_VP026_word1_rest_010_00"", ""atten_word_VP026_word2_rest_001_00"", ""atten_word_VP026_word2_task_001_00"", ""atten_word_VP026_word2_rest_002_00"", ""atten_word_VP026_word2_rest_003_00"", ""atten_word_VP026_word2_rest_004_00"", ""atten_word_VP026_word2_task_002_00"", ""atten_word_VP026_word2_task_005_00"", ""atten_word_VP026_word2_rest_006_00"", ""atten_word_VP026_word2_rest_007_00"", ""atten_word_VP026_word2_task_007_00"", ""atten_word_VP026_word2_rest_008_00"", ""atten_word_VP026_word2_task_010_00"", ""atten_word_VP026_word2_rest_010_00"", ""atten_word_VP026_word3_rest_002_00"", ""atten_word_VP026_word3_task_001_00"", ""atten_word_VP026_word3_task_002_00"", ""atten_word_VP026_word3_rest_003_00"", ""atten_word_VP026_word3_rest_004_00"", ""atten_word_VP026_word3_task_003_00"", ""atten_word_VP026_word3_task_004_00"", ""atten_word_VP026_word3_task_005_00"", ""atten_word_VP026_word3_task_007_00"", ""atten_word_VP026_word3_task_008_00"", ""atten_word_VP026_word3_rest_008_00"", ""atten_word_VP026_word3_rest_009_00"", ""atten_word_VP026_word3_task_009_00"", ""atten_word_VP026_word3_rest_010_00""]",True,,0.7499971460861425,56,0.7380952380952381,0.7306122448979592,0.7678571428571428,0.7380952380952381,0.47619047619047616
VP026,2023,existing_head_adaptation,0.30,0.3,18,42,"{""0"": 9, ""1"": 9}","{""0"": 21, ""1"": 21}","[""atten_word_VP026_word1_rest_002_00"", ""atten_word_VP026_word1_task_002_00"", ""atten_word_VP026_word1_rest_007_00"", ""atten_word_VP026_word1_task_010_00"", ""atten_word_VP026_word1_rest_009_00"", ""atten_word_VP026_word2_task_003_00"", ""atten_word_VP026_word2_task_004_00"", ""atten_word_VP026_word2_rest_005_00"", ""atten_word_VP026_word2_task_006_00"", ""atten_word_VP026_word2_task_008_00"", ""atten_word_VP026_word2_rest_009_00"", ""atten_word_VP026_word2_task_009_00"", ""atten_word_VP026_word3_rest_001_00"", ""atten_word_VP026_word3_rest_005_00"", ""atten_word_VP026_word3_rest_006_00"", ""atten_word_VP026_word3_task_006_00"", ""atten_word_VP026_word3_rest_007_00"", ""atten_word_VP026_word3_task_010_00""]","[""atten_word_VP026_word1_rest_001_00"", ""atten_word_VP026_word1_task_001_00"", ""atten_word_VP026_word1_task_003_00"", ""atten_word_VP026_word1_rest_003_00"", ""atten_word_VP026_word1_rest_004_00"", ""atten_word_VP026_word1_rest_005_00"", ""atten_word_VP026_word1_task_004_00"", ""atten_word_VP026_word1_task_005_00"", ""atten_word_VP026_word1_rest_006_00"", ""atten_word_VP026_word1_task_006_00"", ""atten_word_VP026_word1_task_007_00"", ""atten_word_VP026_word1_rest_008_00"", ""atten_word_VP026_word1_task_008_00"", ""atten_word_VP026_word1_task_009_00"", ""atten_word_VP026_word1_rest_010_00"", ""atten_word_VP026_word2_rest_001_00"", ""atten_word_VP026_word2_task_001_00"", ""atten_word_VP026_word2_rest_002_00"", ""atten_word_VP026_word2_rest_003_00"", ""atten_word_VP026_word2_rest_004_00"", ""atten_word_VP026_word2_task_002_00"", ""atten_word_VP026_word2_task_005_00"", ""atten_word_VP026_word2_rest_006_00"", ""atten_word_VP026_word2_rest_007_00"", ""atten_word_VP026_word2_task_007_00"", ""atten_word_VP026_word2_rest_008_00"", ""atten_word_VP026_word2_task_010_00"", ""atten_word_VP026_word2_rest_010_00"", ""atten_word_VP026_word3_rest_002_00"", ""atten_word_VP026_word3_task_001_00"", ""atten_word_VP026_word3_task_002_00"", ""atten_word_VP026_word3_rest_003_00"", ""atten_word_VP026_word3_rest_004_00"", ""atten_word_VP026_word3_task_003_00"", ""atten_word_VP026_word3_task_004_00"", ""atten_word_VP026_word3_task_005_00"", ""atten_word_VP026_word3_task_007_00"", ""atten_word_VP026_word3_task_008_00"", ""atten_word_VP026_word3_rest_008_00"", ""atten_word_VP026_word3_rest_009_00"", ""atten_word_VP026_word3_task_009_00"", ""atten_word_VP026_word3_rest_010_00""]",True,,0.7499971460861425,56,0.7380952380952381,0.7306122448979592,0.7678571428571428,0.7380952380952381,0.47619047619047616
