subject,seed,method,requested_fraction,actual_fraction,calibration_count,test_count,calibration_counts,test_counts,calibration_trial_ids,test_trial_ids,valid,invalid_reason,source_best_val_f1,source_best_epoch,accuracy,f1_macro,precision_macro,recall_macro,kappa
VP001,2023,source_only,0.30,0.3055555555555556,22,50,"{""0"": 11, ""1"": 11}","{""0"": 25, ""1"": 25}","[""atten_dsr_VP001_gonogo1_task_002_00"", ""atten_dsr_VP001_gonogo1_task_003_00"", ""atten_dsr_VP001_gonogo1_task_004_00"", ""atten_dsr_VP001_gonogo1_task_004_01"", ""atten_dsr_VP001_gonogo1_rest_004_00"", ""atten_dsr_VP001_gonogo1_task_005_00"", ""atten_dsr_VP001_gonogo1_rest_006_01"", ""atten_dsr_VP001_gonogo2_task_001_00"", ""atten_dsr_VP001_gonogo2_rest_001_01"", ""atten_dsr_VP001_gonogo2_rest_002_00"", ""atten_dsr_VP001_gonogo2_rest_003_01"", ""atten_dsr_VP001_gonogo2_task_004_01"", ""atten_dsr_VP001_gonogo2_rest_004_00"", ""atten_dsr_VP001_gonogo2_rest_006_00"", ""atten_dsr_VP001_gonogo3_task_001_00"", ""atten_dsr_VP001_gonogo3_task_001_01"", ""atten_dsr_VP001_gonogo3_rest_001_00"", ""atten_dsr_VP001_gonogo3_rest_002_00"", ""atten_dsr_VP001_gonogo3_task_003_00"", ""atten_dsr_VP001_gonogo3_rest_003_00"", ""atten_dsr_VP001_gonogo3_task_004_00"", ""atten_dsr_VP001_gonogo3_rest_005_00""]","[""atten_dsr_VP001_gonogo1_task_001_00"", ""atten_dsr_VP001_gonogo1_task_001_01"", ""atten_dsr_VP001_gonogo1_rest_001_00"", ""atten_dsr_VP001_gonogo1_rest_001_01"", ""atten_dsr_VP001_gonogo1_task_002_01"", ""atten_dsr_VP001_gonogo1_rest_002_00"", ""atten_dsr_VP001_gonogo1_rest_002_01"", ""atten_dsr_VP001_gonogo1_task_003_01"", ""atten_dsr_VP001_gonogo1_rest_003_00"", ""atten_dsr_VP001_gonogo1_rest_003_01"", ""atten_dsr_VP001_gonogo1_rest_004_01"", ""atten_dsr_VP001_gonogo1_task_005_01"", ""atten_dsr_VP001_gonogo1_rest_005_00"", ""atten_dsr_VP001_gonogo1_rest_005_01"", ""atten_dsr_VP001_gonogo1_task_006_00"", ""atten_dsr_VP001_gonogo1_task_006_01"", ""atten_dsr_VP001_gonogo1_rest_006_00"", ""atten_dsr_VP001_gonogo2_task_001_01"", ""atten_dsr_VP001_gonogo2_rest_001_00"", ""atten_dsr_VP001_gonogo2_task_002_00"", ""atten_dsr_VP001_gonogo2_task_002_01"", ""atten_dsr_VP001_gonogo2_rest_002_01"", ""atten_dsr_VP001_gonogo2_task_003_00"", ""atten_dsr_VP001_gonogo2_task_003_01"", ""atten_dsr_VP001_gonogo2_rest_003_00"", ""atten_dsr_VP001_gonogo2_task_004_00"", ""atten_dsr_VP001_gonogo2_rest_004_01"", ""atten_dsr_VP001_gonogo2_task_005_00"", ""atten_dsr_VP001_gonogo2_task_005_01"", ""atten_dsr_VP001_gonogo2_rest_005_00"", ""atten_dsr_VP001_gonogo2_rest_005_01"", ""atten_dsr_VP001_gonogo2_task_006_00"", ""atten_dsr_VP001_gonogo2_task_006_01"", ""atten_dsr_VP001_gonogo2_rest_006_01"", ""atten_dsr_VP001_gonogo3_rest_001_01"", ""atten_dsr_VP001_gonogo3_task_002_00"", ""atten_dsr_VP001_gonogo3_task_002_01"", ""atten_dsr_VP001_gonogo3_rest_002_01"", ""atten_dsr_VP001_gonogo3_task_003_01"", ""atten_dsr_VP001_gonogo3_rest_003_01"", ""atten_dsr_VP001_gonogo3_task_004_01"", ""atten_dsr_VP001_gonogo3_rest_004_00"", ""atten_dsr_VP001_gonogo3_rest_004_01"", ""atten_dsr_VP001_gonogo3_task_005_00"", ""atten_dsr_VP001_gonogo3_task_005_01"", ""atten_dsr_VP001_gonogo3_rest_005_01"", ""atten_dsr_VP001_gonogo3_task_006_00"", ""atten_dsr_VP001_gonogo3_task_006_01"", ""atten_dsr_VP001_gonogo3_rest_006_00"", ""atten_dsr_VP001_gonogo3_rest_006_01""]",True,,0.7943428853754941,38,0.54,0.5398159263705482,0.5400641025641025,0.54,0.07999999999999996
VP001,2023,existing_head_adaptation,0.30,0.3055555555555556,22,50,"{""0"": 11, ""1"": 11}","{""0"": 25, ""1"": 25}","[""atten_dsr_VP001_gonogo1_task_002_00"", ""atten_dsr_VP001_gonogo1_task_003_00"", ""atten_dsr_VP001_gonogo1_task_004_00"", ""atten_dsr_VP001_gonogo1_task_004_01"", ""atten_dsr_VP001_gonogo1_rest_004_00"", ""atten_dsr_VP001_gonogo1_task_005_00"", ""atten_dsr_VP001_gonogo1_rest_006_01"", ""atten_dsr_VP001_gonogo2_task_001_00"", ""atten_dsr_VP001_gonogo2_rest_001_01"", ""atten_dsr_VP001_gonogo2_rest_002_00"", ""atten_dsr_VP001_gonogo2_rest_003_01"", ""atten_dsr_VP001_gonogo2_task_004_01"", ""atten_dsr_VP001_gonogo2_rest_004_00"", ""atten_dsr_VP001_gonogo2_rest_006_00"", ""atten_dsr_VP001_gonogo3_task_001_00"", ""atten_dsr_VP001_gonogo3_task_001_01"", ""atten_dsr_VP001_gonogo3_rest_001_00"", ""atten_dsr_VP001_gonogo3_rest_002_00"", ""atten_dsr_VP001_gonogo3_task_003_00"", ""atten_dsr_VP001_gonogo3_rest_003_00"", ""atten_dsr_VP001_gonogo3_task_004_00"", ""atten_dsr_VP001_gonogo3_rest_005_00""]","[""atten_dsr_VP001_gonogo1_task_001_00"", ""atten_dsr_VP001_gonogo1_task_001_01"", ""atten_dsr_VP001_gonogo1_rest_001_00"", ""atten_dsr_VP001_gonogo1_rest_001_01"", ""atten_dsr_VP001_gonogo1_task_002_01"", ""atten_dsr_VP001_gonogo1_rest_002_00"", ""atten_dsr_VP001_gonogo1_rest_002_01"", ""atten_dsr_VP001_gonogo1_task_003_01"", ""atten_dsr_VP001_gonogo1_rest_003_00"", ""atten_dsr_VP001_gonogo1_rest_003_01"", ""atten_dsr_VP001_gonogo1_rest_004_01"", ""atten_dsr_VP001_gonogo1_task_005_01"", ""atten_dsr_VP001_gonogo1_rest_005_00"", ""atten_dsr_VP001_gonogo1_rest_005_01"", ""atten_dsr_VP001_gonogo1_task_006_00"", ""atten_dsr_VP001_gonogo1_task_006_01"", ""atten_dsr_VP001_gonogo1_rest_006_00"", ""atten_dsr_VP001_gonogo2_task_001_01"", ""atten_dsr_VP001_gonogo2_rest_001_00"", ""atten_dsr_VP001_gonogo2_task_002_00"", ""atten_dsr_VP001_gonogo2_task_002_01"", ""atten_dsr_VP001_gonogo2_rest_002_01"", ""atten_dsr_VP001_gonogo2_task_003_00"", ""atten_dsr_VP001_gonogo2_task_003_01"", ""atten_dsr_VP001_gonogo2_rest_003_00"", ""atten_dsr_VP001_gonogo2_task_004_00"", ""atten_dsr_VP001_gonogo2_rest_004_01"", ""atten_dsr_VP001_gonogo2_task_005_00"", ""atten_dsr_VP001_gonogo2_task_005_01"", ""atten_dsr_VP001_gonogo2_rest_005_00"", ""atten_dsr_VP001_gonogo2_rest_005_01"", ""atten_dsr_VP001_gonogo2_task_006_00"", ""atten_dsr_VP001_gonogo2_task_006_01"", ""atten_dsr_VP001_gonogo2_rest_006_01"", ""atten_dsr_VP001_gonogo3_rest_001_01"", ""atten_dsr_VP001_gonogo3_task_002_00"", ""atten_dsr_VP001_gonogo3_task_002_01"", ""atten_dsr_VP001_gonogo3_rest_002_01"", ""atten_dsr_VP001_gonogo3_task_003_01"", ""atten_dsr_VP001_gonogo3_rest_003_01"", ""atten_dsr_VP001_gonogo3_task_004_01"", ""atten_dsr_VP001_gonogo3_rest_004_00"", ""atten_dsr_VP001_gonogo3_rest_004_01"", ""atten_dsr_VP001_gonogo3_task_005_00"", ""atten_dsr_VP001_gonogo3_task_005_01"", ""atten_dsr_VP001_gonogo3_rest_005_01"", ""atten_dsr_VP001_gonogo3_task_006_00"", ""atten_dsr_VP001_gonogo3_task_006_01"", ""atten_dsr_VP001_gonogo3_rest_006_00"", ""atten_dsr_VP001_gonogo3_rest_006_01""]",True,,0.7943428853754941,38,0.54,0.5398159263705482,0.5400641025641025,0.54,0.07999999999999996
VP002,2023,source_only,0.30,0.3055555555555556,22,50,"{""0"": 11, ""1"": 11}","{""0"": 25, ""1"": 25}","[""atten_dsr_VP002_gonogo1_task_002_00"", ""atten_dsr_VP002_gonogo1_task_003_00"", ""atten_dsr_VP002_gonogo1_task_004_00"", ""atten_dsr_VP002_gonogo1_task_004_01"", ""atten_dsr_VP002_gonogo1_rest_004_00"", ""atten_dsr_VP002_gonogo1_task_005_00"", ""atten_dsr_VP002_gonogo1_rest_006_01"", ""atten_dsr_VP002_gonogo2_task_001_00"", ""atten_dsr_VP002_gonogo2_rest_001_01"", ""atten_dsr_VP002_gonogo2_rest_002_00"", ""atten_dsr_VP002_gonogo2_rest_003_01"", ""atten_dsr_VP002_gonogo2_task_004_01"", ""atten_dsr_VP002_gonogo2_rest_004_00"", ""atten_dsr_VP002_gonogo2_rest_006_00"", ""atten_dsr_VP002_gonogo3_task_001_00"", ""atten_dsr_VP002_gonogo3_task_001_01"", ""atten_dsr_VP002_gonogo3_rest_001_00"", ""atten_dsr_VP002_gonogo3_rest_002_00"", ""atten_dsr_VP002_gonogo3_task_003_00"", ""atten_dsr_VP002_gonogo3_rest_003_00"", ""atten_dsr_VP002_gonogo3_task_004_00"", ""atten_dsr_VP002_gonogo3_rest_005_00""]","[""atten_dsr_VP002_gonogo1_task_001_00"", ""atten_dsr_VP002_gonogo1_task_001_01"", ""atten_dsr_VP002_gonogo1_rest_001_00"", ""atten_dsr_VP002_gonogo1_rest_001_01"", ""atten_dsr_VP002_gonogo1_task_002_01"", ""atten_dsr_VP002_gonogo1_rest_002_00"", ""atten_dsr_VP002_gonogo1_rest_002_01"", ""atten_dsr_VP002_gonogo1_task_003_01"", ""atten_dsr_VP002_gonogo1_rest_003_00"", ""atten_dsr_VP002_gonogo1_rest_003_01"", ""atten_dsr_VP002_gonogo1_rest_004_01"", ""atten_dsr_VP002_gonogo1_task_005_01"", ""atten_dsr_VP002_gonogo1_rest_005_00"", ""atten_dsr_VP002_gonogo1_rest_005_01"", ""atten_dsr_VP002_gonogo1_task_006_00"", ""atten_dsr_VP002_gonogo1_task_006_01"", ""atten_dsr_VP002_gonogo1_rest_006_00"", ""atten_dsr_VP002_gonogo2_task_001_01"", ""atten_dsr_VP002_gonogo2_rest_001_00"", ""atten_dsr_VP002_gonogo2_task_002_00"", ""atten_dsr_VP002_gonogo2_task_002_01"", ""atten_dsr_VP002_gonogo2_rest_002_01"", ""atten_dsr_VP002_gonogo2_task_003_00"", ""atten_dsr_VP002_gonogo2_task_003_01"", ""atten_dsr_VP002_gonogo2_rest_003_00"", ""atten_dsr_VP002_gonogo2_task_004_00"", ""atten_dsr_VP002_gonogo2_rest_004_01"", ""atten_dsr_VP002_gonogo2_task_005_00"", ""atten_dsr_VP002_gonogo2_task_005_01"", ""atten_dsr_VP002_gonogo2_rest_005_00"", ""atten_dsr_VP002_gonogo2_rest_005_01"", ""atten_dsr_VP002_gonogo2_task_006_00"", ""atten_dsr_VP002_gonogo2_task_006_01"", ""atten_dsr_VP002_gonogo2_rest_006_01"", ""atten_dsr_VP002_gonogo3_rest_001_01"", ""atten_dsr_VP002_gonogo3_task_002_00"", ""atten_dsr_VP002_gonogo3_task_002_01"", ""atten_dsr_VP002_gonogo3_rest_002_01"", ""atten_dsr_VP002_gonogo3_task_003_01"", ""atten_dsr_VP002_gonogo3_rest_003_01"", ""atten_dsr_VP002_gonogo3_task_004_01"", ""atten_dsr_VP002_gonogo3_rest_004_00"", ""atten_dsr_VP002_gonogo3_rest_004_01"", ""atten_dsr_VP002_gonogo3_task_005_00"", ""atten_dsr_VP002_gonogo3_task_005_01"", ""atten_dsr_VP002_gonogo3_rest_005_01"", ""atten_dsr_VP002_gonogo3_task_006_00"", ""atten_dsr_VP002_gonogo3_task_006_01"", ""atten_dsr_VP002_gonogo3_rest_006_00"", ""atten_dsr_VP002_gonogo3_rest_006_01""]",True,,0.7971830985915493,65,0.54,0.4165398274987316,0.7604166666666667,0.54,0.07999999999999996
VP002,2023,existing_head_adaptation,0.30,0.3055555555555556,22,50,"{""0"": 11, ""1"": 11}","{""0"": 25, ""1"": 25}","[""atten_dsr_VP002_gonogo1_task_002_00"", ""atten_dsr_VP002_gonogo1_task_003_00"", ""atten_dsr_VP002_gonogo1_task_004_00"", ""atten_dsr_VP002_gonogo1_task_004_01"", ""atten_dsr_VP002_gonogo1_rest_004_00"", ""atten_dsr_VP002_gonogo1_task_005_00"", ""atten_dsr_VP002_gonogo1_rest_006_01"", ""atten_dsr_VP002_gonogo2_task_001_00"", ""atten_dsr_VP002_gonogo2_rest_001_01"", ""atten_dsr_VP002_gonogo2_rest_002_00"", ""atten_dsr_VP002_gonogo2_rest_003_01"", ""atten_dsr_VP002_gonogo2_task_004_01"", ""atten_dsr_VP002_gonogo2_rest_004_00"", ""atten_dsr_VP002_gonogo2_rest_006_00"", ""atten_dsr_VP002_gonogo3_task_001_00"", ""atten_dsr_VP002_gonogo3_task_001_01"", ""atten_dsr_VP002_gonogo3_rest_001_00"", ""atten_dsr_VP002_gonogo3_rest_002_00"", ""atten_dsr_VP002_gonogo3_task_003_00"", ""atten_dsr_VP002_gonogo3_rest_003_00"", ""atten_dsr_VP002_gonogo3_task_004_00"", ""atten_dsr_VP002_gonogo3_rest_005_00""]","[""atten_dsr_VP002_gonogo1_task_001_00"", ""atten_dsr_VP002_gonogo1_task_001_01"", ""atten_dsr_VP002_gonogo1_rest_001_00"", ""atten_dsr_VP002_gonogo1_rest_001_01"", ""atten_dsr_VP002_gonogo1_task_002_01"", ""atten_dsr_VP002_gonogo1_rest_002_00"", ""atten_dsr_VP002_gonogo1_rest_002_01"", ""atten_dsr_VP002_gonogo1_task_003_01"", ""atten_dsr_VP002_gonogo1_rest_003_00"", ""atten_dsr_VP002_gonogo1_rest_003_01"", ""atten_dsr_VP002_gonogo1_rest_004_01"", ""atten_dsr_VP002_gonogo1_task_005_01"", ""atten_dsr_VP002_gonogo1_rest_005_00"", ""atten_dsr_VP002_gonogo1_rest_005_01"", ""atten_dsr_VP002_gonogo1_task_006_00"", ""atten_dsr_VP002_gonogo1_task_006_01"", ""atten_dsr_VP002_gonogo1_rest_006_00"", ""atten_dsr_VP002_gonogo2_task_001_01"", ""atten_dsr_VP002_gonogo2_rest_001_00"", ""atten_dsr_VP002_gonogo2_task_002_00"", ""atten_dsr_VP002_gonogo2_task_002_01"", ""atten_dsr_VP002_gonogo2_rest_002_01"", ""atten_dsr_VP002_gonogo2_task_003_00"", ""atten_dsr_VP002_gonogo2_task_003_01"", ""atten_dsr_VP002_gonogo2_rest_003_00"", ""atten_dsr_VP002_gonogo2_task_004_00"", ""atten_dsr_VP002_gonogo2_rest_004_01"", ""atten_dsr_VP002_gonogo2_task_005_00"", ""atten_dsr_VP002_gonogo2_task_005_01"", ""atten_dsr_VP002_gonogo2_rest_005_00"", ""atten_dsr_VP002_gonogo2_rest_005_01"", ""atten_dsr_VP002_gonogo2_task_006_00"", ""atten_dsr_VP002_gonogo2_task_006_01"", ""atten_dsr_VP002_gonogo2_rest_006_01"", ""atten_dsr_VP002_gonogo3_rest_001_01"", ""atten_dsr_VP002_gonogo3_task_002_00"", ""atten_dsr_VP002_gonogo3_task_002_01"", ""atten_dsr_VP002_gonogo3_rest_002_01"", ""atten_dsr_VP002_gonogo3_task_003_01"", ""atten_dsr_VP002_gonogo3_rest_003_01"", ""atten_dsr_VP002_gonogo3_task_004_01"", ""atten_dsr_VP002_gonogo3_rest_004_00"", ""atten_dsr_VP002_gonogo3_rest_004_01"", ""atten_dsr_VP002_gonogo3_task_005_00"", ""atten_dsr_VP002_gonogo3_task_005_01"", ""atten_dsr_VP002_gonogo3_rest_005_01"", ""atten_dsr_VP002_gonogo3_task_006_00"", ""atten_dsr_VP002_gonogo3_task_006_01"", ""atten_dsr_VP002_gonogo3_rest_006_00"", ""atten_dsr_VP002_gonogo3_rest_006_01""]",True,,0.7971830985915493,65,0.62,0.6006725514922235,0.6488095238095238,0.62,0.24
VP003,2023,source_only,0.30,0.3055555555555556,22,50,"{""0"": 11, ""1"": 11}","{""0"": 25, ""1"": 25}","[""atten_dsr_VP003_gonogo1_task_002_00"", ""atten_dsr_VP003_gonogo1_task_003_00"", ""atten_dsr_VP003_gonogo1_task_004_00"", ""atten_dsr_VP003_gonogo1_task_004_01"", ""atten_dsr_VP003_gonogo1_rest_004_00"", ""atten_dsr_VP003_gonogo1_task_005_00"", ""atten_dsr_VP003_gonogo1_rest_006_01"", ""atten_dsr_VP003_gonogo2_task_001_00"", ""atten_dsr_VP003_gonogo2_rest_001_01"", ""atten_dsr_VP003_gonogo2_rest_002_00"", ""atten_dsr_VP003_gonogo2_rest_003_01"", ""atten_dsr_VP003_gonogo2_task_004_01"", ""atten_dsr_VP003_gonogo2_rest_004_00"", ""atten_dsr_VP003_gonogo2_rest_006_00"", ""atten_dsr_VP003_gonogo3_task_001_00"", ""atten_dsr_VP003_gonogo3_task_001_01"", ""atten_dsr_VP003_gonogo3_rest_001_00"", ""atten_dsr_VP003_gonogo3_rest_002_00"", ""atten_dsr_VP003_gonogo3_task_003_00"", ""atten_dsr_VP003_gonogo3_rest_003_00"", ""atten_dsr_VP003_gonogo3_task_004_00"", ""atten_dsr_VP003_gonogo3_rest_005_00""]","[""atten_dsr_VP003_gonogo1_task_001_00"", ""atten_dsr_VP003_gonogo1_task_001_01"", ""atten_dsr_VP003_gonogo1_rest_001_00"", ""atten_dsr_VP003_gonogo1_rest_001_01"", ""atten_dsr_VP003_gonogo1_task_002_01"", ""atten_dsr_VP003_gonogo1_rest_002_00"", ""atten_dsr_VP003_gonogo1_rest_002_01"", ""atten_dsr_VP003_gonogo1_task_003_01"", ""atten_dsr_VP003_gonogo1_rest_003_00"", ""atten_dsr_VP003_gonogo1_rest_003_01"", ""atten_dsr_VP003_gonogo1_rest_004_01"", ""atten_dsr_VP003_gonogo1_task_005_01"", ""atten_dsr_VP003_gonogo1_rest_005_00"", ""atten_dsr_VP003_gonogo1_rest_005_01"", ""atten_dsr_VP003_gonogo1_task_006_00"", ""atten_dsr_VP003_gonogo1_task_006_01"", ""atten_dsr_VP003_gonogo1_rest_006_00"", ""atten_dsr_VP003_gonogo2_task_001_01"", ""atten_dsr_VP003_gonogo2_rest_001_00"", ""atten_dsr_VP003_gonogo2_task_002_00"", ""atten_dsr_VP003_gonogo2_task_002_01"", ""atten_dsr_VP003_gonogo2_rest_002_01"", ""atten_dsr_VP003_gonogo2_task_003_00"", ""atten_dsr_VP003_gonogo2_task_003_01"", ""atten_dsr_VP003_gonogo2_rest_003_00"", ""atten_dsr_VP003_gonogo2_task_004_00"", ""atten_dsr_VP003_gonogo2_rest_004_01"", ""atten_dsr_VP003_gonogo2_task_005_00"", ""atten_dsr_VP003_gonogo2_task_005_01"", ""atten_dsr_VP003_gonogo2_rest_005_00"", ""atten_dsr_VP003_gonogo2_rest_005_01"", ""atten_dsr_VP003_gonogo2_task_006_00"", ""atten_dsr_VP003_gonogo2_task_006_01"", ""atten_dsr_VP003_gonogo2_rest_006_01"", ""atten_dsr_VP003_gonogo3_rest_001_01"", ""atten_dsr_VP003_gonogo3_task_002_00"", ""atten_dsr_VP003_gonogo3_task_002_01"", ""atten_dsr_VP003_gonogo3_rest_002_01"", ""atten_dsr_VP003_gonogo3_task_003_01"", ""atten_dsr_VP003_gonogo3_rest_003_01"", ""atten_dsr_VP003_gonogo3_task_004_01"", ""atten_dsr_VP003_gonogo3_rest_004_00"", ""atten_dsr_VP003_gonogo3_rest_004_01"", ""atten_dsr_VP003_gonogo3_task_005_00"", ""atten_dsr_VP003_gonogo3_task_005_01"", ""atten_dsr_VP003_gonogo3_rest_005_01"", ""atten_dsr_VP003_gonogo3_task_006_00"", ""atten_dsr_VP003_gonogo3_task_006_01"", ""atten_dsr_VP003_gonogo3_rest_006_00"", ""atten_dsr_VP003_gonogo3_rest_006_01""]",True,,0.7579130434782608,83,0.74,0.7390606182256123,0.7435064935064934,0.74,0.48
VP003,2023,existing_head_adaptation,0.30,0.3055555555555556,22,50,"{""0"": 11, ""1"": 11}","{""0"": 25, ""1"": 25}","[""atten_dsr_VP003_gonogo1_task_002_00"", ""atten_dsr_VP003_gonogo1_task_003_00"", ""atten_dsr_VP003_gonogo1_task_004_00"", ""atten_dsr_VP003_gonogo1_task_004_01"", ""atten_dsr_VP003_gonogo1_rest_004_00"", ""atten_dsr_VP003_gonogo1_task_005_00"", ""atten_dsr_VP003_gonogo1_rest_006_01"", ""atten_dsr_VP003_gonogo2_task_001_00"", ""atten_dsr_VP003_gonogo2_rest_001_01"", ""atten_dsr_VP003_gonogo2_rest_002_00"", ""atten_dsr_VP003_gonogo2_rest_003_01"", ""atten_dsr_VP003_gonogo2_task_004_01"", ""atten_dsr_VP003_gonogo2_rest_004_00"", ""atten_dsr_VP003_gonogo2_rest_006_00"", ""atten_dsr_VP003_gonogo3_task_001_00"", ""atten_dsr_VP003_gonogo3_task_001_01"", ""atten_dsr_VP003_gonogo3_rest_001_00"", ""atten_dsr_VP003_gonogo3_rest_002_00"", ""atten_dsr_VP003_gonogo3_task_003_00"", ""atten_dsr_VP003_gonogo3_rest_003_00"", ""atten_dsr_VP003_gonogo3_task_004_00"", ""atten_dsr_VP003_gonogo3_rest_005_00""]","[""atten_dsr_VP003_gonogo1_task_001_00"", ""atten_dsr_VP003_gonogo1_task_001_01"", ""atten_dsr_VP003_gonogo1_rest_001_00"", ""atten_dsr_VP003_gonogo1_rest_001_01"", ""atten_dsr_VP003_gonogo1_task_002_01"", ""atten_dsr_VP003_gonogo1_rest_002_00"", ""atten_dsr_VP003_gonogo1_rest_002_01"", ""atten_dsr_VP003_gonogo1_task_003_01"", ""atten_dsr_VP003_gonogo1_rest_003_00"", ""atten_dsr_VP003_gonogo1_rest_003_01"", ""atten_dsr_VP003_gonogo1_rest_004_01"", ""atten_dsr_VP003_gonogo1_task_005_01"", ""atten_dsr_VP003_gonogo1_rest_005_00"", ""atten_dsr_VP003_gonogo1_rest_005_01"", ""atten_dsr_VP003_gonogo1_task_006_00"", ""atten_dsr_VP003_gonogo1_task_006_01"", ""atten_dsr_VP003_gonogo1_rest_006_00"", ""atten_dsr_VP003_gonogo2_task_001_01"", ""atten_dsr_VP003_gonogo2_rest_001_00"", ""atten_dsr_VP003_gonogo2_task_002_00"", ""atten_dsr_VP003_gonogo2_task_002_01"", ""atten_dsr_VP003_gonogo2_rest_002_01"", ""atten_dsr_VP003_gonogo2_task_003_00"", ""atten_dsr_VP003_gonogo2_task_003_01"", ""atten_dsr_VP003_gonogo2_rest_003_00"", ""atten_dsr_VP003_gonogo2_task_004_00"", ""atten_dsr_VP003_gonogo2_rest_004_01"", ""atten_dsr_VP003_gonogo2_task_005_00"", ""atten_dsr_VP003_gonogo2_task_005_01"", ""atten_dsr_VP003_gonogo2_rest_005_00"", ""atten_dsr_VP003_gonogo2_rest_005_01"", ""atten_dsr_VP003_gonogo2_task_006_00"", ""atten_dsr_VP003_gonogo2_task_006_01"", ""atten_dsr_VP003_gonogo2_rest_006_01"", ""atten_dsr_VP003_gonogo3_rest_001_01"", ""atten_dsr_VP003_gonogo3_task_002_00"", ""atten_dsr_VP003_gonogo3_task_002_01"", ""atten_dsr_VP003_gonogo3_rest_002_01"", ""atten_dsr_VP003_gonogo3_task_003_01"", ""atten_dsr_VP003_gonogo3_rest_003_01"", ""atten_dsr_VP003_gonogo3_task_004_01"", ""atten_dsr_VP003_gonogo3_rest_004_00"", ""atten_dsr_VP003_gonogo3_rest_004_01"", ""atten_dsr_VP003_gonogo3_task_005_00"", ""atten_dsr_VP003_gonogo3_task_005_01"", ""atten_dsr_VP003_gonogo3_rest_005_01"", ""atten_dsr_VP003_gonogo3_task_006_00"", ""atten_dsr_VP003_gonogo3_task_006_01"", ""atten_dsr_VP003_gonogo3_rest_006_00"", ""atten_dsr_VP003_gonogo3_rest_006_01""]",True,,0.7579130434782608,83,0.76,0.76,0.76,0.76,0.52
VP004,2023,source_only,0.30,0.3055555555555556,22,50,"{""0"": 11, ""1"": 11}","{""0"": 25, ""1"": 25}","[""atten_dsr_VP004_gonogo1_task_002_00"", ""atten_dsr_VP004_gonogo1_task_003_00"", ""atten_dsr_VP004_gonogo1_task_004_00"", ""atten_dsr_VP004_gonogo1_task_004_01"", ""atten_dsr_VP004_gonogo1_rest_004_00"", ""atten_dsr_VP004_gonogo1_task_005_00"", ""atten_dsr_VP004_gonogo1_rest_006_01"", ""atten_dsr_VP004_gonogo2_task_001_00"", ""atten_dsr_VP004_gonogo2_rest_001_01"", ""atten_dsr_VP004_gonogo2_rest_002_00"", ""atten_dsr_VP004_gonogo2_rest_003_01"", ""atten_dsr_VP004_gonogo2_task_004_01"", ""atten_dsr_VP004_gonogo2_rest_004_00"", ""atten_dsr_VP004_gonogo2_rest_006_00"", ""atten_dsr_VP004_gonogo3_task_001_00"", ""atten_dsr_VP004_gonogo3_task_001_01"", ""atten_dsr_VP004_gonogo3_rest_001_00"", ""atten_dsr_VP004_gonogo3_rest_002_00"", ""atten_dsr_VP004_gonogo3_task_003_00"", ""atten_dsr_VP004_gonogo3_rest_003_00"", ""atten_dsr_VP004_gonogo3_task_004_00"", ""atten_dsr_VP004_gonogo3_rest_005_00""]","[""atten_dsr_VP004_gonogo1_task_001_00"", ""atten_dsr_VP004_gonogo1_task_001_01"", ""atten_dsr_VP004_gonogo1_rest_001_00"", ""atten_dsr_VP004_gonogo1_rest_001_01"", ""atten_dsr_VP004_gonogo1_task_002_01"", ""atten_dsr_VP004_gonogo1_rest_002_00"", ""atten_dsr_VP004_gonogo1_rest_002_01"", ""atten_dsr_VP004_gonogo1_task_003_01"", ""atten_dsr_VP004_gonogo1_rest_003_00"", ""atten_dsr_VP004_gonogo1_rest_003_01"", ""atten_dsr_VP004_gonogo1_rest_004_01"", ""atten_dsr_VP004_gonogo1_task_005_01"", ""atten_dsr_VP004_gonogo1_rest_005_00"", ""atten_dsr_VP004_gonogo1_rest_005_01"", ""atten_dsr_VP004_gonogo1_task_006_00"", ""atten_dsr_VP004_gonogo1_task_006_01"", ""atten_dsr_VP004_gonogo1_rest_006_00"", ""atten_dsr_VP004_gonogo2_task_001_01"", ""atten_dsr_VP004_gonogo2_rest_001_00"", ""atten_dsr_VP004_gonogo2_task_002_00"", ""atten_dsr_VP004_gonogo2_task_002_01"", ""atten_dsr_VP004_gonogo2_rest_002_01"", ""atten_dsr_VP004_gonogo2_task_003_00"", ""atten_dsr_VP004_gonogo2_task_003_01"", ""atten_dsr_VP004_gonogo2_rest_003_00"", ""atten_dsr_VP004_gonogo2_task_004_00"", ""atten_dsr_VP004_gonogo2_rest_004_01"", ""atten_dsr_VP004_gonogo2_task_005_00"", ""atten_dsr_VP004_gonogo2_task_005_01"", ""atten_dsr_VP004_gonogo2_rest_005_00"", ""atten_dsr_VP004_gonogo2_rest_005_01"", ""atten_dsr_VP004_gonogo2_task_006_00"", ""atten_dsr_VP004_gonogo2_task_006_01"", ""atten_dsr_VP004_gonogo2_rest_006_01"", ""atten_dsr_VP004_gonogo3_rest_001_01"", ""atten_dsr_VP004_gonogo3_task_002_00"", ""atten_dsr_VP004_gonogo3_task_002_01"", ""atten_dsr_VP004_gonogo3_rest_002_01"", ""atten_dsr_VP004_gonogo3_task_003_01"", ""atten_dsr_VP004_gonogo3_rest_003_01"", ""atten_dsr_VP004_gonogo3_task_004_01"", ""atten_dsr_VP004_gonogo3_rest_004_00"", ""atten_dsr_VP004_gonogo3_rest_004_01"", ""atten_dsr_VP004_gonogo3_task_005_00"", ""atten_dsr_VP004_gonogo3_task_005_01"", ""atten_dsr_VP004_gonogo3_rest_005_01"", ""atten_dsr_VP004_gonogo3_task_006_00"", ""atten_dsr_VP004_gonogo3_task_006_01"", ""atten_dsr_VP004_gonogo3_rest_006_00"", ""atten_dsr_VP004_gonogo3_rest_006_01""]",True,,0.8013044255630097,67,0.7,0.6899545266639107,0.7297794117647058,0.7,0.4
VP004,2023,existing_head_adaptation,0.30,0.3055555555555556,22,50,"{""0"": 11, ""1"": 11}","{""0"": 25, ""1"": 25}","[""atten_dsr_VP004_gonogo1_task_002_00"", ""atten_dsr_VP004_gonogo1_task_003_00"", ""atten_dsr_VP004_gonogo1_task_004_00"", ""atten_dsr_VP004_gonogo1_task_004_01"", ""atten_dsr_VP004_gonogo1_rest_004_00"", ""atten_dsr_VP004_gonogo1_task_005_00"", ""atten_dsr_VP004_gonogo1_rest_006_01"", ""atten_dsr_VP004_gonogo2_task_001_00"", ""atten_dsr_VP004_gonogo2_rest_001_01"", ""atten_dsr_VP004_gonogo2_rest_002_00"", ""atten_dsr_VP004_gonogo2_rest_003_01"", ""atten_dsr_VP004_gonogo2_task_004_01"", ""atten_dsr_VP004_gonogo2_rest_004_00"", ""atten_dsr_VP004_gonogo2_rest_006_00"", ""atten_dsr_VP004_gonogo3_task_001_00"", ""atten_dsr_VP004_gonogo3_task_001_01"", ""atten_dsr_VP004_gonogo3_rest_001_00"", ""atten_dsr_VP004_gonogo3_rest_002_00"", ""atten_dsr_VP004_gonogo3_task_003_00"", ""atten_dsr_VP004_gonogo3_rest_003_00"", ""atten_dsr_VP004_gonogo3_task_004_00"", ""atten_dsr_VP004_gonogo3_rest_005_00""]","[""atten_dsr_VP004_gonogo1_task_001_00"", ""atten_dsr_VP004_gonogo1_task_001_01"", ""atten_dsr_VP004_gonogo1_rest_001_00"", ""atten_dsr_VP004_gonogo1_rest_001_01"", ""atten_dsr_VP004_gonogo1_task_002_01"", ""atten_dsr_VP004_gonogo1_rest_002_00"", ""atten_dsr_VP004_gonogo1_rest_002_01"", ""atten_dsr_VP004_gonogo1_task_003_01"", ""atten_dsr_VP004_gonogo1_rest_003_00"", ""atten_dsr_VP004_gonogo1_rest_003_01"", ""atten_dsr_VP004_gonogo1_rest_004_01"", ""atten_dsr_VP004_gonogo1_task_005_01"", ""atten_dsr_VP004_gonogo1_rest_005_00"", ""atten_dsr_VP004_gonogo1_rest_005_01"", ""atten_dsr_VP004_gonogo1_task_006_00"", ""atten_dsr_VP004_gonogo1_task_006_01"", ""atten_dsr_VP004_gonogo1_rest_006_00"", ""atten_dsr_VP004_gonogo2_task_001_01"", ""atten_dsr_VP004_gonogo2_rest_001_00"", ""atten_dsr_VP004_gonogo2_task_002_00"", ""atten_dsr_VP004_gonogo2_task_002_01"", ""atten_dsr_VP004_gonogo2_rest_002_01"", ""atten_dsr_VP004_gonogo2_task_003_00"", ""atten_dsr_VP004_gonogo2_task_003_01"", ""atten_dsr_VP004_gonogo2_rest_003_00"", ""atten_dsr_VP004_gonogo2_task_004_00"", ""atten_dsr_VP004_gonogo2_rest_004_01"", ""atten_dsr_VP004_gonogo2_task_005_00"", ""atten_dsr_VP004_gonogo2_task_005_01"", ""atten_dsr_VP004_gonogo2_rest_005_00"", ""atten_dsr_VP004_gonogo2_rest_005_01"", ""atten_dsr_VP004_gonogo2_task_006_00"", ""atten_dsr_VP004_gonogo2_task_006_01"", ""atten_dsr_VP004_gonogo2_rest_006_01"", ""atten_dsr_VP004_gonogo3_rest_001_01"", ""atten_dsr_VP004_gonogo3_task_002_00"", ""atten_dsr_VP004_gonogo3_task_002_01"", ""atten_dsr_VP004_gonogo3_rest_002_01"", ""atten_dsr_VP004_gonogo3_task_003_01"", ""atten_dsr_VP004_gonogo3_rest_003_01"", ""atten_dsr_VP004_gonogo3_task_004_01"", ""atten_dsr_VP004_gonogo3_rest_004_00"", ""atten_dsr_VP004_gonogo3_rest_004_01"", ""atten_dsr_VP004_gonogo3_task_005_00"", ""atten_dsr_VP004_gonogo3_task_005_01"", ""atten_dsr_VP004_gonogo3_rest_005_01"", ""atten_dsr_VP004_gonogo3_task_006_00"", ""atten_dsr_VP004_gonogo3_task_006_01"", ""atten_dsr_VP004_gonogo3_rest_006_00"", ""atten_dsr_VP004_gonogo3_rest_006_01""]",True,,0.8013044255630097,67,0.76,0.7596153846153846,0.7616747181964574,0.76,0.52
VP005,2023,source_only,0.30,0.3055555555555556,22,50,"{""0"": 11, ""1"": 11}","{""0"": 25, ""1"": 25}","[""atten_dsr_VP005_gonogo1_task_002_00"", ""atten_dsr_VP005_gonogo1_task_003_00"", ""atten_dsr_VP005_gonogo1_task_004_00"", ""atten_dsr_VP005_gonogo1_task_004_01"", ""atten_dsr_VP005_gonogo1_rest_004_00"", ""atten_dsr_VP005_gonogo1_task_005_00"", ""atten_dsr_VP005_gonogo1_rest_006_01"", ""atten_dsr_VP005_gonogo2_task_001_00"", ""atten_dsr_VP005_gonogo2_rest_001_01"", ""atten_dsr_VP005_gonogo2_rest_002_00"", ""atten_dsr_VP005_gonogo2_rest_003_01"", ""atten_dsr_VP005_gonogo2_task_004_01"", ""atten_dsr_VP005_gonogo2_rest_004_00"", ""atten_dsr_VP005_gonogo2_rest_006_00"", ""atten_dsr_VP005_gonogo3_task_001_00"", ""atten_dsr_VP005_gonogo3_task_001_01"", ""atten_dsr_VP005_gonogo3_rest_001_00"", ""atten_dsr_VP005_gonogo3_rest_002_00"", ""atten_dsr_VP005_gonogo3_task_003_00"", ""atten_dsr_VP005_gonogo3_rest_003_00"", ""atten_dsr_VP005_gonogo3_task_004_00"", ""atten_dsr_VP005_gonogo3_rest_005_00""]","[""atten_dsr_VP005_gonogo1_task_001_00"", ""atten_dsr_VP005_gonogo1_task_001_01"", ""atten_dsr_VP005_gonogo1_rest_001_00"", ""atten_dsr_VP005_gonogo1_rest_001_01"", ""atten_dsr_VP005_gonogo1_task_002_01"", ""atten_dsr_VP005_gonogo1_rest_002_00"", ""atten_dsr_VP005_gonogo1_rest_002_01"", ""atten_dsr_VP005_gonogo1_task_003_01"", ""atten_dsr_VP005_gonogo1_rest_003_00"", ""atten_dsr_VP005_gonogo1_rest_003_01"", ""atten_dsr_VP005_gonogo1_rest_004_01"", ""atten_dsr_VP005_gonogo1_task_005_01"", ""atten_dsr_VP005_gonogo1_rest_005_00"", ""atten_dsr_VP005_gonogo1_rest_005_01"", ""atten_dsr_VP005_gonogo1_task_006_00"", ""atten_dsr_VP005_gonogo1_task_006_01"", ""atten_dsr_VP005_gonogo1_rest_006_00"", ""atten_dsr_VP005_gonogo2_task_001_01"", ""atten_dsr_VP005_gonogo2_rest_001_00"", ""atten_dsr_VP005_gonogo2_task_002_00"", ""atten_dsr_VP005_gonogo2_task_002_01"", ""atten_dsr_VP005_gonogo2_rest_002_01"", ""atten_dsr_VP005_gonogo2_task_003_00"", ""atten_dsr_VP005_gonogo2_task_003_01"", ""atten_dsr_VP005_gonogo2_rest_003_00"", ""atten_dsr_VP005_gonogo2_task_004_00"", ""atten_dsr_VP005_gonogo2_rest_004_01"", ""atten_dsr_VP005_gonogo2_task_005_00"", ""atten_dsr_VP005_gonogo2_task_005_01"", ""atten_dsr_VP005_gonogo2_rest_005_00"", ""atten_dsr_VP005_gonogo2_rest_005_01"", ""atten_dsr_VP005_gonogo2_task_006_00"", ""atten_dsr_VP005_gonogo2_task_006_01"", ""atten_dsr_VP005_gonogo2_rest_006_01"", ""atten_dsr_VP005_gonogo3_rest_001_01"", ""atten_dsr_VP005_gonogo3_task_002_00"", ""atten_dsr_VP005_gonogo3_task_002_01"", ""atten_dsr_VP005_gonogo3_rest_002_01"", ""atten_dsr_VP005_gonogo3_task_003_01"", ""atten_dsr_VP005_gonogo3_rest_003_01"", ""atten_dsr_VP005_gonogo3_task_004_01"", ""atten_dsr_VP005_gonogo3_rest_004_00"", ""atten_dsr_VP005_gonogo3_rest_004_01"", ""atten_dsr_VP005_gonogo3_task_005_00"", ""atten_dsr_VP005_gonogo3_task_005_01"", ""atten_dsr_VP005_gonogo3_rest_005_01"", ""atten_dsr_VP005_gonogo3_task_006_00"", ""atten_dsr_VP005_gonogo3_task_006_01"", ""atten_dsr_VP005_gonogo3_rest_006_00"", ""atten_dsr_VP005_gonogo3_rest_006_01""]",True,,0.8166440301271762,77,0.82,0.8199279711884754,0.8205128205128205,0.8200000000000001,0.64
VP005,2023,existing_head_adaptation,0.30,0.3055555555555556,22,50,"{""0"": 11, ""1"": 11}","{""0"": 25, ""1"": 25}","[""atten_dsr_VP005_gonogo1_task_002_00"", ""atten_dsr_VP005_gonogo1_task_003_00"", ""atten_dsr_VP005_gonogo1_task_004_00"", ""atten_dsr_VP005_gonogo1_task_004_01"", ""atten_dsr_VP005_gonogo1_rest_004_00"", ""atten_dsr_VP005_gonogo1_task_005_00"", ""atten_dsr_VP005_gonogo1_rest_006_01"", ""atten_dsr_VP005_gonogo2_task_001_00"", ""atten_dsr_VP005_gonogo2_rest_001_01"", ""atten_dsr_VP005_gonogo2_rest_002_00"", ""atten_dsr_VP005_gonogo2_rest_003_01"", ""atten_dsr_VP005_gonogo2_task_004_01"", ""atten_dsr_VP005_gonogo2_rest_004_00"", ""atten_dsr_VP005_gonogo2_rest_006_00"", ""atten_dsr_VP005_gonogo3_task_001_00"", ""atten_dsr_VP005_gonogo3_task_001_01"", ""atten_dsr_VP005_gonogo3_rest_001_00"", ""atten_dsr_VP005_gonogo3_rest_002_00"", ""atten_dsr_VP005_gonogo3_task_003_00"", ""atten_dsr_VP005_gonogo3_rest_003_00"", ""atten_dsr_VP005_gonogo3_task_004_00"", ""atten_dsr_VP005_gonogo3_rest_005_00""]","[""atten_dsr_VP005_gonogo1_task_001_00"", ""atten_dsr_VP005_gonogo1_task_001_01"", ""atten_dsr_VP005_gonogo1_rest_001_00"", ""atten_dsr_VP005_gonogo1_rest_001_01"", ""atten_dsr_VP005_gonogo1_task_002_01"", ""atten_dsr_VP005_gonogo1_rest_002_00"", ""atten_dsr_VP005_gonogo1_rest_002_01"", ""atten_dsr_VP005_gonogo1_task_003_01"", ""atten_dsr_VP005_gonogo1_rest_003_00"", ""atten_dsr_VP005_gonogo1_rest_003_01"", ""atten_dsr_VP005_gonogo1_rest_004_01"", ""atten_dsr_VP005_gonogo1_task_005_01"", ""atten_dsr_VP005_gonogo1_rest_005_00"", ""atten_dsr_VP005_gonogo1_rest_005_01"", ""atten_dsr_VP005_gonogo1_task_006_00"", ""atten_dsr_VP005_gonogo1_task_006_01"", ""atten_dsr_VP005_gonogo1_rest_006_00"", ""atten_dsr_VP005_gonogo2_task_001_01"", ""atten_dsr_VP005_gonogo2_rest_001_00"", ""atten_dsr_VP005_gonogo2_task_002_00"", ""atten_dsr_VP005_gonogo2_task_002_01"", ""atten_dsr_VP005_gonogo2_rest_002_01"", ""atten_dsr_VP005_gonogo2_task_003_00"", ""atten_dsr_VP005_gonogo2_task_003_01"", ""atten_dsr_VP005_gonogo2_rest_003_00"", ""atten_dsr_VP005_gonogo2_task_004_00"", ""atten_dsr_VP005_gonogo2_rest_004_01"", ""atten_dsr_VP005_gonogo2_task_005_00"", ""atten_dsr_VP005_gonogo2_task_005_01"", ""atten_dsr_VP005_gonogo2_rest_005_00"", ""atten_dsr_VP005_gonogo2_rest_005_01"", ""atten_dsr_VP005_gonogo2_task_006_00"", ""atten_dsr_VP005_gonogo2_task_006_01"", ""atten_dsr_VP005_gonogo2_rest_006_01"", ""atten_dsr_VP005_gonogo3_rest_001_01"", ""atten_dsr_VP005_gonogo3_task_002_00"", ""atten_dsr_VP005_gonogo3_task_002_01"", ""atten_dsr_VP005_gonogo3_rest_002_01"", ""atten_dsr_VP005_gonogo3_task_003_01"", ""atten_dsr_VP005_gonogo3_rest_003_01"", ""atten_dsr_VP005_gonogo3_task_004_01"", ""atten_dsr_VP005_gonogo3_rest_004_00"", ""atten_dsr_VP005_gonogo3_rest_004_01"", ""atten_dsr_VP005_gonogo3_task_005_00"", ""atten_dsr_VP005_gonogo3_task_005_01"", ""atten_dsr_VP005_gonogo3_rest_005_01"", ""atten_dsr_VP005_gonogo3_task_006_00"", ""atten_dsr_VP005_gonogo3_task_006_01"", ""atten_dsr_VP005_gonogo3_rest_006_00"", ""atten_dsr_VP005_gonogo3_rest_006_01""]",True,,0.8166440301271762,77,0.84,0.84,0.84,0.84,0.6799999999999999
VP006,2023,source_only,0.30,0.3055555555555556,22,50,"{""0"": 11, ""1"": 11}","{""0"": 25, ""1"": 25}","[""atten_dsr_VP006_gonogo1_task_002_00"", ""atten_dsr_VP006_gonogo1_task_003_00"", ""atten_dsr_VP006_gonogo1_task_004_00"", ""atten_dsr_VP006_gonogo1_task_004_01"", ""atten_dsr_VP006_gonogo1_rest_004_00"", ""atten_dsr_VP006_gonogo1_task_005_00"", ""atten_dsr_VP006_gonogo1_rest_006_01"", ""atten_dsr_VP006_gonogo2_task_001_00"", ""atten_dsr_VP006_gonogo2_rest_001_01"", ""atten_dsr_VP006_gonogo2_rest_002_00"", ""atten_dsr_VP006_gonogo2_rest_003_01"", ""atten_dsr_VP006_gonogo2_task_004_01"", ""atten_dsr_VP006_gonogo2_rest_004_00"", ""atten_dsr_VP006_gonogo2_rest_006_00"", ""atten_dsr_VP006_gonogo3_task_001_00"", ""atten_dsr_VP006_gonogo3_task_001_01"", ""atten_dsr_VP006_gonogo3_rest_001_00"", ""atten_dsr_VP006_gonogo3_rest_002_00"", ""atten_dsr_VP006_gonogo3_task_003_00"", ""atten_dsr_VP006_gonogo3_rest_003_00"", ""atten_dsr_VP006_gonogo3_task_004_00"", ""atten_dsr_VP006_gonogo3_rest_005_00""]","[""atten_dsr_VP006_gonogo1_task_001_00"", ""atten_dsr_VP006_gonogo1_task_001_01"", ""atten_dsr_VP006_gonogo1_rest_001_00"", ""atten_dsr_VP006_gonogo1_rest_001_01"", ""atten_dsr_VP006_gonogo1_task_002_01"", ""atten_dsr_VP006_gonogo1_rest_002_00"", ""atten_dsr_VP006_gonogo1_rest_002_01"", ""atten_dsr_VP006_gonogo1_task_003_01"", ""atten_dsr_VP006_gonogo1_rest_003_00"", ""atten_dsr_VP006_gonogo1_rest_003_01"", ""atten_dsr_VP006_gonogo1_rest_004_01"", ""atten_dsr_VP006_gonogo1_task_005_01"", ""atten_dsr_VP006_gonogo1_rest_005_00"", ""atten_dsr_VP006_gonogo1_rest_005_01"", ""atten_dsr_VP006_gonogo1_task_006_00"", ""atten_dsr_VP006_gonogo1_task_006_01"", ""atten_dsr_VP006_gonogo1_rest_006_00"", ""atten_dsr_VP006_gonogo2_task_001_01"", ""atten_dsr_VP006_gonogo2_rest_001_00"", ""atten_dsr_VP006_gonogo2_task_002_00"", ""atten_dsr_VP006_gonogo2_task_002_01"", ""atten_dsr_VP006_gonogo2_rest_002_01"", ""atten_dsr_VP006_gonogo2_task_003_00"", ""atten_dsr_VP006_gonogo2_task_003_01"", ""atten_dsr_VP006_gonogo2_rest_003_00"", ""atten_dsr_VP006_gonogo2_task_004_00"", ""atten_dsr_VP006_gonogo2_rest_004_01"", ""atten_dsr_VP006_gonogo2_task_005_00"", ""atten_dsr_VP006_gonogo2_task_005_01"", ""atten_dsr_VP006_gonogo2_rest_005_00"", ""atten_dsr_VP006_gonogo2_rest_005_01"", ""atten_dsr_VP006_gonogo2_task_006_00"", ""atten_dsr_VP006_gonogo2_task_006_01"", ""atten_dsr_VP006_gonogo2_rest_006_01"", ""atten_dsr_VP006_gonogo3_rest_001_01"", ""atten_dsr_VP006_gonogo3_task_002_00"", ""atten_dsr_VP006_gonogo3_task_002_01"", ""atten_dsr_VP006_gonogo3_rest_002_01"", ""atten_dsr_VP006_gonogo3_task_003_01"", ""atten_dsr_VP006_gonogo3_rest_003_01"", ""atten_dsr_VP006_gonogo3_task_004_01"", ""atten_dsr_VP006_gonogo3_rest_004_00"", ""atten_dsr_VP006_gonogo3_rest_004_01"", ""atten_dsr_VP006_gonogo3_task_005_00"", ""atten_dsr_VP006_gonogo3_task_005_01"", ""atten_dsr_VP006_gonogo3_rest_005_01"", ""atten_dsr_VP006_gonogo3_task_006_00"", ""atten_dsr_VP006_gonogo3_task_006_01"", ""atten_dsr_VP006_gonogo3_rest_006_00"", ""atten_dsr_VP006_gonogo3_rest_006_01""]",True,,0.8081542180585268,82,0.62,0.6124031007751938,0.6302083333333333,0.62,0.24
VP006,2023,existing_head_adaptation,0.30,0.3055555555555556,22,50,"{""0"": 11, ""1"": 11}","{""0"": 25, ""1"": 25}","[""atten_dsr_VP006_gonogo1_task_002_00"", ""atten_dsr_VP006_gonogo1_task_003_00"", ""atten_dsr_VP006_gonogo1_task_004_00"", ""atten_dsr_VP006_gonogo1_task_004_01"", ""atten_dsr_VP006_gonogo1_rest_004_00"", ""atten_dsr_VP006_gonogo1_task_005_00"", ""atten_dsr_VP006_gonogo1_rest_006_01"", ""atten_dsr_VP006_gonogo2_task_001_00"", ""atten_dsr_VP006_gonogo2_rest_001_01"", ""atten_dsr_VP006_gonogo2_rest_002_00"", ""atten_dsr_VP006_gonogo2_rest_003_01"", ""atten_dsr_VP006_gonogo2_task_004_01"", ""atten_dsr_VP006_gonogo2_rest_004_00"", ""atten_dsr_VP006_gonogo2_rest_006_00"", ""atten_dsr_VP006_gonogo3_task_001_00"", ""atten_dsr_VP006_gonogo3_task_001_01"", ""atten_dsr_VP006_gonogo3_rest_001_00"", ""atten_dsr_VP006_gonogo3_rest_002_00"", ""atten_dsr_VP006_gonogo3_task_003_00"", ""atten_dsr_VP006_gonogo3_rest_003_00"", ""atten_dsr_VP006_gonogo3_task_004_00"", ""atten_dsr_VP006_gonogo3_rest_005_00""]","[""atten_dsr_VP006_gonogo1_task_001_00"", ""atten_dsr_VP006_gonogo1_task_001_01"", ""atten_dsr_VP006_gonogo1_rest_001_00"", ""atten_dsr_VP006_gonogo1_rest_001_01"", ""atten_dsr_VP006_gonogo1_task_002_01"", ""atten_dsr_VP006_gonogo1_rest_002_00"", ""atten_dsr_VP006_gonogo1_rest_002_01"", ""atten_dsr_VP006_gonogo1_task_003_01"", ""atten_dsr_VP006_gonogo1_rest_003_00"", ""atten_dsr_VP006_gonogo1_rest_003_01"", ""atten_dsr_VP006_gonogo1_rest_004_01"", ""atten_dsr_VP006_gonogo1_task_005_01"", ""atten_dsr_VP006_gonogo1_rest_005_00"", ""atten_dsr_VP006_gonogo1_rest_005_01"", ""atten_dsr_VP006_gonogo1_task_006_00"", ""atten_dsr_VP006_gonogo1_task_006_01"", ""atten_dsr_VP006_gonogo1_rest_006_00"", ""atten_dsr_VP006_gonogo2_task_001_01"", ""atten_dsr_VP006_gonogo2_rest_001_00"", ""atten_dsr_VP006_gonogo2_task_002_00"", ""atten_dsr_VP006_gonogo2_task_002_01"", ""atten_dsr_VP006_gonogo2_rest_002_01"", ""atten_dsr_VP006_gonogo2_task_003_00"", ""atten_dsr_VP006_gonogo2_task_003_01"", ""atten_dsr_VP006_gonogo2_rest_003_00"", ""atten_dsr_VP006_gonogo2_task_004_00"", ""atten_dsr_VP006_gonogo2_rest_004_01"", ""atten_dsr_VP006_gonogo2_task_005_00"", ""atten_dsr_VP006_gonogo2_task_005_01"", ""atten_dsr_VP006_gonogo2_rest_005_00"", ""atten_dsr_VP006_gonogo2_rest_005_01"", ""atten_dsr_VP006_gonogo2_task_006_00"", ""atten_dsr_VP006_gonogo2_task_006_01"", ""atten_dsr_VP006_gonogo2_rest_006_01"", ""atten_dsr_VP006_gonogo3_rest_001_01"", ""atten_dsr_VP006_gonogo3_task_002_00"", ""atten_dsr_VP006_gonogo3_task_002_01"", ""atten_dsr_VP006_gonogo3_rest_002_01"", ""atten_dsr_VP006_gonogo3_task_003_01"", ""atten_dsr_VP006_gonogo3_rest_003_01"", ""atten_dsr_VP006_gonogo3_task_004_01"", ""atten_dsr_VP006_gonogo3_rest_004_00"", ""atten_dsr_VP006_gonogo3_rest_004_01"", ""atten_dsr_VP006_gonogo3_task_005_00"", ""atten_dsr_VP006_gonogo3_task_005_01"", ""atten_dsr_VP006_gonogo3_rest_005_01"", ""atten_dsr_VP006_gonogo3_task_006_00"", ""atten_dsr_VP006_gonogo3_task_006_01"", ""atten_dsr_VP006_gonogo3_rest_006_00"", ""atten_dsr_VP006_gonogo3_rest_006_01""]",True,,0.8081542180585268,82,0.68,0.6794871794871795,0.681159420289855,0.6799999999999999,0.36
VP007,2023,source_only,0.30,0.3055555555555556,22,50,"{""0"": 11, ""1"": 11}","{""0"": 25, ""1"": 25}","[""atten_dsr_VP007_gonogo1_task_002_00"", ""atten_dsr_VP007_gonogo1_task_003_00"", ""atten_dsr_VP007_gonogo1_task_004_00"", ""atten_dsr_VP007_gonogo1_task_004_01"", ""atten_dsr_VP007_gonogo1_rest_004_00"", ""atten_dsr_VP007_gonogo1_task_005_00"", ""atten_dsr_VP007_gonogo1_rest_006_01"", ""atten_dsr_VP007_gonogo2_task_001_00"", ""atten_dsr_VP007_gonogo2_rest_001_01"", ""atten_dsr_VP007_gonogo2_rest_002_00"", ""atten_dsr_VP007_gonogo2_rest_003_01"", ""atten_dsr_VP007_gonogo2_task_004_01"", ""atten_dsr_VP007_gonogo2_rest_004_00"", ""atten_dsr_VP007_gonogo2_rest_006_00"", ""atten_dsr_VP007_gonogo3_task_001_00"", ""atten_dsr_VP007_gonogo3_task_001_01"", ""atten_dsr_VP007_gonogo3_rest_001_00"", ""atten_dsr_VP007_gonogo3_rest_002_00"", ""atten_dsr_VP007_gonogo3_task_003_00"", ""atten_dsr_VP007_gonogo3_rest_003_00"", ""atten_dsr_VP007_gonogo3_task_004_00"", ""atten_dsr_VP007_gonogo3_rest_005_00""]","[""atten_dsr_VP007_gonogo1_task_001_00"", ""atten_dsr_VP007_gonogo1_task_001_01"", ""atten_dsr_VP007_gonogo1_rest_001_00"", ""atten_dsr_VP007_gonogo1_rest_001_01"", ""atten_dsr_VP007_gonogo1_task_002_01"", ""atten_dsr_VP007_gonogo1_rest_002_00"", ""atten_dsr_VP007_gonogo1_rest_002_01"", ""atten_dsr_VP007_gonogo1_task_003_01"", ""atten_dsr_VP007_gonogo1_rest_003_00"", ""atten_dsr_VP007_gonogo1_rest_003_01"", ""atten_dsr_VP007_gonogo1_rest_004_01"", ""atten_dsr_VP007_gonogo1_task_005_01"", ""atten_dsr_VP007_gonogo1_rest_005_00"", ""atten_dsr_VP007_gonogo1_rest_005_01"", ""atten_dsr_VP007_gonogo1_task_006_00"", ""atten_dsr_VP007_gonogo1_task_006_01"", ""atten_dsr_VP007_gonogo1_rest_006_00"", ""atten_dsr_VP007_gonogo2_task_001_01"", ""atten_dsr_VP007_gonogo2_rest_001_00"", ""atten_dsr_VP007_gonogo2_task_002_00"", ""atten_dsr_VP007_gonogo2_task_002_01"", ""atten_dsr_VP007_gonogo2_rest_002_01"", ""atten_dsr_VP007_gonogo2_task_003_00"", ""atten_dsr_VP007_gonogo2_task_003_01"", ""atten_dsr_VP007_gonogo2_rest_003_00"", ""atten_dsr_VP007_gonogo2_task_004_00"", ""atten_dsr_VP007_gonogo2_rest_004_01"", ""atten_dsr_VP007_gonogo2_task_005_00"", ""atten_dsr_VP007_gonogo2_task_005_01"", ""atten_dsr_VP007_gonogo2_rest_005_00"", ""atten_dsr_VP007_gonogo2_rest_005_01"", ""atten_dsr_VP007_gonogo2_task_006_00"", ""atten_dsr_VP007_gonogo2_task_006_01"", ""atten_dsr_VP007_gonogo2_rest_006_01"", ""atten_dsr_VP007_gonogo3_rest_001_01"", ""atten_dsr_VP007_gonogo3_task_002_00"", ""atten_dsr_VP007_gonogo3_task_002_01"", ""atten_dsr_VP007_gonogo3_rest_002_01"", ""atten_dsr_VP007_gonogo3_task_003_01"", ""atten_dsr_VP007_gonogo3_rest_003_01"", ""atten_dsr_VP007_gonogo3_task_004_01"", ""atten_dsr_VP007_gonogo3_rest_004_00"", ""atten_dsr_VP007_gonogo3_rest_004_01"", ""atten_dsr_VP007_gonogo3_task_005_00"", ""atten_dsr_VP007_gonogo3_task_005_01"", ""atten_dsr_VP007_gonogo3_rest_005_01"", ""atten_dsr_VP007_gonogo3_task_006_00"", ""atten_dsr_VP007_gonogo3_task_006_01"", ""atten_dsr_VP007_gonogo3_rest_006_00"", ""atten_dsr_VP007_gonogo3_rest_006_01""]",True,,0.8222222222222222,67,0.74,0.7390606182256123,0.7435064935064934,0.74,0.48
VP007,2023,existing_head_adaptation,0.30,0.3055555555555556,22,50,"{""0"": 11, ""1"": 11}","{""0"": 25, ""1"": 25}","[""atten_dsr_VP007_gonogo1_task_002_00"", ""atten_dsr_VP007_gonogo1_task_003_00"", ""atten_dsr_VP007_gonogo1_task_004_00"", ""atten_dsr_VP007_gonogo1_task_004_01"", ""atten_dsr_VP007_gonogo1_rest_004_00"", ""atten_dsr_VP007_gonogo1_task_005_00"", ""atten_dsr_VP007_gonogo1_rest_006_01"", ""atten_dsr_VP007_gonogo2_task_001_00"", ""atten_dsr_VP007_gonogo2_rest_001_01"", ""atten_dsr_VP007_gonogo2_rest_002_00"", ""atten_dsr_VP007_gonogo2_rest_003_01"", ""atten_dsr_VP007_gonogo2_task_004_01"", ""atten_dsr_VP007_gonogo2_rest_004_00"", ""atten_dsr_VP007_gonogo2_rest_006_00"", ""atten_dsr_VP007_gonogo3_task_001_00"", ""atten_dsr_VP007_gonogo3_task_001_01"", ""atten_dsr_VP007_gonogo3_rest_001_00"", ""atten_dsr_VP007_gonogo3_rest_002_00"", ""atten_dsr_VP007_gonogo3_task_003_00"", ""atten_dsr_VP007_gonogo3_rest_003_00"", ""atten_dsr_VP007_gonogo3_task_004_00"", ""atten_dsr_VP007_gonogo3_rest_005_00""]","[""atten_dsr_VP007_gonogo1_task_001_00"", ""atten_dsr_VP007_gonogo1_task_001_01"", ""atten_dsr_VP007_gonogo1_rest_001_00"", ""atten_dsr_VP007_gonogo1_rest_001_01"", ""atten_dsr_VP007_gonogo1_task_002_01"", ""atten_dsr_VP007_gonogo1_rest_002_00"", ""atten_dsr_VP007_gonogo1_rest_002_01"", ""atten_dsr_VP007_gonogo1_task_003_01"", ""atten_dsr_VP007_gonogo1_rest_003_00"", ""atten_dsr_VP007_gonogo1_rest_003_01"", ""atten_dsr_VP007_gonogo1_rest_004_01"", ""atten_dsr_VP007_gonogo1_task_005_01"", ""atten_dsr_VP007_gonogo1_rest_005_00"", ""atten_dsr_VP007_gonogo1_rest_005_01"", ""atten_dsr_VP007_gonogo1_task_006_00"", ""atten_dsr_VP007_gonogo1_task_006_01"", ""atten_dsr_VP007_gonogo1_rest_006_00"", ""atten_dsr_VP007_gonogo2_task_001_01"", ""atten_dsr_VP007_gonogo2_rest_001_00"", ""atten_dsr_VP007_gonogo2_task_002_00"", ""atten_dsr_VP007_gonogo2_task_002_01"", ""atten_dsr_VP007_gonogo2_rest_002_01"", ""atten_dsr_VP007_gonogo2_task_003_00"", ""atten_dsr_VP007_gonogo2_task_003_01"", ""atten_dsr_VP007_gonogo2_rest_003_00"", ""atten_dsr_VP007_gonogo2_task_004_00"", ""atten_dsr_VP007_gonogo2_rest_004_01"", ""atten_dsr_VP007_gonogo2_task_005_00"", ""atten_dsr_VP007_gonogo2_task_005_01"", ""atten_dsr_VP007_gonogo2_rest_005_00"", ""atten_dsr_VP007_gonogo2_rest_005_01"", ""atten_dsr_VP007_gonogo2_task_006_00"", ""atten_dsr_VP007_gonogo2_task_006_01"", ""atten_dsr_VP007_gonogo2_rest_006_01"", ""atten_dsr_VP007_gonogo3_rest_001_01"", ""atten_dsr_VP007_gonogo3_task_002_00"", ""atten_dsr_VP007_gonogo3_task_002_01"", ""atten_dsr_VP007_gonogo3_rest_002_01"", ""atten_dsr_VP007_gonogo3_task_003_01"", ""atten_dsr_VP007_gonogo3_rest_003_01"", ""atten_dsr_VP007_gonogo3_task_004_01"", ""atten_dsr_VP007_gonogo3_rest_004_00"", ""atten_dsr_VP007_gonogo3_rest_004_01"", ""atten_dsr_VP007_gonogo3_task_005_00"", ""atten_dsr_VP007_gonogo3_task_005_01"", ""atten_dsr_VP007_gonogo3_rest_005_01"", ""atten_dsr_VP007_gonogo3_task_006_00"", ""atten_dsr_VP007_gonogo3_task_006_01"", ""atten_dsr_VP007_gonogo3_rest_006_00"", ""atten_dsr_VP007_gonogo3_rest_006_01""]",True,,0.8222222222222222,67,0.76,0.7584541062801933,0.7668308702791462,0.76,0.52
VP008,2023,source_only,0.30,0.3055555555555556,22,50,"{""0"": 11, ""1"": 11}","{""0"": 25, ""1"": 25}","[""atten_dsr_VP008_gonogo1_task_002_00"", ""atten_dsr_VP008_gonogo1_task_003_00"", ""atten_dsr_VP008_gonogo1_task_004_00"", ""atten_dsr_VP008_gonogo1_task_004_01"", ""atten_dsr_VP008_gonogo1_rest_004_00"", ""atten_dsr_VP008_gonogo1_task_005_00"", ""atten_dsr_VP008_gonogo1_rest_006_01"", ""atten_dsr_VP008_gonogo2_task_001_00"", ""atten_dsr_VP008_gonogo2_rest_001_01"", ""atten_dsr_VP008_gonogo2_rest_002_00"", ""atten_dsr_VP008_gonogo2_rest_003_01"", ""atten_dsr_VP008_gonogo2_task_004_01"", ""atten_dsr_VP008_gonogo2_rest_004_00"", ""atten_dsr_VP008_gonogo2_rest_006_00"", ""atten_dsr_VP008_gonogo3_task_001_00"", ""atten_dsr_VP008_gonogo3_task_001_01"", ""atten_dsr_VP008_gonogo3_rest_001_00"", ""atten_dsr_VP008_gonogo3_rest_002_00"", ""atten_dsr_VP008_gonogo3_task_003_00"", ""atten_dsr_VP008_gonogo3_rest_003_00"", ""atten_dsr_VP008_gonogo3_task_004_00"", ""atten_dsr_VP008_gonogo3_rest_005_00""]","[""atten_dsr_VP008_gonogo1_task_001_00"", ""atten_dsr_VP008_gonogo1_task_001_01"", ""atten_dsr_VP008_gonogo1_rest_001_00"", ""atten_dsr_VP008_gonogo1_rest_001_01"", ""atten_dsr_VP008_gonogo1_task_002_01"", ""atten_dsr_VP008_gonogo1_rest_002_00"", ""atten_dsr_VP008_gonogo1_rest_002_01"", ""atten_dsr_VP008_gonogo1_task_003_01"", ""atten_dsr_VP008_gonogo1_rest_003_00"", ""atten_dsr_VP008_gonogo1_rest_003_01"", ""atten_dsr_VP008_gonogo1_rest_004_01"", ""atten_dsr_VP008_gonogo1_task_005_01"", ""atten_dsr_VP008_gonogo1_rest_005_00"", ""atten_dsr_VP008_gonogo1_rest_005_01"", ""atten_dsr_VP008_gonogo1_task_006_00"", ""atten_dsr_VP008_gonogo1_task_006_01"", ""atten_dsr_VP008_gonogo1_rest_006_00"", ""atten_dsr_VP008_gonogo2_task_001_01"", ""atten_dsr_VP008_gonogo2_rest_001_00"", ""atten_dsr_VP008_gonogo2_task_002_00"", ""atten_dsr_VP008_gonogo2_task_002_01"", ""atten_dsr_VP008_gonogo2_rest_002_01"", ""atten_dsr_VP008_gonogo2_task_003_00"", ""atten_dsr_VP008_gonogo2_task_003_01"", ""atten_dsr_VP008_gonogo2_rest_003_00"", ""atten_dsr_VP008_gonogo2_task_004_00"", ""atten_dsr_VP008_gonogo2_rest_004_01"", ""atten_dsr_VP008_gonogo2_task_005_00"", ""atten_dsr_VP008_gonogo2_task_005_01"", ""atten_dsr_VP008_gonogo2_rest_005_00"", ""atten_dsr_VP008_gonogo2_rest_005_01"", ""atten_dsr_VP008_gonogo2_task_006_00"", ""atten_dsr_VP008_gonogo2_task_006_01"", ""atten_dsr_VP008_gonogo2_rest_006_01"", ""atten_dsr_VP008_gonogo3_rest_001_01"", ""atten_dsr_VP008_gonogo3_task_002_00"", ""atten_dsr_VP008_gonogo3_task_002_01"", ""atten_dsr_VP008_gonogo3_rest_002_01"", ""atten_dsr_VP008_gonogo3_task_003_01"", ""atten_dsr_VP008_gonogo3_rest_003_01"", ""atten_dsr_VP008_gonogo3_task_004_01"", ""atten_dsr_VP008_gonogo3_rest_004_00"", ""atten_dsr_VP008_gonogo3_rest_004_01"", ""atten_dsr_VP008_gonogo3_task_005_00"", ""atten_dsr_VP008_gonogo3_task_005_01"", ""atten_dsr_VP008_gonogo3_rest_005_01"", ""atten_dsr_VP008_gonogo3_task_006_00"", ""atten_dsr_VP008_gonogo3_task_006_01"", ""atten_dsr_VP008_gonogo3_rest_006_00"", ""atten_dsr_VP008_gonogo3_rest_006_01""]",True,,0.7860698437198533,66,0.98,0.9799919967987194,0.9807692307692308,0.98,0.96
VP008,2023,existing_head_adaptation,0.30,0.3055555555555556,22,50,"{""0"": 11, ""1"": 11}","{""0"": 25, ""1"": 25}","[""atten_dsr_VP008_gonogo1_task_002_00"", ""atten_dsr_VP008_gonogo1_task_003_00"", ""atten_dsr_VP008_gonogo1_task_004_00"", ""atten_dsr_VP008_gonogo1_task_004_01"", ""atten_dsr_VP008_gonogo1_rest_004_00"", ""atten_dsr_VP008_gonogo1_task_005_00"", ""atten_dsr_VP008_gonogo1_rest_006_01"", ""atten_dsr_VP008_gonogo2_task_001_00"", ""atten_dsr_VP008_gonogo2_rest_001_01"", ""atten_dsr_VP008_gonogo2_rest_002_00"", ""atten_dsr_VP008_gonogo2_rest_003_01"", ""atten_dsr_VP008_gonogo2_task_004_01"", ""atten_dsr_VP008_gonogo2_rest_004_00"", ""atten_dsr_VP008_gonogo2_rest_006_00"", ""atten_dsr_VP008_gonogo3_task_001_00"", ""atten_dsr_VP008_gonogo3_task_001_01"", ""atten_dsr_VP008_gonogo3_rest_001_00"", ""atten_dsr_VP008_gonogo3_rest_002_00"", ""atten_dsr_VP008_gonogo3_task_003_00"", ""atten_dsr_VP008_gonogo3_rest_003_00"", ""atten_dsr_VP008_gonogo3_task_004_00"", ""atten_dsr_VP008_gonogo3_rest_005_00""]","[""atten_dsr_VP008_gonogo1_task_001_00"", ""atten_dsr_VP008_gonogo1_task_001_01"", ""atten_dsr_VP008_gonogo1_rest_001_00"", ""atten_dsr_VP008_gonogo1_rest_001_01"", ""atten_dsr_VP008_gonogo1_task_002_01"", ""atten_dsr_VP008_gonogo1_rest_002_00"", ""atten_dsr_VP008_gonogo1_rest_002_01"", ""atten_dsr_VP008_gonogo1_task_003_01"", ""atten_dsr_VP008_gonogo1_rest_003_00"", ""atten_dsr_VP008_gonogo1_rest_003_01"", ""atten_dsr_VP008_gonogo1_rest_004_01"", ""atten_dsr_VP008_gonogo1_task_005_01"", ""atten_dsr_VP008_gonogo1_rest_005_00"", ""atten_dsr_VP008_gonogo1_rest_005_01"", ""atten_dsr_VP008_gonogo1_task_006_00"", ""atten_dsr_VP008_gonogo1_task_006_01"", ""atten_dsr_VP008_gonogo1_rest_006_00"", ""atten_dsr_VP008_gonogo2_task_001_01"", ""atten_dsr_VP008_gonogo2_rest_001_00"", ""atten_dsr_VP008_gonogo2_task_002_00"", ""atten_dsr_VP008_gonogo2_task_002_01"", ""atten_dsr_VP008_gonogo2_rest_002_01"", ""atten_dsr_VP008_gonogo2_task_003_00"", ""atten_dsr_VP008_gonogo2_task_003_01"", ""atten_dsr_VP008_gonogo2_rest_003_00"", ""atten_dsr_VP008_gonogo2_task_004_00"", ""atten_dsr_VP008_gonogo2_rest_004_01"", ""atten_dsr_VP008_gonogo2_task_005_00"", ""atten_dsr_VP008_gonogo2_task_005_01"", ""atten_dsr_VP008_gonogo2_rest_005_00"", ""atten_dsr_VP008_gonogo2_rest_005_01"", ""atten_dsr_VP008_gonogo2_task_006_00"", ""atten_dsr_VP008_gonogo2_task_006_01"", ""atten_dsr_VP008_gonogo2_rest_006_01"", ""atten_dsr_VP008_gonogo3_rest_001_01"", ""atten_dsr_VP008_gonogo3_task_002_00"", ""atten_dsr_VP008_gonogo3_task_002_01"", ""atten_dsr_VP008_gonogo3_rest_002_01"", ""atten_dsr_VP008_gonogo3_task_003_01"", ""atten_dsr_VP008_gonogo3_rest_003_01"", ""atten_dsr_VP008_gonogo3_task_004_01"", ""atten_dsr_VP008_gonogo3_rest_004_00"", ""atten_dsr_VP008_gonogo3_rest_004_01"", ""atten_dsr_VP008_gonogo3_task_005_00"", ""atten_dsr_VP008_gonogo3_task_005_01"", ""atten_dsr_VP008_gonogo3_rest_005_01"", ""atten_dsr_VP008_gonogo3_task_006_00"", ""atten_dsr_VP008_gonogo3_task_006_01"", ""atten_dsr_VP008_gonogo3_rest_006_00"", ""atten_dsr_VP008_gonogo3_rest_006_01""]",True,,0.7860698437198533,66,0.98,0.9799919967987194,0.9807692307692308,0.98,0.96
VP009,2023,source_only,0.30,0.3055555555555556,22,50,"{""0"": 11, ""1"": 11}","{""0"": 25, ""1"": 25}","[""atten_dsr_VP009_gonogo1_task_002_00"", ""atten_dsr_VP009_gonogo1_task_003_00"", ""atten_dsr_VP009_gonogo1_task_004_00"", ""atten_dsr_VP009_gonogo1_task_004_01"", ""atten_dsr_VP009_gonogo1_rest_004_00"", ""atten_dsr_VP009_gonogo1_task_005_00"", ""atten_dsr_VP009_gonogo1_rest_006_01"", ""atten_dsr_VP009_gonogo2_task_001_00"", ""atten_dsr_VP009_gonogo2_rest_001_01"", ""atten_dsr_VP009_gonogo2_rest_002_00"", ""atten_dsr_VP009_gonogo2_rest_003_01"", ""atten_dsr_VP009_gonogo2_task_004_01"", ""atten_dsr_VP009_gonogo2_rest_004_00"", ""atten_dsr_VP009_gonogo2_rest_006_00"", ""atten_dsr_VP009_gonogo3_task_001_00"", ""atten_dsr_VP009_gonogo3_task_001_01"", ""atten_dsr_VP009_gonogo3_rest_001_00"", ""atten_dsr_VP009_gonogo3_rest_002_00"", ""atten_dsr_VP009_gonogo3_task_003_00"", ""atten_dsr_VP009_gonogo3_rest_003_00"", ""atten_dsr_VP009_gonogo3_task_004_00"", ""atten_dsr_VP009_gonogo3_rest_005_00""]","[""atten_dsr_VP009_gonogo1_task_001_00"", ""atten_dsr_VP009_gonogo1_task_001_01"", ""atten_dsr_VP009_gonogo1_rest_001_00"", ""atten_dsr_VP009_gonogo1_rest_001_01"", ""atten_dsr_VP009_gonogo1_task_002_01"", ""atten_dsr_VP009_gonogo1_rest_002_00"", ""atten_dsr_VP009_gonogo1_rest_002_01"", ""atten_dsr_VP009_gonogo1_task_003_01"", ""atten_dsr_VP009_gonogo1_rest_003_00"", ""atten_dsr_VP009_gonogo1_rest_003_01"", ""atten_dsr_VP009_gonogo1_rest_004_01"", ""atten_dsr_VP009_gonogo1_task_005_01"", ""atten_dsr_VP009_gonogo1_rest_005_00"", ""atten_dsr_VP009_gonogo1_rest_005_01"", ""atten_dsr_VP009_gonogo1_task_006_00"", ""atten_dsr_VP009_gonogo1_task_006_01"", ""atten_dsr_VP009_gonogo1_rest_006_00"", ""atten_dsr_VP009_gonogo2_task_001_01"", ""atten_dsr_VP009_gonogo2_rest_001_00"", ""atten_dsr_VP009_gonogo2_task_002_00"", ""atten_dsr_VP009_gonogo2_task_002_01"", ""atten_dsr_VP009_gonogo2_rest_002_01"", ""atten_dsr_VP009_gonogo2_task_003_00"", ""atten_dsr_VP009_gonogo2_task_003_01"", ""atten_dsr_VP009_gonogo2_rest_003_00"", ""atten_dsr_VP009_gonogo2_task_004_00"", ""atten_dsr_VP009_gonogo2_rest_004_01"", ""atten_dsr_VP009_gonogo2_task_005_00"", ""atten_dsr_VP009_gonogo2_task_005_01"", ""atten_dsr_VP009_gonogo2_rest_005_00"", ""atten_dsr_VP009_gonogo2_rest_005_01"", ""atten_dsr_VP009_gonogo2_task_006_00"", ""atten_dsr_VP009_gonogo2_task_006_01"", ""atten_dsr_VP009_gonogo2_rest_006_01"", ""atten_dsr_VP009_gonogo3_rest_001_01"", ""atten_dsr_VP009_gonogo3_task_002_00"", ""atten_dsr_VP009_gonogo3_task_002_01"", ""atten_dsr_VP009_gonogo3_rest_002_01"", ""atten_dsr_VP009_gonogo3_task_003_01"", ""atten_dsr_VP009_gonogo3_rest_003_01"", ""atten_dsr_VP009_gonogo3_task_004_01"", ""atten_dsr_VP009_gonogo3_rest_004_00"", ""atten_dsr_VP009_gonogo3_rest_004_01"", ""atten_dsr_VP009_gonogo3_task_005_00"", ""atten_dsr_VP009_gonogo3_task_005_01"", ""atten_dsr_VP009_gonogo3_rest_005_01"", ""atten_dsr_VP009_gonogo3_task_006_00"", ""atten_dsr_VP009_gonogo3_task_006_01"", ""atten_dsr_VP009_gonogo3_rest_006_00"", ""atten_dsr_VP009_gonogo3_rest_006_01""]",True,,0.8275169237426974,77,0.78,0.7777777777777778,0.7916666666666666,0.78,0.56
VP009,2023,existing_head_adaptation,0.30,0.3055555555555556,22,50,"{""0"": 11, ""1"": 11}","{""0"": 25, ""1"": 25}","[""atten_dsr_VP009_gonogo1_task_002_00"", ""atten_dsr_VP009_gonogo1_task_003_00"", ""atten_dsr_VP009_gonogo1_task_004_00"", ""atten_dsr_VP009_gonogo1_task_004_01"", ""atten_dsr_VP009_gonogo1_rest_004_00"", ""atten_dsr_VP009_gonogo1_task_005_00"", ""atten_dsr_VP009_gonogo1_rest_006_01"", ""atten_dsr_VP009_gonogo2_task_001_00"", ""atten_dsr_VP009_gonogo2_rest_001_01"", ""atten_dsr_VP009_gonogo2_rest_002_00"", ""atten_dsr_VP009_gonogo2_rest_003_01"", ""atten_dsr_VP009_gonogo2_task_004_01"", ""atten_dsr_VP009_gonogo2_rest_004_00"", ""atten_dsr_VP009_gonogo2_rest_006_00"", ""atten_dsr_VP009_gonogo3_task_001_00"", ""atten_dsr_VP009_gonogo3_task_001_01"", ""atten_dsr_VP009_gonogo3_rest_001_00"", ""atten_dsr_VP009_gonogo3_rest_002_00"", ""atten_dsr_VP009_gonogo3_task_003_00"", ""atten_dsr_VP009_gonogo3_rest_003_00"", ""atten_dsr_VP009_gonogo3_task_004_00"", ""atten_dsr_VP009_gonogo3_rest_005_00""]","[""atten_dsr_VP009_gonogo1_task_001_00"", ""atten_dsr_VP009_gonogo1_task_001_01"", ""atten_dsr_VP009_gonogo1_rest_001_00"", ""atten_dsr_VP009_gonogo1_rest_001_01"", ""atten_dsr_VP009_gonogo1_task_002_01"", ""atten_dsr_VP009_gonogo1_rest_002_00"", ""atten_dsr_VP009_gonogo1_rest_002_01"", ""atten_dsr_VP009_gonogo1_task_003_01"", ""atten_dsr_VP009_gonogo1_rest_003_00"", ""atten_dsr_VP009_gonogo1_rest_003_01"", ""atten_dsr_VP009_gonogo1_rest_004_01"", ""atten_dsr_VP009_gonogo1_task_005_01"", ""atten_dsr_VP009_gonogo1_rest_005_00"", ""atten_dsr_VP009_gonogo1_rest_005_01"", ""atten_dsr_VP009_gonogo1_task_006_00"", ""atten_dsr_VP009_gonogo1_task_006_01"", ""atten_dsr_VP009_gonogo1_rest_006_00"", ""atten_dsr_VP009_gonogo2_task_001_01"", ""atten_dsr_VP009_gonogo2_rest_001_00"", ""atten_dsr_VP009_gonogo2_task_002_00"", ""atten_dsr_VP009_gonogo2_task_002_01"", ""atten_dsr_VP009_gonogo2_rest_002_01"", ""atten_dsr_VP009_gonogo2_task_003_00"", ""atten_dsr_VP009_gonogo2_task_003_01"", ""atten_dsr_VP009_gonogo2_rest_003_00"", ""atten_dsr_VP009_gonogo2_task_004_00"", ""atten_dsr_VP009_gonogo2_rest_004_01"", ""atten_dsr_VP009_gonogo2_task_005_00"", ""atten_dsr_VP009_gonogo2_task_005_01"", ""atten_dsr_VP009_gonogo2_rest_005_00"", ""atten_dsr_VP009_gonogo2_rest_005_01"", ""atten_dsr_VP009_gonogo2_task_006_00"", ""atten_dsr_VP009_gonogo2_task_006_01"", ""atten_dsr_VP009_gonogo2_rest_006_01"", ""atten_dsr_VP009_gonogo3_rest_001_01"", ""atten_dsr_VP009_gonogo3_task_002_00"", ""atten_dsr_VP009_gonogo3_task_002_01"", ""atten_dsr_VP009_gonogo3_rest_002_01"", ""atten_dsr_VP009_gonogo3_task_003_01"", ""atten_dsr_VP009_gonogo3_rest_003_01"", ""atten_dsr_VP009_gonogo3_task_004_01"", ""atten_dsr_VP009_gonogo3_rest_004_00"", ""atten_dsr_VP009_gonogo3_rest_004_01"", ""atten_dsr_VP009_gonogo3_task_005_00"", ""atten_dsr_VP009_gonogo3_task_005_01"", ""atten_dsr_VP009_gonogo3_rest_005_01"", ""atten_dsr_VP009_gonogo3_task_006_00"", ""atten_dsr_VP009_gonogo3_task_006_01"", ""atten_dsr_VP009_gonogo3_rest_006_00"", ""atten_dsr_VP009_gonogo3_rest_006_01""]",True,,0.8275169237426974,77,0.82,0.8199279711884754,0.8205128205128205,0.8200000000000001,0.64
VP010,2023,source_only,0.30,0.3055555555555556,22,50,"{""0"": 11, ""1"": 11}","{""0"": 25, ""1"": 25}","[""atten_dsr_VP010_gonogo1_task_002_00"", ""atten_dsr_VP010_gonogo1_task_003_00"", ""atten_dsr_VP010_gonogo1_task_004_00"", ""atten_dsr_VP010_gonogo1_task_004_01"", ""atten_dsr_VP010_gonogo1_rest_004_00"", ""atten_dsr_VP010_gonogo1_task_005_00"", ""atten_dsr_VP010_gonogo1_rest_006_01"", ""atten_dsr_VP010_gonogo2_task_001_00"", ""atten_dsr_VP010_gonogo2_rest_001_01"", ""atten_dsr_VP010_gonogo2_rest_002_00"", ""atten_dsr_VP010_gonogo2_rest_003_01"", ""atten_dsr_VP010_gonogo2_task_004_01"", ""atten_dsr_VP010_gonogo2_rest_004_00"", ""atten_dsr_VP010_gonogo2_rest_006_00"", ""atten_dsr_VP010_gonogo3_task_001_00"", ""atten_dsr_VP010_gonogo3_task_001_01"", ""atten_dsr_VP010_gonogo3_rest_001_00"", ""atten_dsr_VP010_gonogo3_rest_002_00"", ""atten_dsr_VP010_gonogo3_task_003_00"", ""atten_dsr_VP010_gonogo3_rest_003_00"", ""atten_dsr_VP010_gonogo3_task_004_00"", ""atten_dsr_VP010_gonogo3_rest_005_00""]","[""atten_dsr_VP010_gonogo1_task_001_00"", ""atten_dsr_VP010_gonogo1_task_001_01"", ""atten_dsr_VP010_gonogo1_rest_001_00"", ""atten_dsr_VP010_gonogo1_rest_001_01"", ""atten_dsr_VP010_gonogo1_task_002_01"", ""atten_dsr_VP010_gonogo1_rest_002_00"", ""atten_dsr_VP010_gonogo1_rest_002_01"", ""atten_dsr_VP010_gonogo1_task_003_01"", ""atten_dsr_VP010_gonogo1_rest_003_00"", ""atten_dsr_VP010_gonogo1_rest_003_01"", ""atten_dsr_VP010_gonogo1_rest_004_01"", ""atten_dsr_VP010_gonogo1_task_005_01"", ""atten_dsr_VP010_gonogo1_rest_005_00"", ""atten_dsr_VP010_gonogo1_rest_005_01"", ""atten_dsr_VP010_gonogo1_task_006_00"", ""atten_dsr_VP010_gonogo1_task_006_01"", ""atten_dsr_VP010_gonogo1_rest_006_00"", ""atten_dsr_VP010_gonogo2_task_001_01"", ""atten_dsr_VP010_gonogo2_rest_001_00"", ""atten_dsr_VP010_gonogo2_task_002_00"", ""atten_dsr_VP010_gonogo2_task_002_01"", ""atten_dsr_VP010_gonogo2_rest_002_01"", ""atten_dsr_VP010_gonogo2_task_003_00"", ""atten_dsr_VP010_gonogo2_task_003_01"", ""atten_dsr_VP010_gonogo2_rest_003_00"", ""atten_dsr_VP010_gonogo2_task_004_00"", ""atten_dsr_VP010_gonogo2_rest_004_01"", ""atten_dsr_VP010_gonogo2_task_005_00"", ""atten_dsr_VP010_gonogo2_task_005_01"", ""atten_dsr_VP010_gonogo2_rest_005_00"", ""atten_dsr_VP010_gonogo2_rest_005_01"", ""atten_dsr_VP010_gonogo2_task_006_00"", ""atten_dsr_VP010_gonogo2_task_006_01"", ""atten_dsr_VP010_gonogo2_rest_006_01"", ""atten_dsr_VP010_gonogo3_rest_001_01"", ""atten_dsr_VP010_gonogo3_task_002_00"", ""atten_dsr_VP010_gonogo3_task_002_01"", ""atten_dsr_VP010_gonogo3_rest_002_01"", ""atten_dsr_VP010_gonogo3_task_003_01"", ""atten_dsr_VP010_gonogo3_rest_003_01"", ""atten_dsr_VP010_gonogo3_task_004_01"", ""atten_dsr_VP010_gonogo3_rest_004_00"", ""atten_dsr_VP010_gonogo3_rest_004_01"", ""atten_dsr_VP010_gonogo3_task_005_00"", ""atten_dsr_VP010_gonogo3_task_005_01"", ""atten_dsr_VP010_gonogo3_rest_005_01"", ""atten_dsr_VP010_gonogo3_task_006_00"", ""atten_dsr_VP010_gonogo3_task_006_01"", ""atten_dsr_VP010_gonogo3_rest_006_00"", ""atten_dsr_VP010_gonogo3_rest_006_01""]",True,,0.7913946427053797,43,0.66,0.6155585707824514,0.7976190476190477,0.66,0.31999999999999995
VP010,2023,existing_head_adaptation,0.30,0.3055555555555556,22,50,"{""0"": 11, ""1"": 11}","{""0"": 25, ""1"": 25}","[""atten_dsr_VP010_gonogo1_task_002_00"", ""atten_dsr_VP010_gonogo1_task_003_00"", ""atten_dsr_VP010_gonogo1_task_004_00"", ""atten_dsr_VP010_gonogo1_task_004_01"", ""atten_dsr_VP010_gonogo1_rest_004_00"", ""atten_dsr_VP010_gonogo1_task_005_00"", ""atten_dsr_VP010_gonogo1_rest_006_01"", ""atten_dsr_VP010_gonogo2_task_001_00"", ""atten_dsr_VP010_gonogo2_rest_001_01"", ""atten_dsr_VP010_gonogo2_rest_002_00"", ""atten_dsr_VP010_gonogo2_rest_003_01"", ""atten_dsr_VP010_gonogo2_task_004_01"", ""atten_dsr_VP010_gonogo2_rest_004_00"", ""atten_dsr_VP010_gonogo2_rest_006_00"", ""atten_dsr_VP010_gonogo3_task_001_00"", ""atten_dsr_VP010_gonogo3_task_001_01"", ""atten_dsr_VP010_gonogo3_rest_001_00"", ""atten_dsr_VP010_gonogo3_rest_002_00"", ""atten_dsr_VP010_gonogo3_task_003_00"", ""atten_dsr_VP010_gonogo3_rest_003_00"", ""atten_dsr_VP010_gonogo3_task_004_00"", ""atten_dsr_VP010_gonogo3_rest_005_00""]","[""atten_dsr_VP010_gonogo1_task_001_00"", ""atten_dsr_VP010_gonogo1_task_001_01"", ""atten_dsr_VP010_gonogo1_rest_001_00"", ""atten_dsr_VP010_gonogo1_rest_001_01"", ""atten_dsr_VP010_gonogo1_task_002_01"", ""atten_dsr_VP010_gonogo1_rest_002_00"", ""atten_dsr_VP010_gonogo1_rest_002_01"", ""atten_dsr_VP010_gonogo1_task_003_01"", ""atten_dsr_VP010_gonogo1_rest_003_00"", ""atten_dsr_VP010_gonogo1_rest_003_01"", ""atten_dsr_VP010_gonogo1_rest_004_01"", ""atten_dsr_VP010_gonogo1_task_005_01"", ""atten_dsr_VP010_gonogo1_rest_005_00"", ""atten_dsr_VP010_gonogo1_rest_005_01"", ""atten_dsr_VP010_gonogo1_task_006_00"", ""atten_dsr_VP010_gonogo1_task_006_01"", ""atten_dsr_VP010_gonogo1_rest_006_00"", ""atten_dsr_VP010_gonogo2_task_001_01"", ""atten_dsr_VP010_gonogo2_rest_001_00"", ""atten_dsr_VP010_gonogo2_task_002_00"", ""atten_dsr_VP010_gonogo2_task_002_01"", ""atten_dsr_VP010_gonogo2_rest_002_01"", ""atten_dsr_VP010_gonogo2_task_003_00"", ""atten_dsr_VP010_gonogo2_task_003_01"", ""atten_dsr_VP010_gonogo2_rest_003_00"", ""atten_dsr_VP010_gonogo2_task_004_00"", ""atten_dsr_VP010_gonogo2_rest_004_01"", ""atten_dsr_VP010_gonogo2_task_005_00"", ""atten_dsr_VP010_gonogo2_task_005_01"", ""atten_dsr_VP010_gonogo2_rest_005_00"", ""atten_dsr_VP010_gonogo2_rest_005_01"", ""atten_dsr_VP010_gonogo2_task_006_00"", ""atten_dsr_VP010_gonogo2_task_006_01"", ""atten_dsr_VP010_gonogo2_rest_006_01"", ""atten_dsr_VP010_gonogo3_rest_001_01"", ""atten_dsr_VP010_gonogo3_task_002_00"", ""atten_dsr_VP010_gonogo3_task_002_01"", ""atten_dsr_VP010_gonogo3_rest_002_01"", ""atten_dsr_VP010_gonogo3_task_003_01"", ""atten_dsr_VP010_gonogo3_rest_003_01"", ""atten_dsr_VP010_gonogo3_task_004_01"", ""atten_dsr_VP010_gonogo3_rest_004_00"", ""atten_dsr_VP010_gonogo3_rest_004_01"", ""atten_dsr_VP010_gonogo3_task_005_00"", ""atten_dsr_VP010_gonogo3_task_005_01"", ""atten_dsr_VP010_gonogo3_rest_005_01"", ""atten_dsr_VP010_gonogo3_task_006_00"", ""atten_dsr_VP010_gonogo3_task_006_01"", ""atten_dsr_VP010_gonogo3_rest_006_00"", ""atten_dsr_VP010_gonogo3_rest_006_01""]",True,,0.7913946427053797,43,0.72,0.7126436781609196,0.7450980392156863,0.72,0.43999999999999995
VP011,2023,source_only,0.30,0.3055555555555556,22,50,"{""0"": 11, ""1"": 11}","{""0"": 25, ""1"": 25}","[""atten_dsr_VP011_gonogo1_task_002_00"", ""atten_dsr_VP011_gonogo1_task_003_00"", ""atten_dsr_VP011_gonogo1_task_004_00"", ""atten_dsr_VP011_gonogo1_task_004_01"", ""atten_dsr_VP011_gonogo1_rest_004_00"", ""atten_dsr_VP011_gonogo1_task_005_00"", ""atten_dsr_VP011_gonogo1_rest_006_01"", ""atten_dsr_VP011_gonogo2_task_001_00"", ""atten_dsr_VP011_gonogo2_rest_001_01"", ""atten_dsr_VP011_gonogo2_rest_002_00"", ""atten_dsr_VP011_gonogo2_rest_003_01"", ""atten_dsr_VP011_gonogo2_task_004_01"", ""atten_dsr_VP011_gonogo2_rest_004_00"", ""atten_dsr_VP011_gonogo2_rest_006_00"", ""atten_dsr_VP011_gonogo3_task_001_00"", ""atten_dsr_VP011_gonogo3_task_001_01"", ""atten_dsr_VP011_gonogo3_rest_001_00"", ""atten_dsr_VP011_gonogo3_rest_002_00"", ""atten_dsr_VP011_gonogo3_task_003_00"", ""atten_dsr_VP011_gonogo3_rest_003_00"", ""atten_dsr_VP011_gonogo3_task_004_00"", ""atten_dsr_VP011_gonogo3_rest_005_00""]","[""atten_dsr_VP011_gonogo1_task_001_00"", ""atten_dsr_VP011_gonogo1_task_001_01"", ""atten_dsr_VP011_gonogo1_rest_001_00"", ""atten_dsr_VP011_gonogo1_rest_001_01"", ""atten_dsr_VP011_gonogo1_task_002_01"", ""atten_dsr_VP011_gonogo1_rest_002_00"", ""atten_dsr_VP011_gonogo1_rest_002_01"", ""atten_dsr_VP011_gonogo1_task_003_01"", ""atten_dsr_VP011_gonogo1_rest_003_00"", ""atten_dsr_VP011_gonogo1_rest_003_01"", ""atten_dsr_VP011_gonogo1_rest_004_01"", ""atten_dsr_VP011_gonogo1_task_005_01"", ""atten_dsr_VP011_gonogo1_rest_005_00"", ""atten_dsr_VP011_gonogo1_rest_005_01"", ""atten_dsr_VP011_gonogo1_task_006_00"", ""atten_dsr_VP011_gonogo1_task_006_01"", ""atten_dsr_VP011_gonogo1_rest_006_00"", ""atten_dsr_VP011_gonogo2_task_001_01"", ""atten_dsr_VP011_gonogo2_rest_001_00"", ""atten_dsr_VP011_gonogo2_task_002_00"", ""atten_dsr_VP011_gonogo2_task_002_01"", ""atten_dsr_VP011_gonogo2_rest_002_01"", ""atten_dsr_VP011_gonogo2_task_003_00"", ""atten_dsr_VP011_gonogo2_task_003_01"", ""atten_dsr_VP011_gonogo2_rest_003_00"", ""atten_dsr_VP011_gonogo2_task_004_00"", ""atten_dsr_VP011_gonogo2_rest_004_01"", ""atten_dsr_VP011_gonogo2_task_005_00"", ""atten_dsr_VP011_gonogo2_task_005_01"", ""atten_dsr_VP011_gonogo2_rest_005_00"", ""atten_dsr_VP011_gonogo2_rest_005_01"", ""atten_dsr_VP011_gonogo2_task_006_00"", ""atten_dsr_VP011_gonogo2_task_006_01"", ""atten_dsr_VP011_gonogo2_rest_006_01"", ""atten_dsr_VP011_gonogo3_rest_001_01"", ""atten_dsr_VP011_gonogo3_task_002_00"", ""atten_dsr_VP011_gonogo3_task_002_01"", ""atten_dsr_VP011_gonogo3_rest_002_01"", ""atten_dsr_VP011_gonogo3_task_003_01"", ""atten_dsr_VP011_gonogo3_rest_003_01"", ""atten_dsr_VP011_gonogo3_task_004_01"", ""atten_dsr_VP011_gonogo3_rest_004_00"", ""atten_dsr_VP011_gonogo3_rest_004_01"", ""atten_dsr_VP011_gonogo3_task_005_00"", ""atten_dsr_VP011_gonogo3_task_005_01"", ""atten_dsr_VP011_gonogo3_rest_005_01"", ""atten_dsr_VP011_gonogo3_task_006_00"", ""atten_dsr_VP011_gonogo3_task_006_01"", ""atten_dsr_VP011_gonogo3_rest_006_00"", ""atten_dsr_VP011_gonogo3_rest_006_01""]",True,,0.8222167350844162,64,0.56,0.5535714285714286,0.5636672325976231,0.56,0.12
VP011,2023,existing_head_adaptation,0.30,0.3055555555555556,22,50,"{""0"": 11, ""1"": 11}","{""0"": 25, ""1"": 25}","[""atten_dsr_VP011_gonogo1_task_002_00"", ""atten_dsr_VP011_gonogo1_task_003_00"", ""atten_dsr_VP011_gonogo1_task_004_00"", ""atten_dsr_VP011_gonogo1_task_004_01"", ""atten_dsr_VP011_gonogo1_rest_004_00"", ""atten_dsr_VP011_gonogo1_task_005_00"", ""atten_dsr_VP011_gonogo1_rest_006_01"", ""atten_dsr_VP011_gonogo2_task_001_00"", ""atten_dsr_VP011_gonogo2_rest_001_01"", ""atten_dsr_VP011_gonogo2_rest_002_00"", ""atten_dsr_VP011_gonogo2_rest_003_01"", ""atten_dsr_VP011_gonogo2_task_004_01"", ""atten_dsr_VP011_gonogo2_rest_004_00"", ""atten_dsr_VP011_gonogo2_rest_006_00"", ""atten_dsr_VP011_gonogo3_task_001_00"", ""atten_dsr_VP011_gonogo3_task_001_01"", ""atten_dsr_VP011_gonogo3_rest_001_00"", ""atten_dsr_VP011_gonogo3_rest_002_00"", ""atten_dsr_VP011_gonogo3_task_003_00"", ""atten_dsr_VP011_gonogo3_rest_003_00"", ""atten_dsr_VP011_gonogo3_task_004_00"", ""atten_dsr_VP011_gonogo3_rest_005_00""]","[""atten_dsr_VP011_gonogo1_task_001_00"", ""atten_dsr_VP011_gonogo1_task_001_01"", ""atten_dsr_VP011_gonogo1_rest_001_00"", ""atten_dsr_VP011_gonogo1_rest_001_01"", ""atten_dsr_VP011_gonogo1_task_002_01"", ""atten_dsr_VP011_gonogo1_rest_002_00"", ""atten_dsr_VP011_gonogo1_rest_002_01"", ""atten_dsr_VP011_gonogo1_task_003_01"", ""atten_dsr_VP011_gonogo1_rest_003_00"", ""atten_dsr_VP011_gonogo1_rest_003_01"", ""atten_dsr_VP011_gonogo1_rest_004_01"", ""atten_dsr_VP011_gonogo1_task_005_01"", ""atten_dsr_VP011_gonogo1_rest_005_00"", ""atten_dsr_VP011_gonogo1_rest_005_01"", ""atten_dsr_VP011_gonogo1_task_006_00"", ""atten_dsr_VP011_gonogo1_task_006_01"", ""atten_dsr_VP011_gonogo1_rest_006_00"", ""atten_dsr_VP011_gonogo2_task_001_01"", ""atten_dsr_VP011_gonogo2_rest_001_00"", ""atten_dsr_VP011_gonogo2_task_002_00"", ""atten_dsr_VP011_gonogo2_task_002_01"", ""atten_dsr_VP011_gonogo2_rest_002_01"", ""atten_dsr_VP011_gonogo2_task_003_00"", ""atten_dsr_VP011_gonogo2_task_003_01"", ""atten_dsr_VP011_gonogo2_rest_003_00"", ""atten_dsr_VP011_gonogo2_task_004_00"", ""atten_dsr_VP011_gonogo2_rest_004_01"", ""atten_dsr_VP011_gonogo2_task_005_00"", ""atten_dsr_VP011_gonogo2_task_005_01"", ""atten_dsr_VP011_gonogo2_rest_005_00"", ""atten_dsr_VP011_gonogo2_rest_005_01"", ""atten_dsr_VP011_gonogo2_task_006_00"", ""atten_dsr_VP011_gonogo2_task_006_01"", ""atten_dsr_VP011_gonogo2_rest_006_01"", ""atten_dsr_VP011_gonogo3_rest_001_01"", ""atten_dsr_VP011_gonogo3_task_002_00"", ""atten_dsr_VP011_gonogo3_task_002_01"", ""atten_dsr_VP011_gonogo3_rest_002_01"", ""atten_dsr_VP011_gonogo3_task_003_01"", ""atten_dsr_VP011_gonogo3_rest_003_01"", ""atten_dsr_VP011_gonogo3_task_004_01"", ""atten_dsr_VP011_gonogo3_rest_004_00"", ""atten_dsr_VP011_gonogo3_rest_004_01"", ""atten_dsr_VP011_gonogo3_task_005_00"", ""atten_dsr_VP011_gonogo3_task_005_01"", ""atten_dsr_VP011_gonogo3_rest_005_01"", ""atten_dsr_VP011_gonogo3_task_006_00"", ""atten_dsr_VP011_gonogo3_task_006_01"", ""atten_dsr_VP011_gonogo3_rest_006_00"", ""atten_dsr_VP011_gonogo3_rest_006_01""]",True,,0.8222167350844162,64,0.62,0.6198479391756703,0.6201923076923077,0.62,0.24
VP012,2023,source_only,0.30,0.3055555555555556,22,50,"{""0"": 11, ""1"": 11}","{""0"": 25, ""1"": 25}","[""atten_dsr_VP012_gonogo1_task_002_00"", ""atten_dsr_VP012_gonogo1_task_003_00"", ""atten_dsr_VP012_gonogo1_task_004_00"", ""atten_dsr_VP012_gonogo1_task_004_01"", ""atten_dsr_VP012_gonogo1_rest_004_00"", ""atten_dsr_VP012_gonogo1_task_005_00"", ""atten_dsr_VP012_gonogo1_rest_006_01"", ""atten_dsr_VP012_gonogo2_task_001_00"", ""atten_dsr_VP012_gonogo2_rest_001_01"", ""atten_dsr_VP012_gonogo2_rest_002_00"", ""atten_dsr_VP012_gonogo2_rest_003_01"", ""atten_dsr_VP012_gonogo2_task_004_01"", ""atten_dsr_VP012_gonogo2_rest_004_00"", ""atten_dsr_VP012_gonogo2_rest_006_00"", ""atten_dsr_VP012_gonogo3_task_001_00"", ""atten_dsr_VP012_gonogo3_task_001_01"", ""atten_dsr_VP012_gonogo3_rest_001_00"", ""atten_dsr_VP012_gonogo3_rest_002_00"", ""atten_dsr_VP012_gonogo3_task_003_00"", ""atten_dsr_VP012_gonogo3_rest_003_00"", ""atten_dsr_VP012_gonogo3_task_004_00"", ""atten_dsr_VP012_gonogo3_rest_005_00""]","[""atten_dsr_VP012_gonogo1_task_001_00"", ""atten_dsr_VP012_gonogo1_task_001_01"", ""atten_dsr_VP012_gonogo1_rest_001_00"", ""atten_dsr_VP012_gonogo1_rest_001_01"", ""atten_dsr_VP012_gonogo1_task_002_01"", ""atten_dsr_VP012_gonogo1_rest_002_00"", ""atten_dsr_VP012_gonogo1_rest_002_01"", ""atten_dsr_VP012_gonogo1_task_003_01"", ""atten_dsr_VP012_gonogo1_rest_003_00"", ""atten_dsr_VP012_gonogo1_rest_003_01"", ""atten_dsr_VP012_gonogo1_rest_004_01"", ""atten_dsr_VP012_gonogo1_task_005_01"", ""atten_dsr_VP012_gonogo1_rest_005_00"", ""atten_dsr_VP012_gonogo1_rest_005_01"", ""atten_dsr_VP012_gonogo1_task_006_00"", ""atten_dsr_VP012_gonogo1_task_006_01"", ""atten_dsr_VP012_gonogo1_rest_006_00"", ""atten_dsr_VP012_gonogo2_task_001_01"", ""atten_dsr_VP012_gonogo2_rest_001_00"", ""atten_dsr_VP012_gonogo2_task_002_00"", ""atten_dsr_VP012_gonogo2_task_002_01"", ""atten_dsr_VP012_gonogo2_rest_002_01"", ""atten_dsr_VP012_gonogo2_task_003_00"", ""atten_dsr_VP012_gonogo2_task_003_01"", ""atten_dsr_VP012_gonogo2_rest_003_00"", ""atten_dsr_VP012_gonogo2_task_004_00"", ""atten_dsr_VP012_gonogo2_rest_004_01"", ""atten_dsr_VP012_gonogo2_task_005_00"", ""atten_dsr_VP012_gonogo2_task_005_01"", ""atten_dsr_VP012_gonogo2_rest_005_00"", ""atten_dsr_VP012_gonogo2_rest_005_01"", ""atten_dsr_VP012_gonogo2_task_006_00"", ""atten_dsr_VP012_gonogo2_task_006_01"", ""atten_dsr_VP012_gonogo2_rest_006_01"", ""atten_dsr_VP012_gonogo3_rest_001_01"", ""atten_dsr_VP012_gonogo3_task_002_00"", ""atten_dsr_VP012_gonogo3_task_002_01"", ""atten_dsr_VP012_gonogo3_rest_002_01"", ""atten_dsr_VP012_gonogo3_task_003_01"", ""atten_dsr_VP012_gonogo3_rest_003_01"", ""atten_dsr_VP012_gonogo3_task_004_01"", ""atten_dsr_VP012_gonogo3_rest_004_00"", ""atten_dsr_VP012_gonogo3_rest_004_01"", ""atten_dsr_VP012_gonogo3_task_005_00"", ""atten_dsr_VP012_gonogo3_task_005_01"", ""atten_dsr_VP012_gonogo3_rest_005_01"", ""atten_dsr_VP012_gonogo3_task_006_00"", ""atten_dsr_VP012_gonogo3_task_006_01"", ""atten_dsr_VP012_gonogo3_rest_006_00"", ""atten_dsr_VP012_gonogo3_rest_006_01""]",True,,0.8053392658509455,79,0.76,0.7536945812807883,0.7896613190730838,0.76,0.52
VP012,2023,existing_head_adaptation,0.30,0.3055555555555556,22,50,"{""0"": 11, ""1"": 11}","{""0"": 25, ""1"": 25}","[""atten_dsr_VP012_gonogo1_task_002_00"", ""atten_dsr_VP012_gonogo1_task_003_00"", ""atten_dsr_VP012_gonogo1_task_004_00"", ""atten_dsr_VP012_gonogo1_task_004_01"", ""atten_dsr_VP012_gonogo1_rest_004_00"", ""atten_dsr_VP012_gonogo1_task_005_00"", ""atten_dsr_VP012_gonogo1_rest_006_01"", ""atten_dsr_VP012_gonogo2_task_001_00"", ""atten_dsr_VP012_gonogo2_rest_001_01"", ""atten_dsr_VP012_gonogo2_rest_002_00"", ""atten_dsr_VP012_gonogo2_rest_003_01"", ""atten_dsr_VP012_gonogo2_task_004_01"", ""atten_dsr_VP012_gonogo2_rest_004_00"", ""atten_dsr_VP012_gonogo2_rest_006_00"", ""atten_dsr_VP012_gonogo3_task_001_00"", ""atten_dsr_VP012_gonogo3_task_001_01"", ""atten_dsr_VP012_gonogo3_rest_001_00"", ""atten_dsr_VP012_gonogo3_rest_002_00"", ""atten_dsr_VP012_gonogo3_task_003_00"", ""atten_dsr_VP012_gonogo3_rest_003_00"", ""atten_dsr_VP012_gonogo3_task_004_00"", ""atten_dsr_VP012_gonogo3_rest_005_00""]","[""atten_dsr_VP012_gonogo1_task_001_00"", ""atten_dsr_VP012_gonogo1_task_001_01"", ""atten_dsr_VP012_gonogo1_rest_001_00"", ""atten_dsr_VP012_gonogo1_rest_001_01"", ""atten_dsr_VP012_gonogo1_task_002_01"", ""atten_dsr_VP012_gonogo1_rest_002_00"", ""atten_dsr_VP012_gonogo1_rest_002_01"", ""atten_dsr_VP012_gonogo1_task_003_01"", ""atten_dsr_VP012_gonogo1_rest_003_00"", ""atten_dsr_VP012_gonogo1_rest_003_01"", ""atten_dsr_VP012_gonogo1_rest_004_01"", ""atten_dsr_VP012_gonogo1_task_005_01"", ""atten_dsr_VP012_gonogo1_rest_005_00"", ""atten_dsr_VP012_gonogo1_rest_005_01"", ""atten_dsr_VP012_gonogo1_task_006_00"", ""atten_dsr_VP012_gonogo1_task_006_01"", ""atten_dsr_VP012_gonogo1_rest_006_00"", ""atten_dsr_VP012_gonogo2_task_001_01"", ""atten_dsr_VP012_gonogo2_rest_001_00"", ""atten_dsr_VP012_gonogo2_task_002_00"", ""atten_dsr_VP012_gonogo2_task_002_01"", ""atten_dsr_VP012_gonogo2_rest_002_01"", ""atten_dsr_VP012_gonogo2_task_003_00"", ""atten_dsr_VP012_gonogo2_task_003_01"", ""atten_dsr_VP012_gonogo2_rest_003_00"", ""atten_dsr_VP012_gonogo2_task_004_00"", ""atten_dsr_VP012_gonogo2_rest_004_01"", ""atten_dsr_VP012_gonogo2_task_005_00"", ""atten_dsr_VP012_gonogo2_task_005_01"", ""atten_dsr_VP012_gonogo2_rest_005_00"", ""atten_dsr_VP012_gonogo2_rest_005_01"", ""atten_dsr_VP012_gonogo2_task_006_00"", ""atten_dsr_VP012_gonogo2_task_006_01"", ""atten_dsr_VP012_gonogo2_rest_006_01"", ""atten_dsr_VP012_gonogo3_rest_001_01"", ""atten_dsr_VP012_gonogo3_task_002_00"", ""atten_dsr_VP012_gonogo3_task_002_01"", ""atten_dsr_VP012_gonogo3_rest_002_01"", ""atten_dsr_VP012_gonogo3_task_003_01"", ""atten_dsr_VP012_gonogo3_rest_003_01"", ""atten_dsr_VP012_gonogo3_task_004_01"", ""atten_dsr_VP012_gonogo3_rest_004_00"", ""atten_dsr_VP012_gonogo3_rest_004_01"", ""atten_dsr_VP012_gonogo3_task_005_00"", ""atten_dsr_VP012_gonogo3_task_005_01"", ""atten_dsr_VP012_gonogo3_rest_005_01"", ""atten_dsr_VP012_gonogo3_task_006_00"", ""atten_dsr_VP012_gonogo3_task_006_01"", ""atten_dsr_VP012_gonogo3_rest_006_00"", ""atten_dsr_VP012_gonogo3_rest_006_01""]",True,,0.8053392658509455,79,0.82,0.8139727159983464,0.8676470588235294,0.8200000000000001,0.64
VP013,2023,source_only,0.30,0.3055555555555556,22,50,"{""0"": 11, ""1"": 11}","{""0"": 25, ""1"": 25}","[""atten_dsr_VP013_gonogo1_task_002_00"", ""atten_dsr_VP013_gonogo1_task_003_00"", ""atten_dsr_VP013_gonogo1_task_004_00"", ""atten_dsr_VP013_gonogo1_task_004_01"", ""atten_dsr_VP013_gonogo1_rest_004_00"", ""atten_dsr_VP013_gonogo1_task_005_00"", ""atten_dsr_VP013_gonogo1_rest_006_01"", ""atten_dsr_VP013_gonogo2_task_001_00"", ""atten_dsr_VP013_gonogo2_rest_001_01"", ""atten_dsr_VP013_gonogo2_rest_002_00"", ""atten_dsr_VP013_gonogo2_rest_003_01"", ""atten_dsr_VP013_gonogo2_task_004_01"", ""atten_dsr_VP013_gonogo2_rest_004_00"", ""atten_dsr_VP013_gonogo2_rest_006_00"", ""atten_dsr_VP013_gonogo3_task_001_00"", ""atten_dsr_VP013_gonogo3_task_001_01"", ""atten_dsr_VP013_gonogo3_rest_001_00"", ""atten_dsr_VP013_gonogo3_rest_002_00"", ""atten_dsr_VP013_gonogo3_task_003_00"", ""atten_dsr_VP013_gonogo3_rest_003_00"", ""atten_dsr_VP013_gonogo3_task_004_00"", ""atten_dsr_VP013_gonogo3_rest_005_00""]","[""atten_dsr_VP013_gonogo1_task_001_00"", ""atten_dsr_VP013_gonogo1_task_001_01"", ""atten_dsr_VP013_gonogo1_rest_001_00"", ""atten_dsr_VP013_gonogo1_rest_001_01"", ""atten_dsr_VP013_gonogo1_task_002_01"", ""atten_dsr_VP013_gonogo1_rest_002_00"", ""atten_dsr_VP013_gonogo1_rest_002_01"", ""atten_dsr_VP013_gonogo1_task_003_01"", ""atten_dsr_VP013_gonogo1_rest_003_00"", ""atten_dsr_VP013_gonogo1_rest_003_01"", ""atten_dsr_VP013_gonogo1_rest_004_01"", ""atten_dsr_VP013_gonogo1_task_005_01"", ""atten_dsr_VP013_gonogo1_rest_005_00"", ""atten_dsr_VP013_gonogo1_rest_005_01"", ""atten_dsr_VP013_gonogo1_task_006_00"", ""atten_dsr_VP013_gonogo1_task_006_01"", ""atten_dsr_VP013_gonogo1_rest_006_00"", ""atten_dsr_VP013_gonogo2_task_001_01"", ""atten_dsr_VP013_gonogo2_rest_001_00"", ""atten_dsr_VP013_gonogo2_task_002_00"", ""atten_dsr_VP013_gonogo2_task_002_01"", ""atten_dsr_VP013_gonogo2_rest_002_01"", ""atten_dsr_VP013_gonogo2_task_003_00"", ""atten_dsr_VP013_gonogo2_task_003_01"", ""atten_dsr_VP013_gonogo2_rest_003_00"", ""atten_dsr_VP013_gonogo2_task_004_00"", ""atten_dsr_VP013_gonogo2_rest_004_01"", ""atten_dsr_VP013_gonogo2_task_005_00"", ""atten_dsr_VP013_gonogo2_task_005_01"", ""atten_dsr_VP013_gonogo2_rest_005_00"", ""atten_dsr_VP013_gonogo2_rest_005_01"", ""atten_dsr_VP013_gonogo2_task_006_00"", ""atten_dsr_VP013_gonogo2_task_006_01"", ""atten_dsr_VP013_gonogo2_rest_006_01"", ""atten_dsr_VP013_gonogo3_rest_001_01"", ""atten_dsr_VP013_gonogo3_task_002_00"", ""atten_dsr_VP013_gonogo3_task_002_01"", ""atten_dsr_VP013_gonogo3_rest_002_01"", ""atten_dsr_VP013_gonogo3_task_003_01"", ""atten_dsr_VP013_gonogo3_rest_003_01"", ""atten_dsr_VP013_gonogo3_task_004_01"", ""atten_dsr_VP013_gonogo3_rest_004_00"", ""atten_dsr_VP013_gonogo3_rest_004_01"", ""atten_dsr_VP013_gonogo3_task_005_00"", ""atten_dsr_VP013_gonogo3_task_005_01"", ""atten_dsr_VP013_gonogo3_rest_005_01"", ""atten_dsr_VP013_gonogo3_task_006_00"", ""atten_dsr_VP013_gonogo3_task_006_01"", ""atten_dsr_VP013_gonogo3_rest_006_00"", ""atten_dsr_VP013_gonogo3_rest_006_01""]",True,,0.8053392658509455,72,0.94,0.9399759903961584,0.9407051282051282,0.94,0.88
VP013,2023,existing_head_adaptation,0.30,0.3055555555555556,22,50,"{""0"": 11, ""1"": 11}","{""0"": 25, ""1"": 25}","[""atten_dsr_VP013_gonogo1_task_002_00"", ""atten_dsr_VP013_gonogo1_task_003_00"", ""atten_dsr_VP013_gonogo1_task_004_00"", ""atten_dsr_VP013_gonogo1_task_004_01"", ""atten_dsr_VP013_gonogo1_rest_004_00"", ""atten_dsr_VP013_gonogo1_task_005_00"", ""atten_dsr_VP013_gonogo1_rest_006_01"", ""atten_dsr_VP013_gonogo2_task_001_00"", ""atten_dsr_VP013_gonogo2_rest_001_01"", ""atten_dsr_VP013_gonogo2_rest_002_00"", ""atten_dsr_VP013_gonogo2_rest_003_01"", ""atten_dsr_VP013_gonogo2_task_004_01"", ""atten_dsr_VP013_gonogo2_rest_004_00"", ""atten_dsr_VP013_gonogo2_rest_006_00"", ""atten_dsr_VP013_gonogo3_task_001_00"", ""atten_dsr_VP013_gonogo3_task_001_01"", ""atten_dsr_VP013_gonogo3_rest_001_00"", ""atten_dsr_VP013_gonogo3_rest_002_00"", ""atten_dsr_VP013_gonogo3_task_003_00"", ""atten_dsr_VP013_gonogo3_rest_003_00"", ""atten_dsr_VP013_gonogo3_task_004_00"", ""atten_dsr_VP013_gonogo3_rest_005_00""]","[""atten_dsr_VP013_gonogo1_task_001_00"", ""atten_dsr_VP013_gonogo1_task_001_01"", ""atten_dsr_VP013_gonogo1_rest_001_00"", ""atten_dsr_VP013_gonogo1_rest_001_01"", ""atten_dsr_VP013_gonogo1_task_002_01"", ""atten_dsr_VP013_gonogo1_rest_002_00"", ""atten_dsr_VP013_gonogo1_rest_002_01"", ""atten_dsr_VP013_gonogo1_task_003_01"", ""atten_dsr_VP013_gonogo1_rest_003_00"", ""atten_dsr_VP013_gonogo1_rest_003_01"", ""atten_dsr_VP013_gonogo1_rest_004_01"", ""atten_dsr_VP013_gonogo1_task_005_01"", ""atten_dsr_VP013_gonogo1_rest_005_00"", ""atten_dsr_VP013_gonogo1_rest_005_01"", ""atten_dsr_VP013_gonogo1_task_006_00"", ""atten_dsr_VP013_gonogo1_task_006_01"", ""atten_dsr_VP013_gonogo1_rest_006_00"", ""atten_dsr_VP013_gonogo2_task_001_01"", ""atten_dsr_VP013_gonogo2_rest_001_00"", ""atten_dsr_VP013_gonogo2_task_002_00"", ""atten_dsr_VP013_gonogo2_task_002_01"", ""atten_dsr_VP013_gonogo2_rest_002_01"", ""atten_dsr_VP013_gonogo2_task_003_00"", ""atten_dsr_VP013_gonogo2_task_003_01"", ""atten_dsr_VP013_gonogo2_rest_003_00"", ""atten_dsr_VP013_gonogo2_task_004_00"", ""atten_dsr_VP013_gonogo2_rest_004_01"", ""atten_dsr_VP013_gonogo2_task_005_00"", ""atten_dsr_VP013_gonogo2_task_005_01"", ""atten_dsr_VP013_gonogo2_rest_005_00"", ""atten_dsr_VP013_gonogo2_rest_005_01"", ""atten_dsr_VP013_gonogo2_task_006_00"", ""atten_dsr_VP013_gonogo2_task_006_01"", ""atten_dsr_VP013_gonogo2_rest_006_01"", ""atten_dsr_VP013_gonogo3_rest_001_01"", ""atten_dsr_VP013_gonogo3_task_002_00"", ""atten_dsr_VP013_gonogo3_task_002_01"", ""atten_dsr_VP013_gonogo3_rest_002_01"", ""atten_dsr_VP013_gonogo3_task_003_01"", ""atten_dsr_VP013_gonogo3_rest_003_01"", ""atten_dsr_VP013_gonogo3_task_004_01"", ""atten_dsr_VP013_gonogo3_rest_004_00"", ""atten_dsr_VP013_gonogo3_rest_004_01"", ""atten_dsr_VP013_gonogo3_task_005_00"", ""atten_dsr_VP013_gonogo3_task_005_01"", ""atten_dsr_VP013_gonogo3_rest_005_01"", ""atten_dsr_VP013_gonogo3_task_006_00"", ""atten_dsr_VP013_gonogo3_task_006_01"", ""atten_dsr_VP013_gonogo3_rest_006_00"", ""atten_dsr_VP013_gonogo3_rest_006_01""]",True,,0.8053392658509455,72,0.94,0.9399759903961584,0.9407051282051282,0.94,0.88
VP014,2023,source_only,0.30,0.3055555555555556,22,50,"{""0"": 11, ""1"": 11}","{""0"": 25, ""1"": 25}","[""atten_dsr_VP014_gonogo1_task_002_00"", ""atten_dsr_VP014_gonogo1_task_003_00"", ""atten_dsr_VP014_gonogo1_task_004_00"", ""atten_dsr_VP014_gonogo1_task_004_01"", ""atten_dsr_VP014_gonogo1_rest_004_00"", ""atten_dsr_VP014_gonogo1_task_005_00"", ""atten_dsr_VP014_gonogo1_rest_006_01"", ""atten_dsr_VP014_gonogo2_task_001_00"", ""atten_dsr_VP014_gonogo2_rest_001_01"", ""atten_dsr_VP014_gonogo2_rest_002_00"", ""atten_dsr_VP014_gonogo2_rest_003_01"", ""atten_dsr_VP014_gonogo2_task_004_01"", ""atten_dsr_VP014_gonogo2_rest_004_00"", ""atten_dsr_VP014_gonogo2_rest_006_00"", ""atten_dsr_VP014_gonogo3_task_001_00"", ""atten_dsr_VP014_gonogo3_task_001_01"", ""atten_dsr_VP014_gonogo3_rest_001_00"", ""atten_dsr_VP014_gonogo3_rest_002_00"", ""atten_dsr_VP014_gonogo3_task_003_00"", ""atten_dsr_VP014_gonogo3_rest_003_00"", ""atten_dsr_VP014_gonogo3_task_004_00"", ""atten_dsr_VP014_gonogo3_rest_005_00""]","[""atten_dsr_VP014_gonogo1_task_001_00"", ""atten_dsr_VP014_gonogo1_task_001_01"", ""atten_dsr_VP014_gonogo1_rest_001_00"", ""atten_dsr_VP014_gonogo1_rest_001_01"", ""atten_dsr_VP014_gonogo1_task_002_01"", ""atten_dsr_VP014_gonogo1_rest_002_00"", ""atten_dsr_VP014_gonogo1_rest_002_01"", ""atten_dsr_VP014_gonogo1_task_003_01"", ""atten_dsr_VP014_gonogo1_rest_003_00"", ""atten_dsr_VP014_gonogo1_rest_003_01"", ""atten_dsr_VP014_gonogo1_rest_004_01"", ""atten_dsr_VP014_gonogo1_task_005_01"", ""atten_dsr_VP014_gonogo1_rest_005_00"", ""atten_dsr_VP014_gonogo1_rest_005_01"", ""atten_dsr_VP014_gonogo1_task_006_00"", ""atten_dsr_VP014_gonogo1_task_006_01"", ""atten_dsr_VP014_gonogo1_rest_006_00"", ""atten_dsr_VP014_gonogo2_task_001_01"", ""atten_dsr_VP014_gonogo2_rest_001_00"", ""atten_dsr_VP014_gonogo2_task_002_00"", ""atten_dsr_VP014_gonogo2_task_002_01"", ""atten_dsr_VP014_gonogo2_rest_002_01"", ""atten_dsr_VP014_gonogo2_task_003_00"", ""atten_dsr_VP014_gonogo2_task_003_01"", ""atten_dsr_VP014_gonogo2_rest_003_00"", ""atten_dsr_VP014_gonogo2_task_004_00"", ""atten_dsr_VP014_gonogo2_rest_004_01"", ""atten_dsr_VP014_gonogo2_task_005_00"", ""atten_dsr_VP014_gonogo2_task_005_01"", ""atten_dsr_VP014_gonogo2_rest_005_00"", ""atten_dsr_VP014_gonogo2_rest_005_01"", ""atten_dsr_VP014_gonogo2_task_006_00"", ""atten_dsr_VP014_gonogo2_task_006_01"", ""atten_dsr_VP014_gonogo2_rest_006_01"", ""atten_dsr_VP014_gonogo3_rest_001_01"", ""atten_dsr_VP014_gonogo3_task_002_00"", ""atten_dsr_VP014_gonogo3_task_002_01"", ""atten_dsr_VP014_gonogo3_rest_002_01"", ""atten_dsr_VP014_gonogo3_task_003_01"", ""atten_dsr_VP014_gonogo3_rest_003_01"", ""atten_dsr_VP014_gonogo3_task_004_01"", ""atten_dsr_VP014_gonogo3_rest_004_00"", ""atten_dsr_VP014_gonogo3_rest_004_01"", ""atten_dsr_VP014_gonogo3_task_005_00"", ""atten_dsr_VP014_gonogo3_task_005_01"", ""atten_dsr_VP014_gonogo3_rest_005_01"", ""atten_dsr_VP014_gonogo3_task_006_00"", ""atten_dsr_VP014_gonogo3_task_006_01"", ""atten_dsr_VP014_gonogo3_rest_006_00"", ""atten_dsr_VP014_gonogo3_rest_006_01""]",True,,0.7971830985915493,61,0.76,0.75,0.8095238095238095,0.76,0.52
VP014,2023,existing_head_adaptation,0.30,0.3055555555555556,22,50,"{""0"": 11, ""1"": 11}","{""0"": 25, ""1"": 25}","[""atten_dsr_VP014_gonogo1_task_002_00"", ""atten_dsr_VP014_gonogo1_task_003_00"", ""atten_dsr_VP014_gonogo1_task_004_00"", ""atten_dsr_VP014_gonogo1_task_004_01"", ""atten_dsr_VP014_gonogo1_rest_004_00"", ""atten_dsr_VP014_gonogo1_task_005_00"", ""atten_dsr_VP014_gonogo1_rest_006_01"", ""atten_dsr_VP014_gonogo2_task_001_00"", ""atten_dsr_VP014_gonogo2_rest_001_01"", ""atten_dsr_VP014_gonogo2_rest_002_00"", ""atten_dsr_VP014_gonogo2_rest_003_01"", ""atten_dsr_VP014_gonogo2_task_004_01"", ""atten_dsr_VP014_gonogo2_rest_004_00"", ""atten_dsr_VP014_gonogo2_rest_006_00"", ""atten_dsr_VP014_gonogo3_task_001_00"", ""atten_dsr_VP014_gonogo3_task_001_01"", ""atten_dsr_VP014_gonogo3_rest_001_00"", ""atten_dsr_VP014_gonogo3_rest_002_00"", ""atten_dsr_VP014_gonogo3_task_003_00"", ""atten_dsr_VP014_gonogo3_rest_003_00"", ""atten_dsr_VP014_gonogo3_task_004_00"", ""atten_dsr_VP014_gonogo3_rest_005_00""]","[""atten_dsr_VP014_gonogo1_task_001_00"", ""atten_dsr_VP014_gonogo1_task_001_01"", ""atten_dsr_VP014_gonogo1_rest_001_00"", ""atten_dsr_VP014_gonogo1_rest_001_01"", ""atten_dsr_VP014_gonogo1_task_002_01"", ""atten_dsr_VP014_gonogo1_rest_002_00"", ""atten_dsr_VP014_gonogo1_rest_002_01"", ""atten_dsr_VP014_gonogo1_task_003_01"", ""atten_dsr_VP014_gonogo1_rest_003_00"", ""atten_dsr_VP014_gonogo1_rest_003_01"", ""atten_dsr_VP014_gonogo1_rest_004_01"", ""atten_dsr_VP014_gonogo1_task_005_01"", ""atten_dsr_VP014_gonogo1_rest_005_00"", ""atten_dsr_VP014_gonogo1_rest_005_01"", ""atten_dsr_VP014_gonogo1_task_006_00"", ""atten_dsr_VP014_gonogo1_task_006_01"", ""atten_dsr_VP014_gonogo1_rest_006_00"", ""atten_dsr_VP014_gonogo2_task_001_01"", ""atten_dsr_VP014_gonogo2_rest_001_00"", ""atten_dsr_VP014_gonogo2_task_002_00"", ""atten_dsr_VP014_gonogo2_task_002_01"", ""atten_dsr_VP014_gonogo2_rest_002_01"", ""atten_dsr_VP014_gonogo2_task_003_00"", ""atten_dsr_VP014_gonogo2_task_003_01"", ""atten_dsr_VP014_gonogo2_rest_003_00"", ""atten_dsr_VP014_gonogo2_task_004_00"", ""atten_dsr_VP014_gonogo2_rest_004_01"", ""atten_dsr_VP014_gonogo2_task_005_00"", ""atten_dsr_VP014_gonogo2_task_005_01"", ""atten_dsr_VP014_gonogo2_rest_005_00"", ""atten_dsr_VP014_gonogo2_rest_005_01"", ""atten_dsr_VP014_gonogo2_task_006_00"", ""atten_dsr_VP014_gonogo2_task_006_01"", ""atten_dsr_VP014_gonogo2_rest_006_01"", ""atten_dsr_VP014_gonogo3_rest_001_01"", ""atten_dsr_VP014_gonogo3_task_002_00"", ""atten_dsr_VP014_gonogo3_task_002_01"", ""atten_dsr_VP014_gonogo3_rest_002_01"", ""atten_dsr_VP014_gonogo3_task_003_01"", ""atten_dsr_VP014_gonogo3_rest_003_01"", ""atten_dsr_VP014_gonogo3_task_004_01"", ""atten_dsr_VP014_gonogo3_rest_004_00"", ""atten_dsr_VP014_gonogo3_rest_004_01"", ""atten_dsr_VP014_gonogo3_task_005_00"", ""atten_dsr_VP014_gonogo3_task_005_01"", ""atten_dsr_VP014_gonogo3_rest_005_01"", ""atten_dsr_VP014_gonogo3_task_006_00"", ""atten_dsr_VP014_gonogo3_task_006_01"", ""atten_dsr_VP014_gonogo3_rest_006_00"", ""atten_dsr_VP014_gonogo3_rest_006_01""]",True,,0.7971830985915493,61,0.88,0.88,0.88,0.88,0.76
VP015,2023,source_only,0.30,0.3055555555555556,22,50,"{""0"": 11, ""1"": 11}","{""0"": 25, ""1"": 25}","[""atten_dsr_VP015_gonogo1_task_002_00"", ""atten_dsr_VP015_gonogo1_task_003_00"", ""atten_dsr_VP015_gonogo1_task_004_00"", ""atten_dsr_VP015_gonogo1_task_004_01"", ""atten_dsr_VP015_gonogo1_rest_004_00"", ""atten_dsr_VP015_gonogo1_task_005_00"", ""atten_dsr_VP015_gonogo1_rest_006_01"", ""atten_dsr_VP015_gonogo2_task_001_00"", ""atten_dsr_VP015_gonogo2_rest_001_01"", ""atten_dsr_VP015_gonogo2_rest_002_00"", ""atten_dsr_VP015_gonogo2_rest_003_01"", ""atten_dsr_VP015_gonogo2_task_004_01"", ""atten_dsr_VP015_gonogo2_rest_004_00"", ""atten_dsr_VP015_gonogo2_rest_006_00"", ""atten_dsr_VP015_gonogo3_task_001_00"", ""atten_dsr_VP015_gonogo3_task_001_01"", ""atten_dsr_VP015_gonogo3_rest_001_00"", ""atten_dsr_VP015_gonogo3_rest_002_00"", ""atten_dsr_VP015_gonogo3_task_003_00"", ""atten_dsr_VP015_gonogo3_rest_003_00"", ""atten_dsr_VP015_gonogo3_task_004_00"", ""atten_dsr_VP015_gonogo3_rest_005_00""]","[""atten_dsr_VP015_gonogo1_task_001_00"", ""atten_dsr_VP015_gonogo1_task_001_01"", ""atten_dsr_VP015_gonogo1_rest_001_00"", ""atten_dsr_VP015_gonogo1_rest_001_01"", ""atten_dsr_VP015_gonogo1_task_002_01"", ""atten_dsr_VP015_gonogo1_rest_002_00"", ""atten_dsr_VP015_gonogo1_rest_002_01"", ""atten_dsr_VP015_gonogo1_task_003_01"", ""atten_dsr_VP015_gonogo1_rest_003_00"", ""atten_dsr_VP015_gonogo1_rest_003_01"", ""atten_dsr_VP015_gonogo1_rest_004_01"", ""atten_dsr_VP015_gonogo1_task_005_01"", ""atten_dsr_VP015_gonogo1_rest_005_00"", ""atten_dsr_VP015_gonogo1_rest_005_01"", ""atten_dsr_VP015_gonogo1_task_006_00"", ""atten_dsr_VP015_gonogo1_task_006_01"", ""atten_dsr_VP015_gonogo1_rest_006_00"", ""atten_dsr_VP015_gonogo2_task_001_01"", ""atten_dsr_VP015_gonogo2_rest_001_00"", ""atten_dsr_VP015_gonogo2_task_002_00"", ""atten_dsr_VP015_gonogo2_task_002_01"", ""atten_dsr_VP015_gonogo2_rest_002_01"", ""atten_dsr_VP015_gonogo2_task_003_00"", ""atten_dsr_VP015_gonogo2_task_003_01"", ""atten_dsr_VP015_gonogo2_rest_003_00"", ""atten_dsr_VP015_gonogo2_task_004_00"", ""atten_dsr_VP015_gonogo2_rest_004_01"", ""atten_dsr_VP015_gonogo2_task_005_00"", ""atten_dsr_VP015_gonogo2_task_005_01"", ""atten_dsr_VP015_gonogo2_rest_005_00"", ""atten_dsr_VP015_gonogo2_rest_005_01"", ""atten_dsr_VP015_gonogo2_task_006_00"", ""atten_dsr_VP015_gonogo2_task_006_01"", ""atten_dsr_VP015_gonogo2_rest_006_01"", ""atten_dsr_VP015_gonogo3_rest_001_01"", ""atten_dsr_VP015_gonogo3_task_002_00"", ""atten_dsr_VP015_gonogo3_task_002_01"", ""atten_dsr_VP015_gonogo3_rest_002_01"", ""atten_dsr_VP015_gonogo3_task_003_01"", ""atten_dsr_VP015_gonogo3_rest_003_01"", ""atten_dsr_VP015_gonogo3_task_004_01"", ""atten_dsr_VP015_gonogo3_rest_004_00"", ""atten_dsr_VP015_gonogo3_rest_004_01"", ""atten_dsr_VP015_gonogo3_task_005_00"", ""atten_dsr_VP015_gonogo3_task_005_01"", ""atten_dsr_VP015_gonogo3_rest_005_01"", ""atten_dsr_VP015_gonogo3_task_006_00"", ""atten_dsr_VP015_gonogo3_task_006_01"", ""atten_dsr_VP015_gonogo3_rest_006_00"", ""atten_dsr_VP015_gonogo3_rest_006_01""]",True,,0.8082963534632452,84,0.76,0.7453310696095077,0.8378378378378378,0.76,0.52
VP015,2023,existing_head_adaptation,0.30,0.3055555555555556,22,50,"{""0"": 11, ""1"": 11}","{""0"": 25, ""1"": 25}","[""atten_dsr_VP015_gonogo1_task_002_00"", ""atten_dsr_VP015_gonogo1_task_003_00"", ""atten_dsr_VP015_gonogo1_task_004_00"", ""atten_dsr_VP015_gonogo1_task_004_01"", ""atten_dsr_VP015_gonogo1_rest_004_00"", ""atten_dsr_VP015_gonogo1_task_005_00"", ""atten_dsr_VP015_gonogo1_rest_006_01"", ""atten_dsr_VP015_gonogo2_task_001_00"", ""atten_dsr_VP015_gonogo2_rest_001_01"", ""atten_dsr_VP015_gonogo2_rest_002_00"", ""atten_dsr_VP015_gonogo2_rest_003_01"", ""atten_dsr_VP015_gonogo2_task_004_01"", ""atten_dsr_VP015_gonogo2_rest_004_00"", ""atten_dsr_VP015_gonogo2_rest_006_00"", ""atten_dsr_VP015_gonogo3_task_001_00"", ""atten_dsr_VP015_gonogo3_task_001_01"", ""atten_dsr_VP015_gonogo3_rest_001_00"", ""atten_dsr_VP015_gonogo3_rest_002_00"", ""atten_dsr_VP015_gonogo3_task_003_00"", ""atten_dsr_VP015_gonogo3_rest_003_00"", ""atten_dsr_VP015_gonogo3_task_004_00"", ""atten_dsr_VP015_gonogo3_rest_005_00""]","[""atten_dsr_VP015_gonogo1_task_001_00"", ""atten_dsr_VP015_gonogo1_task_001_01"", ""atten_dsr_VP015_gonogo1_rest_001_00"", ""atten_dsr_VP015_gonogo1_rest_001_01"", ""atten_dsr_VP015_gonogo1_task_002_01"", ""atten_dsr_VP015_gonogo1_rest_002_00"", ""atten_dsr_VP015_gonogo1_rest_002_01"", ""atten_dsr_VP015_gonogo1_task_003_01"", ""atten_dsr_VP015_gonogo1_rest_003_00"", ""atten_dsr_VP015_gonogo1_rest_003_01"", ""atten_dsr_VP015_gonogo1_rest_004_01"", ""atten_dsr_VP015_gonogo1_task_005_01"", ""atten_dsr_VP015_gonogo1_rest_005_00"", ""atten_dsr_VP015_gonogo1_rest_005_01"", ""atten_dsr_VP015_gonogo1_task_006_00"", ""atten_dsr_VP015_gonogo1_task_006_01"", ""atten_dsr_VP015_gonogo1_rest_006_00"", ""atten_dsr_VP015_gonogo2_task_001_01"", ""atten_dsr_VP015_gonogo2_rest_001_00"", ""atten_dsr_VP015_gonogo2_task_002_00"", ""atten_dsr_VP015_gonogo2_task_002_01"", ""atten_dsr_VP015_gonogo2_rest_002_01"", ""atten_dsr_VP015_gonogo2_task_003_00"", ""atten_dsr_VP015_gonogo2_task_003_01"", ""atten_dsr_VP015_gonogo2_rest_003_00"", ""atten_dsr_VP015_gonogo2_task_004_00"", ""atten_dsr_VP015_gonogo2_rest_004_01"", ""atten_dsr_VP015_gonogo2_task_005_00"", ""atten_dsr_VP015_gonogo2_task_005_01"", ""atten_dsr_VP015_gonogo2_rest_005_00"", ""atten_dsr_VP015_gonogo2_rest_005_01"", ""atten_dsr_VP015_gonogo2_task_006_00"", ""atten_dsr_VP015_gonogo2_task_006_01"", ""atten_dsr_VP015_gonogo2_rest_006_01"", ""atten_dsr_VP015_gonogo3_rest_001_01"", ""atten_dsr_VP015_gonogo3_task_002_00"", ""atten_dsr_VP015_gonogo3_task_002_01"", ""atten_dsr_VP015_gonogo3_rest_002_01"", ""atten_dsr_VP015_gonogo3_task_003_01"", ""atten_dsr_VP015_gonogo3_rest_003_01"", ""atten_dsr_VP015_gonogo3_task_004_01"", ""atten_dsr_VP015_gonogo3_rest_004_00"", ""atten_dsr_VP015_gonogo3_rest_004_01"", ""atten_dsr_VP015_gonogo3_task_005_00"", ""atten_dsr_VP015_gonogo3_task_005_01"", ""atten_dsr_VP015_gonogo3_rest_005_01"", ""atten_dsr_VP015_gonogo3_task_006_00"", ""atten_dsr_VP015_gonogo3_task_006_01"", ""atten_dsr_VP015_gonogo3_rest_006_00"", ""atten_dsr_VP015_gonogo3_rest_006_01""]",True,,0.8082963534632452,84,0.76,0.75,0.8095238095238095,0.76,0.52
VP016,2023,source_only,0.30,0.3055555555555556,22,50,"{""0"": 11, ""1"": 11}","{""0"": 25, ""1"": 25}","[""atten_dsr_VP016_gonogo1_task_002_00"", ""atten_dsr_VP016_gonogo1_task_003_00"", ""atten_dsr_VP016_gonogo1_task_004_00"", ""atten_dsr_VP016_gonogo1_task_004_01"", ""atten_dsr_VP016_gonogo1_rest_004_00"", ""atten_dsr_VP016_gonogo1_task_005_00"", ""atten_dsr_VP016_gonogo1_rest_006_01"", ""atten_dsr_VP016_gonogo2_task_001_00"", ""atten_dsr_VP016_gonogo2_rest_001_01"", ""atten_dsr_VP016_gonogo2_rest_002_00"", ""atten_dsr_VP016_gonogo2_rest_003_01"", ""atten_dsr_VP016_gonogo2_task_004_01"", ""atten_dsr_VP016_gonogo2_rest_004_00"", ""atten_dsr_VP016_gonogo2_rest_006_00"", ""atten_dsr_VP016_gonogo3_task_001_00"", ""atten_dsr_VP016_gonogo3_task_001_01"", ""atten_dsr_VP016_gonogo3_rest_001_00"", ""atten_dsr_VP016_gonogo3_rest_002_00"", ""atten_dsr_VP016_gonogo3_task_003_00"", ""atten_dsr_VP016_gonogo3_rest_003_00"", ""atten_dsr_VP016_gonogo3_task_004_00"", ""atten_dsr_VP016_gonogo3_rest_005_00""]","[""atten_dsr_VP016_gonogo1_task_001_00"", ""atten_dsr_VP016_gonogo1_task_001_01"", ""atten_dsr_VP016_gonogo1_rest_001_00"", ""atten_dsr_VP016_gonogo1_rest_001_01"", ""atten_dsr_VP016_gonogo1_task_002_01"", ""atten_dsr_VP016_gonogo1_rest_002_00"", ""atten_dsr_VP016_gonogo1_rest_002_01"", ""atten_dsr_VP016_gonogo1_task_003_01"", ""atten_dsr_VP016_gonogo1_rest_003_00"", ""atten_dsr_VP016_gonogo1_rest_003_01"", ""atten_dsr_VP016_gonogo1_rest_004_01"", ""atten_dsr_VP016_gonogo1_task_005_01"", ""atten_dsr_VP016_gonogo1_rest_005_00"", ""atten_dsr_VP016_gonogo1_rest_005_01"", ""atten_dsr_VP016_gonogo1_task_006_00"", ""atten_dsr_VP016_gonogo1_task_006_01"", ""atten_dsr_VP016_gonogo1_rest_006_00"", ""atten_dsr_VP016_gonogo2_task_001_01"", ""atten_dsr_VP016_gonogo2_rest_001_00"", ""atten_dsr_VP016_gonogo2_task_002_00"", ""atten_dsr_VP016_gonogo2_task_002_01"", ""atten_dsr_VP016_gonogo2_rest_002_01"", ""atten_dsr_VP016_gonogo2_task_003_00"", ""atten_dsr_VP016_gonogo2_task_003_01"", ""atten_dsr_VP016_gonogo2_rest_003_00"", ""atten_dsr_VP016_gonogo2_task_004_00"", ""atten_dsr_VP016_gonogo2_rest_004_01"", ""atten_dsr_VP016_gonogo2_task_005_00"", ""atten_dsr_VP016_gonogo2_task_005_01"", ""atten_dsr_VP016_gonogo2_rest_005_00"", ""atten_dsr_VP016_gonogo2_rest_005_01"", ""atten_dsr_VP016_gonogo2_task_006_00"", ""atten_dsr_VP016_gonogo2_task_006_01"", ""atten_dsr_VP016_gonogo2_rest_006_01"", ""atten_dsr_VP016_gonogo3_rest_001_01"", ""atten_dsr_VP016_gonogo3_task_002_00"", ""atten_dsr_VP016_gonogo3_task_002_01"", ""atten_dsr_VP016_gonogo3_rest_002_01"", ""atten_dsr_VP016_gonogo3_task_003_01"", ""atten_dsr_VP016_gonogo3_rest_003_01"", ""atten_dsr_VP016_gonogo3_task_004_01"", ""atten_dsr_VP016_gonogo3_rest_004_00"", ""atten_dsr_VP016_gonogo3_rest_004_01"", ""atten_dsr_VP016_gonogo3_task_005_00"", ""atten_dsr_VP016_gonogo3_task_005_01"", ""atten_dsr_VP016_gonogo3_rest_005_01"", ""atten_dsr_VP016_gonogo3_task_006_00"", ""atten_dsr_VP016_gonogo3_task_006_01"", ""atten_dsr_VP016_gonogo3_rest_006_00"", ""atten_dsr_VP016_gonogo3_rest_006_01""]",True,,0.8109010011123471,78,0.66,0.6598639455782312,0.6602564102564102,0.66,0.31999999999999995
VP016,2023,existing_head_adaptation,0.30,0.3055555555555556,22,50,"{""0"": 11, ""1"": 11}","{""0"": 25, ""1"": 25}","[""atten_dsr_VP016_gonogo1_task_002_00"", ""atten_dsr_VP016_gonogo1_task_003_00"", ""atten_dsr_VP016_gonogo1_task_004_00"", ""atten_dsr_VP016_gonogo1_task_004_01"", ""atten_dsr_VP016_gonogo1_rest_004_00"", ""atten_dsr_VP016_gonogo1_task_005_00"", ""atten_dsr_VP016_gonogo1_rest_006_01"", ""atten_dsr_VP016_gonogo2_task_001_00"", ""atten_dsr_VP016_gonogo2_rest_001_01"", ""atten_dsr_VP016_gonogo2_rest_002_00"", ""atten_dsr_VP016_gonogo2_rest_003_01"", ""atten_dsr_VP016_gonogo2_task_004_01"", ""atten_dsr_VP016_gonogo2_rest_004_00"", ""atten_dsr_VP016_gonogo2_rest_006_00"", ""atten_dsr_VP016_gonogo3_task_001_00"", ""atten_dsr_VP016_gonogo3_task_001_01"", ""atten_dsr_VP016_gonogo3_rest_001_00"", ""atten_dsr_VP016_gonogo3_rest_002_00"", ""atten_dsr_VP016_gonogo3_task_003_00"", ""atten_dsr_VP016_gonogo3_rest_003_00"", ""atten_dsr_VP016_gonogo3_task_004_00"", ""atten_dsr_VP016_gonogo3_rest_005_00""]","[""atten_dsr_VP016_gonogo1_task_001_00"", ""atten_dsr_VP016_gonogo1_task_001_01"", ""atten_dsr_VP016_gonogo1_rest_001_00"", ""atten_dsr_VP016_gonogo1_rest_001_01"", ""atten_dsr_VP016_gonogo1_task_002_01"", ""atten_dsr_VP016_gonogo1_rest_002_00"", ""atten_dsr_VP016_gonogo1_rest_002_01"", ""atten_dsr_VP016_gonogo1_task_003_01"", ""atten_dsr_VP016_gonogo1_rest_003_00"", ""atten_dsr_VP016_gonogo1_rest_003_01"", ""atten_dsr_VP016_gonogo1_rest_004_01"", ""atten_dsr_VP016_gonogo1_task_005_01"", ""atten_dsr_VP016_gonogo1_rest_005_00"", ""atten_dsr_VP016_gonogo1_rest_005_01"", ""atten_dsr_VP016_gonogo1_task_006_00"", ""atten_dsr_VP016_gonogo1_task_006_01"", ""atten_dsr_VP016_gonogo1_rest_006_00"", ""atten_dsr_VP016_gonogo2_task_001_01"", ""atten_dsr_VP016_gonogo2_rest_001_00"", ""atten_dsr_VP016_gonogo2_task_002_00"", ""atten_dsr_VP016_gonogo2_task_002_01"", ""atten_dsr_VP016_gonogo2_rest_002_01"", ""atten_dsr_VP016_gonogo2_task_003_00"", ""atten_dsr_VP016_gonogo2_task_003_01"", ""atten_dsr_VP016_gonogo2_rest_003_00"", ""atten_dsr_VP016_gonogo2_task_004_00"", ""atten_dsr_VP016_gonogo2_rest_004_01"", ""atten_dsr_VP016_gonogo2_task_005_00"", ""atten_dsr_VP016_gonogo2_task_005_01"", ""atten_dsr_VP016_gonogo2_rest_005_00"", ""atten_dsr_VP016_gonogo2_rest_005_01"", ""atten_dsr_VP016_gonogo2_task_006_00"", ""atten_dsr_VP016_gonogo2_task_006_01"", ""atten_dsr_VP016_gonogo2_rest_006_01"", ""atten_dsr_VP016_gonogo3_rest_001_01"", ""atten_dsr_VP016_gonogo3_task_002_00"", ""atten_dsr_VP016_gonogo3_task_002_01"", ""atten_dsr_VP016_gonogo3_rest_002_01"", ""atten_dsr_VP016_gonogo3_task_003_01"", ""atten_dsr_VP016_gonogo3_rest_003_01"", ""atten_dsr_VP016_gonogo3_task_004_01"", ""atten_dsr_VP016_gonogo3_rest_004_00"", ""atten_dsr_VP016_gonogo3_rest_004_01"", ""atten_dsr_VP016_gonogo3_task_005_00"", ""atten_dsr_VP016_gonogo3_task_005_01"", ""atten_dsr_VP016_gonogo3_rest_005_01"", ""atten_dsr_VP016_gonogo3_task_006_00"", ""atten_dsr_VP016_gonogo3_task_006_01"", ""atten_dsr_VP016_gonogo3_rest_006_00"", ""atten_dsr_VP016_gonogo3_rest_006_01""]",True,,0.8109010011123471,78,0.68,0.6666666666666666,0.7142857142857143,0.6799999999999999,0.36
VP017,2023,source_only,0.30,0.3055555555555556,22,50,"{""0"": 11, ""1"": 11}","{""0"": 25, ""1"": 25}","[""atten_dsr_VP017_gonogo1_task_002_00"", ""atten_dsr_VP017_gonogo1_task_003_00"", ""atten_dsr_VP017_gonogo1_task_004_00"", ""atten_dsr_VP017_gonogo1_task_004_01"", ""atten_dsr_VP017_gonogo1_rest_004_00"", ""atten_dsr_VP017_gonogo1_task_005_00"", ""atten_dsr_VP017_gonogo1_rest_006_01"", ""atten_dsr_VP017_gonogo2_task_001_00"", ""atten_dsr_VP017_gonogo2_rest_001_01"", ""atten_dsr_VP017_gonogo2_rest_002_00"", ""atten_dsr_VP017_gonogo2_rest_003_01"", ""atten_dsr_VP017_gonogo2_task_004_01"", ""atten_dsr_VP017_gonogo2_rest_004_00"", ""atten_dsr_VP017_gonogo2_rest_006_00"", ""atten_dsr_VP017_gonogo3_task_001_00"", ""atten_dsr_VP017_gonogo3_task_001_01"", ""atten_dsr_VP017_gonogo3_rest_001_00"", ""atten_dsr_VP017_gonogo3_rest_002_00"", ""atten_dsr_VP017_gonogo3_task_003_00"", ""atten_dsr_VP017_gonogo3_rest_003_00"", ""atten_dsr_VP017_gonogo3_task_004_00"", ""atten_dsr_VP017_gonogo3_rest_005_00""]","[""atten_dsr_VP017_gonogo1_task_001_00"", ""atten_dsr_VP017_gonogo1_task_001_01"", ""atten_dsr_VP017_gonogo1_rest_001_00"", ""atten_dsr_VP017_gonogo1_rest_001_01"", ""atten_dsr_VP017_gonogo1_task_002_01"", ""atten_dsr_VP017_gonogo1_rest_002_00"", ""atten_dsr_VP017_gonogo1_rest_002_01"", ""atten_dsr_VP017_gonogo1_task_003_01"", ""atten_dsr_VP017_gonogo1_rest_003_00"", ""atten_dsr_VP017_gonogo1_rest_003_01"", ""atten_dsr_VP017_gonogo1_rest_004_01"", ""atten_dsr_VP017_gonogo1_task_005_01"", ""atten_dsr_VP017_gonogo1_rest_005_00"", ""atten_dsr_VP017_gonogo1_rest_005_01"", ""atten_dsr_VP017_gonogo1_task_006_00"", ""atten_dsr_VP017_gonogo1_task_006_01"", ""atten_dsr_VP017_gonogo1_rest_006_00"", ""atten_dsr_VP017_gonogo2_task_001_01"", ""atten_dsr_VP017_gonogo2_rest_001_00"", ""atten_dsr_VP017_gonogo2_task_002_00"", ""atten_dsr_VP017_gonogo2_task_002_01"", ""atten_dsr_VP017_gonogo2_rest_002_01"", ""atten_dsr_VP017_gonogo2_task_003_00"", ""atten_dsr_VP017_gonogo2_task_003_01"", ""atten_dsr_VP017_gonogo2_rest_003_00"", ""atten_dsr_VP017_gonogo2_task_004_00"", ""atten_dsr_VP017_gonogo2_rest_004_01"", ""atten_dsr_VP017_gonogo2_task_005_00"", ""atten_dsr_VP017_gonogo2_task_005_01"", ""atten_dsr_VP017_gonogo2_rest_005_00"", ""atten_dsr_VP017_gonogo2_rest_005_01"", ""atten_dsr_VP017_gonogo2_task_006_00"", ""atten_dsr_VP017_gonogo2_task_006_01"", ""atten_dsr_VP017_gonogo2_rest_006_01"", ""atten_dsr_VP017_gonogo3_rest_001_01"", ""atten_dsr_VP017_gonogo3_task_002_00"", ""atten_dsr_VP017_gonogo3_task_002_01"", ""atten_dsr_VP017_gonogo3_rest_002_01"", ""atten_dsr_VP017_gonogo3_task_003_01"", ""atten_dsr_VP017_gonogo3_rest_003_01"", ""atten_dsr_VP017_gonogo3_task_004_01"", ""atten_dsr_VP017_gonogo3_rest_004_00"", ""atten_dsr_VP017_gonogo3_rest_004_01"", ""atten_dsr_VP017_gonogo3_task_005_00"", ""atten_dsr_VP017_gonogo3_task_005_01"", ""atten_dsr_VP017_gonogo3_rest_005_01"", ""atten_dsr_VP017_gonogo3_task_006_00"", ""atten_dsr_VP017_gonogo3_task_006_01"", ""atten_dsr_VP017_gonogo3_rest_006_00"", ""atten_dsr_VP017_gonogo3_rest_006_01""]",True,,0.7915878688701747,88,0.84,0.8376623376623377,0.8607809847198642,0.84,0.6799999999999999
VP017,2023,existing_head_adaptation,0.30,0.3055555555555556,22,50,"{""0"": 11, ""1"": 11}","{""0"": 25, ""1"": 25}","[""atten_dsr_VP017_gonogo1_task_002_00"", ""atten_dsr_VP017_gonogo1_task_003_00"", ""atten_dsr_VP017_gonogo1_task_004_00"", ""atten_dsr_VP017_gonogo1_task_004_01"", ""atten_dsr_VP017_gonogo1_rest_004_00"", ""atten_dsr_VP017_gonogo1_task_005_00"", ""atten_dsr_VP017_gonogo1_rest_006_01"", ""atten_dsr_VP017_gonogo2_task_001_00"", ""atten_dsr_VP017_gonogo2_rest_001_01"", ""atten_dsr_VP017_gonogo2_rest_002_00"", ""atten_dsr_VP017_gonogo2_rest_003_01"", ""atten_dsr_VP017_gonogo2_task_004_01"", ""atten_dsr_VP017_gonogo2_rest_004_00"", ""atten_dsr_VP017_gonogo2_rest_006_00"", ""atten_dsr_VP017_gonogo3_task_001_00"", ""atten_dsr_VP017_gonogo3_task_001_01"", ""atten_dsr_VP017_gonogo3_rest_001_00"", ""atten_dsr_VP017_gonogo3_rest_002_00"", ""atten_dsr_VP017_gonogo3_task_003_00"", ""atten_dsr_VP017_gonogo3_rest_003_00"", ""atten_dsr_VP017_gonogo3_task_004_00"", ""atten_dsr_VP017_gonogo3_rest_005_00""]","[""atten_dsr_VP017_gonogo1_task_001_00"", ""atten_dsr_VP017_gonogo1_task_001_01"", ""atten_dsr_VP017_gonogo1_rest_001_00"", ""atten_dsr_VP017_gonogo1_rest_001_01"", ""atten_dsr_VP017_gonogo1_task_002_01"", ""atten_dsr_VP017_gonogo1_rest_002_00"", ""atten_dsr_VP017_gonogo1_rest_002_01"", ""atten_dsr_VP017_gonogo1_task_003_01"", ""atten_dsr_VP017_gonogo1_rest_003_00"", ""atten_dsr_VP017_gonogo1_rest_003_01"", ""atten_dsr_VP017_gonogo1_rest_004_01"", ""atten_dsr_VP017_gonogo1_task_005_01"", ""atten_dsr_VP017_gonogo1_rest_005_00"", ""atten_dsr_VP017_gonogo1_rest_005_01"", ""atten_dsr_VP017_gonogo1_task_006_00"", ""atten_dsr_VP017_gonogo1_task_006_01"", ""atten_dsr_VP017_gonogo1_rest_006_00"", ""atten_dsr_VP017_gonogo2_task_001_01"", ""atten_dsr_VP017_gonogo2_rest_001_00"", ""atten_dsr_VP017_gonogo2_task_002_00"", ""atten_dsr_VP017_gonogo2_task_002_01"", ""atten_dsr_VP017_gonogo2_rest_002_01"", ""atten_dsr_VP017_gonogo2_task_003_00"", ""atten_dsr_VP017_gonogo2_task_003_01"", ""atten_dsr_VP017_gonogo2_rest_003_00"", ""atten_dsr_VP017_gonogo2_task_004_00"", ""atten_dsr_VP017_gonogo2_rest_004_01"", ""atten_dsr_VP017_gonogo2_task_005_00"", ""atten_dsr_VP017_gonogo2_task_005_01"", ""atten_dsr_VP017_gonogo2_rest_005_00"", ""atten_dsr_VP017_gonogo2_rest_005_01"", ""atten_dsr_VP017_gonogo2_task_006_00"", ""atten_dsr_VP017_gonogo2_task_006_01"", ""atten_dsr_VP017_gonogo2_rest_006_01"", ""atten_dsr_VP017_gonogo3_rest_001_01"", ""atten_dsr_VP017_gonogo3_task_002_00"", ""atten_dsr_VP017_gonogo3_task_002_01"", ""atten_dsr_VP017_gonogo3_rest_002_01"", ""atten_dsr_VP017_gonogo3_task_003_01"", ""atten_dsr_VP017_gonogo3_rest_003_01"", ""atten_dsr_VP017_gonogo3_task_004_01"", ""atten_dsr_VP017_gonogo3_rest_004_00"", ""atten_dsr_VP017_gonogo3_rest_004_01"", ""atten_dsr_VP017_gonogo3_task_005_00"", ""atten_dsr_VP017_gonogo3_task_005_01"", ""atten_dsr_VP017_gonogo3_rest_005_01"", ""atten_dsr_VP017_gonogo3_task_006_00"", ""atten_dsr_VP017_gonogo3_task_006_01"", ""atten_dsr_VP017_gonogo3_rest_006_00"", ""atten_dsr_VP017_gonogo3_rest_006_01""]",True,,0.7915878688701747,88,0.92,0.9198717948717949,0.9227053140096618,0.9199999999999999,0.84
VP018,2023,source_only,0.30,0.3055555555555556,22,50,"{""0"": 11, ""1"": 11}","{""0"": 25, ""1"": 25}","[""atten_dsr_VP018_gonogo1_task_002_00"", ""atten_dsr_VP018_gonogo1_task_003_00"", ""atten_dsr_VP018_gonogo1_task_004_00"", ""atten_dsr_VP018_gonogo1_task_004_01"", ""atten_dsr_VP018_gonogo1_rest_004_00"", ""atten_dsr_VP018_gonogo1_task_005_00"", ""atten_dsr_VP018_gonogo1_rest_006_01"", ""atten_dsr_VP018_gonogo2_task_001_00"", ""atten_dsr_VP018_gonogo2_rest_001_01"", ""atten_dsr_VP018_gonogo2_rest_002_00"", ""atten_dsr_VP018_gonogo2_rest_003_01"", ""atten_dsr_VP018_gonogo2_task_004_01"", ""atten_dsr_VP018_gonogo2_rest_004_00"", ""atten_dsr_VP018_gonogo2_rest_006_00"", ""atten_dsr_VP018_gonogo3_task_001_00"", ""atten_dsr_VP018_gonogo3_task_001_01"", ""atten_dsr_VP018_gonogo3_rest_001_00"", ""atten_dsr_VP018_gonogo3_rest_002_00"", ""atten_dsr_VP018_gonogo3_task_003_00"", ""atten_dsr_VP018_gonogo3_rest_003_00"", ""atten_dsr_VP018_gonogo3_task_004_00"", ""atten_dsr_VP018_gonogo3_rest_005_00""]","[""atten_dsr_VP018_gonogo1_task_001_00"", ""atten_dsr_VP018_gonogo1_task_001_01"", ""atten_dsr_VP018_gonogo1_rest_001_00"", ""atten_dsr_VP018_gonogo1_rest_001_01"", ""atten_dsr_VP018_gonogo1_task_002_01"", ""atten_dsr_VP018_gonogo1_rest_002_00"", ""atten_dsr_VP018_gonogo1_rest_002_01"", ""atten_dsr_VP018_gonogo1_task_003_01"", ""atten_dsr_VP018_gonogo1_rest_003_00"", ""atten_dsr_VP018_gonogo1_rest_003_01"", ""atten_dsr_VP018_gonogo1_rest_004_01"", ""atten_dsr_VP018_gonogo1_task_005_01"", ""atten_dsr_VP018_gonogo1_rest_005_00"", ""atten_dsr_VP018_gonogo1_rest_005_01"", ""atten_dsr_VP018_gonogo1_task_006_00"", ""atten_dsr_VP018_gonogo1_task_006_01"", ""atten_dsr_VP018_gonogo1_rest_006_00"", ""atten_dsr_VP018_gonogo2_task_001_01"", ""atten_dsr_VP018_gonogo2_rest_001_00"", ""atten_dsr_VP018_gonogo2_task_002_00"", ""atten_dsr_VP018_gonogo2_task_002_01"", ""atten_dsr_VP018_gonogo2_rest_002_01"", ""atten_dsr_VP018_gonogo2_task_003_00"", ""atten_dsr_VP018_gonogo2_task_003_01"", ""atten_dsr_VP018_gonogo2_rest_003_00"", ""atten_dsr_VP018_gonogo2_task_004_00"", ""atten_dsr_VP018_gonogo2_rest_004_01"", ""atten_dsr_VP018_gonogo2_task_005_00"", ""atten_dsr_VP018_gonogo2_task_005_01"", ""atten_dsr_VP018_gonogo2_rest_005_00"", ""atten_dsr_VP018_gonogo2_rest_005_01"", ""atten_dsr_VP018_gonogo2_task_006_00"", ""atten_dsr_VP018_gonogo2_task_006_01"", ""atten_dsr_VP018_gonogo2_rest_006_01"", ""atten_dsr_VP018_gonogo3_rest_001_01"", ""atten_dsr_VP018_gonogo3_task_002_00"", ""atten_dsr_VP018_gonogo3_task_002_01"", ""atten_dsr_VP018_gonogo3_rest_002_01"", ""atten_dsr_VP018_gonogo3_task_003_01"", ""atten_dsr_VP018_gonogo3_rest_003_01"", ""atten_dsr_VP018_gonogo3_task_004_01"", ""atten_dsr_VP018_gonogo3_rest_004_00"", ""atten_dsr_VP018_gonogo3_rest_004_01"", ""atten_dsr_VP018_gonogo3_task_005_00"", ""atten_dsr_VP018_gonogo3_task_005_01"", ""atten_dsr_VP018_gonogo3_rest_005_01"", ""atten_dsr_VP018_gonogo3_task_006_00"", ""atten_dsr_VP018_gonogo3_task_006_01"", ""atten_dsr_VP018_gonogo3_rest_006_00"", ""atten_dsr_VP018_gonogo3_rest_006_01""]",True,,0.7722151918269082,67,0.64,0.5989304812834224,0.7371273712737128,0.64,0.28
VP018,2023,existing_head_adaptation,0.30,0.3055555555555556,22,50,"{""0"": 11, ""1"": 11}","{""0"": 25, ""1"": 25}","[""atten_dsr_VP018_gonogo1_task_002_00"", ""atten_dsr_VP018_gonogo1_task_003_00"", ""atten_dsr_VP018_gonogo1_task_004_00"", ""atten_dsr_VP018_gonogo1_task_004_01"", ""atten_dsr_VP018_gonogo1_rest_004_00"", ""atten_dsr_VP018_gonogo1_task_005_00"", ""atten_dsr_VP018_gonogo1_rest_006_01"", ""atten_dsr_VP018_gonogo2_task_001_00"", ""atten_dsr_VP018_gonogo2_rest_001_01"", ""atten_dsr_VP018_gonogo2_rest_002_00"", ""atten_dsr_VP018_gonogo2_rest_003_01"", ""atten_dsr_VP018_gonogo2_task_004_01"", ""atten_dsr_VP018_gonogo2_rest_004_00"", ""atten_dsr_VP018_gonogo2_rest_006_00"", ""atten_dsr_VP018_gonogo3_task_001_00"", ""atten_dsr_VP018_gonogo3_task_001_01"", ""atten_dsr_VP018_gonogo3_rest_001_00"", ""atten_dsr_VP018_gonogo3_rest_002_00"", ""atten_dsr_VP018_gonogo3_task_003_00"", ""atten_dsr_VP018_gonogo3_rest_003_00"", ""atten_dsr_VP018_gonogo3_task_004_00"", ""atten_dsr_VP018_gonogo3_rest_005_00""]","[""atten_dsr_VP018_gonogo1_task_001_00"", ""atten_dsr_VP018_gonogo1_task_001_01"", ""atten_dsr_VP018_gonogo1_rest_001_00"", ""atten_dsr_VP018_gonogo1_rest_001_01"", ""atten_dsr_VP018_gonogo1_task_002_01"", ""atten_dsr_VP018_gonogo1_rest_002_00"", ""atten_dsr_VP018_gonogo1_rest_002_01"", ""atten_dsr_VP018_gonogo1_task_003_01"", ""atten_dsr_VP018_gonogo1_rest_003_00"", ""atten_dsr_VP018_gonogo1_rest_003_01"", ""atten_dsr_VP018_gonogo1_rest_004_01"", ""atten_dsr_VP018_gonogo1_task_005_01"", ""atten_dsr_VP018_gonogo1_rest_005_00"", ""atten_dsr_VP018_gonogo1_rest_005_01"", ""atten_dsr_VP018_gonogo1_task_006_00"", ""atten_dsr_VP018_gonogo1_task_006_01"", ""atten_dsr_VP018_gonogo1_rest_006_00"", ""atten_dsr_VP018_gonogo2_task_001_01"", ""atten_dsr_VP018_gonogo2_rest_001_00"", ""atten_dsr_VP018_gonogo2_task_002_00"", ""atten_dsr_VP018_gonogo2_task_002_01"", ""atten_dsr_VP018_gonogo2_rest_002_01"", ""atten_dsr_VP018_gonogo2_task_003_00"", ""atten_dsr_VP018_gonogo2_task_003_01"", ""atten_dsr_VP018_gonogo2_rest_003_00"", ""atten_dsr_VP018_gonogo2_task_004_00"", ""atten_dsr_VP018_gonogo2_rest_004_01"", ""atten_dsr_VP018_gonogo2_task_005_00"", ""atten_dsr_VP018_gonogo2_task_005_01"", ""atten_dsr_VP018_gonogo2_rest_005_00"", ""atten_dsr_VP018_gonogo2_rest_005_01"", ""atten_dsr_VP018_gonogo2_task_006_00"", ""atten_dsr_VP018_gonogo2_task_006_01"", ""atten_dsr_VP018_gonogo2_rest_006_01"", ""atten_dsr_VP018_gonogo3_rest_001_01"", ""atten_dsr_VP018_gonogo3_task_002_00"", ""atten_dsr_VP018_gonogo3_task_002_01"", ""atten_dsr_VP018_gonogo3_rest_002_01"", ""atten_dsr_VP018_gonogo3_task_003_01"", ""atten_dsr_VP018_gonogo3_rest_003_01"", ""atten_dsr_VP018_gonogo3_task_004_01"", ""atten_dsr_VP018_gonogo3_rest_004_00"", ""atten_dsr_VP018_gonogo3_rest_004_01"", ""atten_dsr_VP018_gonogo3_task_005_00"", ""atten_dsr_VP018_gonogo3_task_005_01"", ""atten_dsr_VP018_gonogo3_rest_005_01"", ""atten_dsr_VP018_gonogo3_task_006_00"", ""atten_dsr_VP018_gonogo3_task_006_01"", ""atten_dsr_VP018_gonogo3_rest_006_00"", ""atten_dsr_VP018_gonogo3_rest_006_01""]",True,,0.7722151918269082,67,0.82,0.8199279711884754,0.8205128205128205,0.8200000000000001,0.64
VP019,2023,source_only,0.30,0.3055555555555556,22,50,"{""0"": 11, ""1"": 11}","{""0"": 25, ""1"": 25}","[""atten_dsr_VP019_gonogo1_task_002_00"", ""atten_dsr_VP019_gonogo1_task_003_00"", ""atten_dsr_VP019_gonogo1_task_004_00"", ""atten_dsr_VP019_gonogo1_task_004_01"", ""atten_dsr_VP019_gonogo1_rest_004_00"", ""atten_dsr_VP019_gonogo1_task_005_00"", ""atten_dsr_VP019_gonogo1_rest_006_01"", ""atten_dsr_VP019_gonogo2_task_001_00"", ""atten_dsr_VP019_gonogo2_rest_001_01"", ""atten_dsr_VP019_gonogo2_rest_002_00"", ""atten_dsr_VP019_gonogo2_rest_003_01"", ""atten_dsr_VP019_gonogo2_task_004_01"", ""atten_dsr_VP019_gonogo2_rest_004_00"", ""atten_dsr_VP019_gonogo2_rest_006_00"", ""atten_dsr_VP019_gonogo3_task_001_00"", ""atten_dsr_VP019_gonogo3_task_001_01"", ""atten_dsr_VP019_gonogo3_rest_001_00"", ""atten_dsr_VP019_gonogo3_rest_002_00"", ""atten_dsr_VP019_gonogo3_task_003_00"", ""atten_dsr_VP019_gonogo3_rest_003_00"", ""atten_dsr_VP019_gonogo3_task_004_00"", ""atten_dsr_VP019_gonogo3_rest_005_00""]","[""atten_dsr_VP019_gonogo1_task_001_00"", ""atten_dsr_VP019_gonogo1_task_001_01"", ""atten_dsr_VP019_gonogo1_rest_001_00"", ""atten_dsr_VP019_gonogo1_rest_001_01"", ""atten_dsr_VP019_gonogo1_task_002_01"", ""atten_dsr_VP019_gonogo1_rest_002_00"", ""atten_dsr_VP019_gonogo1_rest_002_01"", ""atten_dsr_VP019_gonogo1_task_003_01"", ""atten_dsr_VP019_gonogo1_rest_003_00"", ""atten_dsr_VP019_gonogo1_rest_003_01"", ""atten_dsr_VP019_gonogo1_rest_004_01"", ""atten_dsr_VP019_gonogo1_task_005_01"", ""atten_dsr_VP019_gonogo1_rest_005_00"", ""atten_dsr_VP019_gonogo1_rest_005_01"", ""atten_dsr_VP019_gonogo1_task_006_00"", ""atten_dsr_VP019_gonogo1_task_006_01"", ""atten_dsr_VP019_gonogo1_rest_006_00"", ""atten_dsr_VP019_gonogo2_task_001_01"", ""atten_dsr_VP019_gonogo2_rest_001_00"", ""atten_dsr_VP019_gonogo2_task_002_00"", ""atten_dsr_VP019_gonogo2_task_002_01"", ""atten_dsr_VP019_gonogo2_rest_002_01"", ""atten_dsr_VP019_gonogo2_task_003_00"", ""atten_dsr_VP019_gonogo2_task_003_01"", ""atten_dsr_VP019_gonogo2_rest_003_00"", ""atten_dsr_VP019_gonogo2_task_004_00"", ""atten_dsr_VP019_gonogo2_rest_004_01"", ""atten_dsr_VP019_gonogo2_task_005_00"", ""atten_dsr_VP019_gonogo2_task_005_01"", ""atten_dsr_VP019_gonogo2_rest_005_00"", ""atten_dsr_VP019_gonogo2_rest_005_01"", ""atten_dsr_VP019_gonogo2_task_006_00"", ""atten_dsr_VP019_gonogo2_task_006_01"", ""atten_dsr_VP019_gonogo2_rest_006_01"", ""atten_dsr_VP019_gonogo3_rest_001_01"", ""atten_dsr_VP019_gonogo3_task_002_00"", ""atten_dsr_VP019_gonogo3_task_002_01"", ""atten_dsr_VP019_gonogo3_rest_002_01"", ""atten_dsr_VP019_gonogo3_task_003_01"", ""atten_dsr_VP019_gonogo3_rest_003_01"", ""atten_dsr_VP019_gonogo3_task_004_01"", ""atten_dsr_VP019_gonogo3_rest_004_00"", ""atten_dsr_VP019_gonogo3_rest_004_01"", ""atten_dsr_VP019_gonogo3_task_005_00"", ""atten_dsr_VP019_gonogo3_task_005_01"", ""atten_dsr_VP019_gonogo3_rest_005_01"", ""atten_dsr_VP019_gonogo3_task_006_00"", ""atten_dsr_VP019_gonogo3_task_006_01"", ""atten_dsr_VP019_gonogo3_rest_006_00"", ""atten_dsr_VP019_gonogo3_rest_006_01""]",True,,0.835897118928232,70,0.68,0.6527777777777778,0.7622377622377623,0.6799999999999999,0.36
VP019,2023,existing_head_adaptation,0.30,0.3055555555555556,22,50,"{""0"": 11, ""1"": 11}","{""0"": 25, ""1"": 25}","[""atten_dsr_VP019_gonogo1_task_002_00"", ""atten_dsr_VP019_gonogo1_task_003_00"", ""atten_dsr_VP019_gonogo1_task_004_00"", ""atten_dsr_VP019_gonogo1_task_004_01"", ""atten_dsr_VP019_gonogo1_rest_004_00"", ""atten_dsr_VP019_gonogo1_task_005_00"", ""atten_dsr_VP019_gonogo1_rest_006_01"", ""atten_dsr_VP019_gonogo2_task_001_00"", ""atten_dsr_VP019_gonogo2_rest_001_01"", ""atten_dsr_VP019_gonogo2_rest_002_00"", ""atten_dsr_VP019_gonogo2_rest_003_01"", ""atten_dsr_VP019_gonogo2_task_004_01"", ""atten_dsr_VP019_gonogo2_rest_004_00"", ""atten_dsr_VP019_gonogo2_rest_006_00"", ""atten_dsr_VP019_gonogo3_task_001_00"", ""atten_dsr_VP019_gonogo3_task_001_01"", ""atten_dsr_VP019_gonogo3_rest_001_00"", ""atten_dsr_VP019_gonogo3_rest_002_00"", ""atten_dsr_VP019_gonogo3_task_003_00"", ""atten_dsr_VP019_gonogo3_rest_003_00"", ""atten_dsr_VP019_gonogo3_task_004_00"", ""atten_dsr_VP019_gonogo3_rest_005_00""]","[""atten_dsr_VP019_gonogo1_task_001_00"", ""atten_dsr_VP019_gonogo1_task_001_01"", ""atten_dsr_VP019_gonogo1_rest_001_00"", ""atten_dsr_VP019_gonogo1_rest_001_01"", ""atten_dsr_VP019_gonogo1_task_002_01"", ""atten_dsr_VP019_gonogo1_rest_002_00"", ""atten_dsr_VP019_gonogo1_rest_002_01"", ""atten_dsr_VP019_gonogo1_task_003_01"", ""atten_dsr_VP019_gonogo1_rest_003_00"", ""atten_dsr_VP019_gonogo1_rest_003_01"", ""atten_dsr_VP019_gonogo1_rest_004_01"", ""atten_dsr_VP019_gonogo1_task_005_01"", ""atten_dsr_VP019_gonogo1_rest_005_00"", ""atten_dsr_VP019_gonogo1_rest_005_01"", ""atten_dsr_VP019_gonogo1_task_006_00"", ""atten_dsr_VP019_gonogo1_task_006_01"", ""atten_dsr_VP019_gonogo1_rest_006_00"", ""atten_dsr_VP019_gonogo2_task_001_01"", ""atten_dsr_VP019_gonogo2_rest_001_00"", ""atten_dsr_VP019_gonogo2_task_002_00"", ""atten_dsr_VP019_gonogo2_task_002_01"", ""atten_dsr_VP019_gonogo2_rest_002_01"", ""atten_dsr_VP019_gonogo2_task_003_00"", ""atten_dsr_VP019_gonogo2_task_003_01"", ""atten_dsr_VP019_gonogo2_rest_003_00"", ""atten_dsr_VP019_gonogo2_task_004_00"", ""atten_dsr_VP019_gonogo2_rest_004_01"", ""atten_dsr_VP019_gonogo2_task_005_00"", ""atten_dsr_VP019_gonogo2_task_005_01"", ""atten_dsr_VP019_gonogo2_rest_005_00"", ""atten_dsr_VP019_gonogo2_rest_005_01"", ""atten_dsr_VP019_gonogo2_task_006_00"", ""atten_dsr_VP019_gonogo2_task_006_01"", ""atten_dsr_VP019_gonogo2_rest_006_01"", ""atten_dsr_VP019_gonogo3_rest_001_01"", ""atten_dsr_VP019_gonogo3_task_002_00"", ""atten_dsr_VP019_gonogo3_task_002_01"", ""atten_dsr_VP019_gonogo3_rest_002_01"", ""atten_dsr_VP019_gonogo3_task_003_01"", ""atten_dsr_VP019_gonogo3_rest_003_01"", ""atten_dsr_VP019_gonogo3_task_004_01"", ""atten_dsr_VP019_gonogo3_rest_004_00"", ""atten_dsr_VP019_gonogo3_rest_004_01"", ""atten_dsr_VP019_gonogo3_task_005_00"", ""atten_dsr_VP019_gonogo3_task_005_01"", ""atten_dsr_VP019_gonogo3_rest_005_01"", ""atten_dsr_VP019_gonogo3_task_006_00"", ""atten_dsr_VP019_gonogo3_task_006_01"", ""atten_dsr_VP019_gonogo3_rest_006_00"", ""atten_dsr_VP019_gonogo3_rest_006_01""]",True,,0.835897118928232,70,0.82,0.8199279711884754,0.8205128205128205,0.8200000000000001,0.64
VP020,2023,source_only,0.30,0.3055555555555556,22,50,"{""0"": 11, ""1"": 11}","{""0"": 25, ""1"": 25}","[""atten_dsr_VP020_gonogo1_task_002_00"", ""atten_dsr_VP020_gonogo1_task_003_00"", ""atten_dsr_VP020_gonogo1_task_004_00"", ""atten_dsr_VP020_gonogo1_task_004_01"", ""atten_dsr_VP020_gonogo1_rest_004_00"", ""atten_dsr_VP020_gonogo1_task_005_00"", ""atten_dsr_VP020_gonogo1_rest_006_01"", ""atten_dsr_VP020_gonogo2_task_001_00"", ""atten_dsr_VP020_gonogo2_rest_001_01"", ""atten_dsr_VP020_gonogo2_rest_002_00"", ""atten_dsr_VP020_gonogo2_rest_003_01"", ""atten_dsr_VP020_gonogo2_task_004_01"", ""atten_dsr_VP020_gonogo2_rest_004_00"", ""atten_dsr_VP020_gonogo2_rest_006_00"", ""atten_dsr_VP020_gonogo3_task_001_00"", ""atten_dsr_VP020_gonogo3_task_001_01"", ""atten_dsr_VP020_gonogo3_rest_001_00"", ""atten_dsr_VP020_gonogo3_rest_002_00"", ""atten_dsr_VP020_gonogo3_task_003_00"", ""atten_dsr_VP020_gonogo3_rest_003_00"", ""atten_dsr_VP020_gonogo3_task_004_00"", ""atten_dsr_VP020_gonogo3_rest_005_00""]","[""atten_dsr_VP020_gonogo1_task_001_00"", ""atten_dsr_VP020_gonogo1_task_001_01"", ""atten_dsr_VP020_gonogo1_rest_001_00"", ""atten_dsr_VP020_gonogo1_rest_001_01"", ""atten_dsr_VP020_gonogo1_task_002_01"", ""atten_dsr_VP020_gonogo1_rest_002_00"", ""atten_dsr_VP020_gonogo1_rest_002_01"", ""atten_dsr_VP020_gonogo1_task_003_01"", ""atten_dsr_VP020_gonogo1_rest_003_00"", ""atten_dsr_VP020_gonogo1_rest_003_01"", ""atten_dsr_VP020_gonogo1_rest_004_01"", ""atten_dsr_VP020_gonogo1_task_005_01"", ""atten_dsr_VP020_gonogo1_rest_005_00"", ""atten_dsr_VP020_gonogo1_rest_005_01"", ""atten_dsr_VP020_gonogo1_task_006_00"", ""atten_dsr_VP020_gonogo1_task_006_01"", ""atten_dsr_VP020_gonogo1_rest_006_00"", ""atten_dsr_VP020_gonogo2_task_001_01"", ""atten_dsr_VP020_gonogo2_rest_001_00"", ""atten_dsr_VP020_gonogo2_task_002_00"", ""atten_dsr_VP020_gonogo2_task_002_01"", ""atten_dsr_VP020_gonogo2_rest_002_01"", ""atten_dsr_VP020_gonogo2_task_003_00"", ""atten_dsr_VP020_gonogo2_task_003_01"", ""atten_dsr_VP020_gonogo2_rest_003_00"", ""atten_dsr_VP020_gonogo2_task_004_00"", ""atten_dsr_VP020_gonogo2_rest_004_01"", ""atten_dsr_VP020_gonogo2_task_005_00"", ""atten_dsr_VP020_gonogo2_task_005_01"", ""atten_dsr_VP020_gonogo2_rest_005_00"", ""atten_dsr_VP020_gonogo2_rest_005_01"", ""atten_dsr_VP020_gonogo2_task_006_00"", ""atten_dsr_VP020_gonogo2_task_006_01"", ""atten_dsr_VP020_gonogo2_rest_006_01"", ""atten_dsr_VP020_gonogo3_rest_001_01"", ""atten_dsr_VP020_gonogo3_task_002_00"", ""atten_dsr_VP020_gonogo3_task_002_01"", ""atten_dsr_VP020_gonogo3_rest_002_01"", ""atten_dsr_VP020_gonogo3_task_003_01"", ""atten_dsr_VP020_gonogo3_rest_003_01"", ""atten_dsr_VP020_gonogo3_task_004_01"", ""atten_dsr_VP020_gonogo3_rest_004_00"", ""atten_dsr_VP020_gonogo3_rest_004_01"", ""atten_dsr_VP020_gonogo3_task_005_00"", ""atten_dsr_VP020_gonogo3_task_005_01"", ""atten_dsr_VP020_gonogo3_rest_005_01"", ""atten_dsr_VP020_gonogo3_task_006_00"", ""atten_dsr_VP020_gonogo3_task_006_01"", ""atten_dsr_VP020_gonogo3_rest_006_00"", ""atten_dsr_VP020_gonogo3_rest_006_01""]",True,,0.8412243982079712,80,0.86,0.8585858585858586,0.875,0.86,0.72
VP020,2023,existing_head_adaptation,0.30,0.3055555555555556,22,50,"{""0"": 11, ""1"": 11}","{""0"": 25, ""1"": 25}","[""atten_dsr_VP020_gonogo1_task_002_00"", ""atten_dsr_VP020_gonogo1_task_003_00"", ""atten_dsr_VP020_gonogo1_task_004_00"", ""atten_dsr_VP020_gonogo1_task_004_01"", ""atten_dsr_VP020_gonogo1_rest_004_00"", ""atten_dsr_VP020_gonogo1_task_005_00"", ""atten_dsr_VP020_gonogo1_rest_006_01"", ""atten_dsr_VP020_gonogo2_task_001_00"", ""atten_dsr_VP020_gonogo2_rest_001_01"", ""atten_dsr_VP020_gonogo2_rest_002_00"", ""atten_dsr_VP020_gonogo2_rest_003_01"", ""atten_dsr_VP020_gonogo2_task_004_01"", ""atten_dsr_VP020_gonogo2_rest_004_00"", ""atten_dsr_VP020_gonogo2_rest_006_00"", ""atten_dsr_VP020_gonogo3_task_001_00"", ""atten_dsr_VP020_gonogo3_task_001_01"", ""atten_dsr_VP020_gonogo3_rest_001_00"", ""atten_dsr_VP020_gonogo3_rest_002_00"", ""atten_dsr_VP020_gonogo3_task_003_00"", ""atten_dsr_VP020_gonogo3_rest_003_00"", ""atten_dsr_VP020_gonogo3_task_004_00"", ""atten_dsr_VP020_gonogo3_rest_005_00""]","[""atten_dsr_VP020_gonogo1_task_001_00"", ""atten_dsr_VP020_gonogo1_task_001_01"", ""atten_dsr_VP020_gonogo1_rest_001_00"", ""atten_dsr_VP020_gonogo1_rest_001_01"", ""atten_dsr_VP020_gonogo1_task_002_01"", ""atten_dsr_VP020_gonogo1_rest_002_00"", ""atten_dsr_VP020_gonogo1_rest_002_01"", ""atten_dsr_VP020_gonogo1_task_003_01"", ""atten_dsr_VP020_gonogo1_rest_003_00"", ""atten_dsr_VP020_gonogo1_rest_003_01"", ""atten_dsr_VP020_gonogo1_rest_004_01"", ""atten_dsr_VP020_gonogo1_task_005_01"", ""atten_dsr_VP020_gonogo1_rest_005_00"", ""atten_dsr_VP020_gonogo1_rest_005_01"", ""atten_dsr_VP020_gonogo1_task_006_00"", ""atten_dsr_VP020_gonogo1_task_006_01"", ""atten_dsr_VP020_gonogo1_rest_006_00"", ""atten_dsr_VP020_gonogo2_task_001_01"", ""atten_dsr_VP020_gonogo2_rest_001_00"", ""atten_dsr_VP020_gonogo2_task_002_00"", ""atten_dsr_VP020_gonogo2_task_002_01"", ""atten_dsr_VP020_gonogo2_rest_002_01"", ""atten_dsr_VP020_gonogo2_task_003_00"", ""atten_dsr_VP020_gonogo2_task_003_01"", ""atten_dsr_VP020_gonogo2_rest_003_00"", ""atten_dsr_VP020_gonogo2_task_004_00"", ""atten_dsr_VP020_gonogo2_rest_004_01"", ""atten_dsr_VP020_gonogo2_task_005_00"", ""atten_dsr_VP020_gonogo2_task_005_01"", ""atten_dsr_VP020_gonogo2_rest_005_00"", ""atten_dsr_VP020_gonogo2_rest_005_01"", ""atten_dsr_VP020_gonogo2_task_006_00"", ""atten_dsr_VP020_gonogo2_task_006_01"", ""atten_dsr_VP020_gonogo2_rest_006_01"", ""atten_dsr_VP020_gonogo3_rest_001_01"", ""atten_dsr_VP020_gonogo3_task_002_00"", ""atten_dsr_VP020_gonogo3_task_002_01"", ""atten_dsr_VP020_gonogo3_rest_002_01"", ""atten_dsr_VP020_gonogo3_task_003_01"", ""atten_dsr_VP020_gonogo3_rest_003_01"", ""atten_dsr_VP020_gonogo3_task_004_01"", ""atten_dsr_VP020_gonogo3_rest_004_00"", ""atten_dsr_VP020_gonogo3_rest_004_01"", ""atten_dsr_VP020_gonogo3_task_005_00"", ""atten_dsr_VP020_gonogo3_task_005_01"", ""atten_dsr_VP020_gonogo3_rest_005_01"", ""atten_dsr_VP020_gonogo3_task_006_00"", ""atten_dsr_VP020_gonogo3_task_006_01"", ""atten_dsr_VP020_gonogo3_rest_006_00"", ""atten_dsr_VP020_gonogo3_rest_006_01""]",True,,0.8412243982079712,80,0.8,0.7987117552334944,0.8078817733990147,0.8,0.6
VP021,2023,source_only,0.30,0.3055555555555556,22,50,"{""0"": 11, ""1"": 11}","{""0"": 25, ""1"": 25}","[""atten_dsr_VP021_gonogo1_task_002_00"", ""atten_dsr_VP021_gonogo1_task_003_00"", ""atten_dsr_VP021_gonogo1_task_004_00"", ""atten_dsr_VP021_gonogo1_task_004_01"", ""atten_dsr_VP021_gonogo1_rest_004_00"", ""atten_dsr_VP021_gonogo1_task_005_00"", ""atten_dsr_VP021_gonogo1_rest_006_01"", ""atten_dsr_VP021_gonogo2_task_001_00"", ""atten_dsr_VP021_gonogo2_rest_001_01"", ""atten_dsr_VP021_gonogo2_rest_002_00"", ""atten_dsr_VP021_gonogo2_rest_003_01"", ""atten_dsr_VP021_gonogo2_task_004_01"", ""atten_dsr_VP021_gonogo2_rest_004_00"", ""atten_dsr_VP021_gonogo2_rest_006_00"", ""atten_dsr_VP021_gonogo3_task_001_00"", ""atten_dsr_VP021_gonogo3_task_001_01"", ""atten_dsr_VP021_gonogo3_rest_001_00"", ""atten_dsr_VP021_gonogo3_rest_002_00"", ""atten_dsr_VP021_gonogo3_task_003_00"", ""atten_dsr_VP021_gonogo3_rest_003_00"", ""atten_dsr_VP021_gonogo3_task_004_00"", ""atten_dsr_VP021_gonogo3_rest_005_00""]","[""atten_dsr_VP021_gonogo1_task_001_00"", ""atten_dsr_VP021_gonogo1_task_001_01"", ""atten_dsr_VP021_gonogo1_rest_001_00"", ""atten_dsr_VP021_gonogo1_rest_001_01"", ""atten_dsr_VP021_gonogo1_task_002_01"", ""atten_dsr_VP021_gonogo1_rest_002_00"", ""atten_dsr_VP021_gonogo1_rest_002_01"", ""atten_dsr_VP021_gonogo1_task_003_01"", ""atten_dsr_VP021_gonogo1_rest_003_00"", ""atten_dsr_VP021_gonogo1_rest_003_01"", ""atten_dsr_VP021_gonogo1_rest_004_01"", ""atten_dsr_VP021_gonogo1_task_005_01"", ""atten_dsr_VP021_gonogo1_rest_005_00"", ""atten_dsr_VP021_gonogo1_rest_005_01"", ""atten_dsr_VP021_gonogo1_task_006_00"", ""atten_dsr_VP021_gonogo1_task_006_01"", ""atten_dsr_VP021_gonogo1_rest_006_00"", ""atten_dsr_VP021_gonogo2_task_001_01"", ""atten_dsr_VP021_gonogo2_rest_001_00"", ""atten_dsr_VP021_gonogo2_task_002_00"", ""atten_dsr_VP021_gonogo2_task_002_01"", ""atten_dsr_VP021_gonogo2_rest_002_01"", ""atten_dsr_VP021_gonogo2_task_003_00"", ""atten_dsr_VP021_gonogo2_task_003_01"", ""atten_dsr_VP021_gonogo2_rest_003_00"", ""atten_dsr_VP021_gonogo2_task_004_00"", ""atten_dsr_VP021_gonogo2_rest_004_01"", ""atten_dsr_VP021_gonogo2_task_005_00"", ""atten_dsr_VP021_gonogo2_task_005_01"", ""atten_dsr_VP021_gonogo2_rest_005_00"", ""atten_dsr_VP021_gonogo2_rest_005_01"", ""atten_dsr_VP021_gonogo2_task_006_00"", ""atten_dsr_VP021_gonogo2_task_006_01"", ""atten_dsr_VP021_gonogo2_rest_006_01"", ""atten_dsr_VP021_gonogo3_rest_001_01"", ""atten_dsr_VP021_gonogo3_task_002_00"", ""atten_dsr_VP021_gonogo3_task_002_01"", ""atten_dsr_VP021_gonogo3_rest_002_01"", ""atten_dsr_VP021_gonogo3_task_003_01"", ""atten_dsr_VP021_gonogo3_rest_003_01"", ""atten_dsr_VP021_gonogo3_task_004_01"", ""atten_dsr_VP021_gonogo3_rest_004_00"", ""atten_dsr_VP021_gonogo3_rest_004_01"", ""atten_dsr_VP021_gonogo3_task_005_00"", ""atten_dsr_VP021_gonogo3_task_005_01"", ""atten_dsr_VP021_gonogo3_rest_005_01"", ""atten_dsr_VP021_gonogo3_task_006_00"", ""atten_dsr_VP021_gonogo3_task_006_01"", ""atten_dsr_VP021_gonogo3_rest_006_00"", ""atten_dsr_VP021_gonogo3_rest_006_01""]",True,,0.8051707075705097,61,0.78,0.7799119647859143,0.780448717948718,0.78,0.56
VP021,2023,existing_head_adaptation,0.30,0.3055555555555556,22,50,"{""0"": 11, ""1"": 11}","{""0"": 25, ""1"": 25}","[""atten_dsr_VP021_gonogo1_task_002_00"", ""atten_dsr_VP021_gonogo1_task_003_00"", ""atten_dsr_VP021_gonogo1_task_004_00"", ""atten_dsr_VP021_gonogo1_task_004_01"", ""atten_dsr_VP021_gonogo1_rest_004_00"", ""atten_dsr_VP021_gonogo1_task_005_00"", ""atten_dsr_VP021_gonogo1_rest_006_01"", ""atten_dsr_VP021_gonogo2_task_001_00"", ""atten_dsr_VP021_gonogo2_rest_001_01"", ""atten_dsr_VP021_gonogo2_rest_002_00"", ""atten_dsr_VP021_gonogo2_rest_003_01"", ""atten_dsr_VP021_gonogo2_task_004_01"", ""atten_dsr_VP021_gonogo2_rest_004_00"", ""atten_dsr_VP021_gonogo2_rest_006_00"", ""atten_dsr_VP021_gonogo3_task_001_00"", ""atten_dsr_VP021_gonogo3_task_001_01"", ""atten_dsr_VP021_gonogo3_rest_001_00"", ""atten_dsr_VP021_gonogo3_rest_002_00"", ""atten_dsr_VP021_gonogo3_task_003_00"", ""atten_dsr_VP021_gonogo3_rest_003_00"", ""atten_dsr_VP021_gonogo3_task_004_00"", ""atten_dsr_VP021_gonogo3_rest_005_00""]","[""atten_dsr_VP021_gonogo1_task_001_00"", ""atten_dsr_VP021_gonogo1_task_001_01"", ""atten_dsr_VP021_gonogo1_rest_001_00"", ""atten_dsr_VP021_gonogo1_rest_001_01"", ""atten_dsr_VP021_gonogo1_task_002_01"", ""atten_dsr_VP021_gonogo1_rest_002_00"", ""atten_dsr_VP021_gonogo1_rest_002_01"", ""atten_dsr_VP021_gonogo1_task_003_01"", ""atten_dsr_VP021_gonogo1_rest_003_00"", ""atten_dsr_VP021_gonogo1_rest_003_01"", ""atten_dsr_VP021_gonogo1_rest_004_01"", ""atten_dsr_VP021_gonogo1_task_005_01"", ""atten_dsr_VP021_gonogo1_rest_005_00"", ""atten_dsr_VP021_gonogo1_rest_005_01"", ""atten_dsr_VP021_gonogo1_task_006_00"", ""atten_dsr_VP021_gonogo1_task_006_01"", ""atten_dsr_VP021_gonogo1_rest_006_00"", ""atten_dsr_VP021_gonogo2_task_001_01"", ""atten_dsr_VP021_gonogo2_rest_001_00"", ""atten_dsr_VP021_gonogo2_task_002_00"", ""atten_dsr_VP021_gonogo2_task_002_01"", ""atten_dsr_VP021_gonogo2_rest_002_01"", ""atten_dsr_VP021_gonogo2_task_003_00"", ""atten_dsr_VP021_gonogo2_task_003_01"", ""atten_dsr_VP021_gonogo2_rest_003_00"", ""atten_dsr_VP021_gonogo2_task_004_00"", ""atten_dsr_VP021_gonogo2_rest_004_01"", ""atten_dsr_VP021_gonogo2_task_005_00"", ""atten_dsr_VP021_gonogo2_task_005_01"", ""atten_dsr_VP021_gonogo2_rest_005_00"", ""atten_dsr_VP021_gonogo2_rest_005_01"", ""atten_dsr_VP021_gonogo2_task_006_00"", ""atten_dsr_VP021_gonogo2_task_006_01"", ""atten_dsr_VP021_gonogo2_rest_006_01"", ""atten_dsr_VP021_gonogo3_rest_001_01"", ""atten_dsr_VP021_gonogo3_task_002_00"", ""atten_dsr_VP021_gonogo3_task_002_01"", ""atten_dsr_VP021_gonogo3_rest_002_01"", ""atten_dsr_VP021_gonogo3_task_003_01"", ""atten_dsr_VP021_gonogo3_rest_003_01"", ""atten_dsr_VP021_gonogo3_task_004_01"", ""atten_dsr_VP021_gonogo3_rest_004_00"", ""atten_dsr_VP021_gonogo3_rest_004_01"", ""atten_dsr_VP021_gonogo3_task_005_00"", ""atten_dsr_VP021_gonogo3_task_005_01"", ""atten_dsr_VP021_gonogo3_rest_005_01"", ""atten_dsr_VP021_gonogo3_task_006_00"", ""atten_dsr_VP021_gonogo3_task_006_01"", ""atten_dsr_VP021_gonogo3_rest_006_00"", ""atten_dsr_VP021_gonogo3_rest_006_01""]",True,,0.8051707075705097,61,0.78,0.779205138498595,0.7840909090909092,0.78,0.56
VP022,2023,source_only,0.30,0.3055555555555556,22,50,"{""0"": 11, ""1"": 11}","{""0"": 25, ""1"": 25}","[""atten_dsr_VP022_gonogo1_task_002_00"", ""atten_dsr_VP022_gonogo1_task_003_00"", ""atten_dsr_VP022_gonogo1_task_004_00"", ""atten_dsr_VP022_gonogo1_task_004_01"", ""atten_dsr_VP022_gonogo1_rest_004_00"", ""atten_dsr_VP022_gonogo1_task_005_00"", ""atten_dsr_VP022_gonogo1_rest_006_01"", ""atten_dsr_VP022_gonogo2_task_001_00"", ""atten_dsr_VP022_gonogo2_rest_001_01"", ""atten_dsr_VP022_gonogo2_rest_002_00"", ""atten_dsr_VP022_gonogo2_rest_003_01"", ""atten_dsr_VP022_gonogo2_task_004_01"", ""atten_dsr_VP022_gonogo2_rest_004_00"", ""atten_dsr_VP022_gonogo2_rest_006_00"", ""atten_dsr_VP022_gonogo3_task_001_00"", ""atten_dsr_VP022_gonogo3_task_001_01"", ""atten_dsr_VP022_gonogo3_rest_001_00"", ""atten_dsr_VP022_gonogo3_rest_002_00"", ""atten_dsr_VP022_gonogo3_task_003_00"", ""atten_dsr_VP022_gonogo3_rest_003_00"", ""atten_dsr_VP022_gonogo3_task_004_00"", ""atten_dsr_VP022_gonogo3_rest_005_00""]","[""atten_dsr_VP022_gonogo1_task_001_00"", ""atten_dsr_VP022_gonogo1_task_001_01"", ""atten_dsr_VP022_gonogo1_rest_001_00"", ""atten_dsr_VP022_gonogo1_rest_001_01"", ""atten_dsr_VP022_gonogo1_task_002_01"", ""atten_dsr_VP022_gonogo1_rest_002_00"", ""atten_dsr_VP022_gonogo1_rest_002_01"", ""atten_dsr_VP022_gonogo1_task_003_01"", ""atten_dsr_VP022_gonogo1_rest_003_00"", ""atten_dsr_VP022_gonogo1_rest_003_01"", ""atten_dsr_VP022_gonogo1_rest_004_01"", ""atten_dsr_VP022_gonogo1_task_005_01"", ""atten_dsr_VP022_gonogo1_rest_005_00"", ""atten_dsr_VP022_gonogo1_rest_005_01"", ""atten_dsr_VP022_gonogo1_task_006_00"", ""atten_dsr_VP022_gonogo1_task_006_01"", ""atten_dsr_VP022_gonogo1_rest_006_00"", ""atten_dsr_VP022_gonogo2_task_001_01"", ""atten_dsr_VP022_gonogo2_rest_001_00"", ""atten_dsr_VP022_gonogo2_task_002_00"", ""atten_dsr_VP022_gonogo2_task_002_01"", ""atten_dsr_VP022_gonogo2_rest_002_01"", ""atten_dsr_VP022_gonogo2_task_003_00"", ""atten_dsr_VP022_gonogo2_task_003_01"", ""atten_dsr_VP022_gonogo2_rest_003_00"", ""atten_dsr_VP022_gonogo2_task_004_00"", ""atten_dsr_VP022_gonogo2_rest_004_01"", ""atten_dsr_VP022_gonogo2_task_005_00"", ""atten_dsr_VP022_gonogo2_task_005_01"", ""atten_dsr_VP022_gonogo2_rest_005_00"", ""atten_dsr_VP022_gonogo2_rest_005_01"", ""atten_dsr_VP022_gonogo2_task_006_00"", ""atten_dsr_VP022_gonogo2_task_006_01"", ""atten_dsr_VP022_gonogo2_rest_006_01"", ""atten_dsr_VP022_gonogo3_rest_001_01"", ""atten_dsr_VP022_gonogo3_task_002_00"", ""atten_dsr_VP022_gonogo3_task_002_01"", ""atten_dsr_VP022_gonogo3_rest_002_01"", ""atten_dsr_VP022_gonogo3_task_003_01"", ""atten_dsr_VP022_gonogo3_rest_003_01"", ""atten_dsr_VP022_gonogo3_task_004_01"", ""atten_dsr_VP022_gonogo3_rest_004_00"", ""atten_dsr_VP022_gonogo3_rest_004_01"", ""atten_dsr_VP022_gonogo3_task_005_00"", ""atten_dsr_VP022_gonogo3_task_005_01"", ""atten_dsr_VP022_gonogo3_rest_005_01"", ""atten_dsr_VP022_gonogo3_task_006_00"", ""atten_dsr_VP022_gonogo3_task_006_01"", ""atten_dsr_VP022_gonogo3_rest_006_00"", ""atten_dsr_VP022_gonogo3_rest_006_01""]",True,,0.8188279562399833,66,0.74,0.7312939231087227,0.7757352941176471,0.74,0.48
VP022,2023,existing_head_adaptation,0.30,0.3055555555555556,22,50,"{""0"": 11, ""1"": 11}","{""0"": 25, ""1"": 25}","[""atten_dsr_VP022_gonogo1_task_002_00"", ""atten_dsr_VP022_gonogo1_task_003_00"", ""atten_dsr_VP022_gonogo1_task_004_00"", ""atten_dsr_VP022_gonogo1_task_004_01"", ""atten_dsr_VP022_gonogo1_rest_004_00"", ""atten_dsr_VP022_gonogo1_task_005_00"", ""atten_dsr_VP022_gonogo1_rest_006_01"", ""atten_dsr_VP022_gonogo2_task_001_00"", ""atten_dsr_VP022_gonogo2_rest_001_01"", ""atten_dsr_VP022_gonogo2_rest_002_00"", ""atten_dsr_VP022_gonogo2_rest_003_01"", ""atten_dsr_VP022_gonogo2_task_004_01"", ""atten_dsr_VP022_gonogo2_rest_004_00"", ""atten_dsr_VP022_gonogo2_rest_006_00"", ""atten_dsr_VP022_gonogo3_task_001_00"", ""atten_dsr_VP022_gonogo3_task_001_01"", ""atten_dsr_VP022_gonogo3_rest_001_00"", ""atten_dsr_VP022_gonogo3_rest_002_00"", ""atten_dsr_VP022_gonogo3_task_003_00"", ""atten_dsr_VP022_gonogo3_rest_003_00"", ""atten_dsr_VP022_gonogo3_task_004_00"", ""atten_dsr_VP022_gonogo3_rest_005_00""]","[""atten_dsr_VP022_gonogo1_task_001_00"", ""atten_dsr_VP022_gonogo1_task_001_01"", ""atten_dsr_VP022_gonogo1_rest_001_00"", ""atten_dsr_VP022_gonogo1_rest_001_01"", ""atten_dsr_VP022_gonogo1_task_002_01"", ""atten_dsr_VP022_gonogo1_rest_002_00"", ""atten_dsr_VP022_gonogo1_rest_002_01"", ""atten_dsr_VP022_gonogo1_task_003_01"", ""atten_dsr_VP022_gonogo1_rest_003_00"", ""atten_dsr_VP022_gonogo1_rest_003_01"", ""atten_dsr_VP022_gonogo1_rest_004_01"", ""atten_dsr_VP022_gonogo1_task_005_01"", ""atten_dsr_VP022_gonogo1_rest_005_00"", ""atten_dsr_VP022_gonogo1_rest_005_01"", ""atten_dsr_VP022_gonogo1_task_006_00"", ""atten_dsr_VP022_gonogo1_task_006_01"", ""atten_dsr_VP022_gonogo1_rest_006_00"", ""atten_dsr_VP022_gonogo2_task_001_01"", ""atten_dsr_VP022_gonogo2_rest_001_00"", ""atten_dsr_VP022_gonogo2_task_002_00"", ""atten_dsr_VP022_gonogo2_task_002_01"", ""atten_dsr_VP022_gonogo2_rest_002_01"", ""atten_dsr_VP022_gonogo2_task_003_00"", ""atten_dsr_VP022_gonogo2_task_003_01"", ""atten_dsr_VP022_gonogo2_rest_003_00"", ""atten_dsr_VP022_gonogo2_task_004_00"", ""atten_dsr_VP022_gonogo2_rest_004_01"", ""atten_dsr_VP022_gonogo2_task_005_00"", ""atten_dsr_VP022_gonogo2_task_005_01"", ""atten_dsr_VP022_gonogo2_rest_005_00"", ""atten_dsr_VP022_gonogo2_rest_005_01"", ""atten_dsr_VP022_gonogo2_task_006_00"", ""atten_dsr_VP022_gonogo2_task_006_01"", ""atten_dsr_VP022_gonogo2_rest_006_01"", ""atten_dsr_VP022_gonogo3_rest_001_01"", ""atten_dsr_VP022_gonogo3_task_002_00"", ""atten_dsr_VP022_gonogo3_task_002_01"", ""atten_dsr_VP022_gonogo3_rest_002_01"", ""atten_dsr_VP022_gonogo3_task_003_01"", ""atten_dsr_VP022_gonogo3_rest_003_01"", ""atten_dsr_VP022_gonogo3_task_004_01"", ""atten_dsr_VP022_gonogo3_rest_004_00"", ""atten_dsr_VP022_gonogo3_rest_004_01"", ""atten_dsr_VP022_gonogo3_task_005_00"", ""atten_dsr_VP022_gonogo3_task_005_01"", ""atten_dsr_VP022_gonogo3_rest_005_01"", ""atten_dsr_VP022_gonogo3_task_006_00"", ""atten_dsr_VP022_gonogo3_task_006_01"", ""atten_dsr_VP022_gonogo3_rest_006_00"", ""atten_dsr_VP022_gonogo3_rest_006_01""]",True,,0.8188279562399833,66,0.68,0.68,0.68,0.68,0.36
VP023,2023,source_only,0.30,0.3055555555555556,22,50,"{""0"": 11, ""1"": 11}","{""0"": 25, ""1"": 25}","[""atten_dsr_VP023_gonogo1_task_002_00"", ""atten_dsr_VP023_gonogo1_task_003_00"", ""atten_dsr_VP023_gonogo1_task_004_00"", ""atten_dsr_VP023_gonogo1_task_004_01"", ""atten_dsr_VP023_gonogo1_rest_004_00"", ""atten_dsr_VP023_gonogo1_task_005_00"", ""atten_dsr_VP023_gonogo1_rest_006_01"", ""atten_dsr_VP023_gonogo2_task_001_00"", ""atten_dsr_VP023_gonogo2_rest_001_01"", ""atten_dsr_VP023_gonogo2_rest_002_00"", ""atten_dsr_VP023_gonogo2_rest_003_01"", ""atten_dsr_VP023_gonogo2_task_004_01"", ""atten_dsr_VP023_gonogo2_rest_004_00"", ""atten_dsr_VP023_gonogo2_rest_006_00"", ""atten_dsr_VP023_gonogo3_task_001_00"", ""atten_dsr_VP023_gonogo3_task_001_01"", ""atten_dsr_VP023_gonogo3_rest_001_00"", ""atten_dsr_VP023_gonogo3_rest_002_00"", ""atten_dsr_VP023_gonogo3_task_003_00"", ""atten_dsr_VP023_gonogo3_rest_003_00"", ""atten_dsr_VP023_gonogo3_task_004_00"", ""atten_dsr_VP023_gonogo3_rest_005_00""]","[""atten_dsr_VP023_gonogo1_task_001_00"", ""atten_dsr_VP023_gonogo1_task_001_01"", ""atten_dsr_VP023_gonogo1_rest_001_00"", ""atten_dsr_VP023_gonogo1_rest_001_01"", ""atten_dsr_VP023_gonogo1_task_002_01"", ""atten_dsr_VP023_gonogo1_rest_002_00"", ""atten_dsr_VP023_gonogo1_rest_002_01"", ""atten_dsr_VP023_gonogo1_task_003_01"", ""atten_dsr_VP023_gonogo1_rest_003_00"", ""atten_dsr_VP023_gonogo1_rest_003_01"", ""atten_dsr_VP023_gonogo1_rest_004_01"", ""atten_dsr_VP023_gonogo1_task_005_01"", ""atten_dsr_VP023_gonogo1_rest_005_00"", ""atten_dsr_VP023_gonogo1_rest_005_01"", ""atten_dsr_VP023_gonogo1_task_006_00"", ""atten_dsr_VP023_gonogo1_task_006_01"", ""atten_dsr_VP023_gonogo1_rest_006_00"", ""atten_dsr_VP023_gonogo2_task_001_01"", ""atten_dsr_VP023_gonogo2_rest_001_00"", ""atten_dsr_VP023_gonogo2_task_002_00"", ""atten_dsr_VP023_gonogo2_task_002_01"", ""atten_dsr_VP023_gonogo2_rest_002_01"", ""atten_dsr_VP023_gonogo2_task_003_00"", ""atten_dsr_VP023_gonogo2_task_003_01"", ""atten_dsr_VP023_gonogo2_rest_003_00"", ""atten_dsr_VP023_gonogo2_task_004_00"", ""atten_dsr_VP023_gonogo2_rest_004_01"", ""atten_dsr_VP023_gonogo2_task_005_00"", ""atten_dsr_VP023_gonogo2_task_005_01"", ""atten_dsr_VP023_gonogo2_rest_005_00"", ""atten_dsr_VP023_gonogo2_rest_005_01"", ""atten_dsr_VP023_gonogo2_task_006_00"", ""atten_dsr_VP023_gonogo2_task_006_01"", ""atten_dsr_VP023_gonogo2_rest_006_01"", ""atten_dsr_VP023_gonogo3_rest_001_01"", ""atten_dsr_VP023_gonogo3_task_002_00"", ""atten_dsr_VP023_gonogo3_task_002_01"", ""atten_dsr_VP023_gonogo3_rest_002_01"", ""atten_dsr_VP023_gonogo3_task_003_01"", ""atten_dsr_VP023_gonogo3_rest_003_01"", ""atten_dsr_VP023_gonogo3_task_004_01"", ""atten_dsr_VP023_gonogo3_rest_004_00"", ""atten_dsr_VP023_gonogo3_rest_004_01"", ""atten_dsr_VP023_gonogo3_task_005_00"", ""atten_dsr_VP023_gonogo3_task_005_01"", ""atten_dsr_VP023_gonogo3_rest_005_01"", ""atten_dsr_VP023_gonogo3_task_006_00"", ""atten_dsr_VP023_gonogo3_task_006_01"", ""atten_dsr_VP023_gonogo3_rest_006_00"", ""atten_dsr_VP023_gonogo3_rest_006_01""]",True,,0.8221728257849403,61,0.66,0.6598639455782312,0.6602564102564102,0.66,0.31999999999999995
VP023,2023,existing_head_adaptation,0.30,0.3055555555555556,22,50,"{""0"": 11, ""1"": 11}","{""0"": 25, ""1"": 25}","[""atten_dsr_VP023_gonogo1_task_002_00"", ""atten_dsr_VP023_gonogo1_task_003_00"", ""atten_dsr_VP023_gonogo1_task_004_00"", ""atten_dsr_VP023_gonogo1_task_004_01"", ""atten_dsr_VP023_gonogo1_rest_004_00"", ""atten_dsr_VP023_gonogo1_task_005_00"", ""atten_dsr_VP023_gonogo1_rest_006_01"", ""atten_dsr_VP023_gonogo2_task_001_00"", ""atten_dsr_VP023_gonogo2_rest_001_01"", ""atten_dsr_VP023_gonogo2_rest_002_00"", ""atten_dsr_VP023_gonogo2_rest_003_01"", ""atten_dsr_VP023_gonogo2_task_004_01"", ""atten_dsr_VP023_gonogo2_rest_004_00"", ""atten_dsr_VP023_gonogo2_rest_006_00"", ""atten_dsr_VP023_gonogo3_task_001_00"", ""atten_dsr_VP023_gonogo3_task_001_01"", ""atten_dsr_VP023_gonogo3_rest_001_00"", ""atten_dsr_VP023_gonogo3_rest_002_00"", ""atten_dsr_VP023_gonogo3_task_003_00"", ""atten_dsr_VP023_gonogo3_rest_003_00"", ""atten_dsr_VP023_gonogo3_task_004_00"", ""atten_dsr_VP023_gonogo3_rest_005_00""]","[""atten_dsr_VP023_gonogo1_task_001_00"", ""atten_dsr_VP023_gonogo1_task_001_01"", ""atten_dsr_VP023_gonogo1_rest_001_00"", ""atten_dsr_VP023_gonogo1_rest_001_01"", ""atten_dsr_VP023_gonogo1_task_002_01"", ""atten_dsr_VP023_gonogo1_rest_002_00"", ""atten_dsr_VP023_gonogo1_rest_002_01"", ""atten_dsr_VP023_gonogo1_task_003_01"", ""atten_dsr_VP023_gonogo1_rest_003_00"", ""atten_dsr_VP023_gonogo1_rest_003_01"", ""atten_dsr_VP023_gonogo1_rest_004_01"", ""atten_dsr_VP023_gonogo1_task_005_01"", ""atten_dsr_VP023_gonogo1_rest_005_00"", ""atten_dsr_VP023_gonogo1_rest_005_01"", ""atten_dsr_VP023_gonogo1_task_006_00"", ""atten_dsr_VP023_gonogo1_task_006_01"", ""atten_dsr_VP023_gonogo1_rest_006_00"", ""atten_dsr_VP023_gonogo2_task_001_01"", ""atten_dsr_VP023_gonogo2_rest_001_00"", ""atten_dsr_VP023_gonogo2_task_002_00"", ""atten_dsr_VP023_gonogo2_task_002_01"", ""atten_dsr_VP023_gonogo2_rest_002_01"", ""atten_dsr_VP023_gonogo2_task_003_00"", ""atten_dsr_VP023_gonogo2_task_003_01"", ""atten_dsr_VP023_gonogo2_rest_003_00"", ""atten_dsr_VP023_gonogo2_task_004_00"", ""atten_dsr_VP023_gonogo2_rest_004_01"", ""atten_dsr_VP023_gonogo2_task_005_00"", ""atten_dsr_VP023_gonogo2_task_005_01"", ""atten_dsr_VP023_gonogo2_rest_005_00"", ""atten_dsr_VP023_gonogo2_rest_005_01"", ""atten_dsr_VP023_gonogo2_task_006_00"", ""atten_dsr_VP023_gonogo2_task_006_01"", ""atten_dsr_VP023_gonogo2_rest_006_01"", ""atten_dsr_VP023_gonogo3_rest_001_01"", ""atten_dsr_VP023_gonogo3_task_002_00"", ""atten_dsr_VP023_gonogo3_task_002_01"", ""atten_dsr_VP023_gonogo3_rest_002_01"", ""atten_dsr_VP023_gonogo3_task_003_01"", ""atten_dsr_VP023_gonogo3_rest_003_01"", ""atten_dsr_VP023_gonogo3_task_004_01"", ""atten_dsr_VP023_gonogo3_rest_004_00"", ""atten_dsr_VP023_gonogo3_rest_004_01"", ""atten_dsr_VP023_gonogo3_task_005_00"", ""atten_dsr_VP023_gonogo3_task_005_01"", ""atten_dsr_VP023_gonogo3_rest_005_01"", ""atten_dsr_VP023_gonogo3_task_006_00"", ""atten_dsr_VP023_gonogo3_task_006_01"", ""atten_dsr_VP023_gonogo3_rest_006_00"", ""atten_dsr_VP023_gonogo3_rest_006_01""]",True,,0.8221728257849403,61,0.68,0.677938808373591,0.6847290640394088,0.6799999999999999,0.36
VP024,2023,source_only,0.30,0.3055555555555556,22,50,"{""0"": 11, ""1"": 11}","{""0"": 25, ""1"": 25}","[""atten_dsr_VP024_gonogo1_task_002_00"", ""atten_dsr_VP024_gonogo1_task_003_00"", ""atten_dsr_VP024_gonogo1_task_004_00"", ""atten_dsr_VP024_gonogo1_task_004_01"", ""atten_dsr_VP024_gonogo1_rest_004_00"", ""atten_dsr_VP024_gonogo1_task_005_00"", ""atten_dsr_VP024_gonogo1_rest_006_01"", ""atten_dsr_VP024_gonogo2_task_001_00"", ""atten_dsr_VP024_gonogo2_rest_001_01"", ""atten_dsr_VP024_gonogo2_rest_002_00"", ""atten_dsr_VP024_gonogo2_rest_003_01"", ""atten_dsr_VP024_gonogo2_task_004_01"", ""atten_dsr_VP024_gonogo2_rest_004_00"", ""atten_dsr_VP024_gonogo2_rest_006_00"", ""atten_dsr_VP024_gonogo3_task_001_00"", ""atten_dsr_VP024_gonogo3_task_001_01"", ""atten_dsr_VP024_gonogo3_rest_001_00"", ""atten_dsr_VP024_gonogo3_rest_002_00"", ""atten_dsr_VP024_gonogo3_task_003_00"", ""atten_dsr_VP024_gonogo3_rest_003_00"", ""atten_dsr_VP024_gonogo3_task_004_00"", ""atten_dsr_VP024_gonogo3_rest_005_00""]","[""atten_dsr_VP024_gonogo1_task_001_00"", ""atten_dsr_VP024_gonogo1_task_001_01"", ""atten_dsr_VP024_gonogo1_rest_001_00"", ""atten_dsr_VP024_gonogo1_rest_001_01"", ""atten_dsr_VP024_gonogo1_task_002_01"", ""atten_dsr_VP024_gonogo1_rest_002_00"", ""atten_dsr_VP024_gonogo1_rest_002_01"", ""atten_dsr_VP024_gonogo1_task_003_01"", ""atten_dsr_VP024_gonogo1_rest_003_00"", ""atten_dsr_VP024_gonogo1_rest_003_01"", ""atten_dsr_VP024_gonogo1_rest_004_01"", ""atten_dsr_VP024_gonogo1_task_005_01"", ""atten_dsr_VP024_gonogo1_rest_005_00"", ""atten_dsr_VP024_gonogo1_rest_005_01"", ""atten_dsr_VP024_gonogo1_task_006_00"", ""atten_dsr_VP024_gonogo1_task_006_01"", ""atten_dsr_VP024_gonogo1_rest_006_00"", ""atten_dsr_VP024_gonogo2_task_001_01"", ""atten_dsr_VP024_gonogo2_rest_001_00"", ""atten_dsr_VP024_gonogo2_task_002_00"", ""atten_dsr_VP024_gonogo2_task_002_01"", ""atten_dsr_VP024_gonogo2_rest_002_01"", ""atten_dsr_VP024_gonogo2_task_003_00"", ""atten_dsr_VP024_gonogo2_task_003_01"", ""atten_dsr_VP024_gonogo2_rest_003_00"", ""atten_dsr_VP024_gonogo2_task_004_00"", ""atten_dsr_VP024_gonogo2_rest_004_01"", ""atten_dsr_VP024_gonogo2_task_005_00"", ""atten_dsr_VP024_gonogo2_task_005_01"", ""atten_dsr_VP024_gonogo2_rest_005_00"", ""atten_dsr_VP024_gonogo2_rest_005_01"", ""atten_dsr_VP024_gonogo2_task_006_00"", ""atten_dsr_VP024_gonogo2_task_006_01"", ""atten_dsr_VP024_gonogo2_rest_006_01"", ""atten_dsr_VP024_gonogo3_rest_001_01"", ""atten_dsr_VP024_gonogo3_task_002_00"", ""atten_dsr_VP024_gonogo3_task_002_01"", ""atten_dsr_VP024_gonogo3_rest_002_01"", ""atten_dsr_VP024_gonogo3_task_003_01"", ""atten_dsr_VP024_gonogo3_rest_003_01"", ""atten_dsr_VP024_gonogo3_task_004_01"", ""atten_dsr_VP024_gonogo3_rest_004_00"", ""atten_dsr_VP024_gonogo3_rest_004_01"", ""atten_dsr_VP024_gonogo3_task_005_00"", ""atten_dsr_VP024_gonogo3_task_005_01"", ""atten_dsr_VP024_gonogo3_rest_005_01"", ""atten_dsr_VP024_gonogo3_task_006_00"", ""atten_dsr_VP024_gonogo3_task_006_01"", ""atten_dsr_VP024_gonogo3_rest_006_00"", ""atten_dsr_VP024_gonogo3_rest_006_01""]",True,,0.7966558082312614,65,0.66,0.6155585707824514,0.7976190476190477,0.66,0.31999999999999995
VP024,2023,existing_head_adaptation,0.30,0.3055555555555556,22,50,"{""0"": 11, ""1"": 11}","{""0"": 25, ""1"": 25}","[""atten_dsr_VP024_gonogo1_task_002_00"", ""atten_dsr_VP024_gonogo1_task_003_00"", ""atten_dsr_VP024_gonogo1_task_004_00"", ""atten_dsr_VP024_gonogo1_task_004_01"", ""atten_dsr_VP024_gonogo1_rest_004_00"", ""atten_dsr_VP024_gonogo1_task_005_00"", ""atten_dsr_VP024_gonogo1_rest_006_01"", ""atten_dsr_VP024_gonogo2_task_001_00"", ""atten_dsr_VP024_gonogo2_rest_001_01"", ""atten_dsr_VP024_gonogo2_rest_002_00"", ""atten_dsr_VP024_gonogo2_rest_003_01"", ""atten_dsr_VP024_gonogo2_task_004_01"", ""atten_dsr_VP024_gonogo2_rest_004_00"", ""atten_dsr_VP024_gonogo2_rest_006_00"", ""atten_dsr_VP024_gonogo3_task_001_00"", ""atten_dsr_VP024_gonogo3_task_001_01"", ""atten_dsr_VP024_gonogo3_rest_001_00"", ""atten_dsr_VP024_gonogo3_rest_002_00"", ""atten_dsr_VP024_gonogo3_task_003_00"", ""atten_dsr_VP024_gonogo3_rest_003_00"", ""atten_dsr_VP024_gonogo3_task_004_00"", ""atten_dsr_VP024_gonogo3_rest_005_00""]","[""atten_dsr_VP024_gonogo1_task_001_00"", ""atten_dsr_VP024_gonogo1_task_001_01"", ""atten_dsr_VP024_gonogo1_rest_001_00"", ""atten_dsr_VP024_gonogo1_rest_001_01"", ""atten_dsr_VP024_gonogo1_task_002_01"", ""atten_dsr_VP024_gonogo1_rest_002_00"", ""atten_dsr_VP024_gonogo1_rest_002_01"", ""atten_dsr_VP024_gonogo1_task_003_01"", ""atten_dsr_VP024_gonogo1_rest_003_00"", ""atten_dsr_VP024_gonogo1_rest_003_01"", ""atten_dsr_VP024_gonogo1_rest_004_01"", ""atten_dsr_VP024_gonogo1_task_005_01"", ""atten_dsr_VP024_gonogo1_rest_005_00"", ""atten_dsr_VP024_gonogo1_rest_005_01"", ""atten_dsr_VP024_gonogo1_task_006_00"", ""atten_dsr_VP024_gonogo1_task_006_01"", ""atten_dsr_VP024_gonogo1_rest_006_00"", ""atten_dsr_VP024_gonogo2_task_001_01"", ""atten_dsr_VP024_gonogo2_rest_001_00"", ""atten_dsr_VP024_gonogo2_task_002_00"", ""atten_dsr_VP024_gonogo2_task_002_01"", ""atten_dsr_VP024_gonogo2_rest_002_01"", ""atten_dsr_VP024_gonogo2_task_003_00"", ""atten_dsr_VP024_gonogo2_task_003_01"", ""atten_dsr_VP024_gonogo2_rest_003_00"", ""atten_dsr_VP024_gonogo2_task_004_00"", ""atten_dsr_VP024_gonogo2_rest_004_01"", ""atten_dsr_VP024_gonogo2_task_005_00"", ""atten_dsr_VP024_gonogo2_task_005_01"", ""atten_dsr_VP024_gonogo2_rest_005_00"", ""atten_dsr_VP024_gonogo2_rest_005_01"", ""atten_dsr_VP024_gonogo2_task_006_00"", ""atten_dsr_VP024_gonogo2_task_006_01"", ""atten_dsr_VP024_gonogo2_rest_006_01"", ""atten_dsr_VP024_gonogo3_rest_001_01"", ""atten_dsr_VP024_gonogo3_task_002_00"", ""atten_dsr_VP024_gonogo3_task_002_01"", ""atten_dsr_VP024_gonogo3_rest_002_01"", ""atten_dsr_VP024_gonogo3_task_003_01"", ""atten_dsr_VP024_gonogo3_rest_003_01"", ""atten_dsr_VP024_gonogo3_task_004_01"", ""atten_dsr_VP024_gonogo3_rest_004_00"", ""atten_dsr_VP024_gonogo3_rest_004_01"", ""atten_dsr_VP024_gonogo3_task_005_00"", ""atten_dsr_VP024_gonogo3_task_005_01"", ""atten_dsr_VP024_gonogo3_rest_005_01"", ""atten_dsr_VP024_gonogo3_task_006_00"", ""atten_dsr_VP024_gonogo3_task_006_01"", ""atten_dsr_VP024_gonogo3_rest_006_00"", ""atten_dsr_VP024_gonogo3_rest_006_01""]",True,,0.7966558082312614,65,0.84,0.8389694041867954,0.8489326765188834,0.8400000000000001,0.6799999999999999
VP025,2023,source_only,0.30,0.3055555555555556,22,50,"{""0"": 11, ""1"": 11}","{""0"": 25, ""1"": 25}","[""atten_dsr_VP025_gonogo1_task_002_00"", ""atten_dsr_VP025_gonogo1_task_003_00"", ""atten_dsr_VP025_gonogo1_task_004_00"", ""atten_dsr_VP025_gonogo1_task_004_01"", ""atten_dsr_VP025_gonogo1_rest_004_00"", ""atten_dsr_VP025_gonogo1_task_005_00"", ""atten_dsr_VP025_gonogo1_rest_006_01"", ""atten_dsr_VP025_gonogo2_task_001_00"", ""atten_dsr_VP025_gonogo2_rest_001_01"", ""atten_dsr_VP025_gonogo2_rest_002_00"", ""atten_dsr_VP025_gonogo2_rest_003_01"", ""atten_dsr_VP025_gonogo2_task_004_01"", ""atten_dsr_VP025_gonogo2_rest_004_00"", ""atten_dsr_VP025_gonogo2_rest_006_00"", ""atten_dsr_VP025_gonogo3_task_001_00"", ""atten_dsr_VP025_gonogo3_task_001_01"", ""atten_dsr_VP025_gonogo3_rest_001_00"", ""atten_dsr_VP025_gonogo3_rest_002_00"", ""atten_dsr_VP025_gonogo3_task_003_00"", ""atten_dsr_VP025_gonogo3_rest_003_00"", ""atten_dsr_VP025_gonogo3_task_004_00"", ""atten_dsr_VP025_gonogo3_rest_005_00""]","[""atten_dsr_VP025_gonogo1_task_001_00"", ""atten_dsr_VP025_gonogo1_task_001_01"", ""atten_dsr_VP025_gonogo1_rest_001_00"", ""atten_dsr_VP025_gonogo1_rest_001_01"", ""atten_dsr_VP025_gonogo1_task_002_01"", ""atten_dsr_VP025_gonogo1_rest_002_00"", ""atten_dsr_VP025_gonogo1_rest_002_01"", ""atten_dsr_VP025_gonogo1_task_003_01"", ""atten_dsr_VP025_gonogo1_rest_003_00"", ""atten_dsr_VP025_gonogo1_rest_003_01"", ""atten_dsr_VP025_gonogo1_rest_004_01"", ""atten_dsr_VP025_gonogo1_task_005_01"", ""atten_dsr_VP025_gonogo1_rest_005_00"", ""atten_dsr_VP025_gonogo1_rest_005_01"", ""atten_dsr_VP025_gonogo1_task_006_00"", ""atten_dsr_VP025_gonogo1_task_006_01"", ""atten_dsr_VP025_gonogo1_rest_006_00"", ""atten_dsr_VP025_gonogo2_task_001_01"", ""atten_dsr_VP025_gonogo2_rest_001_00"", ""atten_dsr_VP025_gonogo2_task_002_00"", ""atten_dsr_VP025_gonogo2_task_002_01"", ""atten_dsr_VP025_gonogo2_rest_002_01"", ""atten_dsr_VP025_gonogo2_task_003_00"", ""atten_dsr_VP025_gonogo2_task_003_01"", ""atten_dsr_VP025_gonogo2_rest_003_00"", ""atten_dsr_VP025_gonogo2_task_004_00"", ""atten_dsr_VP025_gonogo2_rest_004_01"", ""atten_dsr_VP025_gonogo2_task_005_00"", ""atten_dsr_VP025_gonogo2_task_005_01"", ""atten_dsr_VP025_gonogo2_rest_005_00"", ""atten_dsr_VP025_gonogo2_rest_005_01"", ""atten_dsr_VP025_gonogo2_task_006_00"", ""atten_dsr_VP025_gonogo2_task_006_01"", ""atten_dsr_VP025_gonogo2_rest_006_01"", ""atten_dsr_VP025_gonogo3_rest_001_01"", ""atten_dsr_VP025_gonogo3_task_002_00"", ""atten_dsr_VP025_gonogo3_task_002_01"", ""atten_dsr_VP025_gonogo3_rest_002_01"", ""atten_dsr_VP025_gonogo3_task_003_01"", ""atten_dsr_VP025_gonogo3_rest_003_01"", ""atten_dsr_VP025_gonogo3_task_004_01"", ""atten_dsr_VP025_gonogo3_rest_004_00"", ""atten_dsr_VP025_gonogo3_rest_004_01"", ""atten_dsr_VP025_gonogo3_task_005_00"", ""atten_dsr_VP025_gonogo3_task_005_01"", ""atten_dsr_VP025_gonogo3_rest_005_01"", ""atten_dsr_VP025_gonogo3_task_006_00"", ""atten_dsr_VP025_gonogo3_task_006_01"", ""atten_dsr_VP025_gonogo3_rest_006_00"", ""atten_dsr_VP025_gonogo3_rest_006_01""]",True,,0.8045360057087897,61,0.76,0.7453310696095077,0.8378378378378378,0.76,0.52
VP025,2023,existing_head_adaptation,0.30,0.3055555555555556,22,50,"{""0"": 11, ""1"": 11}","{""0"": 25, ""1"": 25}","[""atten_dsr_VP025_gonogo1_task_002_00"", ""atten_dsr_VP025_gonogo1_task_003_00"", ""atten_dsr_VP025_gonogo1_task_004_00"", ""atten_dsr_VP025_gonogo1_task_004_01"", ""atten_dsr_VP025_gonogo1_rest_004_00"", ""atten_dsr_VP025_gonogo1_task_005_00"", ""atten_dsr_VP025_gonogo1_rest_006_01"", ""atten_dsr_VP025_gonogo2_task_001_00"", ""atten_dsr_VP025_gonogo2_rest_001_01"", ""atten_dsr_VP025_gonogo2_rest_002_00"", ""atten_dsr_VP025_gonogo2_rest_003_01"", ""atten_dsr_VP025_gonogo2_task_004_01"", ""atten_dsr_VP025_gonogo2_rest_004_00"", ""atten_dsr_VP025_gonogo2_rest_006_00"", ""atten_dsr_VP025_gonogo3_task_001_00"", ""atten_dsr_VP025_gonogo3_task_001_01"", ""atten_dsr_VP025_gonogo3_rest_001_00"", ""atten_dsr_VP025_gonogo3_rest_002_00"", ""atten_dsr_VP025_gonogo3_task_003_00"", ""atten_dsr_VP025_gonogo3_rest_003_00"", ""atten_dsr_VP025_gonogo3_task_004_00"", ""atten_dsr_VP025_gonogo3_rest_005_00""]","[""atten_dsr_VP025_gonogo1_task_001_00"", ""atten_dsr_VP025_gonogo1_task_001_01"", ""atten_dsr_VP025_gonogo1_rest_001_00"", ""atten_dsr_VP025_gonogo1_rest_001_01"", ""atten_dsr_VP025_gonogo1_task_002_01"", ""atten_dsr_VP025_gonogo1_rest_002_00"", ""atten_dsr_VP025_gonogo1_rest_002_01"", ""atten_dsr_VP025_gonogo1_task_003_01"", ""atten_dsr_VP025_gonogo1_rest_003_00"", ""atten_dsr_VP025_gonogo1_rest_003_01"", ""atten_dsr_VP025_gonogo1_rest_004_01"", ""atten_dsr_VP025_gonogo1_task_005_01"", ""atten_dsr_VP025_gonogo1_rest_005_00"", ""atten_dsr_VP025_gonogo1_rest_005_01"", ""atten_dsr_VP025_gonogo1_task_006_00"", ""atten_dsr_VP025_gonogo1_task_006_01"", ""atten_dsr_VP025_gonogo1_rest_006_00"", ""atten_dsr_VP025_gonogo2_task_001_01"", ""atten_dsr_VP025_gonogo2_rest_001_00"", ""atten_dsr_VP025_gonogo2_task_002_00"", ""atten_dsr_VP025_gonogo2_task_002_01"", ""atten_dsr_VP025_gonogo2_rest_002_01"", ""atten_dsr_VP025_gonogo2_task_003_00"", ""atten_dsr_VP025_gonogo2_task_003_01"", ""atten_dsr_VP025_gonogo2_rest_003_00"", ""atten_dsr_VP025_gonogo2_task_004_00"", ""atten_dsr_VP025_gonogo2_rest_004_01"", ""atten_dsr_VP025_gonogo2_task_005_00"", ""atten_dsr_VP025_gonogo2_task_005_01"", ""atten_dsr_VP025_gonogo2_rest_005_00"", ""atten_dsr_VP025_gonogo2_rest_005_01"", ""atten_dsr_VP025_gonogo2_task_006_00"", ""atten_dsr_VP025_gonogo2_task_006_01"", ""atten_dsr_VP025_gonogo2_rest_006_01"", ""atten_dsr_VP025_gonogo3_rest_001_01"", ""atten_dsr_VP025_gonogo3_task_002_00"", ""atten_dsr_VP025_gonogo3_task_002_01"", ""atten_dsr_VP025_gonogo3_rest_002_01"", ""atten_dsr_VP025_gonogo3_task_003_01"", ""atten_dsr_VP025_gonogo3_rest_003_01"", ""atten_dsr_VP025_gonogo3_task_004_01"", ""atten_dsr_VP025_gonogo3_rest_004_00"", ""atten_dsr_VP025_gonogo3_rest_004_01"", ""atten_dsr_VP025_gonogo3_task_005_00"", ""atten_dsr_VP025_gonogo3_task_005_01"", ""atten_dsr_VP025_gonogo3_rest_005_01"", ""atten_dsr_VP025_gonogo3_task_006_00"", ""atten_dsr_VP025_gonogo3_task_006_01"", ""atten_dsr_VP025_gonogo3_rest_006_00"", ""atten_dsr_VP025_gonogo3_rest_006_01""]",True,,0.8045360057087897,61,0.88,0.8792270531400965,0.8899835796387521,0.88,0.76
VP026,2023,source_only,0.30,0.3055555555555556,22,50,"{""0"": 11, ""1"": 11}","{""0"": 25, ""1"": 25}","[""atten_dsr_VP026_gonogo1_task_002_00"", ""atten_dsr_VP026_gonogo1_task_003_00"", ""atten_dsr_VP026_gonogo1_task_004_00"", ""atten_dsr_VP026_gonogo1_task_004_01"", ""atten_dsr_VP026_gonogo1_rest_004_00"", ""atten_dsr_VP026_gonogo1_task_005_00"", ""atten_dsr_VP026_gonogo1_rest_006_01"", ""atten_dsr_VP026_gonogo2_task_001_00"", ""atten_dsr_VP026_gonogo2_rest_001_01"", ""atten_dsr_VP026_gonogo2_rest_002_00"", ""atten_dsr_VP026_gonogo2_rest_003_01"", ""atten_dsr_VP026_gonogo2_task_004_01"", ""atten_dsr_VP026_gonogo2_rest_004_00"", ""atten_dsr_VP026_gonogo2_rest_006_00"", ""atten_dsr_VP026_gonogo3_task_001_00"", ""atten_dsr_VP026_gonogo3_task_001_01"", ""atten_dsr_VP026_gonogo3_rest_001_00"", ""atten_dsr_VP026_gonogo3_rest_002_00"", ""atten_dsr_VP026_gonogo3_task_003_00"", ""atten_dsr_VP026_gonogo3_rest_003_00"", ""atten_dsr_VP026_gonogo3_task_004_00"", ""atten_dsr_VP026_gonogo3_rest_005_00""]","[""atten_dsr_VP026_gonogo1_task_001_00"", ""atten_dsr_VP026_gonogo1_task_001_01"", ""atten_dsr_VP026_gonogo1_rest_001_00"", ""atten_dsr_VP026_gonogo1_rest_001_01"", ""atten_dsr_VP026_gonogo1_task_002_01"", ""atten_dsr_VP026_gonogo1_rest_002_00"", ""atten_dsr_VP026_gonogo1_rest_002_01"", ""atten_dsr_VP026_gonogo1_task_003_01"", ""atten_dsr_VP026_gonogo1_rest_003_00"", ""atten_dsr_VP026_gonogo1_rest_003_01"", ""atten_dsr_VP026_gonogo1_rest_004_01"", ""atten_dsr_VP026_gonogo1_task_005_01"", ""atten_dsr_VP026_gonogo1_rest_005_00"", ""atten_dsr_VP026_gonogo1_rest_005_01"", ""atten_dsr_VP026_gonogo1_task_006_00"", ""atten_dsr_VP026_gonogo1_task_006_01"", ""atten_dsr_VP026_gonogo1_rest_006_00"", ""atten_dsr_VP026_gonogo2_task_001_01"", ""atten_dsr_VP026_gonogo2_rest_001_00"", ""atten_dsr_VP026_gonogo2_task_002_00"", ""atten_dsr_VP026_gonogo2_task_002_01"", ""atten_dsr_VP026_gonogo2_rest_002_01"", ""atten_dsr_VP026_gonogo2_task_003_00"", ""atten_dsr_VP026_gonogo2_task_003_01"", ""atten_dsr_VP026_gonogo2_rest_003_00"", ""atten_dsr_VP026_gonogo2_task_004_00"", ""atten_dsr_VP026_gonogo2_rest_004_01"", ""atten_dsr_VP026_gonogo2_task_005_00"", ""atten_dsr_VP026_gonogo2_task_005_01"", ""atten_dsr_VP026_gonogo2_rest_005_00"", ""atten_dsr_VP026_gonogo2_rest_005_01"", ""atten_dsr_VP026_gonogo2_task_006_00"", ""atten_dsr_VP026_gonogo2_task_006_01"", ""atten_dsr_VP026_gonogo2_rest_006_01"", ""atten_dsr_VP026_gonogo3_rest_001_01"", ""atten_dsr_VP026_gonogo3_task_002_00"", ""atten_dsr_VP026_gonogo3_task_002_01"", ""atten_dsr_VP026_gonogo3_rest_002_01"", ""atten_dsr_VP026_gonogo3_task_003_01"", ""atten_dsr_VP026_gonogo3_rest_003_01"", ""atten_dsr_VP026_gonogo3_task_004_01"", ""atten_dsr_VP026_gonogo3_rest_004_00"", ""atten_dsr_VP026_gonogo3_rest_004_01"", ""atten_dsr_VP026_gonogo3_task_005_00"", ""atten_dsr_VP026_gonogo3_task_005_01"", ""atten_dsr_VP026_gonogo3_rest_005_01"", ""atten_dsr_VP026_gonogo3_task_006_00"", ""atten_dsr_VP026_gonogo3_task_006_01"", ""atten_dsr_VP026_gonogo3_rest_006_00"", ""atten_dsr_VP026_gonogo3_rest_006_01""]",True,,0.7722222222222223,53,0.7,0.6847414880201765,0.748015873015873,0.7,0.4
VP026,2023,existing_head_adaptation,0.30,0.3055555555555556,22,50,"{""0"": 11, ""1"": 11}","{""0"": 25, ""1"": 25}","[""atten_dsr_VP026_gonogo1_task_002_00"", ""atten_dsr_VP026_gonogo1_task_003_00"", ""atten_dsr_VP026_gonogo1_task_004_00"", ""atten_dsr_VP026_gonogo1_task_004_01"", ""atten_dsr_VP026_gonogo1_rest_004_00"", ""atten_dsr_VP026_gonogo1_task_005_00"", ""atten_dsr_VP026_gonogo1_rest_006_01"", ""atten_dsr_VP026_gonogo2_task_001_00"", ""atten_dsr_VP026_gonogo2_rest_001_01"", ""atten_dsr_VP026_gonogo2_rest_002_00"", ""atten_dsr_VP026_gonogo2_rest_003_01"", ""atten_dsr_VP026_gonogo2_task_004_01"", ""atten_dsr_VP026_gonogo2_rest_004_00"", ""atten_dsr_VP026_gonogo2_rest_006_00"", ""atten_dsr_VP026_gonogo3_task_001_00"", ""atten_dsr_VP026_gonogo3_task_001_01"", ""atten_dsr_VP026_gonogo3_rest_001_00"", ""atten_dsr_VP026_gonogo3_rest_002_00"", ""atten_dsr_VP026_gonogo3_task_003_00"", ""atten_dsr_VP026_gonogo3_rest_003_00"", ""atten_dsr_VP026_gonogo3_task_004_00"", ""atten_dsr_VP026_gonogo3_rest_005_00""]","[""atten_dsr_VP026_gonogo1_task_001_00"", ""atten_dsr_VP026_gonogo1_task_001_01"", ""atten_dsr_VP026_gonogo1_rest_001_00"", ""atten_dsr_VP026_gonogo1_rest_001_01"", ""atten_dsr_VP026_gonogo1_task_002_01"", ""atten_dsr_VP026_gonogo1_rest_002_00"", ""atten_dsr_VP026_gonogo1_rest_002_01"", ""atten_dsr_VP026_gonogo1_task_003_01"", ""atten_dsr_VP026_gonogo1_rest_003_00"", ""atten_dsr_VP026_gonogo1_rest_003_01"", ""atten_dsr_VP026_gonogo1_rest_004_01"", ""atten_dsr_VP026_gonogo1_task_005_01"", ""atten_dsr_VP026_gonogo1_rest_005_00"", ""atten_dsr_VP026_gonogo1_rest_005_01"", ""atten_dsr_VP026_gonogo1_task_006_00"", ""atten_dsr_VP026_gonogo1_task_006_01"", ""atten_dsr_VP026_gonogo1_rest_006_00"", ""atten_dsr_VP026_gonogo2_task_001_01"", ""atten_dsr_VP026_gonogo2_rest_001_00"", ""atten_dsr_VP026_gonogo2_task_002_00"", ""atten_dsr_VP026_gonogo2_task_002_01"", ""atten_dsr_VP026_gonogo2_rest_002_01"", ""atten_dsr_VP026_gonogo2_task_003_00"", ""atten_dsr_VP026_gonogo2_task_003_01"", ""atten_dsr_VP026_gonogo2_rest_003_00"", ""atten_dsr_VP026_gonogo2_task_004_00"", ""atten_dsr_VP026_gonogo2_rest_004_01"", ""atten_dsr_VP026_gonogo2_task_005_00"", ""atten_dsr_VP026_gonogo2_task_005_01"", ""atten_dsr_VP026_gonogo2_rest_005_00"", ""atten_dsr_VP026_gonogo2_rest_005_01"", ""atten_dsr_VP026_gonogo2_task_006_00"", ""atten_dsr_VP026_gonogo2_task_006_01"", ""atten_dsr_VP026_gonogo2_rest_006_01"", ""atten_dsr_VP026_gonogo3_rest_001_01"", ""atten_dsr_VP026_gonogo3_task_002_00"", ""atten_dsr_VP026_gonogo3_task_002_01"", ""atten_dsr_VP026_gonogo3_rest_002_01"", ""atten_dsr_VP026_gonogo3_task_003_01"", ""atten_dsr_VP026_gonogo3_rest_003_01"", ""atten_dsr_VP026_gonogo3_task_004_01"", ""atten_dsr_VP026_gonogo3_rest_004_00"", ""atten_dsr_VP026_gonogo3_rest_004_01"", ""atten_dsr_VP026_gonogo3_task_005_00"", ""atten_dsr_VP026_gonogo3_task_005_01"", ""atten_dsr_VP026_gonogo3_rest_005_01"", ""atten_dsr_VP026_gonogo3_task_006_00"", ""atten_dsr_VP026_gonogo3_task_006_01"", ""atten_dsr_VP026_gonogo3_rest_006_00"", ""atten_dsr_VP026_gonogo3_rest_006_01""]",True,,0.7722222222222223,53,0.8,0.7987117552334944,0.8078817733990147,0.8,0.6
