subject,seed,method,requested_fraction,actual_fraction,calibration_count,test_count,calibration_counts,test_counts,calibration_trial_ids,test_trial_ids,valid,invalid_reason,source_best_val_f1,source_best_epoch,accuracy,f1_macro,precision_macro,recall_macro,kappa
VP001,2023,source_only,0.30,0.3,18,42,"{""0"": 9, ""1"": 9}","{""0"": 21, ""1"": 21}","[""atten_word_VP001_word1_rest_002_00"", ""atten_word_VP001_word1_task_002_00"", ""atten_word_VP001_word1_rest_007_00"", ""atten_word_VP001_word1_task_010_00"", ""atten_word_VP001_word1_rest_009_00"", ""atten_word_VP001_word2_task_003_00"", ""atten_word_VP001_word2_task_004_00"", ""atten_word_VP001_word2_task_006_00"", ""atten_word_VP001_word2_rest_005_00"", ""atten_word_VP001_word2_task_008_00"", ""atten_word_VP001_word2_task_009_00"", ""atten_word_VP001_word2_rest_009_00"", ""atten_word_VP001_word3_rest_001_00"", ""atten_word_VP001_word3_rest_005_00"", ""atten_word_VP001_word3_task_006_00"", ""atten_word_VP001_word3_rest_006_00"", ""atten_word_VP001_word3_rest_007_00"", ""atten_word_VP001_word3_task_010_00""]","[""atten_word_VP001_word1_rest_001_00"", ""atten_word_VP001_word1_task_001_00"", ""atten_word_VP001_word1_rest_003_00"", ""atten_word_VP001_word1_task_003_00"", ""atten_word_VP001_word1_task_004_00"", ""atten_word_VP001_word1_rest_004_00"", ""atten_word_VP001_word1_task_005_00"", ""atten_word_VP001_word1_task_006_00"", ""atten_word_VP001_word1_task_007_00"", ""atten_word_VP001_word1_rest_005_00"", ""atten_word_VP001_word1_task_008_00"", ""atten_word_VP001_word1_rest_006_00"", ""atten_word_VP001_word1_rest_008_00"", ""atten_word_VP001_word1_task_009_00"", ""atten_word_VP001_word1_rest_010_00"", ""atten_word_VP001_word2_task_001_00"", ""atten_word_VP001_word2_rest_001_00"", ""atten_word_VP001_word2_rest_002_00"", ""atten_word_VP001_word2_task_002_00"", ""atten_word_VP001_word2_rest_003_00"", ""atten_word_VP001_word2_task_005_00"", ""atten_word_VP001_word2_rest_004_00"", ""atten_word_VP001_word2_task_007_00"", ""atten_word_VP001_word2_rest_006_00"", ""atten_word_VP001_word2_rest_007_00"", ""atten_word_VP001_word2_rest_008_00"", ""atten_word_VP001_word2_task_010_00"", ""atten_word_VP001_word2_rest_010_00"", ""atten_word_VP001_word3_rest_002_00"", ""atten_word_VP001_word3_task_001_00"", ""atten_word_VP001_word3_rest_003_00"", ""atten_word_VP001_word3_task_002_00"", ""atten_word_VP001_word3_task_003_00"", ""atten_word_VP001_word3_task_004_00"", ""atten_word_VP001_word3_rest_004_00"", ""atten_word_VP001_word3_task_005_00"", ""atten_word_VP001_word3_task_007_00"", ""atten_word_VP001_word3_rest_008_00"", ""atten_word_VP001_word3_task_008_00"", ""atten_word_VP001_word3_rest_009_00"", ""atten_word_VP001_word3_task_009_00"", ""atten_word_VP001_word3_rest_010_00""]",True,,0.7258869673738635,80,0.47619047619047616,0.47139588100686497,0.4752941176470588,0.47619047619047616,-0.04761904761904767
VP001,2023,existing_head_adaptation,0.30,0.3,18,42,"{""0"": 9, ""1"": 9}","{""0"": 21, ""1"": 21}","[""atten_word_VP001_word1_rest_002_00"", ""atten_word_VP001_word1_task_002_00"", ""atten_word_VP001_word1_rest_007_00"", ""atten_word_VP001_word1_task_010_00"", ""atten_word_VP001_word1_rest_009_00"", ""atten_word_VP001_word2_task_003_00"", ""atten_word_VP001_word2_task_004_00"", ""atten_word_VP001_word2_task_006_00"", ""atten_word_VP001_word2_rest_005_00"", ""atten_word_VP001_word2_task_008_00"", ""atten_word_VP001_word2_task_009_00"", ""atten_word_VP001_word2_rest_009_00"", ""atten_word_VP001_word3_rest_001_00"", ""atten_word_VP001_word3_rest_005_00"", ""atten_word_VP001_word3_task_006_00"", ""atten_word_VP001_word3_rest_006_00"", ""atten_word_VP001_word3_rest_007_00"", ""atten_word_VP001_word3_task_010_00""]","[""atten_word_VP001_word1_rest_001_00"", ""atten_word_VP001_word1_task_001_00"", ""atten_word_VP001_word1_rest_003_00"", ""atten_word_VP001_word1_task_003_00"", ""atten_word_VP001_word1_task_004_00"", ""atten_word_VP001_word1_rest_004_00"", ""atten_word_VP001_word1_task_005_00"", ""atten_word_VP001_word1_task_006_00"", ""atten_word_VP001_word1_task_007_00"", ""atten_word_VP001_word1_rest_005_00"", ""atten_word_VP001_word1_task_008_00"", ""atten_word_VP001_word1_rest_006_00"", ""atten_word_VP001_word1_rest_008_00"", ""atten_word_VP001_word1_task_009_00"", ""atten_word_VP001_word1_rest_010_00"", ""atten_word_VP001_word2_task_001_00"", ""atten_word_VP001_word2_rest_001_00"", ""atten_word_VP001_word2_rest_002_00"", ""atten_word_VP001_word2_task_002_00"", ""atten_word_VP001_word2_rest_003_00"", ""atten_word_VP001_word2_task_005_00"", ""atten_word_VP001_word2_rest_004_00"", ""atten_word_VP001_word2_task_007_00"", ""atten_word_VP001_word2_rest_006_00"", ""atten_word_VP001_word2_rest_007_00"", ""atten_word_VP001_word2_rest_008_00"", ""atten_word_VP001_word2_task_010_00"", ""atten_word_VP001_word2_rest_010_00"", ""atten_word_VP001_word3_rest_002_00"", ""atten_word_VP001_word3_task_001_00"", ""atten_word_VP001_word3_rest_003_00"", ""atten_word_VP001_word3_task_002_00"", ""atten_word_VP001_word3_task_003_00"", ""atten_word_VP001_word3_task_004_00"", ""atten_word_VP001_word3_rest_004_00"", ""atten_word_VP001_word3_task_005_00"", ""atten_word_VP001_word3_task_007_00"", ""atten_word_VP001_word3_rest_008_00"", ""atten_word_VP001_word3_task_008_00"", ""atten_word_VP001_word3_rest_009_00"", ""atten_word_VP001_word3_task_009_00"", ""atten_word_VP001_word3_rest_010_00""]",True,,0.7258869673738635,80,0.47619047619047616,0.4652777777777778,0.4740740740740741,0.47619047619047616,-0.04761904761904767
VP002,2023,source_only,0.30,0.3,18,42,"{""0"": 9, ""1"": 9}","{""0"": 21, ""1"": 21}","[""atten_word_VP002_word1_task_002_00"", ""atten_word_VP002_word1_rest_002_00"", ""atten_word_VP002_word1_rest_007_00"", ""atten_word_VP002_word1_task_010_00"", ""atten_word_VP002_word1_rest_009_00"", ""atten_word_VP002_word2_task_003_00"", ""atten_word_VP002_word2_rest_005_00"", ""atten_word_VP002_word2_task_004_00"", ""atten_word_VP002_word2_task_006_00"", ""atten_word_VP002_word2_task_008_00"", ""atten_word_VP002_word2_task_009_00"", ""atten_word_VP002_word2_rest_009_00"", ""atten_word_VP002_word3_rest_001_00"", ""atten_word_VP002_word3_task_006_00"", ""atten_word_VP002_word3_rest_005_00"", ""atten_word_VP002_word3_rest_006_00"", ""atten_word_VP002_word3_rest_007_00"", ""atten_word_VP002_word3_task_010_00""]","[""atten_word_VP002_word1_rest_001_00"", ""atten_word_VP002_word1_task_001_00"", ""atten_word_VP002_word1_rest_003_00"", ""atten_word_VP002_word1_rest_004_00"", ""atten_word_VP002_word1_task_003_00"", ""atten_word_VP002_word1_rest_005_00"", ""atten_word_VP002_word1_task_004_00"", ""atten_word_VP002_word1_task_005_00"", ""atten_word_VP002_word1_rest_006_00"", ""atten_word_VP002_word1_task_006_00"", ""atten_word_VP002_word1_task_007_00"", ""atten_word_VP002_word1_task_008_00"", ""atten_word_VP002_word1_rest_008_00"", ""atten_word_VP002_word1_task_009_00"", ""atten_word_VP002_word1_rest_010_00"", ""atten_word_VP002_word2_task_001_00"", ""atten_word_VP002_word2_rest_001_00"", ""atten_word_VP002_word2_rest_002_00"", ""atten_word_VP002_word2_rest_003_00"", ""atten_word_VP002_word2_task_002_00"", ""atten_word_VP002_word2_rest_004_00"", ""atten_word_VP002_word2_rest_006_00"", ""atten_word_VP002_word2_task_005_00"", ""atten_word_VP002_word2_rest_007_00"", ""atten_word_VP002_word2_task_007_00"", ""atten_word_VP002_word2_rest_008_00"", ""atten_word_VP002_word2_rest_010_00"", ""atten_word_VP002_word2_task_010_00"", ""atten_word_VP002_word3_task_001_00"", ""atten_word_VP002_word3_rest_002_00"", ""atten_word_VP002_word3_task_002_00"", ""atten_word_VP002_word3_task_003_00"", ""atten_word_VP002_word3_rest_003_00"", ""atten_word_VP002_word3_rest_004_00"", ""atten_word_VP002_word3_task_004_00"", ""atten_word_VP002_word3_task_005_00"", ""atten_word_VP002_word3_task_007_00"", ""atten_word_VP002_word3_rest_008_00"", ""atten_word_VP002_word3_rest_009_00"", ""atten_word_VP002_word3_task_008_00"", ""atten_word_VP002_word3_task_009_00"", ""atten_word_VP002_word3_rest_010_00""]",True,,0.7316156736446592,68,0.5952380952380952,0.595008508224617,0.5954545454545455,0.5952380952380952,0.19047619047619047
VP002,2023,existing_head_adaptation,0.30,0.3,18,42,"{""0"": 9, ""1"": 9}","{""0"": 21, ""1"": 21}","[""atten_word_VP002_word1_task_002_00"", ""atten_word_VP002_word1_rest_002_00"", ""atten_word_VP002_word1_rest_007_00"", ""atten_word_VP002_word1_task_010_00"", ""atten_word_VP002_word1_rest_009_00"", ""atten_word_VP002_word2_task_003_00"", ""atten_word_VP002_word2_rest_005_00"", ""atten_word_VP002_word2_task_004_00"", ""atten_word_VP002_word2_task_006_00"", ""atten_word_VP002_word2_task_008_00"", ""atten_word_VP002_word2_task_009_00"", ""atten_word_VP002_word2_rest_009_00"", ""atten_word_VP002_word3_rest_001_00"", ""atten_word_VP002_word3_task_006_00"", ""atten_word_VP002_word3_rest_005_00"", ""atten_word_VP002_word3_rest_006_00"", ""atten_word_VP002_word3_rest_007_00"", ""atten_word_VP002_word3_task_010_00""]","[""atten_word_VP002_word1_rest_001_00"", ""atten_word_VP002_word1_task_001_00"", ""atten_word_VP002_word1_rest_003_00"", ""atten_word_VP002_word1_rest_004_00"", ""atten_word_VP002_word1_task_003_00"", ""atten_word_VP002_word1_rest_005_00"", ""atten_word_VP002_word1_task_004_00"", ""atten_word_VP002_word1_task_005_00"", ""atten_word_VP002_word1_rest_006_00"", ""atten_word_VP002_word1_task_006_00"", ""atten_word_VP002_word1_task_007_00"", ""atten_word_VP002_word1_task_008_00"", ""atten_word_VP002_word1_rest_008_00"", ""atten_word_VP002_word1_task_009_00"", ""atten_word_VP002_word1_rest_010_00"", ""atten_word_VP002_word2_task_001_00"", ""atten_word_VP002_word2_rest_001_00"", ""atten_word_VP002_word2_rest_002_00"", ""atten_word_VP002_word2_rest_003_00"", ""atten_word_VP002_word2_task_002_00"", ""atten_word_VP002_word2_rest_004_00"", ""atten_word_VP002_word2_rest_006_00"", ""atten_word_VP002_word2_task_005_00"", ""atten_word_VP002_word2_rest_007_00"", ""atten_word_VP002_word2_task_007_00"", ""atten_word_VP002_word2_rest_008_00"", ""atten_word_VP002_word2_rest_010_00"", ""atten_word_VP002_word2_task_010_00"", ""atten_word_VP002_word3_task_001_00"", ""atten_word_VP002_word3_rest_002_00"", ""atten_word_VP002_word3_task_002_00"", ""atten_word_VP002_word3_task_003_00"", ""atten_word_VP002_word3_rest_003_00"", ""atten_word_VP002_word3_rest_004_00"", ""atten_word_VP002_word3_task_004_00"", ""atten_word_VP002_word3_task_005_00"", ""atten_word_VP002_word3_task_007_00"", ""atten_word_VP002_word3_rest_008_00"", ""atten_word_VP002_word3_rest_009_00"", ""atten_word_VP002_word3_task_008_00"", ""atten_word_VP002_word3_task_009_00"", ""atten_word_VP002_word3_rest_010_00""]",True,,0.7316156736446592,68,0.6428571428571429,0.6426545660805445,0.6431818181818182,0.6428571428571428,0.2857142857142857
VP003,2023,source_only,0.30,0.3,18,42,"{""0"": 9, ""1"": 9}","{""0"": 21, ""1"": 21}","[""atten_word_VP003_word1_rest_002_00"", ""atten_word_VP003_word1_task_002_00"", ""atten_word_VP003_word1_rest_007_00"", ""atten_word_VP003_word1_rest_009_00"", ""atten_word_VP003_word1_task_010_00"", ""atten_word_VP003_word2_task_003_00"", ""atten_word_VP003_word2_task_004_00"", ""atten_word_VP003_word2_rest_005_00"", ""atten_word_VP003_word2_task_006_00"", ""atten_word_VP003_word2_rest_009_00"", ""atten_word_VP003_word2_task_008_00"", ""atten_word_VP003_word2_task_009_00"", ""atten_word_VP003_word3_rest_001_00"", ""atten_word_VP003_word3_rest_005_00"", ""atten_word_VP003_word3_rest_006_00"", ""atten_word_VP003_word3_rest_007_00"", ""atten_word_VP003_word3_task_006_00"", ""atten_word_VP003_word3_task_010_00""]","[""atten_word_VP003_word1_rest_001_00"", ""atten_word_VP003_word1_task_001_00"", ""atten_word_VP003_word1_rest_003_00"", ""atten_word_VP003_word1_rest_004_00"", ""atten_word_VP003_word1_rest_005_00"", ""atten_word_VP003_word1_rest_006_00"", ""atten_word_VP003_word1_task_003_00"", ""atten_word_VP003_word1_task_004_00"", ""atten_word_VP003_word1_task_005_00"", ""atten_word_VP003_word1_task_006_00"", ""atten_word_VP003_word1_rest_008_00"", ""atten_word_VP003_word1_task_007_00"", ""atten_word_VP003_word1_rest_010_00"", ""atten_word_VP003_word1_task_008_00"", ""atten_word_VP003_word1_task_009_00"", ""atten_word_VP003_word2_rest_001_00"", ""atten_word_VP003_word2_rest_002_00"", ""atten_word_VP003_word2_rest_003_00"", ""atten_word_VP003_word2_task_001_00"", ""atten_word_VP003_word2_task_002_00"", ""atten_word_VP003_word2_rest_004_00"", ""atten_word_VP003_word2_rest_006_00"", ""atten_word_VP003_word2_task_005_00"", ""atten_word_VP003_word2_rest_007_00"", ""atten_word_VP003_word2_rest_008_00"", ""atten_word_VP003_word2_task_007_00"", ""atten_word_VP003_word2_rest_010_00"", ""atten_word_VP003_word2_task_010_00"", ""atten_word_VP003_word3_rest_002_00"", ""atten_word_VP003_word3_rest_003_00"", ""atten_word_VP003_word3_task_001_00"", ""atten_word_VP003_word3_rest_004_00"", ""atten_word_VP003_word3_task_002_00"", ""atten_word_VP003_word3_task_003_00"", ""atten_word_VP003_word3_task_004_00"", ""atten_word_VP003_word3_rest_008_00"", ""atten_word_VP003_word3_task_005_00"", ""atten_word_VP003_word3_task_007_00"", ""atten_word_VP003_word3_rest_009_00"", ""atten_word_VP003_word3_task_008_00"", ""atten_word_VP003_word3_rest_010_00"", ""atten_word_VP003_word3_task_009_00""]",True,,0.7360066833751044,90,0.6666666666666666,0.6636155606407322,0.6729411764705883,0.6666666666666666,0.33333333333333337
VP003,2023,existing_head_adaptation,0.30,0.3,18,42,"{""0"": 9, ""1"": 9}","{""0"": 21, ""1"": 21}","[""atten_word_VP003_word1_rest_002_00"", ""atten_word_VP003_word1_task_002_00"", ""atten_word_VP003_word1_rest_007_00"", ""atten_word_VP003_word1_rest_009_00"", ""atten_word_VP003_word1_task_010_00"", ""atten_word_VP003_word2_task_003_00"", ""atten_word_VP003_word2_task_004_00"", ""atten_word_VP003_word2_rest_005_00"", ""atten_word_VP003_word2_task_006_00"", ""atten_word_VP003_word2_rest_009_00"", ""atten_word_VP003_word2_task_008_00"", ""atten_word_VP003_word2_task_009_00"", ""atten_word_VP003_word3_rest_001_00"", ""atten_word_VP003_word3_rest_005_00"", ""atten_word_VP003_word3_rest_006_00"", ""atten_word_VP003_word3_rest_007_00"", ""atten_word_VP003_word3_task_006_00"", ""atten_word_VP003_word3_task_010_00""]","[""atten_word_VP003_word1_rest_001_00"", ""atten_word_VP003_word1_task_001_00"", ""atten_word_VP003_word1_rest_003_00"", ""atten_word_VP003_word1_rest_004_00"", ""atten_word_VP003_word1_rest_005_00"", ""atten_word_VP003_word1_rest_006_00"", ""atten_word_VP003_word1_task_003_00"", ""atten_word_VP003_word1_task_004_00"", ""atten_word_VP003_word1_task_005_00"", ""atten_word_VP003_word1_task_006_00"", ""atten_word_VP003_word1_rest_008_00"", ""atten_word_VP003_word1_task_007_00"", ""atten_word_VP003_word1_rest_010_00"", ""atten_word_VP003_word1_task_008_00"", ""atten_word_VP003_word1_task_009_00"", ""atten_word_VP003_word2_rest_001_00"", ""atten_word_VP003_word2_rest_002_00"", ""atten_word_VP003_word2_rest_003_00"", ""atten_word_VP003_word2_task_001_00"", ""atten_word_VP003_word2_task_002_00"", ""atten_word_VP003_word2_rest_004_00"", ""atten_word_VP003_word2_rest_006_00"", ""atten_word_VP003_word2_task_005_00"", ""atten_word_VP003_word2_rest_007_00"", ""atten_word_VP003_word2_rest_008_00"", ""atten_word_VP003_word2_task_007_00"", ""atten_word_VP003_word2_rest_010_00"", ""atten_word_VP003_word2_task_010_00"", ""atten_word_VP003_word3_rest_002_00"", ""atten_word_VP003_word3_rest_003_00"", ""atten_word_VP003_word3_task_001_00"", ""atten_word_VP003_word3_rest_004_00"", ""atten_word_VP003_word3_task_002_00"", ""atten_word_VP003_word3_task_003_00"", ""atten_word_VP003_word3_task_004_00"", ""atten_word_VP003_word3_rest_008_00"", ""atten_word_VP003_word3_task_005_00"", ""atten_word_VP003_word3_task_007_00"", ""atten_word_VP003_word3_rest_009_00"", ""atten_word_VP003_word3_task_008_00"", ""atten_word_VP003_word3_rest_010_00"", ""atten_word_VP003_word3_task_009_00""]",True,,0.7360066833751044,90,0.6666666666666666,0.6597222222222223,0.6814814814814815,0.6666666666666667,0.33333333333333337
VP004,2023,source_only,0.30,0.3,18,42,"{""0"": 9, ""1"": 9}","{""0"": 21, ""1"": 21}","[""atten_word_VP004_word1_rest_002_00"", ""atten_word_VP004_word1_task_002_00"", ""atten_word_VP004_word1_rest_007_00"", ""atten_word_VP004_word1_rest_009_00"", ""atten_word_VP004_word1_task_010_00"", ""atten_word_VP004_word2_task_003_00"", ""atten_word_VP004_word2_task_004_00"", ""atten_word_VP004_word2_task_006_00"", ""atten_word_VP004_word2_task_008_00"", ""atten_word_VP004_word2_task_009_00"", ""atten_word_VP004_word2_rest_005_00"", ""atten_word_VP004_word2_rest_009_00"", ""atten_word_VP004_word3_rest_001_00"", ""atten_word_VP004_word3_rest_005_00"", ""atten_word_VP004_word3_rest_006_00"", ""atten_word_VP004_word3_rest_007_00"", ""atten_word_VP004_word3_task_006_00"", ""atten_word_VP004_word3_task_010_00""]","[""atten_word_VP004_word1_rest_001_00"", ""atten_word_VP004_word1_task_001_00"", ""atten_word_VP004_word1_rest_003_00"", ""atten_word_VP004_word1_task_003_00"", ""atten_word_VP004_word1_task_004_00"", ""atten_word_VP004_word1_rest_004_00"", ""atten_word_VP004_word1_task_005_00"", ""atten_word_VP004_word1_task_006_00"", ""atten_word_VP004_word1_rest_005_00"", ""atten_word_VP004_word1_rest_006_00"", ""atten_word_VP004_word1_task_007_00"", ""atten_word_VP004_word1_task_008_00"", ""atten_word_VP004_word1_rest_008_00"", ""atten_word_VP004_word1_task_009_00"", ""atten_word_VP004_word1_rest_010_00"", ""atten_word_VP004_word2_task_001_00"", ""atten_word_VP004_word2_rest_001_00"", ""atten_word_VP004_word2_task_002_00"", ""atten_word_VP004_word2_rest_002_00"", ""atten_word_VP004_word2_task_005_00"", ""atten_word_VP004_word2_task_007_00"", ""atten_word_VP004_word2_rest_003_00"", ""atten_word_VP004_word2_rest_004_00"", ""atten_word_VP004_word2_rest_006_00"", ""atten_word_VP004_word2_rest_007_00"", ""atten_word_VP004_word2_task_010_00"", ""atten_word_VP004_word2_rest_008_00"", ""atten_word_VP004_word2_rest_010_00"", ""atten_word_VP004_word3_task_001_00"", ""atten_word_VP004_word3_rest_002_00"", ""atten_word_VP004_word3_rest_003_00"", ""atten_word_VP004_word3_task_002_00"", ""atten_word_VP004_word3_task_003_00"", ""atten_word_VP004_word3_rest_004_00"", ""atten_word_VP004_word3_task_004_00"", ""atten_word_VP004_word3_task_005_00"", ""atten_word_VP004_word3_rest_008_00"", ""atten_word_VP004_word3_task_007_00"", ""atten_word_VP004_word3_rest_009_00"", ""atten_word_VP004_word3_task_008_00"", ""atten_word_VP004_word3_rest_010_00"", ""atten_word_VP004_word3_task_009_00""]",True,,0.6965014285555469,59,0.6428571428571429,0.6426545660805445,0.6431818181818182,0.6428571428571428,0.2857142857142857
VP004,2023,existing_head_adaptation,0.30,0.3,18,42,"{""0"": 9, ""1"": 9}","{""0"": 21, ""1"": 21}","[""atten_word_VP004_word1_rest_002_00"", ""atten_word_VP004_word1_task_002_00"", ""atten_word_VP004_word1_rest_007_00"", ""atten_word_VP004_word1_rest_009_00"", ""atten_word_VP004_word1_task_010_00"", ""atten_word_VP004_word2_task_003_00"", ""atten_word_VP004_word2_task_004_00"", ""atten_word_VP004_word2_task_006_00"", ""atten_word_VP004_word2_task_008_00"", ""atten_word_VP004_word2_task_009_00"", ""atten_word_VP004_word2_rest_005_00"", ""atten_word_VP004_word2_rest_009_00"", ""atten_word_VP004_word3_rest_001_00"", ""atten_word_VP004_word3_rest_005_00"", ""atten_word_VP004_word3_rest_006_00"", ""atten_word_VP004_word3_rest_007_00"", ""atten_word_VP004_word3_task_006_00"", ""atten_word_VP004_word3_task_010_00""]","[""atten_word_VP004_word1_rest_001_00"", ""atten_word_VP004_word1_task_001_00"", ""atten_word_VP004_word1_rest_003_00"", ""atten_word_VP004_word1_task_003_00"", ""atten_word_VP004_word1_task_004_00"", ""atten_word_VP004_word1_rest_004_00"", ""atten_word_VP004_word1_task_005_00"", ""atten_word_VP004_word1_task_006_00"", ""atten_word_VP004_word1_rest_005_00"", ""atten_word_VP004_word1_rest_006_00"", ""atten_word_VP004_word1_task_007_00"", ""atten_word_VP004_word1_task_008_00"", ""atten_word_VP004_word1_rest_008_00"", ""atten_word_VP004_word1_task_009_00"", ""atten_word_VP004_word1_rest_010_00"", ""atten_word_VP004_word2_task_001_00"", ""atten_word_VP004_word2_rest_001_00"", ""atten_word_VP004_word2_task_002_00"", ""atten_word_VP004_word2_rest_002_00"", ""atten_word_VP004_word2_task_005_00"", ""atten_word_VP004_word2_task_007_00"", ""atten_word_VP004_word2_rest_003_00"", ""atten_word_VP004_word2_rest_004_00"", ""atten_word_VP004_word2_rest_006_00"", ""atten_word_VP004_word2_rest_007_00"", ""atten_word_VP004_word2_task_010_00"", ""atten_word_VP004_word2_rest_008_00"", ""atten_word_VP004_word2_rest_010_00"", ""atten_word_VP004_word3_task_001_00"", ""atten_word_VP004_word3_rest_002_00"", ""atten_word_VP004_word3_rest_003_00"", ""atten_word_VP004_word3_task_002_00"", ""atten_word_VP004_word3_task_003_00"", ""atten_word_VP004_word3_rest_004_00"", ""atten_word_VP004_word3_task_004_00"", ""atten_word_VP004_word3_task_005_00"", ""atten_word_VP004_word3_rest_008_00"", ""atten_word_VP004_word3_task_007_00"", ""atten_word_VP004_word3_rest_009_00"", ""atten_word_VP004_word3_task_008_00"", ""atten_word_VP004_word3_rest_010_00"", ""atten_word_VP004_word3_task_009_00""]",True,,0.6965014285555469,59,0.6428571428571429,0.6426545660805445,0.6431818181818182,0.6428571428571428,0.2857142857142857
VP005,2023,source_only,0.30,0.3,18,42,"{""0"": 9, ""1"": 9}","{""0"": 21, ""1"": 21}","[""atten_word_VP005_word1_task_002_00"", ""atten_word_VP005_word1_rest_002_00"", ""atten_word_VP005_word1_rest_007_00"", ""atten_word_VP005_word1_task_010_00"", ""atten_word_VP005_word1_rest_009_00"", ""atten_word_VP005_word2_task_003_00"", ""atten_word_VP005_word2_task_004_00"", ""atten_word_VP005_word2_rest_005_00"", ""atten_word_VP005_word2_task_006_00"", ""atten_word_VP005_word2_rest_009_00"", ""atten_word_VP005_word2_task_008_00"", ""atten_word_VP005_word2_task_009_00"", ""atten_word_VP005_word3_rest_001_00"", ""atten_word_VP005_word3_rest_005_00"", ""atten_word_VP005_word3_rest_006_00"", ""atten_word_VP005_word3_task_006_00"", ""atten_word_VP005_word3_rest_007_00"", ""atten_word_VP005_word3_task_010_00""]","[""atten_word_VP005_word1_rest_001_00"", ""atten_word_VP005_word1_task_001_00"", ""atten_word_VP005_word1_task_003_00"", ""atten_word_VP005_word1_rest_003_00"", ""atten_word_VP005_word1_rest_004_00"", ""atten_word_VP005_word1_task_004_00"", ""atten_word_VP005_word1_task_005_00"", ""atten_word_VP005_word1_task_006_00"", ""atten_word_VP005_word1_rest_005_00"", ""atten_word_VP005_word1_rest_006_00"", ""atten_word_VP005_word1_task_007_00"", ""atten_word_VP005_word1_rest_008_00"", ""atten_word_VP005_word1_task_008_00"", ""atten_word_VP005_word1_task_009_00"", ""atten_word_VP005_word1_rest_010_00"", ""atten_word_VP005_word2_rest_001_00"", ""atten_word_VP005_word2_rest_002_00"", ""atten_word_VP005_word2_rest_003_00"", ""atten_word_VP005_word2_task_001_00"", ""atten_word_VP005_word2_task_002_00"", ""atten_word_VP005_word2_rest_004_00"", ""atten_word_VP005_word2_rest_006_00"", ""atten_word_VP005_word2_task_005_00"", ""atten_word_VP005_word2_rest_007_00"", ""atten_word_VP005_word2_rest_008_00"", ""atten_word_VP005_word2_task_007_00"", ""atten_word_VP005_word2_rest_010_00"", ""atten_word_VP005_word2_task_010_00"", ""atten_word_VP005_word3_task_001_00"", ""atten_word_VP005_word3_task_002_00"", ""atten_word_VP005_word3_task_003_00"", ""atten_word_VP005_word3_rest_002_00"", ""atten_word_VP005_word3_rest_003_00"", ""atten_word_VP005_word3_task_004_00"", ""atten_word_VP005_word3_rest_004_00"", ""atten_word_VP005_word3_task_005_00"", ""atten_word_VP005_word3_task_007_00"", ""atten_word_VP005_word3_task_008_00"", ""atten_word_VP005_word3_rest_008_00"", ""atten_word_VP005_word3_rest_009_00"", ""atten_word_VP005_word3_task_009_00"", ""atten_word_VP005_word3_rest_010_00""]",True,,0.7224420639609412,93,0.6666666666666666,0.6666666666666666,0.6666666666666666,0.6666666666666666,0.33333333333333337
VP005,2023,existing_head_adaptation,0.30,0.3,18,42,"{""0"": 9, ""1"": 9}","{""0"": 21, ""1"": 21}","[""atten_word_VP005_word1_task_002_00"", ""atten_word_VP005_word1_rest_002_00"", ""atten_word_VP005_word1_rest_007_00"", ""atten_word_VP005_word1_task_010_00"", ""atten_word_VP005_word1_rest_009_00"", ""atten_word_VP005_word2_task_003_00"", ""atten_word_VP005_word2_task_004_00"", ""atten_word_VP005_word2_rest_005_00"", ""atten_word_VP005_word2_task_006_00"", ""atten_word_VP005_word2_rest_009_00"", ""atten_word_VP005_word2_task_008_00"", ""atten_word_VP005_word2_task_009_00"", ""atten_word_VP005_word3_rest_001_00"", ""atten_word_VP005_word3_rest_005_00"", ""atten_word_VP005_word3_rest_006_00"", ""atten_word_VP005_word3_task_006_00"", ""atten_word_VP005_word3_rest_007_00"", ""atten_word_VP005_word3_task_010_00""]","[""atten_word_VP005_word1_rest_001_00"", ""atten_word_VP005_word1_task_001_00"", ""atten_word_VP005_word1_task_003_00"", ""atten_word_VP005_word1_rest_003_00"", ""atten_word_VP005_word1_rest_004_00"", ""atten_word_VP005_word1_task_004_00"", ""atten_word_VP005_word1_task_005_00"", ""atten_word_VP005_word1_task_006_00"", ""atten_word_VP005_word1_rest_005_00"", ""atten_word_VP005_word1_rest_006_00"", ""atten_word_VP005_word1_task_007_00"", ""atten_word_VP005_word1_rest_008_00"", ""atten_word_VP005_word1_task_008_00"", ""atten_word_VP005_word1_task_009_00"", ""atten_word_VP005_word1_rest_010_00"", ""atten_word_VP005_word2_rest_001_00"", ""atten_word_VP005_word2_rest_002_00"", ""atten_word_VP005_word2_rest_003_00"", ""atten_word_VP005_word2_task_001_00"", ""atten_word_VP005_word2_task_002_00"", ""atten_word_VP005_word2_rest_004_00"", ""atten_word_VP005_word2_rest_006_00"", ""atten_word_VP005_word2_task_005_00"", ""atten_word_VP005_word2_rest_007_00"", ""atten_word_VP005_word2_rest_008_00"", ""atten_word_VP005_word2_task_007_00"", ""atten_word_VP005_word2_rest_010_00"", ""atten_word_VP005_word2_task_010_00"", ""atten_word_VP005_word3_task_001_00"", ""atten_word_VP005_word3_task_002_00"", ""atten_word_VP005_word3_task_003_00"", ""atten_word_VP005_word3_rest_002_00"", ""atten_word_VP005_word3_rest_003_00"", ""atten_word_VP005_word3_task_004_00"", ""atten_word_VP005_word3_rest_004_00"", ""atten_word_VP005_word3_task_005_00"", ""atten_word_VP005_word3_task_007_00"", ""atten_word_VP005_word3_task_008_00"", ""atten_word_VP005_word3_rest_008_00"", ""atten_word_VP005_word3_rest_009_00"", ""atten_word_VP005_word3_task_009_00"", ""atten_word_VP005_word3_rest_010_00""]",True,,0.7224420639609412,93,0.6428571428571429,0.6426545660805445,0.6431818181818182,0.6428571428571428,0.2857142857142857
VP006,2023,source_only,0.30,0.3,18,42,"{""0"": 9, ""1"": 9}","{""0"": 21, ""1"": 21}","[""atten_word_VP006_word1_rest_002_00"", ""atten_word_VP006_word1_task_002_00"", ""atten_word_VP006_word1_rest_007_00"", ""atten_word_VP006_word1_rest_009_00"", ""atten_word_VP006_word1_task_010_00"", ""atten_word_VP006_word2_task_003_00"", ""atten_word_VP006_word2_task_004_00"", ""atten_word_VP006_word2_task_006_00"", ""atten_word_VP006_word2_rest_005_00"", ""atten_word_VP006_word2_task_008_00"", ""atten_word_VP006_word2_task_009_00"", ""atten_word_VP006_word2_rest_009_00"", ""atten_word_VP006_word3_rest_001_00"", ""atten_word_VP006_word3_rest_005_00"", ""atten_word_VP006_word3_rest_006_00"", ""atten_word_VP006_word3_task_006_00"", ""atten_word_VP006_word3_rest_007_00"", ""atten_word_VP006_word3_task_010_00""]","[""atten_word_VP006_word1_rest_001_00"", ""atten_word_VP006_word1_task_001_00"", ""atten_word_VP006_word1_task_003_00"", ""atten_word_VP006_word1_rest_003_00"", ""atten_word_VP006_word1_rest_004_00"", ""atten_word_VP006_word1_task_004_00"", ""atten_word_VP006_word1_rest_005_00"", ""atten_word_VP006_word1_task_005_00"", ""atten_word_VP006_word1_rest_006_00"", ""atten_word_VP006_word1_task_006_00"", ""atten_word_VP006_word1_task_007_00"", ""atten_word_VP006_word1_task_008_00"", ""atten_word_VP006_word1_rest_008_00"", ""atten_word_VP006_word1_task_009_00"", ""atten_word_VP006_word1_rest_010_00"", ""atten_word_VP006_word2_task_001_00"", ""atten_word_VP006_word2_task_002_00"", ""atten_word_VP006_word2_rest_001_00"", ""atten_word_VP006_word2_rest_002_00"", ""atten_word_VP006_word2_task_005_00"", ""atten_word_VP006_word2_rest_003_00"", ""atten_word_VP006_word2_task_007_00"", ""atten_word_VP006_word2_rest_004_00"", ""atten_word_VP006_word2_rest_006_00"", ""atten_word_VP006_word2_rest_007_00"", ""atten_word_VP006_word2_rest_008_00"", ""atten_word_VP006_word2_task_010_00"", ""atten_word_VP006_word2_rest_010_00"", ""atten_word_VP006_word3_task_001_00"", ""atten_word_VP006_word3_rest_002_00"", ""atten_word_VP006_word3_task_002_00"", ""atten_word_VP006_word3_rest_003_00"", ""atten_word_VP006_word3_rest_004_00"", ""atten_word_VP006_word3_task_003_00"", ""atten_word_VP006_word3_task_004_00"", ""atten_word_VP006_word3_task_005_00"", ""atten_word_VP006_word3_task_007_00"", ""atten_word_VP006_word3_rest_008_00"", ""atten_word_VP006_word3_task_008_00"", ""atten_word_VP006_word3_task_009_00"", ""atten_word_VP006_word3_rest_009_00"", ""atten_word_VP006_word3_rest_010_00""]",True,,0.7256791114679513,58,0.8571428571428571,0.8571428571428571,0.8571428571428571,0.8571428571428571,0.7142857142857143
VP006,2023,existing_head_adaptation,0.30,0.3,18,42,"{""0"": 9, ""1"": 9}","{""0"": 21, ""1"": 21}","[""atten_word_VP006_word1_rest_002_00"", ""atten_word_VP006_word1_task_002_00"", ""atten_word_VP006_word1_rest_007_00"", ""atten_word_VP006_word1_rest_009_00"", ""atten_word_VP006_word1_task_010_00"", ""atten_word_VP006_word2_task_003_00"", ""atten_word_VP006_word2_task_004_00"", ""atten_word_VP006_word2_task_006_00"", ""atten_word_VP006_word2_rest_005_00"", ""atten_word_VP006_word2_task_008_00"", ""atten_word_VP006_word2_task_009_00"", ""atten_word_VP006_word2_rest_009_00"", ""atten_word_VP006_word3_rest_001_00"", ""atten_word_VP006_word3_rest_005_00"", ""atten_word_VP006_word3_rest_006_00"", ""atten_word_VP006_word3_task_006_00"", ""atten_word_VP006_word3_rest_007_00"", ""atten_word_VP006_word3_task_010_00""]","[""atten_word_VP006_word1_rest_001_00"", ""atten_word_VP006_word1_task_001_00"", ""atten_word_VP006_word1_task_003_00"", ""atten_word_VP006_word1_rest_003_00"", ""atten_word_VP006_word1_rest_004_00"", ""atten_word_VP006_word1_task_004_00"", ""atten_word_VP006_word1_rest_005_00"", ""atten_word_VP006_word1_task_005_00"", ""atten_word_VP006_word1_rest_006_00"", ""atten_word_VP006_word1_task_006_00"", ""atten_word_VP006_word1_task_007_00"", ""atten_word_VP006_word1_task_008_00"", ""atten_word_VP006_word1_rest_008_00"", ""atten_word_VP006_word1_task_009_00"", ""atten_word_VP006_word1_rest_010_00"", ""atten_word_VP006_word2_task_001_00"", ""atten_word_VP006_word2_task_002_00"", ""atten_word_VP006_word2_rest_001_00"", ""atten_word_VP006_word2_rest_002_00"", ""atten_word_VP006_word2_task_005_00"", ""atten_word_VP006_word2_rest_003_00"", ""atten_word_VP006_word2_task_007_00"", ""atten_word_VP006_word2_rest_004_00"", ""atten_word_VP006_word2_rest_006_00"", ""atten_word_VP006_word2_rest_007_00"", ""atten_word_VP006_word2_rest_008_00"", ""atten_word_VP006_word2_task_010_00"", ""atten_word_VP006_word2_rest_010_00"", ""atten_word_VP006_word3_task_001_00"", ""atten_word_VP006_word3_rest_002_00"", ""atten_word_VP006_word3_task_002_00"", ""atten_word_VP006_word3_rest_003_00"", ""atten_word_VP006_word3_rest_004_00"", ""atten_word_VP006_word3_task_003_00"", ""atten_word_VP006_word3_task_004_00"", ""atten_word_VP006_word3_task_005_00"", ""atten_word_VP006_word3_task_007_00"", ""atten_word_VP006_word3_rest_008_00"", ""atten_word_VP006_word3_task_008_00"", ""atten_word_VP006_word3_task_009_00"", ""atten_word_VP006_word3_rest_009_00"", ""atten_word_VP006_word3_rest_010_00""]",True,,0.7256791114679513,58,0.8809523809523809,0.8808848553601816,0.8818181818181818,0.8809523809523809,0.7619047619047619
VP007,2023,source_only,0.30,0.3,18,42,"{""0"": 9, ""1"": 9}","{""0"": 21, ""1"": 21}","[""atten_word_VP007_word1_task_002_00"", ""atten_word_VP007_word1_rest_002_00"", ""atten_word_VP007_word1_rest_007_00"", ""atten_word_VP007_word1_rest_009_00"", ""atten_word_VP007_word1_task_010_00"", ""atten_word_VP007_word2_task_003_00"", ""atten_word_VP007_word2_task_004_00"", ""atten_word_VP007_word2_rest_005_00"", ""atten_word_VP007_word2_task_006_00"", ""atten_word_VP007_word2_task_008_00"", ""atten_word_VP007_word2_task_009_00"", ""atten_word_VP007_word2_rest_009_00"", ""atten_word_VP007_word3_rest_001_00"", ""atten_word_VP007_word3_task_006_00"", ""atten_word_VP007_word3_rest_005_00"", ""atten_word_VP007_word3_rest_006_00"", ""atten_word_VP007_word3_rest_007_00"", ""atten_word_VP007_word3_task_010_00""]","[""atten_word_VP007_word1_task_001_00"", ""atten_word_VP007_word1_task_003_00"", ""atten_word_VP007_word1_rest_001_00"", ""atten_word_VP007_word1_rest_003_00"", ""atten_word_VP007_word1_task_004_00"", ""atten_word_VP007_word1_task_005_00"", ""atten_word_VP007_word1_rest_004_00"", ""atten_word_VP007_word1_task_006_00"", ""atten_word_VP007_word1_rest_005_00"", ""atten_word_VP007_word1_task_007_00"", ""atten_word_VP007_word1_task_008_00"", ""atten_word_VP007_word1_rest_006_00"", ""atten_word_VP007_word1_rest_008_00"", ""atten_word_VP007_word1_task_009_00"", ""atten_word_VP007_word1_rest_010_00"", ""atten_word_VP007_word2_rest_001_00"", ""atten_word_VP007_word2_task_001_00"", ""atten_word_VP007_word2_rest_002_00"", ""atten_word_VP007_word2_task_002_00"", ""atten_word_VP007_word2_rest_003_00"", ""atten_word_VP007_word2_rest_004_00"", ""atten_word_VP007_word2_task_005_00"", ""atten_word_VP007_word2_task_007_00"", ""atten_word_VP007_word2_rest_006_00"", ""atten_word_VP007_word2_rest_007_00"", ""atten_word_VP007_word2_rest_008_00"", ""atten_word_VP007_word2_task_010_00"", ""atten_word_VP007_word2_rest_010_00"", ""atten_word_VP007_word3_task_001_00"", ""atten_word_VP007_word3_task_002_00"", ""atten_word_VP007_word3_task_003_00"", ""atten_word_VP007_word3_rest_002_00"", ""atten_word_VP007_word3_rest_003_00"", ""atten_word_VP007_word3_task_004_00"", ""atten_word_VP007_word3_rest_004_00"", ""atten_word_VP007_word3_task_005_00"", ""atten_word_VP007_word3_task_007_00"", ""atten_word_VP007_word3_task_008_00"", ""atten_word_VP007_word3_rest_008_00"", ""atten_word_VP007_word3_rest_009_00"", ""atten_word_VP007_word3_task_009_00"", ""atten_word_VP007_word3_rest_010_00""]",True,,0.7128739316239316,82,0.8095238095238095,0.8077803203661327,0.8211764705882353,0.8095238095238095,0.6190476190476191
VP007,2023,existing_head_adaptation,0.30,0.3,18,42,"{""0"": 9, ""1"": 9}","{""0"": 21, ""1"": 21}","[""atten_word_VP007_word1_task_002_00"", ""atten_word_VP007_word1_rest_002_00"", ""atten_word_VP007_word1_rest_007_00"", ""atten_word_VP007_word1_rest_009_00"", ""atten_word_VP007_word1_task_010_00"", ""atten_word_VP007_word2_task_003_00"", ""atten_word_VP007_word2_task_004_00"", ""atten_word_VP007_word2_rest_005_00"", ""atten_word_VP007_word2_task_006_00"", ""atten_word_VP007_word2_task_008_00"", ""atten_word_VP007_word2_task_009_00"", ""atten_word_VP007_word2_rest_009_00"", ""atten_word_VP007_word3_rest_001_00"", ""atten_word_VP007_word3_task_006_00"", ""atten_word_VP007_word3_rest_005_00"", ""atten_word_VP007_word3_rest_006_00"", ""atten_word_VP007_word3_rest_007_00"", ""atten_word_VP007_word3_task_010_00""]","[""atten_word_VP007_word1_task_001_00"", ""atten_word_VP007_word1_task_003_00"", ""atten_word_VP007_word1_rest_001_00"", ""atten_word_VP007_word1_rest_003_00"", ""atten_word_VP007_word1_task_004_00"", ""atten_word_VP007_word1_task_005_00"", ""atten_word_VP007_word1_rest_004_00"", ""atten_word_VP007_word1_task_006_00"", ""atten_word_VP007_word1_rest_005_00"", ""atten_word_VP007_word1_task_007_00"", ""atten_word_VP007_word1_task_008_00"", ""atten_word_VP007_word1_rest_006_00"", ""atten_word_VP007_word1_rest_008_00"", ""atten_word_VP007_word1_task_009_00"", ""atten_word_VP007_word1_rest_010_00"", ""atten_word_VP007_word2_rest_001_00"", ""atten_word_VP007_word2_task_001_00"", ""atten_word_VP007_word2_rest_002_00"", ""atten_word_VP007_word2_task_002_00"", ""atten_word_VP007_word2_rest_003_00"", ""atten_word_VP007_word2_rest_004_00"", ""atten_word_VP007_word2_task_005_00"", ""atten_word_VP007_word2_task_007_00"", ""atten_word_VP007_word2_rest_006_00"", ""atten_word_VP007_word2_rest_007_00"", ""atten_word_VP007_word2_rest_008_00"", ""atten_word_VP007_word2_task_010_00"", ""atten_word_VP007_word2_rest_010_00"", ""atten_word_VP007_word3_task_001_00"", ""atten_word_VP007_word3_task_002_00"", ""atten_word_VP007_word3_task_003_00"", ""atten_word_VP007_word3_rest_002_00"", ""atten_word_VP007_word3_rest_003_00"", ""atten_word_VP007_word3_task_004_00"", ""atten_word_VP007_word3_rest_004_00"", ""atten_word_VP007_word3_task_005_00"", ""atten_word_VP007_word3_task_007_00"", ""atten_word_VP007_word3_task_008_00"", ""atten_word_VP007_word3_rest_008_00"", ""atten_word_VP007_word3_rest_009_00"", ""atten_word_VP007_word3_task_009_00"", ""atten_word_VP007_word3_rest_010_00""]",True,,0.7128739316239316,82,0.7857142857142857,0.7846153846153847,0.7916666666666667,0.7857142857142857,0.5714285714285714
VP008,2023,source_only,0.30,0.3,18,42,"{""0"": 9, ""1"": 9}","{""0"": 21, ""1"": 21}","[""atten_word_VP008_word1_task_002_00"", ""atten_word_VP008_word1_rest_002_00"", ""atten_word_VP008_word1_rest_007_00"", ""atten_word_VP008_word1_task_010_00"", ""atten_word_VP008_word1_rest_009_00"", ""atten_word_VP008_word2_task_003_00"", ""atten_word_VP008_word2_task_004_00"", ""atten_word_VP008_word2_rest_005_00"", ""atten_word_VP008_word2_task_006_00"", ""atten_word_VP008_word2_task_008_00"", ""atten_word_VP008_word2_task_009_00"", ""atten_word_VP008_word2_rest_009_00"", ""atten_word_VP008_word3_rest_001_00"", ""atten_word_VP008_word3_rest_005_00"", ""atten_word_VP008_word3_rest_006_00"", ""atten_word_VP008_word3_rest_007_00"", ""atten_word_VP008_word3_task_006_00"", ""atten_word_VP008_word3_task_010_00""]","[""atten_word_VP008_word1_rest_001_00"", ""atten_word_VP008_word1_task_001_00"", ""atten_word_VP008_word1_rest_003_00"", ""atten_word_VP008_word1_task_003_00"", ""atten_word_VP008_word1_rest_004_00"", ""atten_word_VP008_word1_task_004_00"", ""atten_word_VP008_word1_task_005_00"", ""atten_word_VP008_word1_task_006_00"", ""atten_word_VP008_word1_rest_005_00"", ""atten_word_VP008_word1_rest_006_00"", ""atten_word_VP008_word1_task_007_00"", ""atten_word_VP008_word1_rest_008_00"", ""atten_word_VP008_word1_task_008_00"", ""atten_word_VP008_word1_task_009_00"", ""atten_word_VP008_word1_rest_010_00"", ""atten_word_VP008_word2_task_001_00"", ""atten_word_VP008_word2_rest_001_00"", ""atten_word_VP008_word2_task_002_00"", ""atten_word_VP008_word2_rest_002_00"", ""atten_word_VP008_word2_rest_003_00"", ""atten_word_VP008_word2_rest_004_00"", ""atten_word_VP008_word2_task_005_00"", ""atten_word_VP008_word2_rest_006_00"", ""atten_word_VP008_word2_rest_007_00"", ""atten_word_VP008_word2_task_007_00"", ""atten_word_VP008_word2_rest_008_00"", ""atten_word_VP008_word2_rest_010_00"", ""atten_word_VP008_word2_task_010_00"", ""atten_word_VP008_word3_task_001_00"", ""atten_word_VP008_word3_task_002_00"", ""atten_word_VP008_word3_task_003_00"", ""atten_word_VP008_word3_rest_002_00"", ""atten_word_VP008_word3_task_004_00"", ""atten_word_VP008_word3_rest_003_00"", ""atten_word_VP008_word3_rest_004_00"", ""atten_word_VP008_word3_task_005_00"", ""atten_word_VP008_word3_rest_008_00"", ""atten_word_VP008_word3_task_007_00"", ""atten_word_VP008_word3_rest_009_00"", ""atten_word_VP008_word3_task_008_00"", ""atten_word_VP008_word3_task_009_00"", ""atten_word_VP008_word3_rest_010_00""]",True,,0.7065492863812192,41,0.7380952380952381,0.7343300747556067,0.7524038461538461,0.7380952380952381,0.47619047619047616
VP008,2023,existing_head_adaptation,0.30,0.3,18,42,"{""0"": 9, ""1"": 9}","{""0"": 21, ""1"": 21}","[""atten_word_VP008_word1_task_002_00"", ""atten_word_VP008_word1_rest_002_00"", ""atten_word_VP008_word1_rest_007_00"", ""atten_word_VP008_word1_task_010_00"", ""atten_word_VP008_word1_rest_009_00"", ""atten_word_VP008_word2_task_003_00"", ""atten_word_VP008_word2_task_004_00"", ""atten_word_VP008_word2_rest_005_00"", ""atten_word_VP008_word2_task_006_00"", ""atten_word_VP008_word2_task_008_00"", ""atten_word_VP008_word2_task_009_00"", ""atten_word_VP008_word2_rest_009_00"", ""atten_word_VP008_word3_rest_001_00"", ""atten_word_VP008_word3_rest_005_00"", ""atten_word_VP008_word3_rest_006_00"", ""atten_word_VP008_word3_rest_007_00"", ""atten_word_VP008_word3_task_006_00"", ""atten_word_VP008_word3_task_010_00""]","[""atten_word_VP008_word1_rest_001_00"", ""atten_word_VP008_word1_task_001_00"", ""atten_word_VP008_word1_rest_003_00"", ""atten_word_VP008_word1_task_003_00"", ""atten_word_VP008_word1_rest_004_00"", ""atten_word_VP008_word1_task_004_00"", ""atten_word_VP008_word1_task_005_00"", ""atten_word_VP008_word1_task_006_00"", ""atten_word_VP008_word1_rest_005_00"", ""atten_word_VP008_word1_rest_006_00"", ""atten_word_VP008_word1_task_007_00"", ""atten_word_VP008_word1_rest_008_00"", ""atten_word_VP008_word1_task_008_00"", ""atten_word_VP008_word1_task_009_00"", ""atten_word_VP008_word1_rest_010_00"", ""atten_word_VP008_word2_task_001_00"", ""atten_word_VP008_word2_rest_001_00"", ""atten_word_VP008_word2_task_002_00"", ""atten_word_VP008_word2_rest_002_00"", ""atten_word_VP008_word2_rest_003_00"", ""atten_word_VP008_word2_rest_004_00"", ""atten_word_VP008_word2_task_005_00"", ""atten_word_VP008_word2_rest_006_00"", ""atten_word_VP008_word2_rest_007_00"", ""atten_word_VP008_word2_task_007_00"", ""atten_word_VP008_word2_rest_008_00"", ""atten_word_VP008_word2_rest_010_00"", ""atten_word_VP008_word2_task_010_00"", ""atten_word_VP008_word3_task_001_00"", ""atten_word_VP008_word3_task_002_00"", ""atten_word_VP008_word3_task_003_00"", ""atten_word_VP008_word3_rest_002_00"", ""atten_word_VP008_word3_task_004_00"", ""atten_word_VP008_word3_rest_003_00"", ""atten_word_VP008_word3_rest_004_00"", ""atten_word_VP008_word3_task_005_00"", ""atten_word_VP008_word3_rest_008_00"", ""atten_word_VP008_word3_task_007_00"", ""atten_word_VP008_word3_rest_009_00"", ""atten_word_VP008_word3_task_008_00"", ""atten_word_VP008_word3_task_009_00"", ""atten_word_VP008_word3_rest_010_00""]",True,,0.7065492863812192,41,0.6666666666666666,0.6541176470588235,0.6949602122015915,0.6666666666666666,0.33333333333333337
VP009,2023,source_only,0.30,0.3,18,42,"{""0"": 9, ""1"": 9}","{""0"": 21, ""1"": 21}","[""atten_word_VP009_word1_task_002_00"", ""atten_word_VP009_word1_rest_002_00"", ""atten_word_VP009_word1_rest_007_00"", ""atten_word_VP009_word1_rest_009_00"", ""atten_word_VP009_word1_task_010_00"", ""atten_word_VP009_word2_task_003_00"", ""atten_word_VP009_word2_task_004_00"", ""atten_word_VP009_word2_task_006_00"", ""atten_word_VP009_word2_rest_005_00"", ""atten_word_VP009_word2_task_008_00"", ""atten_word_VP009_word2_rest_009_00"", ""atten_word_VP009_word2_task_009_00"", ""atten_word_VP009_word3_rest_001_00"", ""atten_word_VP009_word3_rest_005_00"", ""atten_word_VP009_word3_rest_006_00"", ""atten_word_VP009_word3_rest_007_00"", ""atten_word_VP009_word3_task_006_00"", ""atten_word_VP009_word3_task_010_00""]","[""atten_word_VP009_word1_task_001_00"", ""atten_word_VP009_word1_rest_001_00"", ""atten_word_VP009_word1_task_003_00"", ""atten_word_VP009_word1_task_004_00"", ""atten_word_VP009_word1_rest_003_00"", ""atten_word_VP009_word1_task_005_00"", ""atten_word_VP009_word1_rest_004_00"", ""atten_word_VP009_word1_rest_005_00"", ""atten_word_VP009_word1_task_006_00"", ""atten_word_VP009_word1_rest_006_00"", ""atten_word_VP009_word1_task_007_00"", ""atten_word_VP009_word1_task_008_00"", ""atten_word_VP009_word1_rest_008_00"", ""atten_word_VP009_word1_task_009_00"", ""atten_word_VP009_word1_rest_010_00"", ""atten_word_VP009_word2_task_001_00"", ""atten_word_VP009_word2_rest_001_00"", ""atten_word_VP009_word2_task_002_00"", ""atten_word_VP009_word2_rest_002_00"", ""atten_word_VP009_word2_rest_003_00"", ""atten_word_VP009_word2_task_005_00"", ""atten_word_VP009_word2_rest_004_00"", ""atten_word_VP009_word2_task_007_00"", ""atten_word_VP009_word2_rest_006_00"", ""atten_word_VP009_word2_rest_007_00"", ""atten_word_VP009_word2_rest_008_00"", ""atten_word_VP009_word2_rest_010_00"", ""atten_word_VP009_word2_task_010_00"", ""atten_word_VP009_word3_task_001_00"", ""atten_word_VP009_word3_rest_002_00"", ""atten_word_VP009_word3_rest_003_00"", ""atten_word_VP009_word3_task_002_00"", ""atten_word_VP009_word3_task_003_00"", ""atten_word_VP009_word3_task_004_00"", ""atten_word_VP009_word3_rest_004_00"", ""atten_word_VP009_word3_task_005_00"", ""atten_word_VP009_word3_rest_008_00"", ""atten_word_VP009_word3_rest_009_00"", ""atten_word_VP009_word3_task_007_00"", ""atten_word_VP009_word3_rest_010_00"", ""atten_word_VP009_word3_task_008_00"", ""atten_word_VP009_word3_task_009_00""]",True,,0.6432342317310364,76,0.6666666666666666,0.6659090909090909,0.6681922196796339,0.6666666666666667,0.33333333333333337
VP009,2023,existing_head_adaptation,0.30,0.3,18,42,"{""0"": 9, ""1"": 9}","{""0"": 21, ""1"": 21}","[""atten_word_VP009_word1_task_002_00"", ""atten_word_VP009_word1_rest_002_00"", ""atten_word_VP009_word1_rest_007_00"", ""atten_word_VP009_word1_rest_009_00"", ""atten_word_VP009_word1_task_010_00"", ""atten_word_VP009_word2_task_003_00"", ""atten_word_VP009_word2_task_004_00"", ""atten_word_VP009_word2_task_006_00"", ""atten_word_VP009_word2_rest_005_00"", ""atten_word_VP009_word2_task_008_00"", ""atten_word_VP009_word2_rest_009_00"", ""atten_word_VP009_word2_task_009_00"", ""atten_word_VP009_word3_rest_001_00"", ""atten_word_VP009_word3_rest_005_00"", ""atten_word_VP009_word3_rest_006_00"", ""atten_word_VP009_word3_rest_007_00"", ""atten_word_VP009_word3_task_006_00"", ""atten_word_VP009_word3_task_010_00""]","[""atten_word_VP009_word1_task_001_00"", ""atten_word_VP009_word1_rest_001_00"", ""atten_word_VP009_word1_task_003_00"", ""atten_word_VP009_word1_task_004_00"", ""atten_word_VP009_word1_rest_003_00"", ""atten_word_VP009_word1_task_005_00"", ""atten_word_VP009_word1_rest_004_00"", ""atten_word_VP009_word1_rest_005_00"", ""atten_word_VP009_word1_task_006_00"", ""atten_word_VP009_word1_rest_006_00"", ""atten_word_VP009_word1_task_007_00"", ""atten_word_VP009_word1_task_008_00"", ""atten_word_VP009_word1_rest_008_00"", ""atten_word_VP009_word1_task_009_00"", ""atten_word_VP009_word1_rest_010_00"", ""atten_word_VP009_word2_task_001_00"", ""atten_word_VP009_word2_rest_001_00"", ""atten_word_VP009_word2_task_002_00"", ""atten_word_VP009_word2_rest_002_00"", ""atten_word_VP009_word2_rest_003_00"", ""atten_word_VP009_word2_task_005_00"", ""atten_word_VP009_word2_rest_004_00"", ""atten_word_VP009_word2_task_007_00"", ""atten_word_VP009_word2_rest_006_00"", ""atten_word_VP009_word2_rest_007_00"", ""atten_word_VP009_word2_rest_008_00"", ""atten_word_VP009_word2_rest_010_00"", ""atten_word_VP009_word2_task_010_00"", ""atten_word_VP009_word3_task_001_00"", ""atten_word_VP009_word3_rest_002_00"", ""atten_word_VP009_word3_rest_003_00"", ""atten_word_VP009_word3_task_002_00"", ""atten_word_VP009_word3_task_003_00"", ""atten_word_VP009_word3_task_004_00"", ""atten_word_VP009_word3_rest_004_00"", ""atten_word_VP009_word3_task_005_00"", ""atten_word_VP009_word3_rest_008_00"", ""atten_word_VP009_word3_rest_009_00"", ""atten_word_VP009_word3_task_007_00"", ""atten_word_VP009_word3_rest_010_00"", ""atten_word_VP009_word3_task_008_00"", ""atten_word_VP009_word3_task_009_00""]",True,,0.6432342317310364,76,0.6428571428571429,0.6426545660805445,0.6431818181818182,0.6428571428571428,0.2857142857142857
VP010,2023,source_only,0.30,0.3,18,42,"{""0"": 9, ""1"": 9}","{""0"": 21, ""1"": 21}","[""atten_word_VP010_word1_task_002_00"", ""atten_word_VP010_word1_rest_002_00"", ""atten_word_VP010_word1_rest_007_00"", ""atten_word_VP010_word1_rest_009_00"", ""atten_word_VP010_word1_task_010_00"", ""atten_word_VP010_word2_task_003_00"", ""atten_word_VP010_word2_task_004_00"", ""atten_word_VP010_word2_task_006_00"", ""atten_word_VP010_word2_rest_005_00"", ""atten_word_VP010_word2_task_008_00"", ""atten_word_VP010_word2_task_009_00"", ""atten_word_VP010_word2_rest_009_00"", ""atten_word_VP010_word3_rest_001_00"", ""atten_word_VP010_word3_task_006_00"", ""atten_word_VP010_word3_rest_005_00"", ""atten_word_VP010_word3_rest_006_00"", ""atten_word_VP010_word3_rest_007_00"", ""atten_word_VP010_word3_task_010_00""]","[""atten_word_VP010_word1_rest_001_00"", ""atten_word_VP010_word1_task_001_00"", ""atten_word_VP010_word1_task_003_00"", ""atten_word_VP010_word1_rest_003_00"", ""atten_word_VP010_word1_rest_004_00"", ""atten_word_VP010_word1_task_004_00"", ""atten_word_VP010_word1_rest_005_00"", ""atten_word_VP010_word1_rest_006_00"", ""atten_word_VP010_word1_task_005_00"", ""atten_word_VP010_word1_task_006_00"", ""atten_word_VP010_word1_task_007_00"", ""atten_word_VP010_word1_rest_008_00"", ""atten_word_VP010_word1_task_008_00"", ""atten_word_VP010_word1_task_009_00"", ""atten_word_VP010_word1_rest_010_00"", ""atten_word_VP010_word2_rest_001_00"", ""atten_word_VP010_word2_task_001_00"", ""atten_word_VP010_word2_rest_002_00"", ""atten_word_VP010_word2_rest_003_00"", ""atten_word_VP010_word2_task_002_00"", ""atten_word_VP010_word2_rest_004_00"", ""atten_word_VP010_word2_task_005_00"", ""atten_word_VP010_word2_task_007_00"", ""atten_word_VP010_word2_rest_006_00"", ""atten_word_VP010_word2_rest_007_00"", ""atten_word_VP010_word2_rest_008_00"", ""atten_word_VP010_word2_rest_010_00"", ""atten_word_VP010_word2_task_010_00"", ""atten_word_VP010_word3_task_001_00"", ""atten_word_VP010_word3_rest_002_00"", ""atten_word_VP010_word3_task_002_00"", ""atten_word_VP010_word3_rest_003_00"", ""atten_word_VP010_word3_task_003_00"", ""atten_word_VP010_word3_task_004_00"", ""atten_word_VP010_word3_rest_004_00"", ""atten_word_VP010_word3_task_005_00"", ""atten_word_VP010_word3_task_007_00"", ""atten_word_VP010_word3_task_008_00"", ""atten_word_VP010_word3_task_009_00"", ""atten_word_VP010_word3_rest_008_00"", ""atten_word_VP010_word3_rest_009_00"", ""atten_word_VP010_word3_rest_010_00""]",True,,0.69517301443741,65,0.5,0.4857142857142857,0.5,0.5,0.0
VP010,2023,existing_head_adaptation,0.30,0.3,18,42,"{""0"": 9, ""1"": 9}","{""0"": 21, ""1"": 21}","[""atten_word_VP010_word1_task_002_00"", ""atten_word_VP010_word1_rest_002_00"", ""atten_word_VP010_word1_rest_007_00"", ""atten_word_VP010_word1_rest_009_00"", ""atten_word_VP010_word1_task_010_00"", ""atten_word_VP010_word2_task_003_00"", ""atten_word_VP010_word2_task_004_00"", ""atten_word_VP010_word2_task_006_00"", ""atten_word_VP010_word2_rest_005_00"", ""atten_word_VP010_word2_task_008_00"", ""atten_word_VP010_word2_task_009_00"", ""atten_word_VP010_word2_rest_009_00"", ""atten_word_VP010_word3_rest_001_00"", ""atten_word_VP010_word3_task_006_00"", ""atten_word_VP010_word3_rest_005_00"", ""atten_word_VP010_word3_rest_006_00"", ""atten_word_VP010_word3_rest_007_00"", ""atten_word_VP010_word3_task_010_00""]","[""atten_word_VP010_word1_rest_001_00"", ""atten_word_VP010_word1_task_001_00"", ""atten_word_VP010_word1_task_003_00"", ""atten_word_VP010_word1_rest_003_00"", ""atten_word_VP010_word1_rest_004_00"", ""atten_word_VP010_word1_task_004_00"", ""atten_word_VP010_word1_rest_005_00"", ""atten_word_VP010_word1_rest_006_00"", ""atten_word_VP010_word1_task_005_00"", ""atten_word_VP010_word1_task_006_00"", ""atten_word_VP010_word1_task_007_00"", ""atten_word_VP010_word1_rest_008_00"", ""atten_word_VP010_word1_task_008_00"", ""atten_word_VP010_word1_task_009_00"", ""atten_word_VP010_word1_rest_010_00"", ""atten_word_VP010_word2_rest_001_00"", ""atten_word_VP010_word2_task_001_00"", ""atten_word_VP010_word2_rest_002_00"", ""atten_word_VP010_word2_rest_003_00"", ""atten_word_VP010_word2_task_002_00"", ""atten_word_VP010_word2_rest_004_00"", ""atten_word_VP010_word2_task_005_00"", ""atten_word_VP010_word2_task_007_00"", ""atten_word_VP010_word2_rest_006_00"", ""atten_word_VP010_word2_rest_007_00"", ""atten_word_VP010_word2_rest_008_00"", ""atten_word_VP010_word2_rest_010_00"", ""atten_word_VP010_word2_task_010_00"", ""atten_word_VP010_word3_task_001_00"", ""atten_word_VP010_word3_rest_002_00"", ""atten_word_VP010_word3_task_002_00"", ""atten_word_VP010_word3_rest_003_00"", ""atten_word_VP010_word3_task_003_00"", ""atten_word_VP010_word3_task_004_00"", ""atten_word_VP010_word3_rest_004_00"", ""atten_word_VP010_word3_task_005_00"", ""atten_word_VP010_word3_task_007_00"", ""atten_word_VP010_word3_task_008_00"", ""atten_word_VP010_word3_task_009_00"", ""atten_word_VP010_word3_rest_008_00"", ""atten_word_VP010_word3_rest_009_00"", ""atten_word_VP010_word3_rest_010_00""]",True,,0.69517301443741,65,0.5952380952380952,0.5894192064404831,0.6009615384615384,0.5952380952380952,0.19047619047619047
VP011,2023,source_only,0.30,0.3,18,42,"{""0"": 9, ""1"": 9}","{""0"": 21, ""1"": 21}","[""atten_word_VP011_word1_rest_002_00"", ""atten_word_VP011_word1_task_002_00"", ""atten_word_VP011_word1_rest_007_00"", ""atten_word_VP011_word1_rest_009_00"", ""atten_word_VP011_word1_task_010_00"", ""atten_word_VP011_word2_task_003_00"", ""atten_word_VP011_word2_task_004_00"", ""atten_word_VP011_word2_task_006_00"", ""atten_word_VP011_word2_rest_005_00"", ""atten_word_VP011_word2_task_008_00"", ""atten_word_VP011_word2_task_009_00"", ""atten_word_VP011_word2_rest_009_00"", ""atten_word_VP011_word3_rest_001_00"", ""atten_word_VP011_word3_rest_005_00"", ""atten_word_VP011_word3_rest_006_00"", ""atten_word_VP011_word3_task_006_00"", ""atten_word_VP011_word3_rest_007_00"", ""atten_word_VP011_word3_task_010_00""]","[""atten_word_VP011_word1_rest_001_00"", ""atten_word_VP011_word1_task_001_00"", ""atten_word_VP011_word1_rest_003_00"", ""atten_word_VP011_word1_task_003_00"", ""atten_word_VP011_word1_task_004_00"", ""atten_word_VP011_word1_rest_004_00"", ""atten_word_VP011_word1_task_005_00"", ""atten_word_VP011_word1_task_006_00"", ""atten_word_VP011_word1_rest_005_00"", ""atten_word_VP011_word1_task_007_00"", ""atten_word_VP011_word1_task_008_00"", ""atten_word_VP011_word1_rest_006_00"", ""atten_word_VP011_word1_task_009_00"", ""atten_word_VP011_word1_rest_008_00"", ""atten_word_VP011_word1_rest_010_00"", ""atten_word_VP011_word2_rest_001_00"", ""atten_word_VP011_word2_task_001_00"", ""atten_word_VP011_word2_task_002_00"", ""atten_word_VP011_word2_rest_002_00"", ""atten_word_VP011_word2_task_005_00"", ""atten_word_VP011_word2_rest_003_00"", ""atten_word_VP011_word2_rest_004_00"", ""atten_word_VP011_word2_task_007_00"", ""atten_word_VP011_word2_rest_006_00"", ""atten_word_VP011_word2_rest_007_00"", ""atten_word_VP011_word2_task_010_00"", ""atten_word_VP011_word2_rest_008_00"", ""atten_word_VP011_word2_rest_010_00"", ""atten_word_VP011_word3_task_001_00"", ""atten_word_VP011_word3_task_002_00"", ""atten_word_VP011_word3_rest_002_00"", ""atten_word_VP011_word3_task_003_00"", ""atten_word_VP011_word3_rest_003_00"", ""atten_word_VP011_word3_rest_004_00"", ""atten_word_VP011_word3_task_004_00"", ""atten_word_VP011_word3_task_005_00"", ""atten_word_VP011_word3_task_007_00"", ""atten_word_VP011_word3_task_008_00"", ""atten_word_VP011_word3_rest_008_00"", ""atten_word_VP011_word3_task_009_00"", ""atten_word_VP011_word3_rest_009_00"", ""atten_word_VP011_word3_rest_010_00""]",True,,0.7120535714285714,11,0.5714285714285714,0.5552941176470588,0.583554376657825,0.5714285714285714,0.1428571428571429
VP011,2023,existing_head_adaptation,0.30,0.3,18,42,"{""0"": 9, ""1"": 9}","{""0"": 21, ""1"": 21}","[""atten_word_VP011_word1_rest_002_00"", ""atten_word_VP011_word1_task_002_00"", ""atten_word_VP011_word1_rest_007_00"", ""atten_word_VP011_word1_rest_009_00"", ""atten_word_VP011_word1_task_010_00"", ""atten_word_VP011_word2_task_003_00"", ""atten_word_VP011_word2_task_004_00"", ""atten_word_VP011_word2_task_006_00"", ""atten_word_VP011_word2_rest_005_00"", ""atten_word_VP011_word2_task_008_00"", ""atten_word_VP011_word2_task_009_00"", ""atten_word_VP011_word2_rest_009_00"", ""atten_word_VP011_word3_rest_001_00"", ""atten_word_VP011_word3_rest_005_00"", ""atten_word_VP011_word3_rest_006_00"", ""atten_word_VP011_word3_task_006_00"", ""atten_word_VP011_word3_rest_007_00"", ""atten_word_VP011_word3_task_010_00""]","[""atten_word_VP011_word1_rest_001_00"", ""atten_word_VP011_word1_task_001_00"", ""atten_word_VP011_word1_rest_003_00"", ""atten_word_VP011_word1_task_003_00"", ""atten_word_VP011_word1_task_004_00"", ""atten_word_VP011_word1_rest_004_00"", ""atten_word_VP011_word1_task_005_00"", ""atten_word_VP011_word1_task_006_00"", ""atten_word_VP011_word1_rest_005_00"", ""atten_word_VP011_word1_task_007_00"", ""atten_word_VP011_word1_task_008_00"", ""atten_word_VP011_word1_rest_006_00"", ""atten_word_VP011_word1_task_009_00"", ""atten_word_VP011_word1_rest_008_00"", ""atten_word_VP011_word1_rest_010_00"", ""atten_word_VP011_word2_rest_001_00"", ""atten_word_VP011_word2_task_001_00"", ""atten_word_VP011_word2_task_002_00"", ""atten_word_VP011_word2_rest_002_00"", ""atten_word_VP011_word2_task_005_00"", ""atten_word_VP011_word2_rest_003_00"", ""atten_word_VP011_word2_rest_004_00"", ""atten_word_VP011_word2_task_007_00"", ""atten_word_VP011_word2_rest_006_00"", ""atten_word_VP011_word2_rest_007_00"", ""atten_word_VP011_word2_task_010_00"", ""atten_word_VP011_word2_rest_008_00"", ""atten_word_VP011_word2_rest_010_00"", ""atten_word_VP011_word3_task_001_00"", ""atten_word_VP011_word3_task_002_00"", ""atten_word_VP011_word3_rest_002_00"", ""atten_word_VP011_word3_task_003_00"", ""atten_word_VP011_word3_rest_003_00"", ""atten_word_VP011_word3_rest_004_00"", ""atten_word_VP011_word3_task_004_00"", ""atten_word_VP011_word3_task_005_00"", ""atten_word_VP011_word3_task_007_00"", ""atten_word_VP011_word3_task_008_00"", ""atten_word_VP011_word3_rest_008_00"", ""atten_word_VP011_word3_task_009_00"", ""atten_word_VP011_word3_rest_009_00"", ""atten_word_VP011_word3_rest_010_00""]",True,,0.7120535714285714,11,0.5238095238095238,0.5194508009153318,0.5247058823529411,0.5238095238095238,0.04761904761904767
VP012,2023,source_only,0.30,0.3,18,42,"{""0"": 9, ""1"": 9}","{""0"": 21, ""1"": 21}","[""atten_word_VP012_word1_task_002_00"", ""atten_word_VP012_word1_rest_002_00"", ""atten_word_VP012_word1_rest_007_00"", ""atten_word_VP012_word1_task_010_00"", ""atten_word_VP012_word1_rest_009_00"", ""atten_word_VP012_word2_task_003_00"", ""atten_word_VP012_word2_task_004_00"", ""atten_word_VP012_word2_rest_005_00"", ""atten_word_VP012_word2_task_006_00"", ""atten_word_VP012_word2_task_008_00"", ""atten_word_VP012_word2_task_009_00"", ""atten_word_VP012_word2_rest_009_00"", ""atten_word_VP012_word3_rest_001_00"", ""atten_word_VP012_word3_rest_005_00"", ""atten_word_VP012_word3_rest_006_00"", ""atten_word_VP012_word3_task_006_00"", ""atten_word_VP012_word3_rest_007_00"", ""atten_word_VP012_word3_task_010_00""]","[""atten_word_VP012_word1_task_001_00"", ""atten_word_VP012_word1_rest_001_00"", ""atten_word_VP012_word1_task_003_00"", ""atten_word_VP012_word1_task_004_00"", ""atten_word_VP012_word1_task_005_00"", ""atten_word_VP012_word1_rest_003_00"", ""atten_word_VP012_word1_rest_004_00"", ""atten_word_VP012_word1_task_006_00"", ""atten_word_VP012_word1_rest_005_00"", ""atten_word_VP012_word1_task_007_00"", ""atten_word_VP012_word1_rest_006_00"", ""atten_word_VP012_word1_rest_008_00"", ""atten_word_VP012_word1_task_008_00"", ""atten_word_VP012_word1_task_009_00"", ""atten_word_VP012_word1_rest_010_00"", ""atten_word_VP012_word2_task_001_00"", ""atten_word_VP012_word2_task_002_00"", ""atten_word_VP012_word2_rest_001_00"", ""atten_word_VP012_word2_rest_002_00"", ""atten_word_VP012_word2_rest_003_00"", ""atten_word_VP012_word2_rest_004_00"", ""atten_word_VP012_word2_task_005_00"", ""atten_word_VP012_word2_rest_006_00"", ""atten_word_VP012_word2_rest_007_00"", ""atten_word_VP012_word2_rest_008_00"", ""atten_word_VP012_word2_task_007_00"", ""atten_word_VP012_word2_task_010_00"", ""atten_word_VP012_word2_rest_010_00"", ""atten_word_VP012_word3_task_001_00"", ""atten_word_VP012_word3_task_002_00"", ""atten_word_VP012_word3_task_003_00"", ""atten_word_VP012_word3_rest_002_00"", ""atten_word_VP012_word3_rest_003_00"", ""atten_word_VP012_word3_task_004_00"", ""atten_word_VP012_word3_rest_004_00"", ""atten_word_VP012_word3_task_005_00"", ""atten_word_VP012_word3_task_007_00"", ""atten_word_VP012_word3_rest_008_00"", ""atten_word_VP012_word3_rest_009_00"", ""atten_word_VP012_word3_task_008_00"", ""atten_word_VP012_word3_task_009_00"", ""atten_word_VP012_word3_rest_010_00""]",True,,0.7286704853783539,77,0.6190476190476191,0.6047058823529412,0.6392572944297081,0.6190476190476191,0.23809523809523814
VP012,2023,existing_head_adaptation,0.30,0.3,18,42,"{""0"": 9, ""1"": 9}","{""0"": 21, ""1"": 21}","[""atten_word_VP012_word1_task_002_00"", ""atten_word_VP012_word1_rest_002_00"", ""atten_word_VP012_word1_rest_007_00"", ""atten_word_VP012_word1_task_010_00"", ""atten_word_VP012_word1_rest_009_00"", ""atten_word_VP012_word2_task_003_00"", ""atten_word_VP012_word2_task_004_00"", ""atten_word_VP012_word2_rest_005_00"", ""atten_word_VP012_word2_task_006_00"", ""atten_word_VP012_word2_task_008_00"", ""atten_word_VP012_word2_task_009_00"", ""atten_word_VP012_word2_rest_009_00"", ""atten_word_VP012_word3_rest_001_00"", ""atten_word_VP012_word3_rest_005_00"", ""atten_word_VP012_word3_rest_006_00"", ""atten_word_VP012_word3_task_006_00"", ""atten_word_VP012_word3_rest_007_00"", ""atten_word_VP012_word3_task_010_00""]","[""atten_word_VP012_word1_task_001_00"", ""atten_word_VP012_word1_rest_001_00"", ""atten_word_VP012_word1_task_003_00"", ""atten_word_VP012_word1_task_004_00"", ""atten_word_VP012_word1_task_005_00"", ""atten_word_VP012_word1_rest_003_00"", ""atten_word_VP012_word1_rest_004_00"", ""atten_word_VP012_word1_task_006_00"", ""atten_word_VP012_word1_rest_005_00"", ""atten_word_VP012_word1_task_007_00"", ""atten_word_VP012_word1_rest_006_00"", ""atten_word_VP012_word1_rest_008_00"", ""atten_word_VP012_word1_task_008_00"", ""atten_word_VP012_word1_task_009_00"", ""atten_word_VP012_word1_rest_010_00"", ""atten_word_VP012_word2_task_001_00"", ""atten_word_VP012_word2_task_002_00"", ""atten_word_VP012_word2_rest_001_00"", ""atten_word_VP012_word2_rest_002_00"", ""atten_word_VP012_word2_rest_003_00"", ""atten_word_VP012_word2_rest_004_00"", ""atten_word_VP012_word2_task_005_00"", ""atten_word_VP012_word2_rest_006_00"", ""atten_word_VP012_word2_rest_007_00"", ""atten_word_VP012_word2_rest_008_00"", ""atten_word_VP012_word2_task_007_00"", ""atten_word_VP012_word2_task_010_00"", ""atten_word_VP012_word2_rest_010_00"", ""atten_word_VP012_word3_task_001_00"", ""atten_word_VP012_word3_task_002_00"", ""atten_word_VP012_word3_task_003_00"", ""atten_word_VP012_word3_rest_002_00"", ""atten_word_VP012_word3_rest_003_00"", ""atten_word_VP012_word3_task_004_00"", ""atten_word_VP012_word3_rest_004_00"", ""atten_word_VP012_word3_task_005_00"", ""atten_word_VP012_word3_task_007_00"", ""atten_word_VP012_word3_rest_008_00"", ""atten_word_VP012_word3_rest_009_00"", ""atten_word_VP012_word3_task_008_00"", ""atten_word_VP012_word3_task_009_00"", ""atten_word_VP012_word3_rest_010_00""]",True,,0.7286704853783539,77,0.5952380952380952,0.583673469387755,0.6071428571428572,0.5952380952380952,0.19047619047619047
VP013,2023,source_only,0.30,0.3,18,42,"{""0"": 9, ""1"": 9}","{""0"": 21, ""1"": 21}","[""atten_word_VP013_word1_task_002_00"", ""atten_word_VP013_word1_rest_002_00"", ""atten_word_VP013_word1_rest_007_00"", ""atten_word_VP013_word1_rest_009_00"", ""atten_word_VP013_word1_task_010_00"", ""atten_word_VP013_word2_task_003_00"", ""atten_word_VP013_word2_task_004_00"", ""atten_word_VP013_word2_rest_005_00"", ""atten_word_VP013_word2_task_006_00"", ""atten_word_VP013_word2_task_008_00"", ""atten_word_VP013_word2_task_009_00"", ""atten_word_VP013_word2_rest_009_00"", ""atten_word_VP013_word3_rest_001_00"", ""atten_word_VP013_word3_rest_005_00"", ""atten_word_VP013_word3_rest_006_00"", ""atten_word_VP013_word3_task_006_00"", ""atten_word_VP013_word3_rest_007_00"", ""atten_word_VP013_word3_task_010_00""]","[""atten_word_VP013_word1_task_001_00"", ""atten_word_VP013_word1_rest_001_00"", ""atten_word_VP013_word1_task_003_00"", ""atten_word_VP013_word1_rest_003_00"", ""atten_word_VP013_word1_task_004_00"", ""atten_word_VP013_word1_rest_004_00"", ""atten_word_VP013_word1_task_005_00"", ""atten_word_VP013_word1_rest_005_00"", ""atten_word_VP013_word1_task_006_00"", ""atten_word_VP013_word1_task_007_00"", ""atten_word_VP013_word1_task_008_00"", ""atten_word_VP013_word1_rest_006_00"", ""atten_word_VP013_word1_task_009_00"", ""atten_word_VP013_word1_rest_008_00"", ""atten_word_VP013_word1_rest_010_00"", ""atten_word_VP013_word2_task_001_00"", ""atten_word_VP013_word2_task_002_00"", ""atten_word_VP013_word2_rest_001_00"", ""atten_word_VP013_word2_rest_002_00"", ""atten_word_VP013_word2_rest_003_00"", ""atten_word_VP013_word2_task_005_00"", ""atten_word_VP013_word2_rest_004_00"", ""atten_word_VP013_word2_rest_006_00"", ""atten_word_VP013_word2_task_007_00"", ""atten_word_VP013_word2_rest_007_00"", ""atten_word_VP013_word2_rest_008_00"", ""atten_word_VP013_word2_task_010_00"", ""atten_word_VP013_word2_rest_010_00"", ""atten_word_VP013_word3_task_001_00"", ""atten_word_VP013_word3_task_002_00"", ""atten_word_VP013_word3_rest_002_00"", ""atten_word_VP013_word3_rest_003_00"", ""atten_word_VP013_word3_rest_004_00"", ""atten_word_VP013_word3_task_003_00"", ""atten_word_VP013_word3_task_004_00"", ""atten_word_VP013_word3_task_005_00"", ""atten_word_VP013_word3_task_007_00"", ""atten_word_VP013_word3_task_008_00"", ""atten_word_VP013_word3_task_009_00"", ""atten_word_VP013_word3_rest_008_00"", ""atten_word_VP013_word3_rest_009_00"", ""atten_word_VP013_word3_rest_010_00""]",True,,0.6929513783446368,79,0.8809523809523809,0.8803418803418803,0.8888888888888888,0.8809523809523809,0.7619047619047619
VP013,2023,existing_head_adaptation,0.30,0.3,18,42,"{""0"": 9, ""1"": 9}","{""0"": 21, ""1"": 21}","[""atten_word_VP013_word1_task_002_00"", ""atten_word_VP013_word1_rest_002_00"", ""atten_word_VP013_word1_rest_007_00"", ""atten_word_VP013_word1_rest_009_00"", ""atten_word_VP013_word1_task_010_00"", ""atten_word_VP013_word2_task_003_00"", ""atten_word_VP013_word2_task_004_00"", ""atten_word_VP013_word2_rest_005_00"", ""atten_word_VP013_word2_task_006_00"", ""atten_word_VP013_word2_task_008_00"", ""atten_word_VP013_word2_task_009_00"", ""atten_word_VP013_word2_rest_009_00"", ""atten_word_VP013_word3_rest_001_00"", ""atten_word_VP013_word3_rest_005_00"", ""atten_word_VP013_word3_rest_006_00"", ""atten_word_VP013_word3_task_006_00"", ""atten_word_VP013_word3_rest_007_00"", ""atten_word_VP013_word3_task_010_00""]","[""atten_word_VP013_word1_task_001_00"", ""atten_word_VP013_word1_rest_001_00"", ""atten_word_VP013_word1_task_003_00"", ""atten_word_VP013_word1_rest_003_00"", ""atten_word_VP013_word1_task_004_00"", ""atten_word_VP013_word1_rest_004_00"", ""atten_word_VP013_word1_task_005_00"", ""atten_word_VP013_word1_rest_005_00"", ""atten_word_VP013_word1_task_006_00"", ""atten_word_VP013_word1_task_007_00"", ""atten_word_VP013_word1_task_008_00"", ""atten_word_VP013_word1_rest_006_00"", ""atten_word_VP013_word1_task_009_00"", ""atten_word_VP013_word1_rest_008_00"", ""atten_word_VP013_word1_rest_010_00"", ""atten_word_VP013_word2_task_001_00"", ""atten_word_VP013_word2_task_002_00"", ""atten_word_VP013_word2_rest_001_00"", ""atten_word_VP013_word2_rest_002_00"", ""atten_word_VP013_word2_rest_003_00"", ""atten_word_VP013_word2_task_005_00"", ""atten_word_VP013_word2_rest_004_00"", ""atten_word_VP013_word2_rest_006_00"", ""atten_word_VP013_word2_task_007_00"", ""atten_word_VP013_word2_rest_007_00"", ""atten_word_VP013_word2_rest_008_00"", ""atten_word_VP013_word2_task_010_00"", ""atten_word_VP013_word2_rest_010_00"", ""atten_word_VP013_word3_task_001_00"", ""atten_word_VP013_word3_task_002_00"", ""atten_word_VP013_word3_rest_002_00"", ""atten_word_VP013_word3_rest_003_00"", ""atten_word_VP013_word3_rest_004_00"", ""atten_word_VP013_word3_task_003_00"", ""atten_word_VP013_word3_task_004_00"", ""atten_word_VP013_word3_task_005_00"", ""atten_word_VP013_word3_task_007_00"", ""atten_word_VP013_word3_task_008_00"", ""atten_word_VP013_word3_task_009_00"", ""atten_word_VP013_word3_rest_008_00"", ""atten_word_VP013_word3_rest_009_00"", ""atten_word_VP013_word3_rest_010_00""]",True,,0.6929513783446368,79,0.8809523809523809,0.8808848553601816,0.8818181818181818,0.8809523809523809,0.7619047619047619
VP014,2023,source_only,0.30,0.3,18,42,"{""0"": 9, ""1"": 9}","{""0"": 21, ""1"": 21}","[""atten_word_VP014_word1_task_002_00"", ""atten_word_VP014_word1_rest_002_00"", ""atten_word_VP014_word1_rest_007_00"", ""atten_word_VP014_word1_rest_009_00"", ""atten_word_VP014_word1_task_010_00"", ""atten_word_VP014_word2_task_003_00"", ""atten_word_VP014_word2_task_004_00"", ""atten_word_VP014_word2_task_006_00"", ""atten_word_VP014_word2_rest_005_00"", ""atten_word_VP014_word2_task_008_00"", ""atten_word_VP014_word2_task_009_00"", ""atten_word_VP014_word2_rest_009_00"", ""atten_word_VP014_word3_rest_001_00"", ""atten_word_VP014_word3_rest_005_00"", ""atten_word_VP014_word3_rest_006_00"", ""atten_word_VP014_word3_rest_007_00"", ""atten_word_VP014_word3_task_006_00"", ""atten_word_VP014_word3_task_010_00""]","[""atten_word_VP014_word1_task_001_00"", ""atten_word_VP014_word1_rest_001_00"", ""atten_word_VP014_word1_rest_003_00"", ""atten_word_VP014_word1_task_003_00"", ""atten_word_VP014_word1_task_004_00"", ""atten_word_VP014_word1_rest_004_00"", ""atten_word_VP014_word1_task_005_00"", ""atten_word_VP014_word1_task_006_00"", ""atten_word_VP014_word1_rest_005_00"", ""atten_word_VP014_word1_task_007_00"", ""atten_word_VP014_word1_rest_006_00"", ""atten_word_VP014_word1_task_008_00"", ""atten_word_VP014_word1_rest_008_00"", ""atten_word_VP014_word1_rest_010_00"", ""atten_word_VP014_word1_task_009_00"", ""atten_word_VP014_word2_rest_001_00"", ""atten_word_VP014_word2_task_001_00"", ""atten_word_VP014_word2_task_002_00"", ""atten_word_VP014_word2_rest_002_00"", ""atten_word_VP014_word2_rest_003_00"", ""atten_word_VP014_word2_rest_004_00"", ""atten_word_VP014_word2_task_005_00"", ""atten_word_VP014_word2_task_007_00"", ""atten_word_VP014_word2_rest_006_00"", ""atten_word_VP014_word2_rest_007_00"", ""atten_word_VP014_word2_rest_008_00"", ""atten_word_VP014_word2_task_010_00"", ""atten_word_VP014_word2_rest_010_00"", ""atten_word_VP014_word3_task_001_00"", ""atten_word_VP014_word3_rest_002_00"", ""atten_word_VP014_word3_task_002_00"", ""atten_word_VP014_word3_task_003_00"", ""atten_word_VP014_word3_rest_003_00"", ""atten_word_VP014_word3_rest_004_00"", ""atten_word_VP014_word3_task_004_00"", ""atten_word_VP014_word3_rest_008_00"", ""atten_word_VP014_word3_task_005_00"", ""atten_word_VP014_word3_task_007_00"", ""atten_word_VP014_word3_rest_009_00"", ""atten_word_VP014_word3_task_008_00"", ""atten_word_VP014_word3_rest_010_00"", ""atten_word_VP014_word3_task_009_00""]",True,,0.7395833333333333,62,0.7619047619047619,0.7613636363636364,0.7643020594965675,0.7619047619047619,0.5238095238095238
VP014,2023,existing_head_adaptation,0.30,0.3,18,42,"{""0"": 9, ""1"": 9}","{""0"": 21, ""1"": 21}","[""atten_word_VP014_word1_task_002_00"", ""atten_word_VP014_word1_rest_002_00"", ""atten_word_VP014_word1_rest_007_00"", ""atten_word_VP014_word1_rest_009_00"", ""atten_word_VP014_word1_task_010_00"", ""atten_word_VP014_word2_task_003_00"", ""atten_word_VP014_word2_task_004_00"", ""atten_word_VP014_word2_task_006_00"", ""atten_word_VP014_word2_rest_005_00"", ""atten_word_VP014_word2_task_008_00"", ""atten_word_VP014_word2_task_009_00"", ""atten_word_VP014_word2_rest_009_00"", ""atten_word_VP014_word3_rest_001_00"", ""atten_word_VP014_word3_rest_005_00"", ""atten_word_VP014_word3_rest_006_00"", ""atten_word_VP014_word3_rest_007_00"", ""atten_word_VP014_word3_task_006_00"", ""atten_word_VP014_word3_task_010_00""]","[""atten_word_VP014_word1_task_001_00"", ""atten_word_VP014_word1_rest_001_00"", ""atten_word_VP014_word1_rest_003_00"", ""atten_word_VP014_word1_task_003_00"", ""atten_word_VP014_word1_task_004_00"", ""atten_word_VP014_word1_rest_004_00"", ""atten_word_VP014_word1_task_005_00"", ""atten_word_VP014_word1_task_006_00"", ""atten_word_VP014_word1_rest_005_00"", ""atten_word_VP014_word1_task_007_00"", ""atten_word_VP014_word1_rest_006_00"", ""atten_word_VP014_word1_task_008_00"", ""atten_word_VP014_word1_rest_008_00"", ""atten_word_VP014_word1_rest_010_00"", ""atten_word_VP014_word1_task_009_00"", ""atten_word_VP014_word2_rest_001_00"", ""atten_word_VP014_word2_task_001_00"", ""atten_word_VP014_word2_task_002_00"", ""atten_word_VP014_word2_rest_002_00"", ""atten_word_VP014_word2_rest_003_00"", ""atten_word_VP014_word2_rest_004_00"", ""atten_word_VP014_word2_task_005_00"", ""atten_word_VP014_word2_task_007_00"", ""atten_word_VP014_word2_rest_006_00"", ""atten_word_VP014_word2_rest_007_00"", ""atten_word_VP014_word2_rest_008_00"", ""atten_word_VP014_word2_task_010_00"", ""atten_word_VP014_word2_rest_010_00"", ""atten_word_VP014_word3_task_001_00"", ""atten_word_VP014_word3_rest_002_00"", ""atten_word_VP014_word3_task_002_00"", ""atten_word_VP014_word3_task_003_00"", ""atten_word_VP014_word3_rest_003_00"", ""atten_word_VP014_word3_rest_004_00"", ""atten_word_VP014_word3_task_004_00"", ""atten_word_VP014_word3_rest_008_00"", ""atten_word_VP014_word3_task_005_00"", ""atten_word_VP014_word3_task_007_00"", ""atten_word_VP014_word3_rest_009_00"", ""atten_word_VP014_word3_task_008_00"", ""atten_word_VP014_word3_rest_010_00"", ""atten_word_VP014_word3_task_009_00""]",True,,0.7395833333333333,62,0.7857142857142857,0.7855927396483267,0.7863636363636364,0.7857142857142857,0.5714285714285714
VP015,2023,source_only,0.30,0.3,18,42,"{""0"": 9, ""1"": 9}","{""0"": 21, ""1"": 21}","[""atten_word_VP015_word1_rest_002_00"", ""atten_word_VP015_word1_task_002_00"", ""atten_word_VP015_word1_rest_007_00"", ""atten_word_VP015_word1_task_010_00"", ""atten_word_VP015_word1_rest_009_00"", ""atten_word_VP015_word2_task_003_00"", ""atten_word_VP015_word2_rest_005_00"", ""atten_word_VP015_word2_task_004_00"", ""atten_word_VP015_word2_rest_009_00"", ""atten_word_VP015_word2_task_006_00"", ""atten_word_VP015_word2_task_008_00"", ""atten_word_VP015_word2_task_009_00"", ""atten_word_VP015_word3_rest_001_00"", ""atten_word_VP015_word3_rest_005_00"", ""atten_word_VP015_word3_task_006_00"", ""atten_word_VP015_word3_rest_006_00"", ""atten_word_VP015_word3_rest_007_00"", ""atten_word_VP015_word3_task_010_00""]","[""atten_word_VP015_word1_rest_001_00"", ""atten_word_VP015_word1_task_001_00"", ""atten_word_VP015_word1_rest_003_00"", ""atten_word_VP015_word1_rest_004_00"", ""atten_word_VP015_word1_task_003_00"", ""atten_word_VP015_word1_task_004_00"", ""atten_word_VP015_word1_task_005_00"", ""atten_word_VP015_word1_rest_005_00"", ""atten_word_VP015_word1_task_006_00"", ""atten_word_VP015_word1_rest_006_00"", ""atten_word_VP015_word1_task_007_00"", ""atten_word_VP015_word1_task_008_00"", ""atten_word_VP015_word1_rest_008_00"", ""atten_word_VP015_word1_task_009_00"", ""atten_word_VP015_word1_rest_010_00"", ""atten_word_VP015_word2_rest_001_00"", ""atten_word_VP015_word2_rest_002_00"", ""atten_word_VP015_word2_rest_003_00"", ""atten_word_VP015_word2_task_001_00"", ""atten_word_VP015_word2_rest_004_00"", ""atten_word_VP015_word2_task_002_00"", ""atten_word_VP015_word2_rest_006_00"", ""atten_word_VP015_word2_rest_007_00"", ""atten_word_VP015_word2_task_005_00"", ""atten_word_VP015_word2_rest_008_00"", ""atten_word_VP015_word2_task_007_00"", ""atten_word_VP015_word2_rest_010_00"", ""atten_word_VP015_word2_task_010_00"", ""atten_word_VP015_word3_task_001_00"", ""atten_word_VP015_word3_task_002_00"", ""atten_word_VP015_word3_task_003_00"", ""atten_word_VP015_word3_rest_002_00"", ""atten_word_VP015_word3_rest_003_00"", ""atten_word_VP015_word3_task_004_00"", ""atten_word_VP015_word3_rest_004_00"", ""atten_word_VP015_word3_task_005_00"", ""atten_word_VP015_word3_rest_008_00"", ""atten_word_VP015_word3_task_007_00"", ""atten_word_VP015_word3_task_008_00"", ""atten_word_VP015_word3_rest_009_00"", ""atten_word_VP015_word3_rest_010_00"", ""atten_word_VP015_word3_task_009_00""]",True,,0.708285366208045,73,0.7142857142857143,0.7083333333333333,0.7333333333333334,0.7142857142857142,0.4285714285714286
VP015,2023,existing_head_adaptation,0.30,0.3,18,42,"{""0"": 9, ""1"": 9}","{""0"": 21, ""1"": 21}","[""atten_word_VP015_word1_rest_002_00"", ""atten_word_VP015_word1_task_002_00"", ""atten_word_VP015_word1_rest_007_00"", ""atten_word_VP015_word1_task_010_00"", ""atten_word_VP015_word1_rest_009_00"", ""atten_word_VP015_word2_task_003_00"", ""atten_word_VP015_word2_rest_005_00"", ""atten_word_VP015_word2_task_004_00"", ""atten_word_VP015_word2_rest_009_00"", ""atten_word_VP015_word2_task_006_00"", ""atten_word_VP015_word2_task_008_00"", ""atten_word_VP015_word2_task_009_00"", ""atten_word_VP015_word3_rest_001_00"", ""atten_word_VP015_word3_rest_005_00"", ""atten_word_VP015_word3_task_006_00"", ""atten_word_VP015_word3_rest_006_00"", ""atten_word_VP015_word3_rest_007_00"", ""atten_word_VP015_word3_task_010_00""]","[""atten_word_VP015_word1_rest_001_00"", ""atten_word_VP015_word1_task_001_00"", ""atten_word_VP015_word1_rest_003_00"", ""atten_word_VP015_word1_rest_004_00"", ""atten_word_VP015_word1_task_003_00"", ""atten_word_VP015_word1_task_004_00"", ""atten_word_VP015_word1_task_005_00"", ""atten_word_VP015_word1_rest_005_00"", ""atten_word_VP015_word1_task_006_00"", ""atten_word_VP015_word1_rest_006_00"", ""atten_word_VP015_word1_task_007_00"", ""atten_word_VP015_word1_task_008_00"", ""atten_word_VP015_word1_rest_008_00"", ""atten_word_VP015_word1_task_009_00"", ""atten_word_VP015_word1_rest_010_00"", ""atten_word_VP015_word2_rest_001_00"", ""atten_word_VP015_word2_rest_002_00"", ""atten_word_VP015_word2_rest_003_00"", ""atten_word_VP015_word2_task_001_00"", ""atten_word_VP015_word2_rest_004_00"", ""atten_word_VP015_word2_task_002_00"", ""atten_word_VP015_word2_rest_006_00"", ""atten_word_VP015_word2_rest_007_00"", ""atten_word_VP015_word2_task_005_00"", ""atten_word_VP015_word2_rest_008_00"", ""atten_word_VP015_word2_task_007_00"", ""atten_word_VP015_word2_rest_010_00"", ""atten_word_VP015_word2_task_010_00"", ""atten_word_VP015_word3_task_001_00"", ""atten_word_VP015_word3_task_002_00"", ""atten_word_VP015_word3_task_003_00"", ""atten_word_VP015_word3_rest_002_00"", ""atten_word_VP015_word3_rest_003_00"", ""atten_word_VP015_word3_task_004_00"", ""atten_word_VP015_word3_rest_004_00"", ""atten_word_VP015_word3_task_005_00"", ""atten_word_VP015_word3_rest_008_00"", ""atten_word_VP015_word3_task_007_00"", ""atten_word_VP015_word3_task_008_00"", ""atten_word_VP015_word3_rest_009_00"", ""atten_word_VP015_word3_rest_010_00"", ""atten_word_VP015_word3_task_009_00""]",True,,0.708285366208045,73,0.7857142857142857,0.7846153846153847,0.7916666666666667,0.7857142857142857,0.5714285714285714
VP016,2023,source_only,0.30,0.3,18,42,"{""0"": 9, ""1"": 9}","{""0"": 21, ""1"": 21}","[""atten_word_VP016_word1_rest_002_00"", ""atten_word_VP016_word1_task_002_00"", ""atten_word_VP016_word1_rest_007_00"", ""atten_word_VP016_word1_rest_009_00"", ""atten_word_VP016_word1_task_010_00"", ""atten_word_VP016_word2_task_003_00"", ""atten_word_VP016_word2_task_004_00"", ""atten_word_VP016_word2_rest_005_00"", ""atten_word_VP016_word2_task_006_00"", ""atten_word_VP016_word2_task_008_00"", ""atten_word_VP016_word2_task_009_00"", ""atten_word_VP016_word2_rest_009_00"", ""atten_word_VP016_word3_rest_001_00"", ""atten_word_VP016_word3_rest_005_00"", ""atten_word_VP016_word3_rest_006_00"", ""atten_word_VP016_word3_task_006_00"", ""atten_word_VP016_word3_rest_007_00"", ""atten_word_VP016_word3_task_010_00""]","[""atten_word_VP016_word1_rest_001_00"", ""atten_word_VP016_word1_task_001_00"", ""atten_word_VP016_word1_rest_003_00"", ""atten_word_VP016_word1_task_003_00"", ""atten_word_VP016_word1_task_004_00"", ""atten_word_VP016_word1_task_005_00"", ""atten_word_VP016_word1_rest_004_00"", ""atten_word_VP016_word1_rest_005_00"", ""atten_word_VP016_word1_task_006_00"", ""atten_word_VP016_word1_rest_006_00"", ""atten_word_VP016_word1_task_007_00"", ""atten_word_VP016_word1_rest_008_00"", ""atten_word_VP016_word1_task_008_00"", ""atten_word_VP016_word1_task_009_00"", ""atten_word_VP016_word1_rest_010_00"", ""atten_word_VP016_word2_task_001_00"", ""atten_word_VP016_word2_rest_001_00"", ""atten_word_VP016_word2_rest_002_00"", ""atten_word_VP016_word2_task_002_00"", ""atten_word_VP016_word2_rest_003_00"", ""atten_word_VP016_word2_rest_004_00"", ""atten_word_VP016_word2_rest_006_00"", ""atten_word_VP016_word2_task_005_00"", ""atten_word_VP016_word2_rest_007_00"", ""atten_word_VP016_word2_task_007_00"", ""atten_word_VP016_word2_rest_008_00"", ""atten_word_VP016_word2_rest_010_00"", ""atten_word_VP016_word2_task_010_00"", ""atten_word_VP016_word3_task_001_00"", ""atten_word_VP016_word3_task_002_00"", ""atten_word_VP016_word3_task_003_00"", ""atten_word_VP016_word3_rest_002_00"", ""atten_word_VP016_word3_rest_003_00"", ""atten_word_VP016_word3_task_004_00"", ""atten_word_VP016_word3_rest_004_00"", ""atten_word_VP016_word3_task_005_00"", ""atten_word_VP016_word3_task_007_00"", ""atten_word_VP016_word3_task_008_00"", ""atten_word_VP016_word3_rest_008_00"", ""atten_word_VP016_word3_rest_009_00"", ""atten_word_VP016_word3_task_009_00"", ""atten_word_VP016_word3_rest_010_00""]",True,,0.6945454545454546,34,0.8333333333333334,0.8332387975042541,0.8340909090909091,0.8333333333333333,0.6666666666666667
VP016,2023,existing_head_adaptation,0.30,0.3,18,42,"{""0"": 9, ""1"": 9}","{""0"": 21, ""1"": 21}","[""atten_word_VP016_word1_rest_002_00"", ""atten_word_VP016_word1_task_002_00"", ""atten_word_VP016_word1_rest_007_00"", ""atten_word_VP016_word1_rest_009_00"", ""atten_word_VP016_word1_task_010_00"", ""atten_word_VP016_word2_task_003_00"", ""atten_word_VP016_word2_task_004_00"", ""atten_word_VP016_word2_rest_005_00"", ""atten_word_VP016_word2_task_006_00"", ""atten_word_VP016_word2_task_008_00"", ""atten_word_VP016_word2_task_009_00"", ""atten_word_VP016_word2_rest_009_00"", ""atten_word_VP016_word3_rest_001_00"", ""atten_word_VP016_word3_rest_005_00"", ""atten_word_VP016_word3_rest_006_00"", ""atten_word_VP016_word3_task_006_00"", ""atten_word_VP016_word3_rest_007_00"", ""atten_word_VP016_word3_task_010_00""]","[""atten_word_VP016_word1_rest_001_00"", ""atten_word_VP016_word1_task_001_00"", ""atten_word_VP016_word1_rest_003_00"", ""atten_word_VP016_word1_task_003_00"", ""atten_word_VP016_word1_task_004_00"", ""atten_word_VP016_word1_task_005_00"", ""atten_word_VP016_word1_rest_004_00"", ""atten_word_VP016_word1_rest_005_00"", ""atten_word_VP016_word1_task_006_00"", ""atten_word_VP016_word1_rest_006_00"", ""atten_word_VP016_word1_task_007_00"", ""atten_word_VP016_word1_rest_008_00"", ""atten_word_VP016_word1_task_008_00"", ""atten_word_VP016_word1_task_009_00"", ""atten_word_VP016_word1_rest_010_00"", ""atten_word_VP016_word2_task_001_00"", ""atten_word_VP016_word2_rest_001_00"", ""atten_word_VP016_word2_rest_002_00"", ""atten_word_VP016_word2_task_002_00"", ""atten_word_VP016_word2_rest_003_00"", ""atten_word_VP016_word2_rest_004_00"", ""atten_word_VP016_word2_rest_006_00"", ""atten_word_VP016_word2_task_005_00"", ""atten_word_VP016_word2_rest_007_00"", ""atten_word_VP016_word2_task_007_00"", ""atten_word_VP016_word2_rest_008_00"", ""atten_word_VP016_word2_rest_010_00"", ""atten_word_VP016_word2_task_010_00"", ""atten_word_VP016_word3_task_001_00"", ""atten_word_VP016_word3_task_002_00"", ""atten_word_VP016_word3_task_003_00"", ""atten_word_VP016_word3_rest_002_00"", ""atten_word_VP016_word3_rest_003_00"", ""atten_word_VP016_word3_task_004_00"", ""atten_word_VP016_word3_rest_004_00"", ""atten_word_VP016_word3_task_005_00"", ""atten_word_VP016_word3_task_007_00"", ""atten_word_VP016_word3_task_008_00"", ""atten_word_VP016_word3_rest_008_00"", ""atten_word_VP016_word3_rest_009_00"", ""atten_word_VP016_word3_task_009_00"", ""atten_word_VP016_word3_rest_010_00""]",True,,0.6945454545454546,34,0.8095238095238095,0.8095238095238095,0.8095238095238095,0.8095238095238095,0.6190476190476191
VP017,2023,source_only,0.30,0.3,18,42,"{""0"": 9, ""1"": 9}","{""0"": 21, ""1"": 21}","[""atten_word_VP017_word1_task_002_00"", ""atten_word_VP017_word1_rest_002_00"", ""atten_word_VP017_word1_rest_007_00"", ""atten_word_VP017_word1_rest_009_00"", ""atten_word_VP017_word1_task_010_00"", ""atten_word_VP017_word2_task_003_00"", ""atten_word_VP017_word2_task_004_00"", ""atten_word_VP017_word2_rest_005_00"", ""atten_word_VP017_word2_task_006_00"", ""atten_word_VP017_word2_task_008_00"", ""atten_word_VP017_word2_rest_009_00"", ""atten_word_VP017_word2_task_009_00"", ""atten_word_VP017_word3_rest_001_00"", ""atten_word_VP017_word3_rest_005_00"", ""atten_word_VP017_word3_rest_006_00"", ""atten_word_VP017_word3_task_006_00"", ""atten_word_VP017_word3_rest_007_00"", ""atten_word_VP017_word3_task_010_00""]","[""atten_word_VP017_word1_task_001_00"", ""atten_word_VP017_word1_rest_001_00"", ""atten_word_VP017_word1_rest_003_00"", ""atten_word_VP017_word1_task_003_00"", ""atten_word_VP017_word1_rest_004_00"", ""atten_word_VP017_word1_task_004_00"", ""atten_word_VP017_word1_task_005_00"", ""atten_word_VP017_word1_rest_005_00"", ""atten_word_VP017_word1_rest_006_00"", ""atten_word_VP017_word1_task_006_00"", ""atten_word_VP017_word1_task_007_00"", ""atten_word_VP017_word1_rest_008_00"", ""atten_word_VP017_word1_task_008_00"", ""atten_word_VP017_word1_task_009_00"", ""atten_word_VP017_word1_rest_010_00"", ""atten_word_VP017_word2_rest_001_00"", ""atten_word_VP017_word2_task_001_00"", ""atten_word_VP017_word2_rest_002_00"", ""atten_word_VP017_word2_task_002_00"", ""atten_word_VP017_word2_rest_003_00"", ""atten_word_VP017_word2_rest_004_00"", ""atten_word_VP017_word2_task_005_00"", ""atten_word_VP017_word2_task_007_00"", ""atten_word_VP017_word2_rest_006_00"", ""atten_word_VP017_word2_rest_007_00"", ""atten_word_VP017_word2_rest_008_00"", ""atten_word_VP017_word2_rest_010_00"", ""atten_word_VP017_word2_task_010_00"", ""atten_word_VP017_word3_task_001_00"", ""atten_word_VP017_word3_rest_002_00"", ""atten_word_VP017_word3_rest_003_00"", ""atten_word_VP017_word3_task_002_00"", ""atten_word_VP017_word3_rest_004_00"", ""atten_word_VP017_word3_task_003_00"", ""atten_word_VP017_word3_task_004_00"", ""atten_word_VP017_word3_task_005_00"", ""atten_word_VP017_word3_task_007_00"", ""atten_word_VP017_word3_task_008_00"", ""atten_word_VP017_word3_rest_008_00"", ""atten_word_VP017_word3_rest_009_00"", ""atten_word_VP017_word3_task_009_00"", ""atten_word_VP017_word3_rest_010_00""]",True,,0.6624895572263994,10,0.6190476190476191,0.6181818181818182,0.620137299771167,0.6190476190476191,0.23809523809523814
VP017,2023,existing_head_adaptation,0.30,0.3,18,42,"{""0"": 9, ""1"": 9}","{""0"": 21, ""1"": 21}","[""atten_word_VP017_word1_task_002_00"", ""atten_word_VP017_word1_rest_002_00"", ""atten_word_VP017_word1_rest_007_00"", ""atten_word_VP017_word1_rest_009_00"", ""atten_word_VP017_word1_task_010_00"", ""atten_word_VP017_word2_task_003_00"", ""atten_word_VP017_word2_task_004_00"", ""atten_word_VP017_word2_rest_005_00"", ""atten_word_VP017_word2_task_006_00"", ""atten_word_VP017_word2_task_008_00"", ""atten_word_VP017_word2_rest_009_00"", ""atten_word_VP017_word2_task_009_00"", ""atten_word_VP017_word3_rest_001_00"", ""atten_word_VP017_word3_rest_005_00"", ""atten_word_VP017_word3_rest_006_00"", ""atten_word_VP017_word3_task_006_00"", ""atten_word_VP017_word3_rest_007_00"", ""atten_word_VP017_word3_task_010_00""]","[""atten_word_VP017_word1_task_001_00"", ""atten_word_VP017_word1_rest_001_00"", ""atten_word_VP017_word1_rest_003_00"", ""atten_word_VP017_word1_task_003_00"", ""atten_word_VP017_word1_rest_004_00"", ""atten_word_VP017_word1_task_004_00"", ""atten_word_VP017_word1_task_005_00"", ""atten_word_VP017_word1_rest_005_00"", ""atten_word_VP017_word1_rest_006_00"", ""atten_word_VP017_word1_task_006_00"", ""atten_word_VP017_word1_task_007_00"", ""atten_word_VP017_word1_rest_008_00"", ""atten_word_VP017_word1_task_008_00"", ""atten_word_VP017_word1_task_009_00"", ""atten_word_VP017_word1_rest_010_00"", ""atten_word_VP017_word2_rest_001_00"", ""atten_word_VP017_word2_task_001_00"", ""atten_word_VP017_word2_rest_002_00"", ""atten_word_VP017_word2_task_002_00"", ""atten_word_VP017_word2_rest_003_00"", ""atten_word_VP017_word2_rest_004_00"", ""atten_word_VP017_word2_task_005_00"", ""atten_word_VP017_word2_task_007_00"", ""atten_word_VP017_word2_rest_006_00"", ""atten_word_VP017_word2_rest_007_00"", ""atten_word_VP017_word2_rest_008_00"", ""atten_word_VP017_word2_rest_010_00"", ""atten_word_VP017_word2_task_010_00"", ""atten_word_VP017_word3_task_001_00"", ""atten_word_VP017_word3_rest_002_00"", ""atten_word_VP017_word3_rest_003_00"", ""atten_word_VP017_word3_task_002_00"", ""atten_word_VP017_word3_rest_004_00"", ""atten_word_VP017_word3_task_003_00"", ""atten_word_VP017_word3_task_004_00"", ""atten_word_VP017_word3_task_005_00"", ""atten_word_VP017_word3_task_007_00"", ""atten_word_VP017_word3_task_008_00"", ""atten_word_VP017_word3_rest_008_00"", ""atten_word_VP017_word3_rest_009_00"", ""atten_word_VP017_word3_task_009_00"", ""atten_word_VP017_word3_rest_010_00""]",True,,0.6624895572263994,10,0.6190476190476191,0.6190476190476191,0.6190476190476191,0.6190476190476191,0.23809523809523814
VP018,2023,source_only,0.30,0.3,18,42,"{""0"": 9, ""1"": 9}","{""0"": 21, ""1"": 21}","[""atten_word_VP018_word1_task_002_00"", ""atten_word_VP018_word1_rest_002_00"", ""atten_word_VP018_word1_rest_007_00"", ""atten_word_VP018_word1_rest_009_00"", ""atten_word_VP018_word1_task_010_00"", ""atten_word_VP018_word2_task_003_00"", ""atten_word_VP018_word2_task_004_00"", ""atten_word_VP018_word2_rest_005_00"", ""atten_word_VP018_word2_task_006_00"", ""atten_word_VP018_word2_task_008_00"", ""atten_word_VP018_word2_rest_009_00"", ""atten_word_VP018_word2_task_009_00"", ""atten_word_VP018_word3_rest_001_00"", ""atten_word_VP018_word3_rest_005_00"", ""atten_word_VP018_word3_rest_006_00"", ""atten_word_VP018_word3_task_006_00"", ""atten_word_VP018_word3_rest_007_00"", ""atten_word_VP018_word3_task_010_00""]","[""atten_word_VP018_word1_task_001_00"", ""atten_word_VP018_word1_rest_001_00"", ""atten_word_VP018_word1_rest_003_00"", ""atten_word_VP018_word1_task_003_00"", ""atten_word_VP018_word1_rest_004_00"", ""atten_word_VP018_word1_task_004_00"", ""atten_word_VP018_word1_task_005_00"", ""atten_word_VP018_word1_rest_005_00"", ""atten_word_VP018_word1_rest_006_00"", ""atten_word_VP018_word1_task_006_00"", ""atten_word_VP018_word1_task_007_00"", ""atten_word_VP018_word1_rest_008_00"", ""atten_word_VP018_word1_task_008_00"", ""atten_word_VP018_word1_task_009_00"", ""atten_word_VP018_word1_rest_010_00"", ""atten_word_VP018_word2_rest_001_00"", ""atten_word_VP018_word2_task_001_00"", ""atten_word_VP018_word2_rest_002_00"", ""atten_word_VP018_word2_task_002_00"", ""atten_word_VP018_word2_rest_003_00"", ""atten_word_VP018_word2_rest_004_00"", ""atten_word_VP018_word2_task_005_00"", ""atten_word_VP018_word2_task_007_00"", ""atten_word_VP018_word2_rest_006_00"", ""atten_word_VP018_word2_rest_007_00"", ""atten_word_VP018_word2_rest_008_00"", ""atten_word_VP018_word2_rest_010_00"", ""atten_word_VP018_word2_task_010_00"", ""atten_word_VP018_word3_task_001_00"", ""atten_word_VP018_word3_rest_002_00"", ""atten_word_VP018_word3_rest_003_00"", ""atten_word_VP018_word3_task_002_00"", ""atten_word_VP018_word3_rest_004_00"", ""atten_word_VP018_word3_task_003_00"", ""atten_word_VP018_word3_task_004_00"", ""atten_word_VP018_word3_task_005_00"", ""atten_word_VP018_word3_task_007_00"", ""atten_word_VP018_word3_task_008_00"", ""atten_word_VP018_word3_rest_008_00"", ""atten_word_VP018_word3_rest_009_00"", ""atten_word_VP018_word3_task_009_00"", ""atten_word_VP018_word3_rest_010_00""]",True,,0.7383252818035426,63,0.6428571428571429,0.6050156739811913,0.7316176470588236,0.6428571428571428,0.2857142857142857
VP018,2023,existing_head_adaptation,0.30,0.3,18,42,"{""0"": 9, ""1"": 9}","{""0"": 21, ""1"": 21}","[""atten_word_VP018_word1_task_002_00"", ""atten_word_VP018_word1_rest_002_00"", ""atten_word_VP018_word1_rest_007_00"", ""atten_word_VP018_word1_rest_009_00"", ""atten_word_VP018_word1_task_010_00"", ""atten_word_VP018_word2_task_003_00"", ""atten_word_VP018_word2_task_004_00"", ""atten_word_VP018_word2_rest_005_00"", ""atten_word_VP018_word2_task_006_00"", ""atten_word_VP018_word2_task_008_00"", ""atten_word_VP018_word2_rest_009_00"", ""atten_word_VP018_word2_task_009_00"", ""atten_word_VP018_word3_rest_001_00"", ""atten_word_VP018_word3_rest_005_00"", ""atten_word_VP018_word3_rest_006_00"", ""atten_word_VP018_word3_task_006_00"", ""atten_word_VP018_word3_rest_007_00"", ""atten_word_VP018_word3_task_010_00""]","[""atten_word_VP018_word1_task_001_00"", ""atten_word_VP018_word1_rest_001_00"", ""atten_word_VP018_word1_rest_003_00"", ""atten_word_VP018_word1_task_003_00"", ""atten_word_VP018_word1_rest_004_00"", ""atten_word_VP018_word1_task_004_00"", ""atten_word_VP018_word1_task_005_00"", ""atten_word_VP018_word1_rest_005_00"", ""atten_word_VP018_word1_rest_006_00"", ""atten_word_VP018_word1_task_006_00"", ""atten_word_VP018_word1_task_007_00"", ""atten_word_VP018_word1_rest_008_00"", ""atten_word_VP018_word1_task_008_00"", ""atten_word_VP018_word1_task_009_00"", ""atten_word_VP018_word1_rest_010_00"", ""atten_word_VP018_word2_rest_001_00"", ""atten_word_VP018_word2_task_001_00"", ""atten_word_VP018_word2_rest_002_00"", ""atten_word_VP018_word2_task_002_00"", ""atten_word_VP018_word2_rest_003_00"", ""atten_word_VP018_word2_rest_004_00"", ""atten_word_VP018_word2_task_005_00"", ""atten_word_VP018_word2_task_007_00"", ""atten_word_VP018_word2_rest_006_00"", ""atten_word_VP018_word2_rest_007_00"", ""atten_word_VP018_word2_rest_008_00"", ""atten_word_VP018_word2_rest_010_00"", ""atten_word_VP018_word2_task_010_00"", ""atten_word_VP018_word3_task_001_00"", ""atten_word_VP018_word3_rest_002_00"", ""atten_word_VP018_word3_rest_003_00"", ""atten_word_VP018_word3_task_002_00"", ""atten_word_VP018_word3_rest_004_00"", ""atten_word_VP018_word3_task_003_00"", ""atten_word_VP018_word3_task_004_00"", ""atten_word_VP018_word3_task_005_00"", ""atten_word_VP018_word3_task_007_00"", ""atten_word_VP018_word3_task_008_00"", ""atten_word_VP018_word3_rest_008_00"", ""atten_word_VP018_word3_rest_009_00"", ""atten_word_VP018_word3_task_009_00"", ""atten_word_VP018_word3_rest_010_00""]",True,,0.7383252818035426,63,0.6666666666666666,0.625,0.8,0.6666666666666666,0.33333333333333337
VP019,2023,source_only,0.30,0.3,18,42,"{""0"": 9, ""1"": 9}","{""0"": 21, ""1"": 21}","[""atten_word_VP019_word1_task_002_00"", ""atten_word_VP019_word1_rest_002_00"", ""atten_word_VP019_word1_rest_007_00"", ""atten_word_VP019_word1_rest_009_00"", ""atten_word_VP019_word1_task_010_00"", ""atten_word_VP019_word2_rest_005_00"", ""atten_word_VP019_word2_task_003_00"", ""atten_word_VP019_word2_task_004_00"", ""atten_word_VP019_word2_task_006_00"", ""atten_word_VP019_word2_rest_009_00"", ""atten_word_VP019_word2_task_008_00"", ""atten_word_VP019_word2_task_009_00"", ""atten_word_VP019_word3_rest_001_00"", ""atten_word_VP019_word3_rest_005_00"", ""atten_word_VP019_word3_rest_006_00"", ""atten_word_VP019_word3_task_006_00"", ""atten_word_VP019_word3_rest_007_00"", ""atten_word_VP019_word3_task_010_00""]","[""atten_word_VP019_word1_task_001_00"", ""atten_word_VP019_word1_rest_001_00"", ""atten_word_VP019_word1_task_003_00"", ""atten_word_VP019_word1_rest_003_00"", ""atten_word_VP019_word1_rest_004_00"", ""atten_word_VP019_word1_task_004_00"", ""atten_word_VP019_word1_task_005_00"", ""atten_word_VP019_word1_rest_005_00"", ""atten_word_VP019_word1_rest_006_00"", ""atten_word_VP019_word1_task_006_00"", ""atten_word_VP019_word1_task_007_00"", ""atten_word_VP019_word1_rest_008_00"", ""atten_word_VP019_word1_task_008_00"", ""atten_word_VP019_word1_task_009_00"", ""atten_word_VP019_word1_rest_010_00"", ""atten_word_VP019_word2_rest_001_00"", ""atten_word_VP019_word2_rest_002_00"", ""atten_word_VP019_word2_rest_003_00"", ""atten_word_VP019_word2_task_001_00"", ""atten_word_VP019_word2_rest_004_00"", ""atten_word_VP019_word2_task_002_00"", ""atten_word_VP019_word2_rest_006_00"", ""atten_word_VP019_word2_task_005_00"", ""atten_word_VP019_word2_rest_007_00"", ""atten_word_VP019_word2_rest_008_00"", ""atten_word_VP019_word2_task_007_00"", ""atten_word_VP019_word2_rest_010_00"", ""atten_word_VP019_word2_task_010_00"", ""atten_word_VP019_word3_task_001_00"", ""atten_word_VP019_word3_rest_002_00"", ""atten_word_VP019_word3_task_002_00"", ""atten_word_VP019_word3_task_003_00"", ""atten_word_VP019_word3_task_004_00"", ""atten_word_VP019_word3_rest_003_00"", ""atten_word_VP019_word3_task_005_00"", ""atten_word_VP019_word3_rest_004_00"", ""atten_word_VP019_word3_task_007_00"", ""atten_word_VP019_word3_task_008_00"", ""atten_word_VP019_word3_task_009_00"", ""atten_word_VP019_word3_rest_008_00"", ""atten_word_VP019_word3_rest_009_00"", ""atten_word_VP019_word3_rest_010_00""]",True,,0.7330367074527253,65,0.7380952380952381,0.7379466817923993,0.7386363636363636,0.7380952380952381,0.47619047619047616
VP019,2023,existing_head_adaptation,0.30,0.3,18,42,"{""0"": 9, ""1"": 9}","{""0"": 21, ""1"": 21}","[""atten_word_VP019_word1_task_002_00"", ""atten_word_VP019_word1_rest_002_00"", ""atten_word_VP019_word1_rest_007_00"", ""atten_word_VP019_word1_rest_009_00"", ""atten_word_VP019_word1_task_010_00"", ""atten_word_VP019_word2_rest_005_00"", ""atten_word_VP019_word2_task_003_00"", ""atten_word_VP019_word2_task_004_00"", ""atten_word_VP019_word2_task_006_00"", ""atten_word_VP019_word2_rest_009_00"", ""atten_word_VP019_word2_task_008_00"", ""atten_word_VP019_word2_task_009_00"", ""atten_word_VP019_word3_rest_001_00"", ""atten_word_VP019_word3_rest_005_00"", ""atten_word_VP019_word3_rest_006_00"", ""atten_word_VP019_word3_task_006_00"", ""atten_word_VP019_word3_rest_007_00"", ""atten_word_VP019_word3_task_010_00""]","[""atten_word_VP019_word1_task_001_00"", ""atten_word_VP019_word1_rest_001_00"", ""atten_word_VP019_word1_task_003_00"", ""atten_word_VP019_word1_rest_003_00"", ""atten_word_VP019_word1_rest_004_00"", ""atten_word_VP019_word1_task_004_00"", ""atten_word_VP019_word1_task_005_00"", ""atten_word_VP019_word1_rest_005_00"", ""atten_word_VP019_word1_rest_006_00"", ""atten_word_VP019_word1_task_006_00"", ""atten_word_VP019_word1_task_007_00"", ""atten_word_VP019_word1_rest_008_00"", ""atten_word_VP019_word1_task_008_00"", ""atten_word_VP019_word1_task_009_00"", ""atten_word_VP019_word1_rest_010_00"", ""atten_word_VP019_word2_rest_001_00"", ""atten_word_VP019_word2_rest_002_00"", ""atten_word_VP019_word2_rest_003_00"", ""atten_word_VP019_word2_task_001_00"", ""atten_word_VP019_word2_rest_004_00"", ""atten_word_VP019_word2_task_002_00"", ""atten_word_VP019_word2_rest_006_00"", ""atten_word_VP019_word2_task_005_00"", ""atten_word_VP019_word2_rest_007_00"", ""atten_word_VP019_word2_rest_008_00"", ""atten_word_VP019_word2_task_007_00"", ""atten_word_VP019_word2_rest_010_00"", ""atten_word_VP019_word2_task_010_00"", ""atten_word_VP019_word3_task_001_00"", ""atten_word_VP019_word3_rest_002_00"", ""atten_word_VP019_word3_task_002_00"", ""atten_word_VP019_word3_task_003_00"", ""atten_word_VP019_word3_task_004_00"", ""atten_word_VP019_word3_rest_003_00"", ""atten_word_VP019_word3_task_005_00"", ""atten_word_VP019_word3_rest_004_00"", ""atten_word_VP019_word3_task_007_00"", ""atten_word_VP019_word3_task_008_00"", ""atten_word_VP019_word3_task_009_00"", ""atten_word_VP019_word3_rest_008_00"", ""atten_word_VP019_word3_rest_009_00"", ""atten_word_VP019_word3_rest_010_00""]",True,,0.7330367074527253,65,0.7380952380952381,0.7379466817923993,0.7386363636363636,0.7380952380952381,0.47619047619047616
VP020,2023,source_only,0.30,0.3,18,42,"{""0"": 9, ""1"": 9}","{""0"": 21, ""1"": 21}","[""atten_word_VP020_word1_rest_002_00"", ""atten_word_VP020_word1_task_002_00"", ""atten_word_VP020_word1_rest_007_00"", ""atten_word_VP020_word1_rest_009_00"", ""atten_word_VP020_word1_task_010_00"", ""atten_word_VP020_word2_task_003_00"", ""atten_word_VP020_word2_task_004_00"", ""atten_word_VP020_word2_task_006_00"", ""atten_word_VP020_word2_rest_005_00"", ""atten_word_VP020_word2_task_008_00"", ""atten_word_VP020_word2_task_009_00"", ""atten_word_VP020_word2_rest_009_00"", ""atten_word_VP020_word3_rest_001_00"", ""atten_word_VP020_word3_task_006_00"", ""atten_word_VP020_word3_rest_005_00"", ""atten_word_VP020_word3_rest_006_00"", ""atten_word_VP020_word3_rest_007_00"", ""atten_word_VP020_word3_task_010_00""]","[""atten_word_VP020_word1_rest_001_00"", ""atten_word_VP020_word1_task_001_00"", ""atten_word_VP020_word1_task_003_00"", ""atten_word_VP020_word1_rest_003_00"", ""atten_word_VP020_word1_rest_004_00"", ""atten_word_VP020_word1_rest_005_00"", ""atten_word_VP020_word1_task_004_00"", ""atten_word_VP020_word1_task_005_00"", ""atten_word_VP020_word1_rest_006_00"", ""atten_word_VP020_word1_task_006_00"", ""atten_word_VP020_word1_rest_008_00"", ""atten_word_VP020_word1_task_007_00"", ""atten_word_VP020_word1_task_008_00"", ""atten_word_VP020_word1_task_009_00"", ""atten_word_VP020_word1_rest_010_00"", ""atten_word_VP020_word2_rest_001_00"", ""atten_word_VP020_word2_task_001_00"", ""atten_word_VP020_word2_rest_002_00"", ""atten_word_VP020_word2_task_002_00"", ""atten_word_VP020_word2_rest_003_00"", ""atten_word_VP020_word2_task_005_00"", ""atten_word_VP020_word2_rest_004_00"", ""atten_word_VP020_word2_task_007_00"", ""atten_word_VP020_word2_rest_006_00"", ""atten_word_VP020_word2_rest_007_00"", ""atten_word_VP020_word2_rest_008_00"", ""atten_word_VP020_word2_rest_010_00"", ""atten_word_VP020_word2_task_010_00"", ""atten_word_VP020_word3_rest_002_00"", ""atten_word_VP020_word3_task_001_00"", ""atten_word_VP020_word3_task_002_00"", ""atten_word_VP020_word3_rest_003_00"", ""atten_word_VP020_word3_task_003_00"", ""atten_word_VP020_word3_task_004_00"", ""atten_word_VP020_word3_task_005_00"", ""atten_word_VP020_word3_rest_004_00"", ""atten_word_VP020_word3_task_007_00"", ""atten_word_VP020_word3_task_008_00"", ""atten_word_VP020_word3_rest_008_00"", ""atten_word_VP020_word3_task_009_00"", ""atten_word_VP020_word3_rest_009_00"", ""atten_word_VP020_word3_rest_010_00""]",True,,0.7358183500351128,74,0.7857142857142857,0.7855927396483267,0.7863636363636364,0.7857142857142857,0.5714285714285714
VP020,2023,existing_head_adaptation,0.30,0.3,18,42,"{""0"": 9, ""1"": 9}","{""0"": 21, ""1"": 21}","[""atten_word_VP020_word1_rest_002_00"", ""atten_word_VP020_word1_task_002_00"", ""atten_word_VP020_word1_rest_007_00"", ""atten_word_VP020_word1_rest_009_00"", ""atten_word_VP020_word1_task_010_00"", ""atten_word_VP020_word2_task_003_00"", ""atten_word_VP020_word2_task_004_00"", ""atten_word_VP020_word2_task_006_00"", ""atten_word_VP020_word2_rest_005_00"", ""atten_word_VP020_word2_task_008_00"", ""atten_word_VP020_word2_task_009_00"", ""atten_word_VP020_word2_rest_009_00"", ""atten_word_VP020_word3_rest_001_00"", ""atten_word_VP020_word3_task_006_00"", ""atten_word_VP020_word3_rest_005_00"", ""atten_word_VP020_word3_rest_006_00"", ""atten_word_VP020_word3_rest_007_00"", ""atten_word_VP020_word3_task_010_00""]","[""atten_word_VP020_word1_rest_001_00"", ""atten_word_VP020_word1_task_001_00"", ""atten_word_VP020_word1_task_003_00"", ""atten_word_VP020_word1_rest_003_00"", ""atten_word_VP020_word1_rest_004_00"", ""atten_word_VP020_word1_rest_005_00"", ""atten_word_VP020_word1_task_004_00"", ""atten_word_VP020_word1_task_005_00"", ""atten_word_VP020_word1_rest_006_00"", ""atten_word_VP020_word1_task_006_00"", ""atten_word_VP020_word1_rest_008_00"", ""atten_word_VP020_word1_task_007_00"", ""atten_word_VP020_word1_task_008_00"", ""atten_word_VP020_word1_task_009_00"", ""atten_word_VP020_word1_rest_010_00"", ""atten_word_VP020_word2_rest_001_00"", ""atten_word_VP020_word2_task_001_00"", ""atten_word_VP020_word2_rest_002_00"", ""atten_word_VP020_word2_task_002_00"", ""atten_word_VP020_word2_rest_003_00"", ""atten_word_VP020_word2_task_005_00"", ""atten_word_VP020_word2_rest_004_00"", ""atten_word_VP020_word2_task_007_00"", ""atten_word_VP020_word2_rest_006_00"", ""atten_word_VP020_word2_rest_007_00"", ""atten_word_VP020_word2_rest_008_00"", ""atten_word_VP020_word2_rest_010_00"", ""atten_word_VP020_word2_task_010_00"", ""atten_word_VP020_word3_rest_002_00"", ""atten_word_VP020_word3_task_001_00"", ""atten_word_VP020_word3_task_002_00"", ""atten_word_VP020_word3_rest_003_00"", ""atten_word_VP020_word3_task_003_00"", ""atten_word_VP020_word3_task_004_00"", ""atten_word_VP020_word3_task_005_00"", ""atten_word_VP020_word3_rest_004_00"", ""atten_word_VP020_word3_task_007_00"", ""atten_word_VP020_word3_task_008_00"", ""atten_word_VP020_word3_rest_008_00"", ""atten_word_VP020_word3_task_009_00"", ""atten_word_VP020_word3_rest_009_00"", ""atten_word_VP020_word3_rest_010_00""]",True,,0.7358183500351128,74,0.8095238095238095,0.8095238095238095,0.8095238095238095,0.8095238095238095,0.6190476190476191
VP021,2023,source_only,0.30,0.3,18,42,"{""0"": 9, ""1"": 9}","{""0"": 21, ""1"": 21}","[""atten_word_VP021_word1_rest_002_00"", ""atten_word_VP021_word1_task_002_00"", ""atten_word_VP021_word1_rest_007_00"", ""atten_word_VP021_word1_rest_009_00"", ""atten_word_VP021_word1_task_010_00"", ""atten_word_VP021_word2_task_003_00"", ""atten_word_VP021_word2_task_004_00"", ""atten_word_VP021_word2_rest_005_00"", ""atten_word_VP021_word2_task_006_00"", ""atten_word_VP021_word2_rest_009_00"", ""atten_word_VP021_word2_task_008_00"", ""atten_word_VP021_word2_task_009_00"", ""atten_word_VP021_word3_rest_001_00"", ""atten_word_VP021_word3_rest_005_00"", ""atten_word_VP021_word3_rest_006_00"", ""atten_word_VP021_word3_rest_007_00"", ""atten_word_VP021_word3_task_006_00"", ""atten_word_VP021_word3_task_010_00""]","[""atten_word_VP021_word1_rest_001_00"", ""atten_word_VP021_word1_task_001_00"", ""atten_word_VP021_word1_rest_003_00"", ""atten_word_VP021_word1_rest_004_00"", ""atten_word_VP021_word1_task_003_00"", ""atten_word_VP021_word1_rest_005_00"", ""atten_word_VP021_word1_task_004_00"", ""atten_word_VP021_word1_rest_006_00"", ""atten_word_VP021_word1_task_005_00"", ""atten_word_VP021_word1_rest_008_00"", ""atten_word_VP021_word1_task_006_00"", ""atten_word_VP021_word1_task_007_00"", ""atten_word_VP021_word1_task_008_00"", ""atten_word_VP021_word1_task_009_00"", ""atten_word_VP021_word1_rest_010_00"", ""atten_word_VP021_word2_rest_001_00"", ""atten_word_VP021_word2_task_001_00"", ""atten_word_VP021_word2_rest_002_00"", ""atten_word_VP021_word2_task_002_00"", ""atten_word_VP021_word2_rest_003_00"", ""atten_word_VP021_word2_rest_004_00"", ""atten_word_VP021_word2_task_005_00"", ""atten_word_VP021_word2_rest_006_00"", ""atten_word_VP021_word2_task_007_00"", ""atten_word_VP021_word2_rest_007_00"", ""atten_word_VP021_word2_rest_008_00"", ""atten_word_VP021_word2_rest_010_00"", ""atten_word_VP021_word2_task_010_00"", ""atten_word_VP021_word3_rest_002_00"", ""atten_word_VP021_word3_task_001_00"", ""atten_word_VP021_word3_task_002_00"", ""atten_word_VP021_word3_rest_003_00"", ""atten_word_VP021_word3_rest_004_00"", ""atten_word_VP021_word3_task_003_00"", ""atten_word_VP021_word3_task_004_00"", ""atten_word_VP021_word3_rest_008_00"", ""atten_word_VP021_word3_task_005_00"", ""atten_word_VP021_word3_rest_009_00"", ""atten_word_VP021_word3_task_007_00"", ""atten_word_VP021_word3_rest_010_00"", ""atten_word_VP021_word3_task_008_00"", ""atten_word_VP021_word3_task_009_00""]",True,,0.7027752112299763,17,0.6904761904761905,0.6888888888888889,0.6944444444444444,0.6904761904761905,0.38095238095238093
VP021,2023,existing_head_adaptation,0.30,0.3,18,42,"{""0"": 9, ""1"": 9}","{""0"": 21, ""1"": 21}","[""atten_word_VP021_word1_rest_002_00"", ""atten_word_VP021_word1_task_002_00"", ""atten_word_VP021_word1_rest_007_00"", ""atten_word_VP021_word1_rest_009_00"", ""atten_word_VP021_word1_task_010_00"", ""atten_word_VP021_word2_task_003_00"", ""atten_word_VP021_word2_task_004_00"", ""atten_word_VP021_word2_rest_005_00"", ""atten_word_VP021_word2_task_006_00"", ""atten_word_VP021_word2_rest_009_00"", ""atten_word_VP021_word2_task_008_00"", ""atten_word_VP021_word2_task_009_00"", ""atten_word_VP021_word3_rest_001_00"", ""atten_word_VP021_word3_rest_005_00"", ""atten_word_VP021_word3_rest_006_00"", ""atten_word_VP021_word3_rest_007_00"", ""atten_word_VP021_word3_task_006_00"", ""atten_word_VP021_word3_task_010_00""]","[""atten_word_VP021_word1_rest_001_00"", ""atten_word_VP021_word1_task_001_00"", ""atten_word_VP021_word1_rest_003_00"", ""atten_word_VP021_word1_rest_004_00"", ""atten_word_VP021_word1_task_003_00"", ""atten_word_VP021_word1_rest_005_00"", ""atten_word_VP021_word1_task_004_00"", ""atten_word_VP021_word1_rest_006_00"", ""atten_word_VP021_word1_task_005_00"", ""atten_word_VP021_word1_rest_008_00"", ""atten_word_VP021_word1_task_006_00"", ""atten_word_VP021_word1_task_007_00"", ""atten_word_VP021_word1_task_008_00"", ""atten_word_VP021_word1_task_009_00"", ""atten_word_VP021_word1_rest_010_00"", ""atten_word_VP021_word2_rest_001_00"", ""atten_word_VP021_word2_task_001_00"", ""atten_word_VP021_word2_rest_002_00"", ""atten_word_VP021_word2_task_002_00"", ""atten_word_VP021_word2_rest_003_00"", ""atten_word_VP021_word2_rest_004_00"", ""atten_word_VP021_word2_task_005_00"", ""atten_word_VP021_word2_rest_006_00"", ""atten_word_VP021_word2_task_007_00"", ""atten_word_VP021_word2_rest_007_00"", ""atten_word_VP021_word2_rest_008_00"", ""atten_word_VP021_word2_rest_010_00"", ""atten_word_VP021_word2_task_010_00"", ""atten_word_VP021_word3_rest_002_00"", ""atten_word_VP021_word3_task_001_00"", ""atten_word_VP021_word3_task_002_00"", ""atten_word_VP021_word3_rest_003_00"", ""atten_word_VP021_word3_rest_004_00"", ""atten_word_VP021_word3_task_003_00"", ""atten_word_VP021_word3_task_004_00"", ""atten_word_VP021_word3_rest_008_00"", ""atten_word_VP021_word3_task_005_00"", ""atten_word_VP021_word3_rest_009_00"", ""atten_word_VP021_word3_task_007_00"", ""atten_word_VP021_word3_rest_010_00"", ""atten_word_VP021_word3_task_008_00"", ""atten_word_VP021_word3_task_009_00""]",True,,0.7027752112299763,17,0.6666666666666666,0.6659090909090909,0.6681922196796339,0.6666666666666667,0.33333333333333337
VP022,2023,source_only,0.30,0.3,18,42,"{""0"": 9, ""1"": 9}","{""0"": 21, ""1"": 21}","[""atten_word_VP022_word1_rest_002_00"", ""atten_word_VP022_word1_task_002_00"", ""atten_word_VP022_word1_rest_007_00"", ""atten_word_VP022_word1_rest_009_00"", ""atten_word_VP022_word1_task_010_00"", ""atten_word_VP022_word2_task_003_00"", ""atten_word_VP022_word2_task_004_00"", ""atten_word_VP022_word2_task_006_00"", ""atten_word_VP022_word2_rest_005_00"", ""atten_word_VP022_word2_task_008_00"", ""atten_word_VP022_word2_rest_009_00"", ""atten_word_VP022_word2_task_009_00"", ""atten_word_VP022_word3_rest_001_00"", ""atten_word_VP022_word3_rest_005_00"", ""atten_word_VP022_word3_rest_006_00"", ""atten_word_VP022_word3_rest_007_00"", ""atten_word_VP022_word3_task_006_00"", ""atten_word_VP022_word3_task_010_00""]","[""atten_word_VP022_word1_rest_001_00"", ""atten_word_VP022_word1_task_001_00"", ""atten_word_VP022_word1_task_003_00"", ""atten_word_VP022_word1_task_004_00"", ""atten_word_VP022_word1_rest_003_00"", ""atten_word_VP022_word1_rest_004_00"", ""atten_word_VP022_word1_task_005_00"", ""atten_word_VP022_word1_rest_005_00"", ""atten_word_VP022_word1_rest_006_00"", ""atten_word_VP022_word1_task_006_00"", ""atten_word_VP022_word1_rest_008_00"", ""atten_word_VP022_word1_task_007_00"", ""atten_word_VP022_word1_task_008_00"", ""atten_word_VP022_word1_rest_010_00"", ""atten_word_VP022_word1_task_009_00"", ""atten_word_VP022_word2_task_001_00"", ""atten_word_VP022_word2_rest_001_00"", ""atten_word_VP022_word2_task_002_00"", ""atten_word_VP022_word2_rest_002_00"", ""atten_word_VP022_word2_task_005_00"", ""atten_word_VP022_word2_rest_003_00"", ""atten_word_VP022_word2_rest_004_00"", ""atten_word_VP022_word2_task_007_00"", ""atten_word_VP022_word2_rest_006_00"", ""atten_word_VP022_word2_rest_007_00"", ""atten_word_VP022_word2_rest_008_00"", ""atten_word_VP022_word2_rest_010_00"", ""atten_word_VP022_word2_task_010_00"", ""atten_word_VP022_word3_task_001_00"", ""atten_word_VP022_word3_rest_002_00"", ""atten_word_VP022_word3_rest_003_00"", ""atten_word_VP022_word3_task_002_00"", ""atten_word_VP022_word3_task_003_00"", ""atten_word_VP022_word3_rest_004_00"", ""atten_word_VP022_word3_task_004_00"", ""atten_word_VP022_word3_task_005_00"", ""atten_word_VP022_word3_rest_008_00"", ""atten_word_VP022_word3_rest_009_00"", ""atten_word_VP022_word3_task_007_00"", ""atten_word_VP022_word3_rest_010_00"", ""atten_word_VP022_word3_task_008_00"", ""atten_word_VP022_word3_task_009_00""]",True,,0.6995192307692308,65,0.6666666666666666,0.6466346153846154,0.7155425219941349,0.6666666666666666,0.33333333333333337
VP022,2023,existing_head_adaptation,0.30,0.3,18,42,"{""0"": 9, ""1"": 9}","{""0"": 21, ""1"": 21}","[""atten_word_VP022_word1_rest_002_00"", ""atten_word_VP022_word1_task_002_00"", ""atten_word_VP022_word1_rest_007_00"", ""atten_word_VP022_word1_rest_009_00"", ""atten_word_VP022_word1_task_010_00"", ""atten_word_VP022_word2_task_003_00"", ""atten_word_VP022_word2_task_004_00"", ""atten_word_VP022_word2_task_006_00"", ""atten_word_VP022_word2_rest_005_00"", ""atten_word_VP022_word2_task_008_00"", ""atten_word_VP022_word2_rest_009_00"", ""atten_word_VP022_word2_task_009_00"", ""atten_word_VP022_word3_rest_001_00"", ""atten_word_VP022_word3_rest_005_00"", ""atten_word_VP022_word3_rest_006_00"", ""atten_word_VP022_word3_rest_007_00"", ""atten_word_VP022_word3_task_006_00"", ""atten_word_VP022_word3_task_010_00""]","[""atten_word_VP022_word1_rest_001_00"", ""atten_word_VP022_word1_task_001_00"", ""atten_word_VP022_word1_task_003_00"", ""atten_word_VP022_word1_task_004_00"", ""atten_word_VP022_word1_rest_003_00"", ""atten_word_VP022_word1_rest_004_00"", ""atten_word_VP022_word1_task_005_00"", ""atten_word_VP022_word1_rest_005_00"", ""atten_word_VP022_word1_rest_006_00"", ""atten_word_VP022_word1_task_006_00"", ""atten_word_VP022_word1_rest_008_00"", ""atten_word_VP022_word1_task_007_00"", ""atten_word_VP022_word1_task_008_00"", ""atten_word_VP022_word1_rest_010_00"", ""atten_word_VP022_word1_task_009_00"", ""atten_word_VP022_word2_task_001_00"", ""atten_word_VP022_word2_rest_001_00"", ""atten_word_VP022_word2_task_002_00"", ""atten_word_VP022_word2_rest_002_00"", ""atten_word_VP022_word2_task_005_00"", ""atten_word_VP022_word2_rest_003_00"", ""atten_word_VP022_word2_rest_004_00"", ""atten_word_VP022_word2_task_007_00"", ""atten_word_VP022_word2_rest_006_00"", ""atten_word_VP022_word2_rest_007_00"", ""atten_word_VP022_word2_rest_008_00"", ""atten_word_VP022_word2_rest_010_00"", ""atten_word_VP022_word2_task_010_00"", ""atten_word_VP022_word3_task_001_00"", ""atten_word_VP022_word3_rest_002_00"", ""atten_word_VP022_word3_rest_003_00"", ""atten_word_VP022_word3_task_002_00"", ""atten_word_VP022_word3_task_003_00"", ""atten_word_VP022_word3_rest_004_00"", ""atten_word_VP022_word3_task_004_00"", ""atten_word_VP022_word3_task_005_00"", ""atten_word_VP022_word3_rest_008_00"", ""atten_word_VP022_word3_rest_009_00"", ""atten_word_VP022_word3_task_007_00"", ""atten_word_VP022_word3_rest_010_00"", ""atten_word_VP022_word3_task_008_00"", ""atten_word_VP022_word3_task_009_00""]",True,,0.6995192307692308,65,0.6904761904761905,0.6755793226381461,0.7333333333333334,0.6904761904761905,0.38095238095238093
VP023,2023,source_only,0.30,0.3,18,42,"{""0"": 9, ""1"": 9}","{""0"": 21, ""1"": 21}","[""atten_word_VP023_word1_task_002_00"", ""atten_word_VP023_word1_rest_002_00"", ""atten_word_VP023_word1_rest_007_00"", ""atten_word_VP023_word1_rest_009_00"", ""atten_word_VP023_word1_task_010_00"", ""atten_word_VP023_word2_task_003_00"", ""atten_word_VP023_word2_task_004_00"", ""atten_word_VP023_word2_rest_005_00"", ""atten_word_VP023_word2_task_006_00"", ""atten_word_VP023_word2_task_008_00"", ""atten_word_VP023_word2_rest_009_00"", ""atten_word_VP023_word2_task_009_00"", ""atten_word_VP023_word3_rest_001_00"", ""atten_word_VP023_word3_rest_005_00"", ""atten_word_VP023_word3_rest_006_00"", ""atten_word_VP023_word3_task_006_00"", ""atten_word_VP023_word3_rest_007_00"", ""atten_word_VP023_word3_task_010_00""]","[""atten_word_VP023_word1_task_001_00"", ""atten_word_VP023_word1_rest_001_00"", ""atten_word_VP023_word1_rest_003_00"", ""atten_word_VP023_word1_task_003_00"", ""atten_word_VP023_word1_rest_004_00"", ""atten_word_VP023_word1_task_004_00"", ""atten_word_VP023_word1_task_005_00"", ""atten_word_VP023_word1_rest_005_00"", ""atten_word_VP023_word1_rest_006_00"", ""atten_word_VP023_word1_task_006_00"", ""atten_word_VP023_word1_task_007_00"", ""atten_word_VP023_word1_rest_008_00"", ""atten_word_VP023_word1_task_008_00"", ""atten_word_VP023_word1_task_009_00"", ""atten_word_VP023_word1_rest_010_00"", ""atten_word_VP023_word2_rest_001_00"", ""atten_word_VP023_word2_task_001_00"", ""atten_word_VP023_word2_rest_002_00"", ""atten_word_VP023_word2_task_002_00"", ""atten_word_VP023_word2_rest_003_00"", ""atten_word_VP023_word2_rest_004_00"", ""atten_word_VP023_word2_task_005_00"", ""atten_word_VP023_word2_task_007_00"", ""atten_word_VP023_word2_rest_006_00"", ""atten_word_VP023_word2_rest_007_00"", ""atten_word_VP023_word2_rest_008_00"", ""atten_word_VP023_word2_rest_010_00"", ""atten_word_VP023_word2_task_010_00"", ""atten_word_VP023_word3_task_001_00"", ""atten_word_VP023_word3_rest_002_00"", ""atten_word_VP023_word3_rest_003_00"", ""atten_word_VP023_word3_task_002_00"", ""atten_word_VP023_word3_rest_004_00"", ""atten_word_VP023_word3_task_003_00"", ""atten_word_VP023_word3_task_004_00"", ""atten_word_VP023_word3_task_005_00"", ""atten_word_VP023_word3_task_007_00"", ""atten_word_VP023_word3_task_008_00"", ""atten_word_VP023_word3_rest_008_00"", ""atten_word_VP023_word3_rest_009_00"", ""atten_word_VP023_word3_task_009_00"", ""atten_word_VP023_word3_rest_010_00""]",True,,0.7398959583833533,84,0.6428571428571429,0.641025641025641,0.6458333333333333,0.6428571428571428,0.2857142857142857
VP023,2023,existing_head_adaptation,0.30,0.3,18,42,"{""0"": 9, ""1"": 9}","{""0"": 21, ""1"": 21}","[""atten_word_VP023_word1_task_002_00"", ""atten_word_VP023_word1_rest_002_00"", ""atten_word_VP023_word1_rest_007_00"", ""atten_word_VP023_word1_rest_009_00"", ""atten_word_VP023_word1_task_010_00"", ""atten_word_VP023_word2_task_003_00"", ""atten_word_VP023_word2_task_004_00"", ""atten_word_VP023_word2_rest_005_00"", ""atten_word_VP023_word2_task_006_00"", ""atten_word_VP023_word2_task_008_00"", ""atten_word_VP023_word2_rest_009_00"", ""atten_word_VP023_word2_task_009_00"", ""atten_word_VP023_word3_rest_001_00"", ""atten_word_VP023_word3_rest_005_00"", ""atten_word_VP023_word3_rest_006_00"", ""atten_word_VP023_word3_task_006_00"", ""atten_word_VP023_word3_rest_007_00"", ""atten_word_VP023_word3_task_010_00""]","[""atten_word_VP023_word1_task_001_00"", ""atten_word_VP023_word1_rest_001_00"", ""atten_word_VP023_word1_rest_003_00"", ""atten_word_VP023_word1_task_003_00"", ""atten_word_VP023_word1_rest_004_00"", ""atten_word_VP023_word1_task_004_00"", ""atten_word_VP023_word1_task_005_00"", ""atten_word_VP023_word1_rest_005_00"", ""atten_word_VP023_word1_rest_006_00"", ""atten_word_VP023_word1_task_006_00"", ""atten_word_VP023_word1_task_007_00"", ""atten_word_VP023_word1_rest_008_00"", ""atten_word_VP023_word1_task_008_00"", ""atten_word_VP023_word1_task_009_00"", ""atten_word_VP023_word1_rest_010_00"", ""atten_word_VP023_word2_rest_001_00"", ""atten_word_VP023_word2_task_001_00"", ""atten_word_VP023_word2_rest_002_00"", ""atten_word_VP023_word2_task_002_00"", ""atten_word_VP023_word2_rest_003_00"", ""atten_word_VP023_word2_rest_004_00"", ""atten_word_VP023_word2_task_005_00"", ""atten_word_VP023_word2_task_007_00"", ""atten_word_VP023_word2_rest_006_00"", ""atten_word_VP023_word2_rest_007_00"", ""atten_word_VP023_word2_rest_008_00"", ""atten_word_VP023_word2_rest_010_00"", ""atten_word_VP023_word2_task_010_00"", ""atten_word_VP023_word3_task_001_00"", ""atten_word_VP023_word3_rest_002_00"", ""atten_word_VP023_word3_rest_003_00"", ""atten_word_VP023_word3_task_002_00"", ""atten_word_VP023_word3_rest_004_00"", ""atten_word_VP023_word3_task_003_00"", ""atten_word_VP023_word3_task_004_00"", ""atten_word_VP023_word3_task_005_00"", ""atten_word_VP023_word3_task_007_00"", ""atten_word_VP023_word3_task_008_00"", ""atten_word_VP023_word3_rest_008_00"", ""atten_word_VP023_word3_rest_009_00"", ""atten_word_VP023_word3_task_009_00"", ""atten_word_VP023_word3_rest_010_00""]",True,,0.7398959583833533,84,0.6428571428571429,0.6377228292121909,0.6514423076923077,0.6428571428571428,0.2857142857142857
VP024,2023,source_only,0.30,0.3,18,42,"{""0"": 9, ""1"": 9}","{""0"": 21, ""1"": 21}","[""atten_word_VP024_word1_task_002_00"", ""atten_word_VP024_word1_rest_002_00"", ""atten_word_VP024_word1_rest_007_00"", ""atten_word_VP024_word1_rest_009_00"", ""atten_word_VP024_word1_task_010_00"", ""atten_word_VP024_word2_task_003_00"", ""atten_word_VP024_word2_task_004_00"", ""atten_word_VP024_word2_rest_005_00"", ""atten_word_VP024_word2_task_006_00"", ""atten_word_VP024_word2_task_008_00"", ""atten_word_VP024_word2_rest_009_00"", ""atten_word_VP024_word2_task_009_00"", ""atten_word_VP024_word3_rest_001_00"", ""atten_word_VP024_word3_rest_005_00"", ""atten_word_VP024_word3_rest_006_00"", ""atten_word_VP024_word3_rest_007_00"", ""atten_word_VP024_word3_task_006_00"", ""atten_word_VP024_word3_task_010_00""]","[""atten_word_VP024_word1_rest_001_00"", ""atten_word_VP024_word1_task_001_00"", ""atten_word_VP024_word1_task_003_00"", ""atten_word_VP024_word1_rest_003_00"", ""atten_word_VP024_word1_rest_004_00"", ""atten_word_VP024_word1_task_004_00"", ""atten_word_VP024_word1_task_005_00"", ""atten_word_VP024_word1_rest_005_00"", ""atten_word_VP024_word1_rest_006_00"", ""atten_word_VP024_word1_task_006_00"", ""atten_word_VP024_word1_task_007_00"", ""atten_word_VP024_word1_task_008_00"", ""atten_word_VP024_word1_task_009_00"", ""atten_word_VP024_word1_rest_008_00"", ""atten_word_VP024_word1_rest_010_00"", ""atten_word_VP024_word2_rest_001_00"", ""atten_word_VP024_word2_task_001_00"", ""atten_word_VP024_word2_rest_002_00"", ""atten_word_VP024_word2_rest_003_00"", ""atten_word_VP024_word2_task_002_00"", ""atten_word_VP024_word2_rest_004_00"", ""atten_word_VP024_word2_rest_006_00"", ""atten_word_VP024_word2_task_005_00"", ""atten_word_VP024_word2_rest_007_00"", ""atten_word_VP024_word2_task_007_00"", ""atten_word_VP024_word2_rest_008_00"", ""atten_word_VP024_word2_task_010_00"", ""atten_word_VP024_word2_rest_010_00"", ""atten_word_VP024_word3_rest_002_00"", ""atten_word_VP024_word3_rest_003_00"", ""atten_word_VP024_word3_task_001_00"", ""atten_word_VP024_word3_task_002_00"", ""atten_word_VP024_word3_task_003_00"", ""atten_word_VP024_word3_rest_004_00"", ""atten_word_VP024_word3_task_004_00"", ""atten_word_VP024_word3_task_005_00"", ""atten_word_VP024_word3_task_007_00"", ""atten_word_VP024_word3_rest_008_00"", ""atten_word_VP024_word3_task_008_00"", ""atten_word_VP024_word3_task_009_00"", ""atten_word_VP024_word3_rest_009_00"", ""atten_word_VP024_word3_rest_010_00""]",True,,0.7431935164700781,86,0.6666666666666666,0.6659090909090909,0.6681922196796339,0.6666666666666667,0.33333333333333337
VP024,2023,existing_head_adaptation,0.30,0.3,18,42,"{""0"": 9, ""1"": 9}","{""0"": 21, ""1"": 21}","[""atten_word_VP024_word1_task_002_00"", ""atten_word_VP024_word1_rest_002_00"", ""atten_word_VP024_word1_rest_007_00"", ""atten_word_VP024_word1_rest_009_00"", ""atten_word_VP024_word1_task_010_00"", ""atten_word_VP024_word2_task_003_00"", ""atten_word_VP024_word2_task_004_00"", ""atten_word_VP024_word2_rest_005_00"", ""atten_word_VP024_word2_task_006_00"", ""atten_word_VP024_word2_task_008_00"", ""atten_word_VP024_word2_rest_009_00"", ""atten_word_VP024_word2_task_009_00"", ""atten_word_VP024_word3_rest_001_00"", ""atten_word_VP024_word3_rest_005_00"", ""atten_word_VP024_word3_rest_006_00"", ""atten_word_VP024_word3_rest_007_00"", ""atten_word_VP024_word3_task_006_00"", ""atten_word_VP024_word3_task_010_00""]","[""atten_word_VP024_word1_rest_001_00"", ""atten_word_VP024_word1_task_001_00"", ""atten_word_VP024_word1_task_003_00"", ""atten_word_VP024_word1_rest_003_00"", ""atten_word_VP024_word1_rest_004_00"", ""atten_word_VP024_word1_task_004_00"", ""atten_word_VP024_word1_task_005_00"", ""atten_word_VP024_word1_rest_005_00"", ""atten_word_VP024_word1_rest_006_00"", ""atten_word_VP024_word1_task_006_00"", ""atten_word_VP024_word1_task_007_00"", ""atten_word_VP024_word1_task_008_00"", ""atten_word_VP024_word1_task_009_00"", ""atten_word_VP024_word1_rest_008_00"", ""atten_word_VP024_word1_rest_010_00"", ""atten_word_VP024_word2_rest_001_00"", ""atten_word_VP024_word2_task_001_00"", ""atten_word_VP024_word2_rest_002_00"", ""atten_word_VP024_word2_rest_003_00"", ""atten_word_VP024_word2_task_002_00"", ""atten_word_VP024_word2_rest_004_00"", ""atten_word_VP024_word2_rest_006_00"", ""atten_word_VP024_word2_task_005_00"", ""atten_word_VP024_word2_rest_007_00"", ""atten_word_VP024_word2_task_007_00"", ""atten_word_VP024_word2_rest_008_00"", ""atten_word_VP024_word2_task_010_00"", ""atten_word_VP024_word2_rest_010_00"", ""atten_word_VP024_word3_rest_002_00"", ""atten_word_VP024_word3_rest_003_00"", ""atten_word_VP024_word3_task_001_00"", ""atten_word_VP024_word3_task_002_00"", ""atten_word_VP024_word3_task_003_00"", ""atten_word_VP024_word3_rest_004_00"", ""atten_word_VP024_word3_task_004_00"", ""atten_word_VP024_word3_task_005_00"", ""atten_word_VP024_word3_task_007_00"", ""atten_word_VP024_word3_rest_008_00"", ""atten_word_VP024_word3_task_008_00"", ""atten_word_VP024_word3_task_009_00"", ""atten_word_VP024_word3_rest_009_00"", ""atten_word_VP024_word3_rest_010_00""]",True,,0.7431935164700781,86,0.6904761904761905,0.690300623936472,0.6909090909090909,0.6904761904761905,0.38095238095238093
VP025,2023,source_only,0.30,0.3,18,42,"{""0"": 9, ""1"": 9}","{""0"": 21, ""1"": 21}","[""atten_word_VP025_word1_rest_002_00"", ""atten_word_VP025_word1_task_002_00"", ""atten_word_VP025_word1_rest_007_00"", ""atten_word_VP025_word1_rest_009_00"", ""atten_word_VP025_word1_task_010_00"", ""atten_word_VP025_word2_task_003_00"", ""atten_word_VP025_word2_task_004_00"", ""atten_word_VP025_word2_rest_005_00"", ""atten_word_VP025_word2_task_006_00"", ""atten_word_VP025_word2_rest_009_00"", ""atten_word_VP025_word2_task_008_00"", ""atten_word_VP025_word2_task_009_00"", ""atten_word_VP025_word3_rest_001_00"", ""atten_word_VP025_word3_task_006_00"", ""atten_word_VP025_word3_rest_005_00"", ""atten_word_VP025_word3_rest_006_00"", ""atten_word_VP025_word3_rest_007_00"", ""atten_word_VP025_word3_task_010_00""]","[""atten_word_VP025_word1_rest_001_00"", ""atten_word_VP025_word1_task_001_00"", ""atten_word_VP025_word1_rest_003_00"", ""atten_word_VP025_word1_rest_004_00"", ""atten_word_VP025_word1_task_003_00"", ""atten_word_VP025_word1_rest_005_00"", ""atten_word_VP025_word1_task_004_00"", ""atten_word_VP025_word1_task_005_00"", ""atten_word_VP025_word1_rest_006_00"", ""atten_word_VP025_word1_task_006_00"", ""atten_word_VP025_word1_rest_008_00"", ""atten_word_VP025_word1_task_007_00"", ""atten_word_VP025_word1_task_008_00"", ""atten_word_VP025_word1_task_009_00"", ""atten_word_VP025_word1_rest_010_00"", ""atten_word_VP025_word2_rest_001_00"", ""atten_word_VP025_word2_task_001_00"", ""atten_word_VP025_word2_rest_002_00"", ""atten_word_VP025_word2_rest_003_00"", ""atten_word_VP025_word2_task_002_00"", ""atten_word_VP025_word2_rest_004_00"", ""atten_word_VP025_word2_task_005_00"", ""atten_word_VP025_word2_rest_006_00"", ""atten_word_VP025_word2_task_007_00"", ""atten_word_VP025_word2_rest_007_00"", ""atten_word_VP025_word2_rest_008_00"", ""atten_word_VP025_word2_task_010_00"", ""atten_word_VP025_word2_rest_010_00"", ""atten_word_VP025_word3_task_001_00"", ""atten_word_VP025_word3_task_002_00"", ""atten_word_VP025_word3_rest_002_00"", ""atten_word_VP025_word3_task_003_00"", ""atten_word_VP025_word3_task_004_00"", ""atten_word_VP025_word3_rest_003_00"", ""atten_word_VP025_word3_task_005_00"", ""atten_word_VP025_word3_rest_004_00"", ""atten_word_VP025_word3_task_007_00"", ""atten_word_VP025_word3_task_008_00"", ""atten_word_VP025_word3_rest_008_00"", ""atten_word_VP025_word3_task_009_00"", ""atten_word_VP025_word3_rest_009_00"", ""atten_word_VP025_word3_rest_010_00""]",True,,0.7184860807006568,73,0.6666666666666666,0.6636155606407322,0.6729411764705883,0.6666666666666666,0.33333333333333337
VP025,2023,existing_head_adaptation,0.30,0.3,18,42,"{""0"": 9, ""1"": 9}","{""0"": 21, ""1"": 21}","[""atten_word_VP025_word1_rest_002_00"", ""atten_word_VP025_word1_task_002_00"", ""atten_word_VP025_word1_rest_007_00"", ""atten_word_VP025_word1_rest_009_00"", ""atten_word_VP025_word1_task_010_00"", ""atten_word_VP025_word2_task_003_00"", ""atten_word_VP025_word2_task_004_00"", ""atten_word_VP025_word2_rest_005_00"", ""atten_word_VP025_word2_task_006_00"", ""atten_word_VP025_word2_rest_009_00"", ""atten_word_VP025_word2_task_008_00"", ""atten_word_VP025_word2_task_009_00"", ""atten_word_VP025_word3_rest_001_00"", ""atten_word_VP025_word3_task_006_00"", ""atten_word_VP025_word3_rest_005_00"", ""atten_word_VP025_word3_rest_006_00"", ""atten_word_VP025_word3_rest_007_00"", ""atten_word_VP025_word3_task_010_00""]","[""atten_word_VP025_word1_rest_001_00"", ""atten_word_VP025_word1_task_001_00"", ""atten_word_VP025_word1_rest_003_00"", ""atten_word_VP025_word1_rest_004_00"", ""atten_word_VP025_word1_task_003_00"", ""atten_word_VP025_word1_rest_005_00"", ""atten_word_VP025_word1_task_004_00"", ""atten_word_VP025_word1_task_005_00"", ""atten_word_VP025_word1_rest_006_00"", ""atten_word_VP025_word1_task_006_00"", ""atten_word_VP025_word1_rest_008_00"", ""atten_word_VP025_word1_task_007_00"", ""atten_word_VP025_word1_task_008_00"", ""atten_word_VP025_word1_task_009_00"", ""atten_word_VP025_word1_rest_010_00"", ""atten_word_VP025_word2_rest_001_00"", ""atten_word_VP025_word2_task_001_00"", ""atten_word_VP025_word2_rest_002_00"", ""atten_word_VP025_word2_rest_003_00"", ""atten_word_VP025_word2_task_002_00"", ""atten_word_VP025_word2_rest_004_00"", ""atten_word_VP025_word2_task_005_00"", ""atten_word_VP025_word2_rest_006_00"", ""atten_word_VP025_word2_task_007_00"", ""atten_word_VP025_word2_rest_007_00"", ""atten_word_VP025_word2_rest_008_00"", ""atten_word_VP025_word2_task_010_00"", ""atten_word_VP025_word2_rest_010_00"", ""atten_word_VP025_word3_task_001_00"", ""atten_word_VP025_word3_task_002_00"", ""atten_word_VP025_word3_rest_002_00"", ""atten_word_VP025_word3_task_003_00"", ""atten_word_VP025_word3_task_004_00"", ""atten_word_VP025_word3_rest_003_00"", ""atten_word_VP025_word3_task_005_00"", ""atten_word_VP025_word3_rest_004_00"", ""atten_word_VP025_word3_task_007_00"", ""atten_word_VP025_word3_task_008_00"", ""atten_word_VP025_word3_rest_008_00"", ""atten_word_VP025_word3_task_009_00"", ""atten_word_VP025_word3_rest_009_00"", ""atten_word_VP025_word3_rest_010_00""]",True,,0.7184860807006568,73,0.6666666666666666,0.6636155606407322,0.6729411764705883,0.6666666666666666,0.33333333333333337
VP026,2023,source_only,0.30,0.3,18,42,"{""0"": 9, ""1"": 9}","{""0"": 21, ""1"": 21}","[""atten_word_VP026_word1_rest_002_00"", ""atten_word_VP026_word1_task_002_00"", ""atten_word_VP026_word1_rest_007_00"", ""atten_word_VP026_word1_task_010_00"", ""atten_word_VP026_word1_rest_009_00"", ""atten_word_VP026_word2_task_003_00"", ""atten_word_VP026_word2_task_004_00"", ""atten_word_VP026_word2_rest_005_00"", ""atten_word_VP026_word2_task_006_00"", ""atten_word_VP026_word2_task_008_00"", ""atten_word_VP026_word2_rest_009_00"", ""atten_word_VP026_word2_task_009_00"", ""atten_word_VP026_word3_rest_001_00"", ""atten_word_VP026_word3_rest_005_00"", ""atten_word_VP026_word3_rest_006_00"", ""atten_word_VP026_word3_task_006_00"", ""atten_word_VP026_word3_rest_007_00"", ""atten_word_VP026_word3_task_010_00""]","[""atten_word_VP026_word1_rest_001_00"", ""atten_word_VP026_word1_task_001_00"", ""atten_word_VP026_word1_task_003_00"", ""atten_word_VP026_word1_rest_003_00"", ""atten_word_VP026_word1_rest_004_00"", ""atten_word_VP026_word1_rest_005_00"", ""atten_word_VP026_word1_task_004_00"", ""atten_word_VP026_word1_task_005_00"", ""atten_word_VP026_word1_rest_006_00"", ""atten_word_VP026_word1_task_006_00"", ""atten_word_VP026_word1_task_007_00"", ""atten_word_VP026_word1_rest_008_00"", ""atten_word_VP026_word1_task_008_00"", ""atten_word_VP026_word1_task_009_00"", ""atten_word_VP026_word1_rest_010_00"", ""atten_word_VP026_word2_rest_001_00"", ""atten_word_VP026_word2_task_001_00"", ""atten_word_VP026_word2_rest_002_00"", ""atten_word_VP026_word2_rest_003_00"", ""atten_word_VP026_word2_rest_004_00"", ""atten_word_VP026_word2_task_002_00"", ""atten_word_VP026_word2_task_005_00"", ""atten_word_VP026_word2_rest_006_00"", ""atten_word_VP026_word2_rest_007_00"", ""atten_word_VP026_word2_task_007_00"", ""atten_word_VP026_word2_rest_008_00"", ""atten_word_VP026_word2_task_010_00"", ""atten_word_VP026_word2_rest_010_00"", ""atten_word_VP026_word3_rest_002_00"", ""atten_word_VP026_word3_task_001_00"", ""atten_word_VP026_word3_task_002_00"", ""atten_word_VP026_word3_rest_003_00"", ""atten_word_VP026_word3_rest_004_00"", ""atten_word_VP026_word3_task_003_00"", ""atten_word_VP026_word3_task_004_00"", ""atten_word_VP026_word3_task_005_00"", ""atten_word_VP026_word3_task_007_00"", ""atten_word_VP026_word3_task_008_00"", ""atten_word_VP026_word3_rest_008_00"", ""atten_word_VP026_word3_rest_009_00"", ""atten_word_VP026_word3_task_009_00"", ""atten_word_VP026_word3_rest_010_00""]",True,,0.6654623310584772,18,0.6666666666666666,0.6636155606407322,0.6729411764705883,0.6666666666666666,0.33333333333333337
VP026,2023,existing_head_adaptation,0.30,0.3,18,42,"{""0"": 9, ""1"": 9}","{""0"": 21, ""1"": 21}","[""atten_word_VP026_word1_rest_002_00"", ""atten_word_VP026_word1_task_002_00"", ""atten_word_VP026_word1_rest_007_00"", ""atten_word_VP026_word1_task_010_00"", ""atten_word_VP026_word1_rest_009_00"", ""atten_word_VP026_word2_task_003_00"", ""atten_word_VP026_word2_task_004_00"", ""atten_word_VP026_word2_rest_005_00"", ""atten_word_VP026_word2_task_006_00"", ""atten_word_VP026_word2_task_008_00"", ""atten_word_VP026_word2_rest_009_00"", ""atten_word_VP026_word2_task_009_00"", ""atten_word_VP026_word3_rest_001_00"", ""atten_word_VP026_word3_rest_005_00"", ""atten_word_VP026_word3_rest_006_00"", ""atten_word_VP026_word3_task_006_00"", ""atten_word_VP026_word3_rest_007_00"", ""atten_word_VP026_word3_task_010_00""]","[""atten_word_VP026_word1_rest_001_00"", ""atten_word_VP026_word1_task_001_00"", ""atten_word_VP026_word1_task_003_00"", ""atten_word_VP026_word1_rest_003_00"", ""atten_word_VP026_word1_rest_004_00"", ""atten_word_VP026_word1_rest_005_00"", ""atten_word_VP026_word1_task_004_00"", ""atten_word_VP026_word1_task_005_00"", ""atten_word_VP026_word1_rest_006_00"", ""atten_word_VP026_word1_task_006_00"", ""atten_word_VP026_word1_task_007_00"", ""atten_word_VP026_word1_rest_008_00"", ""atten_word_VP026_word1_task_008_00"", ""atten_word_VP026_word1_task_009_00"", ""atten_word_VP026_word1_rest_010_00"", ""atten_word_VP026_word2_rest_001_00"", ""atten_word_VP026_word2_task_001_00"", ""atten_word_VP026_word2_rest_002_00"", ""atten_word_VP026_word2_rest_003_00"", ""atten_word_VP026_word2_rest_004_00"", ""atten_word_VP026_word2_task_002_00"", ""atten_word_VP026_word2_task_005_00"", ""atten_word_VP026_word2_rest_006_00"", ""atten_word_VP026_word2_rest_007_00"", ""atten_word_VP026_word2_task_007_00"", ""atten_word_VP026_word2_rest_008_00"", ""atten_word_VP026_word2_task_010_00"", ""atten_word_VP026_word2_rest_010_00"", ""atten_word_VP026_word3_rest_002_00"", ""atten_word_VP026_word3_task_001_00"", ""atten_word_VP026_word3_task_002_00"", ""atten_word_VP026_word3_rest_003_00"", ""atten_word_VP026_word3_rest_004_00"", ""atten_word_VP026_word3_task_003_00"", ""atten_word_VP026_word3_task_004_00"", ""atten_word_VP026_word3_task_005_00"", ""atten_word_VP026_word3_task_007_00"", ""atten_word_VP026_word3_task_008_00"", ""atten_word_VP026_word3_rest_008_00"", ""atten_word_VP026_word3_rest_009_00"", ""atten_word_VP026_word3_task_009_00"", ""atten_word_VP026_word3_rest_010_00""]",True,,0.6654623310584772,18,0.6904761904761905,0.690300623936472,0.6909090909090909,0.6904761904761905,0.38095238095238093
