channel,subject,best_params,validation_f1_macro,accuracy,f1_macro,precision_macro,recall_macro,kappa,valid,invalid_reason
Fpz,sub-001,"{""C"": 23.357214690901213, ""gamma"": ""scale""}",0.5150617757670655,0.35,0.3437138932103314,0.34170953120356923,,0.025000000000000022,True,
Fpz,sub-002,"{""C"": 33.59818286283781, ""gamma"": ""auto""}",0.4450640384525944,0.48,0.45838717052965167,0.5586637435463578,,0.21999999999999997,True,
Fpz,sub-003,"{""C"": 23.357214690901213, ""gamma"": ""scale""}",0.4713368459858309,0.53,0.5247450406071096,0.5290261198648911,,0.29500000000000004,True,
Fpz,sub-004,"{""C"": 1.2742749857031335, ""gamma"": ""scale""}",0.49649328384818586,0.3466666666666667,0.3423752650729519,0.3454104893990117,,0.020000000000000018,True,
Fpz,sub-005,"{""C"": 23.357214690901213, ""gamma"": ""scale""}",0.4598988951427976,0.54,0.539336071860693,0.5393632721905967,,0.31000000000000005,True,
Fpz,sub-006,"{""C"": 100.0, ""gamma"": ""auto""}",0.4787545787545788,0.31,0.3100049611405134,0.3104485566207578,,-0.03499999999999992,True,
Fpz,sub-007,"{""C"": 5.455594781168517, ""gamma"": ""auto""}",0.4714209157729994,0.5033333333333333,0.5036710091648724,0.5124556942518107,,0.2550000000000001,True,
Fpz,sub-008,"{""C"": 3.79269019073225, ""gamma"": ""scale""}",0.4850174247090233,0.4266666666666667,0.42361537832472385,0.4276470963217951,,0.14,True,
Fpz,sub-009,"{""C"": 69.51927961775604, ""gamma"": ""auto""}",0.45317148382841815,0.5033333333333333,0.4904699165568731,0.49678362573099416,,0.255,True,
Fpz,sub-010,"{""C"": 100.0, ""gamma"": ""scale""}",0.4732332439750935,0.3979933110367893,0.3941910680788335,0.3963287849252761,,0.09711620728413495,True,
Fpz,sub-011,"{""C"": 7.847599703514611, ""gamma"": ""scale""}",0.49269845557178044,0.33666666666666667,0.3332964732696906,0.3365643945832624,,0.0050000000000000044,True,
Fp1,sub-001,"{""C"": 2.636650898730358, ""gamma"": ""scale""}",0.506801036599381,0.39,0.38670970004046473,0.3933180474924181,,0.08499999999999996,True,
Fp1,sub-002,"{""C"": 11.288378916846883, ""gamma"": ""scale""}",0.49689331900198747,0.6566666666666666,0.6484572292632118,0.7079378524937918,,0.485,True,
Fp1,sub-003,"{""C"": 0.6158482110660264, ""gamma"": ""scale""}",0.51476902900597,0.5,0.49890389856618084,0.512771475537433,,0.25,True,
Fp1,sub-004,"{""C"": 11.288378916846883, ""gamma"": ""auto""}",0.5152483374773603,0.38,0.37958889980127747,0.3810344419777865,,0.06999999999999995,True,
Fp1,sub-005,"{""C"": 3.79269019073225, ""gamma"": ""scale""}",0.490530003203483,0.5466666666666666,0.5497583198821588,0.5680241021683617,,0.31999999999999995,True,
Fp1,sub-006,"{""C"": 7.847599703514611, ""gamma"": ""scale""}",0.5267891647252353,0.37333333333333335,0.37368216320648723,0.3753935753935754,,0.06000000000000005,True,
Fp1,sub-007,"{""C"": 5.455594781168517, ""gamma"": ""auto""}",0.453206300289756,0.66,0.6596488767328238,0.6609257468300022,,0.49,True,
Fp1,sub-008,"{""C"": 69.51927961775604, ""gamma"": ""auto""}",0.5050881612469056,0.43333333333333335,0.4246746663753007,0.4319160485565037,,0.15000000000000002,True,
Fp1,sub-009,"{""C"": 69.51927961775604, ""gamma"": ""auto""}",0.4878499114027746,0.4633333333333333,0.4549507944361977,0.46509139009139006,,0.19499999999999984,True,
Fp1,sub-010,"{""C"": 11.288378916846883, ""gamma"": ""auto""}",0.4849672481577089,0.46153846153846156,0.45568802845398587,0.45687243886318574,,0.19216311461654645,True,
Fp1,sub-011,"{""C"": 7.847599703514611, ""gamma"": ""auto""}",0.5306834777389291,0.3333333333333333,0.32352248141721823,0.33111600302550886,,0.0,True,
Fp2,sub-001,"{""C"": 1.8329807108324356, ""gamma"": ""scale""}",0.4497182583485764,0.38,0.37887501432008247,0.3878892484717727,,0.06999999999999995,True,
Fp2,sub-002,"{""C"": 3.79269019073225, ""gamma"": ""scale""}",0.4510089845228582,0.53,0.5144359569361313,0.5917388899133321,,0.29500000000000004,True,
Fp2,sub-003,"{""C"": 23.357214690901213, ""gamma"": ""scale""}",0.49183832480243533,0.44,0.4349193263854964,0.4400037160906726,,0.16000000000000003,True,
Fp2,sub-004,"{""C"": 7.847599703514611, ""gamma"": ""scale""}",0.4929928086414594,0.37,0.3670486597632656,0.3656331849401156,,0.05500000000000005,True,
Fp2,sub-005,"{""C"": 2.636650898730358, ""gamma"": ""scale""}",0.5019888412698833,0.43333333333333335,0.4341562959989295,0.43706709956709955,,0.15000000000000002,True,
Fp2,sub-006,"{""C"": 33.59818286283781, ""gamma"": ""auto""}",0.4719772064886672,0.38666666666666666,0.3865638121277219,0.3872243682600998,,0.07999999999999996,True,
Fp2,sub-007,"{""C"": 7.847599703514611, ""gamma"": ""auto""}",0.49338964325475027,0.52,0.5156024398849265,0.5227982162764772,,0.28000000000000014,True,
Fp2,sub-008,"{""C"": 23.357214690901213, ""gamma"": ""scale""}",0.5217130786489873,0.4,0.4004464637445177,0.4011599052838645,,0.09999999999999998,True,
Fp2,sub-009,"{""C"": 7.847599703514611, ""gamma"": ""scale""}",0.4866186035386761,0.4866666666666667,0.48231994811252593,0.4829733531943065,,0.2300000000000001,True,
Fp2,sub-010,"{""C"": 48.32930238571752, ""gamma"": ""scale""}",0.4796943496197741,0.41471571906354515,0.4153650221632908,0.4205590543309841,,0.12213740458015254,True,
Fp2,sub-011,"{""C"": 11.288378916846883, ""gamma"": ""scale""}",0.5331008449118686,0.33666666666666667,0.33672514619883037,0.33791245791245794,,0.0050000000000000044,True,
AF3,sub-001,"{""C"": 1.8329807108324356, ""gamma"": ""scale""}",0.5224616363335363,0.4,0.39758890036342653,0.4065984470387803,,0.09999999999999998,True,
AF3,sub-002,"{""C"": 1.2742749857031335, ""gamma"": ""scale""}",0.4951923076923077,0.6333333333333333,0.6211746670499186,0.6924684307656538,,0.44999999999999996,True,
AF3,sub-003,"{""C"": 33.59818286283781, ""gamma"": ""auto""}",0.49845593902793356,0.48333333333333334,0.4823212429076434,0.4923675710594315,,0.22499999999999998,True,
AF3,sub-004,"{""C"": 0.42813323987193935, ""gamma"": ""scale""}",0.5125018345371779,0.35333333333333333,0.3111608749192642,0.36281381962445086,,0.030000000000000027,True,
AF3,sub-005,"{""C"": 23.357214690901213, ""gamma"": ""auto""}",0.5123904336407379,0.5566666666666666,0.5627928733260045,0.5924004012385276,,0.33499999999999996,True,
AF3,sub-006,"{""C"": 5.455594781168517, ""gamma"": ""auto""}",0.5380504025600424,0.46,0.46052503656281446,0.46484952955541187,,0.18999999999999995,True,
AF3,sub-007,"{""C"": 5.455594781168517, ""gamma"": ""scale""}",0.4755094807726387,0.6333333333333333,0.6211265158981186,0.6358826358826358,,0.44999999999999996,True,
AF3,sub-008,"{""C"": 7.847599703514611, ""gamma"": ""scale""}",0.5169527228183989,0.4766666666666667,0.4624761904761905,0.47555555555555556,,0.21499999999999997,True,
AF3,sub-009,"{""C"": 11.288378916846883, ""gamma"": ""scale""}",0.5063073805567316,0.5033333333333333,0.49848848288989084,0.5052015168294238,,0.255,True,
AF3,sub-010,"{""C"": 2.636650898730358, ""gamma"": ""scale""}",0.5203022917436474,0.3979933110367893,0.3986000354421407,0.4030279004794805,,0.09670705917894662,True,
AF3,sub-011,"{""C"": 1.8329807108324356, ""gamma"": ""scale""}",0.538571116790778,0.34,0.3312756084495215,0.33799096514442944,,0.010000000000000009,True,
AF4,sub-001,"{""C"": 33.59818286283781, ""gamma"": ""auto""}",0.48628093280045737,0.4266666666666667,0.4263474620617478,0.42669753086419754,,0.14,True,
AF4,sub-002,"{""C"": 69.51927961775604, ""gamma"": ""scale""}",0.47806427991525907,0.49666666666666665,0.4929395889057568,0.5352559041302594,,0.245,True,
AF4,sub-003,"{""C"": 5.455594781168517, ""gamma"": ""scale""}",0.5062269263894681,0.5333333333333333,0.5297094664278347,0.5384243775548123,,0.30000000000000004,True,
AF4,sub-004,"{""C"": 1.8329807108324356, ""gamma"": ""scale""}",0.49460761953754023,0.37666666666666665,0.3728263304114698,0.37606033074149203,,0.06499999999999995,True,
AF4,sub-005,"{""C"": 1.8329807108324356, ""gamma"": ""scale""}",0.5214261542999489,0.5066666666666667,0.5071428571428572,0.512269031781227,,0.26,True,
AF4,sub-006,"{""C"": 16.23776739188721, ""gamma"": ""scale""}",0.508615347741952,0.4,0.3974038792001904,0.3985081695477149,,0.09999999999999998,True,
AF4,sub-007,"{""C"": 7.847599703514611, ""gamma"": ""scale""}",0.48191119985104786,0.6166666666666667,0.6158138378100831,0.6173918673918674,,0.42500000000000004,True,
AF4,sub-008,"{""C"": 23.357214690901213, ""gamma"": ""auto""}",0.4842307896909101,0.48333333333333334,0.48297576971852646,0.48294116861078823,,0.22499999999999998,True,
AF4,sub-009,"{""C"": 16.23776739188721, ""gamma"": ""scale""}",0.5084633446330522,0.4533333333333333,0.45129807460309806,0.45245726495726496,,0.18000000000000005,True,
AF4,sub-010,"{""C"": 33.59818286283781, ""gamma"": ""auto""}",0.5087218463346518,0.44816053511705684,0.4480648610163178,0.4481999481999482,,0.1723009814612867,True,
AF4,sub-011,"{""C"": 3.79269019073225, ""gamma"": ""scale""}",0.4867249360638743,0.36333333333333334,0.35894884269497274,0.3669282616892911,,0.04500000000000004,True,
AF7,sub-001,"{""C"": 7.847599703514611, ""gamma"": ""auto""}",0.49785899994038824,0.46,0.4522221168981588,0.45631108410229454,,0.18999999999999995,True,
AF7,sub-002,"{""C"": 1.8329807108324356, ""gamma"": ""scale""}",0.5047608896346253,0.6433333333333333,0.6360194252075105,0.6854346316642917,,0.46499999999999997,True,
AF7,sub-003,"{""C"": 1.2742749857031335, ""gamma"": ""scale""}",0.5268496088155029,0.49333333333333335,0.49178286317202485,0.5111953479525013,,0.24,True,
AF7,sub-004,"{""C"": 69.51927961775604, ""gamma"": ""auto""}",0.5617829125566064,0.38666666666666666,0.3754365326916793,0.372312661498708,,0.07999999999999996,True,
AF7,sub-005,"{""C"": 33.59818286283781, ""gamma"": ""auto""}",0.5183700146725356,0.5433333333333333,0.5443378800740372,0.5798880932724281,,0.31499999999999995,True,
AF7,sub-006,"{""C"": 16.23776739188721, ""gamma"": ""auto""}",0.5259817260237428,0.4633333333333333,0.45967331768388114,0.45808745603909734,,0.19499999999999995,True,
AF7,sub-007,"{""C"": 16.23776739188721, ""gamma"": ""auto""}",0.522696729405118,0.6533333333333333,0.652365137097738,0.6526103327178596,,0.48,True,
AF7,sub-008,"{""C"": 3.79269019073225, ""gamma"": ""auto""}",0.5287648054145516,0.4066666666666667,0.3851592747965114,0.3906784936196701,,0.10999999999999999,True,
AF7,sub-009,"{""C"": 2.636650898730358, ""gamma"": ""scale""}",0.5449369776855156,0.4666666666666667,0.46406817958542096,0.4763783900707976,,0.19999999999999996,True,
AF7,sub-010,"{""C"": 33.59818286283781, ""gamma"": ""auto""}",0.5104035608605496,0.451505016722408,0.44705618401495045,0.4483164983164983,,0.17753811576457967,True,
AF7,sub-011,"{""C"": 3.79269019073225, ""gamma"": ""auto""}",0.5382075242807703,0.35,0.3383539822327008,0.3493619093300775,,0.025000000000000022,True,
AF8,sub-001,"{""C"": 48.32930238571752, ""gamma"": ""auto""}",0.5445200469132415,0.45666666666666667,0.4505161234899311,0.4515407236926225,,0.18500000000000005,True,
AF8,sub-002,"{""C"": 69.51927961775604, ""gamma"": ""auto""}",0.5136693887152602,0.5733333333333334,0.5748711571284102,0.6465201465201466,,0.36,True,
AF8,sub-003,"{""C"": 11.288378916846883, ""gamma"": ""auto""}",0.5013911248841746,0.45,0.44995420952867765,0.4624818445896877,,0.17500000000000004,True,
AF8,sub-004,"{""C"": 100.0, ""gamma"": ""auto""}",0.5651910836883364,0.3933333333333333,0.3905371278571721,0.39007829886554846,,0.09000000000000008,True,
AF8,sub-005,"{""C"": 11.288378916846883, ""gamma"": ""scale""}",0.5001135620769812,0.5466666666666666,0.5478902213806485,0.5503801310982163,,0.31999999999999995,True,
AF8,sub-006,"{""C"": 7.847599703514611, ""gamma"": ""auto""}",0.5434553760391317,0.39,0.389154230649076,0.3889974429488107,,0.08499999999999996,True,
AF8,sub-007,"{""C"": 48.32930238571752, ""gamma"": ""auto""}",0.5237009397457159,0.72,0.7171311014893539,0.7230004431150991,,0.5800000000000001,True,
AF8,sub-008,"{""C"": 48.32930238571752, ""gamma"": ""auto""}",0.5367277924525912,0.41333333333333333,0.41342711702901275,0.41519654485946617,,0.12,True,
AF8,sub-009,"{""C"": 48.32930238571752, ""gamma"": ""auto""}",0.5363426677001466,0.5433333333333333,0.538868973892295,0.5465537821869262,,0.31499999999999995,True,
AF8,sub-010,"{""C"": 5.455594781168517, ""gamma"": ""auto""}",0.5063103094796019,0.45484949832775917,0.45337203126185593,0.45285714285714285,,0.18238856548507776,True,
AF8,sub-011,"{""C"": 16.23776739188721, ""gamma"": ""scale""}",0.582826746278046,0.34,0.33915010664195594,0.33860701945808325,,0.010000000000000009,True,
Fz,sub-001,"{""C"": 33.59818286283781, ""gamma"": ""auto""}",0.5333103438366597,0.38333333333333336,0.38416534259567187,0.38768710415853613,,0.07499999999999996,True,
Fz,sub-002,"{""C"": 1.8329807108324356, ""gamma"": ""auto""}",0.5152111436612326,0.54,0.5405853176714442,0.5504206637091712,,0.31000000000000005,True,
Fz,sub-003,"{""C"": 1.2742749857031335, ""gamma"": ""scale""}",0.49516827747050685,0.58,0.579086637209815,0.5796874160081708,,0.37,True,
Fz,sub-004,"{""C"": 69.51927961775604, ""gamma"": ""auto""}",0.5154500795212696,0.44666666666666666,0.4472695661336636,0.4500045652372402,,0.17000000000000004,True,
Fz,sub-005,"{""C"": 2.636650898730358, ""gamma"": ""scale""}",0.5351316785695571,0.44333333333333336,0.44078453732941497,0.4493664042051139,,0.16500000000000004,True,
Fz,sub-006,"{""C"": 2.636650898730358, ""gamma"": ""scale""}",0.5417526180437026,0.42,0.4184664857803236,0.41948592411260704,,0.13,True,
Fz,sub-007,"{""C"": 5.455594781168517, ""gamma"": ""scale""}",0.4922031009203824,0.65,0.647970734390444,0.6532689049028918,,0.475,True,
Fz,sub-008,"{""C"": 0.6158482110660264, ""gamma"": ""scale""}",0.4839874900054484,0.49333333333333335,0.49336760442002986,0.49360109153923587,,0.24,True,
Fz,sub-009,"{""C"": 2.636650898730358, ""gamma"": ""auto""}",0.49830461103749096,0.4866666666666667,0.4793777353747369,0.492231164766376,,0.22999999999999998,True,
Fz,sub-010,"{""C"": 2.636650898730358, ""gamma"": ""scale""}",0.5284741193065152,0.49498327759197325,0.49406436673517423,0.49386159299395027,,0.24244102151078895,True,
Fz,sub-011,"{""C"": 0.8858667904100825, ""gamma"": ""scale""}",0.5145599542772991,0.3566666666666667,0.3429478727144866,0.3583660614534712,,0.03500000000000003,True,
F1,sub-001,"{""C"": 11.288378916846883, ""gamma"": ""scale""}",0.5358957786591035,0.42,0.4169558817389805,0.41929277257839387,,0.13,True,
F1,sub-002,"{""C"": 1.8329807108324356, ""gamma"": ""scale""}",0.5501916484864341,0.6133333333333333,0.5995564892623716,0.6580634278002699,,0.42000000000000004,True,
F1,sub-003,"{""C"": 16.23776739188721, ""gamma"": ""auto""}",0.5332902775324307,0.5366666666666666,0.5383092915600656,0.5494988871985576,,0.30500000000000005,True,
F1,sub-004,"{""C"": 100.0, ""gamma"": ""auto""}",0.5508941497461973,0.43,0.42858037525990134,0.4282185704204053,,0.14500000000000002,True,
F1,sub-005,"{""C"": 48.32930238571752, ""gamma"": ""auto""}",0.5369103681990371,0.5733333333333334,0.5773451232950884,0.5971773688149747,,0.36,True,
F1,sub-006,"{""C"": 0.29763514416313175, ""gamma"": ""scale""}",0.533544112002305,0.48333333333333334,0.4806342370309606,0.4813576117923944,,0.22499999999999998,True,
F1,sub-007,"{""C"": 33.59818286283781, ""gamma"": ""auto""}",0.48820461377234015,0.6766666666666666,0.6724777611153838,0.6811660561660563,,0.515,True,
F1,sub-008,"{""C"": 11.288378916846883, ""gamma"": ""scale""}",0.5439350401630222,0.4666666666666667,0.4528237853835326,0.4651939776476613,,0.19999999999999996,True,
F1,sub-009,"{""C"": 2.636650898730358, ""gamma"": ""scale""}",0.5312569413372268,0.5066666666666667,0.49745139906074404,0.5167191254611297,,0.26,True,
F1,sub-010,"{""C"": 2.636650898730358, ""gamma"": ""scale""}",0.5245884812747482,0.4180602006688963,0.41962203580268814,0.42287469287469287,,0.12691939787544682,True,
F1,sub-011,"{""C"": 1.8329807108324356, ""gamma"": ""scale""}",0.540932448538061,0.33,0.32019338659086416,0.3278431186756525,,-0.004999999999999893,True,
F2,sub-001,"{""C"": 2.636650898730358, ""gamma"": ""auto""}",0.5360199045013144,0.37333333333333335,0.3754793226838274,0.38685151737462226,,0.06000000000000005,True,
F2,sub-002,"{""C"": 69.51927961775604, ""gamma"": ""auto""}",0.5157900580812991,0.49,0.47170329670329675,0.5180961663417804,,0.235,True,
F2,sub-003,"{""C"": 0.8858667904100825, ""gamma"": ""scale""}",0.5151884104595833,0.5733333333333334,0.5715624997358745,0.5801484674329501,,0.36,True,
F2,sub-004,"{""C"": 0.8858667904100825, ""gamma"": ""scale""}",0.4930097658455374,0.4,0.40141752577319584,0.40887975626496137,,0.09999999999999998,True,
F2,sub-005,"{""C"": 0.8858667904100825, ""gamma"": ""scale""}",0.5137973137973137,0.45,0.44758977154567575,0.4510864135864136,,0.17500000000000004,True,
F2,sub-006,"{""C"": 1.8329807108324356, ""gamma"": ""scale""}",0.5448093837643724,0.4033333333333333,0.40312870610464535,0.4058305426229955,,0.10499999999999998,True,
F2,sub-007,"{""C"": 3.79269019073225, ""gamma"": ""scale""}",0.4996857685851124,0.6366666666666667,0.6320423482514674,0.6364709037275409,,0.45499999999999996,True,
F2,sub-008,"{""C"": 3.79269019073225, ""gamma"": ""scale""}",0.5152293310207109,0.5266666666666666,0.5260579528872212,0.5258980785296575,,0.29000000000000004,True,
F2,sub-009,"{""C"": 0.6158482110660264, ""gamma"": ""auto""}",0.49303388945438503,0.44,0.44047358724617913,0.44266817838246403,,0.16000000000000003,True,
F2,sub-010,"{""C"": 100.0, ""gamma"": ""auto""}",0.5116468604947549,0.4180602006688963,0.41751505199781064,0.41945701357466064,,0.12715376226826614,True,
F2,sub-011,"{""C"": 1.2742749857031335, ""gamma"": ""scale""}",0.5525917096632609,0.32,0.2946937321937322,0.32484802431610943,,-0.020000000000000018,True,
F3,sub-001,"{""C"": 5.455594781168517, ""gamma"": ""scale""}",0.5841942046969117,0.43333333333333335,0.4326064739857844,0.4426843878832629,,0.15000000000000002,True,
F3,sub-002,"{""C"": 2.636650898730358, ""gamma"": ""scale""}",0.5031655809766535,0.6433333333333333,0.6240940274758208,0.6870158481288677,,0.46499999999999997,True,
F3,sub-003,"{""C"": 7.847599703514611, ""gamma"": ""auto""}",0.5301442898649205,0.5366666666666666,0.5357829089221867,0.5505135387488329,,0.30500000000000005,True,
F3,sub-004,"{""C"": 33.59818286283781, ""gamma"": ""auto""}",0.5200537881046,0.44,0.4403808444198794,0.4443185725513312,,0.16000000000000003,True,
F3,sub-005,"{""C"": 3.79269019073225, ""gamma"": ""scale""}",0.5444401771368107,0.5733333333333334,0.5760781744731958,0.5932221082182606,,0.36,True,
F3,sub-006,"{""C"": 0.6158482110660264, ""gamma"": ""scale""}",0.58362492957046,0.4866666666666667,0.48293615635672477,0.48591778295476606,,0.22999999999999998,True,
F3,sub-007,"{""C"": 48.32930238571752, ""gamma"": ""auto""}",0.505115503358543,0.68,0.676724538439785,0.6821720416692658,,0.52,True,
F3,sub-008,"{""C"": 33.59818286283781, ""gamma"": ""auto""}",0.5681060632349112,0.4766666666666667,0.45985179481170246,0.4708742833742834,,0.21499999999999997,True,
F3,sub-009,"{""C"": 1.8329807108324356, ""gamma"": ""scale""}",0.563031797766103,0.52,0.5136104082971347,0.5311604104707554,,0.28,True,
F3,sub-010,"{""C"": 7.847599703514611, ""gamma"": ""auto""}",0.536201993050464,0.46153846153846156,0.46476353241499896,0.4875290606997924,,0.19195971464540507,True,
F3,sub-011,"{""C"": 1.2742749857031335, ""gamma"": ""scale""}",0.5632395084633001,0.34,0.33410604702193075,0.3389992856679005,,0.010000000000000009,True,
F4,sub-001,"{""C"": 5.455594781168517, ""gamma"": ""scale""}",0.5322085510824273,0.4066666666666667,0.40637179295819026,0.40612002376708256,,0.10999999999999999,True,
F4,sub-002,"{""C"": 33.59818286283781, ""gamma"": ""auto""}",0.5113512084179478,0.51,0.4916162168193668,0.544089069358332,,0.265,True,
F4,sub-003,"{""C"": 3.79269019073225, ""gamma"": ""scale""}",0.5262857865808734,0.5433333333333333,0.540641507999848,0.5625736099305444,,0.31499999999999995,True,
F4,sub-004,"{""C"": 1.2742749857031335, ""gamma"": ""scale""}",0.5240276595607929,0.43333333333333335,0.4331759010038427,0.43341596088962336,,0.15000000000000002,True,
F4,sub-005,"{""C"": 2.636650898730358, ""gamma"": ""scale""}",0.561760638586835,0.44333333333333336,0.4429114866330221,0.4455161676321014,,0.16500000000000004,True,
F4,sub-006,"{""C"": 23.357214690901213, ""gamma"": ""scale""}",0.5017745022048369,0.42,0.4211436116801221,0.424450677886863,,0.13,True,
F4,sub-007,"{""C"": 2.636650898730358, ""gamma"": ""scale""}",0.4818051543288711,0.6533333333333333,0.6486695723734343,0.6587028476858985,,0.48,True,
F4,sub-008,"{""C"": 1.8329807108324356, ""gamma"": ""scale""}",0.5079352855771099,0.4866666666666667,0.48569444444444443,0.4857112184648416,,0.22999999999999998,True,
F4,sub-009,"{""C"": 1.2742749857031335, ""gamma"": ""scale""}",0.497194789855994,0.5,0.49756031444836,0.4977841925516344,,0.25,True,
F4,sub-010,"{""C"": 0.8858667904100825, ""gamma"": ""scale""}",0.5175489172659953,0.45819397993311034,0.4529149332407109,0.46508515815085155,,0.18715913476867319,True,
F4,sub-011,"{""C"": 3.79269019073225, ""gamma"": ""scale""}",0.5268562785464492,0.3466666666666667,0.335603422116868,0.351450589911043,,0.020000000000000018,True,
F5,sub-001,"{""C"": 7.847599703514611, ""gamma"": ""scale""}",0.5820010954475471,0.53,0.5250796844058514,0.5242031046332504,,0.29500000000000004,True,
F5,sub-002,"{""C"": 0.29763514416313175, ""gamma"": ""scale""}",0.5594133236264609,0.5733333333333334,0.5605128205128205,0.6182785999530186,,0.36,True,
F5,sub-003,"{""C"": 11.288378916846883, ""gamma"": ""auto""}",0.5573368015521509,0.5033333333333333,0.4977466187992503,0.5179805255435508,,0.255,True,
F5,sub-004,"{""C"": 48.32930238571752, ""gamma"": ""auto""}",0.554045410988667,0.4266666666666667,0.4230366051157573,0.43208273208273207,,0.14,True,
F5,sub-005,"{""C"": 48.32930238571752, ""gamma"": ""auto""}",0.5385706986337652,0.58,0.5794276519940237,0.6245149911816578,,0.37,True,
F5,sub-006,"{""C"": 3.79269019073225, ""gamma"": ""scale""}",0.5372768663091244,0.53,0.5290411798544525,0.5317604226156482,,0.29500000000000004,True,
F5,sub-007,"{""C"": 1.8329807108324356, ""gamma"": ""scale""}",0.5299280591055924,0.6466666666666666,0.6410121393305249,0.6474165067341137,,0.47,True,
F5,sub-008,"{""C"": 100.0, ""gamma"": ""auto""}",0.5691648173399998,0.4866666666666667,0.4791951343675482,0.4843925886513271,,0.22999999999999998,True,
F5,sub-009,"{""C"": 2.636650898730358, ""gamma"": ""auto""}",0.5616761122200694,0.5633333333333334,0.557184598353545,0.5759400070076767,,0.345,True,
F5,sub-010,"{""C"": 2.636650898730358, ""gamma"": ""scale""}",0.5499096108723506,0.45819397993311034,0.4608782536408558,0.465983163931011,,0.18710456978871226,True,
F5,sub-011,"{""C"": 0.20691380811147894, ""gamma"": ""scale""}",0.5364919915230987,0.37,0.35874376465826163,0.3736105713175282,,0.05500000000000005,True,
F6,sub-001,"{""C"": 0.42813323987193935, ""gamma"": ""scale""}",0.5047954238511497,0.49333333333333335,0.48945104968430236,0.5022936369007645,,0.23999999999999988,True,
F6,sub-002,"{""C"": 1.8329807108324356, ""gamma"": ""scale""}",0.518732298100406,0.48,0.45757658368606063,0.5761174408413673,,0.21999999999999997,True,
F6,sub-003,"{""C"": 5.455594781168517, ""gamma"": ""scale""}",0.5271182102878521,0.47,0.46462110646211063,0.4786221726843877,,0.20499999999999996,True,
F6,sub-004,"{""C"": 1.8329807108324356, ""gamma"": ""scale""}",0.5137351980064566,0.42,0.4198559423769508,0.419957264957265,,0.13,True,
F6,sub-005,"{""C"": 1.2742749857031335, ""gamma"": ""scale""}",0.5280019530491563,0.52,0.51972273781319,0.5239289446185998,,0.28,True,
F6,sub-006,"{""C"": 11.288378916846883, ""gamma"": ""auto""}",0.5412063277869689,0.4666666666666667,0.4606297229305758,0.47592360893893587,,0.19999999999999996,True,
F6,sub-007,"{""C"": 1.2742749857031335, ""gamma"": ""scale""}",0.5079892721515172,0.7266666666666667,0.7174797265719245,0.7386672386672387,,0.5900000000000001,True,
F6,sub-008,"{""C"": 100.0, ""gamma"": ""auto""}",0.53558071811752,0.42333333333333334,0.4193033783286542,0.4210931710931711,,0.135,True,
F6,sub-009,"{""C"": 2.636650898730358, ""gamma"": ""scale""}",0.4955034250072418,0.5133333333333333,0.5125888627577103,0.515392469166054,,0.27,True,
F6,sub-010,"{""C"": 1.8329807108324356, ""gamma"": ""scale""}",0.5187569382175049,0.4180602006688963,0.417522948036311,0.41968988033455806,,0.12732945300836995,True,
F6,sub-011,"{""C"": 23.357214690901213, ""gamma"": ""auto""}",0.5457365568030472,0.35333333333333333,0.348849586506182,0.3491963509688292,,0.030000000000000027,True,
F7,sub-001,"{""C"": 0.6158482110660264, ""gamma"": ""scale""}",0.5564506831779416,0.5766666666666667,0.5643276290291767,0.5694327731092437,,0.365,True,
F7,sub-002,"{""C"": 5.455594781168517, ""gamma"": ""scale""}",0.5859439173086985,0.6033333333333334,0.585728989758633,0.6712842712842712,,0.405,True,
F7,sub-003,"{""C"": 1.2742749857031335, ""gamma"": ""scale""}",0.5702208777091707,0.4866666666666667,0.4860083872905891,0.5027214257673565,,0.22999999999999998,True,
F7,sub-004,"{""C"": 16.23776739188721, ""gamma"": ""auto""}",0.5492873494937558,0.4866666666666667,0.48516517600696973,0.4963899124785838,,0.2300000000000001,True,
F7,sub-005,"{""C"": 5.455594781168517, ""gamma"": ""scale""}",0.5309853336087585,0.5733333333333334,0.5800973861262126,0.6201843493083247,,0.36,True,
F7,sub-006,"{""C"": 3.79269019073225, ""gamma"": ""scale""}",0.5697806875967796,0.5266666666666666,0.5264799681832166,0.5266922542456675,,0.29000000000000004,True,
F7,sub-007,"{""C"": 23.357214690901213, ""gamma"": ""auto""}",0.5538004387583498,0.6633333333333333,0.6595111448834854,0.6647116324535679,,0.495,True,
F7,sub-008,"{""C"": 33.59818286283781, ""gamma"": ""auto""}",0.5640893370132182,0.44333333333333336,0.42805090547473174,0.4326362039620005,,0.16500000000000004,True,
F7,sub-009,"{""C"": 1.8329807108324356, ""gamma"": ""scale""}",0.5437835806550085,0.55,0.5493176741343833,0.5650538276862243,,0.32499999999999996,True,
F7,sub-010,"{""C"": 7.847599703514611, ""gamma"": ""scale""}",0.5502162214790577,0.4414715719063545,0.4358160882369067,0.43176161012730246,,0.16226826608505984,True,
F7,sub-011,"{""C"": 1.2742749857031335, ""gamma"": ""scale""}",0.5943683552220138,0.3566666666666667,0.35651908477995436,0.36570486706999267,,0.03500000000000003,True,
F8,sub-001,"{""C"": 2.636650898730358, ""gamma"": ""scale""}",0.5402902868647123,0.5333333333333333,0.534327254961677,0.5367405607732691,,0.30000000000000004,True,
F8,sub-002,"{""C"": 7.847599703514611, ""gamma"": ""auto""}",0.5233479629795958,0.63,0.6288647342995168,0.652172096908939,,0.44499999999999995,True,
F8,sub-003,"{""C"": 1.8329807108324356, ""gamma"": ""scale""}",0.55239647350272,0.46,0.45897903951491875,0.4632374409084415,,0.18999999999999995,True,
F8,sub-004,"{""C"": 0.8858667904100825, ""gamma"": ""scale""}",0.5436673419831314,0.4166666666666667,0.4103969360447415,0.4134378807614623,,0.125,True,
F8,sub-005,"{""C"": 7.847599703514611, ""gamma"": ""scale""}",0.563246931237972,0.49666666666666665,0.4991724555376147,0.5057877626843145,,0.245,True,
F8,sub-006,"{""C"": 33.59818286283781, ""gamma"": ""auto""}",0.554906191369606,0.46,0.45959303854040695,0.4633027522935779,,0.18999999999999995,True,
F8,sub-007,"{""C"": 2.636650898730358, ""gamma"": ""scale""}",0.49709634536678765,0.73,0.7247755047408714,0.7442572498254965,,0.595,True,
F8,sub-008,"{""C"": 2.636650898730358, ""gamma"": ""scale""}",0.5669698139303002,0.45,0.44838832729353423,0.4490375243664717,,0.17500000000000004,True,
F8,sub-009,"{""C"": 0.8858667904100825, ""gamma"": ""scale""}",0.5702930085963506,0.5466666666666666,0.5463623899429273,0.5464081165112092,,0.31999999999999995,True,
F8,sub-010,"{""C"": 1.2742749857031335, ""gamma"": ""scale""}",0.5543821717734762,0.45484949832775917,0.4549146232110119,0.45628054740957963,,0.18241599704752487,True,
F8,sub-011,"{""C"": 23.357214690901213, ""gamma"": ""auto""}",0.5731556821944196,0.36666666666666664,0.36395174161059224,0.36776748287990113,,0.050000000000000044,True,
FCz,sub-001,"{""C"": 33.59818286283781, ""gamma"": ""auto""}",0.5266527361171471,0.4266666666666667,0.42270243417784403,0.4375243664717349,,0.14,True,
FCz,sub-002,"{""C"": 0.8858667904100825, ""gamma"": ""scale""}",0.5427538741613893,0.6,0.5991563973764578,0.6149199866014026,,0.4,True,
FCz,sub-003,"{""C"": 0.8858667904100825, ""gamma"": ""scale""}",0.4871506591479138,0.6266666666666667,0.6290111066506089,0.6345238095238096,,0.43999999999999995,True,
FCz,sub-004,"{""C"": 5.455594781168517, ""gamma"": ""auto""}",0.5356237720234741,0.4666666666666667,0.4671692342143545,0.47846936778234483,,0.19999999999999996,True,
FCz,sub-005,"{""C"": 3.79269019073225, ""gamma"": ""scale""}",0.516939367602541,0.39,0.36881316958738536,0.39306361487212554,,0.08499999999999985,True,
FCz,sub-006,"{""C"": 23.357214690901213, ""gamma"": ""auto""}",0.5538944286196209,0.44333333333333336,0.4406075543365176,0.45652172260645435,,0.16500000000000004,True,
FCz,sub-007,"{""C"": 0.14384498882876628, ""gamma"": ""scale""}",0.5115797507715868,0.6666666666666666,0.6660185864514552,0.6816919191919192,,0.5,True,
FCz,sub-008,"{""C"": 11.288378916846883, ""gamma"": ""auto""}",0.5270774939370922,0.57,0.5655018032583011,0.5647829146651163,,0.355,True,
FCz,sub-009,"{""C"": 2.636650898730358, ""gamma"": ""scale""}",0.5263986659811083,0.48333333333333334,0.47554249673529486,0.49349349349349353,,0.2250000000000001,True,
FCz,sub-010,"{""C"": 11.288378916846883, ""gamma"": ""auto""}",0.509078985367732,0.5016722408026756,0.4994088134726617,0.5205265506470326,,0.252161213972773,True,
FCz,sub-011,"{""C"": 1.8329807108324356, ""gamma"": ""scale""}",0.5157101721240767,0.3333333333333333,0.3289655798334581,0.33884917603404996,,0.0,True,
FC1,sub-001,"{""C"": 1.8329807108324356, ""gamma"": ""scale""}",0.5589523262325576,0.41,0.4108088136756504,0.41260593967610926,,0.11499999999999999,True,
FC1,sub-002,"{""C"": 0.29763514416313175, ""gamma"": ""scale""}",0.5558302611680034,0.6566666666666666,0.6531677133592756,0.665566045847736,,0.485,True,
FC1,sub-003,"{""C"": 0.8858667904100825, ""gamma"": ""scale""}",0.540388248570378,0.56,0.5618784916873911,0.5680375467887346,,0.33999999999999997,True,
FC1,sub-004,"{""C"": 0.6158482110660264, ""gamma"": ""scale""}",0.5680919820321336,0.43666666666666665,0.43667179864559297,0.43965390730096615,,0.15500000000000003,True,
FC1,sub-005,"{""C"": 1.8329807108324356, ""gamma"": ""scale""}",0.5299003521919605,0.62,0.6206477030463226,0.6329351817381887,,0.43000000000000005,True,
FC1,sub-006,"{""C"": 5.455594781168517, ""gamma"": ""scale""}",0.5803371120390998,0.48,0.4803067999630665,0.48533930594171565,,0.21999999999999997,True,
FC1,sub-007,"{""C"": 0.42813323987193935, ""gamma"": ""scale""}",0.5219498829554917,0.7166666666666667,0.7142066529546027,0.7485624585624585,,0.575,True,
FC1,sub-008,"{""C"": 0.6158482110660264, ""gamma"": ""scale""}",0.5598721024834373,0.5133333333333333,0.498746251992577,0.5146626096294971,,0.27,True,
FC1,sub-009,"{""C"": 3.79269019073225, ""gamma"": ""auto""}",0.5517606672541704,0.61,0.6032819196905884,0.6441086772205561,,0.41500000000000004,True,
FC1,sub-010,"{""C"": 5.455594781168517, ""gamma"": ""auto""}",0.5383818510674737,0.5183946488294314,0.5191723336994137,0.5645210582612773,,0.2772443429799234,True,
FC1,sub-011,"{""C"": 0.6158482110660264, ""gamma"": ""scale""}",0.6053488553488554,0.30666666666666664,0.30317754775415184,0.31743635776659657,,-0.040000000000000036,True,
FC2,sub-001,"{""C"": 2.636650898730358, ""gamma"": ""scale""}",0.5346557729409175,0.44333333333333336,0.44287058507241994,0.4470166735565661,,0.16500000000000004,True,
FC2,sub-002,"{""C"": 1.2742749857031335, ""gamma"": ""scale""}",0.5564659347659096,0.5366666666666666,0.5267892779716012,0.5899650255582458,,0.30500000000000005,True,
FC2,sub-003,"{""C"": 100.0, ""gamma"": ""auto""}",0.5155466343298326,0.6033333333333334,0.599715890654564,0.6049874608150471,,0.405,True,
FC2,sub-004,"{""C"": 48.32930238571752, ""gamma"": ""auto""}",0.5467514357397081,0.45,0.4470875969991026,0.44709113842028375,,0.17500000000000004,True,
FC2,sub-005,"{""C"": 1.8329807108324356, ""gamma"": ""scale""}",0.5006997303025698,0.38333333333333336,0.3744474673669018,0.3975357683094596,,0.07499999999999996,True,
FC2,sub-006,"{""C"": 0.8858667904100825, ""gamma"": ""scale""}",0.5332691840568415,0.46,0.4594610557401255,0.4672727272727273,,0.18999999999999995,True,
FC2,sub-007,"{""C"": 3.79269019073225, ""gamma"": ""scale""}",0.5186268745019144,0.7066666666666667,0.7021372073598388,0.7117414584395716,,0.56,True,
FC2,sub-008,"{""C"": 1.8329807108324356, ""gamma"": ""scale""}",0.5392618662495482,0.5166666666666667,0.5170039939449472,0.5193466193466193,,0.275,True,
FC2,sub-009,"{""C"": 2.636650898730358, ""gamma"": ""scale""}",0.557336542544773,0.47333333333333333,0.4708462928001956,0.47215888742170864,,0.20999999999999996,True,
FC2,sub-010,"{""C"": 11.288378916846883, ""gamma"": ""scale""}",0.5101493440884458,0.4682274247491639,0.462044874689764,0.46727782021899666,,0.2019438988769704,True,
FC2,sub-011,"{""C"": 0.6158482110660264, ""gamma"": ""scale""}",0.5556413682232433,0.38333333333333336,0.35526483733690606,0.41000616553504204,,0.07499999999999984,True,
FC3,sub-001,"{""C"": 11.288378916846883, ""gamma"": ""auto""}",0.5464699378338264,0.45,0.4482964716653685,0.4602394135250994,,0.17500000000000004,True,
FC3,sub-002,"{""C"": 0.29763514416313175, ""gamma"": ""scale""}",0.5205282923440105,0.6133333333333333,0.5985607196401799,0.6526153846153847,,0.42000000000000004,True,
FC3,sub-003,"{""C"": 3.79269019073225, ""gamma"": ""auto""}",0.5446852988451997,0.5166666666666667,0.5152237791799908,0.5384815122559202,,0.27500000000000013,True,
FC3,sub-004,"{""C"": 23.357214690901213, ""gamma"": ""auto""}",0.5488409597384806,0.45666666666666667,0.46029754200221623,0.4789129419883896,,0.18500000000000005,True,
FC3,sub-005,"{""C"": 0.29763514416313175, ""gamma"": ""scale""}",0.5500581009491997,0.5733333333333334,0.565163802799041,0.5686263186263186,,0.36,True,
FC3,sub-006,"{""C"": 16.23776739188721, ""gamma"": ""auto""}",0.5263306466418217,0.5,0.5013283208020051,0.5043434343434343,,0.25,True,
FC3,sub-007,"{""C"": 0.8858667904100825, ""gamma"": ""scale""}",0.5229513176881597,0.72,0.717996904940157,0.7183871469585754,,0.58,True,
FC3,sub-008,"{""C"": 1.2742749857031335, ""gamma"": ""scale""}",0.5679956323506122,0.4866666666666667,0.4619269619269619,0.4829413472706155,,0.22999999999999998,True,
FC3,sub-009,"{""C"": 33.59818286283781, ""gamma"": ""auto""}",0.5258432573182353,0.5333333333333333,0.5290138826817624,0.5341937594879292,,0.30000000000000004,True,
FC3,sub-010,"{""C"": 3.79269019073225, ""gamma"": ""auto""}",0.5474997092336599,0.46488294314381273,0.46201787063211425,0.475632043862321,,0.19730196815382806,True,
FC3,sub-011,"{""C"": 2.636650898730358, ""gamma"": ""auto""}",0.5932238031847111,0.35,0.3472998476545624,0.34941460055096424,,0.025000000000000133,True,
FC4,sub-001,"{""C"": 16.23776739188721, ""gamma"": ""auto""}",0.5305870964158474,0.43666666666666665,0.43944890594049474,0.4488545116932651,,0.15500000000000003,True,
FC4,sub-002,"{""C"": 7.847599703514611, ""gamma"": ""scale""}",0.5151925564899887,0.5233333333333333,0.5117218058394529,0.5773540825215807,,0.28500000000000003,True,
FC4,sub-003,"{""C"": 0.42813323987193935, ""gamma"": ""scale""}",0.5420776068583094,0.5333333333333333,0.5324698268313562,0.5519913705297355,,0.30000000000000004,True,
FC4,sub-004,"{""C"": 16.23776739188721, ""gamma"": ""scale""}",0.5332939199659087,0.44333333333333336,0.4439072771171974,0.44511611096051323,,0.16500000000000004,True,
FC4,sub-005,"{""C"": 3.79269019073225, ""gamma"": ""scale""}",0.5203900259001574,0.5566666666666666,0.5542292405727726,0.554633265050643,,0.33499999999999996,True,
FC4,sub-006,"{""C"": 1.2742749857031335, ""gamma"": ""scale""}",0.5242636070125394,0.45666666666666667,0.45486454383081276,0.4580818581728224,,0.18500000000000005,True,
FC4,sub-007,"{""C"": 33.59818286283781, ""gamma"": ""auto""}",0.508309253894356,0.73,0.7253332627081237,0.7292434237822588,,0.5950000000000001,True,
FC4,sub-008,"{""C"": 0.42813323987193935, ""gamma"": ""scale""}",0.5409360154563019,0.44333333333333336,0.44132939013758987,0.44210939844977665,,0.16499999999999992,True,
FC4,sub-009,"{""C"": 3.79269019073225, ""gamma"": ""scale""}",0.5362758570559348,0.4666666666666667,0.46438072926595164,0.4640728577510187,,0.19999999999999996,True,
FC4,sub-010,"{""C"": 3.79269019073225, ""gamma"": ""auto""}",0.533738114561103,0.46153846153846156,0.4566657167660586,0.47017114466169824,,0.19187832597491983,True,
FC4,sub-011,"{""C"": 5.455594781168517, ""gamma"": ""scale""}",0.5263017301741773,0.35,0.32848633010941913,0.36596465322014593,,0.025000000000000022,True,
FC5,sub-001,"{""C"": 0.42813323987193935, ""gamma"": ""scale""}",0.5650379508634833,0.5633333333333334,0.5540538339432125,0.5541163432729698,,0.345,True,
FC5,sub-002,"{""C"": 23.357214690901213, ""gamma"": ""auto""}",0.5455022611561724,0.63,0.6236865497386366,0.6368203657881989,,0.44499999999999995,True,
FC5,sub-003,"{""C"": 1.2742749857031335, ""gamma"": ""scale""}",0.5776919461310622,0.5,0.49335529467717176,0.5171325750273118,,0.2499999999999999,True,
FC5,sub-004,"{""C"": 5.455594781168517, ""gamma"": ""scale""}",0.5520173257399534,0.45,0.4498579747821713,0.4551836489827159,,0.17500000000000004,True,
FC5,sub-005,"{""C"": 11.288378916846883, ""gamma"": ""scale""}",0.5524122500941046,0.58,0.5794581389726768,0.6077626862856065,,0.37,True,
FC5,sub-006,"{""C"": 5.455594781168517, ""gamma"": ""scale""}",0.5463214232613008,0.5233333333333333,0.523334995815305,0.5276666298446521,,0.28500000000000003,True,
FC5,sub-007,"{""C"": 1.8329807108324356, ""gamma"": ""scale""}",0.5283298572772257,0.6733333333333333,0.6769029972263872,0.6850549644667292,,0.51,True,
FC5,sub-008,"{""C"": 1.8329807108324356, ""gamma"": ""scale""}",0.5660254537806857,0.4666666666666667,0.4579903469767796,0.47128887255239804,,0.19999999999999996,True,
FC5,sub-009,"{""C"": 33.59818286283781, ""gamma"": ""scale""}",0.5204560183786979,0.5266666666666666,0.5263805972994198,0.5384074532923216,,0.29000000000000004,True,
FC5,sub-010,"{""C"": 2.636650898730358, ""gamma"": ""auto""}",0.5521681606469636,0.46153846153846156,0.4622836472836473,0.47061809287054673,,0.19232576088050735,True,
FC5,sub-011,"{""C"": 33.59818286283781, ""gamma"": ""auto""}",0.593613129631885,0.34,0.33932191582688365,0.3443652895109206,,0.010000000000000009,True,
FC6,sub-001,"{""C"": 0.8858667904100825, ""gamma"": ""scale""}",0.5865471154559745,0.5233333333333333,0.5185836618245893,0.5162241887905604,,0.2849999999999999,True,
FC6,sub-002,"{""C"": 2.636650898730358, ""gamma"": ""scale""}",0.5347825230866166,0.57,0.5734272978560855,0.6002593470859616,,0.355,True,
FC6,sub-003,"{""C"": 0.6158482110660264, ""gamma"": ""scale""}",0.5852070489028613,0.5266666666666666,0.5262626262626263,0.5384420476313007,,0.29000000000000004,True,
FC6,sub-004,"{""C"": 0.8858667904100825, ""gamma"": ""scale""}",0.5698129916132729,0.4666666666666667,0.46411866601666213,0.46492921492921496,,0.19999999999999996,True,
FC6,sub-005,"{""C"": 1.8329807108324356, ""gamma"": ""scale""}",0.5649770838419748,0.6033333333333334,0.6037238743760484,0.6078896286794399,,0.405,True,
FC6,sub-006,"{""C"": 0.42813323987193935, ""gamma"": ""scale""}",0.5911215981974274,0.47,0.43413256864410527,0.493630676244309,,0.20499999999999996,True,
FC6,sub-007,"{""C"": 1.2742749857031335, ""gamma"": ""scale""}",0.537806716176679,0.7566666666666667,0.7548667013763734,0.7542757978384825,,0.635,True,
FC6,sub-008,"{""C"": 5.455594781168517, ""gamma"": ""scale""}",0.554033254838009,0.4766666666666667,0.4755129399168873,0.4749631333568851,,0.21499999999999997,True,
FC6,sub-009,"{""C"": 0.6158482110660264, ""gamma"": ""scale""}",0.5488644008554108,0.49333333333333335,0.4893017869876215,0.493370077482227,,0.24,True,
FC6,sub-010,"{""C"": 69.51927961775604, ""gamma"": ""auto""}",0.5549896064515948,0.46153846153846156,0.46068083179323316,0.4608619226922179,,0.19219022687609078,True,
FC6,sub-011,"{""C"": 3.79269019073225, ""gamma"": ""scale""}",0.5909409985057766,0.36,0.35708061529117696,0.3576434010030129,,0.040000000000000036,True,
FT7,sub-001,"{""C"": 2.636650898730358, ""gamma"": ""auto""}",0.5882865969939235,0.6066666666666667,0.5987465726596162,0.6037707390648567,,0.41000000000000003,True,
FT7,sub-002,"{""C"": 2.636650898730358, ""gamma"": ""scale""}",0.5574124740335411,0.6233333333333333,0.6183356211525225,0.6379039307807624,,0.43500000000000005,True,
FT7,sub-003,"{""C"": 1.8329807108324356, ""gamma"": ""scale""}",0.59179752825557,0.5266666666666666,0.5203691253184938,0.5365724650935918,,0.29000000000000004,True,
FT7,sub-004,"{""C"": 5.455594781168517, ""gamma"": ""scale""}",0.5673996580502091,0.5033333333333333,0.5059284602295355,0.5126848654457774,,0.255,True,
FT7,sub-005,"{""C"": 0.42813323987193935, ""gamma"": ""scale""}",0.5739724102537617,0.5933333333333334,0.5956505842680729,0.6269533653254583,,0.39,True,
FT7,sub-006,"{""C"": 11.288378916846883, ""gamma"": ""auto""}",0.5769142574411602,0.5633333333333334,0.5652152175877748,0.5698093614686808,,0.345,True,
FT7,sub-007,"{""C"": 11.288378916846883, ""gamma"": ""auto""}",0.5888791371040276,0.67,0.6751851225778576,0.7066714669286623,,0.505,True,
FT7,sub-008,"{""C"": 3.79269019073225, ""gamma"": ""auto""}",0.5701355144205219,0.49666666666666665,0.48299137312819157,0.4883529169243455,,0.245,True,
FT7,sub-009,"{""C"": 1.8329807108324356, ""gamma"": ""auto""}",0.5680212213144299,0.5733333333333334,0.5701639941300599,0.591941391941392,,0.36,True,
FT7,sub-010,"{""C"": 3.79269019073225, ""gamma"": ""scale""}",0.5534652963604718,0.47491638795986624,0.478457612478231,0.48811352651921686,,0.21231290690650384,True,
FT7,sub-011,"{""C"": 48.32930238571752, ""gamma"": ""auto""}",0.582616218469877,0.31666666666666665,0.31700807054718205,0.31772154778345163,,-0.02499999999999991,True,
FT8,sub-001,"{""C"": 23.357214690901213, ""gamma"": ""auto""}",0.5703514929321382,0.5333333333333333,0.5316617833069152,0.5341156019122121,,0.30000000000000004,True,
FT8,sub-002,"{""C"": 11.288378916846883, ""gamma"": ""scale""}",0.5556252979397264,0.6333333333333333,0.6307611959785873,0.6422406112572255,,0.44999999999999996,True,
FT8,sub-003,"{""C"": 2.636650898730358, ""gamma"": ""scale""}",0.569888984240232,0.5233333333333333,0.5238163434293174,0.5322751322751323,,0.28500000000000003,True,
FT8,sub-004,"{""C"": 0.29763514416313175, ""gamma"": ""scale""}",0.5428685849922473,0.52,0.5160807117569397,0.518994708994709,,0.28,True,
FT8,sub-005,"{""C"": 0.6158482110660264, ""gamma"": ""scale""}",0.5791429906123843,0.5833333333333334,0.5864847026510275,0.60308919897961,,0.375,True,
FT8,sub-006,"{""C"": 5.455594781168517, ""gamma"": ""scale""}",0.5823587625909238,0.5066666666666667,0.49742738944190856,0.4999985636146351,,0.26,True,
FT8,sub-007,"{""C"": 0.8858667904100825, ""gamma"": ""scale""}",0.5741500040877267,0.7333333333333333,0.7310656046831405,0.7299339350204694,,0.6,True,
FT8,sub-008,"{""C"": 1.2742749857031335, ""gamma"": ""scale""}",0.5909074868395724,0.53,0.5299190381826937,0.5312047077723645,,0.29500000000000004,True,
FT8,sub-009,"{""C"": 100.0, ""gamma"": ""auto""}",0.5666912510794312,0.57,0.5656084656084657,0.5670454545454545,,0.355,True,
FT8,sub-010,"{""C"": 1.2742749857031335, ""gamma"": ""scale""}",0.5877667397068257,0.4214046822742475,0.42107903697056,0.4516926068068818,,0.13164565461901323,True,
FT8,sub-011,"{""C"": 3.79269019073225, ""gamma"": ""scale""}",0.5694967355162297,0.41333333333333333,0.41010379254492174,0.41589126071884697,,0.12,True,
Cz,sub-001,"{""C"": 16.23776739188721, ""gamma"": ""auto""}",0.5493638215388659,0.45666666666666667,0.44816234160496454,0.47062541664634244,,0.18500000000000005,True,
Cz,sub-002,"{""C"": 48.32930238571752, ""gamma"": ""auto""}",0.5527238432066018,0.61,0.6084473515889401,0.6189521387930467,,0.41500000000000004,True,
Cz,sub-003,"{""C"": 48.32930238571752, ""gamma"": ""auto""}",0.5275237391479534,0.5866666666666667,0.5905335920907744,0.6092653889197767,,0.38,True,
Cz,sub-004,"{""C"": 48.32930238571752, ""gamma"": ""auto""}",0.5528696901286797,0.52,0.5236876336979536,0.5324143718423596,,0.28,True,
Cz,sub-005,"{""C"": 33.59818286283781, ""gamma"": ""auto""}",0.5233254988783803,0.5233333333333333,0.5171038112214583,0.5241702741702742,,0.28500000000000003,True,
Cz,sub-006,"{""C"": 5.455594781168517, ""gamma"": ""scale""}",0.5587049403939754,0.44333333333333336,0.43965747102245567,0.45179886453615786,,0.16500000000000004,True,
Cz,sub-007,"{""C"": 7.847599703514611, ""gamma"": ""auto""}",0.5412816570389684,0.7633333333333333,0.761247238769184,0.7697994409635068,,0.645,True,
Cz,sub-008,"{""C"": 69.51927961775604, ""gamma"": ""auto""}",0.5789677530008314,0.6,0.5981322660567944,0.5988662131519275,,0.4,True,
Cz,sub-009,"{""C"": 16.23776739188721, ""gamma"": ""auto""}",0.5803721607680322,0.53,0.525029856343999,0.5279895506792059,,0.29500000000000004,True,
Cz,sub-010,"{""C"": 23.357214690901213, ""gamma"": ""auto""}",0.5219986984692867,0.47491638795986624,0.47445115521043046,0.4959292793799836,,0.21216749181841066,True,
Cz,sub-011,"{""C"": 16.23776739188721, ""gamma"": ""auto""}",0.5853839120189138,0.35,0.3228735190910132,0.348014888337469,,0.025000000000000022,True,
C1,sub-001,"{""C"": 100.0, ""gamma"": ""auto""}",0.5475539344219628,0.4533333333333333,0.4548722387268318,0.4602556930535832,,0.18000000000000005,True,
C1,sub-002,"{""C"": 3.79269019073225, ""gamma"": ""auto""}",0.5355373839427942,0.6433333333333333,0.6361600010591443,0.6456875424454483,,0.46499999999999997,True,
C1,sub-003,"{""C"": 0.6158482110660264, ""gamma"": ""scale""}",0.5447333346694992,0.5033333333333333,0.5017850699056409,0.5169869117237538,,0.2550000000000001,True,
C1,sub-004,"{""C"": 16.23776739188721, ""gamma"": ""auto""}",0.5660532525952856,0.49,0.49170205716695276,0.4964221824686941,,0.235,True,
C1,sub-005,"{""C"": 23.357214690901213, ""gamma"": ""auto""}",0.528397806274659,0.6233333333333333,0.6214154853860737,0.6278522119875184,,0.43500000000000005,True,
C1,sub-006,"{""C"": 16.23776739188721, ""gamma"": ""auto""}",0.5412664898657802,0.4633333333333333,0.45958631940980127,0.4637814395878912,,0.19499999999999995,True,
C1,sub-007,"{""C"": 11.288378916846883, ""gamma"": ""auto""}",0.5151896194395092,0.7,0.6940941934965363,0.7072504609818043,,0.55,True,
C1,sub-008,"{""C"": 1.8329807108324356, ""gamma"": ""scale""}",0.522265749108683,0.5333333333333333,0.5226900449977373,0.5296636796105765,,0.30000000000000004,True,
C1,sub-009,"{""C"": 11.288378916846883, ""gamma"": ""auto""}",0.5709382571152561,0.5566666666666666,0.5551334337329102,0.5612858046444383,,0.33499999999999996,True,
C1,sub-010,"{""C"": 0.6158482110660264, ""gamma"": ""scale""}",0.5837538337784919,0.45819397993311034,0.4526923170234118,0.4754188407555717,,0.1870499974825034,True,
C1,sub-011,"{""C"": 7.847599703514611, ""gamma"": ""auto""}",0.5827126379779585,0.35,0.33838180149913927,0.34684887294879835,,0.025000000000000022,True,
C2,sub-001,"{""C"": 33.59818286283781, ""gamma"": ""auto""}",0.5246958316431884,0.38,0.37933468896369044,0.3856191069732737,,0.06999999999999995,True,
C2,sub-002,"{""C"": 48.32930238571752, ""gamma"": ""auto""}",0.49649735054736915,0.5033333333333333,0.4921535103909645,0.5934880845063911,,0.255,True,
C2,sub-003,"{""C"": 33.59818286283781, ""gamma"": ""auto""}",0.5185691103273441,0.5666666666666667,0.5623887499663898,0.5641865079365079,,0.35,True,
C2,sub-004,"{""C"": 2.636650898730358, ""gamma"": ""scale""}",0.5383767019918072,0.44333333333333336,0.43647489532996503,0.44036618496154833,,0.16500000000000004,True,
C2,sub-005,"{""C"": 23.357214690901213, ""gamma"": ""auto""}",0.5252191624956521,0.4866666666666667,0.4850189830560057,0.4928932774532216,,0.22999999999999998,True,
C2,sub-006,"{""C"": 11.288378916846883, ""gamma"": ""auto""}",0.5370632025668552,0.4166666666666667,0.41241718461276483,0.41614161987246595,,0.125,True,
C2,sub-007,"{""C"": 69.51927961775604, ""gamma"": ""auto""}",0.49648223528820545,0.7033333333333334,0.6971127380514602,0.7168102481267106,,0.5549999999999999,True,
C2,sub-008,"{""C"": 1.2742749857031335, ""gamma"": ""scale""}",0.5400840189042535,0.51,0.5100713253882267,0.512280026730929,,0.265,True,
C2,sub-009,"{""C"": 1.8329807108324356, ""gamma"": ""auto""}",0.5125965240858011,0.38666666666666666,0.3827158896934691,0.3863541141616315,,0.07999999999999996,True,
C2,sub-010,"{""C"": 2.636650898730358, ""gamma"": ""scale""}",0.5007202155148717,0.44481605351170567,0.44157241971733363,0.44467252817324554,,0.16710296684118675,True,
C2,sub-011,"{""C"": 48.32930238571752, ""gamma"": ""auto""}",0.5117091311121162,0.31666666666666665,0.31359867004819547,0.31269931919318456,,-0.02499999999999991,True,
C3,sub-001,"{""C"": 0.8858667904100825, ""gamma"": ""scale""}",0.5210839621306304,0.5066666666666667,0.5055713076403042,0.5062996453183369,,0.26,True,
C3,sub-002,"{""C"": 23.357214690901213, ""gamma"": ""auto""}",0.5182610486746739,0.63,0.6187474874808517,0.6400716549538377,,0.44499999999999995,True,
C3,sub-003,"{""C"": 0.8858667904100825, ""gamma"": ""scale""}",0.5300214843112286,0.48,0.4770215792481427,0.4977509921867689,,0.21999999999999997,True,
C3,sub-004,"{""C"": 2.636650898730358, ""gamma"": ""auto""}",0.5389771303593317,0.48333333333333334,0.4804516696784,0.48487375316643605,,0.22499999999999998,True,
C3,sub-005,"{""C"": 1.2742749857031335, ""gamma"": ""scale""}",0.5381274843746269,0.5266666666666666,0.5229956688176469,0.530189724414901,,0.29000000000000015,True,
C3,sub-006,"{""C"": 0.6158482110660264, ""gamma"": ""scale""}",0.5255634227892055,0.47333333333333333,0.4671558448123081,0.4835705564517488,,0.20999999999999996,True,
C3,sub-007,"{""C"": 1.2742749857031335, ""gamma"": ""scale""}",0.486570839527733,0.6566666666666666,0.6547206744965995,0.6544662309368191,,0.485,True,
C3,sub-008,"{""C"": 3.79269019073225, ""gamma"": ""scale""}",0.5259681592677291,0.49333333333333335,0.48390070921985817,0.49552706552706555,,0.2400000000000001,True,
C3,sub-009,"{""C"": 100.0, ""gamma"": ""auto""}",0.550355776858167,0.5,0.5002896889998062,0.5016360889823029,,0.25,True,
C3,sub-010,"{""C"": 0.6158482110660264, ""gamma"": ""scale""}",0.5316137467760047,0.47157190635451507,0.4742912159947558,0.4845536781020652,,0.20726918817330608,True,
C3,sub-011,"{""C"": 100.0, ""gamma"": ""auto""}",0.5809651744295626,0.30666666666666664,0.30617179649259296,0.31095036105640556,,-0.040000000000000036,True,
C4,sub-001,"{""C"": 0.6158482110660264, ""gamma"": ""scale""}",0.5378341474837708,0.47333333333333333,0.4760153264437496,0.4856682000533051,,0.20999999999999996,True,
C4,sub-002,"{""C"": 5.455594781168517, ""gamma"": ""scale""}",0.4581186158015426,0.51,0.49168626411844585,0.5738600856711094,,0.265,True,
C4,sub-003,"{""C"": 48.32930238571752, ""gamma"": ""auto""}",0.5010697717963318,0.49666666666666665,0.48161477104461764,0.4939845849930374,,0.245,True,
C4,sub-004,"{""C"": 0.29763514416313175, ""gamma"": ""scale""}",0.4906739424056031,0.4766666666666667,0.47453703703703703,0.4753873063468266,,0.21499999999999997,True,
C4,sub-005,"{""C"": 0.8858667904100825, ""gamma"": ""scale""}",0.49215738024237893,0.47,0.4690269932209265,0.47111975877103623,,0.20499999999999996,True,
C4,sub-006,"{""C"": 0.6158482110660264, ""gamma"": ""scale""}",0.4725205676274537,0.4866666666666667,0.47165200391006845,0.48245614035087714,,0.22999999999999998,True,
C4,sub-007,"{""C"": 0.14384498882876628, ""gamma"": ""scale""}",0.4607362604210816,0.7,0.6934077015188755,0.6943495514147688,,0.55,True,
C4,sub-008,"{""C"": 0.14384498882876628, ""gamma"": ""scale""}",0.5094523739025018,0.47333333333333333,0.4727901356847748,0.4725530074572784,,0.20999999999999996,True,
C4,sub-009,"{""C"": 1.8329807108324356, ""gamma"": ""scale""}",0.5278507393182418,0.44333333333333336,0.4378538742476796,0.44010727891958007,,0.16500000000000004,True,
C4,sub-010,"{""C"": 11.288378916846883, ""gamma"": ""auto""}",0.4912158419478517,0.3411371237458194,0.3326979197050804,0.3313335692767185,,0.011279899286613548,True,
C4,sub-011,"{""C"": 1.2742749857031335, ""gamma"": ""scale""}",0.5274498590106607,0.37333333333333335,0.370592279102479,0.37090064762734015,,0.06000000000000005,True,
C5,sub-001,"{""C"": 69.51927961775604, ""gamma"": ""auto""}",0.5642905427556058,0.5033333333333333,0.5026999366603326,0.5021328531412564,,0.255,True,
C5,sub-002,"{""C"": 0.29763514416313175, ""gamma"": ""scale""}",0.5359951889457496,0.64,0.6358099791897779,0.643020046117853,,0.45999999999999996,True,
C5,sub-003,"{""C"": 0.14384498882876628, ""gamma"": ""scale""}",0.5533774400621855,0.4766666666666667,0.469972288515539,0.49762130551604233,,0.21499999999999997,True,
C5,sub-004,"{""C"": 33.59818286283781, ""gamma"": ""scale""}",0.5584731593046106,0.41333333333333333,0.41567806016983355,0.42069231118677947,,0.12,True,
C5,sub-005,"{""C"": 0.29763514416313175, ""gamma"": ""scale""}",0.5385623300680882,0.5566666666666666,0.5583801471125415,0.5828216659784918,,0.33499999999999996,True,
C5,sub-006,"{""C"": 5.455594781168517, ""gamma"": ""scale""}",0.5342479190567649,0.53,0.5269905217532059,0.5432367149758455,,0.29500000000000004,True,
C5,sub-007,"{""C"": 0.42813323987193935, ""gamma"": ""scale""}",0.5296795052067865,0.67,0.674108096443374,0.6890467854323276,,0.505,True,
C5,sub-008,"{""C"": 0.42813323987193935, ""gamma"": ""scale""}",0.5525914031531386,0.4533333333333333,0.42868102936692426,0.4543701712221815,,0.18000000000000005,True,
C5,sub-009,"{""C"": 0.6158482110660264, ""gamma"": ""scale""}",0.5673304221140759,0.49666666666666665,0.500115330509077,0.5078873654725048,,0.245,True,
C5,sub-010,"{""C"": 7.847599703514611, ""gamma"": ""auto""}",0.5420721730480369,0.49498327759197325,0.4962936704872189,0.5009317233154441,,0.2424283101498398,True,
C5,sub-011,"{""C"": 7.847599703514611, ""gamma"": ""auto""}",0.5660577904480344,0.34,0.3359017791138308,0.3351062842290912,,0.010000000000000009,True,
C6,sub-001,"{""C"": 1.2742749857031335, ""gamma"": ""scale""}",0.5102407861990542,0.48,0.4834627470635298,0.49205765639589166,,0.21999999999999997,True,
C6,sub-002,"{""C"": 1.2742749857031335, ""gamma"": ""scale""}",0.5164063968274495,0.5533333333333333,0.5616001248877961,0.6139439775910364,,0.32999999999999996,True,
C6,sub-003,"{""C"": 11.288378916846883, ""gamma"": ""scale""}",0.5323216780942301,0.44,0.43106684570846304,0.4393348248390265,,0.16000000000000003,True,
C6,sub-004,"{""C"": 5.455594781168517, ""gamma"": ""scale""}",0.5433983526217093,0.42333333333333334,0.4191837214772994,0.4199600385834367,,0.135,True,
C6,sub-005,"{""C"": 1.8329807108324356, ""gamma"": ""scale""}",0.5346450359044818,0.54,0.539334052042192,0.5390301827801828,,0.31000000000000005,True,
C6,sub-006,"{""C"": 1.2742749857031335, ""gamma"": ""scale""}",0.5231243400372829,0.47,0.4435544438268173,0.45148536697056746,,0.20499999999999996,True,
C6,sub-007,"{""C"": 3.79269019073225, ""gamma"": ""scale""}",0.48965021503673284,0.7166666666666667,0.7089165636742568,0.7118183623772817,,0.575,True,
C6,sub-008,"{""C"": 5.455594781168517, ""gamma"": ""scale""}",0.523070821088285,0.49666666666666665,0.4968754679082214,0.49775609168398544,,0.245,True,
C6,sub-009,"{""C"": 5.455594781168517, ""gamma"": ""scale""}",0.5408869329169307,0.44333333333333336,0.44003527336860665,0.4468311318866684,,0.16500000000000004,True,
C6,sub-010,"{""C"": 23.357214690901213, ""gamma"": ""auto""}",0.5598458891504027,0.42474916387959866,0.4242439912193985,0.4257749912922326,,0.13694032355507824,True,
C6,sub-011,"{""C"": 0.8858667904100825, ""gamma"": ""scale""}",0.5643614526841255,0.35,0.31550023475489314,0.35884637265655833,,0.025000000000000022,True,
T7,sub-001,"{""C"": 1.8329807108324356, ""gamma"": ""scale""}",0.5311245729589856,0.5366666666666666,0.5328100254768299,0.5307318467695826,,0.30500000000000005,True,
T7,sub-002,"{""C"": 0.8858667904100825, ""gamma"": ""scale""}",0.5435218906740193,0.67,0.6656092474262277,0.6732522220327098,,0.505,True,
T7,sub-003,"{""C"": 48.32930238571752, ""gamma"": ""auto""}",0.5625725512714417,0.5433333333333333,0.5365704701520041,0.5746137683846249,,0.31499999999999995,True,
T7,sub-004,"{""C"": 5.455594781168517, ""gamma"": ""auto""}",0.5703816667737205,0.49333333333333335,0.49655394524959734,0.504280240831965,,0.24,True,
T7,sub-005,"{""C"": 1.8329807108324356, ""gamma"": ""auto""}",0.5484021045964871,0.54,0.5312590296923442,0.596029295073881,,0.31000000000000005,True,
T7,sub-006,"{""C"": 0.8858667904100825, ""gamma"": ""scale""}",0.5525353991629675,0.5266666666666666,0.5268321513002364,0.5474506974506974,,0.29000000000000004,True,
T7,sub-007,"{""C"": 0.6158482110660264, ""gamma"": ""scale""}",0.5653158138972463,0.65,0.6550717525214919,0.6813833286967735,,0.475,True,
T7,sub-008,"{""C"": 1.8329807108324356, ""gamma"": ""scale""}",0.5876682248045033,0.46,0.4413422659318174,0.453171099792492,,0.18999999999999995,True,
T7,sub-009,"{""C"": 33.59818286283781, ""gamma"": ""auto""}",0.5480392458385873,0.5233333333333333,0.5241130116572174,0.5265727403782088,,0.28500000000000003,True,
T7,sub-010,"{""C"": 0.8858667904100825, ""gamma"": ""scale""}",0.5607270357896893,0.47491638795986624,0.4610264227642276,0.4812333629103816,,0.21299959763948495,True,
T7,sub-011,"{""C"": 16.23776739188721, ""gamma"": ""auto""}",0.5885878829503008,0.38333333333333336,0.3803534948747462,0.3793943934162812,,0.07500000000000018,True,
T8,sub-001,"{""C"": 1.2742749857031335, ""gamma"": ""scale""}",0.5477165555820416,0.49666666666666665,0.49613788157329175,0.5032412923979189,,0.245,True,
T8,sub-002,"{""C"": 3.79269019073225, ""gamma"": ""auto""}",0.49533420998547717,0.5633333333333334,0.5669214187732706,0.6019409099382661,,0.345,True,
T8,sub-003,"{""C"": 1.2742749857031335, ""gamma"": ""scale""}",0.5300234213710212,0.46,0.4494338356518192,0.4583522443347225,,0.18999999999999995,True,
T8,sub-004,"{""C"": 1.2742749857031335, ""gamma"": ""scale""}",0.5406289069300038,0.46,0.45789160959439595,0.4578733333874112,,0.18999999999999995,True,
T8,sub-005,"{""C"": 100.0, ""gamma"": ""auto""}",0.5477909909110407,0.5533333333333333,0.5560509316681724,0.5629423004219926,,0.32999999999999996,True,
T8,sub-006,"{""C"": 23.357214690901213, ""gamma"": ""auto""}",0.5448561193005218,0.5033333333333333,0.4949974670719352,0.4938905180840665,,0.255,True,
T8,sub-007,"{""C"": 0.8858667904100825, ""gamma"": ""scale""}",0.48858576848007784,0.68,0.6734432234432234,0.6722263283238893,,0.5199999999999999,True,
T8,sub-008,"{""C"": 2.636650898730358, ""gamma"": ""scale""}",0.548401572139144,0.45,0.4472172635799789,0.4475030477185649,,0.17500000000000004,True,
T8,sub-009,"{""C"": 11.288378916846883, ""gamma"": ""auto""}",0.5623282630292653,0.52,0.51698383792397,0.5217851037851038,,0.28,True,
T8,sub-010,"{""C"": 1.2742749857031335, ""gamma"": ""scale""}",0.5513103609939053,0.42474916387959866,0.42188302932649346,0.4272225404778394,,0.13675199328577425,True,
T8,sub-011,"{""C"": 0.8858667904100825, ""gamma"": ""scale""}",0.5472718143299625,0.3566666666666667,0.32314761874510306,0.3662148456951864,,0.03500000000000003,True,
CP1,sub-001,"{""C"": 11.288378916846883, ""gamma"": ""auto""}",0.4748796594661256,0.44,0.4397734943373584,0.43956062272893953,,0.16000000000000003,True,
CP1,sub-002,"{""C"": 7.847599703514611, ""gamma"": ""auto""}",0.4131464438208348,0.5566666666666666,0.5572470115014939,0.5694416030187307,,0.33499999999999996,True,
CP1,sub-003,"{""C"": 33.59818286283781, ""gamma"": ""auto""}",0.4829693032962388,0.35333333333333333,0.3349049009417848,0.34749440185032143,,0.030000000000000027,True,
CP1,sub-004,"{""C"": 3.79269019073225, ""gamma"": ""scale""}",0.449797719301498,0.41333333333333333,0.41283060628892304,0.41623429032630005,,0.12,True,
CP1,sub-005,"{""C"": 1.2742749857031335, ""gamma"": ""scale""}",0.46232346407243324,0.4266666666666667,0.4236288684110366,0.42341518634622083,,0.14,True,
CP1,sub-006,"{""C"": 48.32930238571752, ""gamma"": ""auto""}",0.47108830618937114,0.37666666666666665,0.37504718115279173,0.37702221342700243,,0.06499999999999995,True,
CP1,sub-007,"{""C"": 69.51927961775604, ""gamma"": ""auto""}",0.4453195612904925,0.5133333333333333,0.5146205294790717,0.5356067064506962,,0.27,True,
CP1,sub-008,"{""C"": 0.6158482110660264, ""gamma"": ""scale""}",0.4642405608674971,0.4033333333333333,0.3888930116481692,0.3897751554001554,,0.10499999999999987,True,
CP1,sub-009,"{""C"": 0.8858667904100825, ""gamma"": ""scale""}",0.46903850616284437,0.36,0.3537355199874515,0.35593302891933026,,0.040000000000000036,True,
CP1,sub-010,"{""C"": 48.32930238571752, ""gamma"": ""auto""}",0.4655497756759465,0.38461538461538464,0.3814149591027911,0.3839572192513369,,0.07695921346240964,True,
CP1,sub-011,"{""C"": 1.2742749857031335, ""gamma"": ""scale""}",0.4827564102564103,0.2966666666666667,0.2949079965147337,0.2945013979496738,,-0.05499999999999994,True,
CP2,sub-001,"{""C"": 3.79269019073225, ""gamma"": ""scale""}",0.4546763158255993,0.3566666666666667,0.35888333845765047,0.36700417989650247,,0.03500000000000003,True,
CP2,sub-002,"{""C"": 5.455594781168517, ""gamma"": ""scale""}",0.4449636162275425,0.4766666666666667,0.46816107146004055,0.49804120229652143,,0.21499999999999997,True,
CP2,sub-003,"{""C"": 16.23776739188721, ""gamma"": ""auto""}",0.4455937073443658,0.48,0.4744339253685048,0.47607655502392343,,0.21999999999999997,True,
CP2,sub-004,"{""C"": 5.455594781168517, ""gamma"": ""scale""}",0.4485641366413977,0.4033333333333333,0.3991705177794316,0.40685035075977294,,0.10499999999999998,True,
CP2,sub-005,"{""C"": 5.455594781168517, ""gamma"": ""scale""}",0.4629959620162684,0.33666666666666667,0.22019887292520146,0.3193385267186005,,0.004999999999999893,True,
CP2,sub-006,"{""C"": 2.636650898730358, ""gamma"": ""scale""}",0.45102591738151415,0.4166666666666667,0.4166341471989312,0.4191089263420724,,0.125,True,
CP2,sub-007,"{""C"": 100.0, ""gamma"": ""scale""}",0.46632523693317807,0.3333333333333333,0.3320136059278945,0.3364602876797999,,0.0,True,
CP2,sub-008,"{""C"": 100.0, ""gamma"": ""auto""}",0.43662001481350865,0.44,0.4389957264957265,0.43891572732152445,,0.16000000000000003,True,
CP2,sub-009,"{""C"": 69.51927961775604, ""gamma"": ""auto""}",0.44707609474766336,0.41333333333333333,0.4132541877297305,0.4133477252033953,,0.12,True,
CP2,sub-010,"{""C"": 3.79269019073225, ""gamma"": ""scale""}",0.44349646331399756,0.40468227424749165,0.3946099049316105,0.4318163694070806,,0.1063236726332405,True,
CP2,sub-011,"{""C"": 11.288378916846883, ""gamma"": ""auto""}",0.4458045037935194,0.3233333333333333,0.3217792442573419,0.32495959595959595,,-0.014999999999999902,True,
CP3,sub-001,"{""C"": 0.29763514416313175, ""gamma"": ""scale""}",0.5251845122812865,0.4533333333333333,0.45028579860484735,0.4635780530921196,,0.18000000000000005,True,
CP3,sub-002,"{""C"": 23.357214690901213, ""gamma"": ""scale""}",0.47832445717327826,0.5666666666666667,0.5672130230383193,0.5691679268743489,,0.35,True,
CP3,sub-003,"{""C"": 1.2742749857031335, ""gamma"": ""scale""}",0.5064844775540212,0.44666666666666666,0.44379781074341745,0.4613397743343786,,0.17000000000000015,True,
CP3,sub-004,"{""C"": 3.79269019073225, ""gamma"": ""scale""}",0.4943954654840164,0.5133333333333333,0.5127688670886288,0.5140967498110355,,0.27,True,
CP3,sub-005,"{""C"": 0.8858667904100825, ""gamma"": ""scale""}",0.5460045789502747,0.38,0.37793951703904316,0.37724972163174414,,0.07000000000000017,True,
CP3,sub-006,"{""C"": 100.0, ""gamma"": ""auto""}",0.5218459227542573,0.44,0.4371884634898333,0.46399999999999997,,0.16000000000000003,True,
CP3,sub-007,"{""C"": 11.288378916846883, ""gamma"": ""auto""}",0.4732412823986634,0.5633333333333334,0.5578293125462936,0.5961495432888467,,0.345,True,
CP3,sub-008,"{""C"": 3.79269019073225, ""gamma"": ""scale""}",0.5299587390291722,0.43666666666666665,0.42223947550034513,0.4264180264180264,,0.15500000000000003,True,
CP3,sub-009,"{""C"": 3.79269019073225, ""gamma"": ""scale""}",0.526705062787537,0.44,0.4401994483863872,0.44049932585738866,,0.16000000000000003,True,
CP3,sub-010,"{""C"": 1.8329807108324356, ""gamma"": ""scale""}",0.48965490189874866,0.43478260869565216,0.42732469134033674,0.4471918432444748,,0.15175169125916987,True,
CP3,sub-011,"{""C"": 23.357214690901213, ""gamma"": ""auto""}",0.5188035602633418,0.30333333333333334,0.29815198139894067,0.2955665396629252,,-0.04499999999999993,True,
CP4,sub-001,"{""C"": 5.455594781168517, ""gamma"": ""auto""}",0.5622000227125074,0.41333333333333333,0.41098306395110046,0.412357224277107,,0.12,True,
CP4,sub-002,"{""C"": 11.288378916846883, ""gamma"": ""auto""}",0.46454800620120845,0.7366666666666667,0.7396021775776574,0.7499924318106137,,0.605,True,
CP4,sub-003,"{""C"": 0.8858667904100825, ""gamma"": ""scale""}",0.5184474387467771,0.49333333333333335,0.48989367236839554,0.49115543199097894,,0.23999999999999988,True,
CP4,sub-004,"{""C"": 1.8329807108324356, ""gamma"": ""scale""}",0.4883515450394915,0.5233333333333333,0.5212209817472976,0.5225741015203417,,0.28500000000000003,True,
CP4,sub-005,"{""C"": 0.8858667904100825, ""gamma"": ""scale""}",0.5068619788683278,0.38666666666666666,0.31331937903366475,0.4288888888888889,,0.07999999999999996,True,
CP4,sub-006,"{""C"": 1.2742749857031335, ""gamma"": ""scale""}",0.5302837291451953,0.4666666666666667,0.4655849145310407,0.4669071155949756,,0.19999999999999996,True,
CP4,sub-007,"{""C"": 7.847599703514611, ""gamma"": ""auto""}",0.4987354670161139,0.5,0.49686962504299964,0.5153439153439153,,0.25,True,
CP4,sub-008,"{""C"": 23.357214690901213, ""gamma"": ""auto""}",0.5017468426794852,0.5633333333333334,0.5582183653410335,0.5664626420118979,,0.345,True,
CP4,sub-009,"{""C"": 5.455594781168517, ""gamma"": ""scale""}",0.5358185803907292,0.4633333333333333,0.46361058995205334,0.46427736006683373,,0.19499999999999995,True,
CP4,sub-010,"{""C"": 2.636650898730358, ""gamma"": ""scale""}",0.5191954044123454,0.45819397993311034,0.4520836802357053,0.4506563525550867,,0.18740458655572145,True,
CP4,sub-011,"{""C"": 23.357214690901213, ""gamma"": ""scale""}",0.5185920365189415,0.30333333333333334,0.2810764447903921,0.3041300435292148,,-0.04499999999999993,True,
CP5,sub-001,"{""C"": 11.288378916846883, ""gamma"": ""scale""}",0.5365327230030368,0.46,0.4597989798979898,0.45966253167933835,,0.18999999999999995,True,
CP5,sub-002,"{""C"": 7.847599703514611, ""gamma"": ""auto""}",0.5155491020864271,0.65,0.6459924560754842,0.660641989589358,,0.475,True,
CP5,sub-003,"{""C"": 1.2742749857031335, ""gamma"": ""scale""}",0.583234800626105,0.49,0.4869741743688079,0.504171082307546,,0.235,True,
CP5,sub-004,"{""C"": 0.8858667904100825, ""gamma"": ""scale""}",0.5256420821705595,0.5333333333333333,0.535631605528092,0.541720977998973,,0.30000000000000004,True,
CP5,sub-005,"{""C"": 0.20691380811147894, ""gamma"": ""scale""}",0.5289794407677327,0.5,0.49851032530771094,0.5223741713269879,,0.25,True,
CP5,sub-006,"{""C"": 7.847599703514611, ""gamma"": ""scale""}",0.548540068016335,0.47,0.47060710511640985,0.4925551501638458,,0.20499999999999996,True,
CP5,sub-007,"{""C"": 2.636650898730358, ""gamma"": ""scale""}",0.526607059850146,0.57,0.5648909852997854,0.6071773636991028,,0.355,True,
CP5,sub-008,"{""C"": 1.2742749857031335, ""gamma"": ""scale""}",0.5422529245250388,0.48,0.46722179359750515,0.47284370891409017,,0.22000000000000008,True,
CP5,sub-009,"{""C"": 0.8858667904100825, ""gamma"": ""scale""}",0.5449998020690411,0.45666666666666667,0.4584227785284692,0.46243814664867294,,0.18500000000000005,True,
CP5,sub-010,"{""C"": 33.59818286283781, ""gamma"": ""auto""}",0.5390045822615798,0.44816053511705684,0.44676054203434434,0.446742837914315,,0.17217598496543385,True,
CP5,sub-011,"{""C"": 16.23776739188721, ""gamma"": ""auto""}",0.5418714056713103,0.3566666666666667,0.3551368409104955,0.35881010881010883,,0.03500000000000014,True,
CP6,sub-001,"{""C"": 7.847599703514611, ""gamma"": ""scale""}",0.5387081442102776,0.4266666666666667,0.4322305376726252,0.444681861348528,,0.14,True,
CP6,sub-002,"{""C"": 3.79269019073225, ""gamma"": ""scale""}",0.49176280568956326,0.6433333333333333,0.6495901092255149,0.686054502772769,,0.46499999999999997,True,
CP6,sub-003,"{""C"": 1.2742749857031335, ""gamma"": ""scale""}",0.5180871005570818,0.47333333333333333,0.45710707947404255,0.4571500532130453,,0.20999999999999996,True,
CP6,sub-004,"{""C"": 16.23776739188721, ""gamma"": ""scale""}",0.5190855592450112,0.5066666666666667,0.5051931539196213,0.5067666775226619,,0.26,True,
CP6,sub-005,"{""C"": 0.8858667904100825, ""gamma"": ""scale""}",0.5434487982258009,0.3433333333333333,0.26035045235933135,0.35185185185185186,,0.015000000000000013,True,
CP6,sub-006,"{""C"": 1.2742749857031335, ""gamma"": ""scale""}",0.5318732925100927,0.4633333333333333,0.46465278614558647,0.46834190431665884,,0.19499999999999995,True,
CP6,sub-007,"{""C"": 33.59818286283781, ""gamma"": ""auto""}",0.5085802159432526,0.30333333333333334,0.29830618667592107,0.32274923144488366,,-0.04499999999999993,True,
CP6,sub-008,"{""C"": 0.42813323987193935, ""gamma"": ""scale""}",0.5217866371354744,0.49666666666666665,0.4836024802181982,0.5078587951959945,,0.245,True,
CP6,sub-009,"{""C"": 0.6158482110660264, ""gamma"": ""scale""}",0.5237345257082099,0.5,0.49743379743379745,0.5019111743057879,,0.25,True,
CP6,sub-010,"{""C"": 1.8329807108324356, ""gamma"": ""scale""}",0.5196010599238573,0.5050167224080268,0.5038564967607871,0.5083786175176754,,0.25729247088046725,True,
CP6,sub-011,"{""C"": 0.8858667904100825, ""gamma"": ""scale""}",0.5249352119609693,0.38,0.3341724785942699,0.4346645890914937,,0.06999999999999995,True,
TP7,sub-001,"{""C"": 1.2742749857031335, ""gamma"": ""scale""}",0.5425804937951443,0.4666666666666667,0.4657743117712869,0.4653890778021861,,0.19999999999999996,True,
TP7,sub-002,"{""C"": 3.79269019073225, ""gamma"": ""scale""}",0.5465983775216255,0.6533333333333333,0.646838751070164,0.6584501733755465,,0.48,True,
TP7,sub-003,"{""C"": 1.8329807108324356, ""gamma"": ""scale""}",0.5169887652185791,0.5166666666666667,0.5134399010442684,0.5327328683493068,,0.2749999999999999,True,
TP7,sub-004,"{""C"": 16.23776739188721, ""gamma"": ""scale""}",0.5440180996461024,0.48333333333333334,0.4868018610027627,0.49463057055691745,,0.22499999999999998,True,
TP7,sub-005,"{""C"": 2.636650898730358, ""gamma"": ""auto""}",0.5308614970865083,0.46,0.4486962418426466,0.4947794779477948,,0.18999999999999995,True,
TP7,sub-006,"{""C"": 23.357214690901213, ""gamma"": ""scale""}",0.5697483241311971,0.4666666666666667,0.46072795471007505,0.477215532122876,,0.19999999999999996,True,
TP7,sub-007,"{""C"": 48.32930238571752, ""gamma"": ""auto""}",0.5176061096508805,0.5366666666666666,0.5299714724599517,0.5668547544409613,,0.30500000000000005,True,
TP7,sub-008,"{""C"": 3.79269019073225, ""gamma"": ""scale""}",0.5776307138346012,0.49,0.4797039356238499,0.4941731422565084,,0.2350000000000001,True,
TP7,sub-009,"{""C"": 3.79269019073225, ""gamma"": ""scale""}",0.553203324641448,0.46,0.46068528421469596,0.4615384615384615,,0.18999999999999995,True,
TP7,sub-010,"{""C"": 48.32930238571752, ""gamma"": ""auto""}",0.535693699752025,0.47491638795986624,0.47354415645245806,0.4733482642777156,,0.21251111372062204,True,
TP7,sub-011,"{""C"": 0.20691380811147894, ""gamma"": ""scale""}",0.5478265412712197,0.32666666666666666,0.27379802238177836,0.3336847456665897,,-0.010000000000000231,True,
TP8,sub-001,"{""C"": 1.8329807108324356, ""gamma"": ""scale""}",0.5368487535117693,0.48333333333333334,0.4880260577483629,0.4994569324580525,,0.22499999999999998,True,
TP8,sub-002,"{""C"": 5.455594781168517, ""gamma"": ""auto""}",0.46907216494845355,0.6333333333333333,0.6307877910106391,0.6609505077051069,,0.44999999999999996,True,
TP8,sub-003,"{""C"": 69.51927961775604, ""gamma"": ""auto""}",0.5330016348895369,0.42333333333333334,0.42236870901944307,0.4216464443041737,,0.13500000000000012,True,
TP8,sub-004,"{""C"": 16.23776739188721, ""gamma"": ""auto""}",0.55218119396631,0.48333333333333334,0.48145435167873013,0.4851863727731289,,0.22499999999999998,True,
TP8,sub-005,"{""C"": 1.2742749857031335, ""gamma"": ""scale""}",0.5261567406339525,0.37,0.31443801908569524,0.42594207110336146,,0.05500000000000005,True,
TP8,sub-006,"{""C"": 2.636650898730358, ""gamma"": ""scale""}",0.542229599746454,0.4766666666666667,0.4775352786815011,0.4808944989870656,,0.21499999999999997,True,
TP8,sub-007,"{""C"": 0.20691380811147894, ""gamma"": ""scale""}",0.5104084060269627,0.44333333333333336,0.44796648709692183,0.4619361230497288,,0.16500000000000004,True,
TP8,sub-008,"{""C"": 0.8858667904100825, ""gamma"": ""scale""}",0.5084530805193733,0.45,0.43507404236716996,0.4537961073360594,,0.17500000000000004,True,
TP8,sub-009,"{""C"": 1.8329807108324356, ""gamma"": ""scale""}",0.5183463709779499,0.49,0.48664608664608666,0.48844169246646024,,0.235,True,
TP8,sub-010,"{""C"": 2.636650898730358, ""gamma"": ""scale""}",0.5138857063909089,0.43812709030100333,0.43553024351992714,0.4528786911155933,,0.1566576565988953,True,
TP8,sub-011,"{""C"": 1.8329807108324356, ""gamma"": ""scale""}",0.5165509585014229,0.37,0.3584941155939487,0.3703878199364623,,0.05500000000000005,True,
Pz,sub-001,"{""C"": 1.8329807108324356, ""gamma"": ""scale""}",0.4906097532658638,0.49666666666666665,0.4953866042185518,0.5149092754726557,,0.245,True,
Pz,sub-002,"{""C"": 69.51927961775604, ""gamma"": ""auto""}",0.5025816104119377,0.3333333333333333,0.16666666666666666,0.1111111111111111,,0.0,True,
Pz,sub-003,"{""C"": 1.8329807108324356, ""gamma"": ""scale""}",0.46395175018866136,0.5366666666666666,0.5343602909713309,0.5333333333333333,,0.30500000000000005,True,
Pz,sub-004,"{""C"": 33.59818286283781, ""gamma"": ""auto""}",0.5123120684329971,0.6,0.6001930881605374,0.6004057072373904,,0.4,True,
Pz,sub-005,"{""C"": 7.847599703514611, ""gamma"": ""scale""}",0.46659912813900656,0.51,0.5102745669755979,0.5114129182011654,,0.265,True,
Pz,sub-006,"{""C"": 2.636650898730358, ""gamma"": ""auto""}",0.5011956809756252,0.4866666666666667,0.48573975044563283,0.48712507131520105,,0.22999999999999998,True,
Pz,sub-007,"{""C"": 3.79269019073225, ""gamma"": ""auto""}",0.5128382892559435,0.33666666666666667,0.1736850376767,0.44481605351170567,,0.0050000000000000044,True,
Pz,sub-008,"{""C"": 2.636650898730358, ""gamma"": ""auto""}",0.4754949589561421,0.5066666666666667,0.5015746133932829,0.509168210381025,,0.26,True,
Pz,sub-009,"{""C"": 7.847599703514611, ""gamma"": ""auto""}",0.5043489721327102,0.5466666666666666,0.5359583305075515,0.544079158209593,,0.31999999999999995,True,
Pz,sub-010,"{""C"": 1.2742749857031335, ""gamma"": ""scale""}",0.500155070653638,0.45484949832775917,0.4514485650348563,0.48394399948232714,,0.18163347550122588,True,
Pz,sub-011,"{""C"": 11.288378916846883, ""gamma"": ""auto""}",0.5387743643024471,0.34,0.3349667248506221,0.3503852970145105,,0.010000000000000009,True,
P3,sub-001,"{""C"": 16.23776739188721, ""gamma"": ""auto""}",0.5315907926188242,0.45666666666666667,0.4581478336762206,0.46873487979994405,,0.18500000000000005,True,
P3,sub-002,"{""C"": 0.42813323987193935, ""gamma"": ""scale""}",0.5581836717131264,0.75,0.7448174865759071,0.7487180818475405,,0.625,True,
P3,sub-003,"{""C"": 2.636650898730358, ""gamma"": ""auto""}",0.5015578894672094,0.59,0.5890246637669317,0.5890706164262396,,0.3849999999999999,True,
P3,sub-004,"{""C"": 7.847599703514611, ""gamma"": ""scale""}",0.5549495534758347,0.6233333333333333,0.6204845790981687,0.6224652053599421,,0.43500000000000005,True,
P3,sub-005,"{""C"": 5.455594781168517, ""gamma"": ""scale""}",0.5432327017491615,0.5133333333333333,0.5096135801873388,0.5093101343101344,,0.27,True,
P3,sub-006,"{""C"": 0.6158482110660264, ""gamma"": ""scale""}",0.5712772050400915,0.42,0.40581182126098964,0.4404836434360888,,0.13,True,
P3,sub-007,"{""C"": 0.8858667904100825, ""gamma"": ""scale""}",0.5443568581911196,0.54,0.5258341270368647,0.6531443036984909,,0.31000000000000005,True,
P3,sub-008,"{""C"": 0.6158482110660264, ""gamma"": ""scale""}",0.5503713806345881,0.5,0.49158156333594927,0.49080424619494534,,0.25,True,
P3,sub-009,"{""C"": 69.51927961775604, ""gamma"": ""auto""}",0.5796263924981723,0.48333333333333334,0.480315634521242,0.4816757732354651,,0.22499999999999998,True,
P3,sub-010,"{""C"": 2.636650898730358, ""gamma"": ""auto""}",0.5629957251080416,0.5351170568561873,0.5341697141475724,0.5433456008216364,,0.3025858741798534,True,
P3,sub-011,"{""C"": 3.79269019073225, ""gamma"": ""scale""}",0.5572095504868614,0.33666666666666667,0.3341208761218586,0.3341311360970915,,0.0050000000000000044,True,
P4,sub-001,"{""C"": 1.2742749857031335, ""gamma"": ""scale""}",0.5912584300228474,0.5466666666666666,0.5473661348704025,0.5484414920797139,,0.31999999999999995,True,
P4,sub-002,"{""C"": 0.42813323987193935, ""gamma"": ""scale""}",0.5558166831839786,0.73,0.7355555555555556,0.7739367816091954,,0.595,True,
P4,sub-003,"{""C"": 48.32930238571752, ""gamma"": ""auto""}",0.5849385158250989,0.6266666666666667,0.6289405882944185,0.6336743129372149,,0.43999999999999995,True,
P4,sub-004,"{""C"": 33.59818286283781, ""gamma"": ""auto""}",0.5810559047926068,0.6066666666666667,0.6012336093857833,0.6041318818317416,,0.41000000000000003,True,
P4,sub-005,"{""C"": 16.23776739188721, ""gamma"": ""auto""}",0.6158105567183869,0.55,0.5462252632063953,0.609645053279468,,0.32499999999999996,True,
P4,sub-006,"{""C"": 1.2742749857031335, ""gamma"": ""scale""}",0.5970250835059973,0.49333333333333335,0.4891631348544256,0.4956431415546194,,0.24,True,
P4,sub-007,"{""C"": 1.2742749857031335, ""gamma"": ""scale""}",0.6072257480326101,0.4,0.36353249136506155,0.42889963605548126,,0.09999999999999998,True,
P4,sub-008,"{""C"": 0.8858667904100825, ""gamma"": ""scale""}",0.5852937643879491,0.56,0.5538002244441461,0.5573318876584277,,0.33999999999999997,True,
P4,sub-009,"{""C"": 23.357214690901213, ""gamma"": ""auto""}",0.5944315918000128,0.6666666666666666,0.6615351471260856,0.66521947509351,,0.5,True,
P4,sub-010,"{""C"": 1.8329807108324356, ""gamma"": ""scale""}",0.6247529325514961,0.44481605351170567,0.44620291966560166,0.45913224202697894,,0.16692123063495523,True,
P4,sub-011,"{""C"": 1.8329807108324356, ""gamma"": ""scale""}",0.6103674201915158,0.36666666666666664,0.3589399809391689,0.38265669515669515,,0.050000000000000044,True,
P5,sub-001,"{""C"": 33.59818286283781, ""gamma"": ""auto""}",0.5213805628566625,0.44,0.43402358589949563,0.44782473818769186,,0.16000000000000003,True,
P5,sub-002,"{""C"": 7.847599703514611, ""gamma"": ""scale""}",0.49223556949457886,0.74,0.7375981318076518,0.7383707928554971,,0.61,True,
P5,sub-003,"{""C"": 48.32930238571752, ""gamma"": ""scale""}",0.5206756932774376,0.5266666666666666,0.5271337003141291,0.5332033788174139,,0.29000000000000004,True,
P5,sub-004,"{""C"": 33.59818286283781, ""gamma"": ""auto""}",0.555874982817988,0.5933333333333334,0.5921114327673606,0.5940968094797836,,0.39,True,
P5,sub-005,"{""C"": 100.0, ""gamma"": ""auto""}",0.54287415112511,0.5466666666666666,0.5471782647113045,0.5602467548699269,,0.31999999999999995,True,
P5,sub-006,"{""C"": 2.636650898730358, ""gamma"": ""auto""}",0.5573529444897555,0.3933333333333333,0.39036697403156334,0.4099999134213445,,0.08999999999999997,True,
P5,sub-007,"{""C"": 1.2742749857031335, ""gamma"": ""scale""}",0.5715073816570263,0.3433333333333333,0.241140936716158,0.41455225965029885,,0.015000000000000013,True,
P5,sub-008,"{""C"": 16.23776739188721, ""gamma"": ""scale""}",0.491889466796696,0.5166666666666667,0.503215387876371,0.5069994343891403,,0.275,True,
P5,sub-009,"{""C"": 1.8329807108324356, ""gamma"": ""scale""}",0.5386347066054878,0.44666666666666666,0.4430839084904597,0.44659776055124895,,0.17000000000000004,True,
P5,sub-010,"{""C"": 100.0, ""gamma"": ""auto""}",0.5367328750239494,0.5217391304347826,0.5187346437346437,0.5249450003548364,,0.2823357615227098,True,
P5,sub-011,"{""C"": 3.79269019073225, ""gamma"": ""auto""}",0.5655078067366192,0.3566666666666667,0.3554029304029304,0.3572486381429471,,0.03500000000000003,True,
P6,sub-001,"{""C"": 33.59818286283781, ""gamma"": ""scale""}",0.5999957142794577,0.5133333333333333,0.5120946771489,0.5184593925445479,,0.27,True,
P6,sub-002,"{""C"": 11.288378916846883, ""gamma"": ""scale""}",0.5539852970276042,0.7333333333333333,0.7368583345505298,0.7532693001443002,,0.6,True,
P6,sub-003,"{""C"": 7.847599703514611, ""gamma"": ""scale""}",0.5718405586207626,0.55,0.5499219317945775,0.5550134450252039,,0.32499999999999996,True,
P6,sub-004,"{""C"": 23.357214690901213, ""gamma"": ""scale""}",0.5764559958108345,0.6033333333333334,0.5994357994357994,0.6040119326419092,,0.405,True,
P6,sub-005,"{""C"": 23.357214690901213, ""gamma"": ""auto""}",0.577226433581182,0.5266666666666666,0.5278016417485109,0.5578946542361177,,0.29000000000000004,True,
P6,sub-006,"{""C"": 3.79269019073225, ""gamma"": ""scale""}",0.6034507119161857,0.47333333333333333,0.46870444478324,0.48309535476984616,,0.20999999999999996,True,
P6,sub-007,"{""C"": 7.847599703514611, ""gamma"": ""auto""}",0.6150508351488743,0.38666666666666666,0.3147020755657189,0.43469942423917324,,0.07999999999999996,True,
P6,sub-008,"{""C"": 1.2742749857031335, ""gamma"": ""scale""}",0.5925457468101913,0.6133333333333333,0.6054765540660573,0.6182424135471584,,0.42000000000000004,True,
P6,sub-009,"{""C"": 0.8858667904100825, ""gamma"": ""scale""}",0.5694401689621219,0.6733333333333333,0.6711894640100325,0.6744684661040349,,0.51,True,
P6,sub-010,"{""C"": 11.288378916846883, ""gamma"": ""auto""}",0.592383844632589,0.4983277591973244,0.5009978120266404,0.5046808441303855,,0.2473821989528795,True,
P6,sub-011,"{""C"": 0.20691380811147894, ""gamma"": ""scale""}",0.6037221314386573,0.3466666666666667,0.2854395154546924,0.4208166860666311,,0.020000000000000018,True,
P7,sub-001,"{""C"": 7.847599703514611, ""gamma"": ""auto""}",0.5484333935436254,0.42,0.4209527684004124,0.4274965072877787,,0.13,True,
P7,sub-002,"{""C"": 100.0, ""gamma"": ""scale""}",0.5297551014931018,0.7166666666666667,0.710994697507446,0.7134882869060085,,0.575,True,
P7,sub-003,"{""C"": 0.09999999999999999, ""gamma"": ""scale""}",0.5572683067608892,0.5433333333333333,0.5438279425274244,0.5448610977396959,,0.31499999999999995,True,
P7,sub-004,"{""C"": 1.2742749857031335, ""gamma"": ""scale""}",0.5395503196737369,0.6033333333333334,0.6025899833628208,0.6034210869194367,,0.405,True,
P7,sub-005,"{""C"": 100.0, ""gamma"": ""scale""}",0.552974197912966,0.52,0.5192191136099097,0.5288440340523675,,0.2799999999999999,True,
P7,sub-006,"{""C"": 3.79269019073225, ""gamma"": ""scale""}",0.5701500186739582,0.37,0.3643221003134796,0.36863486119779026,,0.05500000000000005,True,
P7,sub-007,"{""C"": 23.357214690901213, ""gamma"": ""scale""}",0.5651697826075727,0.5266666666666666,0.509644144421709,0.643557063076027,,0.29000000000000004,True,
P7,sub-008,"{""C"": 1.2742749857031335, ""gamma"": ""scale""}",0.5300961851294036,0.5166666666666667,0.5084141927137097,0.5240694789081886,,0.275,True,
P7,sub-009,"{""C"": 69.51927961775604, ""gamma"": ""auto""}",0.5259134838440791,0.43666666666666665,0.42904676072679054,0.42964098306564064,,0.15500000000000003,True,
P7,sub-010,"{""C"": 69.51927961775604, ""gamma"": ""auto""}",0.5216004799514656,0.5752508361204013,0.5755878173993495,0.5783170832207696,,0.362794287919722,True,
P7,sub-011,"{""C"": 0.14384498882876628, ""gamma"": ""scale""}",0.582729044834308,0.35333333333333333,0.30407064844826254,0.38088854999404914,,0.030000000000000027,True,
P8,sub-001,"{""C"": 16.23776739188721, ""gamma"": ""scale""}",0.5724158105126396,0.4066666666666667,0.40931692073650455,0.4146974681345406,,0.10999999999999999,True,
P8,sub-002,"{""C"": 100.0, ""gamma"": ""auto""}",0.5240176328706111,0.77,0.7683350617688264,0.7726016225177098,,0.655,True,
P8,sub-003,"{""C"": 100.0, ""gamma"": ""auto""}",0.5757284826141315,0.49,0.49253561253561245,0.503578947368421,,0.235,True,
P8,sub-004,"{""C"": 7.847599703514611, ""gamma"": ""scale""}",0.5280628188728902,0.59,0.5827597509013439,0.5870032223415681,,0.3849999999999999,True,
P8,sub-005,"{""C"": 48.32930238571752, ""gamma"": ""auto""}",0.5691737129875148,0.5333333333333333,0.532210659113948,0.5354642782553916,,0.30000000000000004,True,
P8,sub-006,"{""C"": 48.32930238571752, ""gamma"": ""auto""}",0.5749407816983222,0.45666666666666667,0.4567112055876101,0.46455793750875723,,0.18500000000000005,True,
P8,sub-007,"{""C"": 5.455594781168517, ""gamma"": ""scale""}",0.574306460361015,0.4666666666666667,0.46597224746036936,0.471049877921172,,0.19999999999999996,True,
P8,sub-008,"{""C"": 1.2742749857031335, ""gamma"": ""scale""}",0.5609401099680441,0.59,0.5845012100952758,0.5890276613168179,,0.385,True,
P8,sub-009,"{""C"": 48.32930238571752, ""gamma"": ""auto""}",0.5702163120299141,0.6133333333333333,0.6067893451260592,0.6127489406177931,,0.42000000000000004,True,
P8,sub-010,"{""C"": 2.636650898730358, ""gamma"": ""auto""}",0.5519855164589238,0.5016722408026756,0.5013194690614045,0.5048267589102435,,0.2523494663355037,True,
P8,sub-011,"{""C"": 2.636650898730358, ""gamma"": ""scale""}",0.600077500484378,0.38,0.3625,0.4000000000000001,,0.06999999999999995,True,
POz,sub-001,"{""C"": 3.79269019073225, ""gamma"": ""scale""}",0.555149161408307,0.5066666666666667,0.507102214232971,0.5077399690801753,,0.26,True,
POz,sub-002,"{""C"": 1.8329807108324356, ""gamma"": ""scale""}",0.49650472106431187,0.7533333333333333,0.7473593073593073,0.755506508205999,,0.63,True,
POz,sub-003,"{""C"": 16.23776739188721, ""gamma"": ""scale""}",0.5279462625378891,0.5733333333333334,0.5747236220805402,0.5882464205795038,,0.36,True,
POz,sub-004,"{""C"": 1.2742749857031335, ""gamma"": ""scale""}",0.5659856891457412,0.62,0.618377216774637,0.618642494678329,,0.43000000000000005,True,
POz,sub-005,"{""C"": 3.79269019073225, ""gamma"": ""auto""}",0.582139361687791,0.52,0.5226734188184637,0.5524006704130928,,0.28,True,
POz,sub-006,"{""C"": 7.847599703514611, ""gamma"": ""scale""}",0.5868653587542758,0.35333333333333333,0.3511691865146973,0.358664337611706,,0.030000000000000027,True,
POz,sub-007,"{""C"": 0.6158482110660264, ""gamma"": ""scale""}",0.5686624757882899,0.33666666666666667,0.18009704721674014,0.38964218455743876,,0.004999999999999893,True,
POz,sub-008,"{""C"": 33.59818286283781, ""gamma"": ""auto""}",0.531040036145212,0.5466666666666666,0.5423360025049833,0.5419389610114774,,0.31999999999999995,True,
POz,sub-009,"{""C"": 0.6158482110660264, ""gamma"": ""scale""}",0.5573790650766127,0.59,0.5919446730801595,0.595512309622052,,0.385,True,
POz,sub-010,"{""C"": 0.09999999999999999, ""gamma"": ""scale""}",0.5605328842708309,0.5016722408026756,0.48313809108248035,0.5489248879079387,,0.251947746658607,True,
POz,sub-011,"{""C"": 0.42813323987193935, ""gamma"": ""scale""}",0.5651334440755699,0.37,0.3366211587274206,0.4104938271604938,,0.05500000000000005,True,
PO3,sub-001,"{""C"": 48.32930238571752, ""gamma"": ""auto""}",0.5547497939311271,0.4633333333333333,0.4633116057601184,0.46661365680914685,,0.19499999999999995,True,
PO3,sub-002,"{""C"": 2.636650898730358, ""gamma"": ""scale""}",0.5236938944401223,0.7366666666666667,0.7280707263566931,0.7364967020015958,,0.605,True,
PO3,sub-003,"{""C"": 3.79269019073225, ""gamma"": ""scale""}",0.5713345156606805,0.5833333333333334,0.5854856521016601,0.5915730581678857,,0.375,True,
PO3,sub-004,"{""C"": 7.847599703514611, ""gamma"": ""scale""}",0.5317385551335795,0.65,0.6474389684939288,0.6479870264982625,,0.475,True,
PO3,sub-005,"{""C"": 100.0, ""gamma"": ""auto""}",0.5504848826295308,0.4766666666666667,0.47914638802492443,0.48572574846697886,,0.21499999999999997,True,
PO3,sub-006,"{""C"": 16.23776739188721, ""gamma"": ""scale""}",0.621478184469489,0.39,0.3884841363102233,0.3950226244343891,,0.08499999999999996,True,
PO3,sub-007,"{""C"": 5.455594781168517, ""gamma"": ""scale""}",0.5429319698197917,0.48333333333333334,0.45318243647734663,0.6164378664378666,,0.22499999999999998,True,
PO3,sub-008,"{""C"": 5.455594781168517, ""gamma"": ""scale""}",0.5548337238058051,0.58,0.5723842797018538,0.5751887519342164,,0.37,True,
PO3,sub-009,"{""C"": 0.8858667904100825, ""gamma"": ""scale""}",0.544664685060776,0.5433333333333333,0.5415036318195875,0.5418858184026724,,0.31500000000000006,True,
PO3,sub-010,"{""C"": 1.8329807108324356, ""gamma"": ""scale""}",0.5382969517481079,0.5351170568561873,0.5335527916830466,0.5429391719659771,,0.30238686719484353,True,
PO3,sub-011,"{""C"": 0.8858667904100825, ""gamma"": ""scale""}",0.567525791316947,0.36333333333333334,0.3288394110101851,0.3863998666724635,,0.04500000000000004,True,
PO4,sub-001,"{""C"": 48.32930238571752, ""gamma"": ""auto""}",0.5630420155654088,0.5366666666666666,0.5351487259867979,0.5347069597069597,,0.30499999999999994,True,
PO4,sub-002,"{""C"": 48.32930238571752, ""gamma"": ""scale""}",0.5091008034948908,0.6933333333333334,0.697240340131733,0.7231851969467086,,0.54,True,
PO4,sub-003,"{""C"": 1.8329807108324356, ""gamma"": ""scale""}",0.5416512038245297,0.45666666666666667,0.454504928897241,0.46312451230948753,,0.18500000000000005,True,
PO4,sub-004,"{""C"": 0.6158482110660264, ""gamma"": ""scale""}",0.5624322727318251,0.62,0.6081335921073913,0.6125381227936092,,0.43000000000000005,True,
PO4,sub-005,"{""C"": 0.6158482110660264, ""gamma"": ""scale""}",0.5414006778426821,0.5566666666666666,0.5566793347074062,0.5568157634731837,,0.33499999999999996,True,
PO4,sub-006,"{""C"": 7.847599703514611, ""gamma"": ""scale""}",0.5616806897789649,0.35333333333333333,0.34758997090792243,0.35322093378987374,,0.030000000000000027,True,
PO4,sub-007,"{""C"": 1.8329807108324356, ""gamma"": ""scale""}",0.5768558522518918,0.3933333333333333,0.3527925934705595,0.3913548900045524,,0.08999999999999997,True,
PO4,sub-008,"{""C"": 1.2742749857031335, ""gamma"": ""scale""}",0.5822739660197312,0.5033333333333333,0.4913735416484828,0.492848074420118,,0.255,True,
PO4,sub-009,"{""C"": 7.847599703514611, ""gamma"": ""scale""}",0.5263432986542022,0.65,0.6413844622565458,0.6440266353309831,,0.4750000000000001,True,
PO4,sub-010,"{""C"": 0.42813323987193935, ""gamma"": ""scale""}",0.5534143527491643,0.45819397993311034,0.45225460234789466,0.5082498715973293,,0.18673606447280056,True,
PO4,sub-011,"{""C"": 0.6158482110660264, ""gamma"": ""scale""}",0.5659136578223238,0.38333333333333336,0.3771721960976766,0.3933533019540722,,0.07499999999999996,True,
PO5,sub-001,"{""C"": 1.8329807108324356, ""gamma"": ""scale""}",0.5855414920209971,0.43333333333333335,0.4338846912938994,0.4381637870625849,,0.15000000000000002,True,
PO5,sub-002,"{""C"": 0.20691380811147894, ""gamma"": ""scale""}",0.5014091086854964,0.6933333333333334,0.6679991748484899,0.7049141028275394,,0.54,True,
PO5,sub-003,"{""C"": 100.0, ""gamma"": ""auto""}",0.5212660552548979,0.5666666666666667,0.5656788012842543,0.5701733433543706,,0.35,True,
PO5,sub-004,"{""C"": 23.357214690901213, ""gamma"": ""auto""}",0.5243934744990961,0.6166666666666667,0.6149764543954229,0.6141560765740522,,0.42500000000000004,True,
PO5,sub-005,"{""C"": 1.8329807108324356, ""gamma"": ""scale""}",0.5408785877312406,0.48,0.48005833301423856,0.48088031566394623,,0.21999999999999997,True,
PO5,sub-006,"{""C"": 1.2742749857031335, ""gamma"": ""scale""}",0.5598469993532437,0.4066666666666667,0.4027403202741562,0.4176893889034064,,0.10999999999999999,True,
PO5,sub-007,"{""C"": 0.42813323987193935, ""gamma"": ""scale""}",0.5361008977723029,0.5433333333333333,0.5388488845326194,0.5883769447288077,,0.31499999999999995,True,
PO5,sub-008,"{""C"": 1.8329807108324356, ""gamma"": ""scale""}",0.5245011270872795,0.49666666666666665,0.49126337714573015,0.4944836476654659,,0.245,True,
PO5,sub-009,"{""C"": 3.79269019073225, ""gamma"": ""scale""}",0.5586835550542764,0.44333333333333336,0.4390579998544975,0.4388682349927009,,0.16500000000000004,True,
PO5,sub-010,"{""C"": 7.847599703514611, ""gamma"": ""auto""}",0.5296309485697294,0.5886287625418061,0.5878538325116395,0.590282367591015,,0.3830501082015064,True,
PO5,sub-011,"{""C"": 0.8858667904100825, ""gamma"": ""scale""}",0.5820808025798495,0.35333333333333333,0.31686836294589854,0.3536124476891027,,0.030000000000000027,True,
PO6,sub-001,"{""C"": 100.0, ""gamma"": ""scale""}",0.5470410725613442,0.5166666666666667,0.5162414163446155,0.5211196060021392,,0.275,True,
PO6,sub-002,"{""C"": 69.51927961775604, ""gamma"": ""scale""}",0.5228856613981201,0.71,0.7118328460530297,0.7212360479536999,,0.565,True,
PO6,sub-003,"{""C"": 0.42813323987193935, ""gamma"": ""scale""}",0.574127597357514,0.4866666666666667,0.48392859157104035,0.5014949888367609,,0.22999999999999998,True,
PO6,sub-004,"{""C"": 1.8329807108324356, ""gamma"": ""scale""}",0.554021823587041,0.62,0.6086422231690111,0.6146119893470926,,0.43000000000000005,True,
PO6,sub-005,"{""C"": 0.42813323987193935, ""gamma"": ""scale""}",0.5295483555516843,0.5333333333333333,0.5303431534811872,0.5562996031746031,,0.30000000000000004,True,
PO6,sub-006,"{""C"": 0.8858667904100825, ""gamma"": ""scale""}",0.5761930355263587,0.38,0.35750853177970093,0.3959354413702239,,0.07000000000000017,True,
PO6,sub-007,"{""C"": 5.455594781168517, ""gamma"": ""scale""}",0.5782899268120425,0.37,0.33484379150628324,0.3666225749559083,,0.05500000000000005,True,
PO6,sub-008,"{""C"": 100.0, ""gamma"": ""auto""}",0.5855130065045051,0.5733333333333334,0.5670942700638832,0.5696825197202484,,0.36,True,
PO6,sub-009,"{""C"": 2.636650898730358, ""gamma"": ""auto""}",0.5246899690887147,0.6433333333333333,0.641963451346336,0.641623952240246,,0.46499999999999997,True,
PO6,sub-010,"{""C"": 5.455594781168517, ""gamma"": ""auto""}",0.5693616356651149,0.46153846153846156,0.4628368794326241,0.4779535117254416,,0.19198684055927617,True,
PO6,sub-011,"{""C"": 1.2742749857031335, ""gamma"": ""scale""}",0.5758629688449256,0.37333333333333335,0.3446190092531556,0.38272015366430256,,0.06000000000000005,True,
PO7,sub-001,"{""C"": 5.455594781168517, ""gamma"": ""scale""}",0.5281096462780729,0.4666666666666667,0.4662568056924708,0.46704950045596233,,0.19999999999999996,True,
PO7,sub-002,"{""C"": 23.357214690901213, ""gamma"": ""auto""}",0.5150810039553771,0.7466666666666667,0.7375439715181465,0.7484444444444445,,0.6199999999999999,True,
PO7,sub-003,"{""C"": 23.357214690901213, ""gamma"": ""auto""}",0.5297345614178773,0.57,0.5691992822300146,0.570077580379932,,0.355,True,
PO7,sub-004,"{""C"": 1.2742749857031335, ""gamma"": ""scale""}",0.5334823518588584,0.59,0.5904371471558519,0.5941936663720321,,0.385,True,
PO7,sub-005,"{""C"": 0.42813323987193935, ""gamma"": ""scale""}",0.5458766049134632,0.4533333333333333,0.4574258539159417,0.46755433119069484,,0.18000000000000005,True,
PO7,sub-006,"{""C"": 7.847599703514611, ""gamma"": ""auto""}",0.5570960499172004,0.4,0.3951350237064523,0.4112688753662385,,0.09999999999999998,True,
PO7,sub-007,"{""C"": 1.8329807108324356, ""gamma"": ""scale""}",0.5536922683198265,0.54,0.5366372223687267,0.5726890244962535,,0.31000000000000005,True,
PO7,sub-008,"{""C"": 23.357214690901213, ""gamma"": ""auto""}",0.5913561205366769,0.51,0.4966981728112931,0.5005733940684246,,0.265,True,
PO7,sub-009,"{""C"": 0.29763514416313175, ""gamma"": ""scale""}",0.5371252550912414,0.45,0.4446530089008594,0.4469754844086395,,0.17500000000000004,True,
PO7,sub-010,"{""C"": 0.6158482110660264, ""gamma"": ""scale""}",0.5411966267061512,0.5719063545150501,0.570474203718188,0.597980062494913,,0.35757209520931954,True,
PO7,sub-011,"{""C"": 16.23776739188721, ""gamma"": ""auto""}",0.5602438081977215,0.3566666666666667,0.35418272473466095,0.3562905099097074,,0.03500000000000003,True,
PO8,sub-001,"{""C"": 11.288378916846883, ""gamma"": ""auto""}",0.5455039379050857,0.5066666666666667,0.5076360225140714,0.5090476190476191,,0.26,True,
PO8,sub-002,"{""C"": 1.2742749857031335, ""gamma"": ""auto""}",0.5147006511399458,0.7366666666666667,0.7398707724428552,0.7621174147489937,,0.605,True,
PO8,sub-003,"{""C"": 5.455594781168517, ""gamma"": ""scale""}",0.5750708750708751,0.49666666666666665,0.4946530380055288,0.5053138320854856,,0.245,True,
PO8,sub-004,"{""C"": 0.6158482110660264, ""gamma"": ""scale""}",0.5345841893955102,0.6266666666666667,0.614328155504626,0.625376786063809,,0.43999999999999995,True,
PO8,sub-005,"{""C"": 1.2742749857031335, ""gamma"": ""auto""}",0.5336780087060761,0.45666666666666667,0.43791721761429664,0.5188991817802794,,0.18500000000000005,True,
PO8,sub-006,"{""C"": 0.8858667904100825, ""gamma"": ""scale""}",0.5838548346574726,0.38666666666666666,0.3743390088928944,0.39968977556823776,,0.07999999999999996,True,
PO8,sub-007,"{""C"": 1.2742749857031335, ""gamma"": ""scale""}",0.5589197900769841,0.3933333333333333,0.3662788191189823,0.388667064761752,,0.08999999999999997,True,
PO8,sub-008,"{""C"": 16.23776739188721, ""gamma"": ""auto""}",0.5374551030961726,0.5833333333333334,0.5735265635708113,0.5758941003301905,,0.3749999999999999,True,
PO8,sub-009,"{""C"": 1.8329807108324356, ""gamma"": ""scale""}",0.587973037318583,0.5166666666666667,0.5127513915342315,0.5142187585903568,,0.275,True,
PO8,sub-010,"{""C"": 3.79269019073225, ""gamma"": ""auto""}",0.5359729472419926,0.5083612040133779,0.5107023970181864,0.524780701754386,,0.26224885442368695,True,
PO8,sub-011,"{""C"": 0.8858667904100825, ""gamma"": ""scale""}",0.5836954001148354,0.32666666666666666,0.28362639153826,0.34083963803589973,,-0.010000000000000009,True,
Oz,sub-001,"{""C"": 16.23776739188721, ""gamma"": ""scale""}",0.5039063939561452,0.5166666666666667,0.5104349596078198,0.5198225774202275,,0.275,True,
Oz,sub-002,"{""C"": 1.2742749857031335, ""gamma"": ""auto""}",0.4953432080022713,0.7033333333333334,0.70413742789022,0.7613397602274131,,0.5549999999999999,True,
Oz,sub-003,"{""C"": 0.42813323987193935, ""gamma"": ""scale""}",0.5362384580648984,0.3933333333333333,0.3854421407052986,0.4135062406962098,,0.08999999999999997,True,
Oz,sub-004,"{""C"": 7.847599703514611, ""gamma"": ""auto""}",0.4896449603973608,0.62,0.6156071861335018,0.620313725490196,,0.43000000000000005,True,
Oz,sub-005,"{""C"": 16.23776739188721, ""gamma"": ""scale""}",0.49878660852034923,0.4,0.4020307891058292,0.4106241916991035,,0.09999999999999998,True,
Oz,sub-006,"{""C"": 2.636650898730358, ""gamma"": ""auto""}",0.5028107498417925,0.36,0.34885140699094186,0.36703431372549017,,0.04000000000000015,True,
Oz,sub-007,"{""C"": 7.847599703514611, ""gamma"": ""auto""}",0.5244926408610516,0.33666666666666667,0.1736850376767,0.44481605351170567,,0.0050000000000000044,True,
Oz,sub-008,"{""C"": 0.20691380811147894, ""gamma"": ""scale""}",0.5015870761261815,0.4666666666666667,0.4646150524846209,0.46844008078185295,,0.19999999999999996,True,
Oz,sub-009,"{""C"": 33.59818286283781, ""gamma"": ""scale""}",0.4965659783329455,0.49333333333333335,0.48657700717855873,0.4849801470054634,,0.24,True,
Oz,sub-010,"{""C"": 7.847599703514611, ""gamma"": ""auto""}",0.521195236658592,0.4882943143812709,0.48661129214320703,0.49214023960535586,,0.23226542702267272,True,
Oz,sub-011,"{""C"": 0.20691380811147894, ""gamma"": ""scale""}",0.5176279853073048,0.3333333333333333,0.2988405686492434,0.34135472370766484,,0.0,True,
O1,sub-001,"{""C"": 16.23776739188721, ""gamma"": ""auto""}",0.5297900807691144,0.4766666666666667,0.470758469652275,0.4742908859450213,,0.21499999999999997,True,
O1,sub-002,"{""C"": 100.0, ""gamma"": ""auto""}",0.4740281045648424,0.7133333333333334,0.7068338986326216,0.7440247592447121,,0.57,True,
O1,sub-003,"{""C"": 2.636650898730358, ""gamma"": ""scale""}",0.583259632798411,0.37333333333333335,0.3719406880697203,0.37381550910962674,,0.06000000000000005,True,
O1,sub-004,"{""C"": 0.8858667904100825, ""gamma"": ""scale""}",0.5430143539607967,0.5933333333333334,0.5873952227894371,0.5876984126984127,,0.39,True,
O1,sub-005,"{""C"": 3.79269019073225, ""gamma"": ""auto""}",0.533943045510271,0.4766666666666667,0.4748367811874073,0.4867982675329002,,0.21499999999999997,True,
O1,sub-006,"{""C"": 0.8858667904100825, ""gamma"": ""scale""}",0.5640243416753119,0.36666666666666664,0.360608319574164,0.36710097623566834,,0.050000000000000044,True,
O1,sub-007,"{""C"": 1.2742749857031335, ""gamma"": ""scale""}",0.5283862914364651,0.5533333333333333,0.5466666666666667,0.5711111111111111,,0.32999999999999996,True,
O1,sub-008,"{""C"": 1.8329807108324356, ""gamma"": ""auto""}",0.5376608213564734,0.5166666666666667,0.5071955410978786,0.5091233776450429,,0.275,True,
O1,sub-009,"{""C"": 16.23776739188721, ""gamma"": ""scale""}",0.5339853644807205,0.45,0.4438623713286929,0.44876455181798697,,0.17500000000000004,True,
O1,sub-010,"{""C"": 2.636650898730358, ""gamma"": ""scale""}",0.5579578365999865,0.5250836120401338,0.5254888290206747,0.525923364395263,,0.2875815896773327,True,
O1,sub-011,"{""C"": 1.8329807108324356, ""gamma"": ""scale""}",0.5538511961444782,0.37666666666666665,0.35125291375291373,0.38859020310633213,,0.06499999999999995,True,
O2,sub-001,"{""C"": 33.59818286283781, ""gamma"": ""auto""}",0.5243133401630337,0.5066666666666667,0.5025231510953799,0.5104720814007838,,0.26,True,
O2,sub-002,"{""C"": 7.847599703514611, ""gamma"": ""scale""}",0.5376258050134411,0.7333333333333333,0.732551350171657,0.7394720763395463,,0.6,True,
O2,sub-003,"{""C"": 0.29763514416313175, ""gamma"": ""scale""}",0.5397279942887624,0.48,0.4805794702433197,0.48770350218076614,,0.21999999999999997,True,
O2,sub-004,"{""C"": 23.357214690901213, ""gamma"": ""scale""}",0.5245542886693175,0.5033333333333333,0.5004481022020913,0.5027861648607744,,0.255,True,
O2,sub-005,"{""C"": 1.8329807108324356, ""gamma"": ""auto""}",0.5277042477433697,0.5433333333333333,0.5423295960362672,0.5599575866977795,,0.31499999999999995,True,
O2,sub-006,"{""C"": 2.636650898730358, ""gamma"": ""scale""}",0.5616757206331657,0.37333333333333335,0.3710999148437247,0.38213027392497806,,0.06000000000000005,True,
O2,sub-007,"{""C"": 5.455594781168517, ""gamma"": ""auto""}",0.5809891567047615,0.37666666666666665,0.3496277718230684,0.3894966173603944,,0.06499999999999995,True,
O2,sub-008,"{""C"": 23.357214690901213, ""gamma"": ""auto""}",0.5628698342800978,0.5266666666666666,0.5166204666204667,0.5198282591725215,,0.29000000000000004,True,
O2,sub-009,"{""C"": 100.0, ""gamma"": ""auto""}",0.5529141168650354,0.54,0.5359779386279281,0.5387959262959262,,0.31000000000000005,True,
O2,sub-010,"{""C"": 2.636650898730358, ""gamma"": ""auto""}",0.5357691319351129,0.49498327759197325,0.4929496070272769,0.5056100981767181,,0.24208494208494202,True,
O2,sub-011,"{""C"": 2.636650898730358, ""gamma"": ""auto""}",0.56151193322099,0.4,0.3992030686523939,0.4036541676618104,,0.09999999999999998,True,
