channel,subject,best_params,validation_f1_macro,accuracy,f1_macro,precision_macro,recall_macro,kappa
Fp1,VP001,"{""C"": 0.42813323987193935, ""gamma"": ""auto""}",0.6765768268963601,0.65,0.6499027507641011,0.6501668520578421,0.6499999999999999,0.30000000000000004
AF5,VP001,"{""C"": 0.20691380811147897, ""gamma"": ""auto""}",0.6835016835016836,0.75,0.7493734335839599,0.7525252525252526,0.75,0.5
AFz,VP001,"{""C"": 0.29763514416313175, ""gamma"": ""auto""}",0.6803463475364238,0.55,0.5488721804511278,0.5505050505050505,0.55,0.09999999999999998
F1,VP001,"{""C"": 0.20691380811147897, ""gamma"": ""auto""}",0.6951081801346041,0.55,0.5437904815544916,0.5528789659224442,0.55,0.09999999999999998
FC5,VP001,"{""C"": 2.636650898730358, ""gamma"": ""auto""}",0.6666518511933863,0.5833333333333334,0.5804195804195804,0.5857142857142856,0.5833333333333333,0.16666666666666663
FC1,VP001,"{""C"": 1.2742749857031335, ""gamma"": ""scale""}",0.6632996632996633,0.5,0.49776785714285715,0.5,0.5,0.0
T7,VP001,"{""C"": 2.636650898730358, ""gamma"": ""scale""}",0.639599555061179,0.6666666666666666,0.660633484162896,0.6794258373205742,0.6666666666666667,0.33333333333333337
C3,VP001,"{""C"": 7.847599703514611, ""gamma"": ""auto""}",0.66996699669967,0.43333333333333335,0.4308035714285714,0.4321266968325792,0.43333333333333335,-0.1333333333333333
Cz,VP001,"{""C"": 7.847599703514611, ""gamma"": ""auto""}",0.6596218020022246,0.36666666666666664,0.34857142857142853,0.35,0.3666666666666667,-0.2666666666666666
CP5,VP001,"{""C"": 0.29763514416313175, ""gamma"": ""scale""}",0.6945454545454546,0.5666666666666667,0.48412698412698413,0.6851851851851852,0.5666666666666667,0.1333333333333333
CP1,VP001,"{""C"": 33.59818286283781, ""gamma"": ""auto""}",0.6762313777411854,0.5166666666666667,0.5154553049289892,0.5168350168350169,0.5166666666666666,0.033333333333333326
P7,VP001,"{""C"": 5.455594781168517, ""gamma"": ""auto""}",0.6531946111778044,0.6,0.5982142857142857,0.6018099547511313,0.6,0.19999999999999996
P3,VP001,"{""C"": 1.8329807108324356, ""gamma"": ""scale""}",0.6765768268963601,0.5333333333333333,0.513888888888889,0.5396825396825398,0.5333333333333333,0.06666666666666665
Pz,VP001,"{""C"": 1.2742749857031335, ""gamma"": ""scale""}",0.672809829059829,0.55,0.5278344505974935,0.5615595075239398,0.55,0.09999999999999998
POz,VP001,"{""C"": 1.8329807108324356, ""gamma"": ""scale""}",0.646273637374861,0.55,0.5343489508479448,0.5577663671373556,0.5499999999999999,0.09999999999999998
O1,VP001,"{""C"": 11.288378916846883, ""gamma"": ""auto""}",0.6297984458205023,0.5166666666666667,0.5165323701028064,0.5166852057842046,0.5166666666666666,0.033333333333333326
Fp2,VP001,"{""C"": 0.20691380811147897, ""gamma"": ""scale""}",0.699666295884316,0.5833333333333334,0.5832175604334537,0.5834260289210234,0.5833333333333333,0.16666666666666663
AF6,VP001,"{""C"": 0.42813323987193935, ""gamma"": ""auto""}",0.6794547356345109,0.5333333333333333,0.5286195286195287,0.5347222222222222,0.5333333333333333,0.06666666666666665
F2,VP001,"{""C"": 0.20691380811147897, ""gamma"": ""auto""}",0.6739093124635294,0.4666666666666667,0.4570135746606335,0.46411483253588515,0.4666666666666667,-0.06666666666666665
FC2,VP001,"{""C"": 1.8329807108324356, ""gamma"": ""auto""}",0.6566628518094646,0.45,0.4308709399252658,0.4422336328626444,0.44999999999999996,-0.10000000000000009
FC6,VP001,"{""C"": 1.8329807108324356, ""gamma"": ""auto""}",0.6578099838969405,0.55,0.5396419437340154,0.554945054945055,0.55,0.09999999999999998
C4,VP001,"{""C"": 1.2742749857031335, ""gamma"": ""auto""}",0.6733188141695187,0.4666666666666667,0.4514285714285714,0.4625,0.4666666666666667,-0.06666666666666665
T8,VP001,"{""C"": 1.8329807108324356, ""gamma"": ""scale""}",0.6066666666666667,0.6833333333333333,0.667735354124162,0.725718194254446,0.6833333333333333,0.3666666666666667
CP2,VP001,"{""C"": 11.288378916846883, ""gamma"": ""auto""}",0.6562044526530113,0.43333333333333335,0.4276094276094276,0.4305555555555556,0.43333333333333335,-0.1333333333333333
CP6,VP001,"{""C"": 48.32930238571752, ""gamma"": ""auto""}",0.669820235461529,0.55,0.5468531468531468,0.5514285714285714,0.55,0.09999999999999998
P4,VP001,"{""C"": 1.2742749857031335, ""gamma"": ""scale""}",0.6631499371880245,0.5333333333333333,0.475,0.56,0.5333333333333333,0.06666666666666665
P8,VP001,"{""C"": 16.23776739188721, ""gamma"": ""auto""}",0.6299958888432093,0.5833333333333334,0.5737425404944586,0.5915750915750916,0.5833333333333333,0.16666666666666663
O2,VP001,"{""C"": 2.636650898730358, ""gamma"": ""auto""}",0.592880978865406,0.5166666666666667,0.5055413469735721,0.5183150183150182,0.5166666666666666,0.033333333333333326
Fp1,VP002,"{""C"": 0.42813323987193935, ""gamma"": ""auto""}",0.6657158138705652,0.5666666666666667,0.5647321428571428,0.5678733031674208,0.5666666666666667,0.1333333333333333
AF5,VP002,"{""C"": 1.2742749857031335, ""gamma"": ""auto""}",0.6763172091350476,0.6666666666666666,0.6632996632996633,0.6736111111111112,0.6666666666666667,0.33333333333333337
AFz,VP002,"{""C"": 0.8858667904100825, ""gamma"": ""auto""}",0.657426895347275,0.55,0.5498749652681301,0.550055617352614,0.55,0.09999999999999998
F1,VP002,"{""C"": 0.8858667904100825, ""gamma"": ""scale""}",0.6673051718923279,0.5833333333333334,0.5832175604334537,0.5834260289210234,0.5833333333333333,0.16666666666666663
FC5,VP002,"{""C"": 0.8858667904100825, ""gamma"": ""scale""}",0.6756250627013409,0.6666666666666666,0.6662958843159066,0.6674107142857143,0.6666666666666666,0.33333333333333337
FC1,VP002,"{""C"": 0.6158482110660264, ""gamma"": ""scale""}",0.6686710025770033,0.6166666666666667,0.6113770768797522,0.6233842538190364,0.6166666666666667,0.23333333333333328
T7,VP002,"{""C"": 5.455594781168517, ""gamma"": ""scale""}",0.6453900709219857,0.5666666666666667,0.5622895622895623,0.5694444444444444,0.5666666666666667,0.1333333333333333
C3,VP002,"{""C"": 23.357214690901213, ""gamma"": ""auto""}",0.6691729323308271,0.6666666666666666,0.6632996632996633,0.6736111111111112,0.6666666666666667,0.33333333333333337
Cz,VP002,"{""C"": 1.2742749857031335, ""gamma"": ""auto""}",0.6466509622649895,0.65,0.6491228070175439,0.6515151515151515,0.6499999999999999,0.30000000000000004
CP5,VP002,"{""C"": 2.636650898730358, ""gamma"": ""scale""}",0.6863181312569522,0.7666666666666667,0.765625,0.7714932126696833,0.7666666666666666,0.5333333333333333
CP1,VP002,"{""C"": 0.8858667904100825, ""gamma"": ""scale""}",0.6825396825396826,0.7666666666666667,0.765625,0.7714932126696833,0.7666666666666666,0.5333333333333333
P7,VP002,"{""C"": 1.8329807108324356, ""gamma"": ""scale""}",0.6628800943490694,0.7166666666666667,0.7127569698676429,0.7291421856639249,0.7166666666666667,0.43333333333333335
P3,VP002,"{""C"": 0.6158482110660264, ""gamma"": ""scale""}",0.6626999588115461,0.6166666666666667,0.5911111111111111,0.6555555555555554,0.6166666666666667,0.23333333333333328
Pz,VP002,"{""C"": 69.51927961775606, ""gamma"": ""auto""}",0.6499961110679008,0.6333333333333333,0.6228571428571429,0.6499999999999999,0.6333333333333333,0.2666666666666667
POz,VP002,"{""C"": 5.455594781168517, ""gamma"": ""scale""}",0.6498093406410157,0.5333333333333333,0.52,0.5375000000000001,0.5333333333333333,0.06666666666666665
O1,VP002,"{""C"": 0.8858667904100825, ""gamma"": ""scale""}",0.6132645803698435,0.6166666666666667,0.5911111111111111,0.6555555555555554,0.6166666666666667,0.23333333333333328
Fp2,VP002,"{""C"": 0.42813323987193935, ""gamma"": ""scale""}",0.6852678571428572,0.6666666666666666,0.6527777777777778,0.6984126984126984,0.6666666666666667,0.33333333333333337
AF6,VP002,"{""C"": 1.2742749857031335, ""gamma"": ""scale""}",0.6632996632996633,0.5666666666666667,0.5647321428571428,0.5678733031674208,0.5666666666666667,0.1333333333333333
F2,VP002,"{""C"": 2.636650898730358, ""gamma"": ""scale""}",0.6555606335900837,0.6166666666666667,0.6157059314954052,0.6178451178451179,0.6166666666666667,0.23333333333333328
FC2,VP002,"{""C"": 3.79269019073225, ""gamma"": ""scale""}",0.6628800943490694,0.65,0.6499027507641011,0.6501668520578421,0.6499999999999999,0.30000000000000004
FC6,VP002,"{""C"": 2.636650898730358, ""gamma"": ""auto""}",0.6376811594202898,0.5666666666666667,0.5622895622895623,0.5694444444444444,0.5666666666666667,0.1333333333333333
C4,VP002,"{""C"": 3.79269019073225, ""gamma"": ""scale""}",0.6632996632996633,0.6666666666666666,0.6666666666666666,0.6666666666666666,0.6666666666666666,0.33333333333333337
T8,VP002,"{""C"": 33.59818286283781, ""gamma"": ""auto""}",0.6430120441730891,0.5666666666666667,0.5661846496106786,0.5669642857142857,0.5666666666666667,0.1333333333333333
CP2,VP002,"{""C"": 23.357214690901213, ""gamma"": ""auto""}",0.64996499649965,0.65,0.6451703745423825,0.6586368977673325,0.65,0.30000000000000004
CP6,VP002,"{""C"": 48.32930238571752, ""gamma"": ""auto""}",0.6563573883161512,0.6166666666666667,0.6113770768797522,0.6233842538190364,0.6166666666666667,0.23333333333333328
P4,VP002,"{""C"": 7.847599703514611, ""gamma"": ""scale""}",0.6666518511933863,0.5166666666666667,0.5099971838918614,0.517626321974148,0.5166666666666666,0.033333333333333326
P8,VP002,"{""C"": 5.455594781168517, ""gamma"": ""auto""}",0.6432342317310364,0.6333333333333333,0.6316964285714286,0.6357466063348416,0.6333333333333333,0.2666666666666667
O2,VP002,"{""C"": 1.2742749857031335, ""gamma"": ""scale""}",0.6397438178260095,0.6166666666666667,0.6113770768797522,0.6233842538190364,0.6166666666666667,0.23333333333333328
Fp1,VP003,"{""C"": 0.8858667904100825, ""gamma"": ""auto""}",0.64996499649965,0.7666666666666667,0.76,0.8,0.7666666666666666,0.5333333333333333
AF5,VP003,"{""C"": 0.8858667904100825, ""gamma"": ""scale""}",0.6995192307692308,0.6666666666666666,0.6651785714285714,0.6696832579185521,0.6666666666666666,0.33333333333333337
AFz,VP003,"{""C"": 0.29763514416313175, ""gamma"": ""scale""}",0.6758563074352548,0.6666666666666666,0.660633484162896,0.6794258373205742,0.6666666666666667,0.33333333333333337
F1,VP003,"{""C"": 0.8858667904100825, ""gamma"": ""scale""}",0.6560207500751412,0.6166666666666667,0.607843137254902,0.6282051282051282,0.6166666666666667,0.23333333333333328
FC5,VP003,"{""C"": 1.2742749857031335, ""gamma"": ""auto""}",0.6794871794871795,0.6333333333333333,0.6296296296296295,0.6388888888888888,0.6333333333333333,0.2666666666666667
FC1,VP003,"{""C"": 0.42813323987193935, ""gamma"": ""auto""}",0.6587715776796468,0.6,0.5927601809954751,0.6076555023923444,0.6,0.19999999999999996
T7,VP003,"{""C"": 1.8329807108324356, ""gamma"": ""auto""}",0.6491228070175439,0.5833333333333334,0.5804195804195804,0.5857142857142856,0.5833333333333333,0.16666666666666663
C3,VP003,"{""C"": 1.2742749857031335, ""gamma"": ""auto""}",0.6693791675479511,0.5833333333333334,0.5775837792171219,0.5881316098707403,0.5833333333333333,0.16666666666666663
Cz,VP003,"{""C"": 1.2742749857031335, ""gamma"": ""auto""}",0.6699963332925921,0.5,0.49776785714285715,0.5,0.5,0.0
CP5,VP003,"{""C"": 2.636650898730358, ""gamma"": ""auto""}",0.6865412831799387,0.6,0.5927601809954751,0.6076555023923444,0.6,0.19999999999999996
CP1,VP003,"{""C"": 0.8858667904100825, ""gamma"": ""scale""}",0.6689369196642552,0.5333333333333333,0.5286195286195287,0.5347222222222222,0.5333333333333333,0.06666666666666665
P7,VP003,"{""C"": 5.455594781168517, ""gamma"": ""scale""}",0.6659391563850162,0.5166666666666667,0.5154553049289892,0.5168350168350169,0.5166666666666666,0.033333333333333326
P3,VP003,"{""C"": 2.636650898730358, ""gamma"": ""auto""}",0.6695557360451273,0.5333333333333333,0.5286195286195287,0.5347222222222222,0.5333333333333333,0.06666666666666665
Pz,VP003,"{""C"": 1.8329807108324356, ""gamma"": ""auto""}",0.6552839723780943,0.48333333333333334,0.4831897749374826,0.4833147942157954,0.48333333333333334,-0.03333333333333344
POz,VP003,"{""C"": 23.357214690901213, ""gamma"": ""scale""}",0.6466038406827881,0.45,0.4461538461538462,0.44857142857142857,0.44999999999999996,-0.10000000000000009
O1,VP003,"{""C"": 16.23776739188721, ""gamma"": ""auto""}",0.5998399359743898,0.43333333333333335,0.4276094276094276,0.4305555555555556,0.43333333333333335,-0.1333333333333333
Fp2,VP003,"{""C"": 1.8329807108324356, ""gamma"": ""scale""}",0.646273637374861,0.7166666666666667,0.7127569698676429,0.7291421856639249,0.7166666666666667,0.43333333333333335
AF6,VP003,"{""C"": 0.42813323987193935, ""gamma"": ""auto""}",0.6715670941507663,0.65,0.6419437340153453,0.6648351648351649,0.65,0.30000000000000004
F2,VP003,"{""C"": 0.8858667904100825, ""gamma"": ""auto""}",0.6750745318728436,0.6,0.5885714285714285,0.6125,0.6000000000000001,0.19999999999999996
FC2,VP003,"{""C"": 0.29763514416313175, ""gamma"": ""scale""}",0.6616755434964661,0.55,0.5343489508479448,0.5577663671373556,0.5499999999999999,0.09999999999999998
FC6,VP003,"{""C"": 1.8329807108324356, ""gamma"": ""auto""}",0.6327452015408979,0.5,0.4909502262443439,0.5,0.5,0.0
C4,VP003,"{""C"": 7.847599703514611, ""gamma"": ""auto""}",0.6666073968705548,0.4666666666666667,0.4660734149054505,0.46651785714285715,0.4666666666666667,-0.06666666666666665
T8,VP003,"{""C"": 2.636650898730358, ""gamma"": ""auto""}",0.6248943959448043,0.4,0.375,0.38095238095238093,0.4,-0.19999999999999996
CP2,VP003,"{""C"": 2.636650898730358, ""gamma"": ""auto""}",0.6966363302996966,0.48333333333333334,0.4831897749374826,0.4833147942157954,0.48333333333333334,-0.03333333333333344
CP6,VP003,"{""C"": 2.636650898730358, ""gamma"": ""auto""}",0.6966632962588473,0.36666666666666664,0.3552036199095022,0.3564593301435407,0.3666666666666667,-0.2666666666666666
P4,VP003,"{""C"": 0.6158482110660264, ""gamma"": ""scale""}",0.672809829059829,0.31666666666666665,0.31495405179615704,0.31481481481481477,0.31666666666666665,-0.3666666666666667
P8,VP003,"{""C"": 1.8329807108324356, ""gamma"": ""scale""}",0.6331866079765239,0.2833333333333333,0.27344410025344973,0.2708578143360752,0.2833333333333333,-0.43333333333333335
O2,VP003,"{""C"": 1.2742749857031335, ""gamma"": ""scale""}",0.6161506024766631,0.3333333333333333,0.33259176863181317,0.3325892857142857,0.3333333333333333,-0.33333333333333326
Fp1,VP004,"{""C"": 0.8858667904100825, ""gamma"": ""auto""}",0.6428531692608952,0.6,0.5982142857142857,0.6018099547511313,0.6,0.19999999999999996
AF5,VP004,"{""C"": 3.79269019073225, ""gamma"": ""auto""}",0.6661324786324787,0.5833333333333334,0.5822890559732665,0.5841750841750841,0.5833333333333333,0.16666666666666663
AFz,VP004,"{""C"": 0.8858667904100825, ""gamma"": ""scale""}",0.6616755434964661,0.5166666666666667,0.5165323701028064,0.5166852057842046,0.5166666666666666,0.033333333333333326
F1,VP004,"{""C"": 1.8329807108324356, ""gamma"": ""scale""}",0.6564796389145201,0.43333333333333335,0.4308035714285714,0.4321266968325792,0.43333333333333335,-0.1333333333333333
FC5,VP004,"{""C"": 1.8329807108324356, ""gamma"": ""auto""}",0.6218163968808219,0.6166666666666667,0.6157059314954052,0.6178451178451179,0.6166666666666667,0.23333333333333328
FC1,VP004,"{""C"": 0.8858667904100825, ""gamma"": ""scale""}",0.6238412968519099,0.43333333333333335,0.43270300333704115,0.4330357142857143,0.43333333333333335,-0.1333333333333333
T7,VP004,"{""C"": 100.0, ""gamma"": ""auto""}",0.6354962044788265,0.48333333333333334,0.48203842940685043,0.48316498316498313,0.48333333333333334,-0.03333333333333344
C3,VP004,"{""C"": 0.8858667904100825, ""gamma"": ""scale""}",0.6849725188793065,0.65,0.6266666666666667,0.7,0.65,0.30000000000000004
Cz,VP004,"{""C"": 1.8329807108324356, ""gamma"": ""auto""}",0.6533179252411219,0.43333333333333335,0.43270300333704115,0.4330357142857143,0.43333333333333335,-0.1333333333333333
CP5,VP004,"{""C"": 11.288378916846883, ""gamma"": ""auto""}",0.6933333333333334,0.6333333333333333,0.6296296296296295,0.6388888888888888,0.6333333333333333,0.2666666666666667
CP1,VP004,"{""C"": 0.42813323987193935, ""gamma"": ""scale""}",0.7065492863812192,0.5833333333333334,0.5555555555555556,0.6111111111111112,0.5833333333333334,0.16666666666666663
P7,VP004,"{""C"": 33.59818286283781, ""gamma"": ""auto""}",0.6596218020022246,0.5833333333333334,0.5804195804195804,0.5857142857142856,0.5833333333333333,0.16666666666666663
P3,VP004,"{""C"": 0.29763514416313175, ""gamma"": ""scale""}",0.6825396825396826,0.55,0.5107218363032316,0.5736497545008183,0.55,0.09999999999999998
Pz,VP004,"{""C"": 1.2742749857031335, ""gamma"": ""auto""}",0.635983123865926,0.4666666666666667,0.4612794612794613,0.4652777777777778,0.4666666666666667,-0.06666666666666665
POz,VP004,"{""C"": 0.8858667904100825, ""gamma"": ""scale""}",0.6266500733365927,0.5666666666666667,0.5417156286721504,0.5852272727272727,0.5666666666666667,0.1333333333333333
O1,VP004,"{""C"": 69.51927961775606, ""gamma"": ""auto""}",0.5886792032192262,0.4,0.3939393939393939,0.39583333333333337,0.4,-0.19999999999999996
Fp2,VP004,"{""C"": 0.8858667904100825, ""gamma"": ""auto""}",0.6622487766271694,0.5833333333333334,0.5775837792171219,0.5881316098707403,0.5833333333333333,0.16666666666666663
AF6,VP004,"{""C"": 0.29763514416313175, ""gamma"": ""scale""}",0.6624895572263994,0.5833333333333334,0.5822890559732665,0.5841750841750841,0.5833333333333333,0.16666666666666663
F2,VP004,"{""C"": 0.29763514416313175, ""gamma"": ""auto""}",0.6449865732101406,0.45,0.4461538461538462,0.44857142857142857,0.44999999999999996,-0.10000000000000009
FC2,VP004,"{""C"": 0.29763514416313175, ""gamma"": ""scale""}",0.622826244172721,0.36666666666666664,0.3659621802002225,0.3660714285714286,0.3666666666666667,-0.2666666666666666
FC6,VP004,"{""C"": 0.42813323987193935, ""gamma"": ""scale""}",0.6297984458205023,0.4166666666666667,0.3963782696177062,0.4037227214377407,0.41666666666666663,-0.16666666666666674
C4,VP004,"{""C"": 0.8858667904100825, ""gamma"": ""scale""}",0.6533179252411219,0.3333333333333333,0.3142857142857143,0.3125,0.3333333333333333,-0.33333333333333326
T8,VP004,"{""C"": 0.8858667904100825, ""gamma"": ""scale""}",0.592880978865406,0.4166666666666667,0.3657505285412262,0.3772504091653028,0.41666666666666663,-0.16666666666666674
CP2,VP004,"{""C"": 1.2742749857031335, ""gamma"": ""auto""}",0.6533333333333333,0.5,0.49776785714285715,0.5,0.5,0.0
CP6,VP004,"{""C"": 1.8329807108324356, ""gamma"": ""auto""}",0.6529477196885428,0.43333333333333335,0.41714285714285715,0.42500000000000004,0.43333333333333335,-0.1333333333333333
P4,VP004,"{""C"": 1.8329807108324356, ""gamma"": ""auto""}",0.6397438178260095,0.5333333333333333,0.5328142380422691,0.5334821428571428,0.5333333333333333,0.06666666666666665
P8,VP004,"{""C"": 5.455594781168517, ""gamma"": ""auto""}",0.643329370326337,0.38333333333333336,0.37902097902097903,0.38,0.3833333333333333,-0.2333333333333334
O2,VP004,"{""C"": 1.2742749857031335, ""gamma"": ""scale""}",0.5899954443938267,0.45,0.3552588733311625,0.37870619946091644,0.45,-0.10000000000000009
Fp1,VP005,"{""C"": 0.14384498882876628, ""gamma"": ""scale""}",0.639599555061179,0.55,0.5343489508479448,0.5577663671373556,0.5499999999999999,0.09999999999999998
AF5,VP005,"{""C"": 0.8858667904100825, ""gamma"": ""auto""}",0.6750745318728436,0.7,0.699666295884316,0.7008928571428572,0.7,0.4
AFz,VP005,"{""C"": 0.8858667904100825, ""gamma"": ""auto""}",0.6376811594202898,0.7,0.7,0.7,0.7,0.4
F1,VP005,"{""C"": 0.6158482110660264, ""gamma"": ""scale""}",0.6552839723780943,0.6666666666666666,0.6662958843159066,0.6674107142857143,0.6666666666666666,0.33333333333333337
FC5,VP005,"{""C"": 0.20691380811147897, ""gamma"": ""scale""}",0.64793061438902,0.6666666666666666,0.6662958843159066,0.6674107142857143,0.6666666666666666,0.33333333333333337
FC1,VP005,"{""C"": 0.29763514416313175, ""gamma"": ""scale""}",0.6304207778116842,0.6833333333333333,0.6760443307757886,0.7014652014652014,0.6833333333333333,0.3666666666666667
T7,VP005,"{""C"": 1.8329807108324356, ""gamma"": ""scale""}",0.6232286746318423,0.6666666666666666,0.6651785714285714,0.6696832579185521,0.6666666666666666,0.33333333333333337
C3,VP005,"{""C"": 0.42813323987193935, ""gamma"": ""scale""}",0.6715670941507663,0.6833333333333333,0.6723196320781835,0.7118100128369704,0.6833333333333333,0.3666666666666667
Cz,VP005,"{""C"": 0.42813323987193935, ""gamma"": ""scale""}",0.6368364418938307,0.7166666666666667,0.7101449275362319,0.7380952380952381,0.7166666666666667,0.43333333333333335
CP5,VP005,"{""C"": 0.1, ""gamma"": ""scale""}",0.6480277021562575,0.5666666666666667,0.5125,0.62,0.5666666666666667,0.1333333333333333
CP1,VP005,"{""C"": 0.6158482110660264, ""gamma"": ""scale""}",0.6523444464253878,0.7666666666666667,0.7643097643097643,0.7777777777777778,0.7666666666666666,0.5333333333333333
P7,VP005,"{""C"": 7.847599703514611, ""gamma"": ""auto""}",0.64793061438902,0.7666666666666667,0.7666666666666667,0.7666666666666667,0.7666666666666667,0.5333333333333333
P3,VP005,"{""C"": 0.29763514416313175, ""gamma"": ""scale""}",0.643992655949129,0.7333333333333333,0.7222222222222222,0.7777777777777777,0.7333333333333334,0.4666666666666667
Pz,VP005,"{""C"": 0.42813323987193935, ""gamma"": ""scale""}",0.6052455506490031,0.7833333333333333,0.7818181818181819,0.7914285714285714,0.7833333333333333,0.5666666666666667
POz,VP005,"{""C"": 11.288378916846883, ""gamma"": ""auto""}",0.6031172527264844,0.6666666666666666,0.6662958843159066,0.6674107142857143,0.6666666666666666,0.33333333333333337
O1,VP005,"{""C"": 1.2742749857031335, ""gamma"": ""scale""}",0.5963033396723718,0.6166666666666667,0.6113770768797522,0.6233842538190364,0.6166666666666667,0.23333333333333328
Fp2,VP005,"{""C"": 2.636650898730358, ""gamma"": ""auto""}",0.6466038406827881,0.55,0.5437904815544916,0.5528789659224442,0.55,0.09999999999999998
AF6,VP005,"{""C"": 0.42813323987193935, ""gamma"": ""scale""}",0.6558061821219716,0.7333333333333333,0.7285067873303167,0.7511961722488039,0.7333333333333334,0.4666666666666667
F2,VP005,"{""C"": 0.6158482110660264, ""gamma"": ""auto""}",0.6265099429109793,0.7333333333333333,0.7306397306397306,0.7430555555555556,0.7333333333333334,0.4666666666666667
FC2,VP005,"{""C"": 0.42813323987193935, ""gamma"": ""auto""}",0.6032956972841013,0.6666666666666666,0.6651785714285714,0.6696832579185521,0.6666666666666666,0.33333333333333337
FC6,VP005,"{""C"": 1.2742749857031335, ""gamma"": ""auto""}",0.6093705771125126,0.7,0.6986607142857143,0.7036199095022624,0.7,0.4
C4,VP005,"{""C"": 0.42813323987193935, ""gamma"": ""auto""}",0.6187198434389445,0.7,0.696969696969697,0.7083333333333333,0.7,0.4
T8,VP005,"{""C"": 0.42813323987193935, ""gamma"": ""scale""}",0.578125,0.6166666666666667,0.6113770768797522,0.6233842538190364,0.6166666666666667,0.23333333333333328
CP2,VP005,"{""C"": 0.8858667904100825, ""gamma"": ""auto""}",0.6020554892933977,0.7666666666666667,0.765625,0.7714932126696833,0.7666666666666666,0.5333333333333333
CP6,VP005,"{""C"": 23.357214690901213, ""gamma"": ""auto""}",0.6397438178260095,0.75,0.7499305362600722,0.7502780867630701,0.75,0.5
P4,VP005,"{""C"": 16.23776739188721, ""gamma"": ""auto""}",0.6133333333333333,0.7666666666666667,0.7666666666666667,0.7666666666666667,0.7666666666666667,0.5333333333333333
P8,VP005,"{""C"": 48.32930238571752, ""gamma"": ""auto""}",0.5965545984995833,0.6833333333333333,0.6825396825396826,0.6851851851851851,0.6833333333333333,0.3666666666666667
O2,VP005,"{""C"": 1.2742749857031335, ""gamma"": ""scale""}",0.6033289258769542,0.5666666666666667,0.5661846496106786,0.5669642857142857,0.5666666666666667,0.1333333333333333
Fp1,VP006,"{""C"": 0.20691380811147897, ""gamma"": ""scale""}",0.6592579395127165,0.8166666666666667,0.8162071846282373,0.8198653198653199,0.8166666666666667,0.6333333333333333
AF5,VP006,"{""C"": 1.2742749857031335, ""gamma"": ""auto""}",0.6680488649953616,0.8,0.7997775305895439,0.8013392857142857,0.8,0.6
AFz,VP006,"{""C"": 0.42813323987193935, ""gamma"": ""scale""}",0.6498316498316499,0.85,0.8499583217560434,0.850389321468298,0.8500000000000001,0.7
F1,VP006,"{""C"": 0.42813323987193935, ""gamma"": ""auto""}",0.6266968325791855,0.75,0.7493734335839599,0.7525252525252526,0.75,0.5
FC5,VP006,"{""C"": 0.6158482110660264, ""gamma"": ""scale""}",0.6112426828723356,0.75,0.7482517482517483,0.7571428571428571,0.75,0.5
FC1,VP006,"{""C"": 0.8858667904100825, ""gamma"": ""scale""}",0.6135363107840173,0.7,0.6914285714285715,0.7250000000000001,0.7,0.4
T7,VP006,"{""C"": 23.357214690901213, ""gamma"": ""scale""}",0.6298971936649069,0.7166666666666667,0.7159565580618212,0.7188552188552189,0.7166666666666667,0.43333333333333335
C3,VP006,"{""C"": 0.8858667904100825, ""gamma"": ""auto""}",0.6364687440940067,0.7166666666666667,0.706812302385743,0.7503209242618742,0.7166666666666667,0.43333333333333335
Cz,VP006,"{""C"": 5.455594781168517, ""gamma"": ""scale""}",0.6066491844081959,0.7666666666666667,0.7624434389140271,0.7870813397129186,0.7666666666666666,0.5333333333333333
CP5,VP006,"{""C"": 0.42813323987193935, ""gamma"": ""scale""}",0.638053532329416,0.7833333333333333,0.7783461210571185,0.8113553113553114,0.7833333333333333,0.5666666666666667
CP1,VP006,"{""C"": 16.23776739188721, ""gamma"": ""auto""}",0.6399839992888572,0.7166666666666667,0.7127569698676429,0.7291421856639249,0.7166666666666667,0.43333333333333335
P7,VP006,"{""C"": 48.32930238571752, ""gamma"": ""auto""}",0.6530866393880093,0.5666666666666667,0.5666666666666667,0.5666666666666667,0.5666666666666667,0.1333333333333333
P3,VP006,"{""C"": 1.8329807108324356, ""gamma"": ""scale""}",0.649341541338736,0.75,0.7482517482517483,0.7571428571428571,0.75,0.5
Pz,VP006,"{""C"": 3.79269019073225, ""gamma"": ""scale""}",0.6558061821219716,0.7166666666666667,0.7159565580618212,0.7188552188552189,0.7166666666666667,0.43333333333333335
POz,VP006,"{""C"": 2.636650898730358, ""gamma"": ""scale""}",0.6827375850207613,0.65,0.6499027507641011,0.6501668520578421,0.6499999999999999,0.30000000000000004
O1,VP006,"{""C"": 5.455594781168517, ""gamma"": ""scale""}",0.6266002844950214,0.5666666666666667,0.5661846496106786,0.5669642857142857,0.5666666666666667,0.1333333333333333
Fp2,VP006,"{""C"": 0.20691380811147897, ""gamma"": ""auto""}",0.6665332799786581,0.8,0.7997775305895439,0.8013392857142857,0.8,0.6
AF6,VP006,"{""C"": 0.6158482110660264, ""gamma"": ""auto""}",0.677889668734954,0.8666666666666667,0.8666666666666667,0.8666666666666667,0.8666666666666667,0.7333333333333334
F2,VP006,"{""C"": 2.636650898730358, ""gamma"": ""auto""}",0.6265099429109793,0.8,0.7991071428571428,0.8054298642533937,0.8,0.6
FC2,VP006,"{""C"": 0.6158482110660264, ""gamma"": ""scale""}",0.6245050293568795,0.7666666666666667,0.765625,0.7714932126696833,0.7666666666666666,0.5333333333333333
FC6,VP006,"{""C"": 1.2742749857031335, ""gamma"": ""scale""}",0.6262513904338154,0.85,0.847930160518164,0.8701527614571093,0.85,0.7
C4,VP006,"{""C"": 0.42813323987193935, ""gamma"": ""scale""}",0.6253178107854944,0.8,0.7963800904977376,0.8229665071770335,0.8,0.6
T8,VP006,"{""C"": 1.8329807108324356, ""gamma"": ""auto""}",0.5768974737958502,0.7,0.699666295884316,0.7008928571428572,0.7,0.4
CP2,VP006,"{""C"": 1.2742749857031335, ""gamma"": ""scale""}",0.6421843475159121,0.75,0.7376858058874963,0.8077975376196991,0.75,0.5
CP6,VP006,"{""C"": 1.8329807108324356, ""gamma"": ""scale""}",0.6133161473843283,0.7333333333333333,0.7306397306397306,0.7430555555555556,0.7333333333333334,0.4666666666666667
P4,VP006,"{""C"": 2.636650898730358, ""gamma"": ""scale""}",0.6464152286070095,0.7333333333333333,0.7321428571428572,0.7375565610859729,0.7333333333333334,0.4666666666666667
P8,VP006,"{""C"": 7.847599703514611, ""gamma"": ""scale""}",0.6432342317310364,0.7166666666666667,0.7159565580618212,0.7188552188552189,0.7166666666666667,0.43333333333333335
O2,VP006,"{""C"": 33.59818286283781, ""gamma"": ""auto""}",0.6166624073600818,0.5833333333333334,0.5832175604334537,0.5834260289210234,0.5833333333333333,0.16666666666666663
Fp1,VP007,"{""C"": 0.14384498882876628, ""gamma"": ""scale""}",0.6933333333333334,0.7,0.6875,0.7380952380952381,0.7,0.4
AF5,VP007,"{""C"": 0.42813323987193935, ""gamma"": ""auto""}",0.6884735202492211,0.6833333333333333,0.6760443307757886,0.7014652014652014,0.6833333333333333,0.3666666666666667
AFz,VP007,"{""C"": 0.42813323987193935, ""gamma"": ""scale""}",0.6775782544444942,0.6666666666666666,0.6632996632996633,0.6736111111111112,0.6666666666666667,0.33333333333333337
F1,VP007,"{""C"": 0.42813323987193935, ""gamma"": ""auto""}",0.6562716248255833,0.6666666666666666,0.660633484162896,0.6794258373205742,0.6666666666666667,0.33333333333333337
FC5,VP007,"{""C"": 0.6158482110660264, ""gamma"": ""scale""}",0.6546366979244671,0.6666666666666666,0.6651785714285714,0.6696832579185521,0.6666666666666666,0.33333333333333337
FC1,VP007,"{""C"": 0.14384498882876628, ""gamma"": ""auto""}",0.6320085641643249,0.7333333333333333,0.7257142857142858,0.7625,0.7333333333333334,0.4666666666666667
T7,VP007,"{""C"": 69.51927961775606, ""gamma"": ""scale""}",0.6189160278124443,0.6166666666666667,0.613986013986014,0.62,0.6166666666666667,0.23333333333333328
C3,VP007,"{""C"": 0.8858667904100825, ""gamma"": ""scale""}",0.637275536250056,0.7,0.696969696969697,0.7083333333333333,0.7,0.4
Cz,VP007,"{""C"": 2.636650898730358, ""gamma"": ""auto""}",0.6195773081201335,0.7333333333333333,0.7330367074527253,0.734375,0.7333333333333334,0.4666666666666667
CP5,VP007,"{""C"": 16.23776739188721, ""gamma"": ""auto""}",0.6931151040740082,0.6333333333333333,0.6329254727474972,0.6339285714285714,0.6333333333333333,0.2666666666666667
CP1,VP007,"{""C"": 1.8329807108324356, ""gamma"": ""auto""}",0.6399839992888572,0.7166666666666667,0.7165879410947485,0.7169076751946608,0.7166666666666666,0.43333333333333335
P7,VP007,"{""C"": 11.288378916846883, ""gamma"": ""auto""}",0.6499961110679008,0.6833333333333333,0.6832453459294248,0.6835372636262513,0.6833333333333333,0.3666666666666667
P3,VP007,"{""C"": 2.636650898730358, ""gamma"": ""auto""}",0.6397438178260095,0.6166666666666667,0.6165601555987774,0.6167964404894327,0.6166666666666667,0.23333333333333328
Pz,VP007,"{""C"": 1.2742749857031335, ""gamma"": ""scale""}",0.5822890559732665,0.7166666666666667,0.7127569698676429,0.7291421856639249,0.7166666666666667,0.43333333333333335
POz,VP007,"{""C"": 1.8329807108324356, ""gamma"": ""scale""}",0.5930439423590108,0.6833333333333333,0.6789636722050126,0.6938895417156287,0.6833333333333333,0.3666666666666667
O1,VP007,"{""C"": 1.8329807108324356, ""gamma"": ""scale""}",0.5999288762446657,0.5833333333333334,0.5822890559732665,0.5841750841750841,0.5833333333333333,0.16666666666666663
Fp2,VP007,"{""C"": 0.29763514416313175, ""gamma"": ""scale""}",0.6993452407465146,0.7833333333333333,0.7827903091060986,0.7861952861952861,0.7833333333333333,0.5666666666666667
AF6,VP007,"{""C"": 0.20691380811147897, ""gamma"": ""auto""}",0.6517857142857143,0.6333333333333333,0.6266968325791855,0.6435406698564593,0.6333333333333333,0.2666666666666667
F2,VP007,"{""C"": 0.6158482110660264, ""gamma"": ""scale""}",0.6439833180754755,0.6666666666666666,0.660633484162896,0.6794258373205742,0.6666666666666667,0.33333333333333337
FC2,VP007,"{""C"": 0.8858667904100825, ""gamma"": ""auto""}",0.5953965114188096,0.6666666666666666,0.660633484162896,0.6794258373205742,0.6666666666666667,0.33333333333333337
FC6,VP007,"{""C"": 0.8858667904100825, ""gamma"": ""scale""}",0.6418969421791854,0.6666666666666666,0.6651785714285714,0.6696832579185521,0.6666666666666666,0.33333333333333337
C4,VP007,"{""C"": 0.8858667904100825, ""gamma"": ""scale""}",0.6076941131763365,0.7166666666666667,0.7165879410947485,0.7169076751946608,0.7166666666666666,0.43333333333333335
T8,VP007,"{""C"": 2.636650898730358, ""gamma"": ""auto""}",0.6138036948371652,0.65,0.6491228070175439,0.6515151515151515,0.6499999999999999,0.30000000000000004
CP2,VP007,"{""C"": 0.6158482110660264, ""gamma"": ""scale""}",0.6352034270797309,0.7166666666666667,0.7146853146853147,0.7228571428571429,0.7166666666666667,0.43333333333333335
CP6,VP007,"{""C"": 0.6158482110660264, ""gamma"": ""scale""}",0.6164578492734933,0.65,0.6475524475524476,0.6542857142857144,0.6499999999999999,0.30000000000000004
P4,VP007,"{""C"": 0.29763514416313175, ""gamma"": ""scale""}",0.6164578492734933,0.5166666666666667,0.5055413469735721,0.5183150183150182,0.5166666666666666,0.033333333333333326
P8,VP007,"{""C"": 0.6158482110660264, ""gamma"": ""scale""}",0.6166624073600818,0.5166666666666667,0.49985628054038517,0.5192554557124518,0.5166666666666666,0.033333333333333326
O2,VP007,"{""C"": 11.288378916846883, ""gamma"": ""auto""}",0.5762853234577787,0.6,0.6,0.6,0.6,0.19999999999999996
Fp1,VP008,"{""C"": 0.8858667904100825, ""gamma"": ""scale""}",0.6794871794871795,0.5333333333333333,0.5286195286195287,0.5347222222222222,0.5333333333333333,0.06666666666666665
AF5,VP008,"{""C"": 0.42813323987193935, ""gamma"": ""scale""}",0.6633295925510283,0.6166666666666667,0.607843137254902,0.6282051282051282,0.6166666666666667,0.23333333333333328
AFz,VP008,"{""C"": 0.6158482110660264, ""gamma"": ""auto""}",0.6520808243008163,0.6,0.595959595959596,0.6041666666666667,0.6,0.19999999999999996
F1,VP008,"{""C"": 0.20691380811147897, ""gamma"": ""scale""}",0.6661518895348837,0.55,0.5278344505974935,0.5615595075239398,0.55,0.09999999999999998
FC5,VP008,"{""C"": 0.8858667904100825, ""gamma"": ""scale""}",0.6499961110679008,0.6,0.5982142857142857,0.6018099547511313,0.6,0.19999999999999996
FC1,VP008,"{""C"": 0.20691380811147897, ""gamma"": ""scale""}",0.6834976347403886,0.5833333333333334,0.5688416211555045,0.5962772785622593,0.5833333333333334,0.16666666666666663
T7,VP008,"{""C"": 2.636650898730358, ""gamma"": ""scale""}",0.6495288109569533,0.65,0.6499027507641011,0.6501668520578421,0.6499999999999999,0.30000000000000004
C3,VP008,"{""C"": 0.20691380811147897, ""gamma"": ""scale""}",0.6747820588102443,0.5666666666666667,0.5622895622895623,0.5694444444444444,0.5666666666666667,0.1333333333333333
Cz,VP008,"{""C"": 0.8858667904100825, ""gamma"": ""scale""}",0.66,0.5833333333333334,0.5822890559732665,0.5841750841750841,0.5833333333333333,0.16666666666666663
CP5,VP008,"{""C"": 2.636650898730358, ""gamma"": ""auto""}",0.6626999588115461,0.6166666666666667,0.6165601555987774,0.6167964404894327,0.6166666666666667,0.23333333333333328
CP1,VP008,"{""C"": 1.2742749857031335, ""gamma"": ""scale""}",0.6699963332925921,0.65,0.6499027507641011,0.6501668520578421,0.6499999999999999,0.30000000000000004
P7,VP008,"{""C"": 3.79269019073225, ""gamma"": ""auto""}",0.6450892857142857,0.6,0.5982142857142857,0.6018099547511313,0.6,0.19999999999999996
P3,VP008,"{""C"": 1.2742749857031335, ""gamma"": ""scale""}",0.6464152286070095,0.6,0.5982142857142857,0.6018099547511313,0.6,0.19999999999999996
Pz,VP008,"{""C"": 0.14384498882876628, ""gamma"": ""scale""}",0.639599555061179,0.5666666666666667,0.5588235294117647,0.5717703349282297,0.5666666666666667,0.1333333333333333
POz,VP008,"{""C"": 1.8329807108324356, ""gamma"": ""auto""}",0.6129032258064516,0.6333333333333333,0.6180555555555556,0.6587301587301587,0.6333333333333333,0.2666666666666667
O1,VP008,"{""C"": 7.847599703514611, ""gamma"": ""auto""}",0.5995550611790879,0.5666666666666667,0.5622895622895623,0.5694444444444444,0.5666666666666667,0.1333333333333333
Fp2,VP008,"{""C"": 0.8858667904100825, ""gamma"": ""scale""}",0.6993452407465146,0.5333333333333333,0.5248868778280543,0.5358851674641147,0.5333333333333333,0.06666666666666665
AF6,VP008,"{""C"": 0.8858667904100825, ""gamma"": ""auto""}",0.660979020979021,0.6666666666666666,0.6666666666666666,0.6666666666666666,0.6666666666666666,0.33333333333333337
F2,VP008,"{""C"": 1.8329807108324356, ""gamma"": ""auto""}",0.6527777777777777,0.6166666666666667,0.6157059314954052,0.6178451178451179,0.6166666666666667,0.23333333333333328
FC2,VP008,"{""C"": 0.8858667904100825, ""gamma"": ""auto""}",0.6456587627027991,0.5833333333333334,0.5775837792171219,0.5881316098707403,0.5833333333333333,0.16666666666666663
FC6,VP008,"{""C"": 0.8858667904100825, ""gamma"": ""auto""}",0.6168582375478927,0.55,0.5343489508479448,0.5577663671373556,0.5499999999999999,0.09999999999999998
C4,VP008,"{""C"": 0.8858667904100825, ""gamma"": ""scale""}",0.6565712697971658,0.55,0.5468531468531468,0.5514285714285714,0.55,0.09999999999999998
T8,VP008,"{""C"": 16.23776739188721, ""gamma"": ""auto""}",0.5741636954991003,0.4666666666666667,0.4570135746606335,0.46411483253588515,0.4666666666666667,-0.06666666666666665
CP2,VP008,"{""C"": 5.455594781168517, ""gamma"": ""auto""}",0.6531946111778044,0.6333333333333333,0.6329254727474972,0.6339285714285714,0.6333333333333333,0.2666666666666667
CP6,VP008,"{""C"": 11.288378916846883, ""gamma"": ""auto""}",0.6285099119802764,0.55,0.5437904815544916,0.5528789659224442,0.55,0.09999999999999998
P4,VP008,"{""C"": 5.455594781168517, ""gamma"": ""auto""}",0.6399839992888572,0.65,0.6499027507641011,0.6501668520578421,0.6499999999999999,0.30000000000000004
P8,VP008,"{""C"": 2.636650898730358, ""gamma"": ""auto""}",0.6061598876699505,0.55,0.5488721804511278,0.5505050505050505,0.55,0.09999999999999998
O2,VP008,"{""C"": 1.8329807108324356, ""gamma"": ""scale""}",0.6032936626996033,0.5166666666666667,0.5154553049289892,0.5168350168350169,0.5166666666666666,0.033333333333333326
Fp1,VP009,"{""C"": 3.79269019073225, ""gamma"": ""scale""}",0.6327457264957266,0.6,0.5927601809954751,0.6076555023923444,0.6,0.19999999999999996
AF5,VP009,"{""C"": 0.8858667904100825, ""gamma"": ""scale""}",0.625601711535033,0.55,0.5468531468531468,0.5514285714285714,0.55,0.09999999999999998
AFz,VP009,"{""C"": 7.847599703514611, ""gamma"": ""auto""}",0.6266666666666667,0.5,0.5,0.5,0.5,0.0
F1,VP009,"{""C"": 0.8858667904100825, ""gamma"": ""scale""}",0.6415770609318996,0.6666666666666666,0.6632996632996633,0.6736111111111112,0.6666666666666667,0.33333333333333337
FC5,VP009,"{""C"": 23.357214690901213, ""gamma"": ""auto""}",0.6354962044788265,0.5166666666666667,0.5099971838918614,0.517626321974148,0.5166666666666666,0.033333333333333326
FC1,VP009,"{""C"": 0.20691380811147897, ""gamma"": ""scale""}",0.6442255062944718,0.55,0.5396419437340154,0.554945054945055,0.55,0.09999999999999998
T7,VP009,"{""C"": 100.0, ""gamma"": ""auto""}",0.639599555061179,0.65,0.6419437340153453,0.6648351648351649,0.65,0.30000000000000004
C3,VP009,"{""C"": 2.636650898730358, ""gamma"": ""auto""}",0.6491228070175439,0.6666666666666666,0.6632996632996633,0.6736111111111112,0.6666666666666667,0.33333333333333337
Cz,VP009,"{""C"": 0.29763514416313175, ""gamma"": ""auto""}",0.6233859397417504,0.65,0.6475524475524476,0.6542857142857144,0.6499999999999999,0.30000000000000004
CP5,VP009,"{""C"": 2.636650898730358, ""gamma"": ""auto""}",0.6712292002147074,0.7,0.699666295884316,0.7008928571428572,0.7,0.4
CP1,VP009,"{""C"": 5.455594781168517, ""gamma"": ""scale""}",0.6366303296996366,0.6833333333333333,0.6832453459294248,0.6835372636262513,0.6833333333333333,0.3666666666666667
P7,VP009,"{""C"": 5.455594781168517, ""gamma"": ""auto""}",0.6466666666666666,0.7166666666666667,0.7101449275362319,0.7380952380952381,0.7166666666666667,0.43333333333333335
P3,VP009,"{""C"": 0.8858667904100825, ""gamma"": ""auto""}",0.651813754494561,0.7166666666666667,0.7101449275362319,0.7380952380952381,0.7166666666666667,0.43333333333333335
Pz,VP009,"{""C"": 0.8858667904100825, ""gamma"": ""auto""}",0.6288080614417406,0.7,0.696969696969697,0.7083333333333333,0.7,0.4
POz,VP009,"{""C"": 1.8329807108324356, ""gamma"": ""scale""}",0.6365657126979717,0.6833333333333333,0.6825396825396826,0.6851851851851851,0.6833333333333333,0.3666666666666667
O1,VP009,"{""C"": 0.42813323987193935, ""gamma"": ""scale""}",0.5991269876620196,0.5833333333333334,0.5822890559732665,0.5841750841750841,0.5833333333333333,0.16666666666666663
Fp2,VP009,"{""C"": 0.29763514416313175, ""gamma"": ""auto""}",0.6432342317310364,0.5833333333333334,0.5688416211555045,0.5962772785622593,0.5833333333333334,0.16666666666666663
AF6,VP009,"{""C"": 69.51927961775606, ""gamma"": ""auto""}",0.6297984458205023,0.4666666666666667,0.4660734149054505,0.46651785714285715,0.4666666666666667,-0.06666666666666665
F2,VP009,"{""C"": 1.8329807108324356, ""gamma"": ""auto""}",0.6376811594202898,0.6,0.5927601809954751,0.6076555023923444,0.6,0.19999999999999996
FC2,VP009,"{""C"": 7.847599703514611, ""gamma"": ""scale""}",0.6231281475469979,0.55,0.5498749652681301,0.550055617352614,0.55,0.09999999999999998
FC6,VP009,"{""C"": 1.8329807108324356, ""gamma"": ""auto""}",0.634129816161525,0.6,0.5833333333333333,0.6190476190476191,0.6000000000000001,0.19999999999999996
C4,VP009,"{""C"": 0.6158482110660264, ""gamma"": ""auto""}",0.6236395076797885,0.6,0.5927601809954751,0.6076555023923444,0.6,0.19999999999999996
T8,VP009,"{""C"": 11.288378916846883, ""gamma"": ""auto""}",0.609266288920306,0.65,0.6451703745423825,0.6586368977673325,0.65,0.30000000000000004
CP2,VP009,"{""C"": 2.636650898730358, ""gamma"": ""scale""}",0.6161506024766631,0.65,0.6499027507641011,0.6501668520578421,0.6499999999999999,0.30000000000000004
CP6,VP009,"{""C"": 1.8329807108324356, ""gamma"": ""auto""}",0.6485904572786398,0.6833333333333333,0.6825396825396826,0.6851851851851851,0.6833333333333333,0.3666666666666667
P4,VP009,"{""C"": 0.42813323987193935, ""gamma"": ""auto""}",0.649341541338736,0.7,0.6945701357466063,0.715311004784689,0.7,0.4
P8,VP009,"{""C"": 33.59818286283781, ""gamma"": ""auto""}",0.62996299629963,0.6666666666666666,0.6651785714285714,0.6696832579185521,0.6666666666666666,0.33333333333333337
O2,VP009,"{""C"": 1.2742749857031335, ""gamma"": ""auto""}",0.6262513904338154,0.5333333333333333,0.53125,0.5339366515837104,0.5333333333333333,0.06666666666666665
Fp1,VP010,"{""C"": 0.6158482110660264, ""gamma"": ""scale""}",0.6760583762843562,0.5,0.4712103407755582,0.5,0.5,0.0
AF5,VP010,"{""C"": 0.8858667904100825, ""gamma"": ""scale""}",0.6793015901296156,0.5833333333333334,0.5368941031182464,0.6391465677179963,0.5833333333333334,0.16666666666666663
AFz,VP010,"{""C"": 0.8858667904100825, ""gamma"": ""scale""}",0.638053532329416,0.48333333333333334,0.4578839988341591,0.4794801641586867,0.4833333333333333,-0.03333333333333344
F1,VP010,"{""C"": 0.29763514416313175, ""gamma"": ""scale""}",0.6555760659132862,0.5,0.4857142857142857,0.5,0.5,0.0
FC5,VP010,"{""C"": 0.29763514416313175, ""gamma"": ""scale""}",0.6498093406410157,0.5666666666666667,0.548611111111111,0.5793650793650794,0.5666666666666667,0.1333333333333333
FC1,VP010,"{""C"": 0.29763514416313175, ""gamma"": ""scale""}",0.6513635184077806,0.5166666666666667,0.5132867132867133,0.5171428571428571,0.5166666666666666,0.033333333333333326
T7,VP010,"{""C"": 0.6158482110660264, ""gamma"": ""auto""}",0.6782698065150364,0.4666666666666667,0.4660734149054505,0.46651785714285715,0.4666666666666667,-0.06666666666666665
C3,VP010,"{""C"": 0.8858667904100825, ""gamma"": ""scale""}",0.6645195920558239,0.6,0.5995550611790879,0.6004464285714286,0.6,0.19999999999999996
Cz,VP010,"{""C"": 2.636650898730358, ""gamma"": ""auto""}",0.6131786047752434,0.5666666666666667,0.5661846496106786,0.5669642857142857,0.5666666666666667,0.1333333333333333
CP5,VP010,"{""C"": 1.2742749857031335, ""gamma"": ""scale""}",0.6960960024935713,0.7166666666666667,0.7165879410947485,0.7169076751946608,0.7166666666666666,0.43333333333333335
CP1,VP010,"{""C"": 0.6158482110660264, ""gamma"": ""scale""}",0.6596996821617493,0.6666666666666666,0.6662958843159066,0.6674107142857143,0.6666666666666666,0.33333333333333337
P7,VP010,"{""C"": 5.455594781168517, ""gamma"": ""scale""}",0.6383928571428572,0.5833333333333334,0.5832175604334537,0.5834260289210234,0.5833333333333333,0.16666666666666663
P3,VP010,"{""C"": 0.8858667904100825, ""gamma"": ""auto""}",0.6447562446936861,0.6833333333333333,0.667735354124162,0.725718194254446,0.6833333333333333,0.3666666666666667
Pz,VP010,"{""C"": 1.2742749857031335, ""gamma"": ""scale""}",0.6488724905529979,0.6166666666666667,0.6157059314954052,0.6178451178451179,0.6166666666666667,0.23333333333333328
POz,VP010,"{""C"": 1.2742749857031335, ""gamma"": ""auto""}",0.6242619431025228,0.6,0.5927601809954751,0.6076555023923444,0.6,0.19999999999999996
O1,VP010,"{""C"": 1.8329807108324356, ""gamma"": ""auto""}",0.5984748793737558,0.6166666666666667,0.5977849023608277,0.6436388508891929,0.6166666666666667,0.23333333333333328
Fp2,VP010,"{""C"": 0.42813323987193935, ""gamma"": ""auto""}",0.6796440489432702,0.5166666666666667,0.49985628054038517,0.5192554557124518,0.5166666666666666,0.033333333333333326
AF6,VP010,"{""C"": 0.8858667904100825, ""gamma"": ""auto""}",0.6175523349436394,0.5666666666666667,0.5417156286721504,0.5852272727272727,0.5666666666666667,0.1333333333333333
F2,VP010,"{""C"": 0.29763514416313175, ""gamma"": ""scale""}",0.6341258741258742,0.55,0.52,0.5666666666666667,0.55,0.09999999999999998
FC2,VP010,"{""C"": 1.2742749857031335, ""gamma"": ""auto""}",0.6327452015408979,0.5333333333333333,0.5286195286195287,0.5347222222222222,0.5333333333333333,0.06666666666666665
FC6,VP010,"{""C"": 48.32930238571752, ""gamma"": ""scale""}",0.6195773081201335,0.5333333333333333,0.53125,0.5339366515837104,0.5333333333333333,0.06666666666666665
C4,VP010,"{""C"": 1.8329807108324356, ""gamma"": ""auto""}",0.628178072555522,0.6,0.595959595959596,0.6041666666666667,0.6,0.19999999999999996
T8,VP010,"{""C"": 0.8858667904100825, ""gamma"": ""scale""}",0.5669930069930069,0.55,0.5343489508479448,0.5577663671373556,0.5499999999999999,0.09999999999999998
CP2,VP010,"{""C"": 5.455594781168517, ""gamma"": ""auto""}",0.6198479391756703,0.6166666666666667,0.6157059314954052,0.6178451178451179,0.6166666666666667,0.23333333333333328
CP6,VP010,"{""C"": 5.455594781168517, ""gamma"": ""auto""}",0.6357560568086884,0.65,0.6451703745423825,0.6586368977673325,0.65,0.30000000000000004
P4,VP010,"{""C"": 1.2742749857031335, ""gamma"": ""scale""}",0.6233291481016456,0.65,0.6499027507641011,0.6501668520578421,0.6499999999999999,0.30000000000000004
P8,VP010,"{""C"": 48.32930238571752, ""gamma"": ""auto""}",0.6392142888958176,0.6166666666666667,0.6033342914630642,0.634788189987163,0.6166666666666667,0.23333333333333328
O2,VP010,"{""C"": 16.23776739188721, ""gamma"": ""auto""}",0.5999822214320636,0.6166666666666667,0.6157059314954052,0.6178451178451179,0.6166666666666667,0.23333333333333328
Fp1,VP011,"{""C"": 0.29763514416313175, ""gamma"": ""scale""}",0.671875,0.55,0.5343489508479448,0.5577663671373556,0.5499999999999999,0.09999999999999998
AF5,VP011,"{""C"": 0.42813323987193935, ""gamma"": ""auto""}",0.660584064253789,0.5833333333333334,0.5628096764791606,0.6025991792065664,0.5833333333333334,0.16666666666666663
AFz,VP011,"{""C"": 0.20691380811147897, ""gamma"": ""auto""}",0.6488226554409977,0.5833333333333334,0.5251661918328585,0.6633986928104576,0.5833333333333334,0.16666666666666663
F1,VP011,"{""C"": 0.29763514416313175, ""gamma"": ""auto""}",0.6310545971499815,0.5833333333333334,0.5628096764791606,0.6025991792065664,0.5833333333333334,0.16666666666666663
FC5,VP011,"{""C"": 2.636650898730358, ""gamma"": ""auto""}",0.643992655949129,0.5666666666666667,0.5588235294117647,0.5717703349282297,0.5666666666666667,0.1333333333333333
FC1,VP011,"{""C"": 0.14384498882876628, ""gamma"": ""auto""}",0.6066666666666667,0.5833333333333334,0.5628096764791606,0.6025991792065664,0.5833333333333334,0.16666666666666663
T7,VP011,"{""C"": 0.42813323987193935, ""gamma"": ""scale""}",0.6563573883161512,0.6166666666666667,0.613986013986014,0.62,0.6166666666666667,0.23333333333333328
C3,VP011,"{""C"": 1.8329807108324356, ""gamma"": ""scale""}",0.6166283294996167,0.5666666666666667,0.5661846496106786,0.5669642857142857,0.5666666666666667,0.1333333333333333
Cz,VP011,"{""C"": 0.8858667904100825, ""gamma"": ""scale""}",0.5799813325036669,0.6333333333333333,0.6228571428571429,0.6499999999999999,0.6333333333333333,0.2666666666666667
CP5,VP011,"{""C"": 1.8329807108324356, ""gamma"": ""auto""}",0.6399359886201992,0.6166666666666667,0.6157059314954052,0.6178451178451179,0.6166666666666667,0.23333333333333328
CP1,VP011,"{""C"": 0.8858667904100825, ""gamma"": ""scale""}",0.6133333333333333,0.65,0.6266666666666667,0.7,0.65,0.30000000000000004
P7,VP011,"{""C"": 3.79269019073225, ""gamma"": ""scale""}",0.6430120441730891,0.65,0.6378269617706237,0.6732991014120667,0.65,0.30000000000000004
P3,VP011,"{""C"": 1.8329807108324356, ""gamma"": ""scale""}",0.6361775275648371,0.6333333333333333,0.6296296296296295,0.6388888888888888,0.6333333333333333,0.2666666666666667
Pz,VP011,"{""C"": 1.2742749857031335, ""gamma"": ""scale""}",0.6365657126979717,0.6,0.5833333333333333,0.6190476190476191,0.6000000000000001,0.19999999999999996
POz,VP011,"{""C"": 1.8329807108324356, ""gamma"": ""auto""}",0.637275536250056,0.5833333333333334,0.5822890559732665,0.5841750841750841,0.5833333333333333,0.16666666666666663
O1,VP011,"{""C"": 11.288378916846883, ""gamma"": ""auto""}",0.6063867639210105,0.5166666666666667,0.5165323701028064,0.5166852057842046,0.5166666666666666,0.033333333333333326
Fp2,VP011,"{""C"": 0.20691380811147897, ""gamma"": ""scale""}",0.6794871794871795,0.5166666666666667,0.49285922471582627,0.5205198358413132,0.5166666666666666,0.033333333333333326
AF6,VP011,"{""C"": 0.29763514416313175, ""gamma"": ""scale""}",0.6578099838969405,0.5666666666666667,0.5125,0.62,0.5666666666666667,0.1333333333333333
F2,VP011,"{""C"": 1.2742749857031335, ""gamma"": ""auto""}",0.6408391608391608,0.5833333333333334,0.5688416211555045,0.5962772785622593,0.5833333333333334,0.16666666666666663
FC2,VP011,"{""C"": 33.59818286283781, ""gamma"": ""auto""}",0.6127136752136753,0.5333333333333333,0.5286195286195287,0.5347222222222222,0.5333333333333333,0.06666666666666665
FC6,VP011,"{""C"": 1.2742749857031335, ""gamma"": ""auto""}",0.6021399028951627,0.55,0.5343489508479448,0.5577663671373556,0.5499999999999999,0.09999999999999998
C4,VP011,"{""C"": 33.59818286283781, ""gamma"": ""auto""}",0.6122303440898555,0.5333333333333333,0.5328142380422691,0.5334821428571428,0.5333333333333333,0.06666666666666665
T8,VP011,"{""C"": 7.847599703514611, ""gamma"": ""auto""}",0.5854876091995008,0.5333333333333333,0.5248868778280543,0.5358851674641147,0.5333333333333333,0.06666666666666665
CP2,VP011,"{""C"": 23.357214690901213, ""gamma"": ""auto""}",0.6238412968519099,0.5333333333333333,0.53125,0.5339366515837104,0.5333333333333333,0.06666666666666665
CP6,VP011,"{""C"": 11.288378916846883, ""gamma"": ""auto""}",0.6296667000300271,0.5833333333333334,0.5832175604334537,0.5834260289210234,0.5833333333333333,0.16666666666666663
P4,VP011,"{""C"": 1.8329807108324356, ""gamma"": ""auto""}",0.6331866079765239,0.6166666666666667,0.6157059314954052,0.6178451178451179,0.6166666666666667,0.23333333333333328
P8,VP011,"{""C"": 7.847599703514611, ""gamma"": ""auto""}",0.5899589958995899,0.5833333333333334,0.5775837792171219,0.5881316098707403,0.5833333333333333,0.16666666666666663
O2,VP011,"{""C"": 5.455594781168517, ""gamma"": ""auto""}",0.579925320056899,0.6166666666666667,0.6165601555987774,0.6167964404894327,0.6166666666666667,0.23333333333333328
Fp1,VP012,"{""C"": 0.42813323987193935, ""gamma"": ""auto""}",0.6211062802472309,0.6666666666666666,0.6632996632996633,0.6736111111111112,0.6666666666666667,0.33333333333333337
AF5,VP012,"{""C"": 1.2742749857031335, ""gamma"": ""auto""}",0.6623294763855747,0.5666666666666667,0.5622895622895623,0.5694444444444444,0.5666666666666667,0.1333333333333333
AFz,VP012,"{""C"": 1.2742749857031335, ""gamma"": ""scale""}",0.6116071428571428,0.5833333333333334,0.5804195804195804,0.5857142857142856,0.5833333333333333,0.16666666666666663
F1,VP012,"{""C"": 0.14384498882876628, ""gamma"": ""auto""}",0.6003858343668182,0.5,0.45054945054945056,0.5,0.5,0.0
FC5,VP012,"{""C"": 0.29763514416313175, ""gamma"": ""auto""}",0.6295018858687791,0.55,0.5396419437340154,0.554945054945055,0.55,0.09999999999999998
FC1,VP012,"{""C"": 3.79269019073225, ""gamma"": ""auto""}",0.6193910256410255,0.48333333333333334,0.4831897749374826,0.4833147942157954,0.48333333333333334,-0.03333333333333344
T7,VP012,"{""C"": 0.6158482110660264, ""gamma"": ""scale""}",0.6154317753675692,0.5166666666666667,0.5154553049289892,0.5168350168350169,0.5166666666666666,0.033333333333333326
C3,VP012,"{""C"": 1.2742749857031335, ""gamma"": ""scale""}",0.6322873952576217,0.55,0.5498749652681301,0.550055617352614,0.55,0.09999999999999998
Cz,VP012,"{""C"": 0.8858667904100825, ""gamma"": ""auto""}",0.6329254727474972,0.45,0.44862155388471175,0.4494949494949495,0.45,-0.10000000000000009
CP5,VP012,"{""C"": 7.847599703514611, ""gamma"": ""auto""}",0.6223893065998329,0.45,0.44862155388471175,0.4494949494949495,0.45,-0.10000000000000009
CP1,VP012,"{""C"": 5.455594781168517, ""gamma"": ""auto""}",0.6329254727474972,0.5333333333333333,0.5286195286195287,0.5347222222222222,0.5333333333333333,0.06666666666666665
P7,VP012,"{""C"": 5.455594781168517, ""gamma"": ""auto""}",0.6345184473181253,0.55,0.5468531468531468,0.5514285714285714,0.55,0.09999999999999998
P3,VP012,"{""C"": 0.42813323987193935, ""gamma"": ""scale""}",0.6274125874125873,0.5,0.5,0.5,0.5,0.0
Pz,VP012,"{""C"": 0.8858667904100825, ""gamma"": ""auto""}",0.6212121212121212,0.5166666666666667,0.49285922471582627,0.5205198358413132,0.5166666666666666,0.033333333333333326
POz,VP012,"{""C"": 2.636650898730358, ""gamma"": ""auto""}",0.6248943959448043,0.55,0.5468531468531468,0.5514285714285714,0.55,0.09999999999999998
O1,VP012,"{""C"": 7.847599703514611, ""gamma"": ""auto""}",0.5985547972701726,0.5666666666666667,0.5661846496106786,0.5669642857142857,0.5666666666666667,0.1333333333333333
Fp2,VP012,"{""C"": 0.42813323987193935, ""gamma"": ""scale""}",0.6283034953111679,0.6166666666666667,0.6113770768797522,0.6233842538190364,0.6166666666666667,0.23333333333333328
AF6,VP012,"{""C"": 0.8858667904100825, ""gamma"": ""auto""}",0.5941558441558441,0.5166666666666667,0.49285922471582627,0.5205198358413132,0.5166666666666666,0.033333333333333326
F2,VP012,"{""C"": 0.6158482110660264, ""gamma"": ""auto""}",0.5934775735128055,0.5333333333333333,0.513888888888889,0.5396825396825398,0.5333333333333333,0.06666666666666665
FC2,VP012,"{""C"": 0.6158482110660264, ""gamma"": ""auto""}",0.6076941131763365,0.43333333333333335,0.4097222222222222,0.42063492063492064,0.43333333333333335,-0.1333333333333333
FC6,VP012,"{""C"": 0.42813323987193935, ""gamma"": ""scale""}",0.6116071428571428,0.48333333333333334,0.4578839988341591,0.4794801641586867,0.4833333333333333,-0.03333333333333344
C4,VP012,"{""C"": 0.14384498882876628, ""gamma"": ""scale""}",0.6112426828723356,0.43333333333333335,0.3899521531100479,0.40683229813664595,0.4333333333333333,-0.1333333333333333
T8,VP012,"{""C"": 5.455594781168517, ""gamma"": ""auto""}",0.6113770768797522,0.5166666666666667,0.4744790093627303,0.5245499181669394,0.5166666666666667,0.033333333333333326
CP2,VP012,"{""C"": 3.79269019073225, ""gamma"": ""auto""}",0.6333333333333333,0.43333333333333335,0.43270300333704115,0.4330357142857143,0.43333333333333335,-0.1333333333333333
CP6,VP012,"{""C"": 23.357214690901213, ""gamma"": ""scale""}",0.6398559423769508,0.4666666666666667,0.4642857142857143,0.4660633484162896,0.4666666666666667,-0.06666666666666665
P4,VP012,"{""C"": 0.14384498882876628, ""gamma"": ""scale""}",0.6364687440940067,0.5166666666666667,0.48444444444444446,0.5222222222222221,0.5166666666666667,0.033333333333333326
P8,VP012,"{""C"": 5.455594781168517, ""gamma"": ""scale""}",0.6397438178260095,0.48333333333333334,0.4653636102328256,0.4807445442875481,0.4833333333333333,-0.03333333333333344
O2,VP012,"{""C"": 3.79269019073225, ""gamma"": ""auto""}",0.5950423364830041,0.5166666666666667,0.5165323701028064,0.5166852057842046,0.5166666666666666,0.033333333333333326
Fp1,VP013,"{""C"": 0.29763514416313175, ""gamma"": ""scale""}",0.6708611347454212,0.6833333333333333,0.6723196320781835,0.7118100128369704,0.6833333333333333,0.3666666666666667
AF5,VP013,"{""C"": 0.6158482110660264, ""gamma"": ""scale""}",0.6223700773242222,0.75,0.7493734335839599,0.7525252525252526,0.75,0.5
AFz,VP013,"{""C"": 2.636650898730358, ""gamma"": ""auto""}",0.5953965114188096,0.6833333333333333,0.6760443307757886,0.7014652014652014,0.6833333333333333,0.3666666666666667
F1,VP013,"{""C"": 33.59818286283781, ""gamma"": ""scale""}",0.5698805223673242,0.6666666666666666,0.6571428571428571,0.6875,0.6666666666666667,0.33333333333333337
FC5,VP013,"{""C"": 2.636650898730358, ""gamma"": ""auto""}",0.6046184173472261,0.6833333333333333,0.6811188811188811,0.6885714285714286,0.6833333333333333,0.3666666666666667
FC1,VP013,"{""C"": 0.6158482110660264, ""gamma"": ""scale""}",0.5892255892255892,0.75,0.7482517482517483,0.7571428571428571,0.75,0.5
T7,VP013,"{""C"": 11.288378916846883, ""gamma"": ""scale""}",0.6127136752136753,0.7,0.6986607142857143,0.7036199095022624,0.7,0.4
C3,VP013,"{""C"": 0.6158482110660264, ""gamma"": ""scale""}",0.6420692449687092,0.7666666666666667,0.7664071190211346,0.7678571428571428,0.7666666666666666,0.5333333333333333
Cz,VP013,"{""C"": 0.8858667904100825, ""gamma"": ""scale""}",0.6144001967117837,0.65,0.6499027507641011,0.6501668520578421,0.6499999999999999,0.30000000000000004
CP5,VP013,"{""C"": 2.636650898730358, ""gamma"": ""auto""}",0.6461004273504274,0.7166666666666667,0.7159565580618212,0.7188552188552189,0.7166666666666667,0.43333333333333335
CP1,VP013,"{""C"": 0.8858667904100825, ""gamma"": ""scale""}",0.6450892857142857,0.6833333333333333,0.6811188811188811,0.6885714285714286,0.6833333333333333,0.3666666666666667
P7,VP013,"{""C"": 1.8329807108324356, ""gamma"": ""scale""}",0.6517857142857143,0.6833333333333333,0.6825396825396826,0.6851851851851851,0.6833333333333333,0.3666666666666667
P3,VP013,"{""C"": 3.79269019073225, ""gamma"": ""scale""}",0.6542657342657343,0.6,0.595959595959596,0.6041666666666667,0.6,0.19999999999999996
Pz,VP013,"{""C"": 1.2742749857031335, ""gamma"": ""scale""}",0.6563573883161512,0.55,0.5488721804511278,0.5505050505050505,0.55,0.09999999999999998
POz,VP013,"{""C"": 3.79269019073225, ""gamma"": ""auto""}",0.6564796389145201,0.5666666666666667,0.5661846496106786,0.5669642857142857,0.5666666666666667,0.1333333333333333
O1,VP013,"{""C"": 2.636650898730358, ""gamma"": ""auto""}",0.6348775667437108,0.5666666666666667,0.5647321428571428,0.5678733031674208,0.5666666666666667,0.1333333333333333
Fp2,VP013,"{""C"": 1.2742749857031335, ""gamma"": ""scale""}",0.6341258741258742,0.6833333333333333,0.6789636722050126,0.6938895417156287,0.6833333333333333,0.3666666666666667
AF6,VP013,"{""C"": 33.59818286283781, ""gamma"": ""scale""}",0.5797011207970113,0.6833333333333333,0.6811188811188811,0.6885714285714286,0.6833333333333333,0.3666666666666667
F2,VP013,"{""C"": 0.42813323987193935, ""gamma"": ""scale""}",0.5622895622895623,0.7666666666666667,0.765625,0.7714932126696833,0.7666666666666666,0.5333333333333333
FC2,VP013,"{""C"": 0.8858667904100825, ""gamma"": ""auto""}",0.5603354978354979,0.75,0.7499305362600722,0.7502780867630701,0.75,0.5
FC6,VP013,"{""C"": 1.2742749857031335, ""gamma"": ""scale""}",0.5558326190290657,0.65,0.6378269617706237,0.6732991014120667,0.65,0.30000000000000004
C4,VP013,"{""C"": 2.636650898730358, ""gamma"": ""auto""}",0.5883488213835495,0.7166666666666667,0.7127569698676429,0.7291421856639249,0.7166666666666667,0.43333333333333335
T8,VP013,"{""C"": 2.636650898730358, ""gamma"": ""scale""}",0.5465860597439545,0.5,0.4791666666666667,0.5,0.5,0.0
CP2,VP013,"{""C"": 1.2742749857031335, ""gamma"": ""scale""}",0.6366626295847732,0.7,0.6986607142857143,0.7036199095022624,0.7,0.4
CP6,VP013,"{""C"": 1.8329807108324356, ""gamma"": ""scale""}",0.6266002844950214,0.6666666666666666,0.6527777777777778,0.6984126984126984,0.6666666666666667,0.33333333333333337
P4,VP013,"{""C"": 48.32930238571752, ""gamma"": ""auto""}",0.6432342317310364,0.6166666666666667,0.6165601555987774,0.6167964404894327,0.6166666666666667,0.23333333333333328
P8,VP013,"{""C"": 48.32930238571752, ""gamma"": ""auto""}",0.6365657126979717,0.7,0.699666295884316,0.7008928571428572,0.7,0.4
O2,VP013,"{""C"": 23.357214690901213, ""gamma"": ""scale""}",0.6262513904338154,0.6,0.5995550611790879,0.6004464285714286,0.6,0.19999999999999996
Fp1,VP014,"{""C"": 0.29763514416313175, ""gamma"": ""auto""}",0.69245854876092,0.8,0.7991071428571428,0.8054298642533937,0.8,0.6
AF5,VP014,"{""C"": 0.14384498882876628, ""gamma"": ""scale""}",0.7044467332407863,0.7,0.699666295884316,0.7008928571428572,0.7,0.4
AFz,VP014,"{""C"": 0.42813323987193935, ""gamma"": ""scale""}",0.6584821428571428,0.7333333333333333,0.7321428571428572,0.7375565610859729,0.7333333333333334,0.4666666666666667
F1,VP014,"{""C"": 0.42813323987193935, ""gamma"": ""auto""}",0.6514589570579561,0.7333333333333333,0.7321428571428572,0.7375565610859729,0.7333333333333334,0.4666666666666667
FC5,VP014,"{""C"": 11.288378916846883, ""gamma"": ""auto""}",0.6432342317310364,0.8,0.8,0.8,0.8,0.6
FC1,VP014,"{""C"": 1.8329807108324356, ""gamma"": ""auto""}",0.6133161473843283,0.7,0.699666295884316,0.7008928571428572,0.7,0.4
T7,VP014,"{""C"": 0.6158482110660264, ""gamma"": ""scale""}",0.6432342317310364,0.7166666666666667,0.7159565580618212,0.7188552188552189,0.7166666666666667,0.43333333333333335
C3,VP014,"{""C"": 0.8858667904100825, ""gamma"": ""scale""}",0.6313508199651459,0.7333333333333333,0.7330367074527253,0.734375,0.7333333333333334,0.4666666666666667
Cz,VP014,"{""C"": 1.2742749857031335, ""gamma"": ""scale""}",0.5999288762446657,0.7166666666666667,0.7159565580618212,0.7188552188552189,0.7166666666666667,0.43333333333333335
CP5,VP014,"{""C"": 0.8858667904100825, ""gamma"": ""scale""}",0.6488724905529979,0.7166666666666667,0.7165879410947485,0.7169076751946608,0.7166666666666666,0.43333333333333335
CP1,VP014,"{""C"": 100.0, ""gamma"": ""auto""}",0.6097875509999889,0.6166666666666667,0.6165601555987774,0.6167964404894327,0.6166666666666667,0.23333333333333328
P7,VP014,"{""C"": 69.51927961775606, ""gamma"": ""auto""}",0.6199831103604605,0.5833333333333334,0.5628096764791606,0.6025991792065664,0.5833333333333334,0.16666666666666663
P3,VP014,"{""C"": 2.636650898730358, ""gamma"": ""scale""}",0.6266666666666667,0.6166666666666667,0.6165601555987774,0.6167964404894327,0.6166666666666667,0.23333333333333328
Pz,VP014,"{""C"": 0.8858667904100825, ""gamma"": ""scale""}",0.622119918404655,0.5666666666666667,0.5661846496106786,0.5669642857142857,0.5666666666666667,0.1333333333333333
POz,VP014,"{""C"": 3.79269019073225, ""gamma"": ""auto""}",0.609474960780605,0.5,0.4994438264738599,0.5,0.5,0.0
O1,VP014,"{""C"": 0.1, ""gamma"": ""scale""}",0.5915178571428572,0.4666666666666667,0.4570135746606335,0.46411483253588515,0.4666666666666667,-0.06666666666666665
Fp2,VP014,"{""C"": 0.6158482110660264, ""gamma"": ""auto""}",0.6827375850207613,0.75,0.7482517482517483,0.7571428571428571,0.75,0.5
AF6,VP014,"{""C"": 0.6158482110660264, ""gamma"": ""auto""}",0.6596996821617493,0.7333333333333333,0.7321428571428572,0.7375565610859729,0.7333333333333334,0.4666666666666667
F2,VP014,"{""C"": 0.6158482110660264, ""gamma"": ""auto""}",0.6288080614417406,0.7333333333333333,0.7321428571428572,0.7375565610859729,0.7333333333333334,0.4666666666666667
FC2,VP014,"{""C"": 23.357214690901213, ""gamma"": ""auto""}",0.609995666618518,0.7333333333333333,0.7330367074527253,0.734375,0.7333333333333334,0.4666666666666667
FC6,VP014,"{""C"": 0.42813323987193935, ""gamma"": ""scale""}",0.6260683760683761,0.75,0.7465502675302731,0.7643948296122209,0.75,0.5
C4,VP014,"{""C"": 0.29763514416313175, ""gamma"": ""scale""}",0.6466666666666666,0.7333333333333333,0.7333333333333333,0.7333333333333333,0.7333333333333333,0.4666666666666667
T8,VP014,"{""C"": 0.8858667904100825, ""gamma"": ""scale""}",0.5865931721194879,0.65,0.6475524475524476,0.6542857142857144,0.6499999999999999,0.30000000000000004
CP2,VP014,"{""C"": 1.8329807108324356, ""gamma"": ""scale""}",0.6133161473843283,0.6,0.5995550611790879,0.6004464285714286,0.6,0.19999999999999996
CP6,VP014,"{""C"": 16.23776739188721, ""gamma"": ""auto""}",0.6566628518094646,0.6666666666666666,0.6651785714285714,0.6696832579185521,0.6666666666666666,0.33333333333333337
P4,VP014,"{""C"": 5.455594781168517, ""gamma"": ""auto""}",0.6266666666666667,0.6166666666666667,0.6113770768797522,0.6233842538190364,0.6166666666666667,0.23333333333333328
P8,VP014,"{""C"": 69.51927961775606, ""gamma"": ""auto""}",0.6266666666666667,0.6666666666666666,0.6632996632996633,0.6736111111111112,0.6666666666666667,0.33333333333333337
O2,VP014,"{""C"": 1.2742749857031335, ""gamma"": ""scale""}",0.5999288762446657,0.5666666666666667,0.5647321428571428,0.5678733031674208,0.5666666666666667,0.1333333333333333
Fp1,VP015,"{""C"": 0.29763514416313175, ""gamma"": ""auto""}",0.6831608320085379,0.7,0.696969696969697,0.7083333333333333,0.7,0.4
AF5,VP015,"{""C"": 0.42813323987193935, ""gamma"": ""auto""}",0.6839131994261118,0.6833333333333333,0.6760443307757886,0.7014652014652014,0.6833333333333333,0.3666666666666667
AFz,VP015,"{""C"": 0.29763514416313175, ""gamma"": ""auto""}",0.677938808373591,0.6666666666666666,0.6651785714285714,0.6696832579185521,0.6666666666666666,0.33333333333333337
F1,VP015,"{""C"": 0.20691380811147897, ""gamma"": ""auto""}",0.6402714932126696,0.55,0.5278344505974935,0.5615595075239398,0.55,0.09999999999999998
FC5,VP015,"{""C"": 0.8858667904100825, ""gamma"": ""scale""}",0.6549760493082772,0.6333333333333333,0.6180555555555556,0.6587301587301587,0.6333333333333333,0.2666666666666667
FC1,VP015,"{""C"": 1.8329807108324356, ""gamma"": ""auto""}",0.6274125874125873,0.5833333333333334,0.5688416211555045,0.5962772785622593,0.5833333333333334,0.16666666666666663
T7,VP015,"{""C"": 33.59818286283781, ""gamma"": ""auto""}",0.625601711535033,0.5833333333333334,0.5775837792171219,0.5881316098707403,0.5833333333333333,0.16666666666666663
C3,VP015,"{""C"": 3.79269019073225, ""gamma"": ""auto""}",0.6496847162446202,0.5833333333333334,0.5688416211555045,0.5962772785622593,0.5833333333333334,0.16666666666666663
Cz,VP015,"{""C"": 0.6158482110660264, ""gamma"": ""auto""}",0.6233291481016456,0.5333333333333333,0.52,0.5375000000000001,0.5333333333333333,0.06666666666666665
CP5,VP015,"{""C"": 0.6158482110660264, ""gamma"": ""scale""}",0.641504329004329,0.5666666666666667,0.5417156286721504,0.5852272727272727,0.5666666666666667,0.1333333333333333
CP1,VP015,"{""C"": 7.847599703514611, ""gamma"": ""auto""}",0.6233291481016456,0.4666666666666667,0.4570135746606335,0.46411483253588515,0.4666666666666667,-0.06666666666666665
P7,VP015,"{""C"": 23.357214690901213, ""gamma"": ""auto""}",0.6199831103604605,0.48333333333333334,0.48203842940685043,0.48316498316498313,0.48333333333333334,-0.03333333333333344
P3,VP015,"{""C"": 2.636650898730358, ""gamma"": ""auto""}",0.609995666618518,0.5166666666666667,0.49985628054038517,0.5192554557124518,0.5166666666666666,0.033333333333333326
Pz,VP015,"{""C"": 3.79269019073225, ""gamma"": ""scale""}",0.6065092703748166,0.5166666666666667,0.49985628054038517,0.5192554557124518,0.5166666666666666,0.033333333333333326
POz,VP015,"{""C"": 3.79269019073225, ""gamma"": ""scale""}",0.6130581747020103,0.5,0.4791666666666667,0.5,0.5,0.0
O1,VP015,"{""C"": 1.2742749857031335, ""gamma"": ""scale""}",0.5866482954797991,0.48333333333333334,0.48203842940685043,0.48316498316498313,0.48333333333333334,-0.03333333333333344
Fp2,VP015,"{""C"": 0.14384498882876628, ""gamma"": ""scale""}",0.7033300370004111,0.6833333333333333,0.6811188811188811,0.6885714285714286,0.6833333333333333,0.3666666666666667
AF6,VP015,"{""C"": 0.20691380811147897, ""gamma"": ""auto""}",0.6529610620065365,0.5833333333333334,0.5737425404944586,0.5915750915750916,0.5833333333333333,0.16666666666666663
F2,VP015,"{""C"": 0.42813323987193935, ""gamma"": ""scale""}",0.6596996821617493,0.5833333333333334,0.5688416211555045,0.5962772785622593,0.5833333333333334,0.16666666666666663
FC2,VP015,"{""C"": 0.6158482110660264, ""gamma"": ""scale""}",0.620257418422556,0.5666666666666667,0.5417156286721504,0.5852272727272727,0.5666666666666667,0.1333333333333333
FC6,VP015,"{""C"": 1.2742749857031335, ""gamma"": ""scale""}",0.6408391608391608,0.5333333333333333,0.5064629847238543,0.5426136363636364,0.5333333333333333,0.06666666666666665
C4,VP015,"{""C"": 0.8858667904100825, ""gamma"": ""scale""}",0.6389730789802104,0.48333333333333334,0.4488888888888889,0.47777777777777775,0.4833333333333333,-0.03333333333333344
T8,VP015,"{""C"": 0.6158482110660264, ""gamma"": ""scale""}",0.6218163968808219,0.55,0.48717948717948717,0.5980392156862745,0.55,0.09999999999999998
CP2,VP015,"{""C"": 7.847599703514611, ""gamma"": ""auto""}",0.6133333333333333,0.48333333333333334,0.4714407502131287,0.48168498168498164,0.4833333333333333,-0.03333333333333344
CP6,VP015,"{""C"": 1.2742749857031335, ""gamma"": ""scale""}",0.6199324324324325,0.5166666666666667,0.4744790093627303,0.5245499181669394,0.5166666666666667,0.033333333333333326
P4,VP015,"{""C"": 5.455594781168517, ""gamma"": ""scale""}",0.62996299629963,0.5,0.4712103407755582,0.5,0.5,0.0
P8,VP015,"{""C"": 11.288378916846883, ""gamma"": ""auto""}",0.6558061821219716,0.5,0.46172248803827753,0.5,0.5,0.0
O2,VP015,"{""C"": 1.2742749857031335, ""gamma"": ""scale""}",0.5899954443938267,0.5833333333333334,0.5628096764791606,0.6025991792065664,0.5833333333333334,0.16666666666666663
Fp1,VP016,"{""C"": 0.20691380811147897, ""gamma"": ""scale""}",0.6624895572263994,0.7666666666666667,0.765625,0.7714932126696833,0.7666666666666666,0.5333333333333333
AF5,VP016,"{""C"": 0.6158482110660264, ""gamma"": ""auto""}",0.6578099838969405,0.7833333333333333,0.783273131425396,0.7836484983314794,0.7833333333333334,0.5666666666666667
AFz,VP016,"{""C"": 0.6158482110660264, ""gamma"": ""auto""}",0.638053532329416,0.7666666666666667,0.7666666666666667,0.7666666666666667,0.7666666666666667,0.5333333333333333
F1,VP016,"{""C"": 1.2742749857031335, ""gamma"": ""auto""}",0.6183035714285714,0.7833333333333333,0.783273131425396,0.7836484983314794,0.7833333333333334,0.5666666666666667
FC5,VP016,"{""C"": 0.6158482110660264, ""gamma"": ""auto""}",0.622119918404655,0.6333333333333333,0.6316964285714286,0.6357466063348416,0.6333333333333333,0.2666666666666667
FC1,VP016,"{""C"": 7.847599703514611, ""gamma"": ""auto""}",0.6288080614417406,0.7166666666666667,0.7159565580618212,0.7188552188552189,0.7166666666666667,0.43333333333333335
T7,VP016,"{""C"": 69.51927961775606, ""gamma"": ""scale""}",0.609995666618518,0.7166666666666667,0.7127569698676429,0.7291421856639249,0.7166666666666667,0.43333333333333335
C3,VP016,"{""C"": 1.2742749857031335, ""gamma"": ""scale""}",0.6750745318728436,0.7833333333333333,0.7818181818181819,0.7914285714285714,0.7833333333333333,0.5666666666666667
Cz,VP016,"{""C"": 1.8329807108324356, ""gamma"": ""auto""}",0.6565712697971658,0.7,0.6945701357466063,0.715311004784689,0.7,0.4
CP5,VP016,"{""C"": 0.8858667904100825, ""gamma"": ""scale""}",0.6753645176764578,0.8333333333333334,0.8331479421579533,0.8348214285714286,0.8333333333333334,0.6666666666666667
CP1,VP016,"{""C"": 1.2742749857031335, ""gamma"": ""scale""}",0.6631499371880245,0.7666666666666667,0.765625,0.7714932126696833,0.7666666666666666,0.5333333333333333
P7,VP016,"{""C"": 1.2742749857031335, ""gamma"": ""scale""}",0.6565712697971658,0.8333333333333334,0.8325892857142857,0.839366515837104,0.8333333333333334,0.6666666666666667
P3,VP016,"{""C"": 0.6158482110660264, ""gamma"": ""scale""}",0.6616755434964661,0.85,0.848951048951049,0.8600000000000001,0.8500000000000001,0.7
Pz,VP016,"{""C"": 1.8329807108324356, ""gamma"": ""scale""}",0.6260683760683761,0.7833333333333333,0.783273131425396,0.7836484983314794,0.7833333333333334,0.5666666666666667
POz,VP016,"{""C"": 2.636650898730358, ""gamma"": ""scale""}",0.6130581747020103,0.7666666666666667,0.7666666666666667,0.7666666666666667,0.7666666666666667,0.5333333333333333
O1,VP016,"{""C"": 0.42813323987193935, ""gamma"": ""scale""}",0.5889724310776943,0.7666666666666667,0.7643097643097643,0.7777777777777778,0.7666666666666666,0.5333333333333333
Fp2,VP016,"{""C"": 0.8858667904100825, ""gamma"": ""auto""}",0.6552839723780943,0.7833333333333333,0.783273131425396,0.7836484983314794,0.7833333333333334,0.5666666666666667
AF6,VP016,"{""C"": 1.2742749857031335, ""gamma"": ""scale""}",0.6322164861490704,0.75,0.7499305362600722,0.7502780867630701,0.75,0.5
F2,VP016,"{""C"": 1.2742749857031335, ""gamma"": ""auto""}",0.6274125874125873,0.8166666666666667,0.8162071846282373,0.8198653198653199,0.8166666666666667,0.6333333333333333
FC2,VP016,"{""C"": 23.357214690901213, ""gamma"": ""scale""}",0.6498093406410157,0.6333333333333333,0.6329254727474972,0.6339285714285714,0.6333333333333333,0.2666666666666667
FC6,VP016,"{""C"": 5.455594781168517, ""gamma"": ""scale""}",0.6232286746318423,0.6666666666666666,0.6666666666666666,0.6666666666666666,0.6666666666666666,0.33333333333333337
C4,VP016,"{""C"": 1.2742749857031335, ""gamma"": ""auto""}",0.6296667000300271,0.8166666666666667,0.8166157265907197,0.8170189098998888,0.8166666666666667,0.6333333333333333
T8,VP016,"{""C"": 5.455594781168517, ""gamma"": ""scale""}",0.6032231175326479,0.5833333333333334,0.5804195804195804,0.5857142857142856,0.5833333333333333,0.16666666666666663
CP2,VP016,"{""C"": 1.2742749857031335, ""gamma"": ""auto""}",0.6461004273504274,0.8166666666666667,0.8153846153846154,0.8257142857142857,0.8166666666666667,0.6333333333333333
CP6,VP016,"{""C"": 7.847599703514611, ""gamma"": ""scale""}",0.6464152286070095,0.7666666666666667,0.7664071190211346,0.7678571428571428,0.7666666666666666,0.5333333333333333
P4,VP016,"{""C"": 16.23776739188721, ""gamma"": ""auto""}",0.6533179252411219,0.8333333333333334,0.8331479421579533,0.8348214285714286,0.8333333333333334,0.6666666666666667
P8,VP016,"{""C"": 11.288378916846883, ""gamma"": ""auto""}",0.6366303296996366,0.8166666666666667,0.8162071846282373,0.8198653198653199,0.8166666666666667,0.6333333333333333
O2,VP016,"{""C"": 3.79269019073225, ""gamma"": ""scale""}",0.5995550611790879,0.6833333333333333,0.6825396825396826,0.6851851851851851,0.6833333333333333,0.3666666666666667
Fp1,VP017,"{""C"": 0.6158482110660264, ""gamma"": ""scale""}",0.5969728180556177,0.6833333333333333,0.6789636722050126,0.6938895417156287,0.6833333333333333,0.3666666666666667
AF5,VP017,"{""C"": 0.6158482110660264, ""gamma"": ""auto""}",0.6296296296296295,0.6833333333333333,0.6789636722050126,0.6938895417156287,0.6833333333333333,0.3666666666666667
AFz,VP017,"{""C"": 0.8858667904100825, ""gamma"": ""auto""}",0.595959595959596,0.6333333333333333,0.6052631578947368,0.6863354037267081,0.6333333333333333,0.2666666666666667
F1,VP017,"{""C"": 1.2742749857031335, ""gamma"": ""auto""}",0.6052232007288187,0.5833333333333334,0.5628096764791606,0.6025991792065664,0.5833333333333334,0.16666666666666663
FC5,VP017,"{""C"": 1.2742749857031335, ""gamma"": ""scale""}",0.6112426828723356,0.75,0.7482517482517483,0.7571428571428571,0.75,0.5
FC1,VP017,"{""C"": 0.6158482110660264, ""gamma"": ""scale""}",0.6100769674159969,0.6166666666666667,0.6157059314954052,0.6178451178451179,0.6166666666666667,0.23333333333333328
T7,VP017,"{""C"": 16.23776739188721, ""gamma"": ""scale""}",0.6392142888958176,0.6,0.5995550611790879,0.6004464285714286,0.6,0.19999999999999996
C3,VP017,"{""C"": 0.29763514416313175, ""gamma"": ""scale""}",0.6222391124320767,0.7,0.699666295884316,0.7008928571428572,0.7,0.4
Cz,VP017,"{""C"": 0.29763514416313175, ""gamma"": ""scale""}",0.6083021926072667,0.5666666666666667,0.5661846496106786,0.5669642857142857,0.5666666666666667,0.1333333333333333
CP5,VP017,"{""C"": 0.42813323987193935, ""gamma"": ""scale""}",0.6310545971499815,0.6666666666666666,0.6662958843159066,0.6674107142857143,0.6666666666666666,0.33333333333333337
CP1,VP017,"{""C"": 0.14384498882876628, ""gamma"": ""scale""}",0.6190959878110716,0.6166666666666667,0.607843137254902,0.6282051282051282,0.6166666666666667,0.23333333333333328
P7,VP017,"{""C"": 33.59818286283781, ""gamma"": ""auto""}",0.6195773081201335,0.5666666666666667,0.5588235294117647,0.5717703349282297,0.5666666666666667,0.1333333333333333
P3,VP017,"{""C"": 0.42813323987193935, ""gamma"": ""scale""}",0.6322164861490704,0.6666666666666666,0.6571428571428571,0.6875,0.6666666666666667,0.33333333333333337
Pz,VP017,"{""C"": 0.8858667904100825, ""gamma"": ""scale""}",0.5953673462563119,0.6833333333333333,0.6723196320781835,0.7118100128369704,0.6833333333333333,0.3666666666666667
POz,VP017,"{""C"": 2.636650898730358, ""gamma"": ""scale""}",0.6065092703748166,0.6833333333333333,0.6811188811188811,0.6885714285714286,0.6833333333333333,0.3666666666666667
O1,VP017,"{""C"": 11.288378916846883, ""gamma"": ""scale""}",0.5793269230769231,0.6,0.5927601809954751,0.6076555023923444,0.6,0.19999999999999996
Fp2,VP017,"{""C"": 0.20691380811147897, ""gamma"": ""scale""}",0.6116071428571428,0.7,0.699666295884316,0.7008928571428572,0.7,0.4
AF6,VP017,"{""C"": 1.2742749857031335, ""gamma"": ""auto""}",0.6212121212121212,0.6333333333333333,0.6228571428571429,0.6499999999999999,0.6333333333333333,0.2666666666666667
F2,VP017,"{""C"": 0.8858667904100825, ""gamma"": ""scale""}",0.5984748793737558,0.6,0.5927601809954751,0.6076555023923444,0.6,0.19999999999999996
FC2,VP017,"{""C"": 0.6158482110660264, ""gamma"": ""auto""}",0.5873917748917749,0.5833333333333334,0.5804195804195804,0.5857142857142856,0.5833333333333333,0.16666666666666663
FC6,VP017,"{""C"": 1.8329807108324356, ""gamma"": ""auto""}",0.620257418422556,0.5333333333333333,0.49760765550239233,0.5465838509316769,0.5333333333333333,0.06666666666666665
C4,VP017,"{""C"": 0.29763514416313175, ""gamma"": ""auto""}",0.5844683503393509,0.6,0.5885714285714285,0.6125,0.6000000000000001,0.19999999999999996
T8,VP017,"{""C"": 0.6158482110660264, ""gamma"": ""scale""}",0.592880978865406,0.48333333333333334,0.4762038862292312,0.48237367802585196,0.4833333333333333,-0.03333333333333344
CP2,VP017,"{""C"": 0.14384498882876628, ""gamma"": ""scale""}",0.5876099706744868,0.6166666666666667,0.613986013986014,0.62,0.6166666666666667,0.23333333333333328
CP6,VP017,"{""C"": 3.79269019073225, ""gamma"": ""auto""}",0.6098916365657128,0.6666666666666666,0.6662958843159066,0.6674107142857143,0.6666666666666666,0.33333333333333337
P4,VP017,"{""C"": 0.8858667904100825, ""gamma"": ""scale""}",0.6063867639210105,0.6666666666666666,0.6632996632996633,0.6736111111111112,0.6666666666666667,0.33333333333333337
P8,VP017,"{""C"": 48.32930238571752, ""gamma"": ""auto""}",0.5633284814275714,0.6166666666666667,0.613986013986014,0.62,0.6166666666666667,0.23333333333333328
O2,VP017,"{""C"": 7.847599703514611, ""gamma"": ""scale""}",0.5733333333333334,0.6666666666666666,0.6632996632996633,0.6736111111111112,0.6666666666666667,0.33333333333333337
Fp1,VP018,"{""C"": 0.29763514416313175, ""gamma"": ""auto""}",0.6855345911949685,0.6166666666666667,0.607843137254902,0.6282051282051282,0.6166666666666667,0.23333333333333328
AF5,VP018,"{""C"": 1.2742749857031335, ""gamma"": ""auto""}",0.6811188811188811,0.55,0.52,0.5666666666666667,0.55,0.09999999999999998
AFz,VP018,"{""C"": 0.29763514416313175, ""gamma"": ""scale""}",0.6881671156017033,0.55,0.5396419437340154,0.554945054945055,0.55,0.09999999999999998
F1,VP018,"{""C"": 0.6158482110660264, ""gamma"": ""auto""}",0.6513635184077806,0.5333333333333333,0.5064629847238543,0.5426136363636364,0.5333333333333333,0.06666666666666665
FC5,VP018,"{""C"": 0.8858667904100825, ""gamma"": ""auto""}",0.6555760659132862,0.5833333333333334,0.5688416211555045,0.5962772785622593,0.5833333333333334,0.16666666666666663
FC1,VP018,"{""C"": 2.636650898730358, ""gamma"": ""auto""}",0.6538629566152502,0.45,0.4308709399252658,0.4422336328626444,0.44999999999999996,-0.10000000000000009
T7,VP018,"{""C"": 5.455594781168517, ""gamma"": ""auto""}",0.6242849567307149,0.5333333333333333,0.513888888888889,0.5396825396825398,0.5333333333333333,0.06666666666666665
C3,VP018,"{""C"": 1.2742749857031335, ""gamma"": ""scale""}",0.6842953741435672,0.55,0.5343489508479448,0.5577663671373556,0.5499999999999999,0.09999999999999998
Cz,VP018,"{""C"": 0.20691380811147897, ""gamma"": ""scale""}",0.6435616929698709,0.48333333333333334,0.4488888888888889,0.47777777777777775,0.4833333333333333,-0.03333333333333344
CP5,VP018,"{""C"": 0.6158482110660264, ""gamma"": ""scale""}",0.6846709388668497,0.5,0.46172248803827753,0.5,0.5,0.0
CP1,VP018,"{""C"": 0.29763514416313175, ""gamma"": ""scale""}",0.6857728650383312,0.4666666666666667,0.3433652530779754,0.3660714285714286,0.4666666666666667,-0.06666666666666665
P7,VP018,"{""C"": 2.636650898730358, ""gamma"": ""scale""}",0.6587715776796468,0.45,0.44862155388471175,0.4494949494949495,0.45,-0.10000000000000009
P3,VP018,"{""C"": 0.42813323987193935, ""gamma"": ""scale""}",0.7251887930649269,0.4666666666666667,0.3433652530779754,0.3660714285714286,0.4666666666666667,-0.06666666666666665
Pz,VP018,"{""C"": 0.8858667904100825, ""gamma"": ""scale""}",0.6956894918125982,0.4666666666666667,0.3650793650793651,0.4074074074074074,0.4666666666666667,-0.06666666666666665
POz,VP018,"{""C"": 0.8858667904100825, ""gamma"": ""scale""}",0.6733188141695187,0.45,0.3344537815126051,0.33636363636363636,0.45,-0.10000000000000009
O1,VP018,"{""C"": 5.455594781168517, ""gamma"": ""auto""}",0.6499961110679008,0.43333333333333335,0.43333333333333335,0.43333333333333335,0.43333333333333335,-0.1333333333333333
Fp2,VP018,"{""C"": 0.14384498882876628, ""gamma"": ""scale""}",0.6928418803418803,0.65,0.6419437340153453,0.6648351648351649,0.65,0.30000000000000004
AF6,VP018,"{""C"": 0.42813323987193935, ""gamma"": ""scale""}",0.7175394548063128,0.55,0.5343489508479448,0.5577663671373556,0.5499999999999999,0.09999999999999998
F2,VP018,"{""C"": 0.6158482110660264, ""gamma"": ""auto""}",0.6616965292569854,0.5,0.4857142857142857,0.5,0.5,0.0
FC2,VP018,"{""C"": 0.42813323987193935, ""gamma"": ""auto""}",0.6555839727195225,0.5166666666666667,0.49985628054038517,0.5192554557124518,0.5166666666666666,0.033333333333333326
FC6,VP018,"{""C"": 1.2742749857031335, ""gamma"": ""scale""}",0.6852678571428572,0.5,0.4857142857142857,0.5,0.5,0.0
C4,VP018,"{""C"": 0.6158482110660264, ""gamma"": ""auto""}",0.6862030569895738,0.45,0.4461538461538462,0.44857142857142857,0.44999999999999996,-0.10000000000000009
T8,VP018,"{""C"": 0.8858667904100825, ""gamma"": ""scale""}",0.6165601555987774,0.5166666666666667,0.5099971838918614,0.517626321974148,0.5166666666666666,0.033333333333333326
CP2,VP018,"{""C"": 0.6158482110660264, ""gamma"": ""scale""}",0.6864436932930084,0.4,0.3891402714932127,0.3923444976076555,0.4,-0.19999999999999996
CP6,VP018,"{""C"": 3.79269019073225, ""gamma"": ""auto""}",0.6661324786324787,0.43333333333333335,0.43333333333333335,0.43333333333333335,0.43333333333333335,-0.1333333333333333
P4,VP018,"{""C"": 1.2742749857031335, ""gamma"": ""scale""}",0.6733333333333333,0.38333333333333336,0.37902097902097903,0.38,0.3833333333333333,-0.2333333333333334
P8,VP018,"{""C"": 3.79269019073225, ""gamma"": ""auto""}",0.6466038406827881,0.45,0.4461538461538462,0.44857142857142857,0.44999999999999996,-0.10000000000000009
O2,VP018,"{""C"": 3.79269019073225, ""gamma"": ""auto""}",0.6065092703748166,0.4166666666666667,0.41650458460683526,0.41657397107897665,0.4166666666666667,-0.16666666666666674
Fp1,VP019,"{""C"": 0.20691380811147897, ""gamma"": ""auto""}",0.6664294609500089,0.6333333333333333,0.6266968325791855,0.6435406698564593,0.6333333333333333,0.2666666666666667
AF5,VP019,"{""C"": 0.20691380811147897, ""gamma"": ""scale""}",0.6874684948079444,0.7166666666666667,0.7165879410947485,0.7169076751946608,0.7166666666666666,0.43333333333333335
AFz,VP019,"{""C"": 0.42813323987193935, ""gamma"": ""auto""}",0.672706414279448,0.6666666666666666,0.6651785714285714,0.6696832579185521,0.6666666666666666,0.33333333333333337
F1,VP019,"{""C"": 0.20691380811147897, ""gamma"": ""auto""}",0.6623294763855747,0.5666666666666667,0.5661846496106786,0.5669642857142857,0.5666666666666667,0.1333333333333333
FC5,VP019,"{""C"": 0.1, ""gamma"": ""scale""}",0.6637190185577282,0.6333333333333333,0.6228571428571429,0.6499999999999999,0.6333333333333333,0.2666666666666667
FC1,VP019,"{""C"": 0.6158482110660264, ""gamma"": ""scale""}",0.6327452015408979,0.55,0.5498749652681301,0.550055617352614,0.55,0.09999999999999998
T7,VP019,"{""C"": 0.42813323987193935, ""gamma"": ""scale""}",0.660979020979021,0.6666666666666666,0.6571428571428571,0.6875,0.6666666666666667,0.33333333333333337
C3,VP019,"{""C"": 1.2742749857031335, ""gamma"": ""scale""}",0.6592579395127165,0.6833333333333333,0.6825396825396826,0.6851851851851851,0.6833333333333333,0.3666666666666667
Cz,VP019,"{""C"": 11.288378916846883, ""gamma"": ""auto""}",0.6466509622649895,0.5833333333333334,0.5822890559732665,0.5841750841750841,0.5833333333333333,0.16666666666666663
CP5,VP019,"{""C"": 3.79269019073225, ""gamma"": ""auto""}",0.6664294609500089,0.6333333333333333,0.6329254727474972,0.6339285714285714,0.6333333333333333,0.2666666666666667
CP1,VP019,"{""C"": 7.847599703514611, ""gamma"": ""auto""}",0.6631499371880245,0.6166666666666667,0.6165601555987774,0.6167964404894327,0.6166666666666667,0.23333333333333328
P7,VP019,"{""C"": 100.0, ""gamma"": ""auto""}",0.6431390423675112,0.6666666666666666,0.6666666666666666,0.6666666666666666,0.6666666666666666,0.33333333333333337
P3,VP019,"{""C"": 33.59818286283781, ""gamma"": ""auto""}",0.6365657126979717,0.6666666666666666,0.6662958843159066,0.6674107142857143,0.6666666666666666,0.33333333333333337
Pz,VP019,"{""C"": 3.79269019073225, ""gamma"": ""scale""}",0.6198479391756703,0.6666666666666666,0.6632996632996633,0.6736111111111112,0.6666666666666667,0.33333333333333337
POz,VP019,"{""C"": 5.455594781168517, ""gamma"": ""auto""}",0.6331866079765239,0.7,0.696969696969697,0.7083333333333333,0.7,0.4
O1,VP019,"{""C"": 23.357214690901213, ""gamma"": ""auto""}",0.5896306676008407,0.5833333333333334,0.5822890559732665,0.5841750841750841,0.5833333333333333,0.16666666666666663
Fp2,VP019,"{""C"": 0.29763514416313175, ""gamma"": ""scale""}",0.6708611347454212,0.65,0.6451703745423825,0.6586368977673325,0.65,0.30000000000000004
AF6,VP019,"{""C"": 0.8858667904100825, ""gamma"": ""auto""}",0.6628304261823413,0.65,0.6475524475524476,0.6542857142857144,0.6499999999999999,0.30000000000000004
F2,VP019,"{""C"": 0.29763514416313175, ""gamma"": ""scale""}",0.6624040920716112,0.5833333333333334,0.5832175604334537,0.5834260289210234,0.5833333333333333,0.16666666666666663
FC2,VP019,"{""C"": 0.42813323987193935, ""gamma"": ""scale""}",0.6534281452237015,0.5666666666666667,0.5661846496106786,0.5669642857142857,0.5666666666666667,0.1333333333333333
FC6,VP019,"{""C"": 0.6158482110660264, ""gamma"": ""scale""}",0.6392142888958176,0.65,0.6475524475524476,0.6542857142857144,0.6499999999999999,0.30000000000000004
C4,VP019,"{""C"": 7.847599703514611, ""gamma"": ""auto""}",0.6327457264957266,0.65,0.6451703745423825,0.6586368977673325,0.65,0.30000000000000004
T8,VP019,"{""C"": 0.29763514416313175, ""gamma"": ""scale""}",0.6119715220838816,0.6,0.5885714285714285,0.6125,0.6000000000000001,0.19999999999999996
CP2,VP019,"{""C"": 1.2742749857031335, ""gamma"": ""auto""}",0.64,0.6333333333333333,0.6329254727474972,0.6339285714285714,0.6333333333333333,0.2666666666666667
CP6,VP019,"{""C"": 11.288378916846883, ""gamma"": ""auto""}",0.6361775275648371,0.7166666666666667,0.7165879410947485,0.7169076751946608,0.7166666666666666,0.43333333333333335
P4,VP019,"{""C"": 5.455594781168517, ""gamma"": ""auto""}",0.6258518551512182,0.7166666666666667,0.7146853146853147,0.7228571428571429,0.7166666666666667,0.43333333333333335
P8,VP019,"{""C"": 7.847599703514611, ""gamma"": ""auto""}",0.6357560568086884,0.7666666666666667,0.7643097643097643,0.7777777777777778,0.7666666666666666,0.5333333333333333
O2,VP019,"{""C"": 16.23776739188721, ""gamma"": ""auto""}",0.6060363247863247,0.6333333333333333,0.6266968325791855,0.6435406698564593,0.6333333333333333,0.2666666666666667
Fp1,VP020,"{""C"": 0.8858667904100825, ""gamma"": ""scale""}",0.6758563074352548,0.6666666666666666,0.6651785714285714,0.6696832579185521,0.6666666666666666,0.33333333333333337
AF5,VP020,"{""C"": 0.8858667904100825, ""gamma"": ""auto""}",0.6825396825396826,0.65,0.6475524475524476,0.6542857142857144,0.6499999999999999,0.30000000000000004
AFz,VP020,"{""C"": 1.2742749857031335, ""gamma"": ""auto""}",0.6651785714285714,0.65,0.6499027507641011,0.6501668520578421,0.6499999999999999,0.30000000000000004
F1,VP020,"{""C"": 1.2742749857031335, ""gamma"": ""auto""}",0.6386993175431553,0.6833333333333333,0.6825396825396826,0.6851851851851851,0.6833333333333333,0.3666666666666667
FC5,VP020,"{""C"": 0.8858667904100825, ""gamma"": ""auto""}",0.6594551282051282,0.6333333333333333,0.6329254727474972,0.6339285714285714,0.6333333333333333,0.2666666666666667
FC1,VP020,"{""C"": 0.6158482110660264, ""gamma"": ""scale""}",0.638053532329416,0.6166666666666667,0.6165601555987774,0.6167964404894327,0.6166666666666667,0.23333333333333328
T7,VP020,"{""C"": 1.2742749857031335, ""gamma"": ""auto""}",0.6426623326023311,0.65,0.6475524475524476,0.6542857142857144,0.6499999999999999,0.30000000000000004
C3,VP020,"{""C"": 3.79269019073225, ""gamma"": ""auto""}",0.6788438378161381,0.6166666666666667,0.6165601555987774,0.6167964404894327,0.6166666666666667,0.23333333333333328
Cz,VP020,"{""C"": 0.42813323987193935, ""gamma"": ""scale""}",0.6412245308535727,0.5333333333333333,0.53125,0.5339366515837104,0.5333333333333333,0.06666666666666665
CP5,VP020,"{""C"": 0.42813323987193935, ""gamma"": ""scale""}",0.6884735202492211,0.6666666666666666,0.6662958843159066,0.6674107142857143,0.6666666666666666,0.33333333333333337
CP1,VP020,"{""C"": 1.8329807108324356, ""gamma"": ""auto""}",0.6664294609500089,0.5833333333333334,0.5688416211555045,0.5962772785622593,0.5833333333333334,0.16666666666666663
P7,VP020,"{""C"": 0.42813323987193935, ""gamma"": ""scale""}",0.6466038406827881,0.65,0.6327601282424948,0.6846785225718194,0.65,0.30000000000000004
P3,VP020,"{""C"": 3.79269019073225, ""gamma"": ""auto""}",0.6398559423769508,0.5833333333333334,0.5737425404944586,0.5915750915750916,0.5833333333333333,0.16666666666666663
Pz,VP020,"{""C"": 1.8329807108324356, ""gamma"": ""scale""}",0.6399839992888572,0.6,0.5927601809954751,0.6076555023923444,0.6,0.19999999999999996
POz,VP020,"{""C"": 0.6158482110660264, ""gamma"": ""scale""}",0.6031172527264844,0.6333333333333333,0.6122209165687427,0.6704545454545454,0.6333333333333333,0.2666666666666667
O1,VP020,"{""C"": 1.2742749857031335, ""gamma"": ""scale""}",0.5699569956995699,0.65,0.6327601282424948,0.6846785225718194,0.65,0.30000000000000004
Fp2,VP020,"{""C"": 0.8858667904100825, ""gamma"": ""scale""}",0.6823132057384267,0.6833333333333333,0.6825396825396826,0.6851851851851851,0.6833333333333333,0.3666666666666667
AF6,VP020,"{""C"": 0.8858667904100825, ""gamma"": ""auto""}",0.6809954751131222,0.6833333333333333,0.6811188811188811,0.6885714285714286,0.6833333333333333,0.3666666666666667
F2,VP020,"{""C"": 1.2742749857031335, ""gamma"": ""auto""}",0.6645195920558239,0.6166666666666667,0.6157059314954052,0.6178451178451179,0.6166666666666667,0.23333333333333328
FC2,VP020,"{""C"": 0.8858667904100825, ""gamma"": ""scale""}",0.6558061821219716,0.6333333333333333,0.6333333333333333,0.6333333333333333,0.6333333333333333,0.2666666666666667
FC6,VP020,"{""C"": 1.2742749857031335, ""gamma"": ""auto""}",0.6593386627906976,0.6833333333333333,0.6832453459294248,0.6835372636262513,0.6833333333333333,0.3666666666666667
C4,VP020,"{""C"": 0.6158482110660264, ""gamma"": ""scale""}",0.6549760493082772,0.6,0.5995550611790879,0.6004464285714286,0.6,0.19999999999999996
T8,VP020,"{""C"": 11.288378916846883, ""gamma"": ""scale""}",0.6399359886201992,0.6666666666666666,0.6662958843159066,0.6674107142857143,0.6666666666666666,0.33333333333333337
CP2,VP020,"{""C"": 3.79269019073225, ""gamma"": ""auto""}",0.639599555061179,0.6,0.5885714285714285,0.6125,0.6000000000000001,0.19999999999999996
CP6,VP020,"{""C"": 1.8329807108324356, ""gamma"": ""auto""}",0.6253178107854944,0.6166666666666667,0.6113770768797522,0.6233842538190364,0.6166666666666667,0.23333333333333328
P4,VP020,"{""C"": 0.42813323987193935, ""gamma"": ""scale""}",0.6258518551512182,0.6,0.595959595959596,0.6041666666666667,0.6,0.19999999999999996
P8,VP020,"{""C"": 1.2742749857031335, ""gamma"": ""scale""}",0.6157059314954052,0.6166666666666667,0.6033342914630642,0.634788189987163,0.6166666666666667,0.23333333333333328
O2,VP020,"{""C"": 1.2742749857031335, ""gamma"": ""auto""}",0.5784033727730178,0.5666666666666667,0.5334928229665072,0.5931677018633541,0.5666666666666667,0.1333333333333333
Fp1,VP021,"{""C"": 0.20691380811147897, ""gamma"": ""scale""}",0.6565712697971658,0.75,0.7482517482517483,0.7571428571428571,0.75,0.5
AF5,VP021,"{""C"": 0.42813323987193935, ""gamma"": ""auto""}",0.649341541338736,0.7833333333333333,0.783273131425396,0.7836484983314794,0.7833333333333334,0.5666666666666667
AFz,VP021,"{""C"": 0.29763514416313175, ""gamma"": ""scale""}",0.6299958888432093,0.7833333333333333,0.783273131425396,0.7836484983314794,0.7833333333333334,0.5666666666666667
F1,VP021,"{""C"": 0.6158482110660264, ""gamma"": ""scale""}",0.6415770609318996,0.75,0.7499305362600722,0.7502780867630701,0.75,0.5
FC5,VP021,"{""C"": 0.8858667904100825, ""gamma"": ""auto""}",0.6648643817864963,0.75,0.7493734335839599,0.7525252525252526,0.75,0.5
FC1,VP021,"{""C"": 0.42813323987193935, ""gamma"": ""scale""}",0.6443907675791734,0.7166666666666667,0.7165879410947485,0.7169076751946608,0.7166666666666666,0.43333333333333335
T7,VP021,"{""C"": 7.847599703514611, ""gamma"": ""scale""}",0.6331866079765239,0.65,0.6491228070175439,0.6515151515151515,0.6499999999999999,0.30000000000000004
C3,VP021,"{""C"": 0.29763514416313175, ""gamma"": ""scale""}",0.6685606060606061,0.7833333333333333,0.7827903091060986,0.7861952861952861,0.7833333333333333,0.5666666666666667
Cz,VP021,"{""C"": 0.42813323987193935, ""gamma"": ""auto""}",0.6265172735760971,0.7166666666666667,0.7159565580618212,0.7188552188552189,0.7166666666666667,0.43333333333333335
CP5,VP021,"{""C"": 2.636650898730358, ""gamma"": ""scale""}",0.6525767226404169,0.7666666666666667,0.7666666666666667,0.7666666666666667,0.7666666666666667,0.5333333333333333
CP1,VP021,"{""C"": 3.79269019073225, ""gamma"": ""auto""}",0.6364687440940067,0.7333333333333333,0.7333333333333333,0.7333333333333333,0.7333333333333333,0.4666666666666667
P7,VP021,"{""C"": 3.79269019073225, ""gamma"": ""auto""}",0.6288080614417406,0.7,0.699666295884316,0.7008928571428572,0.7,0.4
P3,VP021,"{""C"": 2.636650898730358, ""gamma"": ""scale""}",0.6562044526530113,0.7,0.6986607142857143,0.7036199095022624,0.7,0.4
Pz,VP021,"{""C"": 2.636650898730358, ""gamma"": ""auto""}",0.6399359886201992,0.6,0.6,0.6,0.6,0.19999999999999996
POz,VP021,"{""C"": 2.636650898730358, ""gamma"": ""scale""}",0.6364687440940067,0.75,0.7482517482517483,0.7571428571428571,0.75,0.5
O1,VP021,"{""C"": 23.357214690901213, ""gamma"": ""auto""}",0.6060363247863247,0.6666666666666666,0.6651785714285714,0.6696832579185521,0.6666666666666666,0.33333333333333337
Fp2,VP021,"{""C"": 0.20691380811147897, ""gamma"": ""auto""}",0.6899965555172836,0.75,0.7493734335839599,0.7525252525252526,0.75,0.5
AF6,VP021,"{""C"": 0.20691380811147897, ""gamma"": ""auto""}",0.6529477196885428,0.75,0.7499305362600722,0.7502780867630701,0.75,0.5
F2,VP021,"{""C"": 0.42813323987193935, ""gamma"": ""scale""}",0.6260683760683761,0.7833333333333333,0.7827903091060986,0.7861952861952861,0.7833333333333333,0.5666666666666667
FC2,VP021,"{""C"": 0.6158482110660264, ""gamma"": ""auto""}",0.6171241771528369,0.7833333333333333,0.7827903091060986,0.7861952861952861,0.7833333333333333,0.5666666666666667
FC6,VP021,"{""C"": 0.8858667904100825, ""gamma"": ""scale""}",0.6131786047752434,0.7166666666666667,0.7159565580618212,0.7188552188552189,0.7166666666666667,0.43333333333333335
C4,VP021,"{""C"": 1.2742749857031335, ""gamma"": ""auto""}",0.6461004273504274,0.7666666666666667,0.7666666666666667,0.7666666666666667,0.7666666666666667,0.5333333333333333
T8,VP021,"{""C"": 11.288378916846883, ""gamma"": ""auto""}",0.5985547972701726,0.85,0.849624060150376,0.8535353535353536,0.8500000000000001,0.7
CP2,VP021,"{""C"": 0.42813323987193935, ""gamma"": ""scale""}",0.6233291481016456,0.6,0.5982142857142857,0.6018099547511313,0.6,0.19999999999999996
CP6,VP021,"{""C"": 16.23776739188721, ""gamma"": ""auto""}",0.6329254727474972,0.8166666666666667,0.8166157265907197,0.8170189098998888,0.8166666666666667,0.6333333333333333
P4,VP021,"{""C"": 1.8329807108324356, ""gamma"": ""auto""}",0.622826244172721,0.7,0.7,0.7,0.7,0.4
P8,VP021,"{""C"": 48.32930238571752, ""gamma"": ""auto""}",0.6525767226404169,0.7333333333333333,0.7321428571428572,0.7375565610859729,0.7333333333333334,0.4666666666666667
O2,VP021,"{""C"": 7.847599703514611, ""gamma"": ""auto""}",0.6130581747020103,0.6333333333333333,0.6333333333333333,0.6333333333333333,0.6333333333333333,0.2666666666666667
Fp1,VP022,"{""C"": 11.288378916846883, ""gamma"": ""auto""}",0.6333333333333333,0.6,0.5833333333333333,0.6190476190476191,0.6000000000000001,0.19999999999999996
AF5,VP022,"{""C"": 0.29763514416313175, ""gamma"": ""scale""}",0.6466666666666666,0.5333333333333333,0.42544459644322846,0.6339285714285714,0.5333333333333333,0.06666666666666665
AFz,VP022,"{""C"": 0.8858667904100825, ""gamma"": ""auto""}",0.6431390423675112,0.5333333333333333,0.4444444444444444,0.5925925925925926,0.5333333333333333,0.06666666666666665
F1,VP022,"{""C"": 0.6158482110660264, ""gamma"": ""scale""}",0.6432342317310364,0.55,0.4998456313677061,0.5834879406307978,0.55,0.09999999999999998
FC5,VP022,"{""C"": 1.2742749857031335, ""gamma"": ""auto""}",0.6533179252411219,0.6166666666666667,0.5911111111111111,0.6555555555555554,0.6166666666666667,0.23333333333333328
FC1,VP022,"{""C"": 1.8329807108324356, ""gamma"": ""auto""}",0.6399839992888572,0.5666666666666667,0.5417156286721504,0.5852272727272727,0.5666666666666667,0.1333333333333333
T7,VP022,"{""C"": 1.8329807108324356, ""gamma"": ""scale""}",0.6366626295847732,0.7166666666666667,0.7027105800058292,0.7667578659370725,0.7166666666666667,0.43333333333333335
C3,VP022,"{""C"": 1.2742749857031335, ""gamma"": ""scale""}",0.6766343300996767,0.6166666666666667,0.6033342914630642,0.634788189987163,0.6166666666666667,0.23333333333333328
Cz,VP022,"{""C"": 7.847599703514611, ""gamma"": ""auto""}",0.6529477196885428,0.6666666666666666,0.6632996632996633,0.6736111111111112,0.6666666666666667,0.33333333333333337
CP5,VP022,"{""C"": 2.636650898730358, ""gamma"": ""auto""}",0.6899689968996899,0.6833333333333333,0.6760443307757886,0.7014652014652014,0.6833333333333333,0.3666666666666667
CP1,VP022,"{""C"": 1.2742749857031335, ""gamma"": ""auto""}",0.6657158138705652,0.7166666666666667,0.7159565580618212,0.7188552188552189,0.7166666666666667,0.43333333333333335
P7,VP022,"{""C"": 1.2742749857031335, ""gamma"": ""scale""}",0.6892230576441103,0.6333333333333333,0.6266968325791855,0.6435406698564593,0.6333333333333333,0.2666666666666667
P3,VP022,"{""C"": 33.59818286283781, ""gamma"": ""auto""}",0.6699083078632954,0.6333333333333333,0.6266968325791855,0.6435406698564593,0.6333333333333333,0.2666666666666667
Pz,VP022,"{""C"": 3.79269019073225, ""gamma"": ""auto""}",0.6566628518094646,0.65,0.6491228070175439,0.6515151515151515,0.6499999999999999,0.30000000000000004
POz,VP022,"{""C"": 16.23776739188721, ""gamma"": ""auto""}",0.6398559423769508,0.65,0.6491228070175439,0.6515151515151515,0.6499999999999999,0.30000000000000004
O1,VP022,"{""C"": 5.455594781168517, ""gamma"": ""auto""}",0.6332681365576103,0.6,0.6,0.6,0.6,0.19999999999999996
Fp2,VP022,"{""C"": 0.8858667904100825, ""gamma"": ""auto""}",0.6398559423769508,0.55,0.47248453272549656,0.6212938005390836,0.55,0.09999999999999998
AF6,VP022,"{""C"": 1.2742749857031335, ""gamma"": ""scale""}",0.6498093406410157,0.55,0.45546218487394957,0.6636363636363636,0.55,0.09999999999999998
F2,VP022,"{""C"": 1.2742749857031335, ""gamma"": ""scale""}",0.6466509622649895,0.5333333333333333,0.4871794871794872,0.5520833333333334,0.5333333333333333,0.06666666666666665
FC2,VP022,"{""C"": 0.8858667904100825, ""gamma"": ""scale""}",0.62640099626401,0.5833333333333334,0.5555555555555556,0.6111111111111112,0.5833333333333334,0.16666666666666663
FC6,VP022,"{""C"": 5.455594781168517, ""gamma"": ""auto""}",0.6080795899909557,0.5333333333333333,0.4608472400513479,0.5721153846153846,0.5333333333333333,0.06666666666666665
C4,VP022,"{""C"": 5.455594781168517, ""gamma"": ""auto""}",0.6166283294996167,0.6333333333333333,0.6122209165687427,0.6704545454545454,0.6333333333333333,0.2666666666666667
T8,VP022,"{""C"": 1.2742749857031335, ""gamma"": ""scale""}",0.6023391812865497,0.4666666666666667,0.43595769682726204,0.45738636363636365,0.4666666666666667,-0.06666666666666665
CP2,VP022,"{""C"": 3.79269019073225, ""gamma"": ""scale""}",0.6632996632996633,0.6833333333333333,0.6789636722050126,0.6938895417156287,0.6833333333333333,0.3666666666666667
CP6,VP022,"{""C"": 2.636650898730358, ""gamma"": ""auto""}",0.6428531692608952,0.5333333333333333,0.49760765550239233,0.5465838509316769,0.5333333333333333,0.06666666666666665
P4,VP022,"{""C"": 5.455594781168517, ""gamma"": ""auto""}",0.6498093406410157,0.6833333333333333,0.6760443307757886,0.7014652014652014,0.6833333333333333,0.3666666666666667
P8,VP022,"{""C"": 7.847599703514611, ""gamma"": ""auto""}",0.622994027958496,0.6,0.595959595959596,0.6041666666666667,0.6,0.19999999999999996
O2,VP022,"{""C"": 2.636650898730358, ""gamma"": ""scale""}",0.6166624073600818,0.5666666666666667,0.5661846496106786,0.5669642857142857,0.5666666666666667,0.1333333333333333
Fp1,VP023,"{""C"": 0.8858667904100825, ""gamma"": ""scale""}",0.6865412831799387,0.5666666666666667,0.5647321428571428,0.5678733031674208,0.5666666666666667,0.1333333333333333
AF5,VP023,"{""C"": 0.29763514416313175, ""gamma"": ""auto""}",0.7058299162060973,0.55,0.5396419437340154,0.554945054945055,0.55,0.09999999999999998
AFz,VP023,"{""C"": 1.2742749857031335, ""gamma"": ""auto""}",0.6878321678321678,0.6,0.5927601809954751,0.6076555023923444,0.6,0.19999999999999996
F1,VP023,"{""C"": 1.8329807108324356, ""gamma"": ""scale""}",0.6661324786324787,0.5666666666666667,0.5622895622895623,0.5694444444444444,0.5666666666666667,0.1333333333333333
FC5,VP023,"{""C"": 0.8858667904100825, ""gamma"": ""scale""}",0.6587715776796468,0.5833333333333334,0.5775837792171219,0.5881316098707403,0.5833333333333333,0.16666666666666663
FC1,VP023,"{""C"": 5.455594781168517, ""gamma"": ""auto""}",0.649341541338736,0.5166666666666667,0.5055413469735721,0.5183150183150182,0.5166666666666666,0.033333333333333326
T7,VP023,"{""C"": 0.6158482110660264, ""gamma"": ""scale""}",0.6932788051209103,0.5,0.4949494949494949,0.5,0.5,0.0
C3,VP023,"{""C"": 23.357214690901213, ""gamma"": ""scale""}",0.6899965555172836,0.5666666666666667,0.5588235294117647,0.5717703349282297,0.5666666666666667,0.1333333333333333
Cz,VP023,"{""C"": 3.79269019073225, ""gamma"": ""auto""}",0.6632996632996633,0.5833333333333334,0.5822890559732665,0.5841750841750841,0.5833333333333333,0.16666666666666663
CP5,VP023,"{""C"": 2.636650898730358, ""gamma"": ""auto""}",0.6766630740341559,0.5833333333333334,0.5832175604334537,0.5834260289210234,0.5833333333333333,0.16666666666666663
CP1,VP023,"{""C"": 0.8858667904100825, ""gamma"": ""scale""}",0.672809829059829,0.6666666666666666,0.660633484162896,0.6794258373205742,0.6666666666666667,0.33333333333333337
P7,VP023,"{""C"": 1.2742749857031335, ""gamma"": ""scale""}",0.6666073968705548,0.5833333333333334,0.5832175604334537,0.5834260289210234,0.5833333333333333,0.16666666666666663
P3,VP023,"{""C"": 0.8858667904100825, ""gamma"": ""scale""}",0.6563573883161512,0.6833333333333333,0.6811188811188811,0.6885714285714286,0.6833333333333333,0.3666666666666667
Pz,VP023,"{""C"": 1.2742749857031335, ""gamma"": ""scale""}",0.6432976630996432,0.7166666666666667,0.7127569698676429,0.7291421856639249,0.7166666666666667,0.43333333333333335
POz,VP023,"{""C"": 16.23776739188721, ""gamma"": ""auto""}",0.62,0.6333333333333333,0.6333333333333333,0.6333333333333333,0.6333333333333333,0.2666666666666667
O1,VP023,"{""C"": 69.51927961775606, ""gamma"": ""scale""}",0.5921732929220895,0.5166666666666667,0.5055413469735721,0.5183150183150182,0.5166666666666666,0.033333333333333326
Fp2,VP023,"{""C"": 0.6158482110660264, ""gamma"": ""scale""}",0.70560685133146,0.5,0.5,0.5,0.5,0.0
AF6,VP023,"{""C"": 1.2742749857031335, ""gamma"": ""scale""}",0.6683750376846548,0.6166666666666667,0.6033342914630642,0.634788189987163,0.6166666666666667,0.23333333333333328
F2,VP023,"{""C"": 0.6158482110660264, ""gamma"": ""scale""}",0.6708611347454212,0.5666666666666667,0.5542857142857143,0.575,0.5666666666666667,0.1333333333333333
FC2,VP023,"{""C"": 0.8858667904100825, ""gamma"": ""scale""}",0.6549760493082772,0.5666666666666667,0.5417156286721504,0.5852272727272727,0.5666666666666667,0.1333333333333333
FC6,VP023,"{""C"": 0.42813323987193935, ""gamma"": ""scale""}",0.6827375850207613,0.5666666666666667,0.5417156286721504,0.5852272727272727,0.5666666666666667,0.1333333333333333
C4,VP023,"{""C"": 7.847599703514611, ""gamma"": ""auto""}",0.6560207500751412,0.5666666666666667,0.5542857142857143,0.575,0.5666666666666667,0.1333333333333333
T8,VP023,"{""C"": 11.288378916846883, ""gamma"": ""auto""}",0.6325330720235178,0.48333333333333334,0.4653636102328256,0.4807445442875481,0.4833333333333333,-0.03333333333333344
CP2,VP023,"{""C"": 3.79269019073225, ""gamma"": ""auto""}",0.6566628518094646,0.6666666666666666,0.6651785714285714,0.6696832579185521,0.6666666666666666,0.33333333333333337
CP6,VP023,"{""C"": 5.455594781168517, ""gamma"": ""auto""}",0.6563573883161512,0.5333333333333333,0.5248868778280543,0.5358851674641147,0.5333333333333333,0.06666666666666665
P4,VP023,"{""C"": 2.636650898730358, ""gamma"": ""auto""}",0.6466509622649895,0.55,0.5488721804511278,0.5505050505050505,0.55,0.09999999999999998
P8,VP023,"{""C"": 11.288378916846883, ""gamma"": ""auto""}",0.6965823839955543,0.48333333333333334,0.4762038862292312,0.48237367802585196,0.4833333333333333,-0.03333333333333344
O2,VP023,"{""C"": 11.288378916846883, ""gamma"": ""scale""}",0.622826244172721,0.48333333333333334,0.4653636102328256,0.4807445442875481,0.4833333333333333,-0.03333333333333344
Fp1,VP024,"{""C"": 0.14384498882876628, ""gamma"": ""scale""}",0.6534281452237015,0.6833333333333333,0.667735354124162,0.725718194254446,0.6833333333333333,0.3666666666666667
AF5,VP024,"{""C"": 0.14384498882876628, ""gamma"": ""auto""}",0.6529477196885428,0.65,0.6109910466193269,0.7504638218923934,0.65,0.30000000000000004
AFz,VP024,"{""C"": 0.29763514416313175, ""gamma"": ""scale""}",0.6511003757380569,0.6666666666666666,0.6411483253588517,0.7329192546583851,0.6666666666666667,0.33333333333333337
F1,VP024,"{""C"": 0.29763514416313175, ""gamma"": ""scale""}",0.6387241802479613,0.6333333333333333,0.6228571428571429,0.6499999999999999,0.6333333333333333,0.2666666666666667
FC5,VP024,"{""C"": 0.8858667904100825, ""gamma"": ""auto""}",0.6461004273504274,0.6,0.5833333333333333,0.6190476190476191,0.6000000000000001,0.19999999999999996
FC1,VP024,"{""C"": 0.29763514416313175, ""gamma"": ""auto""}",0.6363636363636364,0.5166666666666667,0.5154553049289892,0.5168350168350169,0.5166666666666666,0.033333333333333326
T7,VP024,"{""C"": 0.20691380811147897, ""gamma"": ""scale""}",0.6017358515824586,0.6166666666666667,0.5832074901842343,0.6718494271685762,0.6166666666666667,0.23333333333333328
C3,VP024,"{""C"": 0.6158482110660264, ""gamma"": ""auto""}",0.6566628518094646,0.5666666666666667,0.5588235294117647,0.5717703349282297,0.5666666666666667,0.1333333333333333
Cz,VP024,"{""C"": 0.1, ""gamma"": ""scale""}",0.6291134688005755,0.6,0.5927601809954751,0.6076555023923444,0.6,0.19999999999999996
CP5,VP024,"{""C"": 0.8858667904100825, ""gamma"": ""scale""}",0.6258518551512182,0.5333333333333333,0.5328142380422691,0.5334821428571428,0.5333333333333333,0.06666666666666665
CP1,VP024,"{""C"": 0.8858667904100825, ""gamma"": ""scale""}",0.6461004273504274,0.6666666666666666,0.6662958843159066,0.6674107142857143,0.6666666666666666,0.33333333333333337
P7,VP024,"{""C"": 3.79269019073225, ""gamma"": ""scale""}",0.633317036312725,0.6,0.5995550611790879,0.6004464285714286,0.6,0.19999999999999996
P3,VP024,"{""C"": 3.79269019073225, ""gamma"": ""auto""}",0.636339372101558,0.6,0.5982142857142857,0.6018099547511313,0.6,0.19999999999999996
Pz,VP024,"{""C"": 69.51927961775606, ""gamma"": ""auto""}",0.66,0.5166666666666667,0.5165323701028064,0.5166852057842046,0.5166666666666666,0.033333333333333326
POz,VP024,"{""C"": 69.51927961775606, ""gamma"": ""auto""}",0.6458955057681173,0.5666666666666667,0.5622895622895623,0.5694444444444444,0.5666666666666667,0.1333333333333333
O1,VP024,"{""C"": 2.636650898730358, ""gamma"": ""scale""}",0.60996099609961,0.45,0.44862155388471175,0.4494949494949495,0.45,-0.10000000000000009
Fp2,VP024,"{""C"": 0.1, ""gamma"": ""auto""}",0.6697027324592133,0.6833333333333333,0.6622222222222223,0.7444444444444445,0.6833333333333333,0.3666666666666667
AF6,VP024,"{""C"": 0.20691380811147897, ""gamma"": ""scale""}",0.636339372101558,0.6166666666666667,0.5631528964862298,0.7287581699346405,0.6166666666666667,0.23333333333333328
F2,VP024,"{""C"": 0.42813323987193935, ""gamma"": ""auto""}",0.6322164861490704,0.6166666666666667,0.5832074901842343,0.6718494271685762,0.6166666666666667,0.23333333333333328
FC2,VP024,"{""C"": 0.6158482110660264, ""gamma"": ""scale""}",0.6456587627027991,0.48333333333333334,0.4831897749374826,0.4833147942157954,0.48333333333333334,-0.03333333333333344
FC6,VP024,"{""C"": 1.2742749857031335, ""gamma"": ""auto""}",0.6223700773242222,0.5333333333333333,0.49760765550239233,0.5465838509316769,0.5333333333333333,0.06666666666666665
C4,VP024,"{""C"": 1.8329807108324356, ""gamma"": ""auto""}",0.6565712697971658,0.55,0.5488721804511278,0.5505050505050505,0.55,0.09999999999999998
T8,VP024,"{""C"": 0.8858667904100825, ""gamma"": ""scale""}",0.6195773081201335,0.45,0.4461538461538462,0.44857142857142857,0.44999999999999996,-0.10000000000000009
CP2,VP024,"{""C"": 3.79269019073225, ""gamma"": ""auto""}",0.6364687440940067,0.6166666666666667,0.607843137254902,0.6282051282051282,0.6166666666666667,0.23333333333333328
CP6,VP024,"{""C"": 16.23776739188721, ""gamma"": ""auto""}",0.6664294609500089,0.55,0.5498749652681301,0.550055617352614,0.55,0.09999999999999998
P4,VP024,"{""C"": 2.636650898730358, ""gamma"": ""auto""}",0.6666518511933863,0.5166666666666667,0.5132867132867133,0.5171428571428571,0.5166666666666666,0.033333333333333326
P8,VP024,"{""C"": 1.8329807108324356, ""gamma"": ""auto""}",0.638053532329416,0.48333333333333334,0.47972027972027975,0.4828571428571429,0.48333333333333334,-0.03333333333333344
O2,VP024,"{""C"": 7.847599703514611, ""gamma"": ""auto""}",0.6232956628996233,0.4,0.3993325917686318,0.3995535714285714,0.4,-0.19999999999999996
Fp1,VP025,"{""C"": 0.42813323987193935, ""gamma"": ""scale""}",0.6471418489767113,0.6,0.5833333333333333,0.6190476190476191,0.6000000000000001,0.19999999999999996
AF5,VP025,"{""C"": 0.8858667904100825, ""gamma"": ""auto""}",0.679915542627388,0.6166666666666667,0.6157059314954052,0.6178451178451179,0.6166666666666667,0.23333333333333328
AFz,VP025,"{""C"": 0.42813323987193935, ""gamma"": ""scale""}",0.6549760493082772,0.6833333333333333,0.6811188811188811,0.6885714285714286,0.6833333333333333,0.3666666666666667
F1,VP025,"{""C"": 2.636650898730358, ""gamma"": ""auto""}",0.6616755434964661,0.7166666666666667,0.7146853146853147,0.7228571428571429,0.7166666666666667,0.43333333333333335
FC5,VP025,"{""C"": 16.23776739188721, ""gamma"": ""auto""}",0.6797722825120085,0.5333333333333333,0.5328142380422691,0.5334821428571428,0.5333333333333333,0.06666666666666665
FC1,VP025,"{""C"": 0.29763514416313175, ""gamma"": ""scale""}",0.6581331588270469,0.5333333333333333,0.4444444444444444,0.5925925925925926,0.5333333333333333,0.06666666666666665
T7,VP025,"{""C"": 33.59818286283781, ""gamma"": ""scale""}",0.6599395448079659,0.5666666666666667,0.5622895622895623,0.5694444444444444,0.5666666666666667,0.1333333333333333
C3,VP025,"{""C"": 0.42813323987193935, ""gamma"": ""scale""}",0.6753645176764578,0.65,0.6266666666666667,0.7,0.65,0.30000000000000004
Cz,VP025,"{""C"": 3.79269019073225, ""gamma"": ""auto""}",0.6193910256410255,0.7333333333333333,0.7330367074527253,0.734375,0.7333333333333334,0.4666666666666667
CP5,VP025,"{""C"": 1.2742749857031335, ""gamma"": ""scale""}",0.699786514855008,0.6666666666666666,0.6632996632996633,0.6736111111111112,0.6666666666666667,0.33333333333333337
CP1,VP025,"{""C"": 0.8858667904100825, ""gamma"": ""scale""}",0.6432976630996432,0.7166666666666667,0.7165879410947485,0.7169076751946608,0.7166666666666666,0.43333333333333335
P7,VP025,"{""C"": 16.23776739188721, ""gamma"": ""scale""}",0.6633295925510283,0.5833333333333334,0.5832175604334537,0.5834260289210234,0.5833333333333333,0.16666666666666663
P3,VP025,"{""C"": 0.29763514416313175, ""gamma"": ""scale""}",0.6533179252411219,0.5833333333333334,0.5804195804195804,0.5857142857142856,0.5833333333333333,0.16666666666666663
Pz,VP025,"{""C"": 1.2742749857031335, ""gamma"": ""auto""}",0.6365447978351204,0.6166666666666667,0.607843137254902,0.6282051282051282,0.6166666666666667,0.23333333333333328
POz,VP025,"{""C"": 0.8858667904100825, ""gamma"": ""scale""}",0.6097875509999889,0.5166666666666667,0.5099971838918614,0.517626321974148,0.5166666666666666,0.033333333333333326
O1,VP025,"{""C"": 1.8329807108324356, ""gamma"": ""scale""}",0.6266500733365927,0.43333333333333335,0.4308035714285714,0.4321266968325792,0.43333333333333335,-0.1333333333333333
Fp2,VP025,"{""C"": 0.8858667904100825, ""gamma"": ""auto""}",0.6511003757380569,0.6833333333333333,0.667735354124162,0.725718194254446,0.6833333333333333,0.3666666666666667
AF6,VP025,"{""C"": 1.2742749857031335, ""gamma"": ""scale""}",0.6820580327759123,0.65,0.6451703745423825,0.6586368977673325,0.65,0.30000000000000004
F2,VP025,"{""C"": 0.29763514416313175, ""gamma"": ""scale""}",0.6420692449687092,0.65,0.6475524475524476,0.6542857142857144,0.6499999999999999,0.30000000000000004
FC2,VP025,"{""C"": 3.79269019073225, ""gamma"": ""auto""}",0.6599848882172541,0.7,0.699666295884316,0.7008928571428572,0.7,0.4
FC6,VP025,"{""C"": 1.8329807108324356, ""gamma"": ""scale""}",0.6596218020022246,0.6333333333333333,0.6333333333333333,0.6333333333333333,0.6333333333333333,0.2666666666666667
C4,VP025,"{""C"": 5.455594781168517, ""gamma"": ""auto""}",0.643329370326337,0.7166666666666667,0.7159565580618212,0.7188552188552189,0.7166666666666667,0.43333333333333335
T8,VP025,"{""C"": 1.2742749857031335, ""gamma"": ""scale""}",0.643329370326337,0.6,0.5982142857142857,0.6018099547511313,0.6,0.19999999999999996
CP2,VP025,"{""C"": 0.6158482110660264, ""gamma"": ""auto""}",0.6156266858478691,0.6833333333333333,0.6832453459294248,0.6835372636262513,0.6833333333333333,0.3666666666666667
CP6,VP025,"{""C"": 3.79269019073225, ""gamma"": ""auto""}",0.6366626295847732,0.7333333333333333,0.7321428571428572,0.7375565610859729,0.7333333333333334,0.4666666666666667
P4,VP025,"{""C"": 0.8858667904100825, ""gamma"": ""scale""}",0.6232956628996233,0.6833333333333333,0.6825396825396826,0.6851851851851851,0.6833333333333333,0.3666666666666667
P8,VP025,"{""C"": 0.8858667904100825, ""gamma"": ""auto""}",0.6168582375478927,0.5833333333333334,0.5688416211555045,0.5962772785622593,0.5833333333333334,0.16666666666666663
O2,VP025,"{""C"": 1.2742749857031335, ""gamma"": ""scale""}",0.5998399359743898,0.5333333333333333,0.53125,0.5339366515837104,0.5333333333333333,0.06666666666666665
Fp1,VP026,"{""C"": 0.20691380811147897, ""gamma"": ""scale""}",0.6214785783673332,0.5833333333333334,0.5688416211555045,0.5962772785622593,0.5833333333333334,0.16666666666666663
AF5,VP026,"{""C"": 0.42813323987193935, ""gamma"": ""auto""}",0.6384117150098564,0.55,0.52,0.5666666666666667,0.55,0.09999999999999998
AFz,VP026,"{""C"": 0.42813323987193935, ""gamma"": ""scale""}",0.6316964285714286,0.5833333333333334,0.5688416211555045,0.5962772785622593,0.5833333333333334,0.16666666666666663
F1,VP026,"{""C"": 2.636650898730358, ""gamma"": ""scale""}",0.6218163968808219,0.55,0.5343489508479448,0.5577663671373556,0.5499999999999999,0.09999999999999998
FC5,VP026,"{""C"": 1.2742749857031335, ""gamma"": ""scale""}",0.6458955057681173,0.5833333333333334,0.5555555555555556,0.6111111111111112,0.5833333333333334,0.16666666666666663
FC1,VP026,"{""C"": 3.79269019073225, ""gamma"": ""scale""}",0.5988589766446781,0.6666666666666666,0.660633484162896,0.6794258373205742,0.6666666666666667,0.33333333333333337
T7,VP026,"{""C"": 2.636650898730358, ""gamma"": ""auto""}",0.6232956628996233,0.55,0.52,0.5666666666666667,0.55,0.09999999999999998
C3,VP026,"{""C"": 1.8329807108324356, ""gamma"": ""scale""}",0.636339372101558,0.5833333333333334,0.5737425404944586,0.5915750915750916,0.5833333333333333,0.16666666666666663
Cz,VP026,"{""C"": 3.79269019073225, ""gamma"": ""scale""}",0.6233291481016456,0.6333333333333333,0.6329254727474972,0.6339285714285714,0.6333333333333333,0.2666666666666667
CP5,VP026,"{""C"": 23.357214690901213, ""gamma"": ""scale""}",0.6456587627027991,0.6333333333333333,0.6316964285714286,0.6357466063348416,0.6333333333333333,0.2666666666666667
CP1,VP026,"{""C"": 1.8329807108324356, ""gamma"": ""scale""}",0.6398559423769508,0.6666666666666666,0.6662958843159066,0.6674107142857143,0.6666666666666666,0.33333333333333337
P7,VP026,"{""C"": 11.288378916846883, ""gamma"": ""scale""}",0.6766630740341559,0.7166666666666667,0.7159565580618212,0.7188552188552189,0.7166666666666667,0.43333333333333335
P3,VP026,"{""C"": 23.357214690901213, ""gamma"": ""scale""}",0.699786514855008,0.6166666666666667,0.6113770768797522,0.6233842538190364,0.6166666666666667,0.23333333333333328
Pz,VP026,"{""C"": 5.455594781168517, ""gamma"": ""scale""}",0.6665332799786581,0.6666666666666666,0.6651785714285714,0.6696832579185521,0.6666666666666666,0.33333333333333337
POz,VP026,"{""C"": 7.847599703514611, ""gamma"": ""scale""}",0.6766343300996767,0.7,0.6986607142857143,0.7036199095022624,0.7,0.4
O1,VP026,"{""C"": 33.59818286283781, ""gamma"": ""auto""}",0.6397438178260095,0.5833333333333334,0.5804195804195804,0.5857142857142856,0.5833333333333333,0.16666666666666663
Fp2,VP026,"{""C"": 0.29763514416313175, ""gamma"": ""scale""}",0.628178072555522,0.5666666666666667,0.5542857142857143,0.575,0.5666666666666667,0.1333333333333333
AF6,VP026,"{""C"": 1.2742749857031335, ""gamma"": ""auto""}",0.6212121212121212,0.6333333333333333,0.6228571428571429,0.6499999999999999,0.6333333333333333,0.2666666666666667
F2,VP026,"{""C"": 2.636650898730358, ""gamma"": ""scale""}",0.6076941131763365,0.55,0.5396419437340154,0.554945054945055,0.55,0.09999999999999998
FC2,VP026,"{""C"": 1.8329807108324356, ""gamma"": ""scale""}",0.6084293666819129,0.6666666666666666,0.6662958843159066,0.6674107142857143,0.6666666666666666,0.33333333333333337
FC6,VP026,"{""C"": 0.8858667904100825, ""gamma"": ""scale""}",0.5851732905125118,0.75,0.7442455242966752,0.7747252747252746,0.75,0.5
C4,VP026,"{""C"": 0.8858667904100825, ""gamma"": ""auto""}",0.594680601614578,0.65,0.6451703745423825,0.6586368977673325,0.65,0.30000000000000004
T8,VP026,"{""C"": 2.636650898730358, ""gamma"": ""scale""}",0.5481877307868227,0.7,0.6875,0.7380952380952381,0.7,0.4
CP2,VP026,"{""C"": 2.636650898730358, ""gamma"": ""scale""}",0.6232956628996233,0.7,0.699666295884316,0.7008928571428572,0.7,0.4
CP6,VP026,"{""C"": 1.8329807108324356, ""gamma"": ""scale""}",0.6195773081201335,0.7166666666666667,0.7146853146853147,0.7228571428571429,0.7166666666666667,0.43333333333333335
P4,VP026,"{""C"": 2.636650898730358, ""gamma"": ""scale""}",0.6665332799786581,0.75,0.7493734335839599,0.7525252525252526,0.75,0.5
P8,VP026,"{""C"": 11.288378916846883, ""gamma"": ""auto""}",0.620257418422556,0.6833333333333333,0.6832453459294248,0.6835372636262513,0.6833333333333333,0.3666666666666667
O2,VP026,"{""C"": 2.636650898730358, ""gamma"": ""scale""}",0.633317036312725,0.7333333333333333,0.7306397306397306,0.7430555555555556,0.7333333333333334,0.4666666666666667
