subject,seed,method,requested_fraction,actual_fraction,calibration_count,test_count,calibration_counts,test_counts,calibration_trial_ids,test_trial_ids,valid,invalid_reason,source_best_val_f1,source_best_epoch,accuracy,f1_macro,precision_macro,recall_macro,kappa
VP001,2023,source_only,0.30,0.3,18,42,"{""0"": 9, ""1"": 9}","{""0"": 21, ""1"": 21}","[""atten_word_VP001_word1_rest_002_00"", ""atten_word_VP001_word1_task_002_00"", ""atten_word_VP001_word1_rest_007_00"", ""atten_word_VP001_word1_task_010_00"", ""atten_word_VP001_word1_rest_009_00"", ""atten_word_VP001_word2_task_003_00"", ""atten_word_VP001_word2_task_004_00"", ""atten_word_VP001_word2_task_006_00"", ""atten_word_VP001_word2_rest_005_00"", ""atten_word_VP001_word2_task_008_00"", ""atten_word_VP001_word2_task_009_00"", ""atten_word_VP001_word2_rest_009_00"", ""atten_word_VP001_word3_rest_001_00"", ""atten_word_VP001_word3_rest_005_00"", ""atten_word_VP001_word3_task_006_00"", ""atten_word_VP001_word3_rest_006_00"", ""atten_word_VP001_word3_rest_007_00"", ""atten_word_VP001_word3_task_010_00""]","[""atten_word_VP001_word1_rest_001_00"", ""atten_word_VP001_word1_task_001_00"", ""atten_word_VP001_word1_rest_003_00"", ""atten_word_VP001_word1_task_003_00"", ""atten_word_VP001_word1_task_004_00"", ""atten_word_VP001_word1_rest_004_00"", ""atten_word_VP001_word1_task_005_00"", ""atten_word_VP001_word1_task_006_00"", ""atten_word_VP001_word1_task_007_00"", ""atten_word_VP001_word1_rest_005_00"", ""atten_word_VP001_word1_task_008_00"", ""atten_word_VP001_word1_rest_006_00"", ""atten_word_VP001_word1_rest_008_00"", ""atten_word_VP001_word1_task_009_00"", ""atten_word_VP001_word1_rest_010_00"", ""atten_word_VP001_word2_task_001_00"", ""atten_word_VP001_word2_rest_001_00"", ""atten_word_VP001_word2_rest_002_00"", ""atten_word_VP001_word2_task_002_00"", ""atten_word_VP001_word2_rest_003_00"", ""atten_word_VP001_word2_task_005_00"", ""atten_word_VP001_word2_rest_004_00"", ""atten_word_VP001_word2_task_007_00"", ""atten_word_VP001_word2_rest_006_00"", ""atten_word_VP001_word2_rest_007_00"", ""atten_word_VP001_word2_rest_008_00"", ""atten_word_VP001_word2_task_010_00"", ""atten_word_VP001_word2_rest_010_00"", ""atten_word_VP001_word3_rest_002_00"", ""atten_word_VP001_word3_task_001_00"", ""atten_word_VP001_word3_rest_003_00"", ""atten_word_VP001_word3_task_002_00"", ""atten_word_VP001_word3_task_003_00"", ""atten_word_VP001_word3_task_004_00"", ""atten_word_VP001_word3_rest_004_00"", ""atten_word_VP001_word3_task_005_00"", ""atten_word_VP001_word3_task_007_00"", ""atten_word_VP001_word3_rest_008_00"", ""atten_word_VP001_word3_task_008_00"", ""atten_word_VP001_word3_rest_009_00"", ""atten_word_VP001_word3_task_009_00"", ""atten_word_VP001_word3_rest_010_00""]",True,,0.7931034482758621,75,0.7857142857142857,0.7795918367346939,0.8214285714285714,0.7857142857142857,0.5714285714285714
VP001,2023,existing_head_adaptation,0.30,0.3,18,42,"{""0"": 9, ""1"": 9}","{""0"": 21, ""1"": 21}","[""atten_word_VP001_word1_rest_002_00"", ""atten_word_VP001_word1_task_002_00"", ""atten_word_VP001_word1_rest_007_00"", ""atten_word_VP001_word1_task_010_00"", ""atten_word_VP001_word1_rest_009_00"", ""atten_word_VP001_word2_task_003_00"", ""atten_word_VP001_word2_task_004_00"", ""atten_word_VP001_word2_task_006_00"", ""atten_word_VP001_word2_rest_005_00"", ""atten_word_VP001_word2_task_008_00"", ""atten_word_VP001_word2_task_009_00"", ""atten_word_VP001_word2_rest_009_00"", ""atten_word_VP001_word3_rest_001_00"", ""atten_word_VP001_word3_rest_005_00"", ""atten_word_VP001_word3_task_006_00"", ""atten_word_VP001_word3_rest_006_00"", ""atten_word_VP001_word3_rest_007_00"", ""atten_word_VP001_word3_task_010_00""]","[""atten_word_VP001_word1_rest_001_00"", ""atten_word_VP001_word1_task_001_00"", ""atten_word_VP001_word1_rest_003_00"", ""atten_word_VP001_word1_task_003_00"", ""atten_word_VP001_word1_task_004_00"", ""atten_word_VP001_word1_rest_004_00"", ""atten_word_VP001_word1_task_005_00"", ""atten_word_VP001_word1_task_006_00"", ""atten_word_VP001_word1_task_007_00"", ""atten_word_VP001_word1_rest_005_00"", ""atten_word_VP001_word1_task_008_00"", ""atten_word_VP001_word1_rest_006_00"", ""atten_word_VP001_word1_rest_008_00"", ""atten_word_VP001_word1_task_009_00"", ""atten_word_VP001_word1_rest_010_00"", ""atten_word_VP001_word2_task_001_00"", ""atten_word_VP001_word2_rest_001_00"", ""atten_word_VP001_word2_rest_002_00"", ""atten_word_VP001_word2_task_002_00"", ""atten_word_VP001_word2_rest_003_00"", ""atten_word_VP001_word2_task_005_00"", ""atten_word_VP001_word2_rest_004_00"", ""atten_word_VP001_word2_task_007_00"", ""atten_word_VP001_word2_rest_006_00"", ""atten_word_VP001_word2_rest_007_00"", ""atten_word_VP001_word2_rest_008_00"", ""atten_word_VP001_word2_task_010_00"", ""atten_word_VP001_word2_rest_010_00"", ""atten_word_VP001_word3_rest_002_00"", ""atten_word_VP001_word3_task_001_00"", ""atten_word_VP001_word3_rest_003_00"", ""atten_word_VP001_word3_task_002_00"", ""atten_word_VP001_word3_task_003_00"", ""atten_word_VP001_word3_task_004_00"", ""atten_word_VP001_word3_rest_004_00"", ""atten_word_VP001_word3_task_005_00"", ""atten_word_VP001_word3_task_007_00"", ""atten_word_VP001_word3_rest_008_00"", ""atten_word_VP001_word3_task_008_00"", ""atten_word_VP001_word3_rest_009_00"", ""atten_word_VP001_word3_task_009_00"", ""atten_word_VP001_word3_rest_010_00""]",True,,0.7931034482758621,75,0.9047619047619048,0.9047619047619048,0.9047619047619048,0.9047619047619048,0.8095238095238095
VP002,2023,source_only,0.30,0.3,18,42,"{""0"": 9, ""1"": 9}","{""0"": 21, ""1"": 21}","[""atten_word_VP002_word1_task_002_00"", ""atten_word_VP002_word1_rest_002_00"", ""atten_word_VP002_word1_rest_007_00"", ""atten_word_VP002_word1_task_010_00"", ""atten_word_VP002_word1_rest_009_00"", ""atten_word_VP002_word2_task_003_00"", ""atten_word_VP002_word2_rest_005_00"", ""atten_word_VP002_word2_task_004_00"", ""atten_word_VP002_word2_task_006_00"", ""atten_word_VP002_word2_task_008_00"", ""atten_word_VP002_word2_task_009_00"", ""atten_word_VP002_word2_rest_009_00"", ""atten_word_VP002_word3_rest_001_00"", ""atten_word_VP002_word3_task_006_00"", ""atten_word_VP002_word3_rest_005_00"", ""atten_word_VP002_word3_rest_006_00"", ""atten_word_VP002_word3_rest_007_00"", ""atten_word_VP002_word3_task_010_00""]","[""atten_word_VP002_word1_rest_001_00"", ""atten_word_VP002_word1_task_001_00"", ""atten_word_VP002_word1_rest_003_00"", ""atten_word_VP002_word1_rest_004_00"", ""atten_word_VP002_word1_task_003_00"", ""atten_word_VP002_word1_rest_005_00"", ""atten_word_VP002_word1_task_004_00"", ""atten_word_VP002_word1_task_005_00"", ""atten_word_VP002_word1_rest_006_00"", ""atten_word_VP002_word1_task_006_00"", ""atten_word_VP002_word1_task_007_00"", ""atten_word_VP002_word1_task_008_00"", ""atten_word_VP002_word1_rest_008_00"", ""atten_word_VP002_word1_task_009_00"", ""atten_word_VP002_word1_rest_010_00"", ""atten_word_VP002_word2_task_001_00"", ""atten_word_VP002_word2_rest_001_00"", ""atten_word_VP002_word2_rest_002_00"", ""atten_word_VP002_word2_rest_003_00"", ""atten_word_VP002_word2_task_002_00"", ""atten_word_VP002_word2_rest_004_00"", ""atten_word_VP002_word2_rest_006_00"", ""atten_word_VP002_word2_task_005_00"", ""atten_word_VP002_word2_rest_007_00"", ""atten_word_VP002_word2_task_007_00"", ""atten_word_VP002_word2_rest_008_00"", ""atten_word_VP002_word2_rest_010_00"", ""atten_word_VP002_word2_task_010_00"", ""atten_word_VP002_word3_task_001_00"", ""atten_word_VP002_word3_rest_002_00"", ""atten_word_VP002_word3_task_002_00"", ""atten_word_VP002_word3_task_003_00"", ""atten_word_VP002_word3_rest_003_00"", ""atten_word_VP002_word3_rest_004_00"", ""atten_word_VP002_word3_task_004_00"", ""atten_word_VP002_word3_task_005_00"", ""atten_word_VP002_word3_task_007_00"", ""atten_word_VP002_word3_rest_008_00"", ""atten_word_VP002_word3_rest_009_00"", ""atten_word_VP002_word3_task_008_00"", ""atten_word_VP002_word3_task_009_00"", ""atten_word_VP002_word3_rest_010_00""]",True,,0.7999911107160318,74,0.8095238095238095,0.8023529411764705,0.8620689655172413,0.8095238095238095,0.6190476190476191
VP002,2023,existing_head_adaptation,0.30,0.3,18,42,"{""0"": 9, ""1"": 9}","{""0"": 21, ""1"": 21}","[""atten_word_VP002_word1_task_002_00"", ""atten_word_VP002_word1_rest_002_00"", ""atten_word_VP002_word1_rest_007_00"", ""atten_word_VP002_word1_task_010_00"", ""atten_word_VP002_word1_rest_009_00"", ""atten_word_VP002_word2_task_003_00"", ""atten_word_VP002_word2_rest_005_00"", ""atten_word_VP002_word2_task_004_00"", ""atten_word_VP002_word2_task_006_00"", ""atten_word_VP002_word2_task_008_00"", ""atten_word_VP002_word2_task_009_00"", ""atten_word_VP002_word2_rest_009_00"", ""atten_word_VP002_word3_rest_001_00"", ""atten_word_VP002_word3_task_006_00"", ""atten_word_VP002_word3_rest_005_00"", ""atten_word_VP002_word3_rest_006_00"", ""atten_word_VP002_word3_rest_007_00"", ""atten_word_VP002_word3_task_010_00""]","[""atten_word_VP002_word1_rest_001_00"", ""atten_word_VP002_word1_task_001_00"", ""atten_word_VP002_word1_rest_003_00"", ""atten_word_VP002_word1_rest_004_00"", ""atten_word_VP002_word1_task_003_00"", ""atten_word_VP002_word1_rest_005_00"", ""atten_word_VP002_word1_task_004_00"", ""atten_word_VP002_word1_task_005_00"", ""atten_word_VP002_word1_rest_006_00"", ""atten_word_VP002_word1_task_006_00"", ""atten_word_VP002_word1_task_007_00"", ""atten_word_VP002_word1_task_008_00"", ""atten_word_VP002_word1_rest_008_00"", ""atten_word_VP002_word1_task_009_00"", ""atten_word_VP002_word1_rest_010_00"", ""atten_word_VP002_word2_task_001_00"", ""atten_word_VP002_word2_rest_001_00"", ""atten_word_VP002_word2_rest_002_00"", ""atten_word_VP002_word2_rest_003_00"", ""atten_word_VP002_word2_task_002_00"", ""atten_word_VP002_word2_rest_004_00"", ""atten_word_VP002_word2_rest_006_00"", ""atten_word_VP002_word2_task_005_00"", ""atten_word_VP002_word2_rest_007_00"", ""atten_word_VP002_word2_task_007_00"", ""atten_word_VP002_word2_rest_008_00"", ""atten_word_VP002_word2_rest_010_00"", ""atten_word_VP002_word2_task_010_00"", ""atten_word_VP002_word3_task_001_00"", ""atten_word_VP002_word3_rest_002_00"", ""atten_word_VP002_word3_task_002_00"", ""atten_word_VP002_word3_task_003_00"", ""atten_word_VP002_word3_rest_003_00"", ""atten_word_VP002_word3_rest_004_00"", ""atten_word_VP002_word3_task_004_00"", ""atten_word_VP002_word3_task_005_00"", ""atten_word_VP002_word3_task_007_00"", ""atten_word_VP002_word3_rest_008_00"", ""atten_word_VP002_word3_rest_009_00"", ""atten_word_VP002_word3_task_008_00"", ""atten_word_VP002_word3_task_009_00"", ""atten_word_VP002_word3_rest_010_00""]",True,,0.7999911107160318,74,0.9047619047619048,0.9045454545454545,0.9084668192219679,0.9047619047619047,0.8095238095238095
VP003,2023,source_only,0.30,0.3,18,42,"{""0"": 9, ""1"": 9}","{""0"": 21, ""1"": 21}","[""atten_word_VP003_word1_rest_002_00"", ""atten_word_VP003_word1_task_002_00"", ""atten_word_VP003_word1_rest_007_00"", ""atten_word_VP003_word1_rest_009_00"", ""atten_word_VP003_word1_task_010_00"", ""atten_word_VP003_word2_task_003_00"", ""atten_word_VP003_word2_task_004_00"", ""atten_word_VP003_word2_rest_005_00"", ""atten_word_VP003_word2_task_006_00"", ""atten_word_VP003_word2_rest_009_00"", ""atten_word_VP003_word2_task_008_00"", ""atten_word_VP003_word2_task_009_00"", ""atten_word_VP003_word3_rest_001_00"", ""atten_word_VP003_word3_rest_005_00"", ""atten_word_VP003_word3_rest_006_00"", ""atten_word_VP003_word3_rest_007_00"", ""atten_word_VP003_word3_task_006_00"", ""atten_word_VP003_word3_task_010_00""]","[""atten_word_VP003_word1_rest_001_00"", ""atten_word_VP003_word1_task_001_00"", ""atten_word_VP003_word1_rest_003_00"", ""atten_word_VP003_word1_rest_004_00"", ""atten_word_VP003_word1_rest_005_00"", ""atten_word_VP003_word1_rest_006_00"", ""atten_word_VP003_word1_task_003_00"", ""atten_word_VP003_word1_task_004_00"", ""atten_word_VP003_word1_task_005_00"", ""atten_word_VP003_word1_task_006_00"", ""atten_word_VP003_word1_rest_008_00"", ""atten_word_VP003_word1_task_007_00"", ""atten_word_VP003_word1_rest_010_00"", ""atten_word_VP003_word1_task_008_00"", ""atten_word_VP003_word1_task_009_00"", ""atten_word_VP003_word2_rest_001_00"", ""atten_word_VP003_word2_rest_002_00"", ""atten_word_VP003_word2_rest_003_00"", ""atten_word_VP003_word2_task_001_00"", ""atten_word_VP003_word2_task_002_00"", ""atten_word_VP003_word2_rest_004_00"", ""atten_word_VP003_word2_rest_006_00"", ""atten_word_VP003_word2_task_005_00"", ""atten_word_VP003_word2_rest_007_00"", ""atten_word_VP003_word2_rest_008_00"", ""atten_word_VP003_word2_task_007_00"", ""atten_word_VP003_word2_rest_010_00"", ""atten_word_VP003_word2_task_010_00"", ""atten_word_VP003_word3_rest_002_00"", ""atten_word_VP003_word3_rest_003_00"", ""atten_word_VP003_word3_task_001_00"", ""atten_word_VP003_word3_rest_004_00"", ""atten_word_VP003_word3_task_002_00"", ""atten_word_VP003_word3_task_003_00"", ""atten_word_VP003_word3_task_004_00"", ""atten_word_VP003_word3_rest_008_00"", ""atten_word_VP003_word3_task_005_00"", ""atten_word_VP003_word3_task_007_00"", ""atten_word_VP003_word3_rest_009_00"", ""atten_word_VP003_word3_task_008_00"", ""atten_word_VP003_word3_rest_010_00"", ""atten_word_VP003_word3_task_009_00""]",True,,0.806658073692164,85,0.5238095238095238,0.3841642228739003,0.7560975609756098,0.5238095238095238,0.04761904761904767
VP003,2023,existing_head_adaptation,0.30,0.3,18,42,"{""0"": 9, ""1"": 9}","{""0"": 21, ""1"": 21}","[""atten_word_VP003_word1_rest_002_00"", ""atten_word_VP003_word1_task_002_00"", ""atten_word_VP003_word1_rest_007_00"", ""atten_word_VP003_word1_rest_009_00"", ""atten_word_VP003_word1_task_010_00"", ""atten_word_VP003_word2_task_003_00"", ""atten_word_VP003_word2_task_004_00"", ""atten_word_VP003_word2_rest_005_00"", ""atten_word_VP003_word2_task_006_00"", ""atten_word_VP003_word2_rest_009_00"", ""atten_word_VP003_word2_task_008_00"", ""atten_word_VP003_word2_task_009_00"", ""atten_word_VP003_word3_rest_001_00"", ""atten_word_VP003_word3_rest_005_00"", ""atten_word_VP003_word3_rest_006_00"", ""atten_word_VP003_word3_rest_007_00"", ""atten_word_VP003_word3_task_006_00"", ""atten_word_VP003_word3_task_010_00""]","[""atten_word_VP003_word1_rest_001_00"", ""atten_word_VP003_word1_task_001_00"", ""atten_word_VP003_word1_rest_003_00"", ""atten_word_VP003_word1_rest_004_00"", ""atten_word_VP003_word1_rest_005_00"", ""atten_word_VP003_word1_rest_006_00"", ""atten_word_VP003_word1_task_003_00"", ""atten_word_VP003_word1_task_004_00"", ""atten_word_VP003_word1_task_005_00"", ""atten_word_VP003_word1_task_006_00"", ""atten_word_VP003_word1_rest_008_00"", ""atten_word_VP003_word1_task_007_00"", ""atten_word_VP003_word1_rest_010_00"", ""atten_word_VP003_word1_task_008_00"", ""atten_word_VP003_word1_task_009_00"", ""atten_word_VP003_word2_rest_001_00"", ""atten_word_VP003_word2_rest_002_00"", ""atten_word_VP003_word2_rest_003_00"", ""atten_word_VP003_word2_task_001_00"", ""atten_word_VP003_word2_task_002_00"", ""atten_word_VP003_word2_rest_004_00"", ""atten_word_VP003_word2_rest_006_00"", ""atten_word_VP003_word2_task_005_00"", ""atten_word_VP003_word2_rest_007_00"", ""atten_word_VP003_word2_rest_008_00"", ""atten_word_VP003_word2_task_007_00"", ""atten_word_VP003_word2_rest_010_00"", ""atten_word_VP003_word2_task_010_00"", ""atten_word_VP003_word3_rest_002_00"", ""atten_word_VP003_word3_rest_003_00"", ""atten_word_VP003_word3_task_001_00"", ""atten_word_VP003_word3_rest_004_00"", ""atten_word_VP003_word3_task_002_00"", ""atten_word_VP003_word3_task_003_00"", ""atten_word_VP003_word3_task_004_00"", ""atten_word_VP003_word3_rest_008_00"", ""atten_word_VP003_word3_task_005_00"", ""atten_word_VP003_word3_task_007_00"", ""atten_word_VP003_word3_rest_009_00"", ""atten_word_VP003_word3_task_008_00"", ""atten_word_VP003_word3_rest_010_00"", ""atten_word_VP003_word3_task_009_00""]",True,,0.806658073692164,85,0.8333333333333334,0.8309373202990225,0.8533653846153846,0.8333333333333333,0.6666666666666667
VP004,2023,source_only,0.30,0.3,18,42,"{""0"": 9, ""1"": 9}","{""0"": 21, ""1"": 21}","[""atten_word_VP004_word1_rest_002_00"", ""atten_word_VP004_word1_task_002_00"", ""atten_word_VP004_word1_rest_007_00"", ""atten_word_VP004_word1_rest_009_00"", ""atten_word_VP004_word1_task_010_00"", ""atten_word_VP004_word2_task_003_00"", ""atten_word_VP004_word2_task_004_00"", ""atten_word_VP004_word2_task_006_00"", ""atten_word_VP004_word2_task_008_00"", ""atten_word_VP004_word2_task_009_00"", ""atten_word_VP004_word2_rest_005_00"", ""atten_word_VP004_word2_rest_009_00"", ""atten_word_VP004_word3_rest_001_00"", ""atten_word_VP004_word3_rest_005_00"", ""atten_word_VP004_word3_rest_006_00"", ""atten_word_VP004_word3_rest_007_00"", ""atten_word_VP004_word3_task_006_00"", ""atten_word_VP004_word3_task_010_00""]","[""atten_word_VP004_word1_rest_001_00"", ""atten_word_VP004_word1_task_001_00"", ""atten_word_VP004_word1_rest_003_00"", ""atten_word_VP004_word1_task_003_00"", ""atten_word_VP004_word1_task_004_00"", ""atten_word_VP004_word1_rest_004_00"", ""atten_word_VP004_word1_task_005_00"", ""atten_word_VP004_word1_task_006_00"", ""atten_word_VP004_word1_rest_005_00"", ""atten_word_VP004_word1_rest_006_00"", ""atten_word_VP004_word1_task_007_00"", ""atten_word_VP004_word1_task_008_00"", ""atten_word_VP004_word1_rest_008_00"", ""atten_word_VP004_word1_task_009_00"", ""atten_word_VP004_word1_rest_010_00"", ""atten_word_VP004_word2_task_001_00"", ""atten_word_VP004_word2_rest_001_00"", ""atten_word_VP004_word2_task_002_00"", ""atten_word_VP004_word2_rest_002_00"", ""atten_word_VP004_word2_task_005_00"", ""atten_word_VP004_word2_task_007_00"", ""atten_word_VP004_word2_rest_003_00"", ""atten_word_VP004_word2_rest_004_00"", ""atten_word_VP004_word2_rest_006_00"", ""atten_word_VP004_word2_rest_007_00"", ""atten_word_VP004_word2_task_010_00"", ""atten_word_VP004_word2_rest_008_00"", ""atten_word_VP004_word2_rest_010_00"", ""atten_word_VP004_word3_task_001_00"", ""atten_word_VP004_word3_rest_002_00"", ""atten_word_VP004_word3_rest_003_00"", ""atten_word_VP004_word3_task_002_00"", ""atten_word_VP004_word3_task_003_00"", ""atten_word_VP004_word3_rest_004_00"", ""atten_word_VP004_word3_task_004_00"", ""atten_word_VP004_word3_task_005_00"", ""atten_word_VP004_word3_rest_008_00"", ""atten_word_VP004_word3_task_007_00"", ""atten_word_VP004_word3_rest_009_00"", ""atten_word_VP004_word3_task_008_00"", ""atten_word_VP004_word3_rest_010_00"", ""atten_word_VP004_word3_task_009_00""]",True,,0.8266589626205609,75,0.8095238095238095,0.8095238095238095,0.8095238095238095,0.8095238095238095,0.6190476190476191
VP004,2023,existing_head_adaptation,0.30,0.3,18,42,"{""0"": 9, ""1"": 9}","{""0"": 21, ""1"": 21}","[""atten_word_VP004_word1_rest_002_00"", ""atten_word_VP004_word1_task_002_00"", ""atten_word_VP004_word1_rest_007_00"", ""atten_word_VP004_word1_rest_009_00"", ""atten_word_VP004_word1_task_010_00"", ""atten_word_VP004_word2_task_003_00"", ""atten_word_VP004_word2_task_004_00"", ""atten_word_VP004_word2_task_006_00"", ""atten_word_VP004_word2_task_008_00"", ""atten_word_VP004_word2_task_009_00"", ""atten_word_VP004_word2_rest_005_00"", ""atten_word_VP004_word2_rest_009_00"", ""atten_word_VP004_word3_rest_001_00"", ""atten_word_VP004_word3_rest_005_00"", ""atten_word_VP004_word3_rest_006_00"", ""atten_word_VP004_word3_rest_007_00"", ""atten_word_VP004_word3_task_006_00"", ""atten_word_VP004_word3_task_010_00""]","[""atten_word_VP004_word1_rest_001_00"", ""atten_word_VP004_word1_task_001_00"", ""atten_word_VP004_word1_rest_003_00"", ""atten_word_VP004_word1_task_003_00"", ""atten_word_VP004_word1_task_004_00"", ""atten_word_VP004_word1_rest_004_00"", ""atten_word_VP004_word1_task_005_00"", ""atten_word_VP004_word1_task_006_00"", ""atten_word_VP004_word1_rest_005_00"", ""atten_word_VP004_word1_rest_006_00"", ""atten_word_VP004_word1_task_007_00"", ""atten_word_VP004_word1_task_008_00"", ""atten_word_VP004_word1_rest_008_00"", ""atten_word_VP004_word1_task_009_00"", ""atten_word_VP004_word1_rest_010_00"", ""atten_word_VP004_word2_task_001_00"", ""atten_word_VP004_word2_rest_001_00"", ""atten_word_VP004_word2_task_002_00"", ""atten_word_VP004_word2_rest_002_00"", ""atten_word_VP004_word2_task_005_00"", ""atten_word_VP004_word2_task_007_00"", ""atten_word_VP004_word2_rest_003_00"", ""atten_word_VP004_word2_rest_004_00"", ""atten_word_VP004_word2_rest_006_00"", ""atten_word_VP004_word2_rest_007_00"", ""atten_word_VP004_word2_task_010_00"", ""atten_word_VP004_word2_rest_008_00"", ""atten_word_VP004_word2_rest_010_00"", ""atten_word_VP004_word3_task_001_00"", ""atten_word_VP004_word3_rest_002_00"", ""atten_word_VP004_word3_rest_003_00"", ""atten_word_VP004_word3_task_002_00"", ""atten_word_VP004_word3_task_003_00"", ""atten_word_VP004_word3_rest_004_00"", ""atten_word_VP004_word3_task_004_00"", ""atten_word_VP004_word3_task_005_00"", ""atten_word_VP004_word3_rest_008_00"", ""atten_word_VP004_word3_task_007_00"", ""atten_word_VP004_word3_rest_009_00"", ""atten_word_VP004_word3_task_008_00"", ""atten_word_VP004_word3_rest_010_00"", ""atten_word_VP004_word3_task_009_00""]",True,,0.8266589626205609,75,0.7619047619047619,0.7613636363636364,0.7643020594965675,0.7619047619047619,0.5238095238095238
VP005,2023,source_only,0.30,0.3,18,42,"{""0"": 9, ""1"": 9}","{""0"": 21, ""1"": 21}","[""atten_word_VP005_word1_task_002_00"", ""atten_word_VP005_word1_rest_002_00"", ""atten_word_VP005_word1_rest_007_00"", ""atten_word_VP005_word1_task_010_00"", ""atten_word_VP005_word1_rest_009_00"", ""atten_word_VP005_word2_task_003_00"", ""atten_word_VP005_word2_task_004_00"", ""atten_word_VP005_word2_rest_005_00"", ""atten_word_VP005_word2_task_006_00"", ""atten_word_VP005_word2_rest_009_00"", ""atten_word_VP005_word2_task_008_00"", ""atten_word_VP005_word2_task_009_00"", ""atten_word_VP005_word3_rest_001_00"", ""atten_word_VP005_word3_rest_005_00"", ""atten_word_VP005_word3_rest_006_00"", ""atten_word_VP005_word3_task_006_00"", ""atten_word_VP005_word3_rest_007_00"", ""atten_word_VP005_word3_task_010_00""]","[""atten_word_VP005_word1_rest_001_00"", ""atten_word_VP005_word1_task_001_00"", ""atten_word_VP005_word1_task_003_00"", ""atten_word_VP005_word1_rest_003_00"", ""atten_word_VP005_word1_rest_004_00"", ""atten_word_VP005_word1_task_004_00"", ""atten_word_VP005_word1_task_005_00"", ""atten_word_VP005_word1_task_006_00"", ""atten_word_VP005_word1_rest_005_00"", ""atten_word_VP005_word1_rest_006_00"", ""atten_word_VP005_word1_task_007_00"", ""atten_word_VP005_word1_rest_008_00"", ""atten_word_VP005_word1_task_008_00"", ""atten_word_VP005_word1_task_009_00"", ""atten_word_VP005_word1_rest_010_00"", ""atten_word_VP005_word2_rest_001_00"", ""atten_word_VP005_word2_rest_002_00"", ""atten_word_VP005_word2_rest_003_00"", ""atten_word_VP005_word2_task_001_00"", ""atten_word_VP005_word2_task_002_00"", ""atten_word_VP005_word2_rest_004_00"", ""atten_word_VP005_word2_rest_006_00"", ""atten_word_VP005_word2_task_005_00"", ""atten_word_VP005_word2_rest_007_00"", ""atten_word_VP005_word2_rest_008_00"", ""atten_word_VP005_word2_task_007_00"", ""atten_word_VP005_word2_rest_010_00"", ""atten_word_VP005_word2_task_010_00"", ""atten_word_VP005_word3_task_001_00"", ""atten_word_VP005_word3_task_002_00"", ""atten_word_VP005_word3_task_003_00"", ""atten_word_VP005_word3_rest_002_00"", ""atten_word_VP005_word3_rest_003_00"", ""atten_word_VP005_word3_task_004_00"", ""atten_word_VP005_word3_rest_004_00"", ""atten_word_VP005_word3_task_005_00"", ""atten_word_VP005_word3_task_007_00"", ""atten_word_VP005_word3_task_008_00"", ""atten_word_VP005_word3_rest_008_00"", ""atten_word_VP005_word3_rest_009_00"", ""atten_word_VP005_word3_task_009_00"", ""atten_word_VP005_word3_rest_010_00""]",True,,0.7966101694915255,49,0.6428571428571429,0.5906432748538011,0.7916666666666667,0.6428571428571428,0.2857142857142857
VP005,2023,existing_head_adaptation,0.30,0.3,18,42,"{""0"": 9, ""1"": 9}","{""0"": 21, ""1"": 21}","[""atten_word_VP005_word1_task_002_00"", ""atten_word_VP005_word1_rest_002_00"", ""atten_word_VP005_word1_rest_007_00"", ""atten_word_VP005_word1_task_010_00"", ""atten_word_VP005_word1_rest_009_00"", ""atten_word_VP005_word2_task_003_00"", ""atten_word_VP005_word2_task_004_00"", ""atten_word_VP005_word2_rest_005_00"", ""atten_word_VP005_word2_task_006_00"", ""atten_word_VP005_word2_rest_009_00"", ""atten_word_VP005_word2_task_008_00"", ""atten_word_VP005_word2_task_009_00"", ""atten_word_VP005_word3_rest_001_00"", ""atten_word_VP005_word3_rest_005_00"", ""atten_word_VP005_word3_rest_006_00"", ""atten_word_VP005_word3_task_006_00"", ""atten_word_VP005_word3_rest_007_00"", ""atten_word_VP005_word3_task_010_00""]","[""atten_word_VP005_word1_rest_001_00"", ""atten_word_VP005_word1_task_001_00"", ""atten_word_VP005_word1_task_003_00"", ""atten_word_VP005_word1_rest_003_00"", ""atten_word_VP005_word1_rest_004_00"", ""atten_word_VP005_word1_task_004_00"", ""atten_word_VP005_word1_task_005_00"", ""atten_word_VP005_word1_task_006_00"", ""atten_word_VP005_word1_rest_005_00"", ""atten_word_VP005_word1_rest_006_00"", ""atten_word_VP005_word1_task_007_00"", ""atten_word_VP005_word1_rest_008_00"", ""atten_word_VP005_word1_task_008_00"", ""atten_word_VP005_word1_task_009_00"", ""atten_word_VP005_word1_rest_010_00"", ""atten_word_VP005_word2_rest_001_00"", ""atten_word_VP005_word2_rest_002_00"", ""atten_word_VP005_word2_rest_003_00"", ""atten_word_VP005_word2_task_001_00"", ""atten_word_VP005_word2_task_002_00"", ""atten_word_VP005_word2_rest_004_00"", ""atten_word_VP005_word2_rest_006_00"", ""atten_word_VP005_word2_task_005_00"", ""atten_word_VP005_word2_rest_007_00"", ""atten_word_VP005_word2_rest_008_00"", ""atten_word_VP005_word2_task_007_00"", ""atten_word_VP005_word2_rest_010_00"", ""atten_word_VP005_word2_task_010_00"", ""atten_word_VP005_word3_task_001_00"", ""atten_word_VP005_word3_task_002_00"", ""atten_word_VP005_word3_task_003_00"", ""atten_word_VP005_word3_rest_002_00"", ""atten_word_VP005_word3_rest_003_00"", ""atten_word_VP005_word3_task_004_00"", ""atten_word_VP005_word3_rest_004_00"", ""atten_word_VP005_word3_task_005_00"", ""atten_word_VP005_word3_task_007_00"", ""atten_word_VP005_word3_task_008_00"", ""atten_word_VP005_word3_rest_008_00"", ""atten_word_VP005_word3_rest_009_00"", ""atten_word_VP005_word3_task_009_00"", ""atten_word_VP005_word3_rest_010_00""]",True,,0.7966101694915255,49,0.7857142857142857,0.7826336975273145,0.8028846153846154,0.7857142857142857,0.5714285714285714
VP006,2023,source_only,0.30,0.3,18,42,"{""0"": 9, ""1"": 9}","{""0"": 21, ""1"": 21}","[""atten_word_VP006_word1_rest_002_00"", ""atten_word_VP006_word1_task_002_00"", ""atten_word_VP006_word1_rest_007_00"", ""atten_word_VP006_word1_rest_009_00"", ""atten_word_VP006_word1_task_010_00"", ""atten_word_VP006_word2_task_003_00"", ""atten_word_VP006_word2_task_004_00"", ""atten_word_VP006_word2_task_006_00"", ""atten_word_VP006_word2_rest_005_00"", ""atten_word_VP006_word2_task_008_00"", ""atten_word_VP006_word2_task_009_00"", ""atten_word_VP006_word2_rest_009_00"", ""atten_word_VP006_word3_rest_001_00"", ""atten_word_VP006_word3_rest_005_00"", ""atten_word_VP006_word3_rest_006_00"", ""atten_word_VP006_word3_task_006_00"", ""atten_word_VP006_word3_rest_007_00"", ""atten_word_VP006_word3_task_010_00""]","[""atten_word_VP006_word1_rest_001_00"", ""atten_word_VP006_word1_task_001_00"", ""atten_word_VP006_word1_task_003_00"", ""atten_word_VP006_word1_rest_003_00"", ""atten_word_VP006_word1_rest_004_00"", ""atten_word_VP006_word1_task_004_00"", ""atten_word_VP006_word1_rest_005_00"", ""atten_word_VP006_word1_task_005_00"", ""atten_word_VP006_word1_rest_006_00"", ""atten_word_VP006_word1_task_006_00"", ""atten_word_VP006_word1_task_007_00"", ""atten_word_VP006_word1_task_008_00"", ""atten_word_VP006_word1_rest_008_00"", ""atten_word_VP006_word1_task_009_00"", ""atten_word_VP006_word1_rest_010_00"", ""atten_word_VP006_word2_task_001_00"", ""atten_word_VP006_word2_task_002_00"", ""atten_word_VP006_word2_rest_001_00"", ""atten_word_VP006_word2_rest_002_00"", ""atten_word_VP006_word2_task_005_00"", ""atten_word_VP006_word2_rest_003_00"", ""atten_word_VP006_word2_task_007_00"", ""atten_word_VP006_word2_rest_004_00"", ""atten_word_VP006_word2_rest_006_00"", ""atten_word_VP006_word2_rest_007_00"", ""atten_word_VP006_word2_rest_008_00"", ""atten_word_VP006_word2_task_010_00"", ""atten_word_VP006_word2_rest_010_00"", ""atten_word_VP006_word3_task_001_00"", ""atten_word_VP006_word3_rest_002_00"", ""atten_word_VP006_word3_task_002_00"", ""atten_word_VP006_word3_rest_003_00"", ""atten_word_VP006_word3_rest_004_00"", ""atten_word_VP006_word3_task_003_00"", ""atten_word_VP006_word3_task_004_00"", ""atten_word_VP006_word3_task_005_00"", ""atten_word_VP006_word3_task_007_00"", ""atten_word_VP006_word3_rest_008_00"", ""atten_word_VP006_word3_task_008_00"", ""atten_word_VP006_word3_task_009_00"", ""atten_word_VP006_word3_rest_009_00"", ""atten_word_VP006_word3_rest_010_00""]",True,,0.8166646296069957,93,0.8571428571428571,0.8541666666666667,0.8888888888888888,0.8571428571428572,0.7142857142857143
VP006,2023,existing_head_adaptation,0.30,0.3,18,42,"{""0"": 9, ""1"": 9}","{""0"": 21, ""1"": 21}","[""atten_word_VP006_word1_rest_002_00"", ""atten_word_VP006_word1_task_002_00"", ""atten_word_VP006_word1_rest_007_00"", ""atten_word_VP006_word1_rest_009_00"", ""atten_word_VP006_word1_task_010_00"", ""atten_word_VP006_word2_task_003_00"", ""atten_word_VP006_word2_task_004_00"", ""atten_word_VP006_word2_task_006_00"", ""atten_word_VP006_word2_rest_005_00"", ""atten_word_VP006_word2_task_008_00"", ""atten_word_VP006_word2_task_009_00"", ""atten_word_VP006_word2_rest_009_00"", ""atten_word_VP006_word3_rest_001_00"", ""atten_word_VP006_word3_rest_005_00"", ""atten_word_VP006_word3_rest_006_00"", ""atten_word_VP006_word3_task_006_00"", ""atten_word_VP006_word3_rest_007_00"", ""atten_word_VP006_word3_task_010_00""]","[""atten_word_VP006_word1_rest_001_00"", ""atten_word_VP006_word1_task_001_00"", ""atten_word_VP006_word1_task_003_00"", ""atten_word_VP006_word1_rest_003_00"", ""atten_word_VP006_word1_rest_004_00"", ""atten_word_VP006_word1_task_004_00"", ""atten_word_VP006_word1_rest_005_00"", ""atten_word_VP006_word1_task_005_00"", ""atten_word_VP006_word1_rest_006_00"", ""atten_word_VP006_word1_task_006_00"", ""atten_word_VP006_word1_task_007_00"", ""atten_word_VP006_word1_task_008_00"", ""atten_word_VP006_word1_rest_008_00"", ""atten_word_VP006_word1_task_009_00"", ""atten_word_VP006_word1_rest_010_00"", ""atten_word_VP006_word2_task_001_00"", ""atten_word_VP006_word2_task_002_00"", ""atten_word_VP006_word2_rest_001_00"", ""atten_word_VP006_word2_rest_002_00"", ""atten_word_VP006_word2_task_005_00"", ""atten_word_VP006_word2_rest_003_00"", ""atten_word_VP006_word2_task_007_00"", ""atten_word_VP006_word2_rest_004_00"", ""atten_word_VP006_word2_rest_006_00"", ""atten_word_VP006_word2_rest_007_00"", ""atten_word_VP006_word2_rest_008_00"", ""atten_word_VP006_word2_task_010_00"", ""atten_word_VP006_word2_rest_010_00"", ""atten_word_VP006_word3_task_001_00"", ""atten_word_VP006_word3_rest_002_00"", ""atten_word_VP006_word3_task_002_00"", ""atten_word_VP006_word3_rest_003_00"", ""atten_word_VP006_word3_rest_004_00"", ""atten_word_VP006_word3_task_003_00"", ""atten_word_VP006_word3_task_004_00"", ""atten_word_VP006_word3_task_005_00"", ""atten_word_VP006_word3_task_007_00"", ""atten_word_VP006_word3_rest_008_00"", ""atten_word_VP006_word3_task_008_00"", ""atten_word_VP006_word3_task_009_00"", ""atten_word_VP006_word3_rest_009_00"", ""atten_word_VP006_word3_rest_010_00""]",True,,0.8166646296069957,93,0.9285714285714286,0.9285309132161089,0.9295454545454545,0.9285714285714286,0.8571428571428572
VP007,2023,source_only,0.30,0.3,18,42,"{""0"": 9, ""1"": 9}","{""0"": 21, ""1"": 21}","[""atten_word_VP007_word1_task_002_00"", ""atten_word_VP007_word1_rest_002_00"", ""atten_word_VP007_word1_rest_007_00"", ""atten_word_VP007_word1_rest_009_00"", ""atten_word_VP007_word1_task_010_00"", ""atten_word_VP007_word2_task_003_00"", ""atten_word_VP007_word2_task_004_00"", ""atten_word_VP007_word2_rest_005_00"", ""atten_word_VP007_word2_task_006_00"", ""atten_word_VP007_word2_task_008_00"", ""atten_word_VP007_word2_task_009_00"", ""atten_word_VP007_word2_rest_009_00"", ""atten_word_VP007_word3_rest_001_00"", ""atten_word_VP007_word3_task_006_00"", ""atten_word_VP007_word3_rest_005_00"", ""atten_word_VP007_word3_rest_006_00"", ""atten_word_VP007_word3_rest_007_00"", ""atten_word_VP007_word3_task_010_00""]","[""atten_word_VP007_word1_task_001_00"", ""atten_word_VP007_word1_task_003_00"", ""atten_word_VP007_word1_rest_001_00"", ""atten_word_VP007_word1_rest_003_00"", ""atten_word_VP007_word1_task_004_00"", ""atten_word_VP007_word1_task_005_00"", ""atten_word_VP007_word1_rest_004_00"", ""atten_word_VP007_word1_task_006_00"", ""atten_word_VP007_word1_rest_005_00"", ""atten_word_VP007_word1_task_007_00"", ""atten_word_VP007_word1_task_008_00"", ""atten_word_VP007_word1_rest_006_00"", ""atten_word_VP007_word1_rest_008_00"", ""atten_word_VP007_word1_task_009_00"", ""atten_word_VP007_word1_rest_010_00"", ""atten_word_VP007_word2_rest_001_00"", ""atten_word_VP007_word2_task_001_00"", ""atten_word_VP007_word2_rest_002_00"", ""atten_word_VP007_word2_task_002_00"", ""atten_word_VP007_word2_rest_003_00"", ""atten_word_VP007_word2_rest_004_00"", ""atten_word_VP007_word2_task_005_00"", ""atten_word_VP007_word2_task_007_00"", ""atten_word_VP007_word2_rest_006_00"", ""atten_word_VP007_word2_rest_007_00"", ""atten_word_VP007_word2_rest_008_00"", ""atten_word_VP007_word2_task_010_00"", ""atten_word_VP007_word2_rest_010_00"", ""atten_word_VP007_word3_task_001_00"", ""atten_word_VP007_word3_task_002_00"", ""atten_word_VP007_word3_task_003_00"", ""atten_word_VP007_word3_rest_002_00"", ""atten_word_VP007_word3_rest_003_00"", ""atten_word_VP007_word3_task_004_00"", ""atten_word_VP007_word3_rest_004_00"", ""atten_word_VP007_word3_task_005_00"", ""atten_word_VP007_word3_task_007_00"", ""atten_word_VP007_word3_task_008_00"", ""atten_word_VP007_word3_rest_008_00"", ""atten_word_VP007_word3_rest_009_00"", ""atten_word_VP007_word3_task_009_00"", ""atten_word_VP007_word3_rest_010_00""]",True,,0.8398220244716352,87,0.9047619047619048,0.9038901601830663,0.9199999999999999,0.9047619047619048,0.8095238095238095
VP007,2023,existing_head_adaptation,0.30,0.3,18,42,"{""0"": 9, ""1"": 9}","{""0"": 21, ""1"": 21}","[""atten_word_VP007_word1_task_002_00"", ""atten_word_VP007_word1_rest_002_00"", ""atten_word_VP007_word1_rest_007_00"", ""atten_word_VP007_word1_rest_009_00"", ""atten_word_VP007_word1_task_010_00"", ""atten_word_VP007_word2_task_003_00"", ""atten_word_VP007_word2_task_004_00"", ""atten_word_VP007_word2_rest_005_00"", ""atten_word_VP007_word2_task_006_00"", ""atten_word_VP007_word2_task_008_00"", ""atten_word_VP007_word2_task_009_00"", ""atten_word_VP007_word2_rest_009_00"", ""atten_word_VP007_word3_rest_001_00"", ""atten_word_VP007_word3_task_006_00"", ""atten_word_VP007_word3_rest_005_00"", ""atten_word_VP007_word3_rest_006_00"", ""atten_word_VP007_word3_rest_007_00"", ""atten_word_VP007_word3_task_010_00""]","[""atten_word_VP007_word1_task_001_00"", ""atten_word_VP007_word1_task_003_00"", ""atten_word_VP007_word1_rest_001_00"", ""atten_word_VP007_word1_rest_003_00"", ""atten_word_VP007_word1_task_004_00"", ""atten_word_VP007_word1_task_005_00"", ""atten_word_VP007_word1_rest_004_00"", ""atten_word_VP007_word1_task_006_00"", ""atten_word_VP007_word1_rest_005_00"", ""atten_word_VP007_word1_task_007_00"", ""atten_word_VP007_word1_task_008_00"", ""atten_word_VP007_word1_rest_006_00"", ""atten_word_VP007_word1_rest_008_00"", ""atten_word_VP007_word1_task_009_00"", ""atten_word_VP007_word1_rest_010_00"", ""atten_word_VP007_word2_rest_001_00"", ""atten_word_VP007_word2_task_001_00"", ""atten_word_VP007_word2_rest_002_00"", ""atten_word_VP007_word2_task_002_00"", ""atten_word_VP007_word2_rest_003_00"", ""atten_word_VP007_word2_rest_004_00"", ""atten_word_VP007_word2_task_005_00"", ""atten_word_VP007_word2_task_007_00"", ""atten_word_VP007_word2_rest_006_00"", ""atten_word_VP007_word2_rest_007_00"", ""atten_word_VP007_word2_rest_008_00"", ""atten_word_VP007_word2_task_010_00"", ""atten_word_VP007_word2_rest_010_00"", ""atten_word_VP007_word3_task_001_00"", ""atten_word_VP007_word3_task_002_00"", ""atten_word_VP007_word3_task_003_00"", ""atten_word_VP007_word3_rest_002_00"", ""atten_word_VP007_word3_rest_003_00"", ""atten_word_VP007_word3_task_004_00"", ""atten_word_VP007_word3_rest_004_00"", ""atten_word_VP007_word3_task_005_00"", ""atten_word_VP007_word3_task_007_00"", ""atten_word_VP007_word3_task_008_00"", ""atten_word_VP007_word3_rest_008_00"", ""atten_word_VP007_word3_rest_009_00"", ""atten_word_VP007_word3_task_009_00"", ""atten_word_VP007_word3_rest_010_00""]",True,,0.8398220244716352,87,0.9047619047619048,0.9045454545454545,0.9084668192219679,0.9047619047619047,0.8095238095238095
VP008,2023,source_only,0.30,0.3,18,42,"{""0"": 9, ""1"": 9}","{""0"": 21, ""1"": 21}","[""atten_word_VP008_word1_task_002_00"", ""atten_word_VP008_word1_rest_002_00"", ""atten_word_VP008_word1_rest_007_00"", ""atten_word_VP008_word1_task_010_00"", ""atten_word_VP008_word1_rest_009_00"", ""atten_word_VP008_word2_task_003_00"", ""atten_word_VP008_word2_task_004_00"", ""atten_word_VP008_word2_rest_005_00"", ""atten_word_VP008_word2_task_006_00"", ""atten_word_VP008_word2_task_008_00"", ""atten_word_VP008_word2_task_009_00"", ""atten_word_VP008_word2_rest_009_00"", ""atten_word_VP008_word3_rest_001_00"", ""atten_word_VP008_word3_rest_005_00"", ""atten_word_VP008_word3_rest_006_00"", ""atten_word_VP008_word3_rest_007_00"", ""atten_word_VP008_word3_task_006_00"", ""atten_word_VP008_word3_task_010_00""]","[""atten_word_VP008_word1_rest_001_00"", ""atten_word_VP008_word1_task_001_00"", ""atten_word_VP008_word1_rest_003_00"", ""atten_word_VP008_word1_task_003_00"", ""atten_word_VP008_word1_rest_004_00"", ""atten_word_VP008_word1_task_004_00"", ""atten_word_VP008_word1_task_005_00"", ""atten_word_VP008_word1_task_006_00"", ""atten_word_VP008_word1_rest_005_00"", ""atten_word_VP008_word1_rest_006_00"", ""atten_word_VP008_word1_task_007_00"", ""atten_word_VP008_word1_rest_008_00"", ""atten_word_VP008_word1_task_008_00"", ""atten_word_VP008_word1_task_009_00"", ""atten_word_VP008_word1_rest_010_00"", ""atten_word_VP008_word2_task_001_00"", ""atten_word_VP008_word2_rest_001_00"", ""atten_word_VP008_word2_task_002_00"", ""atten_word_VP008_word2_rest_002_00"", ""atten_word_VP008_word2_rest_003_00"", ""atten_word_VP008_word2_rest_004_00"", ""atten_word_VP008_word2_task_005_00"", ""atten_word_VP008_word2_rest_006_00"", ""atten_word_VP008_word2_rest_007_00"", ""atten_word_VP008_word2_task_007_00"", ""atten_word_VP008_word2_rest_008_00"", ""atten_word_VP008_word2_rest_010_00"", ""atten_word_VP008_word2_task_010_00"", ""atten_word_VP008_word3_task_001_00"", ""atten_word_VP008_word3_task_002_00"", ""atten_word_VP008_word3_task_003_00"", ""atten_word_VP008_word3_rest_002_00"", ""atten_word_VP008_word3_task_004_00"", ""atten_word_VP008_word3_rest_003_00"", ""atten_word_VP008_word3_rest_004_00"", ""atten_word_VP008_word3_task_005_00"", ""atten_word_VP008_word3_rest_008_00"", ""atten_word_VP008_word3_task_007_00"", ""atten_word_VP008_word3_rest_009_00"", ""atten_word_VP008_word3_task_008_00"", ""atten_word_VP008_word3_task_009_00"", ""atten_word_VP008_word3_rest_010_00""]",True,,0.869998555539506,86,0.5,0.40203389830508474,0.5,0.5,0.0
VP008,2023,existing_head_adaptation,0.30,0.3,18,42,"{""0"": 9, ""1"": 9}","{""0"": 21, ""1"": 21}","[""atten_word_VP008_word1_task_002_00"", ""atten_word_VP008_word1_rest_002_00"", ""atten_word_VP008_word1_rest_007_00"", ""atten_word_VP008_word1_task_010_00"", ""atten_word_VP008_word1_rest_009_00"", ""atten_word_VP008_word2_task_003_00"", ""atten_word_VP008_word2_task_004_00"", ""atten_word_VP008_word2_rest_005_00"", ""atten_word_VP008_word2_task_006_00"", ""atten_word_VP008_word2_task_008_00"", ""atten_word_VP008_word2_task_009_00"", ""atten_word_VP008_word2_rest_009_00"", ""atten_word_VP008_word3_rest_001_00"", ""atten_word_VP008_word3_rest_005_00"", ""atten_word_VP008_word3_rest_006_00"", ""atten_word_VP008_word3_rest_007_00"", ""atten_word_VP008_word3_task_006_00"", ""atten_word_VP008_word3_task_010_00""]","[""atten_word_VP008_word1_rest_001_00"", ""atten_word_VP008_word1_task_001_00"", ""atten_word_VP008_word1_rest_003_00"", ""atten_word_VP008_word1_task_003_00"", ""atten_word_VP008_word1_rest_004_00"", ""atten_word_VP008_word1_task_004_00"", ""atten_word_VP008_word1_task_005_00"", ""atten_word_VP008_word1_task_006_00"", ""atten_word_VP008_word1_rest_005_00"", ""atten_word_VP008_word1_rest_006_00"", ""atten_word_VP008_word1_task_007_00"", ""atten_word_VP008_word1_rest_008_00"", ""atten_word_VP008_word1_task_008_00"", ""atten_word_VP008_word1_task_009_00"", ""atten_word_VP008_word1_rest_010_00"", ""atten_word_VP008_word2_task_001_00"", ""atten_word_VP008_word2_rest_001_00"", ""atten_word_VP008_word2_task_002_00"", ""atten_word_VP008_word2_rest_002_00"", ""atten_word_VP008_word2_rest_003_00"", ""atten_word_VP008_word2_rest_004_00"", ""atten_word_VP008_word2_task_005_00"", ""atten_word_VP008_word2_rest_006_00"", ""atten_word_VP008_word2_rest_007_00"", ""atten_word_VP008_word2_task_007_00"", ""atten_word_VP008_word2_rest_008_00"", ""atten_word_VP008_word2_rest_010_00"", ""atten_word_VP008_word2_task_010_00"", ""atten_word_VP008_word3_task_001_00"", ""atten_word_VP008_word3_task_002_00"", ""atten_word_VP008_word3_task_003_00"", ""atten_word_VP008_word3_rest_002_00"", ""atten_word_VP008_word3_task_004_00"", ""atten_word_VP008_word3_rest_003_00"", ""atten_word_VP008_word3_rest_004_00"", ""atten_word_VP008_word3_task_005_00"", ""atten_word_VP008_word3_rest_008_00"", ""atten_word_VP008_word3_task_007_00"", ""atten_word_VP008_word3_rest_009_00"", ""atten_word_VP008_word3_task_008_00"", ""atten_word_VP008_word3_task_009_00"", ""atten_word_VP008_word3_rest_010_00""]",True,,0.869998555539506,86,0.5,0.49743589743589745,0.5,0.5,0.0
VP009,2023,source_only,0.30,0.3,18,42,"{""0"": 9, ""1"": 9}","{""0"": 21, ""1"": 21}","[""atten_word_VP009_word1_task_002_00"", ""atten_word_VP009_word1_rest_002_00"", ""atten_word_VP009_word1_rest_007_00"", ""atten_word_VP009_word1_rest_009_00"", ""atten_word_VP009_word1_task_010_00"", ""atten_word_VP009_word2_task_003_00"", ""atten_word_VP009_word2_task_004_00"", ""atten_word_VP009_word2_task_006_00"", ""atten_word_VP009_word2_rest_005_00"", ""atten_word_VP009_word2_task_008_00"", ""atten_word_VP009_word2_rest_009_00"", ""atten_word_VP009_word2_task_009_00"", ""atten_word_VP009_word3_rest_001_00"", ""atten_word_VP009_word3_rest_005_00"", ""atten_word_VP009_word3_rest_006_00"", ""atten_word_VP009_word3_rest_007_00"", ""atten_word_VP009_word3_task_006_00"", ""atten_word_VP009_word3_task_010_00""]","[""atten_word_VP009_word1_task_001_00"", ""atten_word_VP009_word1_rest_001_00"", ""atten_word_VP009_word1_task_003_00"", ""atten_word_VP009_word1_task_004_00"", ""atten_word_VP009_word1_rest_003_00"", ""atten_word_VP009_word1_task_005_00"", ""atten_word_VP009_word1_rest_004_00"", ""atten_word_VP009_word1_rest_005_00"", ""atten_word_VP009_word1_task_006_00"", ""atten_word_VP009_word1_rest_006_00"", ""atten_word_VP009_word1_task_007_00"", ""atten_word_VP009_word1_task_008_00"", ""atten_word_VP009_word1_rest_008_00"", ""atten_word_VP009_word1_task_009_00"", ""atten_word_VP009_word1_rest_010_00"", ""atten_word_VP009_word2_task_001_00"", ""atten_word_VP009_word2_rest_001_00"", ""atten_word_VP009_word2_task_002_00"", ""atten_word_VP009_word2_rest_002_00"", ""atten_word_VP009_word2_rest_003_00"", ""atten_word_VP009_word2_task_005_00"", ""atten_word_VP009_word2_rest_004_00"", ""atten_word_VP009_word2_task_007_00"", ""atten_word_VP009_word2_rest_006_00"", ""atten_word_VP009_word2_rest_007_00"", ""atten_word_VP009_word2_rest_008_00"", ""atten_word_VP009_word2_rest_010_00"", ""atten_word_VP009_word2_task_010_00"", ""atten_word_VP009_word3_task_001_00"", ""atten_word_VP009_word3_rest_002_00"", ""atten_word_VP009_word3_rest_003_00"", ""atten_word_VP009_word3_task_002_00"", ""atten_word_VP009_word3_task_003_00"", ""atten_word_VP009_word3_task_004_00"", ""atten_word_VP009_word3_rest_004_00"", ""atten_word_VP009_word3_task_005_00"", ""atten_word_VP009_word3_rest_008_00"", ""atten_word_VP009_word3_rest_009_00"", ""atten_word_VP009_word3_task_007_00"", ""atten_word_VP009_word3_rest_010_00"", ""atten_word_VP009_word3_task_008_00"", ""atten_word_VP009_word3_task_009_00""]",True,,0.7966644073823043,72,0.7857142857142857,0.7855927396483267,0.7863636363636364,0.7857142857142857,0.5714285714285714
VP009,2023,existing_head_adaptation,0.30,0.3,18,42,"{""0"": 9, ""1"": 9}","{""0"": 21, ""1"": 21}","[""atten_word_VP009_word1_task_002_00"", ""atten_word_VP009_word1_rest_002_00"", ""atten_word_VP009_word1_rest_007_00"", ""atten_word_VP009_word1_rest_009_00"", ""atten_word_VP009_word1_task_010_00"", ""atten_word_VP009_word2_task_003_00"", ""atten_word_VP009_word2_task_004_00"", ""atten_word_VP009_word2_task_006_00"", ""atten_word_VP009_word2_rest_005_00"", ""atten_word_VP009_word2_task_008_00"", ""atten_word_VP009_word2_rest_009_00"", ""atten_word_VP009_word2_task_009_00"", ""atten_word_VP009_word3_rest_001_00"", ""atten_word_VP009_word3_rest_005_00"", ""atten_word_VP009_word3_rest_006_00"", ""atten_word_VP009_word3_rest_007_00"", ""atten_word_VP009_word3_task_006_00"", ""atten_word_VP009_word3_task_010_00""]","[""atten_word_VP009_word1_task_001_00"", ""atten_word_VP009_word1_rest_001_00"", ""atten_word_VP009_word1_task_003_00"", ""atten_word_VP009_word1_task_004_00"", ""atten_word_VP009_word1_rest_003_00"", ""atten_word_VP009_word1_task_005_00"", ""atten_word_VP009_word1_rest_004_00"", ""atten_word_VP009_word1_rest_005_00"", ""atten_word_VP009_word1_task_006_00"", ""atten_word_VP009_word1_rest_006_00"", ""atten_word_VP009_word1_task_007_00"", ""atten_word_VP009_word1_task_008_00"", ""atten_word_VP009_word1_rest_008_00"", ""atten_word_VP009_word1_task_009_00"", ""atten_word_VP009_word1_rest_010_00"", ""atten_word_VP009_word2_task_001_00"", ""atten_word_VP009_word2_rest_001_00"", ""atten_word_VP009_word2_task_002_00"", ""atten_word_VP009_word2_rest_002_00"", ""atten_word_VP009_word2_rest_003_00"", ""atten_word_VP009_word2_task_005_00"", ""atten_word_VP009_word2_rest_004_00"", ""atten_word_VP009_word2_task_007_00"", ""atten_word_VP009_word2_rest_006_00"", ""atten_word_VP009_word2_rest_007_00"", ""atten_word_VP009_word2_rest_008_00"", ""atten_word_VP009_word2_rest_010_00"", ""atten_word_VP009_word2_task_010_00"", ""atten_word_VP009_word3_task_001_00"", ""atten_word_VP009_word3_rest_002_00"", ""atten_word_VP009_word3_rest_003_00"", ""atten_word_VP009_word3_task_002_00"", ""atten_word_VP009_word3_task_003_00"", ""atten_word_VP009_word3_task_004_00"", ""atten_word_VP009_word3_rest_004_00"", ""atten_word_VP009_word3_task_005_00"", ""atten_word_VP009_word3_rest_008_00"", ""atten_word_VP009_word3_rest_009_00"", ""atten_word_VP009_word3_task_007_00"", ""atten_word_VP009_word3_rest_010_00"", ""atten_word_VP009_word3_task_008_00"", ""atten_word_VP009_word3_task_009_00""]",True,,0.7966644073823043,72,0.8095238095238095,0.8095238095238095,0.8095238095238095,0.8095238095238095,0.6190476190476191
VP010,2023,source_only,0.30,0.3,18,42,"{""0"": 9, ""1"": 9}","{""0"": 21, ""1"": 21}","[""atten_word_VP010_word1_task_002_00"", ""atten_word_VP010_word1_rest_002_00"", ""atten_word_VP010_word1_rest_007_00"", ""atten_word_VP010_word1_rest_009_00"", ""atten_word_VP010_word1_task_010_00"", ""atten_word_VP010_word2_task_003_00"", ""atten_word_VP010_word2_task_004_00"", ""atten_word_VP010_word2_task_006_00"", ""atten_word_VP010_word2_rest_005_00"", ""atten_word_VP010_word2_task_008_00"", ""atten_word_VP010_word2_task_009_00"", ""atten_word_VP010_word2_rest_009_00"", ""atten_word_VP010_word3_rest_001_00"", ""atten_word_VP010_word3_task_006_00"", ""atten_word_VP010_word3_rest_005_00"", ""atten_word_VP010_word3_rest_006_00"", ""atten_word_VP010_word3_rest_007_00"", ""atten_word_VP010_word3_task_010_00""]","[""atten_word_VP010_word1_rest_001_00"", ""atten_word_VP010_word1_task_001_00"", ""atten_word_VP010_word1_task_003_00"", ""atten_word_VP010_word1_rest_003_00"", ""atten_word_VP010_word1_rest_004_00"", ""atten_word_VP010_word1_task_004_00"", ""atten_word_VP010_word1_rest_005_00"", ""atten_word_VP010_word1_rest_006_00"", ""atten_word_VP010_word1_task_005_00"", ""atten_word_VP010_word1_task_006_00"", ""atten_word_VP010_word1_task_007_00"", ""atten_word_VP010_word1_rest_008_00"", ""atten_word_VP010_word1_task_008_00"", ""atten_word_VP010_word1_task_009_00"", ""atten_word_VP010_word1_rest_010_00"", ""atten_word_VP010_word2_rest_001_00"", ""atten_word_VP010_word2_task_001_00"", ""atten_word_VP010_word2_rest_002_00"", ""atten_word_VP010_word2_rest_003_00"", ""atten_word_VP010_word2_task_002_00"", ""atten_word_VP010_word2_rest_004_00"", ""atten_word_VP010_word2_task_005_00"", ""atten_word_VP010_word2_task_007_00"", ""atten_word_VP010_word2_rest_006_00"", ""atten_word_VP010_word2_rest_007_00"", ""atten_word_VP010_word2_rest_008_00"", ""atten_word_VP010_word2_rest_010_00"", ""atten_word_VP010_word2_task_010_00"", ""atten_word_VP010_word3_task_001_00"", ""atten_word_VP010_word3_rest_002_00"", ""atten_word_VP010_word3_task_002_00"", ""atten_word_VP010_word3_rest_003_00"", ""atten_word_VP010_word3_task_003_00"", ""atten_word_VP010_word3_task_004_00"", ""atten_word_VP010_word3_rest_004_00"", ""atten_word_VP010_word3_task_005_00"", ""atten_word_VP010_word3_task_007_00"", ""atten_word_VP010_word3_task_008_00"", ""atten_word_VP010_word3_task_009_00"", ""atten_word_VP010_word3_rest_008_00"", ""atten_word_VP010_word3_rest_009_00"", ""atten_word_VP010_word3_rest_010_00""]",True,,0.8,60,0.6190476190476191,0.5714285714285714,0.7142857142857142,0.6190476190476191,0.23809523809523814
VP010,2023,existing_head_adaptation,0.30,0.3,18,42,"{""0"": 9, ""1"": 9}","{""0"": 21, ""1"": 21}","[""atten_word_VP010_word1_task_002_00"", ""atten_word_VP010_word1_rest_002_00"", ""atten_word_VP010_word1_rest_007_00"", ""atten_word_VP010_word1_rest_009_00"", ""atten_word_VP010_word1_task_010_00"", ""atten_word_VP010_word2_task_003_00"", ""atten_word_VP010_word2_task_004_00"", ""atten_word_VP010_word2_task_006_00"", ""atten_word_VP010_word2_rest_005_00"", ""atten_word_VP010_word2_task_008_00"", ""atten_word_VP010_word2_task_009_00"", ""atten_word_VP010_word2_rest_009_00"", ""atten_word_VP010_word3_rest_001_00"", ""atten_word_VP010_word3_task_006_00"", ""atten_word_VP010_word3_rest_005_00"", ""atten_word_VP010_word3_rest_006_00"", ""atten_word_VP010_word3_rest_007_00"", ""atten_word_VP010_word3_task_010_00""]","[""atten_word_VP010_word1_rest_001_00"", ""atten_word_VP010_word1_task_001_00"", ""atten_word_VP010_word1_task_003_00"", ""atten_word_VP010_word1_rest_003_00"", ""atten_word_VP010_word1_rest_004_00"", ""atten_word_VP010_word1_task_004_00"", ""atten_word_VP010_word1_rest_005_00"", ""atten_word_VP010_word1_rest_006_00"", ""atten_word_VP010_word1_task_005_00"", ""atten_word_VP010_word1_task_006_00"", ""atten_word_VP010_word1_task_007_00"", ""atten_word_VP010_word1_rest_008_00"", ""atten_word_VP010_word1_task_008_00"", ""atten_word_VP010_word1_task_009_00"", ""atten_word_VP010_word1_rest_010_00"", ""atten_word_VP010_word2_rest_001_00"", ""atten_word_VP010_word2_task_001_00"", ""atten_word_VP010_word2_rest_002_00"", ""atten_word_VP010_word2_rest_003_00"", ""atten_word_VP010_word2_task_002_00"", ""atten_word_VP010_word2_rest_004_00"", ""atten_word_VP010_word2_task_005_00"", ""atten_word_VP010_word2_task_007_00"", ""atten_word_VP010_word2_rest_006_00"", ""atten_word_VP010_word2_rest_007_00"", ""atten_word_VP010_word2_rest_008_00"", ""atten_word_VP010_word2_rest_010_00"", ""atten_word_VP010_word2_task_010_00"", ""atten_word_VP010_word3_task_001_00"", ""atten_word_VP010_word3_rest_002_00"", ""atten_word_VP010_word3_task_002_00"", ""atten_word_VP010_word3_rest_003_00"", ""atten_word_VP010_word3_task_003_00"", ""atten_word_VP010_word3_task_004_00"", ""atten_word_VP010_word3_rest_004_00"", ""atten_word_VP010_word3_task_005_00"", ""atten_word_VP010_word3_task_007_00"", ""atten_word_VP010_word3_task_008_00"", ""atten_word_VP010_word3_task_009_00"", ""atten_word_VP010_word3_rest_008_00"", ""atten_word_VP010_word3_rest_009_00"", ""atten_word_VP010_word3_rest_010_00""]",True,,0.8,60,0.7619047619047619,0.7597254004576659,0.7717647058823529,0.7619047619047619,0.5238095238095238
VP011,2023,source_only,0.30,0.3,18,42,"{""0"": 9, ""1"": 9}","{""0"": 21, ""1"": 21}","[""atten_word_VP011_word1_rest_002_00"", ""atten_word_VP011_word1_task_002_00"", ""atten_word_VP011_word1_rest_007_00"", ""atten_word_VP011_word1_rest_009_00"", ""atten_word_VP011_word1_task_010_00"", ""atten_word_VP011_word2_task_003_00"", ""atten_word_VP011_word2_task_004_00"", ""atten_word_VP011_word2_task_006_00"", ""atten_word_VP011_word2_rest_005_00"", ""atten_word_VP011_word2_task_008_00"", ""atten_word_VP011_word2_task_009_00"", ""atten_word_VP011_word2_rest_009_00"", ""atten_word_VP011_word3_rest_001_00"", ""atten_word_VP011_word3_rest_005_00"", ""atten_word_VP011_word3_rest_006_00"", ""atten_word_VP011_word3_task_006_00"", ""atten_word_VP011_word3_rest_007_00"", ""atten_word_VP011_word3_task_010_00""]","[""atten_word_VP011_word1_rest_001_00"", ""atten_word_VP011_word1_task_001_00"", ""atten_word_VP011_word1_rest_003_00"", ""atten_word_VP011_word1_task_003_00"", ""atten_word_VP011_word1_task_004_00"", ""atten_word_VP011_word1_rest_004_00"", ""atten_word_VP011_word1_task_005_00"", ""atten_word_VP011_word1_task_006_00"", ""atten_word_VP011_word1_rest_005_00"", ""atten_word_VP011_word1_task_007_00"", ""atten_word_VP011_word1_task_008_00"", ""atten_word_VP011_word1_rest_006_00"", ""atten_word_VP011_word1_task_009_00"", ""atten_word_VP011_word1_rest_008_00"", ""atten_word_VP011_word1_rest_010_00"", ""atten_word_VP011_word2_rest_001_00"", ""atten_word_VP011_word2_task_001_00"", ""atten_word_VP011_word2_task_002_00"", ""atten_word_VP011_word2_rest_002_00"", ""atten_word_VP011_word2_task_005_00"", ""atten_word_VP011_word2_rest_003_00"", ""atten_word_VP011_word2_rest_004_00"", ""atten_word_VP011_word2_task_007_00"", ""atten_word_VP011_word2_rest_006_00"", ""atten_word_VP011_word2_rest_007_00"", ""atten_word_VP011_word2_task_010_00"", ""atten_word_VP011_word2_rest_008_00"", ""atten_word_VP011_word2_rest_010_00"", ""atten_word_VP011_word3_task_001_00"", ""atten_word_VP011_word3_task_002_00"", ""atten_word_VP011_word3_rest_002_00"", ""atten_word_VP011_word3_task_003_00"", ""atten_word_VP011_word3_rest_003_00"", ""atten_word_VP011_word3_rest_004_00"", ""atten_word_VP011_word3_task_004_00"", ""atten_word_VP011_word3_task_005_00"", ""atten_word_VP011_word3_task_007_00"", ""atten_word_VP011_word3_task_008_00"", ""atten_word_VP011_word3_rest_008_00"", ""atten_word_VP011_word3_task_009_00"", ""atten_word_VP011_word3_rest_009_00"", ""atten_word_VP011_word3_rest_010_00""]",True,,0.8266666666666667,75,0.6190476190476191,0.5543766578249337,0.7837837837837838,0.6190476190476191,0.23809523809523814
VP011,2023,existing_head_adaptation,0.30,0.3,18,42,"{""0"": 9, ""1"": 9}","{""0"": 21, ""1"": 21}","[""atten_word_VP011_word1_rest_002_00"", ""atten_word_VP011_word1_task_002_00"", ""atten_word_VP011_word1_rest_007_00"", ""atten_word_VP011_word1_rest_009_00"", ""atten_word_VP011_word1_task_010_00"", ""atten_word_VP011_word2_task_003_00"", ""atten_word_VP011_word2_task_004_00"", ""atten_word_VP011_word2_task_006_00"", ""atten_word_VP011_word2_rest_005_00"", ""atten_word_VP011_word2_task_008_00"", ""atten_word_VP011_word2_task_009_00"", ""atten_word_VP011_word2_rest_009_00"", ""atten_word_VP011_word3_rest_001_00"", ""atten_word_VP011_word3_rest_005_00"", ""atten_word_VP011_word3_rest_006_00"", ""atten_word_VP011_word3_task_006_00"", ""atten_word_VP011_word3_rest_007_00"", ""atten_word_VP011_word3_task_010_00""]","[""atten_word_VP011_word1_rest_001_00"", ""atten_word_VP011_word1_task_001_00"", ""atten_word_VP011_word1_rest_003_00"", ""atten_word_VP011_word1_task_003_00"", ""atten_word_VP011_word1_task_004_00"", ""atten_word_VP011_word1_rest_004_00"", ""atten_word_VP011_word1_task_005_00"", ""atten_word_VP011_word1_task_006_00"", ""atten_word_VP011_word1_rest_005_00"", ""atten_word_VP011_word1_task_007_00"", ""atten_word_VP011_word1_task_008_00"", ""atten_word_VP011_word1_rest_006_00"", ""atten_word_VP011_word1_task_009_00"", ""atten_word_VP011_word1_rest_008_00"", ""atten_word_VP011_word1_rest_010_00"", ""atten_word_VP011_word2_rest_001_00"", ""atten_word_VP011_word2_task_001_00"", ""atten_word_VP011_word2_task_002_00"", ""atten_word_VP011_word2_rest_002_00"", ""atten_word_VP011_word2_task_005_00"", ""atten_word_VP011_word2_rest_003_00"", ""atten_word_VP011_word2_rest_004_00"", ""atten_word_VP011_word2_task_007_00"", ""atten_word_VP011_word2_rest_006_00"", ""atten_word_VP011_word2_rest_007_00"", ""atten_word_VP011_word2_task_010_00"", ""atten_word_VP011_word2_rest_008_00"", ""atten_word_VP011_word2_rest_010_00"", ""atten_word_VP011_word3_task_001_00"", ""atten_word_VP011_word3_task_002_00"", ""atten_word_VP011_word3_rest_002_00"", ""atten_word_VP011_word3_task_003_00"", ""atten_word_VP011_word3_rest_003_00"", ""atten_word_VP011_word3_rest_004_00"", ""atten_word_VP011_word3_task_004_00"", ""atten_word_VP011_word3_task_005_00"", ""atten_word_VP011_word3_task_007_00"", ""atten_word_VP011_word3_task_008_00"", ""atten_word_VP011_word3_rest_008_00"", ""atten_word_VP011_word3_task_009_00"", ""atten_word_VP011_word3_rest_009_00"", ""atten_word_VP011_word3_rest_010_00""]",True,,0.8266666666666667,75,0.7619047619047619,0.7597254004576659,0.7717647058823529,0.7619047619047619,0.5238095238095238
VP012,2023,source_only,0.30,0.3,18,42,"{""0"": 9, ""1"": 9}","{""0"": 21, ""1"": 21}","[""atten_word_VP012_word1_task_002_00"", ""atten_word_VP012_word1_rest_002_00"", ""atten_word_VP012_word1_rest_007_00"", ""atten_word_VP012_word1_task_010_00"", ""atten_word_VP012_word1_rest_009_00"", ""atten_word_VP012_word2_task_003_00"", ""atten_word_VP012_word2_task_004_00"", ""atten_word_VP012_word2_rest_005_00"", ""atten_word_VP012_word2_task_006_00"", ""atten_word_VP012_word2_task_008_00"", ""atten_word_VP012_word2_task_009_00"", ""atten_word_VP012_word2_rest_009_00"", ""atten_word_VP012_word3_rest_001_00"", ""atten_word_VP012_word3_rest_005_00"", ""atten_word_VP012_word3_rest_006_00"", ""atten_word_VP012_word3_task_006_00"", ""atten_word_VP012_word3_rest_007_00"", ""atten_word_VP012_word3_task_010_00""]","[""atten_word_VP012_word1_task_001_00"", ""atten_word_VP012_word1_rest_001_00"", ""atten_word_VP012_word1_task_003_00"", ""atten_word_VP012_word1_task_004_00"", ""atten_word_VP012_word1_task_005_00"", ""atten_word_VP012_word1_rest_003_00"", ""atten_word_VP012_word1_rest_004_00"", ""atten_word_VP012_word1_task_006_00"", ""atten_word_VP012_word1_rest_005_00"", ""atten_word_VP012_word1_task_007_00"", ""atten_word_VP012_word1_rest_006_00"", ""atten_word_VP012_word1_rest_008_00"", ""atten_word_VP012_word1_task_008_00"", ""atten_word_VP012_word1_task_009_00"", ""atten_word_VP012_word1_rest_010_00"", ""atten_word_VP012_word2_task_001_00"", ""atten_word_VP012_word2_task_002_00"", ""atten_word_VP012_word2_rest_001_00"", ""atten_word_VP012_word2_rest_002_00"", ""atten_word_VP012_word2_rest_003_00"", ""atten_word_VP012_word2_rest_004_00"", ""atten_word_VP012_word2_task_005_00"", ""atten_word_VP012_word2_rest_006_00"", ""atten_word_VP012_word2_rest_007_00"", ""atten_word_VP012_word2_rest_008_00"", ""atten_word_VP012_word2_task_007_00"", ""atten_word_VP012_word2_task_010_00"", ""atten_word_VP012_word2_rest_010_00"", ""atten_word_VP012_word3_task_001_00"", ""atten_word_VP012_word3_task_002_00"", ""atten_word_VP012_word3_task_003_00"", ""atten_word_VP012_word3_rest_002_00"", ""atten_word_VP012_word3_rest_003_00"", ""atten_word_VP012_word3_task_004_00"", ""atten_word_VP012_word3_rest_004_00"", ""atten_word_VP012_word3_task_005_00"", ""atten_word_VP012_word3_task_007_00"", ""atten_word_VP012_word3_rest_008_00"", ""atten_word_VP012_word3_rest_009_00"", ""atten_word_VP012_word3_task_008_00"", ""atten_word_VP012_word3_task_009_00"", ""atten_word_VP012_word3_rest_010_00""]",True,,0.7865812991863412,66,0.8333333333333334,0.8324786324786324,0.8402777777777777,0.8333333333333333,0.6666666666666667
VP012,2023,existing_head_adaptation,0.30,0.3,18,42,"{""0"": 9, ""1"": 9}","{""0"": 21, ""1"": 21}","[""atten_word_VP012_word1_task_002_00"", ""atten_word_VP012_word1_rest_002_00"", ""atten_word_VP012_word1_rest_007_00"", ""atten_word_VP012_word1_task_010_00"", ""atten_word_VP012_word1_rest_009_00"", ""atten_word_VP012_word2_task_003_00"", ""atten_word_VP012_word2_task_004_00"", ""atten_word_VP012_word2_rest_005_00"", ""atten_word_VP012_word2_task_006_00"", ""atten_word_VP012_word2_task_008_00"", ""atten_word_VP012_word2_task_009_00"", ""atten_word_VP012_word2_rest_009_00"", ""atten_word_VP012_word3_rest_001_00"", ""atten_word_VP012_word3_rest_005_00"", ""atten_word_VP012_word3_rest_006_00"", ""atten_word_VP012_word3_task_006_00"", ""atten_word_VP012_word3_rest_007_00"", ""atten_word_VP012_word3_task_010_00""]","[""atten_word_VP012_word1_task_001_00"", ""atten_word_VP012_word1_rest_001_00"", ""atten_word_VP012_word1_task_003_00"", ""atten_word_VP012_word1_task_004_00"", ""atten_word_VP012_word1_task_005_00"", ""atten_word_VP012_word1_rest_003_00"", ""atten_word_VP012_word1_rest_004_00"", ""atten_word_VP012_word1_task_006_00"", ""atten_word_VP012_word1_rest_005_00"", ""atten_word_VP012_word1_task_007_00"", ""atten_word_VP012_word1_rest_006_00"", ""atten_word_VP012_word1_rest_008_00"", ""atten_word_VP012_word1_task_008_00"", ""atten_word_VP012_word1_task_009_00"", ""atten_word_VP012_word1_rest_010_00"", ""atten_word_VP012_word2_task_001_00"", ""atten_word_VP012_word2_task_002_00"", ""atten_word_VP012_word2_rest_001_00"", ""atten_word_VP012_word2_rest_002_00"", ""atten_word_VP012_word2_rest_003_00"", ""atten_word_VP012_word2_rest_004_00"", ""atten_word_VP012_word2_task_005_00"", ""atten_word_VP012_word2_rest_006_00"", ""atten_word_VP012_word2_rest_007_00"", ""atten_word_VP012_word2_rest_008_00"", ""atten_word_VP012_word2_task_007_00"", ""atten_word_VP012_word2_task_010_00"", ""atten_word_VP012_word2_rest_010_00"", ""atten_word_VP012_word3_task_001_00"", ""atten_word_VP012_word3_task_002_00"", ""atten_word_VP012_word3_task_003_00"", ""atten_word_VP012_word3_rest_002_00"", ""atten_word_VP012_word3_rest_003_00"", ""atten_word_VP012_word3_task_004_00"", ""atten_word_VP012_word3_rest_004_00"", ""atten_word_VP012_word3_task_005_00"", ""atten_word_VP012_word3_task_007_00"", ""atten_word_VP012_word3_rest_008_00"", ""atten_word_VP012_word3_rest_009_00"", ""atten_word_VP012_word3_task_008_00"", ""atten_word_VP012_word3_task_009_00"", ""atten_word_VP012_word3_rest_010_00""]",True,,0.7865812991863412,66,0.8809523809523809,0.8803418803418803,0.8888888888888888,0.8809523809523809,0.7619047619047619
VP013,2023,source_only,0.30,0.3,18,42,"{""0"": 9, ""1"": 9}","{""0"": 21, ""1"": 21}","[""atten_word_VP013_word1_task_002_00"", ""atten_word_VP013_word1_rest_002_00"", ""atten_word_VP013_word1_rest_007_00"", ""atten_word_VP013_word1_rest_009_00"", ""atten_word_VP013_word1_task_010_00"", ""atten_word_VP013_word2_task_003_00"", ""atten_word_VP013_word2_task_004_00"", ""atten_word_VP013_word2_rest_005_00"", ""atten_word_VP013_word2_task_006_00"", ""atten_word_VP013_word2_task_008_00"", ""atten_word_VP013_word2_task_009_00"", ""atten_word_VP013_word2_rest_009_00"", ""atten_word_VP013_word3_rest_001_00"", ""atten_word_VP013_word3_rest_005_00"", ""atten_word_VP013_word3_rest_006_00"", ""atten_word_VP013_word3_task_006_00"", ""atten_word_VP013_word3_rest_007_00"", ""atten_word_VP013_word3_task_010_00""]","[""atten_word_VP013_word1_task_001_00"", ""atten_word_VP013_word1_rest_001_00"", ""atten_word_VP013_word1_task_003_00"", ""atten_word_VP013_word1_rest_003_00"", ""atten_word_VP013_word1_task_004_00"", ""atten_word_VP013_word1_rest_004_00"", ""atten_word_VP013_word1_task_005_00"", ""atten_word_VP013_word1_rest_005_00"", ""atten_word_VP013_word1_task_006_00"", ""atten_word_VP013_word1_task_007_00"", ""atten_word_VP013_word1_task_008_00"", ""atten_word_VP013_word1_rest_006_00"", ""atten_word_VP013_word1_task_009_00"", ""atten_word_VP013_word1_rest_008_00"", ""atten_word_VP013_word1_rest_010_00"", ""atten_word_VP013_word2_task_001_00"", ""atten_word_VP013_word2_task_002_00"", ""atten_word_VP013_word2_rest_001_00"", ""atten_word_VP013_word2_rest_002_00"", ""atten_word_VP013_word2_rest_003_00"", ""atten_word_VP013_word2_task_005_00"", ""atten_word_VP013_word2_rest_004_00"", ""atten_word_VP013_word2_rest_006_00"", ""atten_word_VP013_word2_task_007_00"", ""atten_word_VP013_word2_rest_007_00"", ""atten_word_VP013_word2_rest_008_00"", ""atten_word_VP013_word2_task_010_00"", ""atten_word_VP013_word2_rest_010_00"", ""atten_word_VP013_word3_task_001_00"", ""atten_word_VP013_word3_task_002_00"", ""atten_word_VP013_word3_rest_002_00"", ""atten_word_VP013_word3_rest_003_00"", ""atten_word_VP013_word3_rest_004_00"", ""atten_word_VP013_word3_task_003_00"", ""atten_word_VP013_word3_task_004_00"", ""atten_word_VP013_word3_task_005_00"", ""atten_word_VP013_word3_task_007_00"", ""atten_word_VP013_word3_task_008_00"", ""atten_word_VP013_word3_task_009_00"", ""atten_word_VP013_word3_rest_008_00"", ""atten_word_VP013_word3_rest_009_00"", ""atten_word_VP013_word3_rest_010_00""]",True,,0.7560568086883876,50,0.7857142857142857,0.7754010695187166,0.85,0.7857142857142857,0.5714285714285714
VP013,2023,existing_head_adaptation,0.30,0.3,18,42,"{""0"": 9, ""1"": 9}","{""0"": 21, ""1"": 21}","[""atten_word_VP013_word1_task_002_00"", ""atten_word_VP013_word1_rest_002_00"", ""atten_word_VP013_word1_rest_007_00"", ""atten_word_VP013_word1_rest_009_00"", ""atten_word_VP013_word1_task_010_00"", ""atten_word_VP013_word2_task_003_00"", ""atten_word_VP013_word2_task_004_00"", ""atten_word_VP013_word2_rest_005_00"", ""atten_word_VP013_word2_task_006_00"", ""atten_word_VP013_word2_task_008_00"", ""atten_word_VP013_word2_task_009_00"", ""atten_word_VP013_word2_rest_009_00"", ""atten_word_VP013_word3_rest_001_00"", ""atten_word_VP013_word3_rest_005_00"", ""atten_word_VP013_word3_rest_006_00"", ""atten_word_VP013_word3_task_006_00"", ""atten_word_VP013_word3_rest_007_00"", ""atten_word_VP013_word3_task_010_00""]","[""atten_word_VP013_word1_task_001_00"", ""atten_word_VP013_word1_rest_001_00"", ""atten_word_VP013_word1_task_003_00"", ""atten_word_VP013_word1_rest_003_00"", ""atten_word_VP013_word1_task_004_00"", ""atten_word_VP013_word1_rest_004_00"", ""atten_word_VP013_word1_task_005_00"", ""atten_word_VP013_word1_rest_005_00"", ""atten_word_VP013_word1_task_006_00"", ""atten_word_VP013_word1_task_007_00"", ""atten_word_VP013_word1_task_008_00"", ""atten_word_VP013_word1_rest_006_00"", ""atten_word_VP013_word1_task_009_00"", ""atten_word_VP013_word1_rest_008_00"", ""atten_word_VP013_word1_rest_010_00"", ""atten_word_VP013_word2_task_001_00"", ""atten_word_VP013_word2_task_002_00"", ""atten_word_VP013_word2_rest_001_00"", ""atten_word_VP013_word2_rest_002_00"", ""atten_word_VP013_word2_rest_003_00"", ""atten_word_VP013_word2_task_005_00"", ""atten_word_VP013_word2_rest_004_00"", ""atten_word_VP013_word2_rest_006_00"", ""atten_word_VP013_word2_task_007_00"", ""atten_word_VP013_word2_rest_007_00"", ""atten_word_VP013_word2_rest_008_00"", ""atten_word_VP013_word2_task_010_00"", ""atten_word_VP013_word2_rest_010_00"", ""atten_word_VP013_word3_task_001_00"", ""atten_word_VP013_word3_task_002_00"", ""atten_word_VP013_word3_rest_002_00"", ""atten_word_VP013_word3_rest_003_00"", ""atten_word_VP013_word3_rest_004_00"", ""atten_word_VP013_word3_task_003_00"", ""atten_word_VP013_word3_task_004_00"", ""atten_word_VP013_word3_task_005_00"", ""atten_word_VP013_word3_task_007_00"", ""atten_word_VP013_word3_task_008_00"", ""atten_word_VP013_word3_task_009_00"", ""atten_word_VP013_word3_rest_008_00"", ""atten_word_VP013_word3_rest_009_00"", ""atten_word_VP013_word3_rest_010_00""]",True,,0.7560568086883876,50,0.7857142857142857,0.7846153846153847,0.7916666666666667,0.7857142857142857,0.5714285714285714
VP014,2023,source_only,0.30,0.3,18,42,"{""0"": 9, ""1"": 9}","{""0"": 21, ""1"": 21}","[""atten_word_VP014_word1_task_002_00"", ""atten_word_VP014_word1_rest_002_00"", ""atten_word_VP014_word1_rest_007_00"", ""atten_word_VP014_word1_rest_009_00"", ""atten_word_VP014_word1_task_010_00"", ""atten_word_VP014_word2_task_003_00"", ""atten_word_VP014_word2_task_004_00"", ""atten_word_VP014_word2_task_006_00"", ""atten_word_VP014_word2_rest_005_00"", ""atten_word_VP014_word2_task_008_00"", ""atten_word_VP014_word2_task_009_00"", ""atten_word_VP014_word2_rest_009_00"", ""atten_word_VP014_word3_rest_001_00"", ""atten_word_VP014_word3_rest_005_00"", ""atten_word_VP014_word3_rest_006_00"", ""atten_word_VP014_word3_rest_007_00"", ""atten_word_VP014_word3_task_006_00"", ""atten_word_VP014_word3_task_010_00""]","[""atten_word_VP014_word1_task_001_00"", ""atten_word_VP014_word1_rest_001_00"", ""atten_word_VP014_word1_rest_003_00"", ""atten_word_VP014_word1_task_003_00"", ""atten_word_VP014_word1_task_004_00"", ""atten_word_VP014_word1_rest_004_00"", ""atten_word_VP014_word1_task_005_00"", ""atten_word_VP014_word1_task_006_00"", ""atten_word_VP014_word1_rest_005_00"", ""atten_word_VP014_word1_task_007_00"", ""atten_word_VP014_word1_rest_006_00"", ""atten_word_VP014_word1_task_008_00"", ""atten_word_VP014_word1_rest_008_00"", ""atten_word_VP014_word1_rest_010_00"", ""atten_word_VP014_word1_task_009_00"", ""atten_word_VP014_word2_rest_001_00"", ""atten_word_VP014_word2_task_001_00"", ""atten_word_VP014_word2_task_002_00"", ""atten_word_VP014_word2_rest_002_00"", ""atten_word_VP014_word2_rest_003_00"", ""atten_word_VP014_word2_rest_004_00"", ""atten_word_VP014_word2_task_005_00"", ""atten_word_VP014_word2_task_007_00"", ""atten_word_VP014_word2_rest_006_00"", ""atten_word_VP014_word2_rest_007_00"", ""atten_word_VP014_word2_rest_008_00"", ""atten_word_VP014_word2_task_010_00"", ""atten_word_VP014_word2_rest_010_00"", ""atten_word_VP014_word3_task_001_00"", ""atten_word_VP014_word3_rest_002_00"", ""atten_word_VP014_word3_task_002_00"", ""atten_word_VP014_word3_task_003_00"", ""atten_word_VP014_word3_rest_003_00"", ""atten_word_VP014_word3_rest_004_00"", ""atten_word_VP014_word3_task_004_00"", ""atten_word_VP014_word3_rest_008_00"", ""atten_word_VP014_word3_task_005_00"", ""atten_word_VP014_word3_task_007_00"", ""atten_word_VP014_word3_rest_009_00"", ""atten_word_VP014_word3_task_008_00"", ""atten_word_VP014_word3_rest_010_00"", ""atten_word_VP014_word3_task_009_00""]",True,,0.8466598515489577,33,0.5476190476190477,0.43121881682109764,0.7625,0.5476190476190477,0.09523809523809523
VP014,2023,existing_head_adaptation,0.30,0.3,18,42,"{""0"": 9, ""1"": 9}","{""0"": 21, ""1"": 21}","[""atten_word_VP014_word1_task_002_00"", ""atten_word_VP014_word1_rest_002_00"", ""atten_word_VP014_word1_rest_007_00"", ""atten_word_VP014_word1_rest_009_00"", ""atten_word_VP014_word1_task_010_00"", ""atten_word_VP014_word2_task_003_00"", ""atten_word_VP014_word2_task_004_00"", ""atten_word_VP014_word2_task_006_00"", ""atten_word_VP014_word2_rest_005_00"", ""atten_word_VP014_word2_task_008_00"", ""atten_word_VP014_word2_task_009_00"", ""atten_word_VP014_word2_rest_009_00"", ""atten_word_VP014_word3_rest_001_00"", ""atten_word_VP014_word3_rest_005_00"", ""atten_word_VP014_word3_rest_006_00"", ""atten_word_VP014_word3_rest_007_00"", ""atten_word_VP014_word3_task_006_00"", ""atten_word_VP014_word3_task_010_00""]","[""atten_word_VP014_word1_task_001_00"", ""atten_word_VP014_word1_rest_001_00"", ""atten_word_VP014_word1_rest_003_00"", ""atten_word_VP014_word1_task_003_00"", ""atten_word_VP014_word1_task_004_00"", ""atten_word_VP014_word1_rest_004_00"", ""atten_word_VP014_word1_task_005_00"", ""atten_word_VP014_word1_task_006_00"", ""atten_word_VP014_word1_rest_005_00"", ""atten_word_VP014_word1_task_007_00"", ""atten_word_VP014_word1_rest_006_00"", ""atten_word_VP014_word1_task_008_00"", ""atten_word_VP014_word1_rest_008_00"", ""atten_word_VP014_word1_rest_010_00"", ""atten_word_VP014_word1_task_009_00"", ""atten_word_VP014_word2_rest_001_00"", ""atten_word_VP014_word2_task_001_00"", ""atten_word_VP014_word2_task_002_00"", ""atten_word_VP014_word2_rest_002_00"", ""atten_word_VP014_word2_rest_003_00"", ""atten_word_VP014_word2_rest_004_00"", ""atten_word_VP014_word2_task_005_00"", ""atten_word_VP014_word2_task_007_00"", ""atten_word_VP014_word2_rest_006_00"", ""atten_word_VP014_word2_rest_007_00"", ""atten_word_VP014_word2_rest_008_00"", ""atten_word_VP014_word2_task_010_00"", ""atten_word_VP014_word2_rest_010_00"", ""atten_word_VP014_word3_task_001_00"", ""atten_word_VP014_word3_rest_002_00"", ""atten_word_VP014_word3_task_002_00"", ""atten_word_VP014_word3_task_003_00"", ""atten_word_VP014_word3_rest_003_00"", ""atten_word_VP014_word3_rest_004_00"", ""atten_word_VP014_word3_task_004_00"", ""atten_word_VP014_word3_rest_008_00"", ""atten_word_VP014_word3_task_005_00"", ""atten_word_VP014_word3_task_007_00"", ""atten_word_VP014_word3_rest_009_00"", ""atten_word_VP014_word3_task_008_00"", ""atten_word_VP014_word3_rest_010_00"", ""atten_word_VP014_word3_task_009_00""]",True,,0.8466598515489577,33,0.7380952380952381,0.7343300747556067,0.7524038461538461,0.7380952380952381,0.47619047619047616
VP015,2023,source_only,0.30,0.3,18,42,"{""0"": 9, ""1"": 9}","{""0"": 21, ""1"": 21}","[""atten_word_VP015_word1_rest_002_00"", ""atten_word_VP015_word1_task_002_00"", ""atten_word_VP015_word1_rest_007_00"", ""atten_word_VP015_word1_task_010_00"", ""atten_word_VP015_word1_rest_009_00"", ""atten_word_VP015_word2_task_003_00"", ""atten_word_VP015_word2_rest_005_00"", ""atten_word_VP015_word2_task_004_00"", ""atten_word_VP015_word2_rest_009_00"", ""atten_word_VP015_word2_task_006_00"", ""atten_word_VP015_word2_task_008_00"", ""atten_word_VP015_word2_task_009_00"", ""atten_word_VP015_word3_rest_001_00"", ""atten_word_VP015_word3_rest_005_00"", ""atten_word_VP015_word3_task_006_00"", ""atten_word_VP015_word3_rest_006_00"", ""atten_word_VP015_word3_rest_007_00"", ""atten_word_VP015_word3_task_010_00""]","[""atten_word_VP015_word1_rest_001_00"", ""atten_word_VP015_word1_task_001_00"", ""atten_word_VP015_word1_rest_003_00"", ""atten_word_VP015_word1_rest_004_00"", ""atten_word_VP015_word1_task_003_00"", ""atten_word_VP015_word1_task_004_00"", ""atten_word_VP015_word1_task_005_00"", ""atten_word_VP015_word1_rest_005_00"", ""atten_word_VP015_word1_task_006_00"", ""atten_word_VP015_word1_rest_006_00"", ""atten_word_VP015_word1_task_007_00"", ""atten_word_VP015_word1_task_008_00"", ""atten_word_VP015_word1_rest_008_00"", ""atten_word_VP015_word1_task_009_00"", ""atten_word_VP015_word1_rest_010_00"", ""atten_word_VP015_word2_rest_001_00"", ""atten_word_VP015_word2_rest_002_00"", ""atten_word_VP015_word2_rest_003_00"", ""atten_word_VP015_word2_task_001_00"", ""atten_word_VP015_word2_rest_004_00"", ""atten_word_VP015_word2_task_002_00"", ""atten_word_VP015_word2_rest_006_00"", ""atten_word_VP015_word2_rest_007_00"", ""atten_word_VP015_word2_task_005_00"", ""atten_word_VP015_word2_rest_008_00"", ""atten_word_VP015_word2_task_007_00"", ""atten_word_VP015_word2_rest_010_00"", ""atten_word_VP015_word2_task_010_00"", ""atten_word_VP015_word3_task_001_00"", ""atten_word_VP015_word3_task_002_00"", ""atten_word_VP015_word3_task_003_00"", ""atten_word_VP015_word3_rest_002_00"", ""atten_word_VP015_word3_rest_003_00"", ""atten_word_VP015_word3_task_004_00"", ""atten_word_VP015_word3_rest_004_00"", ""atten_word_VP015_word3_task_005_00"", ""atten_word_VP015_word3_rest_008_00"", ""atten_word_VP015_word3_task_007_00"", ""atten_word_VP015_word3_task_008_00"", ""atten_word_VP015_word3_rest_009_00"", ""atten_word_VP015_word3_rest_010_00"", ""atten_word_VP015_word3_task_009_00""]",True,,0.8199919996444287,53,0.6904761904761905,0.6576802507836991,0.8088235294117647,0.6904761904761905,0.38095238095238093
VP015,2023,existing_head_adaptation,0.30,0.3,18,42,"{""0"": 9, ""1"": 9}","{""0"": 21, ""1"": 21}","[""atten_word_VP015_word1_rest_002_00"", ""atten_word_VP015_word1_task_002_00"", ""atten_word_VP015_word1_rest_007_00"", ""atten_word_VP015_word1_task_010_00"", ""atten_word_VP015_word1_rest_009_00"", ""atten_word_VP015_word2_task_003_00"", ""atten_word_VP015_word2_rest_005_00"", ""atten_word_VP015_word2_task_004_00"", ""atten_word_VP015_word2_rest_009_00"", ""atten_word_VP015_word2_task_006_00"", ""atten_word_VP015_word2_task_008_00"", ""atten_word_VP015_word2_task_009_00"", ""atten_word_VP015_word3_rest_001_00"", ""atten_word_VP015_word3_rest_005_00"", ""atten_word_VP015_word3_task_006_00"", ""atten_word_VP015_word3_rest_006_00"", ""atten_word_VP015_word3_rest_007_00"", ""atten_word_VP015_word3_task_010_00""]","[""atten_word_VP015_word1_rest_001_00"", ""atten_word_VP015_word1_task_001_00"", ""atten_word_VP015_word1_rest_003_00"", ""atten_word_VP015_word1_rest_004_00"", ""atten_word_VP015_word1_task_003_00"", ""atten_word_VP015_word1_task_004_00"", ""atten_word_VP015_word1_task_005_00"", ""atten_word_VP015_word1_rest_005_00"", ""atten_word_VP015_word1_task_006_00"", ""atten_word_VP015_word1_rest_006_00"", ""atten_word_VP015_word1_task_007_00"", ""atten_word_VP015_word1_task_008_00"", ""atten_word_VP015_word1_rest_008_00"", ""atten_word_VP015_word1_task_009_00"", ""atten_word_VP015_word1_rest_010_00"", ""atten_word_VP015_word2_rest_001_00"", ""atten_word_VP015_word2_rest_002_00"", ""atten_word_VP015_word2_rest_003_00"", ""atten_word_VP015_word2_task_001_00"", ""atten_word_VP015_word2_rest_004_00"", ""atten_word_VP015_word2_task_002_00"", ""atten_word_VP015_word2_rest_006_00"", ""atten_word_VP015_word2_rest_007_00"", ""atten_word_VP015_word2_task_005_00"", ""atten_word_VP015_word2_rest_008_00"", ""atten_word_VP015_word2_task_007_00"", ""atten_word_VP015_word2_rest_010_00"", ""atten_word_VP015_word2_task_010_00"", ""atten_word_VP015_word3_task_001_00"", ""atten_word_VP015_word3_task_002_00"", ""atten_word_VP015_word3_task_003_00"", ""atten_word_VP015_word3_rest_002_00"", ""atten_word_VP015_word3_rest_003_00"", ""atten_word_VP015_word3_task_004_00"", ""atten_word_VP015_word3_rest_004_00"", ""atten_word_VP015_word3_task_005_00"", ""atten_word_VP015_word3_rest_008_00"", ""atten_word_VP015_word3_task_007_00"", ""atten_word_VP015_word3_task_008_00"", ""atten_word_VP015_word3_rest_009_00"", ""atten_word_VP015_word3_rest_010_00"", ""atten_word_VP015_word3_task_009_00""]",True,,0.8199919996444287,53,0.7142857142857143,0.7136363636363636,0.7162471395881007,0.7142857142857142,0.4285714285714286
VP016,2023,source_only,0.30,0.3,18,42,"{""0"": 9, ""1"": 9}","{""0"": 21, ""1"": 21}","[""atten_word_VP016_word1_rest_002_00"", ""atten_word_VP016_word1_task_002_00"", ""atten_word_VP016_word1_rest_007_00"", ""atten_word_VP016_word1_rest_009_00"", ""atten_word_VP016_word1_task_010_00"", ""atten_word_VP016_word2_task_003_00"", ""atten_word_VP016_word2_task_004_00"", ""atten_word_VP016_word2_rest_005_00"", ""atten_word_VP016_word2_task_006_00"", ""atten_word_VP016_word2_task_008_00"", ""atten_word_VP016_word2_task_009_00"", ""atten_word_VP016_word2_rest_009_00"", ""atten_word_VP016_word3_rest_001_00"", ""atten_word_VP016_word3_rest_005_00"", ""atten_word_VP016_word3_rest_006_00"", ""atten_word_VP016_word3_task_006_00"", ""atten_word_VP016_word3_rest_007_00"", ""atten_word_VP016_word3_task_010_00""]","[""atten_word_VP016_word1_rest_001_00"", ""atten_word_VP016_word1_task_001_00"", ""atten_word_VP016_word1_rest_003_00"", ""atten_word_VP016_word1_task_003_00"", ""atten_word_VP016_word1_task_004_00"", ""atten_word_VP016_word1_task_005_00"", ""atten_word_VP016_word1_rest_004_00"", ""atten_word_VP016_word1_rest_005_00"", ""atten_word_VP016_word1_task_006_00"", ""atten_word_VP016_word1_rest_006_00"", ""atten_word_VP016_word1_task_007_00"", ""atten_word_VP016_word1_rest_008_00"", ""atten_word_VP016_word1_task_008_00"", ""atten_word_VP016_word1_task_009_00"", ""atten_word_VP016_word1_rest_010_00"", ""atten_word_VP016_word2_task_001_00"", ""atten_word_VP016_word2_rest_001_00"", ""atten_word_VP016_word2_rest_002_00"", ""atten_word_VP016_word2_task_002_00"", ""atten_word_VP016_word2_rest_003_00"", ""atten_word_VP016_word2_rest_004_00"", ""atten_word_VP016_word2_rest_006_00"", ""atten_word_VP016_word2_task_005_00"", ""atten_word_VP016_word2_rest_007_00"", ""atten_word_VP016_word2_task_007_00"", ""atten_word_VP016_word2_rest_008_00"", ""atten_word_VP016_word2_rest_010_00"", ""atten_word_VP016_word2_task_010_00"", ""atten_word_VP016_word3_task_001_00"", ""atten_word_VP016_word3_task_002_00"", ""atten_word_VP016_word3_task_003_00"", ""atten_word_VP016_word3_rest_002_00"", ""atten_word_VP016_word3_rest_003_00"", ""atten_word_VP016_word3_task_004_00"", ""atten_word_VP016_word3_rest_004_00"", ""atten_word_VP016_word3_task_005_00"", ""atten_word_VP016_word3_task_007_00"", ""atten_word_VP016_word3_task_008_00"", ""atten_word_VP016_word3_rest_008_00"", ""atten_word_VP016_word3_rest_009_00"", ""atten_word_VP016_word3_task_009_00"", ""atten_word_VP016_word3_rest_010_00""]",True,,0.8232842456237843,73,0.7142857142857143,0.703529411764706,0.7506631299734747,0.7142857142857143,0.4285714285714286
VP016,2023,existing_head_adaptation,0.30,0.3,18,42,"{""0"": 9, ""1"": 9}","{""0"": 21, ""1"": 21}","[""atten_word_VP016_word1_rest_002_00"", ""atten_word_VP016_word1_task_002_00"", ""atten_word_VP016_word1_rest_007_00"", ""atten_word_VP016_word1_rest_009_00"", ""atten_word_VP016_word1_task_010_00"", ""atten_word_VP016_word2_task_003_00"", ""atten_word_VP016_word2_task_004_00"", ""atten_word_VP016_word2_rest_005_00"", ""atten_word_VP016_word2_task_006_00"", ""atten_word_VP016_word2_task_008_00"", ""atten_word_VP016_word2_task_009_00"", ""atten_word_VP016_word2_rest_009_00"", ""atten_word_VP016_word3_rest_001_00"", ""atten_word_VP016_word3_rest_005_00"", ""atten_word_VP016_word3_rest_006_00"", ""atten_word_VP016_word3_task_006_00"", ""atten_word_VP016_word3_rest_007_00"", ""atten_word_VP016_word3_task_010_00""]","[""atten_word_VP016_word1_rest_001_00"", ""atten_word_VP016_word1_task_001_00"", ""atten_word_VP016_word1_rest_003_00"", ""atten_word_VP016_word1_task_003_00"", ""atten_word_VP016_word1_task_004_00"", ""atten_word_VP016_word1_task_005_00"", ""atten_word_VP016_word1_rest_004_00"", ""atten_word_VP016_word1_rest_005_00"", ""atten_word_VP016_word1_task_006_00"", ""atten_word_VP016_word1_rest_006_00"", ""atten_word_VP016_word1_task_007_00"", ""atten_word_VP016_word1_rest_008_00"", ""atten_word_VP016_word1_task_008_00"", ""atten_word_VP016_word1_task_009_00"", ""atten_word_VP016_word1_rest_010_00"", ""atten_word_VP016_word2_task_001_00"", ""atten_word_VP016_word2_rest_001_00"", ""atten_word_VP016_word2_rest_002_00"", ""atten_word_VP016_word2_task_002_00"", ""atten_word_VP016_word2_rest_003_00"", ""atten_word_VP016_word2_rest_004_00"", ""atten_word_VP016_word2_rest_006_00"", ""atten_word_VP016_word2_task_005_00"", ""atten_word_VP016_word2_rest_007_00"", ""atten_word_VP016_word2_task_007_00"", ""atten_word_VP016_word2_rest_008_00"", ""atten_word_VP016_word2_rest_010_00"", ""atten_word_VP016_word2_task_010_00"", ""atten_word_VP016_word3_task_001_00"", ""atten_word_VP016_word3_task_002_00"", ""atten_word_VP016_word3_task_003_00"", ""atten_word_VP016_word3_rest_002_00"", ""atten_word_VP016_word3_rest_003_00"", ""atten_word_VP016_word3_task_004_00"", ""atten_word_VP016_word3_rest_004_00"", ""atten_word_VP016_word3_task_005_00"", ""atten_word_VP016_word3_task_007_00"", ""atten_word_VP016_word3_task_008_00"", ""atten_word_VP016_word3_rest_008_00"", ""atten_word_VP016_word3_rest_009_00"", ""atten_word_VP016_word3_task_009_00"", ""atten_word_VP016_word3_rest_010_00""]",True,,0.8232842456237843,73,0.7380952380952381,0.7343300747556067,0.7524038461538461,0.7380952380952381,0.47619047619047616
VP017,2023,source_only,0.30,0.3,18,42,"{""0"": 9, ""1"": 9}","{""0"": 21, ""1"": 21}","[""atten_word_VP017_word1_task_002_00"", ""atten_word_VP017_word1_rest_002_00"", ""atten_word_VP017_word1_rest_007_00"", ""atten_word_VP017_word1_rest_009_00"", ""atten_word_VP017_word1_task_010_00"", ""atten_word_VP017_word2_task_003_00"", ""atten_word_VP017_word2_task_004_00"", ""atten_word_VP017_word2_rest_005_00"", ""atten_word_VP017_word2_task_006_00"", ""atten_word_VP017_word2_task_008_00"", ""atten_word_VP017_word2_rest_009_00"", ""atten_word_VP017_word2_task_009_00"", ""atten_word_VP017_word3_rest_001_00"", ""atten_word_VP017_word3_rest_005_00"", ""atten_word_VP017_word3_rest_006_00"", ""atten_word_VP017_word3_task_006_00"", ""atten_word_VP017_word3_rest_007_00"", ""atten_word_VP017_word3_task_010_00""]","[""atten_word_VP017_word1_task_001_00"", ""atten_word_VP017_word1_rest_001_00"", ""atten_word_VP017_word1_rest_003_00"", ""atten_word_VP017_word1_task_003_00"", ""atten_word_VP017_word1_rest_004_00"", ""atten_word_VP017_word1_task_004_00"", ""atten_word_VP017_word1_task_005_00"", ""atten_word_VP017_word1_rest_005_00"", ""atten_word_VP017_word1_rest_006_00"", ""atten_word_VP017_word1_task_006_00"", ""atten_word_VP017_word1_task_007_00"", ""atten_word_VP017_word1_rest_008_00"", ""atten_word_VP017_word1_task_008_00"", ""atten_word_VP017_word1_task_009_00"", ""atten_word_VP017_word1_rest_010_00"", ""atten_word_VP017_word2_rest_001_00"", ""atten_word_VP017_word2_task_001_00"", ""atten_word_VP017_word2_rest_002_00"", ""atten_word_VP017_word2_task_002_00"", ""atten_word_VP017_word2_rest_003_00"", ""atten_word_VP017_word2_rest_004_00"", ""atten_word_VP017_word2_task_005_00"", ""atten_word_VP017_word2_task_007_00"", ""atten_word_VP017_word2_rest_006_00"", ""atten_word_VP017_word2_rest_007_00"", ""atten_word_VP017_word2_rest_008_00"", ""atten_word_VP017_word2_rest_010_00"", ""atten_word_VP017_word2_task_010_00"", ""atten_word_VP017_word3_task_001_00"", ""atten_word_VP017_word3_rest_002_00"", ""atten_word_VP017_word3_rest_003_00"", ""atten_word_VP017_word3_task_002_00"", ""atten_word_VP017_word3_rest_004_00"", ""atten_word_VP017_word3_task_003_00"", ""atten_word_VP017_word3_task_004_00"", ""atten_word_VP017_word3_task_005_00"", ""atten_word_VP017_word3_task_007_00"", ""atten_word_VP017_word3_task_008_00"", ""atten_word_VP017_word3_rest_008_00"", ""atten_word_VP017_word3_rest_009_00"", ""atten_word_VP017_word3_task_009_00"", ""atten_word_VP017_word3_rest_010_00""]",True,,0.8299981110901232,62,0.6904761904761905,0.6755793226381461,0.7333333333333334,0.6904761904761905,0.38095238095238093
VP017,2023,existing_head_adaptation,0.30,0.3,18,42,"{""0"": 9, ""1"": 9}","{""0"": 21, ""1"": 21}","[""atten_word_VP017_word1_task_002_00"", ""atten_word_VP017_word1_rest_002_00"", ""atten_word_VP017_word1_rest_007_00"", ""atten_word_VP017_word1_rest_009_00"", ""atten_word_VP017_word1_task_010_00"", ""atten_word_VP017_word2_task_003_00"", ""atten_word_VP017_word2_task_004_00"", ""atten_word_VP017_word2_rest_005_00"", ""atten_word_VP017_word2_task_006_00"", ""atten_word_VP017_word2_task_008_00"", ""atten_word_VP017_word2_rest_009_00"", ""atten_word_VP017_word2_task_009_00"", ""atten_word_VP017_word3_rest_001_00"", ""atten_word_VP017_word3_rest_005_00"", ""atten_word_VP017_word3_rest_006_00"", ""atten_word_VP017_word3_task_006_00"", ""atten_word_VP017_word3_rest_007_00"", ""atten_word_VP017_word3_task_010_00""]","[""atten_word_VP017_word1_task_001_00"", ""atten_word_VP017_word1_rest_001_00"", ""atten_word_VP017_word1_rest_003_00"", ""atten_word_VP017_word1_task_003_00"", ""atten_word_VP017_word1_rest_004_00"", ""atten_word_VP017_word1_task_004_00"", ""atten_word_VP017_word1_task_005_00"", ""atten_word_VP017_word1_rest_005_00"", ""atten_word_VP017_word1_rest_006_00"", ""atten_word_VP017_word1_task_006_00"", ""atten_word_VP017_word1_task_007_00"", ""atten_word_VP017_word1_rest_008_00"", ""atten_word_VP017_word1_task_008_00"", ""atten_word_VP017_word1_task_009_00"", ""atten_word_VP017_word1_rest_010_00"", ""atten_word_VP017_word2_rest_001_00"", ""atten_word_VP017_word2_task_001_00"", ""atten_word_VP017_word2_rest_002_00"", ""atten_word_VP017_word2_task_002_00"", ""atten_word_VP017_word2_rest_003_00"", ""atten_word_VP017_word2_rest_004_00"", ""atten_word_VP017_word2_task_005_00"", ""atten_word_VP017_word2_task_007_00"", ""atten_word_VP017_word2_rest_006_00"", ""atten_word_VP017_word2_rest_007_00"", ""atten_word_VP017_word2_rest_008_00"", ""atten_word_VP017_word2_rest_010_00"", ""atten_word_VP017_word2_task_010_00"", ""atten_word_VP017_word3_task_001_00"", ""atten_word_VP017_word3_rest_002_00"", ""atten_word_VP017_word3_rest_003_00"", ""atten_word_VP017_word3_task_002_00"", ""atten_word_VP017_word3_rest_004_00"", ""atten_word_VP017_word3_task_003_00"", ""atten_word_VP017_word3_task_004_00"", ""atten_word_VP017_word3_task_005_00"", ""atten_word_VP017_word3_task_007_00"", ""atten_word_VP017_word3_task_008_00"", ""atten_word_VP017_word3_rest_008_00"", ""atten_word_VP017_word3_rest_009_00"", ""atten_word_VP017_word3_task_009_00"", ""atten_word_VP017_word3_rest_010_00""]",True,,0.8299981110901232,62,0.6904761904761905,0.6816326530612244,0.7142857142857143,0.6904761904761905,0.38095238095238093
VP018,2023,source_only,0.30,0.3,18,42,"{""0"": 9, ""1"": 9}","{""0"": 21, ""1"": 21}","[""atten_word_VP018_word1_task_002_00"", ""atten_word_VP018_word1_rest_002_00"", ""atten_word_VP018_word1_rest_007_00"", ""atten_word_VP018_word1_rest_009_00"", ""atten_word_VP018_word1_task_010_00"", ""atten_word_VP018_word2_task_003_00"", ""atten_word_VP018_word2_task_004_00"", ""atten_word_VP018_word2_rest_005_00"", ""atten_word_VP018_word2_task_006_00"", ""atten_word_VP018_word2_task_008_00"", ""atten_word_VP018_word2_rest_009_00"", ""atten_word_VP018_word2_task_009_00"", ""atten_word_VP018_word3_rest_001_00"", ""atten_word_VP018_word3_rest_005_00"", ""atten_word_VP018_word3_rest_006_00"", ""atten_word_VP018_word3_task_006_00"", ""atten_word_VP018_word3_rest_007_00"", ""atten_word_VP018_word3_task_010_00""]","[""atten_word_VP018_word1_task_001_00"", ""atten_word_VP018_word1_rest_001_00"", ""atten_word_VP018_word1_rest_003_00"", ""atten_word_VP018_word1_task_003_00"", ""atten_word_VP018_word1_rest_004_00"", ""atten_word_VP018_word1_task_004_00"", ""atten_word_VP018_word1_task_005_00"", ""atten_word_VP018_word1_rest_005_00"", ""atten_word_VP018_word1_rest_006_00"", ""atten_word_VP018_word1_task_006_00"", ""atten_word_VP018_word1_task_007_00"", ""atten_word_VP018_word1_rest_008_00"", ""atten_word_VP018_word1_task_008_00"", ""atten_word_VP018_word1_task_009_00"", ""atten_word_VP018_word1_rest_010_00"", ""atten_word_VP018_word2_rest_001_00"", ""atten_word_VP018_word2_task_001_00"", ""atten_word_VP018_word2_rest_002_00"", ""atten_word_VP018_word2_task_002_00"", ""atten_word_VP018_word2_rest_003_00"", ""atten_word_VP018_word2_rest_004_00"", ""atten_word_VP018_word2_task_005_00"", ""atten_word_VP018_word2_task_007_00"", ""atten_word_VP018_word2_rest_006_00"", ""atten_word_VP018_word2_rest_007_00"", ""atten_word_VP018_word2_rest_008_00"", ""atten_word_VP018_word2_rest_010_00"", ""atten_word_VP018_word2_task_010_00"", ""atten_word_VP018_word3_task_001_00"", ""atten_word_VP018_word3_rest_002_00"", ""atten_word_VP018_word3_rest_003_00"", ""atten_word_VP018_word3_task_002_00"", ""atten_word_VP018_word3_rest_004_00"", ""atten_word_VP018_word3_task_003_00"", ""atten_word_VP018_word3_task_004_00"", ""atten_word_VP018_word3_task_005_00"", ""atten_word_VP018_word3_task_007_00"", ""atten_word_VP018_word3_task_008_00"", ""atten_word_VP018_word3_rest_008_00"", ""atten_word_VP018_word3_rest_009_00"", ""atten_word_VP018_word3_task_009_00"", ""atten_word_VP018_word3_rest_010_00""]",True,,0.8533268145250901,72,0.5,0.3333333333333333,0.25,0.5,0.0
VP018,2023,existing_head_adaptation,0.30,0.3,18,42,"{""0"": 9, ""1"": 9}","{""0"": 21, ""1"": 21}","[""atten_word_VP018_word1_task_002_00"", ""atten_word_VP018_word1_rest_002_00"", ""atten_word_VP018_word1_rest_007_00"", ""atten_word_VP018_word1_rest_009_00"", ""atten_word_VP018_word1_task_010_00"", ""atten_word_VP018_word2_task_003_00"", ""atten_word_VP018_word2_task_004_00"", ""atten_word_VP018_word2_rest_005_00"", ""atten_word_VP018_word2_task_006_00"", ""atten_word_VP018_word2_task_008_00"", ""atten_word_VP018_word2_rest_009_00"", ""atten_word_VP018_word2_task_009_00"", ""atten_word_VP018_word3_rest_001_00"", ""atten_word_VP018_word3_rest_005_00"", ""atten_word_VP018_word3_rest_006_00"", ""atten_word_VP018_word3_task_006_00"", ""atten_word_VP018_word3_rest_007_00"", ""atten_word_VP018_word3_task_010_00""]","[""atten_word_VP018_word1_task_001_00"", ""atten_word_VP018_word1_rest_001_00"", ""atten_word_VP018_word1_rest_003_00"", ""atten_word_VP018_word1_task_003_00"", ""atten_word_VP018_word1_rest_004_00"", ""atten_word_VP018_word1_task_004_00"", ""atten_word_VP018_word1_task_005_00"", ""atten_word_VP018_word1_rest_005_00"", ""atten_word_VP018_word1_rest_006_00"", ""atten_word_VP018_word1_task_006_00"", ""atten_word_VP018_word1_task_007_00"", ""atten_word_VP018_word1_rest_008_00"", ""atten_word_VP018_word1_task_008_00"", ""atten_word_VP018_word1_task_009_00"", ""atten_word_VP018_word1_rest_010_00"", ""atten_word_VP018_word2_rest_001_00"", ""atten_word_VP018_word2_task_001_00"", ""atten_word_VP018_word2_rest_002_00"", ""atten_word_VP018_word2_task_002_00"", ""atten_word_VP018_word2_rest_003_00"", ""atten_word_VP018_word2_rest_004_00"", ""atten_word_VP018_word2_task_005_00"", ""atten_word_VP018_word2_task_007_00"", ""atten_word_VP018_word2_rest_006_00"", ""atten_word_VP018_word2_rest_007_00"", ""atten_word_VP018_word2_rest_008_00"", ""atten_word_VP018_word2_rest_010_00"", ""atten_word_VP018_word2_task_010_00"", ""atten_word_VP018_word3_task_001_00"", ""atten_word_VP018_word3_rest_002_00"", ""atten_word_VP018_word3_rest_003_00"", ""atten_word_VP018_word3_task_002_00"", ""atten_word_VP018_word3_rest_004_00"", ""atten_word_VP018_word3_task_003_00"", ""atten_word_VP018_word3_task_004_00"", ""atten_word_VP018_word3_task_005_00"", ""atten_word_VP018_word3_task_007_00"", ""atten_word_VP018_word3_task_008_00"", ""atten_word_VP018_word3_rest_008_00"", ""atten_word_VP018_word3_rest_009_00"", ""atten_word_VP018_word3_task_009_00"", ""atten_word_VP018_word3_rest_010_00""]",True,,0.8533268145250901,72,0.5714285714285714,0.475,0.7692307692307692,0.5714285714285714,0.1428571428571429
VP019,2023,source_only,0.30,0.3,18,42,"{""0"": 9, ""1"": 9}","{""0"": 21, ""1"": 21}","[""atten_word_VP019_word1_task_002_00"", ""atten_word_VP019_word1_rest_002_00"", ""atten_word_VP019_word1_rest_007_00"", ""atten_word_VP019_word1_rest_009_00"", ""atten_word_VP019_word1_task_010_00"", ""atten_word_VP019_word2_rest_005_00"", ""atten_word_VP019_word2_task_003_00"", ""atten_word_VP019_word2_task_004_00"", ""atten_word_VP019_word2_task_006_00"", ""atten_word_VP019_word2_rest_009_00"", ""atten_word_VP019_word2_task_008_00"", ""atten_word_VP019_word2_task_009_00"", ""atten_word_VP019_word3_rest_001_00"", ""atten_word_VP019_word3_rest_005_00"", ""atten_word_VP019_word3_rest_006_00"", ""atten_word_VP019_word3_task_006_00"", ""atten_word_VP019_word3_rest_007_00"", ""atten_word_VP019_word3_task_010_00""]","[""atten_word_VP019_word1_task_001_00"", ""atten_word_VP019_word1_rest_001_00"", ""atten_word_VP019_word1_task_003_00"", ""atten_word_VP019_word1_rest_003_00"", ""atten_word_VP019_word1_rest_004_00"", ""atten_word_VP019_word1_task_004_00"", ""atten_word_VP019_word1_task_005_00"", ""atten_word_VP019_word1_rest_005_00"", ""atten_word_VP019_word1_rest_006_00"", ""atten_word_VP019_word1_task_006_00"", ""atten_word_VP019_word1_task_007_00"", ""atten_word_VP019_word1_rest_008_00"", ""atten_word_VP019_word1_task_008_00"", ""atten_word_VP019_word1_task_009_00"", ""atten_word_VP019_word1_rest_010_00"", ""atten_word_VP019_word2_rest_001_00"", ""atten_word_VP019_word2_rest_002_00"", ""atten_word_VP019_word2_rest_003_00"", ""atten_word_VP019_word2_task_001_00"", ""atten_word_VP019_word2_rest_004_00"", ""atten_word_VP019_word2_task_002_00"", ""atten_word_VP019_word2_rest_006_00"", ""atten_word_VP019_word2_task_005_00"", ""atten_word_VP019_word2_rest_007_00"", ""atten_word_VP019_word2_rest_008_00"", ""atten_word_VP019_word2_task_007_00"", ""atten_word_VP019_word2_rest_010_00"", ""atten_word_VP019_word2_task_010_00"", ""atten_word_VP019_word3_task_001_00"", ""atten_word_VP019_word3_rest_002_00"", ""atten_word_VP019_word3_task_002_00"", ""atten_word_VP019_word3_task_003_00"", ""atten_word_VP019_word3_task_004_00"", ""atten_word_VP019_word3_rest_003_00"", ""atten_word_VP019_word3_task_005_00"", ""atten_word_VP019_word3_rest_004_00"", ""atten_word_VP019_word3_task_007_00"", ""atten_word_VP019_word3_task_008_00"", ""atten_word_VP019_word3_task_009_00"", ""atten_word_VP019_word3_rest_008_00"", ""atten_word_VP019_word3_rest_009_00"", ""atten_word_VP019_word3_rest_010_00""]",True,,0.8266358463726885,74,0.5,0.3333333333333333,0.25,0.5,0.0
VP019,2023,existing_head_adaptation,0.30,0.3,18,42,"{""0"": 9, ""1"": 9}","{""0"": 21, ""1"": 21}","[""atten_word_VP019_word1_task_002_00"", ""atten_word_VP019_word1_rest_002_00"", ""atten_word_VP019_word1_rest_007_00"", ""atten_word_VP019_word1_rest_009_00"", ""atten_word_VP019_word1_task_010_00"", ""atten_word_VP019_word2_rest_005_00"", ""atten_word_VP019_word2_task_003_00"", ""atten_word_VP019_word2_task_004_00"", ""atten_word_VP019_word2_task_006_00"", ""atten_word_VP019_word2_rest_009_00"", ""atten_word_VP019_word2_task_008_00"", ""atten_word_VP019_word2_task_009_00"", ""atten_word_VP019_word3_rest_001_00"", ""atten_word_VP019_word3_rest_005_00"", ""atten_word_VP019_word3_rest_006_00"", ""atten_word_VP019_word3_task_006_00"", ""atten_word_VP019_word3_rest_007_00"", ""atten_word_VP019_word3_task_010_00""]","[""atten_word_VP019_word1_task_001_00"", ""atten_word_VP019_word1_rest_001_00"", ""atten_word_VP019_word1_task_003_00"", ""atten_word_VP019_word1_rest_003_00"", ""atten_word_VP019_word1_rest_004_00"", ""atten_word_VP019_word1_task_004_00"", ""atten_word_VP019_word1_task_005_00"", ""atten_word_VP019_word1_rest_005_00"", ""atten_word_VP019_word1_rest_006_00"", ""atten_word_VP019_word1_task_006_00"", ""atten_word_VP019_word1_task_007_00"", ""atten_word_VP019_word1_rest_008_00"", ""atten_word_VP019_word1_task_008_00"", ""atten_word_VP019_word1_task_009_00"", ""atten_word_VP019_word1_rest_010_00"", ""atten_word_VP019_word2_rest_001_00"", ""atten_word_VP019_word2_rest_002_00"", ""atten_word_VP019_word2_rest_003_00"", ""atten_word_VP019_word2_task_001_00"", ""atten_word_VP019_word2_rest_004_00"", ""atten_word_VP019_word2_task_002_00"", ""atten_word_VP019_word2_rest_006_00"", ""atten_word_VP019_word2_task_005_00"", ""atten_word_VP019_word2_rest_007_00"", ""atten_word_VP019_word2_rest_008_00"", ""atten_word_VP019_word2_task_007_00"", ""atten_word_VP019_word2_rest_010_00"", ""atten_word_VP019_word2_task_010_00"", ""atten_word_VP019_word3_task_001_00"", ""atten_word_VP019_word3_rest_002_00"", ""atten_word_VP019_word3_task_002_00"", ""atten_word_VP019_word3_task_003_00"", ""atten_word_VP019_word3_task_004_00"", ""atten_word_VP019_word3_rest_003_00"", ""atten_word_VP019_word3_task_005_00"", ""atten_word_VP019_word3_rest_004_00"", ""atten_word_VP019_word3_task_007_00"", ""atten_word_VP019_word3_task_008_00"", ""atten_word_VP019_word3_task_009_00"", ""atten_word_VP019_word3_rest_008_00"", ""atten_word_VP019_word3_rest_009_00"", ""atten_word_VP019_word3_rest_010_00""]",True,,0.8266358463726885,74,0.5476190476190477,0.43121881682109764,0.7625,0.5476190476190477,0.09523809523809523
VP020,2023,source_only,0.30,0.3,18,42,"{""0"": 9, ""1"": 9}","{""0"": 21, ""1"": 21}","[""atten_word_VP020_word1_rest_002_00"", ""atten_word_VP020_word1_task_002_00"", ""atten_word_VP020_word1_rest_007_00"", ""atten_word_VP020_word1_rest_009_00"", ""atten_word_VP020_word1_task_010_00"", ""atten_word_VP020_word2_task_003_00"", ""atten_word_VP020_word2_task_004_00"", ""atten_word_VP020_word2_task_006_00"", ""atten_word_VP020_word2_rest_005_00"", ""atten_word_VP020_word2_task_008_00"", ""atten_word_VP020_word2_task_009_00"", ""atten_word_VP020_word2_rest_009_00"", ""atten_word_VP020_word3_rest_001_00"", ""atten_word_VP020_word3_task_006_00"", ""atten_word_VP020_word3_rest_005_00"", ""atten_word_VP020_word3_rest_006_00"", ""atten_word_VP020_word3_rest_007_00"", ""atten_word_VP020_word3_task_010_00""]","[""atten_word_VP020_word1_rest_001_00"", ""atten_word_VP020_word1_task_001_00"", ""atten_word_VP020_word1_task_003_00"", ""atten_word_VP020_word1_rest_003_00"", ""atten_word_VP020_word1_rest_004_00"", ""atten_word_VP020_word1_rest_005_00"", ""atten_word_VP020_word1_task_004_00"", ""atten_word_VP020_word1_task_005_00"", ""atten_word_VP020_word1_rest_006_00"", ""atten_word_VP020_word1_task_006_00"", ""atten_word_VP020_word1_rest_008_00"", ""atten_word_VP020_word1_task_007_00"", ""atten_word_VP020_word1_task_008_00"", ""atten_word_VP020_word1_task_009_00"", ""atten_word_VP020_word1_rest_010_00"", ""atten_word_VP020_word2_rest_001_00"", ""atten_word_VP020_word2_task_001_00"", ""atten_word_VP020_word2_rest_002_00"", ""atten_word_VP020_word2_task_002_00"", ""atten_word_VP020_word2_rest_003_00"", ""atten_word_VP020_word2_task_005_00"", ""atten_word_VP020_word2_rest_004_00"", ""atten_word_VP020_word2_task_007_00"", ""atten_word_VP020_word2_rest_006_00"", ""atten_word_VP020_word2_rest_007_00"", ""atten_word_VP020_word2_rest_008_00"", ""atten_word_VP020_word2_rest_010_00"", ""atten_word_VP020_word2_task_010_00"", ""atten_word_VP020_word3_rest_002_00"", ""atten_word_VP020_word3_task_001_00"", ""atten_word_VP020_word3_task_002_00"", ""atten_word_VP020_word3_rest_003_00"", ""atten_word_VP020_word3_task_003_00"", ""atten_word_VP020_word3_task_004_00"", ""atten_word_VP020_word3_task_005_00"", ""atten_word_VP020_word3_rest_004_00"", ""atten_word_VP020_word3_task_007_00"", ""atten_word_VP020_word3_task_008_00"", ""atten_word_VP020_word3_rest_008_00"", ""atten_word_VP020_word3_task_009_00"", ""atten_word_VP020_word3_rest_009_00"", ""atten_word_VP020_word3_rest_010_00""]",True,,0.8131256952169077,56,0.6428571428571429,0.5906432748538011,0.7916666666666667,0.6428571428571428,0.2857142857142857
VP020,2023,existing_head_adaptation,0.30,0.3,18,42,"{""0"": 9, ""1"": 9}","{""0"": 21, ""1"": 21}","[""atten_word_VP020_word1_rest_002_00"", ""atten_word_VP020_word1_task_002_00"", ""atten_word_VP020_word1_rest_007_00"", ""atten_word_VP020_word1_rest_009_00"", ""atten_word_VP020_word1_task_010_00"", ""atten_word_VP020_word2_task_003_00"", ""atten_word_VP020_word2_task_004_00"", ""atten_word_VP020_word2_task_006_00"", ""atten_word_VP020_word2_rest_005_00"", ""atten_word_VP020_word2_task_008_00"", ""atten_word_VP020_word2_task_009_00"", ""atten_word_VP020_word2_rest_009_00"", ""atten_word_VP020_word3_rest_001_00"", ""atten_word_VP020_word3_task_006_00"", ""atten_word_VP020_word3_rest_005_00"", ""atten_word_VP020_word3_rest_006_00"", ""atten_word_VP020_word3_rest_007_00"", ""atten_word_VP020_word3_task_010_00""]","[""atten_word_VP020_word1_rest_001_00"", ""atten_word_VP020_word1_task_001_00"", ""atten_word_VP020_word1_task_003_00"", ""atten_word_VP020_word1_rest_003_00"", ""atten_word_VP020_word1_rest_004_00"", ""atten_word_VP020_word1_rest_005_00"", ""atten_word_VP020_word1_task_004_00"", ""atten_word_VP020_word1_task_005_00"", ""atten_word_VP020_word1_rest_006_00"", ""atten_word_VP020_word1_task_006_00"", ""atten_word_VP020_word1_rest_008_00"", ""atten_word_VP020_word1_task_007_00"", ""atten_word_VP020_word1_task_008_00"", ""atten_word_VP020_word1_task_009_00"", ""atten_word_VP020_word1_rest_010_00"", ""atten_word_VP020_word2_rest_001_00"", ""atten_word_VP020_word2_task_001_00"", ""atten_word_VP020_word2_rest_002_00"", ""atten_word_VP020_word2_task_002_00"", ""atten_word_VP020_word2_rest_003_00"", ""atten_word_VP020_word2_task_005_00"", ""atten_word_VP020_word2_rest_004_00"", ""atten_word_VP020_word2_task_007_00"", ""atten_word_VP020_word2_rest_006_00"", ""atten_word_VP020_word2_rest_007_00"", ""atten_word_VP020_word2_rest_008_00"", ""atten_word_VP020_word2_rest_010_00"", ""atten_word_VP020_word2_task_010_00"", ""atten_word_VP020_word3_rest_002_00"", ""atten_word_VP020_word3_task_001_00"", ""atten_word_VP020_word3_task_002_00"", ""atten_word_VP020_word3_rest_003_00"", ""atten_word_VP020_word3_task_003_00"", ""atten_word_VP020_word3_task_004_00"", ""atten_word_VP020_word3_task_005_00"", ""atten_word_VP020_word3_rest_004_00"", ""atten_word_VP020_word3_task_007_00"", ""atten_word_VP020_word3_task_008_00"", ""atten_word_VP020_word3_rest_008_00"", ""atten_word_VP020_word3_task_009_00"", ""atten_word_VP020_word3_rest_009_00"", ""atten_word_VP020_word3_rest_010_00""]",True,,0.8131256952169077,56,0.7619047619047619,0.7613636363636364,0.7643020594965675,0.7619047619047619,0.5238095238095238
VP021,2023,source_only,0.30,0.3,18,42,"{""0"": 9, ""1"": 9}","{""0"": 21, ""1"": 21}","[""atten_word_VP021_word1_rest_002_00"", ""atten_word_VP021_word1_task_002_00"", ""atten_word_VP021_word1_rest_007_00"", ""atten_word_VP021_word1_rest_009_00"", ""atten_word_VP021_word1_task_010_00"", ""atten_word_VP021_word2_task_003_00"", ""atten_word_VP021_word2_task_004_00"", ""atten_word_VP021_word2_rest_005_00"", ""atten_word_VP021_word2_task_006_00"", ""atten_word_VP021_word2_rest_009_00"", ""atten_word_VP021_word2_task_008_00"", ""atten_word_VP021_word2_task_009_00"", ""atten_word_VP021_word3_rest_001_00"", ""atten_word_VP021_word3_rest_005_00"", ""atten_word_VP021_word3_rest_006_00"", ""atten_word_VP021_word3_rest_007_00"", ""atten_word_VP021_word3_task_006_00"", ""atten_word_VP021_word3_task_010_00""]","[""atten_word_VP021_word1_rest_001_00"", ""atten_word_VP021_word1_task_001_00"", ""atten_word_VP021_word1_rest_003_00"", ""atten_word_VP021_word1_rest_004_00"", ""atten_word_VP021_word1_task_003_00"", ""atten_word_VP021_word1_rest_005_00"", ""atten_word_VP021_word1_task_004_00"", ""atten_word_VP021_word1_rest_006_00"", ""atten_word_VP021_word1_task_005_00"", ""atten_word_VP021_word1_rest_008_00"", ""atten_word_VP021_word1_task_006_00"", ""atten_word_VP021_word1_task_007_00"", ""atten_word_VP021_word1_task_008_00"", ""atten_word_VP021_word1_task_009_00"", ""atten_word_VP021_word1_rest_010_00"", ""atten_word_VP021_word2_rest_001_00"", ""atten_word_VP021_word2_task_001_00"", ""atten_word_VP021_word2_rest_002_00"", ""atten_word_VP021_word2_task_002_00"", ""atten_word_VP021_word2_rest_003_00"", ""atten_word_VP021_word2_rest_004_00"", ""atten_word_VP021_word2_task_005_00"", ""atten_word_VP021_word2_rest_006_00"", ""atten_word_VP021_word2_task_007_00"", ""atten_word_VP021_word2_rest_007_00"", ""atten_word_VP021_word2_rest_008_00"", ""atten_word_VP021_word2_rest_010_00"", ""atten_word_VP021_word2_task_010_00"", ""atten_word_VP021_word3_rest_002_00"", ""atten_word_VP021_word3_task_001_00"", ""atten_word_VP021_word3_task_002_00"", ""atten_word_VP021_word3_rest_003_00"", ""atten_word_VP021_word3_rest_004_00"", ""atten_word_VP021_word3_task_003_00"", ""atten_word_VP021_word3_task_004_00"", ""atten_word_VP021_word3_rest_008_00"", ""atten_word_VP021_word3_task_005_00"", ""atten_word_VP021_word3_rest_009_00"", ""atten_word_VP021_word3_task_007_00"", ""atten_word_VP021_word3_rest_010_00"", ""atten_word_VP021_word3_task_008_00"", ""atten_word_VP021_word3_task_009_00""]",True,,0.7966463312997967,62,0.5476190476190477,0.43121881682109764,0.7625,0.5476190476190477,0.09523809523809523
VP021,2023,existing_head_adaptation,0.30,0.3,18,42,"{""0"": 9, ""1"": 9}","{""0"": 21, ""1"": 21}","[""atten_word_VP021_word1_rest_002_00"", ""atten_word_VP021_word1_task_002_00"", ""atten_word_VP021_word1_rest_007_00"", ""atten_word_VP021_word1_rest_009_00"", ""atten_word_VP021_word1_task_010_00"", ""atten_word_VP021_word2_task_003_00"", ""atten_word_VP021_word2_task_004_00"", ""atten_word_VP021_word2_rest_005_00"", ""atten_word_VP021_word2_task_006_00"", ""atten_word_VP021_word2_rest_009_00"", ""atten_word_VP021_word2_task_008_00"", ""atten_word_VP021_word2_task_009_00"", ""atten_word_VP021_word3_rest_001_00"", ""atten_word_VP021_word3_rest_005_00"", ""atten_word_VP021_word3_rest_006_00"", ""atten_word_VP021_word3_rest_007_00"", ""atten_word_VP021_word3_task_006_00"", ""atten_word_VP021_word3_task_010_00""]","[""atten_word_VP021_word1_rest_001_00"", ""atten_word_VP021_word1_task_001_00"", ""atten_word_VP021_word1_rest_003_00"", ""atten_word_VP021_word1_rest_004_00"", ""atten_word_VP021_word1_task_003_00"", ""atten_word_VP021_word1_rest_005_00"", ""atten_word_VP021_word1_task_004_00"", ""atten_word_VP021_word1_rest_006_00"", ""atten_word_VP021_word1_task_005_00"", ""atten_word_VP021_word1_rest_008_00"", ""atten_word_VP021_word1_task_006_00"", ""atten_word_VP021_word1_task_007_00"", ""atten_word_VP021_word1_task_008_00"", ""atten_word_VP021_word1_task_009_00"", ""atten_word_VP021_word1_rest_010_00"", ""atten_word_VP021_word2_rest_001_00"", ""atten_word_VP021_word2_task_001_00"", ""atten_word_VP021_word2_rest_002_00"", ""atten_word_VP021_word2_task_002_00"", ""atten_word_VP021_word2_rest_003_00"", ""atten_word_VP021_word2_rest_004_00"", ""atten_word_VP021_word2_task_005_00"", ""atten_word_VP021_word2_rest_006_00"", ""atten_word_VP021_word2_task_007_00"", ""atten_word_VP021_word2_rest_007_00"", ""atten_word_VP021_word2_rest_008_00"", ""atten_word_VP021_word2_rest_010_00"", ""atten_word_VP021_word2_task_010_00"", ""atten_word_VP021_word3_rest_002_00"", ""atten_word_VP021_word3_task_001_00"", ""atten_word_VP021_word3_task_002_00"", ""atten_word_VP021_word3_rest_003_00"", ""atten_word_VP021_word3_rest_004_00"", ""atten_word_VP021_word3_task_003_00"", ""atten_word_VP021_word3_task_004_00"", ""atten_word_VP021_word3_rest_008_00"", ""atten_word_VP021_word3_task_005_00"", ""atten_word_VP021_word3_rest_009_00"", ""atten_word_VP021_word3_task_007_00"", ""atten_word_VP021_word3_rest_010_00"", ""atten_word_VP021_word3_task_008_00"", ""atten_word_VP021_word3_task_009_00""]",True,,0.7966463312997967,62,0.5952380952380952,0.595008508224617,0.5954545454545455,0.5952380952380952,0.19047619047619047
VP022,2023,source_only,0.30,0.3,18,42,"{""0"": 9, ""1"": 9}","{""0"": 21, ""1"": 21}","[""atten_word_VP022_word1_rest_002_00"", ""atten_word_VP022_word1_task_002_00"", ""atten_word_VP022_word1_rest_007_00"", ""atten_word_VP022_word1_rest_009_00"", ""atten_word_VP022_word1_task_010_00"", ""atten_word_VP022_word2_task_003_00"", ""atten_word_VP022_word2_task_004_00"", ""atten_word_VP022_word2_task_006_00"", ""atten_word_VP022_word2_rest_005_00"", ""atten_word_VP022_word2_task_008_00"", ""atten_word_VP022_word2_rest_009_00"", ""atten_word_VP022_word2_task_009_00"", ""atten_word_VP022_word3_rest_001_00"", ""atten_word_VP022_word3_rest_005_00"", ""atten_word_VP022_word3_rest_006_00"", ""atten_word_VP022_word3_rest_007_00"", ""atten_word_VP022_word3_task_006_00"", ""atten_word_VP022_word3_task_010_00""]","[""atten_word_VP022_word1_rest_001_00"", ""atten_word_VP022_word1_task_001_00"", ""atten_word_VP022_word1_task_003_00"", ""atten_word_VP022_word1_task_004_00"", ""atten_word_VP022_word1_rest_003_00"", ""atten_word_VP022_word1_rest_004_00"", ""atten_word_VP022_word1_task_005_00"", ""atten_word_VP022_word1_rest_005_00"", ""atten_word_VP022_word1_rest_006_00"", ""atten_word_VP022_word1_task_006_00"", ""atten_word_VP022_word1_rest_008_00"", ""atten_word_VP022_word1_task_007_00"", ""atten_word_VP022_word1_task_008_00"", ""atten_word_VP022_word1_rest_010_00"", ""atten_word_VP022_word1_task_009_00"", ""atten_word_VP022_word2_task_001_00"", ""atten_word_VP022_word2_rest_001_00"", ""atten_word_VP022_word2_task_002_00"", ""atten_word_VP022_word2_rest_002_00"", ""atten_word_VP022_word2_task_005_00"", ""atten_word_VP022_word2_rest_003_00"", ""atten_word_VP022_word2_rest_004_00"", ""atten_word_VP022_word2_task_007_00"", ""atten_word_VP022_word2_rest_006_00"", ""atten_word_VP022_word2_rest_007_00"", ""atten_word_VP022_word2_rest_008_00"", ""atten_word_VP022_word2_rest_010_00"", ""atten_word_VP022_word2_task_010_00"", ""atten_word_VP022_word3_task_001_00"", ""atten_word_VP022_word3_rest_002_00"", ""atten_word_VP022_word3_rest_003_00"", ""atten_word_VP022_word3_task_002_00"", ""atten_word_VP022_word3_task_003_00"", ""atten_word_VP022_word3_rest_004_00"", ""atten_word_VP022_word3_task_004_00"", ""atten_word_VP022_word3_task_005_00"", ""atten_word_VP022_word3_rest_008_00"", ""atten_word_VP022_word3_rest_009_00"", ""atten_word_VP022_word3_task_007_00"", ""atten_word_VP022_word3_rest_010_00"", ""atten_word_VP022_word3_task_008_00"", ""atten_word_VP022_word3_task_009_00""]",True,,0.7866666666666666,92,0.9285714285714286,0.9285309132161089,0.9295454545454545,0.9285714285714286,0.8571428571428572
VP022,2023,existing_head_adaptation,0.30,0.3,18,42,"{""0"": 9, ""1"": 9}","{""0"": 21, ""1"": 21}","[""atten_word_VP022_word1_rest_002_00"", ""atten_word_VP022_word1_task_002_00"", ""atten_word_VP022_word1_rest_007_00"", ""atten_word_VP022_word1_rest_009_00"", ""atten_word_VP022_word1_task_010_00"", ""atten_word_VP022_word2_task_003_00"", ""atten_word_VP022_word2_task_004_00"", ""atten_word_VP022_word2_task_006_00"", ""atten_word_VP022_word2_rest_005_00"", ""atten_word_VP022_word2_task_008_00"", ""atten_word_VP022_word2_rest_009_00"", ""atten_word_VP022_word2_task_009_00"", ""atten_word_VP022_word3_rest_001_00"", ""atten_word_VP022_word3_rest_005_00"", ""atten_word_VP022_word3_rest_006_00"", ""atten_word_VP022_word3_rest_007_00"", ""atten_word_VP022_word3_task_006_00"", ""atten_word_VP022_word3_task_010_00""]","[""atten_word_VP022_word1_rest_001_00"", ""atten_word_VP022_word1_task_001_00"", ""atten_word_VP022_word1_task_003_00"", ""atten_word_VP022_word1_task_004_00"", ""atten_word_VP022_word1_rest_003_00"", ""atten_word_VP022_word1_rest_004_00"", ""atten_word_VP022_word1_task_005_00"", ""atten_word_VP022_word1_rest_005_00"", ""atten_word_VP022_word1_rest_006_00"", ""atten_word_VP022_word1_task_006_00"", ""atten_word_VP022_word1_rest_008_00"", ""atten_word_VP022_word1_task_007_00"", ""atten_word_VP022_word1_task_008_00"", ""atten_word_VP022_word1_rest_010_00"", ""atten_word_VP022_word1_task_009_00"", ""atten_word_VP022_word2_task_001_00"", ""atten_word_VP022_word2_rest_001_00"", ""atten_word_VP022_word2_task_002_00"", ""atten_word_VP022_word2_rest_002_00"", ""atten_word_VP022_word2_task_005_00"", ""atten_word_VP022_word2_rest_003_00"", ""atten_word_VP022_word2_rest_004_00"", ""atten_word_VP022_word2_task_007_00"", ""atten_word_VP022_word2_rest_006_00"", ""atten_word_VP022_word2_rest_007_00"", ""atten_word_VP022_word2_rest_008_00"", ""atten_word_VP022_word2_rest_010_00"", ""atten_word_VP022_word2_task_010_00"", ""atten_word_VP022_word3_task_001_00"", ""atten_word_VP022_word3_rest_002_00"", ""atten_word_VP022_word3_rest_003_00"", ""atten_word_VP022_word3_task_002_00"", ""atten_word_VP022_word3_task_003_00"", ""atten_word_VP022_word3_rest_004_00"", ""atten_word_VP022_word3_task_004_00"", ""atten_word_VP022_word3_task_005_00"", ""atten_word_VP022_word3_rest_008_00"", ""atten_word_VP022_word3_rest_009_00"", ""atten_word_VP022_word3_task_007_00"", ""atten_word_VP022_word3_rest_010_00"", ""atten_word_VP022_word3_task_008_00"", ""atten_word_VP022_word3_task_009_00""]",True,,0.7866666666666666,92,0.9047619047619048,0.9047619047619048,0.9047619047619048,0.9047619047619048,0.8095238095238095
VP023,2023,source_only,0.30,0.3,18,42,"{""0"": 9, ""1"": 9}","{""0"": 21, ""1"": 21}","[""atten_word_VP023_word1_task_002_00"", ""atten_word_VP023_word1_rest_002_00"", ""atten_word_VP023_word1_rest_007_00"", ""atten_word_VP023_word1_rest_009_00"", ""atten_word_VP023_word1_task_010_00"", ""atten_word_VP023_word2_task_003_00"", ""atten_word_VP023_word2_task_004_00"", ""atten_word_VP023_word2_rest_005_00"", ""atten_word_VP023_word2_task_006_00"", ""atten_word_VP023_word2_task_008_00"", ""atten_word_VP023_word2_rest_009_00"", ""atten_word_VP023_word2_task_009_00"", ""atten_word_VP023_word3_rest_001_00"", ""atten_word_VP023_word3_rest_005_00"", ""atten_word_VP023_word3_rest_006_00"", ""atten_word_VP023_word3_task_006_00"", ""atten_word_VP023_word3_rest_007_00"", ""atten_word_VP023_word3_task_010_00""]","[""atten_word_VP023_word1_task_001_00"", ""atten_word_VP023_word1_rest_001_00"", ""atten_word_VP023_word1_rest_003_00"", ""atten_word_VP023_word1_task_003_00"", ""atten_word_VP023_word1_rest_004_00"", ""atten_word_VP023_word1_task_004_00"", ""atten_word_VP023_word1_task_005_00"", ""atten_word_VP023_word1_rest_005_00"", ""atten_word_VP023_word1_rest_006_00"", ""atten_word_VP023_word1_task_006_00"", ""atten_word_VP023_word1_task_007_00"", ""atten_word_VP023_word1_rest_008_00"", ""atten_word_VP023_word1_task_008_00"", ""atten_word_VP023_word1_task_009_00"", ""atten_word_VP023_word1_rest_010_00"", ""atten_word_VP023_word2_rest_001_00"", ""atten_word_VP023_word2_task_001_00"", ""atten_word_VP023_word2_rest_002_00"", ""atten_word_VP023_word2_task_002_00"", ""atten_word_VP023_word2_rest_003_00"", ""atten_word_VP023_word2_rest_004_00"", ""atten_word_VP023_word2_task_005_00"", ""atten_word_VP023_word2_task_007_00"", ""atten_word_VP023_word2_rest_006_00"", ""atten_word_VP023_word2_rest_007_00"", ""atten_word_VP023_word2_rest_008_00"", ""atten_word_VP023_word2_rest_010_00"", ""atten_word_VP023_word2_task_010_00"", ""atten_word_VP023_word3_task_001_00"", ""atten_word_VP023_word3_rest_002_00"", ""atten_word_VP023_word3_rest_003_00"", ""atten_word_VP023_word3_task_002_00"", ""atten_word_VP023_word3_rest_004_00"", ""atten_word_VP023_word3_task_003_00"", ""atten_word_VP023_word3_task_004_00"", ""atten_word_VP023_word3_task_005_00"", ""atten_word_VP023_word3_task_007_00"", ""atten_word_VP023_word3_task_008_00"", ""atten_word_VP023_word3_rest_008_00"", ""atten_word_VP023_word3_rest_009_00"", ""atten_word_VP023_word3_task_009_00"", ""atten_word_VP023_word3_rest_010_00""]",True,,0.8332147304750044,97,0.5714285714285714,0.5625,0.5777777777777777,0.5714285714285714,0.1428571428571429
VP023,2023,existing_head_adaptation,0.30,0.3,18,42,"{""0"": 9, ""1"": 9}","{""0"": 21, ""1"": 21}","[""atten_word_VP023_word1_task_002_00"", ""atten_word_VP023_word1_rest_002_00"", ""atten_word_VP023_word1_rest_007_00"", ""atten_word_VP023_word1_rest_009_00"", ""atten_word_VP023_word1_task_010_00"", ""atten_word_VP023_word2_task_003_00"", ""atten_word_VP023_word2_task_004_00"", ""atten_word_VP023_word2_rest_005_00"", ""atten_word_VP023_word2_task_006_00"", ""atten_word_VP023_word2_task_008_00"", ""atten_word_VP023_word2_rest_009_00"", ""atten_word_VP023_word2_task_009_00"", ""atten_word_VP023_word3_rest_001_00"", ""atten_word_VP023_word3_rest_005_00"", ""atten_word_VP023_word3_rest_006_00"", ""atten_word_VP023_word3_task_006_00"", ""atten_word_VP023_word3_rest_007_00"", ""atten_word_VP023_word3_task_010_00""]","[""atten_word_VP023_word1_task_001_00"", ""atten_word_VP023_word1_rest_001_00"", ""atten_word_VP023_word1_rest_003_00"", ""atten_word_VP023_word1_task_003_00"", ""atten_word_VP023_word1_rest_004_00"", ""atten_word_VP023_word1_task_004_00"", ""atten_word_VP023_word1_task_005_00"", ""atten_word_VP023_word1_rest_005_00"", ""atten_word_VP023_word1_rest_006_00"", ""atten_word_VP023_word1_task_006_00"", ""atten_word_VP023_word1_task_007_00"", ""atten_word_VP023_word1_rest_008_00"", ""atten_word_VP023_word1_task_008_00"", ""atten_word_VP023_word1_task_009_00"", ""atten_word_VP023_word1_rest_010_00"", ""atten_word_VP023_word2_rest_001_00"", ""atten_word_VP023_word2_task_001_00"", ""atten_word_VP023_word2_rest_002_00"", ""atten_word_VP023_word2_task_002_00"", ""atten_word_VP023_word2_rest_003_00"", ""atten_word_VP023_word2_rest_004_00"", ""atten_word_VP023_word2_task_005_00"", ""atten_word_VP023_word2_task_007_00"", ""atten_word_VP023_word2_rest_006_00"", ""atten_word_VP023_word2_rest_007_00"", ""atten_word_VP023_word2_rest_008_00"", ""atten_word_VP023_word2_rest_010_00"", ""atten_word_VP023_word2_task_010_00"", ""atten_word_VP023_word3_task_001_00"", ""atten_word_VP023_word3_rest_002_00"", ""atten_word_VP023_word3_rest_003_00"", ""atten_word_VP023_word3_task_002_00"", ""atten_word_VP023_word3_rest_004_00"", ""atten_word_VP023_word3_task_003_00"", ""atten_word_VP023_word3_task_004_00"", ""atten_word_VP023_word3_task_005_00"", ""atten_word_VP023_word3_task_007_00"", ""atten_word_VP023_word3_task_008_00"", ""atten_word_VP023_word3_rest_008_00"", ""atten_word_VP023_word3_rest_009_00"", ""atten_word_VP023_word3_task_009_00"", ""atten_word_VP023_word3_rest_010_00""]",True,,0.8332147304750044,97,0.5714285714285714,0.5704545454545455,0.5720823798627002,0.5714285714285714,0.1428571428571429
VP024,2023,source_only,0.30,0.3,18,42,"{""0"": 9, ""1"": 9}","{""0"": 21, ""1"": 21}","[""atten_word_VP024_word1_task_002_00"", ""atten_word_VP024_word1_rest_002_00"", ""atten_word_VP024_word1_rest_007_00"", ""atten_word_VP024_word1_rest_009_00"", ""atten_word_VP024_word1_task_010_00"", ""atten_word_VP024_word2_task_003_00"", ""atten_word_VP024_word2_task_004_00"", ""atten_word_VP024_word2_rest_005_00"", ""atten_word_VP024_word2_task_006_00"", ""atten_word_VP024_word2_task_008_00"", ""atten_word_VP024_word2_rest_009_00"", ""atten_word_VP024_word2_task_009_00"", ""atten_word_VP024_word3_rest_001_00"", ""atten_word_VP024_word3_rest_005_00"", ""atten_word_VP024_word3_rest_006_00"", ""atten_word_VP024_word3_rest_007_00"", ""atten_word_VP024_word3_task_006_00"", ""atten_word_VP024_word3_task_010_00""]","[""atten_word_VP024_word1_rest_001_00"", ""atten_word_VP024_word1_task_001_00"", ""atten_word_VP024_word1_task_003_00"", ""atten_word_VP024_word1_rest_003_00"", ""atten_word_VP024_word1_rest_004_00"", ""atten_word_VP024_word1_task_004_00"", ""atten_word_VP024_word1_task_005_00"", ""atten_word_VP024_word1_rest_005_00"", ""atten_word_VP024_word1_rest_006_00"", ""atten_word_VP024_word1_task_006_00"", ""atten_word_VP024_word1_task_007_00"", ""atten_word_VP024_word1_task_008_00"", ""atten_word_VP024_word1_task_009_00"", ""atten_word_VP024_word1_rest_008_00"", ""atten_word_VP024_word1_rest_010_00"", ""atten_word_VP024_word2_rest_001_00"", ""atten_word_VP024_word2_task_001_00"", ""atten_word_VP024_word2_rest_002_00"", ""atten_word_VP024_word2_rest_003_00"", ""atten_word_VP024_word2_task_002_00"", ""atten_word_VP024_word2_rest_004_00"", ""atten_word_VP024_word2_rest_006_00"", ""atten_word_VP024_word2_task_005_00"", ""atten_word_VP024_word2_rest_007_00"", ""atten_word_VP024_word2_task_007_00"", ""atten_word_VP024_word2_rest_008_00"", ""atten_word_VP024_word2_task_010_00"", ""atten_word_VP024_word2_rest_010_00"", ""atten_word_VP024_word3_rest_002_00"", ""atten_word_VP024_word3_rest_003_00"", ""atten_word_VP024_word3_task_001_00"", ""atten_word_VP024_word3_task_002_00"", ""atten_word_VP024_word3_task_003_00"", ""atten_word_VP024_word3_rest_004_00"", ""atten_word_VP024_word3_task_004_00"", ""atten_word_VP024_word3_task_005_00"", ""atten_word_VP024_word3_task_007_00"", ""atten_word_VP024_word3_rest_008_00"", ""atten_word_VP024_word3_task_008_00"", ""atten_word_VP024_word3_task_009_00"", ""atten_word_VP024_word3_rest_009_00"", ""atten_word_VP024_word3_rest_010_00""]",True,,0.8365776922991406,58,0.5,0.3333333333333333,0.25,0.5,0.0
VP024,2023,existing_head_adaptation,0.30,0.3,18,42,"{""0"": 9, ""1"": 9}","{""0"": 21, ""1"": 21}","[""atten_word_VP024_word1_task_002_00"", ""atten_word_VP024_word1_rest_002_00"", ""atten_word_VP024_word1_rest_007_00"", ""atten_word_VP024_word1_rest_009_00"", ""atten_word_VP024_word1_task_010_00"", ""atten_word_VP024_word2_task_003_00"", ""atten_word_VP024_word2_task_004_00"", ""atten_word_VP024_word2_rest_005_00"", ""atten_word_VP024_word2_task_006_00"", ""atten_word_VP024_word2_task_008_00"", ""atten_word_VP024_word2_rest_009_00"", ""atten_word_VP024_word2_task_009_00"", ""atten_word_VP024_word3_rest_001_00"", ""atten_word_VP024_word3_rest_005_00"", ""atten_word_VP024_word3_rest_006_00"", ""atten_word_VP024_word3_rest_007_00"", ""atten_word_VP024_word3_task_006_00"", ""atten_word_VP024_word3_task_010_00""]","[""atten_word_VP024_word1_rest_001_00"", ""atten_word_VP024_word1_task_001_00"", ""atten_word_VP024_word1_task_003_00"", ""atten_word_VP024_word1_rest_003_00"", ""atten_word_VP024_word1_rest_004_00"", ""atten_word_VP024_word1_task_004_00"", ""atten_word_VP024_word1_task_005_00"", ""atten_word_VP024_word1_rest_005_00"", ""atten_word_VP024_word1_rest_006_00"", ""atten_word_VP024_word1_task_006_00"", ""atten_word_VP024_word1_task_007_00"", ""atten_word_VP024_word1_task_008_00"", ""atten_word_VP024_word1_task_009_00"", ""atten_word_VP024_word1_rest_008_00"", ""atten_word_VP024_word1_rest_010_00"", ""atten_word_VP024_word2_rest_001_00"", ""atten_word_VP024_word2_task_001_00"", ""atten_word_VP024_word2_rest_002_00"", ""atten_word_VP024_word2_rest_003_00"", ""atten_word_VP024_word2_task_002_00"", ""atten_word_VP024_word2_rest_004_00"", ""atten_word_VP024_word2_rest_006_00"", ""atten_word_VP024_word2_task_005_00"", ""atten_word_VP024_word2_rest_007_00"", ""atten_word_VP024_word2_task_007_00"", ""atten_word_VP024_word2_rest_008_00"", ""atten_word_VP024_word2_task_010_00"", ""atten_word_VP024_word2_rest_010_00"", ""atten_word_VP024_word3_rest_002_00"", ""atten_word_VP024_word3_rest_003_00"", ""atten_word_VP024_word3_task_001_00"", ""atten_word_VP024_word3_task_002_00"", ""atten_word_VP024_word3_task_003_00"", ""atten_word_VP024_word3_rest_004_00"", ""atten_word_VP024_word3_task_004_00"", ""atten_word_VP024_word3_task_005_00"", ""atten_word_VP024_word3_task_007_00"", ""atten_word_VP024_word3_rest_008_00"", ""atten_word_VP024_word3_task_008_00"", ""atten_word_VP024_word3_task_009_00"", ""atten_word_VP024_word3_rest_009_00"", ""atten_word_VP024_word3_rest_010_00""]",True,,0.8365776922991406,58,0.5476190476190477,0.43121881682109764,0.7625,0.5476190476190477,0.09523809523809523
VP025,2023,source_only,0.30,0.3,18,42,"{""0"": 9, ""1"": 9}","{""0"": 21, ""1"": 21}","[""atten_word_VP025_word1_rest_002_00"", ""atten_word_VP025_word1_task_002_00"", ""atten_word_VP025_word1_rest_007_00"", ""atten_word_VP025_word1_rest_009_00"", ""atten_word_VP025_word1_task_010_00"", ""atten_word_VP025_word2_task_003_00"", ""atten_word_VP025_word2_task_004_00"", ""atten_word_VP025_word2_rest_005_00"", ""atten_word_VP025_word2_task_006_00"", ""atten_word_VP025_word2_rest_009_00"", ""atten_word_VP025_word2_task_008_00"", ""atten_word_VP025_word2_task_009_00"", ""atten_word_VP025_word3_rest_001_00"", ""atten_word_VP025_word3_task_006_00"", ""atten_word_VP025_word3_rest_005_00"", ""atten_word_VP025_word3_rest_006_00"", ""atten_word_VP025_word3_rest_007_00"", ""atten_word_VP025_word3_task_010_00""]","[""atten_word_VP025_word1_rest_001_00"", ""atten_word_VP025_word1_task_001_00"", ""atten_word_VP025_word1_rest_003_00"", ""atten_word_VP025_word1_rest_004_00"", ""atten_word_VP025_word1_task_003_00"", ""atten_word_VP025_word1_rest_005_00"", ""atten_word_VP025_word1_task_004_00"", ""atten_word_VP025_word1_task_005_00"", ""atten_word_VP025_word1_rest_006_00"", ""atten_word_VP025_word1_task_006_00"", ""atten_word_VP025_word1_rest_008_00"", ""atten_word_VP025_word1_task_007_00"", ""atten_word_VP025_word1_task_008_00"", ""atten_word_VP025_word1_task_009_00"", ""atten_word_VP025_word1_rest_010_00"", ""atten_word_VP025_word2_rest_001_00"", ""atten_word_VP025_word2_task_001_00"", ""atten_word_VP025_word2_rest_002_00"", ""atten_word_VP025_word2_rest_003_00"", ""atten_word_VP025_word2_task_002_00"", ""atten_word_VP025_word2_rest_004_00"", ""atten_word_VP025_word2_task_005_00"", ""atten_word_VP025_word2_rest_006_00"", ""atten_word_VP025_word2_task_007_00"", ""atten_word_VP025_word2_rest_007_00"", ""atten_word_VP025_word2_rest_008_00"", ""atten_word_VP025_word2_task_010_00"", ""atten_word_VP025_word2_rest_010_00"", ""atten_word_VP025_word3_task_001_00"", ""atten_word_VP025_word3_task_002_00"", ""atten_word_VP025_word3_rest_002_00"", ""atten_word_VP025_word3_task_003_00"", ""atten_word_VP025_word3_task_004_00"", ""atten_word_VP025_word3_rest_003_00"", ""atten_word_VP025_word3_task_005_00"", ""atten_word_VP025_word3_rest_004_00"", ""atten_word_VP025_word3_task_007_00"", ""atten_word_VP025_word3_task_008_00"", ""atten_word_VP025_word3_rest_008_00"", ""atten_word_VP025_word3_task_009_00"", ""atten_word_VP025_word3_rest_009_00"", ""atten_word_VP025_word3_rest_010_00""]",True,,0.793296586059744,66,0.5238095238095238,0.5138888888888888,0.5259259259259259,0.5238095238095237,0.04761904761904767
VP025,2023,existing_head_adaptation,0.30,0.3,18,42,"{""0"": 9, ""1"": 9}","{""0"": 21, ""1"": 21}","[""atten_word_VP025_word1_rest_002_00"", ""atten_word_VP025_word1_task_002_00"", ""atten_word_VP025_word1_rest_007_00"", ""atten_word_VP025_word1_rest_009_00"", ""atten_word_VP025_word1_task_010_00"", ""atten_word_VP025_word2_task_003_00"", ""atten_word_VP025_word2_task_004_00"", ""atten_word_VP025_word2_rest_005_00"", ""atten_word_VP025_word2_task_006_00"", ""atten_word_VP025_word2_rest_009_00"", ""atten_word_VP025_word2_task_008_00"", ""atten_word_VP025_word2_task_009_00"", ""atten_word_VP025_word3_rest_001_00"", ""atten_word_VP025_word3_task_006_00"", ""atten_word_VP025_word3_rest_005_00"", ""atten_word_VP025_word3_rest_006_00"", ""atten_word_VP025_word3_rest_007_00"", ""atten_word_VP025_word3_task_010_00""]","[""atten_word_VP025_word1_rest_001_00"", ""atten_word_VP025_word1_task_001_00"", ""atten_word_VP025_word1_rest_003_00"", ""atten_word_VP025_word1_rest_004_00"", ""atten_word_VP025_word1_task_003_00"", ""atten_word_VP025_word1_rest_005_00"", ""atten_word_VP025_word1_task_004_00"", ""atten_word_VP025_word1_task_005_00"", ""atten_word_VP025_word1_rest_006_00"", ""atten_word_VP025_word1_task_006_00"", ""atten_word_VP025_word1_rest_008_00"", ""atten_word_VP025_word1_task_007_00"", ""atten_word_VP025_word1_task_008_00"", ""atten_word_VP025_word1_task_009_00"", ""atten_word_VP025_word1_rest_010_00"", ""atten_word_VP025_word2_rest_001_00"", ""atten_word_VP025_word2_task_001_00"", ""atten_word_VP025_word2_rest_002_00"", ""atten_word_VP025_word2_rest_003_00"", ""atten_word_VP025_word2_task_002_00"", ""atten_word_VP025_word2_rest_004_00"", ""atten_word_VP025_word2_task_005_00"", ""atten_word_VP025_word2_rest_006_00"", ""atten_word_VP025_word2_task_007_00"", ""atten_word_VP025_word2_rest_007_00"", ""atten_word_VP025_word2_rest_008_00"", ""atten_word_VP025_word2_task_010_00"", ""atten_word_VP025_word2_rest_010_00"", ""atten_word_VP025_word3_task_001_00"", ""atten_word_VP025_word3_task_002_00"", ""atten_word_VP025_word3_rest_002_00"", ""atten_word_VP025_word3_task_003_00"", ""atten_word_VP025_word3_task_004_00"", ""atten_word_VP025_word3_rest_003_00"", ""atten_word_VP025_word3_task_005_00"", ""atten_word_VP025_word3_rest_004_00"", ""atten_word_VP025_word3_task_007_00"", ""atten_word_VP025_word3_task_008_00"", ""atten_word_VP025_word3_rest_008_00"", ""atten_word_VP025_word3_task_009_00"", ""atten_word_VP025_word3_rest_009_00"", ""atten_word_VP025_word3_rest_010_00""]",True,,0.793296586059744,66,0.6428571428571429,0.6326530612244898,0.6607142857142857,0.6428571428571428,0.2857142857142857
VP026,2023,source_only,0.30,0.3,18,42,"{""0"": 9, ""1"": 9}","{""0"": 21, ""1"": 21}","[""atten_word_VP026_word1_rest_002_00"", ""atten_word_VP026_word1_task_002_00"", ""atten_word_VP026_word1_rest_007_00"", ""atten_word_VP026_word1_task_010_00"", ""atten_word_VP026_word1_rest_009_00"", ""atten_word_VP026_word2_task_003_00"", ""atten_word_VP026_word2_task_004_00"", ""atten_word_VP026_word2_rest_005_00"", ""atten_word_VP026_word2_task_006_00"", ""atten_word_VP026_word2_task_008_00"", ""atten_word_VP026_word2_rest_009_00"", ""atten_word_VP026_word2_task_009_00"", ""atten_word_VP026_word3_rest_001_00"", ""atten_word_VP026_word3_rest_005_00"", ""atten_word_VP026_word3_rest_006_00"", ""atten_word_VP026_word3_task_006_00"", ""atten_word_VP026_word3_rest_007_00"", ""atten_word_VP026_word3_task_010_00""]","[""atten_word_VP026_word1_rest_001_00"", ""atten_word_VP026_word1_task_001_00"", ""atten_word_VP026_word1_task_003_00"", ""atten_word_VP026_word1_rest_003_00"", ""atten_word_VP026_word1_rest_004_00"", ""atten_word_VP026_word1_rest_005_00"", ""atten_word_VP026_word1_task_004_00"", ""atten_word_VP026_word1_task_005_00"", ""atten_word_VP026_word1_rest_006_00"", ""atten_word_VP026_word1_task_006_00"", ""atten_word_VP026_word1_task_007_00"", ""atten_word_VP026_word1_rest_008_00"", ""atten_word_VP026_word1_task_008_00"", ""atten_word_VP026_word1_task_009_00"", ""atten_word_VP026_word1_rest_010_00"", ""atten_word_VP026_word2_rest_001_00"", ""atten_word_VP026_word2_task_001_00"", ""atten_word_VP026_word2_rest_002_00"", ""atten_word_VP026_word2_rest_003_00"", ""atten_word_VP026_word2_rest_004_00"", ""atten_word_VP026_word2_task_002_00"", ""atten_word_VP026_word2_task_005_00"", ""atten_word_VP026_word2_rest_006_00"", ""atten_word_VP026_word2_rest_007_00"", ""atten_word_VP026_word2_task_007_00"", ""atten_word_VP026_word2_rest_008_00"", ""atten_word_VP026_word2_task_010_00"", ""atten_word_VP026_word2_rest_010_00"", ""atten_word_VP026_word3_rest_002_00"", ""atten_word_VP026_word3_task_001_00"", ""atten_word_VP026_word3_task_002_00"", ""atten_word_VP026_word3_rest_003_00"", ""atten_word_VP026_word3_rest_004_00"", ""atten_word_VP026_word3_task_003_00"", ""atten_word_VP026_word3_task_004_00"", ""atten_word_VP026_word3_task_005_00"", ""atten_word_VP026_word3_task_007_00"", ""atten_word_VP026_word3_task_008_00"", ""atten_word_VP026_word3_rest_008_00"", ""atten_word_VP026_word3_rest_009_00"", ""atten_word_VP026_word3_task_009_00"", ""atten_word_VP026_word3_rest_010_00""]",True,,0.7966101694915255,39,0.6904761904761905,0.6888888888888889,0.6944444444444444,0.6904761904761905,0.38095238095238093
VP026,2023,existing_head_adaptation,0.30,0.3,18,42,"{""0"": 9, ""1"": 9}","{""0"": 21, ""1"": 21}","[""atten_word_VP026_word1_rest_002_00"", ""atten_word_VP026_word1_task_002_00"", ""atten_word_VP026_word1_rest_007_00"", ""atten_word_VP026_word1_task_010_00"", ""atten_word_VP026_word1_rest_009_00"", ""atten_word_VP026_word2_task_003_00"", ""atten_word_VP026_word2_task_004_00"", ""atten_word_VP026_word2_rest_005_00"", ""atten_word_VP026_word2_task_006_00"", ""atten_word_VP026_word2_task_008_00"", ""atten_word_VP026_word2_rest_009_00"", ""atten_word_VP026_word2_task_009_00"", ""atten_word_VP026_word3_rest_001_00"", ""atten_word_VP026_word3_rest_005_00"", ""atten_word_VP026_word3_rest_006_00"", ""atten_word_VP026_word3_task_006_00"", ""atten_word_VP026_word3_rest_007_00"", ""atten_word_VP026_word3_task_010_00""]","[""atten_word_VP026_word1_rest_001_00"", ""atten_word_VP026_word1_task_001_00"", ""atten_word_VP026_word1_task_003_00"", ""atten_word_VP026_word1_rest_003_00"", ""atten_word_VP026_word1_rest_004_00"", ""atten_word_VP026_word1_rest_005_00"", ""atten_word_VP026_word1_task_004_00"", ""atten_word_VP026_word1_task_005_00"", ""atten_word_VP026_word1_rest_006_00"", ""atten_word_VP026_word1_task_006_00"", ""atten_word_VP026_word1_task_007_00"", ""atten_word_VP026_word1_rest_008_00"", ""atten_word_VP026_word1_task_008_00"", ""atten_word_VP026_word1_task_009_00"", ""atten_word_VP026_word1_rest_010_00"", ""atten_word_VP026_word2_rest_001_00"", ""atten_word_VP026_word2_task_001_00"", ""atten_word_VP026_word2_rest_002_00"", ""atten_word_VP026_word2_rest_003_00"", ""atten_word_VP026_word2_rest_004_00"", ""atten_word_VP026_word2_task_002_00"", ""atten_word_VP026_word2_task_005_00"", ""atten_word_VP026_word2_rest_006_00"", ""atten_word_VP026_word2_rest_007_00"", ""atten_word_VP026_word2_task_007_00"", ""atten_word_VP026_word2_rest_008_00"", ""atten_word_VP026_word2_task_010_00"", ""atten_word_VP026_word2_rest_010_00"", ""atten_word_VP026_word3_rest_002_00"", ""atten_word_VP026_word3_task_001_00"", ""atten_word_VP026_word3_task_002_00"", ""atten_word_VP026_word3_rest_003_00"", ""atten_word_VP026_word3_rest_004_00"", ""atten_word_VP026_word3_task_003_00"", ""atten_word_VP026_word3_task_004_00"", ""atten_word_VP026_word3_task_005_00"", ""atten_word_VP026_word3_task_007_00"", ""atten_word_VP026_word3_task_008_00"", ""atten_word_VP026_word3_rest_008_00"", ""atten_word_VP026_word3_rest_009_00"", ""atten_word_VP026_word3_task_009_00"", ""atten_word_VP026_word3_rest_010_00""]",True,,0.7966101694915255,39,0.7380952380952381,0.7379466817923993,0.7386363636363636,0.7380952380952381,0.47619047619047616
