channel,subject,best_params,validation_f1_macro,accuracy,f1_macro,precision_macro,recall_macro,kappa,valid,invalid_reason
FP1,VP001_B,"{""C"": 1.2742749857031335, ""gamma"": ""scale""}",0.8583060003858769,0.5972222222222222,0.5875962867864902,0.6072340425531915,,0.19444444444444442,True,
FP1,VP002_B,"{""C"": 2.636650898730358, ""gamma"": ""scale""}",0.858323494687131,0.7638888888888888,0.7582460991507012,0.7910638297872341,,0.5277777777777778,True,
FP1,VP003_B,"{""C"": 0.6158482110660264, ""gamma"": ""scale""}",0.824998649680939,0.8194444444444444,0.8177215189873418,0.8319967923015237,,0.6388888888888888,True,
FP1,VP004_B,"{""C"": 1.8329807108324356, ""gamma"": ""scale""}",0.8777626867514507,0.8055555555555556,0.804953560371517,0.809375,,0.6111111111111112,True,
FP1,VP005_B,"{""C"": 5.455594781168517, ""gamma"": ""scale""}",0.8666296193387052,0.7222222222222222,0.7213622291021672,0.725,,0.4444444444444444,True,
FP1,VP006_B,"{""C"": 23.357214690901213, ""gamma"": ""scale""}",0.8638878386407303,0.7638888888888888,0.7616358325219085,0.7742582197273455,,0.5277777777777778,True,
FP1,VP007_B,"{""C"": 0.8858667904100825, ""gamma"": ""scale""}",0.8722182783419241,0.8194444444444444,0.8165784832451499,0.8407407407407408,,0.6388888888888888,True,
FP1,VP008_B,"{""C"": 7.847599703514611, ""gamma"": ""scale""}",0.8109010011123471,0.9583333333333334,0.9583252942311402,0.9586872586872587,,0.9166666666666666,True,
FP1,VP009_B,"{""C"": 1.8329807108324356, ""gamma"": ""scale""}",0.8582447362935168,0.8888888888888888,0.8888030888030888,0.890092879256966,,0.7777777777777778,True,
FP1,VP010_B,"{""C"": 1.8329807108324356, ""gamma"": ""scale""}",0.8527766417950755,0.8055555555555556,0.804953560371517,0.809375,,0.6111111111111112,True,
FP1,VP011_B,"{""C"": 1.8329807108324356, ""gamma"": ""scale""}",0.8722182783419241,0.7222222222222222,0.7213622291021672,0.725,,0.4444444444444444,True,
FP1,VP012_B,"{""C"": 11.288378916846883, ""gamma"": ""auto""}",0.8277777777777777,0.9583333333333334,0.9582608695652174,0.9615384615384616,,0.9166666666666666,True,
FP1,VP013_B,"{""C"": 1.8329807108324356, ""gamma"": ""scale""}",0.8638374076618475,0.9166666666666666,0.916083916083916,0.9285714285714286,,0.8333333333333334,True,
FP1,VP014_B,"{""C"": 2.636650898730358, ""gamma"": ""scale""}",0.8472210433722482,0.9444444444444444,0.9444444444444444,0.9444444444444444,,0.8888888888888888,True,
FP1,VP015_B,"{""C"": 3.79269019073225, ""gamma"": ""scale""}",0.8221728257849403,0.8611111111111112,0.8610038610038611,0.8622291021671826,,0.7222222222222222,True,
FP1,VP016_B,"{""C"": 2.636650898730358, ""gamma"": ""scale""}",0.838868996172367,0.8611111111111112,0.8606811145510835,0.865625,,0.7222222222222222,True,
FP1,VP017_B,"{""C"": 3.79269019073225, ""gamma"": ""scale""}",0.8611111111111112,0.875,0.8747826086956522,0.8776223776223776,,0.75,True,
FP1,VP018_B,"{""C"": 1.2742749857031335, ""gamma"": ""scale""}",0.8249338098509467,0.8888888888888888,0.8888030888030888,0.890092879256966,,0.7777777777777778,True,
FP1,VP019_B,"{""C"": 1.8329807108324356, ""gamma"": ""scale""}",0.8722182783419241,0.7916666666666666,0.7916264711557013,0.7918918918918919,,0.5833333333333333,True,
FP1,VP020_B,"{""C"": 5.455594781168517, ""gamma"": ""scale""}",0.8888888888888888,0.8194444444444444,0.8151293699387715,0.8523404255319149,,0.6388888888888888,True,
FP1,VP021_B,"{""C"": 1.8329807108324356, ""gamma"": ""scale""}",0.8442714126807565,0.9305555555555556,0.9305421570519004,0.930888030888031,,0.8611111111111112,True,
FP1,VP022_B,"{""C"": 5.455594781168517, ""gamma"": ""auto""}",0.8638878386407303,0.8194444444444444,0.8194096083349411,0.8196911196911197,,0.6388888888888888,True,
FP1,VP023_B,"{""C"": 5.455594781168517, ""gamma"": ""scale""}",0.8610725201444845,0.7916666666666666,0.791304347826087,0.7937062937062938,,0.5833333333333333,True,
FP1,VP024_B,"{""C"": 16.23776739188721, ""gamma"": ""scale""}",0.8472210433722482,0.7361111111111112,0.7272183449651046,0.7715173025732032,,0.4722222222222222,True,
FP1,VP025_B,"{""C"": 1.2742749857031335, ""gamma"": ""scale""}",0.8472116119174943,1.0,1.0,1.0,,1.0,True,
FP1,VP026_B,"{""C"": 16.23776739188721, ""gamma"": ""scale""}",0.8527675533023127,0.7638888888888888,0.7634782608695652,0.7657342657342657,,0.5277777777777778,True,
AFF5,VP001_B,"{""C"": 2.636650898730358, ""gamma"": ""scale""}",0.8388839161702522,0.6666666666666666,0.6571428571428571,0.6875,,0.33333333333333337,True,
AFF5,VP002_B,"{""C"": 7.847599703514611, ""gamma"": ""scale""}",0.7943873298138372,0.7083333333333334,0.6911133810010215,0.7681231380337636,,0.41666666666666663,True,
AFF5,VP003_B,"{""C"": 3.79269019073225, ""gamma"": ""scale""}",0.7852344833463752,0.8333333333333334,0.8321678321678322,0.8428571428571429,,0.6666666666666667,True,
AFF5,VP004_B,"{""C"": 5.455594781168517, ""gamma"": ""scale""}",0.8110877886158785,0.7638888888888888,0.7638433339764614,0.7640926640926642,,0.5277777777777778,True,
AFF5,VP005_B,"{""C"": 7.847599703514611, ""gamma"": ""scale""}",0.8583060003858769,0.6805555555555556,0.6790075596045746,0.6841070023603462,,0.36111111111111116,True,
AFF5,VP006_B,"{""C"": 1.8329807108324356, ""gamma"": ""scale""}",0.8388092885375493,0.6805555555555556,0.6804939224387421,0.6806949806949807,,0.36111111111111116,True,
AFF5,VP007_B,"{""C"": 1.8329807108324356, ""gamma"": ""scale""}",0.8055315471045807,0.8055555555555556,0.8055555555555556,0.8055555555555556,,0.6111111111111112,True,
AFF5,VP008_B,"{""C"": 1.8329807108324356, ""gamma"": ""scale""}",0.8138529808990932,0.9305555555555556,0.9305421570519004,0.930888030888031,,0.8611111111111112,True,
AFF5,VP009_B,"{""C"": 1.2742749857031335, ""gamma"": ""scale""}",0.824998649680939,0.875,0.8747826086956522,0.8776223776223776,,0.75,True,
AFF5,VP010_B,"{""C"": 2.636650898730358, ""gamma"": ""scale""}",0.8138759636085839,0.6805555555555556,0.6754850088183422,0.6925925925925926,,0.36111111111111116,True,
AFF5,VP011_B,"{""C"": 3.79269019073225, ""gamma"": ""scale""}",0.8305542481037662,0.7083333333333334,0.7082770596179818,0.7084942084942085,,0.41666666666666663,True,
AFF5,VP012_B,"{""C"": 2.636650898730358, ""gamma"": ""scale""}",0.8027762559896295,0.9722222222222222,0.9722222222222222,0.9722222222222222,,0.9444444444444444,True,
AFF5,VP013_B,"{""C"": 1.8329807108324356, ""gamma"": ""scale""}",0.8777740053705361,0.875,0.8743942624539639,0.8823760818253343,,0.75,True,
AFF5,VP014_B,"{""C"": 7.847599703514611, ""gamma"": ""scale""}",0.8360997291478576,0.9583333333333334,0.9583252942311402,0.9586872586872587,,0.9166666666666666,True,
AFF5,VP015_B,"{""C"": 7.847599703514611, ""gamma"": ""scale""}",0.8277565131497716,0.8472222222222222,0.8457643622200585,0.8608660785886126,,0.6944444444444444,True,
AFF5,VP016_B,"{""C"": 0.8858667904100825, ""gamma"": ""scale""}",0.7999938269699682,0.9305555555555556,0.9302190346966466,0.9390243902439024,,0.8611111111111112,True,
AFF5,VP017_B,"{""C"": 2.636650898730358, ""gamma"": ""scale""}",0.8249878463782208,0.8055555555555556,0.804953560371517,0.809375,,0.6111111111111112,True,
AFF5,VP018_B,"{""C"": 100.0, ""gamma"": ""scale""}",0.8360794906424851,0.8194444444444444,0.8194096083349411,0.8196911196911197,,0.6388888888888888,True,
AFF5,VP019_B,"{""C"": 1.2742749857031335, ""gamma"": ""scale""}",0.8220849420849421,0.7638888888888888,0.7616358325219085,0.7742582197273455,,0.5277777777777778,True,
AFF5,VP020_B,"{""C"": 1.8329807108324356, ""gamma"": ""scale""}",0.8443243243243244,0.7777777777777778,0.7770897832817337,0.78125,,0.5555555555555556,True,
AFF5,VP021_B,"{""C"": 3.79269019073225, ""gamma"": ""scale""}",0.8333127546610692,0.8611111111111112,0.8610038610038611,0.8622291021671826,,0.7222222222222222,True,
AFF5,VP022_B,"{""C"": 3.79269019073225, ""gamma"": ""scale""}",0.8138874528352842,0.7777777777777778,0.7762237762237763,0.7857142857142858,,0.5555555555555556,True,
AFF5,VP023_B,"{""C"": 0.8858667904100825, ""gamma"": ""scale""}",0.8194319049934022,0.7916666666666666,0.791304347826087,0.7937062937062938,,0.5833333333333333,True,
AFF5,VP024_B,"{""C"": 7.847599703514611, ""gamma"": ""scale""}",0.8416654449494209,0.7361111111111112,0.7272183449651046,0.7715173025732032,,0.4722222222222222,True,
AFF5,VP025_B,"{""C"": 1.8329807108324356, ""gamma"": ""scale""}",0.8416067803413327,0.9861111111111112,0.9861084314103801,0.9864864864864865,,0.9722222222222222,True,
AFF5,VP026_B,"{""C"": 1.2742749857031335, ""gamma"": ""scale""}",0.8219529535408487,0.7222222222222222,0.722007722007722,0.7229102167182663,,0.4444444444444444,True,
AFz,VP001_B,"{""C"": 1.2742749857031335, ""gamma"": ""scale""}",0.813772496699326,0.6805555555555556,0.669790628115653,0.7076308784383318,,0.36111111111111116,True,
AFz,VP002_B,"{""C"": 3.79269019073225, ""gamma"": ""scale""}",0.8360491235112041,0.75,0.7428571428571429,0.78125,,0.5,True,
AFz,VP003_B,"{""C"": 3.79269019073225, ""gamma"": ""scale""}",0.8192757126638297,0.8333333333333334,0.8333333333333334,0.8333333333333334,,0.6666666666666667,True,
AFz,VP004_B,"{""C"": 2.636650898730358, ""gamma"": ""scale""}",0.8082134667500521,0.7638888888888888,0.7638433339764614,0.7640926640926642,,0.5277777777777778,True,
AFz,VP005_B,"{""C"": 2.636650898730358, ""gamma"": ""scale""}",0.8194430512581116,0.7361111111111112,0.7348323318472572,0.7407553107789142,,0.4722222222222222,True,
AFz,VP006_B,"{""C"": 1.8329807108324356, ""gamma"": ""scale""}",0.8387644787644788,0.75,0.7498069498069498,0.7507739938080495,,0.5,True,
AFz,VP007_B,"{""C"": 1.2742749857031335, ""gamma"": ""scale""}",0.8192086903446625,0.8333333333333334,0.8321678321678322,0.8428571428571429,,0.6666666666666667,True,
AFz,VP008_B,"{""C"": 1.2742749857031335, ""gamma"": ""scale""}",0.8138529808990932,0.9583333333333334,0.9583252942311402,0.9586872586872587,,0.9166666666666666,True,
AFz,VP009_B,"{""C"": 3.79269019073225, ""gamma"": ""scale""}",0.8055315471045807,0.8611111111111112,0.8611111111111112,0.8611111111111112,,0.7222222222222222,True,
AFz,VP010_B,"{""C"": 1.8329807108324356, ""gamma"": ""scale""}",0.8385700148441366,0.75,0.7492260061919505,0.753125,,0.5,True,
AFz,VP011_B,"{""C"": 3.79269019073225, ""gamma"": ""scale""}",0.8026544368007782,0.7083333333333334,0.7078260869565217,0.7097902097902098,,0.41666666666666663,True,
AFz,VP012_B,"{""C"": 2.636650898730358, ""gamma"": ""scale""}",0.8413128040151263,0.9722222222222222,0.9722222222222222,0.9722222222222222,,0.9444444444444444,True,
AFz,VP013_B,"{""C"": 2.636650898730358, ""gamma"": ""scale""}",0.8249878463782208,0.8888888888888888,0.8881118881118881,0.9,,0.7777777777777778,True,
AFz,VP014_B,"{""C"": 23.357214690901213, ""gamma"": ""scale""}",0.8110877886158785,0.9444444444444444,0.9444444444444444,0.9444444444444444,,0.8888888888888888,True,
AFz,VP015_B,"{""C"": 5.455594781168517, ""gamma"": ""scale""}",0.8192757126638297,0.8888888888888888,0.8881118881118881,0.9,,0.7777777777777778,True,
AFz,VP016_B,"{""C"": 7.847599703514611, ""gamma"": ""scale""}",0.8276926877470356,0.8611111111111112,0.8606811145510835,0.865625,,0.7222222222222222,True,
AFz,VP017_B,"{""C"": 5.455594781168517, ""gamma"": ""scale""}",0.821870361207323,0.75,0.7482517482517483,0.7571428571428571,,0.5,True,
AFz,VP018_B,"{""C"": 1.8329807108324356, ""gamma"": ""scale""}",0.8249878463782208,0.8611111111111112,0.8606811145510835,0.865625,,0.7222222222222222,True,
AFz,VP019_B,"{""C"": 11.288378916846883, ""gamma"": ""scale""}",0.7913946427053797,0.8194444444444444,0.8185694902112812,0.8257277734067663,,0.6388888888888888,True,
AFz,VP020_B,"{""C"": 2.636650898730358, ""gamma"": ""scale""}",0.8138759636085839,0.8194444444444444,0.8177215189873418,0.8319967923015237,,0.6388888888888888,True,
AFz,VP021_B,"{""C"": 3.79269019073225, ""gamma"": ""scale""}",0.8194430512581116,0.875,0.8749758826934207,0.8752895752895753,,0.75,True,
AFz,VP022_B,"{""C"": 1.8329807108324356, ""gamma"": ""scale""}",0.8583060003858769,0.7638888888888888,0.7634782608695652,0.7657342657342657,,0.5277777777777778,True,
AFz,VP023_B,"{""C"": 3.79269019073225, ""gamma"": ""scale""}",0.830543787763039,0.7638888888888888,0.7634782608695652,0.7657342657342657,,0.5277777777777778,True,
AFz,VP024_B,"{""C"": 11.288378916846883, ""gamma"": ""scale""}",0.8527766417950755,0.7361111111111112,0.7272183449651046,0.7715173025732032,,0.4722222222222222,True,
AFz,VP025_B,"{""C"": 1.8329807108324356, ""gamma"": ""scale""}",0.8083200222237655,1.0,1.0,1.0,,1.0,True,
AFz,VP026_B,"{""C"": 1.8329807108324356, ""gamma"": ""scale""}",0.8360491235112041,0.7361111111111112,0.7360601967972217,0.7362934362934364,,0.4722222222222222,True,
F1,VP001_B,"{""C"": 1.2742749857031335, ""gamma"": ""scale""}",0.7972081394541287,0.6805555555555556,0.669790628115653,0.7076308784383318,,0.36111111111111116,True,
F1,VP002_B,"{""C"": 7.847599703514611, ""gamma"": ""scale""}",0.7747897342426184,0.6527777777777778,0.6410767696909272,0.6756876663708962,,0.3055555555555556,True,
F1,VP003_B,"{""C"": 16.23776739188721, ""gamma"": ""scale""}",0.7637412271558612,0.7916666666666666,0.7906571040899399,0.7974036191974823,,0.5833333333333333,True,
F1,VP004_B,"{""C"": 0.8858667904100825, ""gamma"": ""scale""}",0.8,0.7361111111111112,0.7360601967972217,0.7362934362934364,,0.4722222222222222,True,
F1,VP005_B,"{""C"": 2.636650898730358, ""gamma"": ""scale""}",0.8138759636085839,0.6666666666666666,0.6643356643356644,0.6714285714285715,,0.33333333333333337,True,
F1,VP006_B,"{""C"": 5.455594781168517, ""gamma"": ""scale""}",0.7972081394541287,0.7222222222222222,0.722007722007722,0.7229102167182663,,0.4444444444444444,True,
F1,VP007_B,"{""C"": 1.8329807108324356, ""gamma"": ""scale""}",0.8303972072691325,0.8055555555555556,0.804953560371517,0.809375,,0.6111111111111112,True,
F1,VP008_B,"{""C"": 0.8858667904100825, ""gamma"": ""scale""}",0.7888628225706877,0.8888888888888888,0.8885448916408669,0.89375,,0.7777777777777778,True,
F1,VP009_B,"{""C"": 2.636650898730358, ""gamma"": ""scale""}",0.7747062141218101,0.8333333333333334,0.8333333333333334,0.8333333333333334,,0.6666666666666667,True,
F1,VP010_B,"{""C"": 5.455594781168517, ""gamma"": ""scale""}",0.8053392658509455,0.7083333333333334,0.7069199457259159,0.7124311565696302,,0.41666666666666663,True,
F1,VP011_B,"{""C"": 2.636650898730358, ""gamma"": ""scale""}",0.8027640808389471,0.625,0.6160379221805253,0.637872340425532,,0.25,True,
F1,VP012_B,"{""C"": 1.8329807108324356, ""gamma"": ""scale""}",0.786030212040046,0.9722222222222222,0.9722007722007722,0.9736842105263157,,0.9444444444444444,True,
F1,VP013_B,"{""C"": 16.23776739188721, ""gamma"": ""scale""}",0.7887258687258687,0.8194444444444444,0.8177215189873418,0.8319967923015237,,0.6388888888888888,True,
F1,VP014_B,"{""C"": 2.636650898730358, ""gamma"": ""scale""}",0.8083200222237655,0.9583333333333334,0.9583252942311402,0.9586872586872587,,0.9166666666666666,True,
F1,VP015_B,"{""C"": 5.455594781168517, ""gamma"": ""scale""}",0.7804183170036828,0.8611111111111112,0.859375,0.8798701298701299,,0.7222222222222222,True,
F1,VP016_B,"{""C"": 2.636650898730358, ""gamma"": ""scale""}",0.786030212040046,0.9166666666666666,0.9166023166023166,0.9179566563467492,,0.8333333333333334,True,
F1,VP017_B,"{""C"": 3.79269019073225, ""gamma"": ""scale""}",0.7717714002968827,0.6805555555555556,0.6790075596045746,0.6841070023603462,,0.36111111111111116,True,
F1,VP018_B,"{""C"": 1.8329807108324356, ""gamma"": ""scale""}",0.8055315471045807,0.7777777777777778,0.7777777777777778,0.7777777777777778,,0.5555555555555556,True,
F1,VP019_B,"{""C"": 0.8858667904100825, ""gamma"": ""scale""}",0.8138759636085839,0.75,0.7482517482517483,0.7571428571428571,,0.5,True,
F1,VP020_B,"{""C"": 2.636650898730358, ""gamma"": ""scale""}",0.78330658105939,0.8055555555555556,0.8054054054054054,0.8065015479876161,,0.6111111111111112,True,
F1,VP021_B,"{""C"": 2.636650898730358, ""gamma"": ""scale""}",0.8111111111111111,0.875,0.8747826086956522,0.8776223776223776,,0.75,True,
F1,VP022_B,"{""C"": 33.59818286283781, ""gamma"": ""auto""}",0.8110877886158785,0.6527777777777778,0.6494644595910419,0.6587810745789896,,0.3055555555555556,True,
F1,VP023_B,"{""C"": 48.32930238571752, ""gamma"": ""auto""}",0.7915878688701747,0.75,0.7498069498069498,0.7507739938080495,,0.5,True,
F1,VP024_B,"{""C"": 5.455594781168517, ""gamma"": ""scale""}",0.7971830985915493,0.7222222222222222,0.7077922077922079,0.7769230769230769,,0.4444444444444444,True,
F1,VP025_B,"{""C"": 33.59818286283781, ""gamma"": ""scale""}",0.7832262845849802,0.9722222222222222,0.9722007722007722,0.9736842105263157,,0.9444444444444444,True,
F1,VP026_B,"{""C"": 23.357214690901213, ""gamma"": ""scale""}",0.7915363769022306,0.6805555555555556,0.6799999999999999,0.6818181818181819,,0.36111111111111116,True,
FC5,VP001_B,"{""C"": 3.79269019073225, ""gamma"": ""scale""}",0.8166610080558042,0.5972222222222222,0.5789473684210527,0.6176470588235294,,0.19444444444444442,True,
FC5,VP002_B,"{""C"": 5.455594781168517, ""gamma"": ""scale""}",0.8111111111111111,0.6527777777777778,0.626788306033589,0.7117647058823529,,0.3055555555555556,True,
FC5,VP003_B,"{""C"": 2.636650898730358, ""gamma"": ""scale""}",0.786030212040046,0.7638888888888888,0.7638433339764614,0.7640926640926642,,0.5277777777777778,True,
FC5,VP004_B,"{""C"": 1.8329807108324356, ""gamma"": ""scale""}",0.7998455598455598,0.7083333333333334,0.7082770596179818,0.7084942084942085,,0.41666666666666663,True,
FC5,VP005_B,"{""C"": 1.8329807108324356, ""gamma"": ""scale""}",0.8109010011123471,0.7361111111111112,0.7335929892891919,0.7453889334402566,,0.4722222222222222,True,
FC5,VP006_B,"{""C"": 1.2742749857031335, ""gamma"": ""scale""}",0.786096256684492,0.6527777777777778,0.6521739130434783,0.6538461538461539,,0.3055555555555556,True,
FC5,VP007_B,"{""C"": 1.2742749857031335, ""gamma"": ""scale""}",0.7944380999413563,0.7222222222222222,0.7202797202797203,0.7285714285714286,,0.4444444444444444,True,
FC5,VP008_B,"{""C"": 5.455594781168517, ""gamma"": ""scale""}",0.8219529535408487,0.8888888888888888,0.8888888888888888,0.8888888888888888,,0.7777777777777778,True,
FC5,VP009_B,"{""C"": 5.455594781168517, ""gamma"": ""scale""}",0.8194319049934022,0.8055555555555556,0.8055555555555556,0.8055555555555556,,0.6111111111111112,True,
FC5,VP010_B,"{""C"": 1.2742749857031335, ""gamma"": ""scale""}",0.8138529808990932,0.7361111111111112,0.7335929892891919,0.7453889334402566,,0.4722222222222222,True,
FC5,VP011_B,"{""C"": 11.288378916846883, ""gamma"": ""scale""}",0.7666018338427341,0.6527777777777778,0.6370235934664247,0.6848739495798319,,0.3055555555555556,True,
FC5,VP012_B,"{""C"": 3.79269019073225, ""gamma"": ""scale""}",0.7805538622983201,0.9861111111111112,0.9861084314103801,0.9864864864864865,,0.9722222222222222,True,
FC5,VP013_B,"{""C"": 3.79269019073225, ""gamma"": ""scale""}",0.7666594647982963,0.8333333333333334,0.8332046332046332,0.8343653250773994,,0.6666666666666667,True,
FC5,VP014_B,"{""C"": 3.79269019073225, ""gamma"": ""scale""}",0.8027397260273973,0.9583333333333334,0.9583252942311402,0.9586872586872587,,0.9166666666666666,True,
FC5,VP015_B,"{""C"": 11.288378916846883, ""gamma"": ""scale""}",0.7747062141218101,0.875,0.873807205452775,0.8897353648757017,,0.75,True,
FC5,VP016_B,"{""C"": 5.455594781168517, ""gamma"": ""scale""}",0.7888888888888889,0.8611111111111112,0.8606811145510835,0.865625,,0.7222222222222222,True,
FC5,VP017_B,"{""C"": 23.357214690901213, ""gamma"": ""scale""}",0.7999753055932831,0.7222222222222222,0.722007722007722,0.7229102167182663,,0.4444444444444444,True,
FC5,VP018_B,"{""C"": 2.636650898730358, ""gamma"": ""scale""}",0.7972081394541287,0.8333333333333334,0.8332046332046332,0.8343653250773994,,0.6666666666666667,True,
FC5,VP019_B,"{""C"": 2.636650898730358, ""gamma"": ""scale""}",0.8222222222222222,0.7777777777777778,0.7762237762237763,0.7857142857142858,,0.5555555555555556,True,
FC5,VP020_B,"{""C"": 1.8329807108324356, ""gamma"": ""scale""}",0.8111052810271921,0.8472222222222222,0.8464818763326225,0.8540519276160503,,0.6944444444444444,True,
FC5,VP021_B,"{""C"": 5.455594781168517, ""gamma"": ""scale""}",0.8166610080558042,0.875,0.873807205452775,0.8897353648757017,,0.75,True,
FC5,VP022_B,"{""C"": 3.79269019073225, ""gamma"": ""scale""}",0.8055555555555556,0.6805555555555556,0.6790075596045746,0.6841070023603462,,0.36111111111111116,True,
FC5,VP023_B,"{""C"": 7.847599703514611, ""gamma"": ""scale""}",0.8138529808990932,0.7916666666666666,0.7916264711557013,0.7918918918918919,,0.5833333333333333,True,
FC5,VP024_B,"{""C"": 1.8329807108324356, ""gamma"": ""scale""}",0.8110177865612648,0.625,0.5969313705162762,0.6732620320855615,,0.25,True,
FC5,VP025_B,"{""C"": 2.636650898730358, ""gamma"": ""scale""}",0.7694426654526656,0.9861111111111112,0.9861084314103801,0.9864864864864865,,0.9722222222222222,True,
FC5,VP026_B,"{""C"": 2.636650898730358, ""gamma"": ""scale""}",0.8111052810271921,0.7222222222222222,0.7213622291021672,0.725,,0.4444444444444444,True,
FC1,VP001_B,"{""C"": 1.8329807108324356, ""gamma"": ""scale""}",0.7470641373080398,0.6388888888888888,0.6285714285714286,0.65625,,0.2777777777777778,True,
FC1,VP002_B,"{""C"": 100.0, ""gamma"": ""scale""}",0.7721940980367947,0.6527777777777778,0.6370235934664247,0.6848739495798319,,0.3055555555555556,True,
FC1,VP003_B,"{""C"": 11.288378916846883, ""gamma"": ""scale""}",0.7861094607211476,0.7777777777777778,0.7777777777777778,0.7777777777777778,,0.5555555555555556,True,
FC1,VP004_B,"{""C"": 2.636650898730358, ""gamma"": ""scale""}",0.7748592870544091,0.7361111111111112,0.7360601967972217,0.7362934362934364,,0.4722222222222222,True,
FC1,VP005_B,"{""C"": 11.288378916846883, ""gamma"": ""scale""}",0.8083318544124569,0.7083333333333334,0.7069199457259159,0.7124311565696302,,0.41666666666666663,True,
FC1,VP006_B,"{""C"": 2.636650898730358, ""gamma"": ""scale""}",0.802703182530432,0.6944444444444444,0.6944444444444444,0.6944444444444444,,0.38888888888888884,True,
FC1,VP007_B,"{""C"": 7.847599703514611, ""gamma"": ""scale""}",0.7888888888888889,0.7638888888888888,0.7616358325219085,0.7742582197273455,,0.5277777777777778,True,
FC1,VP008_B,"{""C"": 2.636650898730358, ""gamma"": ""scale""}",0.8055495539985802,0.8611111111111112,0.8611111111111112,0.8611111111111112,,0.7222222222222222,True,
FC1,VP009_B,"{""C"": 0.6158482110660264, ""gamma"": ""scale""}",0.7472046669907633,0.875,0.8747826086956522,0.8776223776223776,,0.75,True,
FC1,VP010_B,"{""C"": 0.8858667904100825, ""gamma"": ""scale""}",0.7855136607370841,0.7916666666666666,0.7906571040899399,0.7974036191974823,,0.5833333333333333,True,
FC1,VP011_B,"{""C"": 0.8858667904100825, ""gamma"": ""scale""}",0.8194096083349411,0.5138888888888888,0.4686907020872865,0.5210526315789474,,0.02777777777777779,True,
FC1,VP012_B,"{""C"": 2.636650898730358, ""gamma"": ""scale""}",0.7970954068515044,0.9722222222222222,0.9722007722007722,0.9736842105263157,,0.9444444444444444,True,
FC1,VP013_B,"{""C"": 2.636650898730358, ""gamma"": ""scale""}",0.7804725552099174,0.7638888888888888,0.7627447179685987,0.7690794649881982,,0.5277777777777778,True,
FC1,VP014_B,"{""C"": 1.2742749857031335, ""gamma"": ""scale""}",0.7744971425478111,0.9166666666666666,0.9164086687306501,0.921875,,0.8333333333333334,True,
FC1,VP015_B,"{""C"": 1.8329807108324356, ""gamma"": ""scale""}",0.7777777777777778,0.8611111111111112,0.8601398601398602,0.8714285714285714,,0.7222222222222222,True,
FC1,VP016_B,"{""C"": 0.29763514416313175, ""gamma"": ""scale""}",0.7749148983797887,0.7777777777777778,0.775,0.7922077922077921,,0.5555555555555556,True,
FC1,VP017_B,"{""C"": 7.847599703514611, ""gamma"": ""scale""}",0.8027640808389471,0.5833333333333334,0.583011583011583,0.5835913312693499,,0.16666666666666663,True,
FC1,VP018_B,"{""C"": 11.288378916846883, ""gamma"": ""scale""}",0.7722222222222223,0.6944444444444444,0.690625,0.7045454545454546,,0.38888888888888884,True,
FC1,VP019_B,"{""C"": 0.8858667904100825, ""gamma"": ""scale""}",0.7527300791047655,0.7777777777777778,0.7770897832817337,0.78125,,0.5555555555555556,True,
FC1,VP020_B,"{""C"": 1.8329807108324356, ""gamma"": ""scale""}",0.7722151918269082,0.7916666666666666,0.7883597883597884,0.8111111111111111,,0.5833333333333333,True,
FC1,VP021_B,"{""C"": 0.8858667904100825, ""gamma"": ""scale""}",0.7692289869399671,0.875,0.8743942624539639,0.8823760818253343,,0.75,True,
FC1,VP022_B,"{""C"": 3.79269019073225, ""gamma"": ""scale""}",0.7833266458841321,0.6944444444444444,0.6923076923076923,0.7,,0.38888888888888884,True,
FC1,VP023_B,"{""C"": 0.6158482110660264, ""gamma"": ""scale""}",0.7777160322311754,0.7222222222222222,0.7213622291021672,0.725,,0.4444444444444444,True,
FC1,VP024_B,"{""C"": 11.288378916846883, ""gamma"": ""scale""}",0.786096256684492,0.625,0.6160379221805253,0.637872340425532,,0.25,True,
FC1,VP025_B,"{""C"": 48.32930238571752, ""gamma"": ""scale""}",0.7583314686070108,0.9722222222222222,0.9722007722007722,0.9736842105263157,,0.9444444444444444,True,
FC1,VP026_B,"{""C"": 7.847599703514611, ""gamma"": ""scale""}",0.7694284325300369,0.7222222222222222,0.7213622291021672,0.725,,0.4444444444444444,True,
T7,VP001_B,"{""C"": 16.23776739188721, ""gamma"": ""scale""}",0.7749982638754929,0.5694444444444444,0.559154651392455,0.5765957446808511,,0.13888888888888884,True,
T7,VP002_B,"{""C"": 1.8329807108324356, ""gamma"": ""scale""}",0.7638724911452184,0.6527777777777778,0.6370235934664247,0.6848739495798319,,0.3055555555555556,True,
T7,VP003_B,"{""C"": 7.847599703514611, ""gamma"": ""scale""}",0.8080830712889493,0.7361111111111112,0.7241379310344828,0.7857142857142857,,0.4722222222222222,True,
T7,VP004_B,"{""C"": 1.2742749857031335, ""gamma"": ""scale""}",0.7385984427141268,0.7222222222222222,0.7213622291021672,0.725,,0.4444444444444444,True,
T7,VP005_B,"{""C"": 3.79269019073225, ""gamma"": ""scale""}",0.7581074923346643,0.7638888888888888,0.7616358325219085,0.7742582197273455,,0.5277777777777778,True,
T7,VP006_B,"{""C"": 100.0, ""gamma"": ""scale""}",0.7611111111111111,0.625,0.6160379221805253,0.637872340425532,,0.25,True,
T7,VP007_B,"{""C"": 11.288378916846883, ""gamma"": ""scale""}",0.7887845849802371,0.625,0.6243478260869566,0.6258741258741258,,0.25,True,
T7,VP008_B,"{""C"": 23.357214690901213, ""gamma"": ""scale""}",0.7192689875616705,0.8333333333333334,0.8328173374613003,0.8375,,0.6666666666666667,True,
T7,VP009_B,"{""C"": 0.8858667904100825, ""gamma"": ""scale""}",0.7555480107410723,0.7083333333333334,0.7037037037037037,0.7222222222222222,,0.41666666666666663,True,
T7,VP010_B,"{""C"": 100.0, ""gamma"": ""scale""}",0.7388808296552363,0.6805555555555556,0.6799999999999999,0.6818181818181819,,0.36111111111111116,True,
T7,VP011_B,"{""C"": 0.8858667904100825, ""gamma"": ""scale""}",0.763580595066097,0.5,0.42502218278615794,0.5,,0.0,True,
T7,VP012_B,"{""C"": 2.636650898730358, ""gamma"": ""scale""}",0.7274749721913236,0.9722222222222222,0.9722222222222222,0.9722222222222222,,0.9444444444444444,True,
T7,VP013_B,"{""C"": 16.23776739188721, ""gamma"": ""scale""}",0.760926640926641,0.6805555555555556,0.6799999999999999,0.6818181818181819,,0.36111111111111116,True,
T7,VP014_B,"{""C"": 2.636650898730358, ""gamma"": ""scale""}",0.7444128904803062,0.8611111111111112,0.8606811145510835,0.865625,,0.7222222222222222,True,
T7,VP015_B,"{""C"": 23.357214690901213, ""gamma"": ""scale""}",0.755185311118667,0.8333333333333334,0.8332046332046332,0.8343653250773994,,0.6666666666666667,True,
T7,VP016_B,"{""C"": 5.455594781168517, ""gamma"": ""scale""}",0.741505107358766,0.8472222222222222,0.8457643622200585,0.8608660785886126,,0.6944444444444444,True,
T7,VP017_B,"{""C"": 2.636650898730358, ""gamma"": ""scale""}",0.7721589330369547,0.6111111111111112,0.6034618410700237,0.6204013377926422,,0.2222222222222222,True,
T7,VP018_B,"{""C"": 11.288378916846883, ""gamma"": ""scale""}",0.7554876354542928,0.7638888888888888,0.7616358325219085,0.7742582197273455,,0.5277777777777778,True,
T7,VP019_B,"{""C"": 11.288378916846883, ""gamma"": ""scale""}",0.7694284325300369,0.7361111111111112,0.7348323318472572,0.7407553107789142,,0.4722222222222222,True,
T7,VP020_B,"{""C"": 69.51927961775604, ""gamma"": ""scale""}",0.7582419278894026,0.8055555555555556,0.8041958041958042,0.8142857142857143,,0.6111111111111112,True,
T7,VP021_B,"{""C"": 11.288378916846883, ""gamma"": ""scale""}",0.7611037377696843,0.8472222222222222,0.8457643622200585,0.8608660785886126,,0.6944444444444444,True,
T7,VP022_B,"{""C"": 23.357214690901213, ""gamma"": ""scale""}",0.7388808296552363,0.6805555555555556,0.6804939224387421,0.6806949806949807,,0.36111111111111116,True,
T7,VP023_B,"{""C"": 69.51927961775604, ""gamma"": ""scale""}",0.7666018338427341,0.7361111111111112,0.7356521739130435,0.7377622377622377,,0.4722222222222222,True,
T7,VP024_B,"{""C"": 1.8329807108324356, ""gamma"": ""scale""}",0.7749843739148552,0.6944444444444444,0.6884343036978757,0.7107023411371238,,0.38888888888888884,True,
T7,VP025_B,"{""C"": 7.847599703514611, ""gamma"": ""scale""}",0.8026544368007782,0.9583333333333334,0.9582608695652174,0.9615384615384616,,0.9166666666666666,True,
T7,VP026_B,"{""C"": 5.455594781168517, ""gamma"": ""scale""}",0.7664071190211346,0.7222222222222222,0.722007722007722,0.7229102167182663,,0.4444444444444444,True,
C3,VP001_B,"{""C"": 7.847599703514611, ""gamma"": ""scale""}",0.8082963534632452,0.6944444444444444,0.6884343036978757,0.7107023411371238,,0.38888888888888884,True,
C3,VP002_B,"{""C"": 1.8329807108324356, ""gamma"": ""scale""}",0.7692289869399671,0.6111111111111112,0.5851851851851851,0.6481481481481481,,0.2222222222222222,True,
C3,VP003_B,"{""C"": 11.288378916846883, ""gamma"": ""scale""}",0.8082608393605607,0.7777777777777778,0.7777777777777778,0.7777777777777778,,0.5555555555555556,True,
C3,VP004_B,"{""C"": 5.455594781168517, ""gamma"": ""scale""}",0.786096256684492,0.7777777777777778,0.7777777777777778,0.7777777777777778,,0.5555555555555556,True,
C3,VP005_B,"{""C"": 2.636650898730358, ""gamma"": ""scale""}",0.7910847344841727,0.7361111111111112,0.7360601967972217,0.7362934362934364,,0.4722222222222222,True,
C3,VP006_B,"{""C"": 69.51927961775604, ""gamma"": ""scale""}",0.8027762559896295,0.6666666666666666,0.6666666666666666,0.6666666666666666,,0.33333333333333337,True,
C3,VP007_B,"{""C"": 2.636650898730358, ""gamma"": ""scale""}",0.8081542180585268,0.75,0.7401764234161989,0.7945454545454546,,0.5,True,
C3,VP008_B,"{""C"": 11.288378916846883, ""gamma"": ""scale""}",0.7944190640819855,0.8472222222222222,0.8469565217391304,0.8496503496503496,,0.6944444444444444,True,
C3,VP009_B,"{""C"": 23.357214690901213, ""gamma"": ""scale""}",0.824998649680939,0.8194444444444444,0.8185694902112812,0.8257277734067663,,0.6388888888888888,True,
C3,VP010_B,"{""C"": 2.636650898730358, ""gamma"": ""scale""}",0.7583165497604001,0.8472222222222222,0.8464818763326225,0.8540519276160503,,0.6944444444444444,True,
C3,VP011_B,"{""C"": 3.79269019073225, ""gamma"": ""scale""}",0.8051707075705097,0.5833333333333334,0.5404255319148936,0.6330049261083743,,0.16666666666666663,True,
C3,VP012_B,"{""C"": 69.51927961775604, ""gamma"": ""scale""}",0.7944190640819855,0.9305555555555556,0.9302190346966466,0.9390243902439024,,0.8611111111111112,True,
C3,VP013_B,"{""C"": 11.288378916846883, ""gamma"": ""scale""}",0.7743715132429065,0.7916666666666666,0.791304347826087,0.7937062937062938,,0.5833333333333333,True,
C3,VP014_B,"{""C"": 1.8329807108324356, ""gamma"": ""scale""}",0.7860698437198533,0.9027777777777778,0.9023066485753053,0.9107002360346184,,0.8055555555555556,True,
C3,VP015_B,"{""C"": 1.8329807108324356, ""gamma"": ""scale""}",0.7805132162840054,0.8611111111111112,0.8601398601398602,0.8714285714285714,,0.7222222222222222,True,
C3,VP016_B,"{""C"": 5.455594781168517, ""gamma"": ""scale""}",0.7818181818181819,0.8333333333333334,0.8321678321678322,0.8428571428571429,,0.6666666666666667,True,
C3,VP017_B,"{""C"": 11.288378916846883, ""gamma"": ""scale""}",0.783273131425396,0.5555555555555556,0.5541795665634675,0.55625,,0.11111111111111116,True,
C3,VP018_B,"{""C"": 3.79269019073225, ""gamma"": ""scale""}",0.7713683819201338,0.6388888888888888,0.6086956521739131,0.7008928571428572,,0.2777777777777778,True,
C3,VP019_B,"{""C"": 3.79269019073225, ""gamma"": ""scale""}",0.8027397260273973,0.7777777777777778,0.7776061776061776,0.7786377708978328,,0.5555555555555556,True,
C3,VP020_B,"{""C"": 1.8329807108324356, ""gamma"": ""scale""}",0.772046332046332,0.875,0.8743942624539639,0.8823760818253343,,0.75,True,
C3,VP021_B,"{""C"": 3.79269019073225, ""gamma"": ""scale""}",0.7943873298138372,0.9166666666666666,0.9166023166023166,0.9179566563467492,,0.8333333333333334,True,
C3,VP022_B,"{""C"": 0.8858667904100825, ""gamma"": ""scale""}",0.8360794906424851,0.7222222222222222,0.722007722007722,0.7229102167182663,,0.4444444444444444,True,
C3,VP023_B,"{""C"": 7.847599703514611, ""gamma"": ""scale""}",0.783273131425396,0.8194444444444444,0.8191304347826087,0.8216783216783217,,0.6388888888888888,True,
C3,VP024_B,"{""C"": 3.79269019073225, ""gamma"": ""scale""}",0.7777777777777778,0.6805555555555556,0.6754850088183422,0.6925925925925926,,0.36111111111111116,True,
C3,VP025_B,"{""C"": 1.8329807108324356, ""gamma"": ""scale""}",0.7833333333333333,0.9583333333333334,0.9582608695652174,0.9615384615384616,,0.9166666666666666,True,
C3,VP026_B,"{""C"": 3.79269019073225, ""gamma"": ""scale""}",0.8277724621130282,0.8055555555555556,0.8054054054054054,0.8065015479876161,,0.6111111111111112,True,
Cz,VP001_B,"{""C"": 11.288378916846883, ""gamma"": ""scale""}",0.8106377053745475,0.6111111111111112,0.5909090909090908,0.6384615384615384,,0.2222222222222222,True,
Cz,VP002_B,"{""C"": 1.2742749857031335, ""gamma"": ""scale""}",0.7692289869399671,0.6388888888888888,0.59375,0.75,,0.2777777777777778,True,
Cz,VP003_B,"{""C"": 11.288378916846883, ""gamma"": ""scale""}",0.7497219132369299,0.8194444444444444,0.8191304347826087,0.8216783216783217,,0.6388888888888888,True,
Cz,VP004_B,"{""C"": 5.455594781168517, ""gamma"": ""scale""}",0.7805132162840054,0.75,0.7492260061919505,0.753125,,0.5,True,
Cz,VP005_B,"{""C"": 2.636650898730358, ""gamma"": ""scale""}",0.8110877886158785,0.6805555555555556,0.6804939224387421,0.6806949806949807,,0.36111111111111116,True,
Cz,VP006_B,"{""C"": 100.0, ""gamma"": ""auto""}",0.7638870670298382,0.6666666666666666,0.6666666666666666,0.6666666666666666,,0.33333333333333337,True,
Cz,VP007_B,"{""C"": 11.288378916846883, ""gamma"": ""scale""}",0.7749843739148552,0.7916666666666666,0.7822141560798548,0.8529411764705883,,0.5833333333333333,True,
Cz,VP008_B,"{""C"": 2.636650898730358, ""gamma"": ""scale""}",0.786096256684492,0.7916666666666666,0.7916264711557013,0.7918918918918919,,0.5833333333333333,True,
Cz,VP009_B,"{""C"": 0.8858667904100825, ""gamma"": ""scale""}",0.7638870670298382,0.875,0.873807205452775,0.8897353648757017,,0.75,True,
Cz,VP010_B,"{""C"": 1.2742749857031335, ""gamma"": ""scale""}",0.8080830712889493,0.8472222222222222,0.8464818763326225,0.8540519276160503,,0.6944444444444444,True,
Cz,VP011_B,"{""C"": 1.2742749857031335, ""gamma"": ""scale""}",0.7882352941176471,0.5138888888888888,0.4032678190859579,0.5537313432835821,,0.02777777777777779,True,
Cz,VP012_B,"{""C"": 2.636650898730358, ""gamma"": ""scale""}",0.7666594647982963,0.9027777777777778,0.9018500486854917,0.9186046511627908,,0.8055555555555556,True,
Cz,VP013_B,"{""C"": 11.288378916846883, ""gamma"": ""scale""}",0.7746086956521739,0.8055555555555556,0.8041958041958042,0.8142857142857143,,0.6111111111111112,True,
Cz,VP014_B,"{""C"": 7.847599703514611, ""gamma"": ""scale""}",0.7859112288479213,0.8888888888888888,0.8875,0.9090909090909092,,0.7777777777777778,True,
Cz,VP015_B,"{""C"": 1.8329807108324356, ""gamma"": ""scale""}",0.7555480107410723,0.8611111111111112,0.8606811145510835,0.865625,,0.7222222222222222,True,
Cz,VP016_B,"{""C"": 1.8329807108324356, ""gamma"": ""scale""}",0.7885691323297579,0.875,0.8743942624539639,0.8823760818253343,,0.75,True,
Cz,VP017_B,"{""C"": 1.8329807108324356, ""gamma"": ""scale""}",0.7801739130434783,0.6388888888888888,0.6377708978328174,0.640625,,0.2777777777777778,True,
Cz,VP018_B,"{""C"": 7.847599703514611, ""gamma"": ""scale""}",0.7996970727334549,0.6388888888888888,0.6017021276595744,0.7216748768472906,,0.2777777777777778,True,
Cz,VP019_B,"{""C"": 1.8329807108324356, ""gamma"": ""scale""}",0.7523478260869565,0.7916666666666666,0.7916264711557013,0.7918918918918919,,0.5833333333333333,True,
Cz,VP020_B,"{""C"": 7.847599703514611, ""gamma"": ""scale""}",0.7888302306196165,0.9027777777777778,0.9026086956521739,0.9055944055944056,,0.8055555555555556,True,
Cz,VP021_B,"{""C"": 100.0, ""gamma"": ""auto""}",0.7717714002968827,0.8888888888888888,0.8885448916408669,0.89375,,0.7777777777777778,True,
Cz,VP022_B,"{""C"": 33.59818286283781, ""gamma"": ""scale""}",0.7830051621279095,0.7361111111111112,0.7348323318472572,0.7407553107789142,,0.4722222222222222,True,
Cz,VP023_B,"{""C"": 11.288378916846883, ""gamma"": ""scale""}",0.7912010579146398,0.7777777777777778,0.7776061776061776,0.7786377708978328,,0.5555555555555556,True,
Cz,VP024_B,"{""C"": 7.847599703514611, ""gamma"": ""scale""}",0.7910847344841727,0.6111111111111112,0.60625,0.6168831168831169,,0.2222222222222222,True,
Cz,VP025_B,"{""C"": 3.79269019073225, ""gamma"": ""scale""}",0.7715170278637771,0.9861111111111112,0.9861084314103801,0.9864864864864865,,0.9722222222222222,True,
Cz,VP026_B,"{""C"": 33.59818286283781, ""gamma"": ""scale""}",0.7969574522332362,0.8472222222222222,0.8469565217391304,0.8496503496503496,,0.6944444444444444,True,
CP5,VP001_B,"{""C"": 3.79269019073225, ""gamma"": ""scale""}",0.7776061776061776,0.6111111111111112,0.5851851851851851,0.6481481481481481,,0.2222222222222222,True,
CP5,VP002_B,"{""C"": 100.0, ""gamma"": ""scale""}",0.7914719761505726,0.5138888888888888,0.36347562515786813,0.7535211267605634,,0.02777777777777779,True,
CP5,VP003_B,"{""C"": 1.2742749857031335, ""gamma"": ""scale""}",0.7737272155876807,0.8055555555555556,0.803125,0.8214285714285714,,0.6111111111111112,True,
CP5,VP004_B,"{""C"": 11.288378916846883, ""gamma"": ""scale""}",0.7657920009913566,0.7916666666666666,0.7906571040899399,0.7974036191974823,,0.5833333333333333,True,
CP5,VP005_B,"{""C"": 3.79269019073225, ""gamma"": ""scale""}",0.8136458808168059,0.7361111111111112,0.7348323318472572,0.7407553107789142,,0.4722222222222222,True,
CP5,VP006_B,"{""C"": 3.79269019073225, ""gamma"": ""scale""}",0.7883597883597884,0.7638888888888888,0.7638433339764614,0.7640926640926642,,0.5277777777777778,True,
CP5,VP007_B,"{""C"": 2.636650898730358, ""gamma"": ""scale""}",0.8274369124195943,0.6805555555555556,0.6775073028237586,0.6876503608660787,,0.36111111111111116,True,
CP5,VP008_B,"{""C"": 100.0, ""gamma"": ""scale""}",0.7693002571051352,0.8888888888888888,0.8888030888030888,0.890092879256966,,0.7777777777777778,True,
CP5,VP009_B,"{""C"": 0.8858667904100825, ""gamma"": ""scale""}",0.7577932271809823,0.875,0.8743942624539639,0.8823760818253343,,0.75,True,
CP5,VP010_B,"{""C"": 7.847599703514611, ""gamma"": ""scale""}",0.7666018338427341,0.8333333333333334,0.8332046332046332,0.8343653250773994,,0.6666666666666667,True,
CP5,VP011_B,"{""C"": 3.79269019073225, ""gamma"": ""scale""}",0.7804725552099174,0.5833333333333334,0.5616883116883117,0.6038461538461539,,0.16666666666666663,True,
CP5,VP012_B,"{""C"": 33.59818286283781, ""gamma"": ""scale""}",0.7605123920913395,0.8472222222222222,0.8447971781305115,0.8703703703703703,,0.6944444444444444,True,
CP5,VP013_B,"{""C"": 0.6158482110660264, ""gamma"": ""scale""}",0.7826625386996904,0.7916666666666666,0.791304347826087,0.7937062937062938,,0.5833333333333333,True,
CP5,VP014_B,"{""C"": 48.32930238571752, ""gamma"": ""scale""}",0.8051707075705097,0.8472222222222222,0.8457643622200585,0.8608660785886126,,0.6944444444444444,True,
CP5,VP015_B,"{""C"": 3.79269019073225, ""gamma"": ""scale""}",0.7637995847195314,0.8194444444444444,0.8191304347826087,0.8216783216783217,,0.6388888888888888,True,
CP5,VP016_B,"{""C"": 1.8329807108324356, ""gamma"": ""scale""}",0.7776061776061776,0.8472222222222222,0.8435710053328067,0.8829787234042553,,0.6944444444444444,True,
CP5,VP017_B,"{""C"": 3.79269019073225, ""gamma"": ""scale""}",0.7883597883597884,0.6805555555555556,0.6790075596045746,0.6841070023603462,,0.36111111111111116,True,
CP5,VP018_B,"{""C"": 7.847599703514611, ""gamma"": ""scale""}",0.8109010011123471,0.6527777777777778,0.6133190118152524,0.758148631029987,,0.3055555555555556,True,
CP5,VP019_B,"{""C"": 69.51927961775604, ""gamma"": ""scale""}",0.8166157265907197,0.7361111111111112,0.7348323318472572,0.7407553107789142,,0.4722222222222222,True,
CP5,VP020_B,"{""C"": 100.0, ""gamma"": ""scale""}",0.7884710539336962,0.9027777777777778,0.9026086956521739,0.9055944055944056,,0.8055555555555556,True,
CP5,VP021_B,"{""C"": 5.455594781168517, ""gamma"": ""scale""}",0.7857391304347826,0.9305555555555556,0.9305421570519004,0.930888030888031,,0.8611111111111112,True,
CP5,VP022_B,"{""C"": 23.357214690901213, ""gamma"": ""scale""}",0.7853808096996725,0.6944444444444444,0.6942084942084943,0.695046439628483,,0.38888888888888884,True,
CP5,VP023_B,"{""C"": 5.455594781168517, ""gamma"": ""scale""}",0.8024347826086957,0.7777777777777778,0.7776061776061776,0.7786377708978328,,0.5555555555555556,True,
CP5,VP024_B,"{""C"": 48.32930238571752, ""gamma"": ""scale""}",0.7747897342426184,0.875,0.8747826086956522,0.8776223776223776,,0.75,True,
CP5,VP025_B,"{""C"": 5.455594781168517, ""gamma"": ""scale""}",0.765625,0.9583333333333334,0.9583252942311402,0.9586872586872587,,0.9166666666666666,True,
CP5,VP026_B,"{""C"": 5.455594781168517, ""gamma"": ""scale""}",0.7805538622983201,0.7638888888888888,0.7634782608695652,0.7657342657342657,,0.5277777777777778,True,
CP1,VP001_B,"{""C"": 2.636650898730358, ""gamma"": ""scale""}",0.7686572364295171,0.5694444444444444,0.5499092558983666,0.5840336134453782,,0.13888888888888884,True,
CP1,VP002_B,"{""C"": 7.847599703514611, ""gamma"": ""scale""}",0.7887258687258687,0.5833333333333334,0.5484949832775919,0.6205357142857143,,0.16666666666666663,True,
CP1,VP003_B,"{""C"": 48.32930238571752, ""gamma"": ""scale""}",0.7915878688701747,0.8194444444444444,0.8191304347826087,0.8216783216783217,,0.6388888888888888,True,
CP1,VP004_B,"{""C"": 48.32930238571752, ""gamma"": ""scale""}",0.7857391304347826,0.7361111111111112,0.7319223985890653,0.7518518518518518,,0.4722222222222222,True,
CP1,VP005_B,"{""C"": 2.636650898730358, ""gamma"": ""scale""}",0.7886540600667409,0.6666666666666666,0.6625,0.6753246753246753,,0.33333333333333337,True,
CP1,VP006_B,"{""C"": 2.636650898730358, ""gamma"": ""scale""}",0.7830923248053392,0.7083333333333334,0.7078260869565217,0.7097902097902098,,0.41666666666666663,True,
CP1,VP007_B,"{""C"": 7.847599703514611, ""gamma"": ""scale""}",0.7693002571051352,0.6944444444444444,0.6688963210702341,0.78125,,0.38888888888888884,True,
CP1,VP008_B,"{""C"": 0.6158482110660264, ""gamma"": ""scale""}",0.7938080495356037,0.7777777777777778,0.7770897832817337,0.78125,,0.5555555555555556,True,
CP1,VP009_B,"{""C"": 1.2742749857031335, ""gamma"": ""scale""}",0.7634782608695652,0.9305555555555556,0.9302190346966466,0.9390243902439024,,0.8611111111111112,True,
CP1,VP010_B,"{""C"": 2.636650898730358, ""gamma"": ""scale""}",0.7638870670298382,0.9027777777777778,0.9026086956521739,0.9055944055944056,,0.8055555555555556,True,
CP1,VP011_B,"{""C"": 5.455594781168517, ""gamma"": ""scale""}",0.7916264711557013,0.5,0.4109090909090909,0.5,,0.0,True,
CP1,VP012_B,"{""C"": 3.79269019073225, ""gamma"": ""scale""}",0.7664864864864864,0.8472222222222222,0.8457643622200585,0.8608660785886126,,0.6944444444444444,True,
CP1,VP013_B,"{""C"": 3.79269019073225, ""gamma"": ""scale""}",0.7749982638754929,0.75,0.7498069498069498,0.7507739938080495,,0.5,True,
CP1,VP014_B,"{""C"": 7.847599703514611, ""gamma"": ""scale""}",0.7830051621279095,0.9305555555555556,0.9304347826086956,0.9335664335664335,,0.8611111111111112,True,
CP1,VP015_B,"{""C"": 0.42813323987193935, ""gamma"": ""scale""}",0.7627447179685987,0.7916666666666666,0.7906571040899399,0.7974036191974823,,0.5833333333333333,True,
CP1,VP016_B,"{""C"": 0.6158482110660264, ""gamma"": ""scale""}",0.7606382978723405,0.8611111111111112,0.859375,0.8798701298701299,,0.7222222222222222,True,
CP1,VP017_B,"{""C"": 3.79269019073225, ""gamma"": ""scale""}",0.7885691323297579,0.5972222222222222,0.5952704012405505,0.5991345397324941,,0.19444444444444442,True,
CP1,VP018_B,"{""C"": 3.79269019073225, ""gamma"": ""scale""}",0.7747062141218101,0.5972222222222222,0.5313131313131313,0.7222222222222222,,0.19444444444444442,True,
CP1,VP019_B,"{""C"": 7.847599703514611, ""gamma"": ""scale""}",0.7577932271809823,0.7638888888888888,0.7634782608695652,0.7657342657342657,,0.5277777777777778,True,
CP1,VP020_B,"{""C"": 2.636650898730358, ""gamma"": ""scale""}",0.7520872182545517,0.9305555555555556,0.9304347826086956,0.9335664335664335,,0.8611111111111112,True,
CP1,VP021_B,"{""C"": 3.79269019073225, ""gamma"": ""scale""}",0.7749843739148552,0.9444444444444444,0.9442724458204335,0.95,,0.8888888888888888,True,
CP1,VP022_B,"{""C"": 5.455594781168517, ""gamma"": ""scale""}",0.7742317608529022,0.7083333333333334,0.7082770596179818,0.7084942084942085,,0.41666666666666663,True,
CP1,VP023_B,"{""C"": 7.847599703514611, ""gamma"": ""scale""}",0.7856330861256969,0.75,0.7492260061919505,0.753125,,0.5,True,
CP1,VP024_B,"{""C"": 0.42813323987193935, ""gamma"": ""scale""}",0.8021043829698279,0.6388888888888888,0.6377708978328174,0.640625,,0.2777777777777778,True,
CP1,VP025_B,"{""C"": 100.0, ""gamma"": ""auto""}",0.7610816150141992,0.9166666666666666,0.916083916083916,0.9285714285714286,,0.8333333333333334,True,
CP1,VP026_B,"{""C"": 1.8329807108324356, ""gamma"": ""scale""}",0.7774411919260611,0.8194444444444444,0.8185694902112812,0.8257277734067663,,0.6388888888888888,True,
P7,VP001_B,"{""C"": 1.2742749857031335, ""gamma"": ""scale""}",0.7209821428571428,0.5416666666666666,0.5146067415730338,0.5536246276067527,,0.08333333333333337,True,
P7,VP002_B,"{""C"": 2.636650898730358, ""gamma"": ""scale""}",0.7767857142857142,0.5694444444444444,0.5104189515244572,0.6341281669150522,,0.13888888888888884,True,
P7,VP003_B,"{""C"": 0.09999999999999999, ""gamma"": ""scale""}",0.7194163860830527,0.5416666666666666,0.5073605639643375,0.5577540106951872,,0.08333333333333337,True,
P7,VP004_B,"{""C"": 1.8329807108324356, ""gamma"": ""scale""}",0.7459972862957938,0.6527777777777778,0.6472663139329806,0.662962962962963,,0.3055555555555556,True,
P7,VP005_B,"{""C"": 1.2742749857031335, ""gamma"": ""scale""}",0.7520872182545517,0.7083333333333334,0.6985044865403789,0.7395740905057675,,0.41666666666666663,True,
P7,VP006_B,"{""C"": 5.455594781168517, ""gamma"": ""scale""}",0.7637995847195314,0.6111111111111112,0.6034618410700237,0.6204013377926422,,0.2222222222222222,True,
P7,VP007_B,"{""C"": 3.79269019073225, ""gamma"": ""auto""}",0.7431044646458379,0.625,0.6123629112662015,0.6437444543034605,,0.25,True,
P7,VP008_B,"{""C"": 7.847599703514611, ""gamma"": ""scale""}",0.7443181818181819,0.8333333333333334,0.8328173374613003,0.8375,,0.6666666666666667,True,
P7,VP009_B,"{""C"": 0.8858667904100825, ""gamma"": ""scale""}",0.6885428253615128,0.8611111111111112,0.8601398601398602,0.8714285714285714,,0.7222222222222222,True,
P7,VP010_B,"{""C"": 1.8329807108324356, ""gamma"": ""scale""}",0.721526037315511,0.75,0.7492260061919505,0.753125,,0.5,True,
P7,VP011_B,"{""C"": 0.42813323987193935, ""gamma"": ""scale""}",0.7335929892891919,0.5416666666666666,0.4197802197802198,0.7608695652173914,,0.08333333333333337,True,
P7,VP012_B,"{""C"": 3.79269019073225, ""gamma"": ""scale""}",0.7330367074527253,0.6527777777777778,0.6521739130434783,0.6538461538461539,,0.3055555555555556,True,
P7,VP013_B,"{""C"": 3.79269019073225, ""gamma"": ""scale""}",0.7409450707603742,0.8333333333333334,0.8328173374613003,0.8375,,0.6666666666666667,True,
P7,VP014_B,"{""C"": 0.6158482110660264, ""gamma"": ""scale""}",0.751131221719457,0.8472222222222222,0.8457643622200585,0.8608660785886126,,0.6944444444444444,True,
P7,VP015_B,"{""C"": 0.29763514416313175, ""gamma"": ""scale""}",0.7640375792003495,0.6388888888888888,0.6317859952793077,0.6505016722408027,,0.2777777777777778,True,
P7,VP016_B,"{""C"": 3.79269019073225, ""gamma"": ""auto""}",0.7333251026266243,0.875,0.873015873015873,0.9,,0.75,True,
P7,VP017_B,"{""C"": 1.8329807108324356, ""gamma"": ""scale""}",0.7441601779755284,0.6111111111111112,0.609907120743034,0.6125,,0.2222222222222222,True,
P7,VP018_B,"{""C"": 1.8329807108324356, ""gamma"": ""scale""}",0.7805132162840054,0.5277777777777778,0.39225422045680236,0.7571428571428571,,0.05555555555555558,True,
P7,VP019_B,"{""C"": 0.8858667904100825, ""gamma"": ""scale""}",0.772046332046332,0.7638888888888888,0.7634782608695652,0.7657342657342657,,0.5277777777777778,True,
P7,VP020_B,"{""C"": 0.8858667904100825, ""gamma"": ""scale""}",0.7325077399380805,0.8611111111111112,0.8611111111111112,0.8611111111111112,,0.7222222222222222,True,
P7,VP021_B,"{""C"": 1.2742749857031335, ""gamma"": ""scale""}",0.7348323318472572,0.8472222222222222,0.847192745514181,0.8474903474903475,,0.6944444444444444,True,
P7,VP022_B,"{""C"": 2.636650898730358, ""gamma"": ""scale""}",0.7355213400252105,0.8055555555555556,0.804953560371517,0.809375,,0.6111111111111112,True,
P7,VP023_B,"{""C"": 2.636650898730358, ""gamma"": ""auto""}",0.7498764822134387,0.625,0.6214216163583253,0.6299117882919005,,0.25,True,
P7,VP024_B,"{""C"": 7.847599703514611, ""gamma"": ""scale""}",0.7305534764928742,0.7361111111111112,0.7356521739130435,0.7377622377622377,,0.4722222222222222,True,
P7,VP025_B,"{""C"": 5.455594781168517, ""gamma"": ""scale""}",0.7221879244351155,0.8333333333333334,0.8321678321678322,0.8428571428571429,,0.6666666666666667,True,
P7,VP026_B,"{""C"": 100.0, ""gamma"": ""scale""}",0.7776679841897234,0.7222222222222222,0.7167584579071598,0.7408026755852843,,0.4444444444444444,True,
P3,VP001_B,"{""C"": 69.51927961775604, ""gamma"": ""scale""}",0.771651350598719,0.5416666666666666,0.5146067415730338,0.5536246276067527,,0.08333333333333337,True,
P3,VP002_B,"{""C"": 7.847599703514611, ""gamma"": ""scale""}",0.8165250965250965,0.5416666666666666,0.4990512333965844,0.5631578947368421,,0.08333333333333337,True,
P3,VP003_B,"{""C"": 3.79269019073225, ""gamma"": ""scale""}",0.7573428578069434,0.7777777777777778,0.7762237762237763,0.7857142857142858,,0.5555555555555556,True,
P3,VP004_B,"{""C"": 0.42813323987193935, ""gamma"": ""scale""}",0.765034965034965,0.7638888888888888,0.7582460991507012,0.7910638297872341,,0.5277777777777778,True,
P3,VP005_B,"{""C"": 0.09999999999999999, ""gamma"": ""scale""}",0.758961103671639,0.6944444444444444,0.6944444444444444,0.6944444444444444,,0.38888888888888884,True,
P3,VP006_B,"{""C"": 11.288378916846883, ""gamma"": ""scale""}",0.7706293706293705,0.7638888888888888,0.7638433339764614,0.7640926640926642,,0.5277777777777778,True,
P3,VP007_B,"{""C"": 3.79269019073225, ""gamma"": ""scale""}",0.7916650591439749,0.625,0.6079854809437386,0.6512605042016807,,0.25,True,
P3,VP008_B,"{""C"": 5.455594781168517, ""gamma"": ""scale""}",0.7275675675675676,0.8194444444444444,0.8194096083349411,0.8196911196911197,,0.6388888888888888,True,
P3,VP009_B,"{""C"": 23.357214690901213, ""gamma"": ""scale""}",0.7470641373080398,0.8194444444444444,0.8165784832451499,0.8407407407407408,,0.6388888888888888,True,
P3,VP010_B,"{""C"": 7.847599703514611, ""gamma"": ""scale""}",0.7240610410424361,0.8472222222222222,0.847192745514181,0.8474903474903475,,0.6944444444444444,True,
P3,VP011_B,"{""C"": 1.8329807108324356, ""gamma"": ""scale""}",0.7747897342426184,0.5138888888888888,0.4032678190859579,0.5537313432835821,,0.02777777777777779,True,
P3,VP012_B,"{""C"": 2.636650898730358, ""gamma"": ""scale""}",0.7637412271558612,0.7638888888888888,0.7627447179685987,0.7690794649881982,,0.5277777777777778,True,
P3,VP013_B,"{""C"": 7.847599703514611, ""gamma"": ""scale""}",0.7944444444444444,0.7777777777777778,0.7776061776061776,0.7786377708978328,,0.5555555555555556,True,
P3,VP014_B,"{""C"": 5.455594781168517, ""gamma"": ""scale""}",0.7577932271809823,0.875,0.8743942624539639,0.8823760818253343,,0.75,True,
P3,VP015_B,"{""C"": 0.6158482110660264, ""gamma"": ""scale""}",0.780892037828896,0.7638888888888888,0.7638433339764614,0.7640926640926642,,0.5277777777777778,True,
P3,VP016_B,"{""C"": 0.6158482110660264, ""gamma"": ""scale""}",0.7546392391338022,0.8472222222222222,0.8435710053328067,0.8829787234042553,,0.6944444444444444,True,
P3,VP017_B,"{""C"": 0.42813323987193935, ""gamma"": ""scale""}",0.7811447811447811,0.6666666666666666,0.6666666666666666,0.6666666666666666,,0.33333333333333337,True,
P3,VP018_B,"{""C"": 48.32930238571752, ""gamma"": ""scale""}",0.7740778331306026,0.5833333333333334,0.4957983193277311,0.7727272727272727,,0.16666666666666663,True,
P3,VP019_B,"{""C"": 7.847599703514611, ""gamma"": ""scale""}",0.7773379515091539,0.7777777777777778,0.7776061776061776,0.7786377708978328,,0.5555555555555556,True,
P3,VP020_B,"{""C"": 48.32930238571752, ""gamma"": ""scale""}",0.7218014899075763,0.8611111111111112,0.8606811145510835,0.865625,,0.7222222222222222,True,
P3,VP021_B,"{""C"": 48.32930238571752, ""gamma"": ""scale""}",0.7775305895439377,0.9305555555555556,0.9304347826086956,0.9335664335664335,,0.8611111111111112,True,
P3,VP022_B,"{""C"": 23.357214690901213, ""gamma"": ""scale""}",0.7633611989699252,0.7222222222222222,0.7213622291021672,0.725,,0.4444444444444444,True,
P3,VP023_B,"{""C"": 5.455594781168517, ""gamma"": ""scale""}",0.7553667953667953,0.6388888888888888,0.6317859952793077,0.6505016722408027,,0.2777777777777778,True,
P3,VP024_B,"{""C"": 1.8329807108324356, ""gamma"": ""scale""}",0.7524549760103839,0.7916666666666666,0.7916264711557013,0.7918918918918919,,0.5833333333333333,True,
P3,VP025_B,"{""C"": 0.8858667904100825, ""gamma"": ""scale""}",0.7825211437776882,0.9305555555555556,0.9302190346966466,0.9390243902439024,,0.8611111111111112,True,
P3,VP026_B,"{""C"": 100.0, ""gamma"": ""scale""}",0.7915363769022306,0.75,0.7492260061919505,0.753125,,0.5,True,
Pz,VP001_B,"{""C"": 2.636650898730358, ""gamma"": ""scale""}",0.7519336631593617,0.5416666666666666,0.5208711433756805,0.5504201680672269,,0.08333333333333337,True,
Pz,VP002_B,"{""C"": 69.51927961775604, ""gamma"": ""scale""}",0.7804725552099174,0.5,0.4857142857142857,0.5,,0.0,True,
Pz,VP003_B,"{""C"": 100.0, ""gamma"": ""auto""}",0.7159565580618212,0.7777777777777778,0.7776061776061776,0.7786377708978328,,0.5555555555555556,True,
Pz,VP004_B,"{""C"": 2.636650898730358, ""gamma"": ""scale""}",0.7544642857142858,0.7361111111111112,0.7356521739130435,0.7377622377622377,,0.4722222222222222,True,
Pz,VP005_B,"{""C"": 16.23776739188721, ""gamma"": ""scale""}",0.746875,0.5833333333333334,0.5714285714285714,0.59375,,0.16666666666666663,True,
Pz,VP006_B,"{""C"": 5.455594781168517, ""gamma"": ""scale""}",0.7267573344899161,0.6944444444444444,0.6942084942084943,0.695046439628483,,0.38888888888888884,True,
Pz,VP007_B,"{""C"": 5.455594781168517, ""gamma"": ""scale""}",0.7605123920913395,0.6527777777777778,0.6410767696909272,0.6756876663708962,,0.3055555555555556,True,
Pz,VP008_B,"{""C"": 5.455594781168517, ""gamma"": ""scale""}",0.7605123920913395,0.7638888888888888,0.7634782608695652,0.7657342657342657,,0.5277777777777778,True,
Pz,VP009_B,"{""C"": 11.288378916846883, ""gamma"": ""scale""}",0.7333333333333333,0.8194444444444444,0.8165784832451499,0.8407407407407408,,0.6388888888888888,True,
Pz,VP010_B,"{""C"": 69.51927961775604, ""gamma"": ""scale""}",0.7520872182545517,0.875,0.8749758826934207,0.8752895752895753,,0.75,True,
Pz,VP011_B,"{""C"": 1.8329807108324356, ""gamma"": ""scale""}",0.7662048490846116,0.4722222222222222,0.32075471698113206,0.24285714285714285,,-0.05555555555555558,True,
Pz,VP012_B,"{""C"": 48.32930238571752, ""gamma"": ""scale""}",0.7498069498069498,0.7222222222222222,0.7167584579071598,0.7408026755852843,,0.4444444444444444,True,
Pz,VP013_B,"{""C"": 0.29763514416313175, ""gamma"": ""scale""}",0.7435636511651572,0.7083333333333334,0.6911133810010215,0.7681231380337636,,0.41666666666666663,True,
Pz,VP014_B,"{""C"": 16.23776739188721, ""gamma"": ""scale""}",0.7017629433488956,0.8472222222222222,0.8464818763326225,0.8540519276160503,,0.6944444444444444,True,
Pz,VP015_B,"{""C"": 16.23776739188721, ""gamma"": ""scale""}",0.7663132515223641,0.7638888888888888,0.7638433339764614,0.7640926640926642,,0.5277777777777778,True,
Pz,VP016_B,"{""C"": 1.2742749857031335, ""gamma"": ""scale""}",0.7205316109800025,0.8611111111111112,0.8583792289535799,0.8913043478260869,,0.7222222222222222,True,
Pz,VP017_B,"{""C"": 1.2742749857031335, ""gamma"": ""scale""}",0.7438039543302701,0.6944444444444444,0.6944444444444444,0.6944444444444444,,0.38888888888888884,True,
Pz,VP018_B,"{""C"": 2.636650898730358, ""gamma"": ""scale""}",0.7416168242330696,0.5694444444444444,0.47146578261899125,0.7686567164179104,,0.13888888888888884,True,
Pz,VP019_B,"{""C"": 0.20691380811147894, ""gamma"": ""scale""}",0.761368155906138,0.7916666666666666,0.7883597883597884,0.8111111111111111,,0.5833333333333333,True,
Pz,VP020_B,"{""C"": 0.8858667904100825, ""gamma"": ""scale""}",0.7276789543870047,0.8194444444444444,0.8191304347826087,0.8216783216783217,,0.6388888888888888,True,
Pz,VP021_B,"{""C"": 2.636650898730358, ""gamma"": ""scale""}",0.7125024229501842,0.9444444444444444,0.9442724458204335,0.95,,0.8888888888888888,True,
Pz,VP022_B,"{""C"": 11.288378916846883, ""gamma"": ""scale""}",0.7360927842211265,0.6666666666666666,0.6601101494885917,0.6806020066889632,,0.33333333333333337,True,
Pz,VP023_B,"{""C"": 11.288378916846883, ""gamma"": ""scale""}",0.7662048490846116,0.6388888888888888,0.6377708978328174,0.640625,,0.2777777777777778,True,
Pz,VP024_B,"{""C"": 2.636650898730358, ""gamma"": ""scale""}",0.7859112288479213,0.7222222222222222,0.722007722007722,0.7229102167182663,,0.4444444444444444,True,
Pz,VP025_B,"{""C"": 5.455594781168517, ""gamma"": ""scale""}",0.7356521739130435,0.9444444444444444,0.9444015444015443,0.9458204334365325,,0.8888888888888888,True,
Pz,VP026_B,"{""C"": 3.79269019073225, ""gamma"": ""scale""}",0.7263504079923055,0.7083333333333334,0.7082770596179818,0.7084942084942085,,0.41666666666666663,True,
POz,VP001_B,"{""C"": 1.8329807108324356, ""gamma"": ""scale""}",0.7406078824832845,0.5555555555555556,0.5380914194065758,0.5654545454545454,,0.11111111111111116,True,
POz,VP002_B,"{""C"": 0.42813323987193935, ""gamma"": ""scale""}",0.7104911812240882,0.5,0.4375,0.5,,0.0,True,
POz,VP003_B,"{""C"": 5.455594781168517, ""gamma"": ""scale""}",0.702591897713849,0.7777777777777778,0.7770897832817337,0.78125,,0.5555555555555556,True,
POz,VP004_B,"{""C"": 7.847599703514611, ""gamma"": ""scale""}",0.7130897020249306,0.7361111111111112,0.7348323318472572,0.7407553107789142,,0.4722222222222222,True,
POz,VP005_B,"{""C"": 1.8329807108324356, ""gamma"": ""scale""}",0.7747062141218101,0.6805555555555556,0.6775073028237586,0.6876503608660787,,0.36111111111111116,True,
POz,VP006_B,"{""C"": 33.59818286283781, ""gamma"": ""auto""}",0.7055191999012225,0.5972222222222222,0.5952704012405505,0.5991345397324941,,0.19444444444444442,True,
POz,VP007_B,"{""C"": 1.2742749857031335, ""gamma"": ""scale""}",0.7522252553920393,0.6388888888888888,0.6086956521739131,0.7008928571428572,,0.2777777777777778,True,
POz,VP008_B,"{""C"": 3.79269019073225, ""gamma"": ""scale""}",0.7194422796472195,0.8472222222222222,0.8469565217391304,0.8496503496503496,,0.6944444444444444,True,
POz,VP009_B,"{""C"": 2.636650898730358, ""gamma"": ""scale""}",0.6896527621370157,0.7638888888888888,0.7601410934744268,0.7814814814814814,,0.5277777777777778,True,
POz,VP010_B,"{""C"": 0.6158482110660264, ""gamma"": ""scale""}",0.7078560504385281,0.8055555555555556,0.803125,0.8214285714285714,,0.6111111111111112,True,
POz,VP011_B,"{""C"": 16.23776739188721, ""gamma"": ""scale""}",0.7303870474602182,0.4722222222222222,0.32075471698113206,0.24285714285714285,,-0.05555555555555558,True,
POz,VP012_B,"{""C"": 2.636650898730358, ""gamma"": ""scale""}",0.6913785247028476,0.6527777777777778,0.6527107852595022,0.6528957528957529,,0.3055555555555556,True,
POz,VP013_B,"{""C"": 0.6158482110660264, ""gamma"": ""scale""}",0.6896527621370157,0.7222222222222222,0.7142857142857142,0.75,,0.4444444444444444,True,
POz,VP014_B,"{""C"": 16.23776739188721, ""gamma"": ""scale""}",0.7076814810804959,0.8611111111111112,0.8601398601398602,0.8714285714285714,,0.7222222222222222,True,
POz,VP015_B,"{""C"": 5.455594781168517, ""gamma"": ""scale""}",0.7120201306316452,0.6805555555555556,0.6790075596045746,0.6841070023603462,,0.36111111111111116,True,
POz,VP016_B,"{""C"": 16.23776739188721, ""gamma"": ""scale""}",0.741505107358766,0.8194444444444444,0.8133599202392822,0.8673469387755102,,0.6388888888888888,True,
POz,VP017_B,"{""C"": 7.847599703514611, ""gamma"": ""scale""}",0.7303037558214074,0.6527777777777778,0.6521739130434783,0.6538461538461539,,0.3055555555555556,True,
POz,VP018_B,"{""C"": 3.79269019073225, ""gamma"": ""scale""}",0.6881091617933723,0.5833333333333334,0.509090909090909,0.7109375,,0.16666666666666663,True,
POz,VP019_B,"{""C"": 5.455594781168517, ""gamma"": ""scale""}",0.7249469419255258,0.7361111111111112,0.7319223985890653,0.7518518518518518,,0.4722222222222222,True,
POz,VP020_B,"{""C"": 3.79269019073225, ""gamma"": ""scale""}",0.6850393700787402,0.8194444444444444,0.8191304347826087,0.8216783216783217,,0.6388888888888888,True,
POz,VP021_B,"{""C"": 2.636650898730358, ""gamma"": ""scale""}",0.7136215139134532,0.8888888888888888,0.8888030888030888,0.890092879256966,,0.7777777777777778,True,
POz,VP022_B,"{""C"": 0.8858667904100825, ""gamma"": ""scale""}",0.6877226679884755,0.7222222222222222,0.7077922077922079,0.7769230769230769,,0.4444444444444444,True,
POz,VP023_B,"{""C"": 3.79269019073225, ""gamma"": ""scale""}",0.7220849802371542,0.5555555555555556,0.5468135326514556,0.560200668896321,,0.11111111111111116,True,
POz,VP024_B,"{""C"": 2.636650898730358, ""gamma"": ""scale""}",0.7484784498820023,0.7083333333333334,0.7082770596179818,0.7084942084942085,,0.41666666666666663,True,
POz,VP025_B,"{""C"": 0.6158482110660264, ""gamma"": ""scale""}",0.6924162257495591,0.9305555555555556,0.9304347826086956,0.9335664335664335,,0.8611111111111112,True,
POz,VP026_B,"{""C"": 7.847599703514611, ""gamma"": ""scale""}",0.7173485490403377,0.7083333333333334,0.7069199457259159,0.7124311565696302,,0.41666666666666663,True,
O1,VP001_B,"{""C"": 5.455594781168517, ""gamma"": ""scale""}",0.6825396825396826,0.5694444444444444,0.5653359298928919,0.5721732157177225,,0.13888888888888884,True,
O1,VP002_B,"{""C"": 0.8858667904100825, ""gamma"": ""scale""}",0.7053281853281854,0.5833333333333334,0.53125,0.65,,0.16666666666666663,True,
O1,VP003_B,"{""C"": 0.29763514416313175, ""gamma"": ""scale""}",0.6995456091001824,0.6388888888888888,0.6201298701298701,0.6730769230769231,,0.2777777777777778,True,
O1,VP004_B,"{""C"": 2.636650898730358, ""gamma"": ""auto""}",0.6916452531425794,0.5833333333333334,0.5820433436532508,0.584375,,0.16666666666666663,True,
O1,VP005_B,"{""C"": 1.2742749857031335, ""gamma"": ""scale""}",0.6877226679884755,0.5972222222222222,0.5933787731256086,0.6010425020048116,,0.19444444444444442,True,
O1,VP006_B,"{""C"": 0.20691380811147894, ""gamma"": ""scale""}",0.6749774289881242,0.625,0.6231827873618918,0.6274586939417781,,0.25,True,
O1,VP007_B,"{""C"": 0.14384498882876628, ""gamma"": ""scale""}",0.6555555555555556,0.5416666666666666,0.4197802197802198,0.7608695652173914,,0.08333333333333337,True,
O1,VP008_B,"{""C"": 1.8329807108324356, ""gamma"": ""scale""}",0.6944350134263404,0.8611111111111112,0.859375,0.8798701298701299,,0.7222222222222222,True,
O1,VP009_B,"{""C"": 5.455594781168517, ""gamma"": ""scale""}",0.6666433223615099,0.6388888888888888,0.634375,0.6461038961038961,,0.2777777777777778,True,
O1,VP010_B,"{""C"": 0.42813323987193935, ""gamma"": ""scale""}",0.6830888030888032,0.7361111111111112,0.7356521739130435,0.7377622377622377,,0.4722222222222222,True,
O1,VP011_B,"{""C"": 100.0, ""gamma"": ""auto""}",0.6666563782832804,0.5833333333333334,0.5484949832775919,0.6205357142857143,,0.16666666666666663,True,
O1,VP012_B,"{""C"": 1.8329807108324356, ""gamma"": ""scale""}",0.6693806675670462,0.7222222222222222,0.722007722007722,0.7229102167182663,,0.4444444444444444,True,
O1,VP013_B,"{""C"": 69.51927961775604, ""gamma"": ""scale""}",0.6721817508334362,0.6944444444444444,0.6944444444444444,0.6944444444444444,,0.38888888888888884,True,
O1,VP014_B,"{""C"": 5.455594781168517, ""gamma"": ""scale""}",0.7055555555555556,0.7361111111111112,0.7360601967972217,0.7362934362934364,,0.4722222222222222,True,
O1,VP015_B,"{""C"": 11.288378916846883, ""gamma"": ""auto""}",0.6748770754374724,0.5972222222222222,0.5965217391304347,0.5979020979020979,,0.19444444444444442,True,
O1,VP016_B,"{""C"": 100.0, ""gamma"": ""auto""}",0.6829810901001112,0.7083333333333334,0.6812144212523719,0.8157894736842105,,0.41666666666666663,True,
O1,VP017_B,"{""C"": 1.2742749857031335, ""gamma"": ""auto""}",0.6872576091340634,0.5833333333333334,0.5820433436532508,0.584375,,0.16666666666666663,True,
O1,VP018_B,"{""C"": 1.2742749857031335, ""gamma"": ""scale""}",0.7137806732483731,0.5277777777777778,0.39225422045680236,0.7571428571428571,,0.05555555555555558,True,
O1,VP019_B,"{""C"": 0.8858667904100825, ""gamma"": ""scale""}",0.6544891640866872,0.8333333333333334,0.8332046332046332,0.8343653250773994,,0.6666666666666667,True,
O1,VP020_B,"{""C"": 1.8329807108324356, ""gamma"": ""scale""}",0.666574048346763,0.6388888888888888,0.6377708978328174,0.640625,,0.2777777777777778,True,
O1,VP021_B,"{""C"": 1.2742749857031335, ""gamma"": ""scale""}",0.6888792863977283,0.7361111111111112,0.7348323318472572,0.7407553107789142,,0.4722222222222222,True,
O1,VP022_B,"{""C"": 1.2742749857031335, ""gamma"": ""scale""}",0.6972198859559102,0.7222222222222222,0.7213622291021672,0.725,,0.4444444444444444,True,
O1,VP023_B,"{""C"": 2.636650898730358, ""gamma"": ""scale""}",0.6944350134263404,0.6527777777777778,0.6510951734832332,0.6557828481510621,,0.3055555555555556,True,
O1,VP024_B,"{""C"": 2.636650898730358, ""gamma"": ""scale""}",0.6997683397683397,0.6805555555555556,0.6799999999999999,0.6818181818181819,,0.36111111111111116,True,
O1,VP025_B,"{""C"": 1.8329807108324356, ""gamma"": ""scale""}",0.6582041049470865,0.8472222222222222,0.8464818763326225,0.8540519276160503,,0.6944444444444444,True,
O1,VP026_B,"{""C"": 23.357214690901213, ""gamma"": ""auto""}",0.6915500459278585,0.6666666666666666,0.6656346749226006,0.66875,,0.33333333333333337,True,
FP2,VP001_B,"{""C"": 5.455594781168517, ""gamma"": ""scale""}",0.8385700148441366,0.6527777777777778,0.6322778345250255,0.6966236345580934,,0.3055555555555556,True,
FP2,VP002_B,"{""C"": 1.2742749857031335, ""gamma"": ""scale""}",0.8416556705326759,0.7222222222222222,0.7167584579071598,0.7408026755852843,,0.4444444444444444,True,
FP2,VP003_B,"{""C"": 0.8858667904100825, ""gamma"": ""scale""}",0.8301768604372404,0.7638888888888888,0.7616358325219085,0.7742582197273455,,0.5277777777777778,True,
FP2,VP004_B,"{""C"": 1.8329807108324356, ""gamma"": ""auto""}",0.8439628482972137,0.8055555555555556,0.8054054054054054,0.8065015479876161,,0.6111111111111112,True,
FP2,VP005_B,"{""C"": 100.0, ""gamma"": ""scale""}",0.8361098465265936,0.7916666666666666,0.7916264711557013,0.7918918918918919,,0.5833333333333333,True,
FP2,VP006_B,"{""C"": 0.42813323987193935, ""gamma"": ""scale""}",0.8583060003858769,0.75,0.737012987012987,0.8115384615384615,,0.5,True,
FP2,VP007_B,"{""C"": 5.455594781168517, ""gamma"": ""scale""}",0.8444012225618227,0.8333333333333334,0.8328173374613003,0.8375,,0.6666666666666667,True,
FP2,VP008_B,"{""C"": 5.455594781168517, ""gamma"": ""scale""}",0.8358260869565217,0.9861111111111112,0.9861084314103801,0.9864864864864865,,0.9722222222222222,True,
FP2,VP009_B,"{""C"": 1.2742749857031335, ""gamma"": ""scale""}",0.8357448322261833,0.8611111111111112,0.8606811145510835,0.865625,,0.7222222222222222,True,
FP2,VP010_B,"{""C"": 11.288378916846883, ""gamma"": ""scale""}",0.8165250965250965,0.7916666666666666,0.791304347826087,0.7937062937062938,,0.5833333333333333,True,
FP2,VP011_B,"{""C"": 3.79269019073225, ""gamma"": ""auto""}",0.8444396431988641,0.75,0.7492260061919505,0.753125,,0.5,True,
FP2,VP012_B,"{""C"": 1.2742749857031335, ""gamma"": ""scale""}",0.8637111665675148,0.9722222222222222,0.9722222222222222,0.9722222222222222,,0.9444444444444444,True,
FP2,VP013_B,"{""C"": 3.79269019073225, ""gamma"": ""scale""}",0.8305542481037662,0.9166666666666666,0.9164086687306501,0.921875,,0.8333333333333334,True,
FP2,VP014_B,"{""C"": 0.8858667904100825, ""gamma"": ""scale""}",0.8359579545717839,0.9305555555555556,0.9305421570519004,0.930888030888031,,0.8611111111111112,True,
FP2,VP015_B,"{""C"": 7.847599703514611, ""gamma"": ""scale""}",0.8222002716384739,0.8888888888888888,0.8888030888030888,0.890092879256966,,0.7777777777777778,True,
FP2,VP016_B,"{""C"": 2.636650898730358, ""gamma"": ""auto""}",0.824836459966481,0.8194444444444444,0.8177215189873418,0.8319967923015237,,0.6388888888888888,True,
FP2,VP017_B,"{""C"": 0.6158482110660264, ""gamma"": ""scale""}",0.8275169237426974,0.875,0.8747826086956522,0.8776223776223776,,0.75,True,
FP2,VP018_B,"{""C"": 0.42813323987193935, ""gamma"": ""scale""}",0.8416654449494209,0.875,0.8747826086956522,0.8776223776223776,,0.75,True,
FP2,VP019_B,"{""C"": 2.636650898730358, ""gamma"": ""scale""}",0.85272209400159,0.7916666666666666,0.7906571040899399,0.7974036191974823,,0.5833333333333333,True,
FP2,VP020_B,"{""C"": 11.288378916846883, ""gamma"": ""scale""}",0.7969574522332362,0.8055555555555556,0.8017309205350118,0.8311036789297659,,0.6111111111111112,True,
FP2,VP021_B,"{""C"": 2.636650898730358, ""gamma"": ""auto""}",0.8499583217560434,0.9027777777777778,0.9027590198726606,0.9030888030888031,,0.8055555555555556,True,
FP2,VP022_B,"{""C"": 16.23776739188721, ""gamma"": ""scale""}",0.8777626867514507,0.8194444444444444,0.8194096083349411,0.8196911196911197,,0.6388888888888888,True,
FP2,VP023_B,"{""C"": 1.8329807108324356, ""gamma"": ""scale""}",0.8583060003858769,0.75,0.7492260061919505,0.753125,,0.5,True,
FP2,VP024_B,"{""C"": 1.2742749857031335, ""gamma"": ""scale""}",0.8415676464456953,0.6805555555555556,0.650853889943074,0.7736842105263158,,0.36111111111111116,True,
FP2,VP025_B,"{""C"": 0.8858667904100825, ""gamma"": ""scale""}",0.8222167350844162,0.9861111111111112,0.9861084314103801,0.9864864864864865,,0.9722222222222222,True,
FP2,VP026_B,"{""C"": 1.8329807108324356, ""gamma"": ""scale""}",0.8388441233676021,0.8055555555555556,0.804953560371517,0.809375,,0.6111111111111112,True,
AFF6,VP001_B,"{""C"": 1.8329807108324356, ""gamma"": ""scale""}",0.8361098465265936,0.75,0.737012987012987,0.8115384615384615,,0.5,True,
AFF6,VP002_B,"{""C"": 1.2742749857031335, ""gamma"": ""scale""}",0.802703182530432,0.6805555555555556,0.6729211929685956,0.6991489361702128,,0.36111111111111116,True,
AFF6,VP003_B,"{""C"": 23.357214690901213, ""gamma"": ""scale""}",0.8194096083349411,0.7916666666666666,0.7906571040899399,0.7974036191974823,,0.5833333333333333,True,
AFF6,VP004_B,"{""C"": 3.79269019073225, ""gamma"": ""scale""}",0.8108250131371519,0.6388888888888888,0.6363636363636364,0.6428571428571428,,0.2777777777777778,True,
AFF6,VP005_B,"{""C"": 1.2742749857031335, ""gamma"": ""scale""}",0.8499583217560434,0.7638888888888888,0.7616358325219085,0.7742582197273455,,0.5277777777777778,True,
AFF6,VP006_B,"{""C"": 3.79269019073225, ""gamma"": ""scale""}",0.8388839161702522,0.8194444444444444,0.8194096083349411,0.8196911196911197,,0.6388888888888888,True,
AFF6,VP007_B,"{""C"": 1.8329807108324356, ""gamma"": ""scale""}",0.830543787763039,0.8888888888888888,0.8885448916408669,0.89375,,0.7777777777777778,True,
AFF6,VP008_B,"{""C"": 11.288378916846883, ""gamma"": ""scale""}",0.847192745514181,0.9444444444444444,0.9442724458204335,0.95,,0.8888888888888888,True,
AFF6,VP009_B,"{""C"": 1.2742749857031335, ""gamma"": ""scale""}",0.85,0.7916666666666666,0.7916264711557013,0.7918918918918919,,0.5833333333333333,True,
AFF6,VP010_B,"{""C"": 3.79269019073225, ""gamma"": ""scale""}",0.8555510972560882,0.8194444444444444,0.8194096083349411,0.8196911196911197,,0.6388888888888888,True,
AFF6,VP011_B,"{""C"": 3.79269019073225, ""gamma"": ""scale""}",0.8027397260273973,0.7222222222222222,0.7222222222222222,0.7222222222222222,,0.4444444444444444,True,
AFF6,VP012_B,"{""C"": 33.59818286283781, ""gamma"": ""scale""}",0.8249338098509467,0.9305555555555556,0.9302190346966466,0.9390243902439024,,0.8611111111111112,True,
AFF6,VP013_B,"{""C"": 2.636650898730358, ""gamma"": ""scale""}",0.8220244716351501,0.9305555555555556,0.9304347826086956,0.9335664335664335,,0.8611111111111112,True,
AFF6,VP014_B,"{""C"": 33.59818286283781, ""gamma"": ""scale""}",0.8277299249791609,0.9444444444444444,0.9444444444444444,0.9444444444444444,,0.8888888888888888,True,
AFF6,VP015_B,"{""C"": 2.636650898730358, ""gamma"": ""scale""}",0.8082608393605607,0.875,0.8749758826934207,0.8752895752895753,,0.75,True,
AFF6,VP016_B,"{""C"": 1.8329807108324356, ""gamma"": ""scale""}",0.8214285714285714,0.9166666666666666,0.9166666666666666,0.9166666666666666,,0.8333333333333334,True,
AFF6,VP017_B,"{""C"": 1.2742749857031335, ""gamma"": ""scale""}",0.8193761530208181,0.7916666666666666,0.7883597883597884,0.8111111111111111,,0.5833333333333333,True,
AFF6,VP018_B,"{""C"": 1.8329807108324356, ""gamma"": ""scale""}",0.8304914666810754,0.9166666666666666,0.9166023166023166,0.9179566563467492,,0.8333333333333334,True,
AFF6,VP019_B,"{""C"": 5.455594781168517, ""gamma"": ""scale""}",0.8222167350844162,0.8055555555555556,0.8054054054054054,0.8065015479876161,,0.6111111111111112,True,
AFF6,VP020_B,"{""C"": 1.8329807108324356, ""gamma"": ""scale""}",0.8360997291478576,0.8472222222222222,0.8464818763326225,0.8540519276160503,,0.6944444444444444,True,
AFF6,VP021_B,"{""C"": 1.2742749857031335, ""gamma"": ""scale""}",0.8138759636085839,0.8888888888888888,0.8885448916408669,0.89375,,0.7777777777777778,True,
AFF6,VP022_B,"{""C"": 7.847599703514611, ""gamma"": ""scale""}",0.8357448322261833,0.7638888888888888,0.7627447179685987,0.7690794649881982,,0.5277777777777778,True,
AFF6,VP023_B,"{""C"": 2.636650898730358, ""gamma"": ""scale""}",0.8499583217560434,0.75,0.746875,0.762987012987013,,0.5,True,
AFF6,VP024_B,"{""C"": 100.0, ""gamma"": ""scale""}",0.824771499872519,0.625,0.6123629112662015,0.6437444543034605,,0.25,True,
AFF6,VP025_B,"{""C"": 7.847599703514611, ""gamma"": ""scale""}",0.808,0.9861111111111112,0.9861084314103801,0.9864864864864865,,0.9722222222222222,True,
AFF6,VP026_B,"{""C"": 1.8329807108324356, ""gamma"": ""scale""}",0.8055015282022784,0.7638888888888888,0.7627447179685987,0.7690794649881982,,0.5277777777777778,True,
F2,VP001_B,"{""C"": 0.8858667904100825, ""gamma"": ""scale""}",0.760926640926641,0.6388888888888888,0.6285714285714286,0.65625,,0.2777777777777778,True,
F2,VP002_B,"{""C"": 5.455594781168517, ""gamma"": ""scale""}",0.8249878463782208,0.6805555555555556,0.6660617059891107,0.7184873949579832,,0.36111111111111116,True,
F2,VP003_B,"{""C"": 1.2742749857031335, ""gamma"": ""scale""}",0.7941331025316065,0.8333333333333334,0.8321678321678322,0.8428571428571429,,0.6666666666666667,True,
F2,VP004_B,"{""C"": 5.455594781168517, ""gamma"": ""scale""}",0.7915363769022306,0.7083333333333334,0.7082770596179818,0.7084942084942085,,0.41666666666666663,True,
F2,VP005_B,"{""C"": 5.455594781168517, ""gamma"": ""scale""}",0.7943428853754941,0.7222222222222222,0.7222222222222222,0.7222222222222222,,0.4444444444444444,True,
F2,VP006_B,"{""C"": 1.8329807108324356, ""gamma"": ""scale""}",0.8221728257849403,0.7638888888888888,0.7638433339764614,0.7640926640926642,,0.5277777777777778,True,
F2,VP007_B,"{""C"": 1.2742749857031335, ""gamma"": ""scale""}",0.7941331025316065,0.8194444444444444,0.8185694902112812,0.8257277734067663,,0.6388888888888888,True,
F2,VP008_B,"{""C"": 2.636650898730358, ""gamma"": ""scale""}",0.8165760869565217,0.8194444444444444,0.8185694902112812,0.8257277734067663,,0.6388888888888888,True,
F2,VP009_B,"{""C"": 1.2742749857031335, ""gamma"": ""scale""}",0.8194096083349411,0.8194444444444444,0.8191304347826087,0.8216783216783217,,0.6388888888888888,True,
F2,VP010_B,"{""C"": 2.636650898730358, ""gamma"": ""scale""}",0.7777503395480924,0.7638888888888888,0.7627447179685987,0.7690794649881982,,0.5277777777777778,True,
F2,VP011_B,"{""C"": 0.6158482110660264, ""gamma"": ""scale""}",0.7805403152996736,0.6527777777777778,0.6494644595910419,0.6587810745789896,,0.3055555555555556,True,
F2,VP012_B,"{""C"": 3.79269019073225, ""gamma"": ""scale""}",0.8055555555555556,0.9583333333333334,0.9582608695652174,0.9615384615384616,,0.9166666666666666,True,
F2,VP013_B,"{""C"": 1.2742749857031335, ""gamma"": ""scale""}",0.8110177865612648,0.9166666666666666,0.9164086687306501,0.921875,,0.8333333333333334,True,
F2,VP014_B,"{""C"": 1.2742749857031335, ""gamma"": ""scale""}",0.8277777777777777,0.9444444444444444,0.9444015444015443,0.9458204334365325,,0.8888888888888888,True,
F2,VP015_B,"{""C"": 3.79269019073225, ""gamma"": ""scale""}",0.7857391304347826,0.8888888888888888,0.8881118881118881,0.9,,0.7777777777777778,True,
F2,VP016_B,"{""C"": 0.8858667904100825, ""gamma"": ""scale""}",0.763229365748729,0.9166666666666666,0.9164086687306501,0.921875,,0.8333333333333334,True,
F2,VP017_B,"{""C"": 7.847599703514611, ""gamma"": ""scale""}",0.7944190640819855,0.625,0.6214216163583253,0.6299117882919005,,0.25,True,
F2,VP018_B,"{""C"": 69.51927961775604, ""gamma"": ""scale""}",0.7972081394541287,0.7638888888888888,0.7638433339764614,0.7640926640926642,,0.5277777777777778,True,
F2,VP019_B,"{""C"": 3.79269019073225, ""gamma"": ""scale""}",0.7831660231660231,0.8055555555555556,0.804953560371517,0.809375,,0.6111111111111112,True,
F2,VP020_B,"{""C"": 0.6158482110660264, ""gamma"": ""scale""}",0.8082134667500521,0.8194444444444444,0.8191304347826087,0.8216783216783217,,0.6388888888888888,True,
F2,VP021_B,"{""C"": 1.8329807108324356, ""gamma"": ""scale""}",0.8136458808168059,0.9027777777777778,0.9027590198726606,0.9030888030888031,,0.8055555555555556,True,
F2,VP022_B,"{""C"": 1.2742749857031335, ""gamma"": ""scale""}",0.8221728257849403,0.7222222222222222,0.7202797202797203,0.7285714285714286,,0.4444444444444444,True,
F2,VP023_B,"{""C"": 1.2742749857031335, ""gamma"": ""scale""}",0.8128360919058593,0.7638888888888888,0.7616358325219085,0.7742582197273455,,0.5277777777777778,True,
F2,VP024_B,"{""C"": 2.636650898730358, ""gamma"": ""scale""}",0.8277724621130282,0.6527777777777778,0.626788306033589,0.7117647058823529,,0.3055555555555556,True,
F2,VP025_B,"{""C"": 16.23776739188721, ""gamma"": ""scale""}",0.8027640808389471,0.9861111111111112,0.9861084314103801,0.9864864864864865,,0.9722222222222222,True,
F2,VP026_B,"{""C"": 2.636650898730358, ""gamma"": ""scale""}",0.7776061776061776,0.7361111111111112,0.7348323318472572,0.7407553107789142,,0.4722222222222222,True,
FC2,VP001_B,"{""C"": 3.79269019073225, ""gamma"": ""scale""}",0.830522863206637,0.6666666666666666,0.6571428571428571,0.6875,,0.33333333333333337,True,
FC2,VP002_B,"{""C"": 0.29763514416313175, ""gamma"": ""scale""}",0.7608453837597331,0.625,0.5901328273244781,0.6894736842105263,,0.25,True,
FC2,VP003_B,"{""C"": 3.79269019073225, ""gamma"": ""scale""}",0.802703182530432,0.8055555555555556,0.8054054054054054,0.8065015479876161,,0.6111111111111112,True,
FC2,VP004_B,"{""C"": 1.2742749857031335, ""gamma"": ""scale""}",0.7944190640819855,0.7083333333333334,0.7082770596179818,0.7084942084942085,,0.41666666666666663,True,
FC2,VP005_B,"{""C"": 3.79269019073225, ""gamma"": ""scale""}",0.8111052810271921,0.6944444444444444,0.6942084942084943,0.695046439628483,,0.38888888888888884,True,
FC2,VP006_B,"{""C"": 1.8329807108324356, ""gamma"": ""scale""}",0.8054594861660079,0.7222222222222222,0.722007722007722,0.7229102167182663,,0.4444444444444444,True,
FC2,VP007_B,"{""C"": 3.79269019073225, ""gamma"": ""scale""}",0.7859773469529567,0.8333333333333334,0.8300550747442959,0.8612040133779264,,0.6666666666666667,True,
FC2,VP008_B,"{""C"": 1.8329807108324356, ""gamma"": ""scale""}",0.7969574522332362,0.8055555555555556,0.804953560371517,0.809375,,0.6111111111111112,True,
FC2,VP009_B,"{""C"": 2.636650898730358, ""gamma"": ""scale""}",0.8333333333333334,0.7916666666666666,0.7866877345447363,0.8217021276595745,,0.5833333333333333,True,
FC2,VP010_B,"{""C"": 3.79269019073225, ""gamma"": ""scale""}",0.7833266458841321,0.7916666666666666,0.791304347826087,0.7937062937062938,,0.5833333333333333,True,
FC2,VP011_B,"{""C"": 1.8329807108324356, ""gamma"": ""scale""}",0.786096256684492,0.5972222222222222,0.5734422880490296,0.625124131082423,,0.19444444444444442,True,
FC2,VP012_B,"{""C"": 2.636650898730358, ""gamma"": ""scale""}",0.7663132515223641,0.9027777777777778,0.9018500486854917,0.9186046511627908,,0.8055555555555556,True,
FC2,VP013_B,"{""C"": 1.8329807108324356, ""gamma"": ""scale""}",0.766637856525497,0.8055555555555556,0.804953560371517,0.809375,,0.6111111111111112,True,
FC2,VP014_B,"{""C"": 5.455594781168517, ""gamma"": ""scale""}",0.766637856525497,0.9444444444444444,0.9442724458204335,0.95,,0.8888888888888888,True,
FC2,VP015_B,"{""C"": 3.79269019073225, ""gamma"": ""scale""}",0.8277299249791609,0.8611111111111112,0.8601398601398602,0.8714285714285714,,0.7222222222222222,True,
FC2,VP016_B,"{""C"": 48.32930238571752, ""gamma"": ""scale""}",0.7804183170036828,0.9027777777777778,0.9027590198726606,0.9030888030888031,,0.8055555555555556,True,
FC2,VP017_B,"{""C"": 3.79269019073225, ""gamma"": ""scale""}",0.7971830985915493,0.6527777777777778,0.6494644595910419,0.6587810745789896,,0.3055555555555556,True,
FC2,VP018_B,"{""C"": 1.8329807108324356, ""gamma"": ""scale""}",0.8166440301271762,0.7222222222222222,0.7142857142857142,0.75,,0.4444444444444444,True,
FC2,VP019_B,"{""C"": 1.2742749857031335, ""gamma"": ""scale""}",0.7999753055932831,0.7916666666666666,0.7906571040899399,0.7974036191974823,,0.5833333333333333,True,
FC2,VP020_B,"{""C"": 11.288378916846883, ""gamma"": ""scale""}",0.799901185770751,0.8194444444444444,0.8191304347826087,0.8216783216783217,,0.6388888888888888,True,
FC2,VP021_B,"{""C"": 1.8329807108324356, ""gamma"": ""scale""}",0.7999444290080577,0.875,0.8747826086956522,0.8776223776223776,,0.75,True,
FC2,VP022_B,"{""C"": 23.357214690901213, ""gamma"": ""scale""}",0.7554876354542928,0.7083333333333334,0.7078260869565217,0.7097902097902098,,0.41666666666666663,True,
FC2,VP023_B,"{""C"": 1.2742749857031335, ""gamma"": ""scale""}",0.8027762559896295,0.7083333333333334,0.7078260869565217,0.7097902097902098,,0.41666666666666663,True,
FC2,VP024_B,"{""C"": 5.455594781168517, ""gamma"": ""scale""}",0.78330658105939,0.625,0.6028600612870276,0.6608738828202582,,0.25,True,
FC2,VP025_B,"{""C"": 33.59818286283781, ""gamma"": ""auto""}",0.7459972862957938,0.9861111111111112,0.9861084314103801,0.9864864864864865,,0.9722222222222222,True,
FC2,VP026_B,"{""C"": 7.847599703514611, ""gamma"": ""scale""}",0.8138874528352842,0.75,0.7450826121164438,0.7709030100334449,,0.5,True,
FC6,VP001_B,"{""C"": 48.32930238571752, ""gamma"": ""scale""}",0.7803504815452699,0.6944444444444444,0.6785714285714286,0.7423076923076923,,0.38888888888888884,True,
FC6,VP002_B,"{""C"": 1.8329807108324356, ""gamma"": ""scale""}",0.8138529808990932,0.625,0.5969313705162762,0.6732620320855615,,0.25,True,
FC6,VP003_B,"{""C"": 1.8329807108324356, ""gamma"": ""scale""}",0.7721096837944664,0.8194444444444444,0.8191304347826087,0.8216783216783217,,0.6388888888888888,True,
FC6,VP004_B,"{""C"": 2.636650898730358, ""gamma"": ""scale""}",0.7915363769022306,0.625,0.6214216163583253,0.6299117882919005,,0.25,True,
FC6,VP005_B,"{""C"": 69.51927961775604, ""gamma"": ""scale""}",0.7972081394541287,0.7361111111111112,0.7348323318472572,0.7407553107789142,,0.4722222222222222,True,
FC6,VP006_B,"{""C"": 3.79269019073225, ""gamma"": ""scale""}",0.8027762559896295,0.6944444444444444,0.6934984520123839,0.696875,,0.38888888888888884,True,
FC6,VP007_B,"{""C"": 3.79269019073225, ""gamma"": ""scale""}",0.7972206575668022,0.8472222222222222,0.8447971781305115,0.8703703703703703,,0.6944444444444444,True,
FC6,VP008_B,"{""C"": 7.847599703514611, ""gamma"": ""scale""}",0.7888628225706877,0.8055555555555556,0.804953560371517,0.809375,,0.6111111111111112,True,
FC6,VP009_B,"{""C"": 33.59818286283781, ""gamma"": ""scale""}",0.7691434045939536,0.7361111111111112,0.7335929892891919,0.7453889334402566,,0.4722222222222222,True,
FC6,VP010_B,"{""C"": 100.0, ""gamma"": ""scale""}",0.78330658105939,0.7916666666666666,0.791304347826087,0.7937062937062938,,0.5833333333333333,True,
FC6,VP011_B,"{""C"": 48.32930238571752, ""gamma"": ""scale""}",0.7971455257003033,0.6805555555555556,0.6729211929685956,0.6991489361702128,,0.36111111111111116,True,
FC6,VP012_B,"{""C"": 0.8858667904100825, ""gamma"": ""scale""}",0.7735303939918763,0.9166666666666666,0.916083916083916,0.9285714285714286,,0.8333333333333334,True,
FC6,VP013_B,"{""C"": 11.288378916846883, ""gamma"": ""scale""}",0.791304347826087,0.875,0.873807205452775,0.8897353648757017,,0.75,True,
FC6,VP014_B,"{""C"": 11.288378916846883, ""gamma"": ""scale""}",0.8108250131371519,0.8888888888888888,0.8881118881118881,0.9,,0.7777777777777778,True,
FC6,VP015_B,"{""C"": 0.8858667904100825, ""gamma"": ""scale""}",0.8027762559896295,0.8333333333333334,0.8321678321678322,0.8428571428571429,,0.6666666666666667,True,
FC6,VP016_B,"{""C"": 48.32930238571752, ""gamma"": ""scale""}",0.7916521980693103,0.8472222222222222,0.8464818763326225,0.8540519276160503,,0.6944444444444444,True,
FC6,VP017_B,"{""C"": 3.79269019073225, ""gamma"": ""scale""}",0.7610447346485134,0.6805555555555556,0.6754850088183422,0.6925925925925926,,0.36111111111111116,True,
FC6,VP018_B,"{""C"": 1.2742749857031335, ""gamma"": ""scale""}",0.7883597883597884,0.8611111111111112,0.8610038610038611,0.8622291021671826,,0.7222222222222222,True,
FC6,VP019_B,"{""C"": 16.23776739188721, ""gamma"": ""scale""}",0.7805403152996736,0.7361111111111112,0.7356521739130435,0.7377622377622377,,0.4722222222222222,True,
FC6,VP020_B,"{""C"": 16.23776739188721, ""gamma"": ""scale""}",0.7796561582384889,0.8472222222222222,0.847192745514181,0.8474903474903475,,0.6944444444444444,True,
FC6,VP021_B,"{""C"": 48.32930238571752, ""gamma"": ""scale""}",0.7860698437198533,0.8611111111111112,0.8611111111111112,0.8611111111111112,,0.7222222222222222,True,
FC6,VP022_B,"{""C"": 1.8329807108324356, ""gamma"": ""scale""}",0.7820146565644019,0.625,0.6160379221805253,0.637872340425532,,0.25,True,
FC6,VP023_B,"{""C"": 0.6158482110660264, ""gamma"": ""scale""}",0.808,0.7361111111111112,0.7205311542390194,0.8038728897715988,,0.4722222222222222,True,
FC6,VP024_B,"{""C"": 69.51927961775604, ""gamma"": ""scale""}",0.8194319049934022,0.6111111111111112,0.60625,0.6168831168831169,,0.2222222222222222,True,
FC6,VP025_B,"{""C"": 5.455594781168517, ""gamma"": ""scale""}",0.78330658105939,0.9861111111111112,0.9861084314103801,0.9864864864864865,,0.9722222222222222,True,
FC6,VP026_B,"{""C"": 1.8329807108324356, ""gamma"": ""scale""}",0.7914719761505726,0.75,0.7401764234161989,0.7945454545454546,,0.5,True,
C4,VP001_B,"{""C"": 1.8329807108324356, ""gamma"": ""scale""}",0.8192086903446625,0.5972222222222222,0.5734422880490296,0.625124131082423,,0.19444444444444442,True,
C4,VP002_B,"{""C"": 69.51927961775604, ""gamma"": ""scale""}",0.7825211437776882,0.6527777777777778,0.6444795575745605,0.6685106382978723,,0.3055555555555556,True,
C4,VP003_B,"{""C"": 0.6158482110660264, ""gamma"": ""scale""}",0.7944190640819855,0.75,0.7492260061919505,0.753125,,0.5,True,
C4,VP004_B,"{""C"": 0.8858667904100825, ""gamma"": ""scale""}",0.7805403152996736,0.6944444444444444,0.6934984520123839,0.696875,,0.38888888888888884,True,
C4,VP005_B,"{""C"": 3.79269019073225, ""gamma"": ""scale""}",0.7916521980693103,0.8055555555555556,0.8055555555555556,0.8055555555555556,,0.6111111111111112,True,
C4,VP006_B,"{""C"": 1.8329807108324356, ""gamma"": ""scale""}",0.7888628225706877,0.6944444444444444,0.6934984520123839,0.696875,,0.38888888888888884,True,
C4,VP007_B,"{""C"": 1.8329807108324356, ""gamma"": ""scale""}",0.7749982638754929,0.8055555555555556,0.8,0.84375,,0.6111111111111112,True,
C4,VP008_B,"{""C"": 16.23776739188721, ""gamma"": ""scale""}",0.7553667953667953,0.8194444444444444,0.8194096083349411,0.8196911196911197,,0.6388888888888888,True,
C4,VP009_B,"{""C"": 11.288378916846883, ""gamma"": ""scale""}",0.786096256684492,0.7777777777777778,0.7714285714285714,0.8125,,0.5555555555555556,True,
C4,VP010_B,"{""C"": 48.32930238571752, ""gamma"": ""scale""}",0.7663132515223641,0.8472222222222222,0.8469565217391304,0.8496503496503496,,0.6944444444444444,True,
C4,VP011_B,"{""C"": 11.288378916846883, ""gamma"": ""scale""}",0.8111052810271921,0.5416666666666666,0.4788330774292608,0.5804769001490313,,0.08333333333333337,True,
C4,VP012_B,"{""C"": 1.2742749857031335, ""gamma"": ""scale""}",0.7471734516689177,0.8888888888888888,0.8875,0.9090909090909092,,0.7777777777777778,True,
C4,VP013_B,"{""C"": 16.23776739188721, ""gamma"": ""scale""}",0.8055495539985802,0.8333333333333334,0.83125,0.8506493506493507,,0.6666666666666667,True,
C4,VP014_B,"{""C"": 3.79269019073225, ""gamma"": ""scale""}",0.7666594647982963,0.9027777777777778,0.9018500486854917,0.9186046511627908,,0.8055555555555556,True,
C4,VP015_B,"{""C"": 7.847599703514611, ""gamma"": ""scale""}",0.7666594647982963,0.8055555555555556,0.803125,0.8214285714285714,,0.6111111111111112,True,
C4,VP016_B,"{""C"": 16.23776739188721, ""gamma"": ""scale""}",0.786030212040046,0.8472222222222222,0.8447971781305115,0.8703703703703703,,0.6944444444444444,True,
C4,VP017_B,"{""C"": 23.357214690901213, ""gamma"": ""scale""}",0.7749982638754929,0.7222222222222222,0.7202797202797203,0.7285714285714286,,0.4444444444444444,True,
C4,VP018_B,"{""C"": 0.8858667904100825, ""gamma"": ""scale""}",0.8055555555555556,0.6111111111111112,0.5527950310559007,0.7322580645161291,,0.2222222222222222,True,
C4,VP019_B,"{""C"": 1.8329807108324356, ""gamma"": ""scale""}",0.8055555555555556,0.7222222222222222,0.7213622291021672,0.725,,0.4444444444444444,True,
C4,VP020_B,"{""C"": 7.847599703514611, ""gamma"": ""scale""}",0.7693572415496599,0.875,0.8747826086956522,0.8776223776223776,,0.75,True,
C4,VP021_B,"{""C"": 0.6158482110660264, ""gamma"": ""scale""}",0.7499922837124602,0.9027777777777778,0.9026086956521739,0.9055944055944056,,0.8055555555555556,True,
C4,VP022_B,"{""C"": 11.288378916846883, ""gamma"": ""scale""}",0.7888823729127442,0.6805555555555556,0.6804939224387421,0.6806949806949807,,0.36111111111111116,True,
C4,VP023_B,"{""C"": 11.288378916846883, ""gamma"": ""scale""}",0.8192086903446625,0.6944444444444444,0.6942084942084943,0.695046439628483,,0.38888888888888884,True,
C4,VP024_B,"{""C"": 0.8858667904100825, ""gamma"": ""scale""}",0.8194430512581116,0.5694444444444444,0.5440245148110316,0.5893743793445878,,0.13888888888888884,True,
C4,VP025_B,"{""C"": 0.6158482110660264, ""gamma"": ""scale""}",0.7721940980367947,1.0,1.0,1.0,,1.0,True,
C4,VP026_B,"{""C"": 1.8329807108324356, ""gamma"": ""scale""}",0.7749843739148552,0.8472222222222222,0.8457643622200585,0.8608660785886126,,0.6944444444444444,True,
T8,VP001_B,"{""C"": 100.0, ""gamma"": ""scale""}",0.7496213409168186,0.6111111111111112,0.5909090909090908,0.6384615384615384,,0.2222222222222222,True,
T8,VP002_B,"{""C"": 0.8858667904100825, ""gamma"": ""scale""}",0.7404148090715255,0.6111111111111112,0.5785953177257526,0.6607142857142857,,0.2222222222222222,True,
T8,VP003_B,"{""C"": 11.288378916846883, ""gamma"": ""scale""}",0.7575081875827469,0.7083333333333334,0.7055501460564753,0.7165196471531676,,0.41666666666666663,True,
T8,VP004_B,"{""C"": 0.8858667904100825, ""gamma"": ""scale""}",0.7605123920913395,0.5972222222222222,0.5836490528414755,0.6118012422360248,,0.19444444444444442,True,
T8,VP005_B,"{""C"": 2.636650898730358, ""gamma"": ""scale""}",0.749505195447798,0.7083333333333334,0.7013628283626308,0.7297872340425532,,0.41666666666666663,True,
T8,VP006_B,"{""C"": 1.8329807108324356, ""gamma"": ""scale""}",0.7428890821016023,0.6388888888888888,0.6363636363636364,0.6428571428571428,,0.2777777777777778,True,
T8,VP007_B,"{""C"": 2.636650898730358, ""gamma"": ""scale""}",0.7554347826086957,0.7361111111111112,0.7272183449651046,0.7715173025732032,,0.4722222222222222,True,
T8,VP008_B,"{""C"": 1.8329807108324356, ""gamma"": ""scale""}",0.7010964452824918,0.7777777777777778,0.775,0.7922077922077921,,0.5555555555555556,True,
T8,VP009_B,"{""C"": 2.636650898730358, ""gamma"": ""scale""}",0.7527606083755816,0.6527777777777778,0.6322778345250255,0.6966236345580934,,0.3055555555555556,True,
T8,VP010_B,"{""C"": 1.8329807108324356, ""gamma"": ""scale""}",0.7605123920913395,0.7222222222222222,0.7113071371291099,0.7618181818181818,,0.4444444444444444,True,
T8,VP011_B,"{""C"": 33.59818286283781, ""gamma"": ""scale""}",0.749969131991604,0.6805555555555556,0.6729211929685956,0.6991489361702128,,0.36111111111111116,True,
T8,VP012_B,"{""C"": 5.455594781168517, ""gamma"": ""scale""}",0.7328055418109847,0.8194444444444444,0.8165784832451499,0.8407407407407408,,0.6388888888888888,True,
T8,VP013_B,"{""C"": 11.288378916846883, ""gamma"": ""scale""}",0.7428890821016023,0.8194444444444444,0.8133599202392822,0.8673469387755102,,0.6388888888888888,True,
T8,VP014_B,"{""C"": 3.79269019073225, ""gamma"": ""scale""}",0.7388566489690085,0.8611111111111112,0.859375,0.8798701298701299,,0.7222222222222222,True,
T8,VP015_B,"{""C"": 0.8858667904100825, ""gamma"": ""scale""}",0.7232038148789599,0.8194444444444444,0.8177215189873418,0.8319967923015237,,0.6388888888888888,True,
T8,VP016_B,"{""C"": 16.23776739188721, ""gamma"": ""scale""}",0.7382344750765804,0.6666666666666666,0.6323404255319149,0.7660098522167488,,0.33333333333333337,True,
T8,VP017_B,"{""C"": 0.42813323987193935, ""gamma"": ""scale""}",0.7269349845201238,0.75,0.7450826121164438,0.7709030100334449,,0.5,True,
T8,VP018_B,"{""C"": 3.79269019073225, ""gamma"": ""scale""}",0.7357665474268142,0.6666666666666666,0.6571428571428571,0.6875,,0.33333333333333337,True,
T8,VP019_B,"{""C"": 11.288378916846883, ""gamma"": ""scale""}",0.736011300568888,0.7222222222222222,0.722007722007722,0.7229102167182663,,0.4444444444444444,True,
T8,VP020_B,"{""C"": 16.23776739188721, ""gamma"": ""scale""}",0.710789766407119,0.8055555555555556,0.8041958041958042,0.8142857142857143,,0.6111111111111112,True,
T8,VP021_B,"{""C"": 7.847599703514611, ""gamma"": ""scale""}",0.7216724393864424,0.8055555555555556,0.8041958041958042,0.8142857142857143,,0.6111111111111112,True,
T8,VP022_B,"{""C"": 16.23776739188721, ""gamma"": ""auto""}",0.7445235551465714,0.5416666666666666,0.5307130159984199,0.5459574468085107,,0.08333333333333337,True,
T8,VP023_B,"{""C"": 7.847599703514611, ""gamma"": ""scale""}",0.7359460774094921,0.6944444444444444,0.6857142857142857,0.71875,,0.38888888888888884,True,
T8,VP024_B,"{""C"": 1.2742749857031335, ""gamma"": ""scale""}",0.7799425869899952,0.5138888888888888,0.45864661654135336,0.5234680573663624,,0.02777777777777779,True,
T8,VP025_B,"{""C"": 7.847599703514611, ""gamma"": ""scale""}",0.7274749721913236,0.9305555555555556,0.9304347826086956,0.9335664335664335,,0.8611111111111112,True,
T8,VP026_B,"{""C"": 1.2742749857031335, ""gamma"": ""scale""}",0.7189565217391305,0.8055555555555556,0.8017309205350118,0.8311036789297659,,0.6111111111111112,True,
CP2,VP001_B,"{""C"": 0.8858667904100825, ""gamma"": ""scale""}",0.7941331025316065,0.5833333333333334,0.5669607056936649,0.5981818181818181,,0.16666666666666663,True,
CP2,VP002_B,"{""C"": 2.636650898730358, ""gamma"": ""scale""}",0.8054054054054054,0.5277777777777778,0.4962962962962963,0.537037037037037,,0.05555555555555558,True,
CP2,VP003_B,"{""C"": 2.636650898730358, ""gamma"": ""scale""}",0.7940376051459673,0.8055555555555556,0.803125,0.8214285714285714,,0.6111111111111112,True,
CP2,VP004_B,"{""C"": 7.847599703514611, ""gamma"": ""scale""}",0.7715170278637771,0.7361111111111112,0.7348323318472572,0.7407553107789142,,0.4722222222222222,True,
CP2,VP005_B,"{""C"": 16.23776739188721, ""gamma"": ""scale""}",0.7888823729127442,0.625,0.6190476190476191,0.6333333333333333,,0.25,True,
CP2,VP006_B,"{""C"": 1.8329807108324356, ""gamma"": ""scale""}",0.7804183170036828,0.6666666666666666,0.6664092664092665,0.6671826625386997,,0.33333333333333337,True,
CP2,VP007_B,"{""C"": 5.455594781168517, ""gamma"": ""scale""}",0.7719688542825361,0.7361111111111112,0.7205311542390194,0.8038728897715988,,0.4722222222222222,True,
CP2,VP008_B,"{""C"": 1.8329807108324356, ""gamma"": ""scale""}",0.7665513833992095,0.7916666666666666,0.7916264711557013,0.7918918918918919,,0.5833333333333333,True,
CP2,VP009_B,"{""C"": 5.455594781168517, ""gamma"": ""scale""}",0.7830923248053392,0.8333333333333334,0.8300550747442959,0.8612040133779264,,0.6666666666666667,True,
CP2,VP010_B,"{""C"": 5.455594781168517, ""gamma"": ""scale""}",0.7888302306196165,0.9027777777777778,0.9026086956521739,0.9055944055944056,,0.8055555555555556,True,
CP2,VP011_B,"{""C"": 5.455594781168517, ""gamma"": ""scale""}",0.7826625386996904,0.5138888888888888,0.4032678190859579,0.5537313432835821,,0.02777777777777779,True,
CP2,VP012_B,"{""C"": 16.23776739188721, ""gamma"": ""scale""}",0.7942157953281423,0.8055555555555556,0.803125,0.8214285714285714,,0.6111111111111112,True,
CP2,VP013_B,"{""C"": 0.8858667904100825, ""gamma"": ""scale""}",0.771651350598719,0.7638888888888888,0.7601410934744268,0.7814814814814814,,0.5277777777777778,True,
CP2,VP014_B,"{""C"": 11.288378916846883, ""gamma"": ""scale""}",0.7553667953667953,0.9166666666666666,0.916083916083916,0.9285714285714286,,0.8333333333333334,True,
CP2,VP015_B,"{""C"": 0.8858667904100825, ""gamma"": ""scale""}",0.7774411919260611,0.8194444444444444,0.8194096083349411,0.8196911196911197,,0.6388888888888888,True,
CP2,VP016_B,"{""C"": 1.8329807108324356, ""gamma"": ""scale""}",0.7638724911452184,0.8472222222222222,0.8435710053328067,0.8829787234042553,,0.6944444444444444,True,
CP2,VP017_B,"{""C"": 5.455594781168517, ""gamma"": ""scale""}",0.7693002571051352,0.6944444444444444,0.6934984520123839,0.696875,,0.38888888888888884,True,
CP2,VP018_B,"{""C"": 1.2742749857031335, ""gamma"": ""scale""}",0.7637995847195314,0.5833333333333334,0.4957983193277311,0.7727272727272727,,0.16666666666666663,True,
CP2,VP019_B,"{""C"": 5.455594781168517, ""gamma"": ""scale""}",0.749969131991604,0.75,0.7492260061919505,0.753125,,0.5,True,
CP2,VP020_B,"{""C"": 5.455594781168517, ""gamma"": ""scale""}",0.7608453837597331,0.9166666666666666,0.9166023166023166,0.9179566563467492,,0.8333333333333334,True,
CP2,VP021_B,"{""C"": 3.79269019073225, ""gamma"": ""scale""}",0.7713683819201338,0.875,0.8747826086956522,0.8776223776223776,,0.75,True,
CP2,VP022_B,"{""C"": 5.455594781168517, ""gamma"": ""scale""}",0.7887258687258687,0.6666666666666666,0.6656346749226006,0.66875,,0.33333333333333337,True,
CP2,VP023_B,"{""C"": 2.636650898730358, ""gamma"": ""scale""}",0.7855136607370841,0.7083333333333334,0.7082770596179818,0.7084942084942085,,0.41666666666666663,True,
CP2,VP024_B,"{""C"": 7.847599703514611, ""gamma"": ""scale""}",0.7827903091060986,0.625,0.6214216163583253,0.6299117882919005,,0.25,True,
CP2,VP025_B,"{""C"": 11.288378916846883, ""gamma"": ""scale""}",0.7666666666666667,0.9583333333333334,0.9582608695652174,0.9615384615384616,,0.9166666666666666,True,
CP2,VP026_B,"{""C"": 48.32930238571752, ""gamma"": ""scale""}",0.7681402332565124,0.8888888888888888,0.8888888888888888,0.8888888888888888,,0.7777777777777778,True,
CP6,VP001_B,"{""C"": 5.455594781168517, ""gamma"": ""scale""}",0.7583165497604001,0.5833333333333334,0.5555555555555556,0.6111111111111112,,0.16666666666666663,True,
CP6,VP002_B,"{""C"": 11.288378916846883, ""gamma"": ""scale""}",0.7610447346485134,0.625,0.6123629112662015,0.6437444543034605,,0.25,True,
CP6,VP003_B,"{""C"": 3.79269019073225, ""gamma"": ""scale""}",0.7581821972065874,0.8055555555555556,0.8041958041958042,0.8142857142857143,,0.6111111111111112,True,
CP6,VP004_B,"{""C"": 7.847599703514611, ""gamma"": ""scale""}",0.7774411919260611,0.6527777777777778,0.6527107852595022,0.6528957528957529,,0.3055555555555556,True,
CP6,VP005_B,"{""C"": 2.636650898730358, ""gamma"": ""auto""}",0.7526231672573136,0.6527777777777778,0.6444795575745605,0.6685106382978723,,0.3055555555555556,True,
CP6,VP006_B,"{""C"": 1.8329807108324356, ""gamma"": ""scale""}",0.7832262845849802,0.75,0.7482517482517483,0.7571428571428571,,0.5,True,
CP6,VP007_B,"{""C"": 1.2742749857031335, ""gamma"": ""scale""}",0.7165879410947485,0.6944444444444444,0.674074074074074,0.7592592592592593,,0.38888888888888884,True,
CP6,VP008_B,"{""C"": 11.288378916846883, ""gamma"": ""scale""}",0.7249978780700468,0.75,0.7498069498069498,0.7507739938080495,,0.5,True,
CP6,VP009_B,"{""C"": 0.6158482110660264, ""gamma"": ""scale""}",0.7442471042471042,0.7638888888888888,0.7499489274770174,0.8396226415094339,,0.5277777777777778,True,
CP6,VP010_B,"{""C"": 3.79269019073225, ""gamma"": ""scale""}",0.7609930830039526,0.8333333333333334,0.8321678321678322,0.8428571428571429,,0.6666666666666667,True,
CP6,VP011_B,"{""C"": 5.455594781168517, ""gamma"": ""scale""}",0.7715170278637771,0.6111111111111112,0.5625,0.7,,0.2222222222222222,True,
CP6,VP012_B,"{""C"": 1.8329807108324356, ""gamma"": ""scale""}",0.7552836484983314,0.8333333333333334,0.8300550747442959,0.8612040133779264,,0.6666666666666667,True,
CP6,VP013_B,"{""C"": 2.636650898730358, ""gamma"": ""scale""}",0.760926640926641,0.8055555555555556,0.8017309205350118,0.8311036789297659,,0.6111111111111112,True,
CP6,VP014_B,"{""C"": 1.2742749857031335, ""gamma"": ""scale""}",0.7357665474268142,0.8888888888888888,0.8875,0.9090909090909092,,0.7777777777777778,True,
CP6,VP015_B,"{""C"": 1.2742749857031335, ""gamma"": ""scale""}",0.7385984427141268,0.8333333333333334,0.8333333333333334,0.8333333333333334,,0.6666666666666667,True,
CP6,VP016_B,"{""C"": 11.288378916846883, ""gamma"": ""scale""}",0.7722151918269082,0.7777777777777778,0.7662337662337663,0.8461538461538461,,0.5555555555555556,True,
CP6,VP017_B,"{""C"": 3.79269019073225, ""gamma"": ""scale""}",0.7416487256059449,0.7361111111111112,0.7335929892891919,0.7453889334402566,,0.4722222222222222,True,
CP6,VP018_B,"{""C"": 1.2742749857031335, ""gamma"": ""scale""}",0.7553667953667953,0.5972222222222222,0.519226341238775,0.7769230769230769,,0.19444444444444442,True,
CP6,VP019_B,"{""C"": 2.636650898730358, ""gamma"": ""scale""}",0.7472046669907633,0.7222222222222222,0.722007722007722,0.7229102167182663,,0.4444444444444444,True,
CP6,VP020_B,"{""C"": 1.2742749857031335, ""gamma"": ""scale""}",0.7694426654526656,0.875,0.8749758826934207,0.8752895752895753,,0.75,True,
CP6,VP021_B,"{""C"": 1.8329807108324356, ""gamma"": ""scale""}",0.7833266458841321,0.8888888888888888,0.8885448916408669,0.89375,,0.7777777777777778,True,
CP6,VP022_B,"{""C"": 1.2742749857031335, ""gamma"": ""scale""}",0.766637856525497,0.6666666666666666,0.6643356643356644,0.6714285714285715,,0.33333333333333337,True,
CP6,VP023_B,"{""C"": 0.6158482110660264, ""gamma"": ""scale""}",0.7638870670298382,0.6666666666666666,0.6625,0.6753246753246753,,0.33333333333333337,True,
CP6,VP024_B,"{""C"": 3.79269019073225, ""gamma"": ""scale""}",0.7805538622983201,0.5,0.49375,0.5,,0.0,True,
CP6,VP025_B,"{""C"": 1.2742749857031335, ""gamma"": ""scale""}",0.760926640926641,0.9861111111111112,0.9861084314103801,0.9864864864864865,,0.9722222222222222,True,
CP6,VP026_B,"{""C"": 23.357214690901213, ""gamma"": ""scale""}",0.7689291707588681,0.875,0.8743942624539639,0.8823760818253343,,0.75,True,
P4,VP001_B,"{""C"": 1.8329807108324356, ""gamma"": ""scale""}",0.7290313569383338,0.5555555555555556,0.5380914194065758,0.5654545454545454,,0.11111111111111116,True,
P4,VP002_B,"{""C"": 100.0, ""gamma"": ""auto""}",0.786096256684492,0.5277777777777778,0.5142857142857142,0.53125,,0.05555555555555558,True,
P4,VP003_B,"{""C"": 5.455594781168517, ""gamma"": ""scale""}",0.7441601779755284,0.7916666666666666,0.7883597883597884,0.8111111111111111,,0.5833333333333333,True,
P4,VP004_B,"{""C"": 1.8329807108324356, ""gamma"": ""scale""}",0.7554347826086957,0.7083333333333334,0.7069199457259159,0.7124311565696302,,0.41666666666666663,True,
P4,VP005_B,"{""C"": 3.79269019073225, ""gamma"": ""scale""}",0.7721940980367947,0.6805555555555556,0.6790075596045746,0.6841070023603462,,0.36111111111111116,True,
P4,VP006_B,"{""C"": 33.59818286283781, ""gamma"": ""scale""}",0.7721940980367947,0.7916666666666666,0.7916264711557013,0.7918918918918919,,0.5833333333333333,True,
P4,VP007_B,"{""C"": 5.455594781168517, ""gamma"": ""scale""}",0.7910847344841727,0.6388888888888888,0.6148148148148148,0.6851851851851851,,0.2777777777777778,True,
P4,VP008_B,"{""C"": 69.51927961775604, ""gamma"": ""scale""}",0.7470641373080398,0.7916666666666666,0.791304347826087,0.7937062937062938,,0.5833333333333333,True,
P4,VP009_B,"{""C"": 5.455594781168517, ""gamma"": ""scale""}",0.7638433339764614,0.8055555555555556,0.7979149959903769,0.86,,0.6111111111111112,True,
P4,VP010_B,"{""C"": 11.288378916846883, ""gamma"": ""scale""}",0.7317103465408024,0.8333333333333334,0.8333333333333334,0.8333333333333334,,0.6666666666666667,True,
P4,VP011_B,"{""C"": 3.79269019073225, ""gamma"": ""scale""}",0.773909672417135,0.5138888888888888,0.4032678190859579,0.5537313432835821,,0.02777777777777779,True,
P4,VP012_B,"{""C"": 33.59818286283781, ""gamma"": ""scale""}",0.7221450402889692,0.7638888888888888,0.7616358325219085,0.7742582197273455,,0.5277777777777778,True,
P4,VP013_B,"{""C"": 2.636650898730358, ""gamma"": ""scale""}",0.7323337154186933,0.75,0.7450826121164438,0.7709030100334449,,0.5,True,
P4,VP014_B,"{""C"": 2.636650898730358, ""gamma"": ""scale""}",0.7275675675675676,0.9027777777777778,0.9026086956521739,0.9055944055944056,,0.8055555555555556,True,
P4,VP015_B,"{""C"": 1.8329807108324356, ""gamma"": ""scale""}",0.7796561582384889,0.7638888888888888,0.7634782608695652,0.7657342657342657,,0.5277777777777778,True,
P4,VP016_B,"{""C"": 11.288378916846883, ""gamma"": ""scale""}",0.7527606083755816,0.8611111111111112,0.8583792289535799,0.8913043478260869,,0.7222222222222222,True,
P4,VP017_B,"{""C"": 1.8329807108324356, ""gamma"": ""scale""}",0.7523478260869565,0.7916666666666666,0.7916264711557013,0.7918918918918919,,0.5833333333333333,True,
P4,VP018_B,"{""C"": 0.8858667904100825, ""gamma"": ""scale""}",0.750138422066427,0.5416666666666666,0.4197802197802198,0.7608695652173914,,0.08333333333333337,True,
P4,VP019_B,"{""C"": 1.8329807108324356, ""gamma"": ""scale""}",0.7459972862957938,0.7777777777777778,0.7770897832817337,0.78125,,0.5555555555555556,True,
P4,VP020_B,"{""C"": 33.59818286283781, ""gamma"": ""scale""}",0.7796561582384889,0.8333333333333334,0.8332046332046332,0.8343653250773994,,0.6666666666666667,True,
P4,VP021_B,"{""C"": 1.8329807108324356, ""gamma"": ""scale""}",0.7323337154186933,0.9305555555555556,0.9304347826086956,0.9335664335664335,,0.8611111111111112,True,
P4,VP022_B,"{""C"": 0.6158482110660264, ""gamma"": ""scale""}",0.7409450707603742,0.6805555555555556,0.6566452415509019,0.7502673796791444,,0.36111111111111116,True,
P4,VP023_B,"{""C"": 5.455594781168517, ""gamma"": ""scale""}",0.7582867065406136,0.5833333333333334,0.583011583011583,0.5835913312693499,,0.16666666666666663,True,
P4,VP024_B,"{""C"": 2.636650898730358, ""gamma"": ""scale""}",0.724743008518756,0.6111111111111112,0.609907120743034,0.6125,,0.2222222222222222,True,
P4,VP025_B,"{""C"": 1.2742749857031335, ""gamma"": ""scale""}",0.7166666666666667,0.9722222222222222,0.9722007722007722,0.9736842105263157,,0.9444444444444444,True,
P4,VP026_B,"{""C"": 7.847599703514611, ""gamma"": ""scale""}",0.7972081394541287,0.8194444444444444,0.8194096083349411,0.8196911196911197,,0.6388888888888888,True,
P8,VP001_B,"{""C"": 0.42813323987193935, ""gamma"": ""scale""}",0.7109683794466404,0.6111111111111112,0.6,0.625,,0.2222222222222222,True,
P8,VP002_B,"{""C"": 2.636650898730358, ""gamma"": ""scale""}",0.7222222222222222,0.5416666666666666,0.5146067415730338,0.5536246276067527,,0.08333333333333337,True,
P8,VP003_B,"{""C"": 2.636650898730358, ""gamma"": ""scale""}",0.749969131991604,0.7083333333333334,0.7069199457259159,0.7124311565696302,,0.41666666666666663,True,
P8,VP004_B,"{""C"": 11.288378916846883, ""gamma"": ""scale""}",0.730536842836308,0.5833333333333334,0.5804195804195804,0.5857142857142856,,0.16666666666666663,True,
P8,VP005_B,"{""C"": 0.8858667904100825, ""gamma"": ""scale""}",0.6717257580909399,0.6944444444444444,0.6857142857142857,0.71875,,0.38888888888888884,True,
P8,VP006_B,"{""C"": 11.288378916846883, ""gamma"": ""auto""}",0.6834512220743749,0.625,0.6190476190476191,0.6333333333333333,,0.25,True,
P8,VP007_B,"{""C"": 0.8858667904100825, ""gamma"": ""scale""}",0.694406716878627,0.5972222222222222,0.519226341238775,0.7769230769230769,,0.19444444444444442,True,
P8,VP008_B,"{""C"": 1.2742749857031335, ""gamma"": ""scale""}",0.6972011945273977,0.8194444444444444,0.8165784832451499,0.8407407407407408,,0.6388888888888888,True,
P8,VP009_B,"{""C"": 2.636650898730358, ""gamma"": ""scale""}",0.6861086891102555,0.6666666666666666,0.6387959866220736,0.7410714285714286,,0.33333333333333337,True,
P8,VP010_B,"{""C"": 23.357214690901213, ""gamma"": ""auto""}",0.7081509276631228,0.6805555555555556,0.669790628115653,0.7076308784383318,,0.36111111111111116,True,
P8,VP011_B,"{""C"": 1.2742749857031335, ""gamma"": ""scale""}",0.7130897020249306,0.5972222222222222,0.5313131313131313,0.7222222222222222,,0.19444444444444442,True,
P8,VP012_B,"{""C"": 5.455594781168517, ""gamma"": ""scale""}",0.7055555555555556,0.6805555555555556,0.6804939224387421,0.6806949806949807,,0.36111111111111116,True,
P8,VP013_B,"{""C"": 11.288378916846883, ""gamma"": ""scale""}",0.7275675675675676,0.7361111111111112,0.7205311542390194,0.8038728897715988,,0.4722222222222222,True,
P8,VP014_B,"{""C"": 0.8858667904100825, ""gamma"": ""scale""}",0.6861086891102555,0.7638888888888888,0.7499489274770174,0.8396226415094339,,0.5277777777777778,True,
P8,VP015_B,"{""C"": 0.6158482110660264, ""gamma"": ""scale""}",0.7166316829238177,0.75,0.7498069498069498,0.7507739938080495,,0.5,True,
P8,VP016_B,"{""C"": 48.32930238571752, ""gamma"": ""scale""}",0.6961884189255104,0.6388888888888888,0.5847382431233363,0.7903225806451613,,0.2777777777777778,True,
P8,VP017_B,"{""C"": 1.2742749857031335, ""gamma"": ""scale""}",0.6833235593691163,0.75,0.746875,0.762987012987013,,0.5,True,
P8,VP018_B,"{""C"": 5.455594781168517, ""gamma"": ""scale""}",0.6972011945273977,0.5416666666666666,0.4197802197802198,0.7608695652173914,,0.08333333333333337,True,
P8,VP019_B,"{""C"": 1.2742749857031335, ""gamma"": ""scale""}",0.7222136485694003,0.8333333333333334,0.8332046332046332,0.8343653250773994,,0.6666666666666667,True,
P8,VP020_B,"{""C"": 0.42813323987193935, ""gamma"": ""scale""}",0.7083310828015648,0.75,0.7492260061919505,0.753125,,0.5,True,
P8,VP021_B,"{""C"": 5.455594781168517, ""gamma"": ""scale""}",0.6775289575289576,0.8611111111111112,0.8610038610038611,0.8622291021671826,,0.7222222222222222,True,
P8,VP022_B,"{""C"": 0.29763514416313175, ""gamma"": ""scale""}",0.6720602766798419,0.625,0.6028600612870276,0.6608738828202582,,0.25,True,
P8,VP023_B,"{""C"": 2.636650898730358, ""gamma"": ""scale""}",0.7359460774094921,0.5972222222222222,0.5875962867864902,0.6072340425531915,,0.19444444444444442,True,
P8,VP024_B,"{""C"": 0.8858667904100825, ""gamma"": ""scale""}",0.7027204321821339,0.5833333333333334,0.583011583011583,0.5835913312693499,,0.16666666666666663,True,
P8,VP025_B,"{""C"": 0.8858667904100825, ""gamma"": ""scale""}",0.7325077399380805,0.9027777777777778,0.9026086956521739,0.9055944055944056,,0.8055555555555556,True,
P8,VP026_B,"{""C"": 1.8329807108324356, ""gamma"": ""scale""}",0.7248959869086307,0.7361111111111112,0.7348323318472572,0.7407553107789142,,0.4722222222222222,True,
O2,VP001_B,"{""C"": 0.8858667904100825, ""gamma"": ""scale""}",0.6944444444444444,0.6527777777777778,0.6494644595910419,0.6587810745789896,,0.3055555555555556,True,
O2,VP002_B,"{""C"": 5.455594781168517, ""gamma"": ""scale""}",0.6888504753673292,0.5972222222222222,0.5875962867864902,0.6072340425531915,,0.19444444444444442,True,
O2,VP003_B,"{""C"": 69.51927961775604, ""gamma"": ""scale""}",0.6801384521482489,0.75,0.7482517482517483,0.7571428571428571,,0.5,True,
O2,VP004_B,"{""C"": 3.79269019073225, ""gamma"": ""scale""}",0.6777678323405043,0.7083333333333334,0.7055501460564753,0.7165196471531676,,0.41666666666666663,True,
O2,VP005_B,"{""C"": 1.2742749857031335, ""gamma"": ""scale""}",0.6772897282927884,0.5555555555555556,0.5259259259259259,0.5740740740740742,,0.11111111111111116,True,
O2,VP006_B,"{""C"": 2.636650898730358, ""gamma"": ""scale""}",0.7138336870538299,0.6527777777777778,0.6527107852595022,0.6528957528957529,,0.3055555555555556,True,
O2,VP007_B,"{""C"": 0.8858667904100825, ""gamma"": ""scale""}",0.7103870788081315,0.6388888888888888,0.6017021276595744,0.7216748768472906,,0.2777777777777778,True,
O2,VP008_B,"{""C"": 0.6158482110660264, ""gamma"": ""scale""}",0.6525606281703843,0.8472222222222222,0.8457643622200585,0.8608660785886126,,0.6944444444444444,True,
O2,VP009_B,"{""C"": 1.8329807108324356, ""gamma"": ""scale""}",0.6610692678108409,0.6666666666666666,0.6535685645549318,0.6963636363636363,,0.33333333333333337,True,
O2,VP010_B,"{""C"": 33.59818286283781, ""gamma"": ""scale""}",0.6801384521482489,0.6527777777777778,0.6527107852595022,0.6528957528957529,,0.3055555555555556,True,
O2,VP011_B,"{""C"": 1.2742749857031335, ""gamma"": ""scale""}",0.6861086891102555,0.4861111111111111,0.32710280373831774,0.24647887323943662,,-0.02777777777777768,True,
O2,VP012_B,"{""C"": 1.8329807108324356, ""gamma"": ""scale""}",0.6610169491525424,0.7361111111111112,0.7272183449651046,0.7715173025732032,,0.4722222222222222,True,
O2,VP013_B,"{""C"": 3.79269019073225, ""gamma"": ""scale""}",0.6845900368288428,0.7361111111111112,0.7298044637566661,0.7604255319148936,,0.4722222222222222,True,
O2,VP014_B,"{""C"": 3.79269019073225, ""gamma"": ""scale""}",0.7019475545307531,0.7222222222222222,0.7222222222222222,0.7222222222222222,,0.4444444444444444,True,
O2,VP015_B,"{""C"": 1.8329807108324356, ""gamma"": ""scale""}",0.6885428253615128,0.6388888888888888,0.634375,0.6461038961038961,,0.2777777777777778,True,
O2,VP016_B,"{""C"": 0.42813323987193935, ""gamma"": ""scale""}",0.7,0.5277777777777778,0.39225422045680236,0.7571428571428571,,0.05555555555555558,True,
O2,VP017_B,"{""C"": 1.2742749857031335, ""gamma"": ""scale""}",0.6777777777777778,0.6527777777777778,0.6521739130434783,0.6538461538461539,,0.3055555555555556,True,
O2,VP018_B,"{""C"": 3.79269019073225, ""gamma"": ""scale""}",0.7023896902596751,0.5138888888888888,0.36347562515786813,0.7535211267605634,,0.02777777777777779,True,
O2,VP019_B,"{""C"": 0.6158482110660264, ""gamma"": ""scale""}",0.6912640712039619,0.8888888888888888,0.8888888888888888,0.8888888888888888,,0.7777777777777778,True,
O2,VP020_B,"{""C"": 0.42813323987193935, ""gamma"": ""scale""}",0.6609436758893281,0.5555555555555556,0.5428571428571429,0.5625,,0.11111111111111116,True,
O2,VP021_B,"{""C"": 1.2742749857031335, ""gamma"": ""scale""}",0.7027754843787375,0.7222222222222222,0.71875,0.7337662337662337,,0.4444444444444444,True,
O2,VP022_B,"{""C"": 0.8858667904100825, ""gamma"": ""scale""}",0.7054100790513834,0.6805555555555556,0.6566452415509019,0.7502673796791444,,0.36111111111111116,True,
O2,VP023_B,"{""C"": 16.23776739188721, ""gamma"": ""scale""}",0.6654171442733665,0.5694444444444444,0.5693613737217827,0.5694980694980695,,0.13888888888888884,True,
O2,VP024_B,"{""C"": 3.79269019073225, ""gamma"": ""scale""}",0.6654171442733665,0.6527777777777778,0.6510951734832332,0.6557828481510621,,0.3055555555555556,True,
O2,VP025_B,"{""C"": 1.2742749857031335, ""gamma"": ""scale""}",0.6801384521482489,0.7916666666666666,0.7916264711557013,0.7918918918918919,,0.5833333333333333,True,
O2,VP026_B,"{""C"": 16.23776739188721, ""gamma"": ""scale""}",0.6833235593691163,0.6944444444444444,0.6923076923076923,0.7,,0.38888888888888884,True,
