evaluation_setting,manuscript_table,dataset,subject,primary,baseline,primary_accuracy,baseline_accuracy,difference_primary_minus_baseline,calibration_trial_ids_sha256,test_trial_ids_sha256
strict_svm,Tables II-III,dreyer,B61,SingLEM,BENDR,0.86875,0.55,0.31875,,
strict_svm,Tables II-III,dreyer,B62,SingLEM,BENDR,0.65625,0.525,0.13125,,
strict_svm,Tables II-III,dreyer,B63,SingLEM,BENDR,0.7,0.44375,0.25625,,
strict_svm,Tables II-III,dreyer,B64,SingLEM,BENDR,0.75,0.50625,0.24375,,
strict_svm,Tables II-III,dreyer,B65,SingLEM,BENDR,0.79375,0.54375,0.25,,
strict_svm,Tables II-III,dreyer,B66,SingLEM,BENDR,0.78125,0.55,0.23125,,
strict_svm,Tables II-III,dreyer,B67,SingLEM,BENDR,0.88125,0.56875,0.3125,,
strict_svm,Tables II-III,dreyer,B68,SingLEM,BENDR,0.65625,0.5125,0.14375,,
strict_svm,Tables II-III,dreyer,B69,SingLEM,BENDR,0.7125,0.54375,0.16875,,
strict_svm,Tables II-III,dreyer,B70,SingLEM,BENDR,0.75625,0.51875,0.2375,,
strict_svm,Tables II-III,dreyer,B71,SingLEM,BENDR,0.75,0.53125,0.21875,,
strict_svm,Tables II-III,dreyer,B72,SingLEM,BENDR,0.83125,0.51875,0.3125,,
strict_svm,Tables II-III,dreyer,B73,SingLEM,BENDR,0.70625,0.54375,0.1625,,
strict_svm,Tables II-III,dreyer,B74,SingLEM,BENDR,0.63125,0.53125,0.1,,
strict_svm,Tables II-III,dreyer,B75,SingLEM,BENDR,0.7375,0.48125,0.25625,,
strict_svm,Tables II-III,dreyer,B76,SingLEM,BENDR,0.775,0.51875,0.25625,,
strict_svm,Tables II-III,dreyer,B77,SingLEM,BENDR,0.7375,0.49375,0.24375,,
strict_svm,Tables II-III,dreyer,B78,SingLEM,BENDR,0.58125,0.525,0.05625,,
strict_svm,Tables II-III,dreyer,B79,SingLEM,BENDR,0.86875,0.525,0.34375,,
strict_svm,Tables II-III,dreyer,B80,SingLEM,BENDR,0.66875,0.53125,0.1375,,
strict_svm,Tables II-III,dreyer,B81,SingLEM,BENDR,0.81875,0.50625,0.3125,,
strict_svm,Tables II-III,dreyer,B61,SingLEM,BIOT,0.86875,0.575,0.29375,,
strict_svm,Tables II-III,dreyer,B62,SingLEM,BIOT,0.65625,0.4875,0.16875,,
strict_svm,Tables II-III,dreyer,B63,SingLEM,BIOT,0.7,0.48125,0.21875,,
strict_svm,Tables II-III,dreyer,B64,SingLEM,BIOT,0.75,0.5125,0.2375,,
strict_svm,Tables II-III,dreyer,B65,SingLEM,BIOT,0.79375,0.625,0.16875,,
strict_svm,Tables II-III,dreyer,B66,SingLEM,BIOT,0.78125,0.4375,0.34375,,
strict_svm,Tables II-III,dreyer,B67,SingLEM,BIOT,0.88125,0.49375,0.3875,,
strict_svm,Tables II-III,dreyer,B68,SingLEM,BIOT,0.65625,0.49375,0.1625,,
strict_svm,Tables II-III,dreyer,B69,SingLEM,BIOT,0.7125,0.54375,0.16875,,
strict_svm,Tables II-III,dreyer,B70,SingLEM,BIOT,0.75625,0.53125,0.225,,
strict_svm,Tables II-III,dreyer,B71,SingLEM,BIOT,0.75,0.45625,0.29375,,
strict_svm,Tables II-III,dreyer,B72,SingLEM,BIOT,0.83125,0.51875,0.3125,,
strict_svm,Tables II-III,dreyer,B73,SingLEM,BIOT,0.70625,0.55,0.15625,,
strict_svm,Tables II-III,dreyer,B74,SingLEM,BIOT,0.63125,0.60625,0.025,,
strict_svm,Tables II-III,dreyer,B75,SingLEM,BIOT,0.7375,0.4875,0.25,,
strict_svm,Tables II-III,dreyer,B76,SingLEM,BIOT,0.775,0.6125,0.1625,,
strict_svm,Tables II-III,dreyer,B77,SingLEM,BIOT,0.7375,0.43125,0.30625,,
strict_svm,Tables II-III,dreyer,B78,SingLEM,BIOT,0.58125,0.575,0.00625,,
strict_svm,Tables II-III,dreyer,B79,SingLEM,BIOT,0.86875,0.625,0.24375,,
strict_svm,Tables II-III,dreyer,B80,SingLEM,BIOT,0.66875,0.475,0.19375,,
strict_svm,Tables II-III,dreyer,B81,SingLEM,BIOT,0.81875,0.575,0.24375,,
strict_svm,Tables II-III,dreyer,B61,SingLEM,LaBraM,0.86875,0.65,0.21875,,
strict_svm,Tables II-III,dreyer,B62,SingLEM,LaBraM,0.65625,0.45,0.20625,,
strict_svm,Tables II-III,dreyer,B63,SingLEM,LaBraM,0.7,0.58125,0.11875,,
strict_svm,Tables II-III,dreyer,B64,SingLEM,LaBraM,0.75,0.4625,0.2875,,
strict_svm,Tables II-III,dreyer,B65,SingLEM,LaBraM,0.79375,0.6625,0.13125,,
strict_svm,Tables II-III,dreyer,B66,SingLEM,LaBraM,0.78125,0.64375,0.1375,,
strict_svm,Tables II-III,dreyer,B67,SingLEM,LaBraM,0.88125,0.625,0.25625,,
strict_svm,Tables II-III,dreyer,B68,SingLEM,LaBraM,0.65625,0.54375,0.1125,,
strict_svm,Tables II-III,dreyer,B69,SingLEM,LaBraM,0.7125,0.5875,0.125,,
strict_svm,Tables II-III,dreyer,B70,SingLEM,LaBraM,0.75625,0.59375,0.1625,,
strict_svm,Tables II-III,dreyer,B71,SingLEM,LaBraM,0.75,0.55625,0.19375,,
strict_svm,Tables II-III,dreyer,B72,SingLEM,LaBraM,0.83125,0.51875,0.3125,,
strict_svm,Tables II-III,dreyer,B73,SingLEM,LaBraM,0.70625,0.5125,0.19375,,
strict_svm,Tables II-III,dreyer,B74,SingLEM,LaBraM,0.63125,0.50625,0.125,,
strict_svm,Tables II-III,dreyer,B75,SingLEM,LaBraM,0.7375,0.44375,0.29375,,
strict_svm,Tables II-III,dreyer,B76,SingLEM,LaBraM,0.775,0.5125,0.2625,,
strict_svm,Tables II-III,dreyer,B77,SingLEM,LaBraM,0.7375,0.55,0.1875,,
strict_svm,Tables II-III,dreyer,B78,SingLEM,LaBraM,0.58125,0.49375,0.0875,,
strict_svm,Tables II-III,dreyer,B79,SingLEM,LaBraM,0.86875,0.6,0.26875,,
strict_svm,Tables II-III,dreyer,B80,SingLEM,LaBraM,0.66875,0.4875,0.18125,,
strict_svm,Tables II-III,dreyer,B81,SingLEM,LaBraM,0.81875,0.56875,0.25,,
strict_svm,Tables II-III,dreyer,B61,SingLEM,CBraMod,0.86875,0.775,0.09375,,
strict_svm,Tables II-III,dreyer,B62,SingLEM,CBraMod,0.65625,0.70625,-0.05,,
strict_svm,Tables II-III,dreyer,B63,SingLEM,CBraMod,0.7,0.70625,-0.00625,,
strict_svm,Tables II-III,dreyer,B64,SingLEM,CBraMod,0.75,0.65,0.1,,
strict_svm,Tables II-III,dreyer,B65,SingLEM,CBraMod,0.79375,0.8125,-0.01875,,
strict_svm,Tables II-III,dreyer,B66,SingLEM,CBraMod,0.78125,0.8125,-0.03125,,
strict_svm,Tables II-III,dreyer,B67,SingLEM,CBraMod,0.88125,0.875,0.00625,,
strict_svm,Tables II-III,dreyer,B68,SingLEM,CBraMod,0.65625,0.5875,0.06875,,
strict_svm,Tables II-III,dreyer,B69,SingLEM,CBraMod,0.7125,0.70625,0.00625,,
strict_svm,Tables II-III,dreyer,B70,SingLEM,CBraMod,0.75625,0.675,0.08125,,
strict_svm,Tables II-III,dreyer,B71,SingLEM,CBraMod,0.75,0.64375,0.10625,,
strict_svm,Tables II-III,dreyer,B72,SingLEM,CBraMod,0.83125,0.70625,0.125,,
strict_svm,Tables II-III,dreyer,B73,SingLEM,CBraMod,0.70625,0.66875,0.0375,,
strict_svm,Tables II-III,dreyer,B74,SingLEM,CBraMod,0.63125,0.54375,0.0875,,
strict_svm,Tables II-III,dreyer,B75,SingLEM,CBraMod,0.7375,0.75625,-0.01875,,
strict_svm,Tables II-III,dreyer,B76,SingLEM,CBraMod,0.775,0.79375,-0.01875,,
strict_svm,Tables II-III,dreyer,B77,SingLEM,CBraMod,0.7375,0.73125,0.00625,,
strict_svm,Tables II-III,dreyer,B78,SingLEM,CBraMod,0.58125,0.68125,-0.1,,
strict_svm,Tables II-III,dreyer,B79,SingLEM,CBraMod,0.86875,0.85,0.01875,,
strict_svm,Tables II-III,dreyer,B80,SingLEM,CBraMod,0.66875,0.5625,0.10625,,
strict_svm,Tables II-III,dreyer,B81,SingLEM,CBraMod,0.81875,0.7,0.11875,,
strict_svm,Tables II-III,dreyer,B61,SingLEM,CodeBrain,0.86875,0.7875,0.08125,,
strict_svm,Tables II-III,dreyer,B62,SingLEM,CodeBrain,0.65625,0.64375,0.0125,,
strict_svm,Tables II-III,dreyer,B63,SingLEM,CodeBrain,0.7,0.7,0.0,,
strict_svm,Tables II-III,dreyer,B64,SingLEM,CodeBrain,0.75,0.5875,0.1625,,
strict_svm,Tables II-III,dreyer,B65,SingLEM,CodeBrain,0.79375,0.70625,0.0875,,
strict_svm,Tables II-III,dreyer,B66,SingLEM,CodeBrain,0.78125,0.7125,0.06875,,
strict_svm,Tables II-III,dreyer,B67,SingLEM,CodeBrain,0.88125,0.775,0.10625,,
strict_svm,Tables II-III,dreyer,B68,SingLEM,CodeBrain,0.65625,0.64375,0.0125,,
strict_svm,Tables II-III,dreyer,B69,SingLEM,CodeBrain,0.7125,0.5875,0.125,,
strict_svm,Tables II-III,dreyer,B70,SingLEM,CodeBrain,0.75625,0.64375,0.1125,,
strict_svm,Tables II-III,dreyer,B71,SingLEM,CodeBrain,0.75,0.58125,0.16875,,
strict_svm,Tables II-III,dreyer,B72,SingLEM,CodeBrain,0.83125,0.61875,0.2125,,
strict_svm,Tables II-III,dreyer,B73,SingLEM,CodeBrain,0.70625,0.69375,0.0125,,
strict_svm,Tables II-III,dreyer,B74,SingLEM,CodeBrain,0.63125,0.59375,0.0375,,
strict_svm,Tables II-III,dreyer,B75,SingLEM,CodeBrain,0.7375,0.63125,0.10625,,
strict_svm,Tables II-III,dreyer,B76,SingLEM,CodeBrain,0.775,0.6375,0.1375,,
strict_svm,Tables II-III,dreyer,B77,SingLEM,CodeBrain,0.7375,0.59375,0.14375,,
strict_svm,Tables II-III,dreyer,B78,SingLEM,CodeBrain,0.58125,0.5875,-0.00625,,
strict_svm,Tables II-III,dreyer,B79,SingLEM,CodeBrain,0.86875,0.76875,0.1,,
strict_svm,Tables II-III,dreyer,B80,SingLEM,CodeBrain,0.66875,0.55625,0.1125,,
strict_svm,Tables II-III,dreyer,B81,SingLEM,CodeBrain,0.81875,0.61875,0.2,,
strict_svm,Tables II-III,dreyer,B61,SingLEM,CSBrain,0.86875,0.8125,0.05625,,
strict_svm,Tables II-III,dreyer,B62,SingLEM,CSBrain,0.65625,0.6625,-0.00625,,
strict_svm,Tables II-III,dreyer,B63,SingLEM,CSBrain,0.7,0.69375,0.00625,,
strict_svm,Tables II-III,dreyer,B64,SingLEM,CSBrain,0.75,0.45,0.3,,
strict_svm,Tables II-III,dreyer,B65,SingLEM,CSBrain,0.79375,0.8,-0.00625,,
strict_svm,Tables II-III,dreyer,B66,SingLEM,CSBrain,0.78125,0.81875,-0.0375,,
strict_svm,Tables II-III,dreyer,B67,SingLEM,CSBrain,0.88125,0.93125,-0.05,,
strict_svm,Tables II-III,dreyer,B68,SingLEM,CSBrain,0.65625,0.575,0.08125,,
strict_svm,Tables II-III,dreyer,B69,SingLEM,CSBrain,0.7125,0.6875,0.025,,
strict_svm,Tables II-III,dreyer,B70,SingLEM,CSBrain,0.75625,0.7125,0.04375,,
strict_svm,Tables II-III,dreyer,B71,SingLEM,CSBrain,0.75,0.6125,0.1375,,
strict_svm,Tables II-III,dreyer,B72,SingLEM,CSBrain,0.83125,0.825,0.00625,,
strict_svm,Tables II-III,dreyer,B73,SingLEM,CSBrain,0.70625,0.75,-0.04375,,
strict_svm,Tables II-III,dreyer,B74,SingLEM,CSBrain,0.63125,0.46875,0.1625,,
strict_svm,Tables II-III,dreyer,B75,SingLEM,CSBrain,0.7375,0.63125,0.10625,,
strict_svm,Tables II-III,dreyer,B76,SingLEM,CSBrain,0.775,0.65,0.125,,
strict_svm,Tables II-III,dreyer,B77,SingLEM,CSBrain,0.7375,0.725,0.0125,,
strict_svm,Tables II-III,dreyer,B78,SingLEM,CSBrain,0.58125,0.55625,0.025,,
strict_svm,Tables II-III,dreyer,B79,SingLEM,CSBrain,0.86875,0.775,0.09375,,
strict_svm,Tables II-III,dreyer,B80,SingLEM,CSBrain,0.66875,0.6375,0.03125,,
strict_svm,Tables II-III,dreyer,B81,SingLEM,CSBrain,0.81875,0.70625,0.1125,,
strict_svm,Tables II-III,dreyer,B61,SingLEM,LUNA,0.86875,0.76875,0.1,,
strict_svm,Tables II-III,dreyer,B62,SingLEM,LUNA,0.65625,0.55,0.10625,,
strict_svm,Tables II-III,dreyer,B63,SingLEM,LUNA,0.7,0.55625,0.14375,,
strict_svm,Tables II-III,dreyer,B64,SingLEM,LUNA,0.75,0.54375,0.20625,,
strict_svm,Tables II-III,dreyer,B65,SingLEM,LUNA,0.79375,0.54375,0.25,,
strict_svm,Tables II-III,dreyer,B66,SingLEM,LUNA,0.78125,0.66875,0.1125,,
strict_svm,Tables II-III,dreyer,B67,SingLEM,LUNA,0.88125,0.63125,0.25,,
strict_svm,Tables II-III,dreyer,B68,SingLEM,LUNA,0.65625,0.54375,0.1125,,
strict_svm,Tables II-III,dreyer,B69,SingLEM,LUNA,0.7125,0.625,0.0875,,
strict_svm,Tables II-III,dreyer,B70,SingLEM,LUNA,0.75625,0.63125,0.125,,
strict_svm,Tables II-III,dreyer,B71,SingLEM,LUNA,0.75,0.5625,0.1875,,
strict_svm,Tables II-III,dreyer,B72,SingLEM,LUNA,0.83125,0.68125,0.15,,
strict_svm,Tables II-III,dreyer,B73,SingLEM,LUNA,0.70625,0.6375,0.06875,,
strict_svm,Tables II-III,dreyer,B74,SingLEM,LUNA,0.63125,0.525,0.10625,,
strict_svm,Tables II-III,dreyer,B75,SingLEM,LUNA,0.7375,0.5625,0.175,,
strict_svm,Tables II-III,dreyer,B76,SingLEM,LUNA,0.775,0.475,0.3,,
strict_svm,Tables II-III,dreyer,B77,SingLEM,LUNA,0.7375,0.5625,0.175,,
strict_svm,Tables II-III,dreyer,B78,SingLEM,LUNA,0.58125,0.54375,0.0375,,
strict_svm,Tables II-III,dreyer,B79,SingLEM,LUNA,0.86875,0.70625,0.1625,,
strict_svm,Tables II-III,dreyer,B80,SingLEM,LUNA,0.66875,0.625,0.04375,,
strict_svm,Tables II-III,dreyer,B81,SingLEM,LUNA,0.81875,0.56875,0.25,,
strict_svm,Tables II-III,dreyer,B61,SingLEM,MIRepNet,0.86875,0.93125,-0.0625,,
strict_svm,Tables II-III,dreyer,B62,SingLEM,MIRepNet,0.65625,0.9375,-0.28125,,
strict_svm,Tables II-III,dreyer,B63,SingLEM,MIRepNet,0.7,0.775,-0.075,,
strict_svm,Tables II-III,dreyer,B64,SingLEM,MIRepNet,0.75,0.4625,0.2875,,
strict_svm,Tables II-III,dreyer,B65,SingLEM,MIRepNet,0.79375,0.85625,-0.0625,,
strict_svm,Tables II-III,dreyer,B66,SingLEM,MIRepNet,0.78125,0.65,0.13125,,
strict_svm,Tables II-III,dreyer,B67,SingLEM,MIRepNet,0.88125,0.56875,0.3125,,
strict_svm,Tables II-III,dreyer,B68,SingLEM,MIRepNet,0.65625,0.54375,0.1125,,
strict_svm,Tables II-III,dreyer,B69,SingLEM,MIRepNet,0.7125,0.925,-0.2125,,
strict_svm,Tables II-III,dreyer,B70,SingLEM,MIRepNet,0.75625,0.575,0.18125,,
strict_svm,Tables II-III,dreyer,B71,SingLEM,MIRepNet,0.75,0.55,0.2,,
strict_svm,Tables II-III,dreyer,B72,SingLEM,MIRepNet,0.83125,0.56875,0.2625,,
strict_svm,Tables II-III,dreyer,B73,SingLEM,MIRepNet,0.70625,0.91875,-0.2125,,
strict_svm,Tables II-III,dreyer,B74,SingLEM,MIRepNet,0.63125,0.83125,-0.2,,
strict_svm,Tables II-III,dreyer,B75,SingLEM,MIRepNet,0.7375,0.7125,0.025,,
strict_svm,Tables II-III,dreyer,B76,SingLEM,MIRepNet,0.775,0.9375,-0.1625,,
strict_svm,Tables II-III,dreyer,B77,SingLEM,MIRepNet,0.7375,0.4625,0.275,,
strict_svm,Tables II-III,dreyer,B78,SingLEM,MIRepNet,0.58125,0.83125,-0.25,,
strict_svm,Tables II-III,dreyer,B79,SingLEM,MIRepNet,0.86875,0.95625,-0.0875,,
strict_svm,Tables II-III,dreyer,B80,SingLEM,MIRepNet,0.66875,0.5875,0.08125,,
strict_svm,Tables II-III,dreyer,B81,SingLEM,MIRepNet,0.81875,0.68125,0.1375,,
strict_svm,Tables II-III,dreyer,B61,SingLEM,CSP,0.86875,0.70625,0.1625,,
strict_svm,Tables II-III,dreyer,B62,SingLEM,CSP,0.65625,0.73125,-0.075,,
strict_svm,Tables II-III,dreyer,B63,SingLEM,CSP,0.7,0.5625,0.1375,,
strict_svm,Tables II-III,dreyer,B64,SingLEM,CSP,0.75,0.4625,0.2875,,
strict_svm,Tables II-III,dreyer,B65,SingLEM,CSP,0.79375,0.825,-0.03125,,
strict_svm,Tables II-III,dreyer,B66,SingLEM,CSP,0.78125,0.5375,0.24375,,
strict_svm,Tables II-III,dreyer,B67,SingLEM,CSP,0.88125,0.5,0.38125,,
strict_svm,Tables II-III,dreyer,B68,SingLEM,CSP,0.65625,0.48125,0.175,,
strict_svm,Tables II-III,dreyer,B69,SingLEM,CSP,0.7125,0.675,0.0375,,
strict_svm,Tables II-III,dreyer,B70,SingLEM,CSP,0.75625,0.55,0.20625,,
strict_svm,Tables II-III,dreyer,B71,SingLEM,CSP,0.75,0.4875,0.2625,,
strict_svm,Tables II-III,dreyer,B72,SingLEM,CSP,0.83125,0.50625,0.325,,
strict_svm,Tables II-III,dreyer,B73,SingLEM,CSP,0.70625,0.95625,-0.25,,
strict_svm,Tables II-III,dreyer,B74,SingLEM,CSP,0.63125,0.66875,-0.0375,,
strict_svm,Tables II-III,dreyer,B75,SingLEM,CSP,0.7375,0.7125,0.025,,
strict_svm,Tables II-III,dreyer,B76,SingLEM,CSP,0.775,0.75625,0.01875,,
strict_svm,Tables II-III,dreyer,B77,SingLEM,CSP,0.7375,0.4875,0.25,,
strict_svm,Tables II-III,dreyer,B78,SingLEM,CSP,0.58125,0.66875,-0.0875,,
strict_svm,Tables II-III,dreyer,B79,SingLEM,CSP,0.86875,0.83125,0.0375,,
strict_svm,Tables II-III,dreyer,B80,SingLEM,CSP,0.66875,0.44375,0.225,,
strict_svm,Tables II-III,dreyer,B81,SingLEM,CSP,0.81875,0.5875,0.23125,,
strict_svm,Tables II-III,dreyer,B61,SingLEM,Welch PSD,0.86875,0.625,0.24375,,
strict_svm,Tables II-III,dreyer,B62,SingLEM,Welch PSD,0.65625,0.6375,0.01875,,
strict_svm,Tables II-III,dreyer,B63,SingLEM,Welch PSD,0.7,0.54375,0.15625,,
strict_svm,Tables II-III,dreyer,B64,SingLEM,Welch PSD,0.75,0.50625,0.24375,,
strict_svm,Tables II-III,dreyer,B65,SingLEM,Welch PSD,0.79375,0.75,0.04375,,
strict_svm,Tables II-III,dreyer,B66,SingLEM,Welch PSD,0.78125,0.575,0.20625,,
strict_svm,Tables II-III,dreyer,B67,SingLEM,Welch PSD,0.88125,0.475,0.40625,,
strict_svm,Tables II-III,dreyer,B68,SingLEM,Welch PSD,0.65625,0.575,0.08125,,
strict_svm,Tables II-III,dreyer,B69,SingLEM,Welch PSD,0.7125,0.625,0.0875,,
strict_svm,Tables II-III,dreyer,B70,SingLEM,Welch PSD,0.75625,0.55,0.20625,,
strict_svm,Tables II-III,dreyer,B71,SingLEM,Welch PSD,0.75,0.5,0.25,,
strict_svm,Tables II-III,dreyer,B72,SingLEM,Welch PSD,0.83125,0.48125,0.35,,
strict_svm,Tables II-III,dreyer,B73,SingLEM,Welch PSD,0.70625,0.51875,0.1875,,
strict_svm,Tables II-III,dreyer,B74,SingLEM,Welch PSD,0.63125,0.48125,0.15,,
strict_svm,Tables II-III,dreyer,B75,SingLEM,Welch PSD,0.7375,0.5125,0.225,,
strict_svm,Tables II-III,dreyer,B76,SingLEM,Welch PSD,0.775,0.5125,0.2625,,
strict_svm,Tables II-III,dreyer,B77,SingLEM,Welch PSD,0.7375,0.5875,0.15,,
strict_svm,Tables II-III,dreyer,B78,SingLEM,Welch PSD,0.58125,0.625,-0.04375,,
strict_svm,Tables II-III,dreyer,B79,SingLEM,Welch PSD,0.86875,0.675,0.19375,,
strict_svm,Tables II-III,dreyer,B80,SingLEM,Welch PSD,0.66875,0.5125,0.15625,,
strict_svm,Tables II-III,dreyer,B81,SingLEM,Welch PSD,0.81875,0.4875,0.33125,,
strict_svm,Tables II-III,wbcic_3c,sub-001,SingLEM,BENDR,0.71,0.32666666666666666,0.383333333333,,
strict_svm,Tables II-III,wbcic_3c,sub-002,SingLEM,BENDR,0.87,0.36,0.51,,
strict_svm,Tables II-III,wbcic_3c,sub-003,SingLEM,BENDR,0.69,0.35333333333333333,0.336666666667,,
strict_svm,Tables II-III,wbcic_3c,sub-004,SingLEM,BENDR,0.71,0.37,0.34,,
strict_svm,Tables II-III,wbcic_3c,sub-005,SingLEM,BENDR,0.6533333333333333,0.3233333333333333,0.33,,
strict_svm,Tables II-III,wbcic_3c,sub-006,SingLEM,BENDR,0.5633333333333334,0.38333333333333336,0.18,,
strict_svm,Tables II-III,wbcic_3c,sub-007,SingLEM,BENDR,0.7866666666666666,0.37666666666666665,0.41,,
strict_svm,Tables II-III,wbcic_3c,sub-008,SingLEM,BENDR,0.6833333333333333,0.38333333333333336,0.3,,
strict_svm,Tables II-III,wbcic_3c,sub-009,SingLEM,BENDR,0.78,0.3433333333333333,0.436666666667,,
strict_svm,Tables II-III,wbcic_3c,sub-010,SingLEM,BENDR,0.6755852842809364,0.38127090301003347,0.294314381271,,
strict_svm,Tables II-III,wbcic_3c,sub-011,SingLEM,BENDR,0.37333333333333335,0.30333333333333334,0.07,,
strict_svm,Tables II-III,wbcic_3c,sub-001,SingLEM,BIOT,0.71,0.32,0.39,,
strict_svm,Tables II-III,wbcic_3c,sub-002,SingLEM,BIOT,0.87,0.3566666666666667,0.513333333333,,
strict_svm,Tables II-III,wbcic_3c,sub-003,SingLEM,BIOT,0.69,0.30666666666666664,0.383333333333,,
strict_svm,Tables II-III,wbcic_3c,sub-004,SingLEM,BIOT,0.71,0.42333333333333334,0.286666666667,,
strict_svm,Tables II-III,wbcic_3c,sub-005,SingLEM,BIOT,0.6533333333333333,0.35333333333333333,0.3,,
strict_svm,Tables II-III,wbcic_3c,sub-006,SingLEM,BIOT,0.5633333333333334,0.36666666666666664,0.196666666667,,
strict_svm,Tables II-III,wbcic_3c,sub-007,SingLEM,BIOT,0.7866666666666666,0.38333333333333336,0.403333333333,,
strict_svm,Tables II-III,wbcic_3c,sub-008,SingLEM,BIOT,0.6833333333333333,0.4066666666666667,0.276666666667,,
strict_svm,Tables II-III,wbcic_3c,sub-009,SingLEM,BIOT,0.78,0.3,0.48,,
strict_svm,Tables II-III,wbcic_3c,sub-010,SingLEM,BIOT,0.6755852842809364,0.32441471571906355,0.351170568562,,
strict_svm,Tables II-III,wbcic_3c,sub-011,SingLEM,BIOT,0.37333333333333335,0.41333333333333333,-0.04,,
strict_svm,Tables II-III,wbcic_3c,sub-001,SingLEM,LaBraM,0.71,0.38333333333333336,0.326666666667,,
strict_svm,Tables II-III,wbcic_3c,sub-002,SingLEM,LaBraM,0.87,0.48333333333333334,0.386666666667,,
strict_svm,Tables II-III,wbcic_3c,sub-003,SingLEM,LaBraM,0.69,0.30666666666666664,0.383333333333,,
strict_svm,Tables II-III,wbcic_3c,sub-004,SingLEM,LaBraM,0.71,0.39,0.32,,
strict_svm,Tables II-III,wbcic_3c,sub-005,SingLEM,LaBraM,0.6533333333333333,0.36,0.293333333333,,
strict_svm,Tables II-III,wbcic_3c,sub-006,SingLEM,LaBraM,0.5633333333333334,0.38,0.183333333333,,
strict_svm,Tables II-III,wbcic_3c,sub-007,SingLEM,LaBraM,0.7866666666666666,0.45666666666666667,0.33,,
strict_svm,Tables II-III,wbcic_3c,sub-008,SingLEM,LaBraM,0.6833333333333333,0.49333333333333335,0.19,,
strict_svm,Tables II-III,wbcic_3c,sub-009,SingLEM,LaBraM,0.78,0.41333333333333333,0.366666666667,,
strict_svm,Tables II-III,wbcic_3c,sub-010,SingLEM,LaBraM,0.6755852842809364,0.3779264214046823,0.297658862876,,
strict_svm,Tables II-III,wbcic_3c,sub-011,SingLEM,LaBraM,0.37333333333333335,0.3433333333333333,0.03,,
strict_svm,Tables II-III,wbcic_3c,sub-001,SingLEM,CBraMod,0.71,0.7233333333333334,-0.013333333333,,
strict_svm,Tables II-III,wbcic_3c,sub-002,SingLEM,CBraMod,0.87,0.68,0.19,,
strict_svm,Tables II-III,wbcic_3c,sub-003,SingLEM,CBraMod,0.69,0.5166666666666667,0.173333333333,,
strict_svm,Tables II-III,wbcic_3c,sub-004,SingLEM,CBraMod,0.71,0.6666666666666666,0.043333333333,,
strict_svm,Tables II-III,wbcic_3c,sub-005,SingLEM,CBraMod,0.6533333333333333,0.5466666666666666,0.106666666667,,
strict_svm,Tables II-III,wbcic_3c,sub-006,SingLEM,CBraMod,0.5633333333333334,0.5533333333333333,0.01,,
strict_svm,Tables II-III,wbcic_3c,sub-007,SingLEM,CBraMod,0.7866666666666666,0.7633333333333333,0.023333333333,,
strict_svm,Tables II-III,wbcic_3c,sub-008,SingLEM,CBraMod,0.6833333333333333,0.5233333333333333,0.16,,
strict_svm,Tables II-III,wbcic_3c,sub-009,SingLEM,CBraMod,0.78,0.65,0.13,,
strict_svm,Tables II-III,wbcic_3c,sub-010,SingLEM,CBraMod,0.6755852842809364,0.6053511705685619,0.070234113712,,
strict_svm,Tables II-III,wbcic_3c,sub-011,SingLEM,CBraMod,0.37333333333333335,0.3933333333333333,-0.02,,
strict_svm,Tables II-III,wbcic_3c,sub-001,SingLEM,CodeBrain,0.71,0.6166666666666667,0.093333333333,,
strict_svm,Tables II-III,wbcic_3c,sub-002,SingLEM,CodeBrain,0.87,0.6633333333333333,0.206666666667,,
strict_svm,Tables II-III,wbcic_3c,sub-003,SingLEM,CodeBrain,0.69,0.46,0.23,,
strict_svm,Tables II-III,wbcic_3c,sub-004,SingLEM,CodeBrain,0.71,0.5233333333333333,0.186666666667,,
strict_svm,Tables II-III,wbcic_3c,sub-005,SingLEM,CodeBrain,0.6533333333333333,0.5633333333333334,0.09,,
strict_svm,Tables II-III,wbcic_3c,sub-006,SingLEM,CodeBrain,0.5633333333333334,0.39666666666666667,0.166666666667,,
strict_svm,Tables II-III,wbcic_3c,sub-007,SingLEM,CodeBrain,0.7866666666666666,0.5633333333333334,0.223333333333,,
strict_svm,Tables II-III,wbcic_3c,sub-008,SingLEM,CodeBrain,0.6833333333333333,0.49333333333333335,0.19,,
strict_svm,Tables II-III,wbcic_3c,sub-009,SingLEM,CodeBrain,0.78,0.5666666666666667,0.213333333333,,
strict_svm,Tables II-III,wbcic_3c,sub-010,SingLEM,CodeBrain,0.6755852842809364,0.4882943143812709,0.1872909699,,
strict_svm,Tables II-III,wbcic_3c,sub-011,SingLEM,CodeBrain,0.37333333333333335,0.3333333333333333,0.04,,
strict_svm,Tables II-III,wbcic_3c,sub-001,SingLEM,CSBrain,0.71,0.67,0.04,,
strict_svm,Tables II-III,wbcic_3c,sub-002,SingLEM,CSBrain,0.87,0.85,0.02,,
strict_svm,Tables II-III,wbcic_3c,sub-003,SingLEM,CSBrain,0.69,0.5033333333333333,0.186666666667,,
strict_svm,Tables II-III,wbcic_3c,sub-004,SingLEM,CSBrain,0.71,0.63,0.08,,
strict_svm,Tables II-III,wbcic_3c,sub-005,SingLEM,CSBrain,0.6533333333333333,0.5833333333333334,0.07,,
strict_svm,Tables II-III,wbcic_3c,sub-006,SingLEM,CSBrain,0.5633333333333334,0.6133333333333333,-0.05,,
strict_svm,Tables II-III,wbcic_3c,sub-007,SingLEM,CSBrain,0.7866666666666666,0.8266666666666667,-0.04,,
strict_svm,Tables II-III,wbcic_3c,sub-008,SingLEM,CSBrain,0.6833333333333333,0.5933333333333334,0.09,,
strict_svm,Tables II-III,wbcic_3c,sub-009,SingLEM,CSBrain,0.78,0.7266666666666667,0.053333333333,,
strict_svm,Tables II-III,wbcic_3c,sub-010,SingLEM,CSBrain,0.6755852842809364,0.5719063545150501,0.103678929766,,
strict_svm,Tables II-III,wbcic_3c,sub-011,SingLEM,CSBrain,0.37333333333333335,0.36666666666666664,0.006666666667,,
strict_svm,Tables II-III,wbcic_3c,sub-001,SingLEM,LUNA,0.71,0.47333333333333333,0.236666666667,,
strict_svm,Tables II-III,wbcic_3c,sub-002,SingLEM,LUNA,0.87,0.5566666666666666,0.313333333333,,
strict_svm,Tables II-III,wbcic_3c,sub-003,SingLEM,LUNA,0.69,0.44666666666666666,0.243333333333,,
strict_svm,Tables II-III,wbcic_3c,sub-004,SingLEM,LUNA,0.71,0.39666666666666667,0.313333333333,,
strict_svm,Tables II-III,wbcic_3c,sub-005,SingLEM,LUNA,0.6533333333333333,0.49,0.163333333333,,
strict_svm,Tables II-III,wbcic_3c,sub-006,SingLEM,LUNA,0.5633333333333334,0.41333333333333333,0.15,,
strict_svm,Tables II-III,wbcic_3c,sub-007,SingLEM,LUNA,0.7866666666666666,0.53,0.256666666667,,
strict_svm,Tables II-III,wbcic_3c,sub-008,SingLEM,LUNA,0.6833333333333333,0.45666666666666667,0.226666666667,,
strict_svm,Tables II-III,wbcic_3c,sub-009,SingLEM,LUNA,0.78,0.4633333333333333,0.316666666667,,
strict_svm,Tables II-III,wbcic_3c,sub-010,SingLEM,LUNA,0.6755852842809364,0.43478260869565216,0.240802675585,,
strict_svm,Tables II-III,wbcic_3c,sub-011,SingLEM,LUNA,0.37333333333333335,0.32666666666666666,0.046666666667,,
strict_svm,Tables II-III,wbcic_3c,sub-001,SingLEM,MIRepNet,0.71,0.61,0.1,,
strict_svm,Tables II-III,wbcic_3c,sub-002,SingLEM,MIRepNet,0.87,0.6,0.27,,
strict_svm,Tables II-III,wbcic_3c,sub-003,SingLEM,MIRepNet,0.69,0.3233333333333333,0.366666666667,,
strict_svm,Tables II-III,wbcic_3c,sub-004,SingLEM,MIRepNet,0.71,0.49333333333333335,0.216666666667,,
strict_svm,Tables II-III,wbcic_3c,sub-005,SingLEM,MIRepNet,0.6533333333333333,0.4,0.253333333333,,
strict_svm,Tables II-III,wbcic_3c,sub-006,SingLEM,MIRepNet,0.5633333333333334,0.42,0.143333333333,,
strict_svm,Tables II-III,wbcic_3c,sub-007,SingLEM,MIRepNet,0.7866666666666666,0.47,0.316666666667,,
strict_svm,Tables II-III,wbcic_3c,sub-008,SingLEM,MIRepNet,0.6833333333333333,0.61,0.073333333333,,
strict_svm,Tables II-III,wbcic_3c,sub-009,SingLEM,MIRepNet,0.78,0.30666666666666664,0.473333333333,,
strict_svm,Tables II-III,wbcic_3c,sub-010,SingLEM,MIRepNet,0.6755852842809364,0.3979933110367893,0.277591973244,,
strict_svm,Tables II-III,wbcic_3c,sub-011,SingLEM,MIRepNet,0.37333333333333335,0.68,-0.306666666667,,
strict_svm,Tables II-III,wbcic_3c,sub-001,SingLEM,CSP,0.71,0.36333333333333334,0.346666666667,,
strict_svm,Tables II-III,wbcic_3c,sub-002,SingLEM,CSP,0.87,0.3333333333333333,0.536666666667,,
strict_svm,Tables II-III,wbcic_3c,sub-003,SingLEM,CSP,0.69,0.3233333333333333,0.366666666667,,
strict_svm,Tables II-III,wbcic_3c,sub-004,SingLEM,CSP,0.71,0.32,0.39,,
strict_svm,Tables II-III,wbcic_3c,sub-005,SingLEM,CSP,0.6533333333333333,0.3566666666666667,0.296666666667,,
strict_svm,Tables II-III,wbcic_3c,sub-006,SingLEM,CSP,0.5633333333333334,0.32666666666666666,0.236666666667,,
strict_svm,Tables II-III,wbcic_3c,sub-007,SingLEM,CSP,0.7866666666666666,0.34,0.446666666667,,
strict_svm,Tables II-III,wbcic_3c,sub-008,SingLEM,CSP,0.6833333333333333,0.38666666666666666,0.296666666667,,
strict_svm,Tables II-III,wbcic_3c,sub-009,SingLEM,CSP,0.78,0.3433333333333333,0.436666666667,,
strict_svm,Tables II-III,wbcic_3c,sub-010,SingLEM,CSP,0.6755852842809364,0.34782608695652173,0.327759197324,,
strict_svm,Tables II-III,wbcic_3c,sub-011,SingLEM,CSP,0.37333333333333335,0.38333333333333336,-0.01,,
strict_svm,Tables II-III,wbcic_3c,sub-001,SingLEM,Welch PSD,0.71,0.41333333333333333,0.296666666667,,
strict_svm,Tables II-III,wbcic_3c,sub-002,SingLEM,Welch PSD,0.87,0.34,0.53,,
strict_svm,Tables II-III,wbcic_3c,sub-003,SingLEM,Welch PSD,0.69,0.34,0.35,,
strict_svm,Tables II-III,wbcic_3c,sub-004,SingLEM,Welch PSD,0.71,0.36,0.35,,
strict_svm,Tables II-III,wbcic_3c,sub-005,SingLEM,Welch PSD,0.6533333333333333,0.33,0.323333333333,,
strict_svm,Tables II-III,wbcic_3c,sub-006,SingLEM,Welch PSD,0.5633333333333334,0.3433333333333333,0.22,,
strict_svm,Tables II-III,wbcic_3c,sub-007,SingLEM,Welch PSD,0.7866666666666666,0.33,0.456666666667,,
strict_svm,Tables II-III,wbcic_3c,sub-008,SingLEM,Welch PSD,0.6833333333333333,0.4633333333333333,0.22,,
strict_svm,Tables II-III,wbcic_3c,sub-009,SingLEM,Welch PSD,0.78,0.38666666666666666,0.393333333333,,
strict_svm,Tables II-III,wbcic_3c,sub-010,SingLEM,Welch PSD,0.6755852842809364,0.34782608695652173,0.327759197324,,
strict_svm,Tables II-III,wbcic_3c,sub-011,SingLEM,Welch PSD,0.37333333333333335,0.4866666666666667,-0.113333333333,,
strict_svm,Tables II-III,wbcic_2c,sub-001,SingLEM,BENDR,0.88,0.5,0.38,,
strict_svm,Tables II-III,wbcic_2c,sub-002,SingLEM,BENDR,0.72,0.5,0.22,,
strict_svm,Tables II-III,wbcic_2c,sub-003,SingLEM,BENDR,0.925,0.54,0.385,,
strict_svm,Tables II-III,wbcic_2c,sub-004,SingLEM,BENDR,0.54,0.5,0.04,,
strict_svm,Tables II-III,wbcic_2c,sub-005,SingLEM,BENDR,0.905,0.475,0.43,,
strict_svm,Tables II-III,wbcic_2c,sub-006,SingLEM,BENDR,0.86,0.485,0.375,,
strict_svm,Tables II-III,wbcic_2c,sub-007,SingLEM,BENDR,0.71,0.5,0.21,,
strict_svm,Tables II-III,wbcic_2c,sub-008,SingLEM,BENDR,0.9,0.545,0.355,,
strict_svm,Tables II-III,wbcic_2c,sub-009,SingLEM,BENDR,0.79,0.47,0.32,,
strict_svm,Tables II-III,wbcic_2c,sub-010,SingLEM,BENDR,0.81,0.515,0.295,,
strict_svm,Tables II-III,wbcic_2c,sub-011,SingLEM,BENDR,0.9,0.48,0.42,,
strict_svm,Tables II-III,wbcic_2c,sub-012,SingLEM,BENDR,0.525,0.47,0.055,,
strict_svm,Tables II-III,wbcic_2c,sub-013,SingLEM,BENDR,0.87,0.53,0.34,,
strict_svm,Tables II-III,wbcic_2c,sub-014,SingLEM,BENDR,0.55,0.565,-0.015,,
strict_svm,Tables II-III,wbcic_2c,sub-015,SingLEM,BENDR,0.825,0.555,0.27,,
strict_svm,Tables II-III,wbcic_2c,sub-016,SingLEM,BENDR,0.665,0.555,0.11,,
strict_svm,Tables II-III,wbcic_2c,sub-017,SingLEM,BENDR,0.775,0.535,0.24,,
strict_svm,Tables II-III,wbcic_2c,sub-018,SingLEM,BENDR,0.64,0.495,0.145,,
strict_svm,Tables II-III,wbcic_2c,sub-019,SingLEM,BENDR,0.755,0.545,0.21,,
strict_svm,Tables II-III,wbcic_2c,sub-020,SingLEM,BENDR,0.915,0.51,0.405,,
strict_svm,Tables II-III,wbcic_2c,sub-021,SingLEM,BENDR,0.91,0.555,0.355,,
strict_svm,Tables II-III,wbcic_2c,sub-022,SingLEM,BENDR,0.705,0.52,0.185,,
strict_svm,Tables II-III,wbcic_2c,sub-023,SingLEM,BENDR,0.8994974874371859,0.5175879396984925,0.381909547739,,
strict_svm,Tables II-III,wbcic_2c,sub-024,SingLEM,BENDR,0.965,0.495,0.47,,
strict_svm,Tables II-III,wbcic_2c,sub-025,SingLEM,BENDR,0.925,0.525,0.4,,
strict_svm,Tables II-III,wbcic_2c,sub-026,SingLEM,BENDR,0.8844221105527639,0.542713567839196,0.341708542714,,
strict_svm,Tables II-III,wbcic_2c,sub-027,SingLEM,BENDR,0.685,0.56,0.125,,
strict_svm,Tables II-III,wbcic_2c,sub-028,SingLEM,BENDR,0.82,0.44,0.38,,
strict_svm,Tables II-III,wbcic_2c,sub-029,SingLEM,BENDR,0.48,0.485,-0.005,,
strict_svm,Tables II-III,wbcic_2c,sub-030,SingLEM,BENDR,0.84,0.58,0.26,,
strict_svm,Tables II-III,wbcic_2c,sub-031,SingLEM,BENDR,0.87,0.475,0.395,,
strict_svm,Tables II-III,wbcic_2c,sub-032,SingLEM,BENDR,0.6,0.505,0.095,,
strict_svm,Tables II-III,wbcic_2c,sub-033,SingLEM,BENDR,0.925,0.575,0.35,,
strict_svm,Tables II-III,wbcic_2c,sub-034,SingLEM,BENDR,0.64,0.455,0.185,,
strict_svm,Tables II-III,wbcic_2c,sub-035,SingLEM,BENDR,0.975,0.535,0.44,,
strict_svm,Tables II-III,wbcic_2c,sub-036,SingLEM,BENDR,0.91,0.465,0.445,,
strict_svm,Tables II-III,wbcic_2c,sub-037,SingLEM,BENDR,0.915,0.495,0.42,,
strict_svm,Tables II-III,wbcic_2c,sub-038,SingLEM,BENDR,0.555,0.455,0.1,,
strict_svm,Tables II-III,wbcic_2c,sub-039,SingLEM,BENDR,0.55,0.445,0.105,,
strict_svm,Tables II-III,wbcic_2c,sub-040,SingLEM,BENDR,0.825,0.525,0.3,,
strict_svm,Tables II-III,wbcic_2c,sub-041,SingLEM,BENDR,0.915,0.525,0.39,,
strict_svm,Tables II-III,wbcic_2c,sub-042,SingLEM,BENDR,0.815,0.455,0.36,,
strict_svm,Tables II-III,wbcic_2c,sub-043,SingLEM,BENDR,0.97,0.595,0.375,,
strict_svm,Tables II-III,wbcic_2c,sub-044,SingLEM,BENDR,0.69,0.535,0.155,,
strict_svm,Tables II-III,wbcic_2c,sub-045,SingLEM,BENDR,0.795,0.5,0.295,,
strict_svm,Tables II-III,wbcic_2c,sub-046,SingLEM,BENDR,0.98,0.525,0.455,,
strict_svm,Tables II-III,wbcic_2c,sub-047,SingLEM,BENDR,0.795,0.495,0.3,,
strict_svm,Tables II-III,wbcic_2c,sub-048,SingLEM,BENDR,0.84,0.52,0.32,,
strict_svm,Tables II-III,wbcic_2c,sub-049,SingLEM,BENDR,0.85,0.455,0.395,,
strict_svm,Tables II-III,wbcic_2c,sub-050,SingLEM,BENDR,0.86,0.5,0.36,,
strict_svm,Tables II-III,wbcic_2c,sub-051,SingLEM,BENDR,0.79,0.53,0.26,,
strict_svm,Tables II-III,wbcic_2c,sub-001,SingLEM,BIOT,0.88,0.49,0.39,,
strict_svm,Tables II-III,wbcic_2c,sub-002,SingLEM,BIOT,0.72,0.53,0.19,,
strict_svm,Tables II-III,wbcic_2c,sub-003,SingLEM,BIOT,0.925,0.56,0.365,,
strict_svm,Tables II-III,wbcic_2c,sub-004,SingLEM,BIOT,0.54,0.54,0.0,,
strict_svm,Tables II-III,wbcic_2c,sub-005,SingLEM,BIOT,0.905,0.485,0.42,,
strict_svm,Tables II-III,wbcic_2c,sub-006,SingLEM,BIOT,0.86,0.535,0.325,,
strict_svm,Tables II-III,wbcic_2c,sub-007,SingLEM,BIOT,0.71,0.5,0.21,,
strict_svm,Tables II-III,wbcic_2c,sub-008,SingLEM,BIOT,0.9,0.54,0.36,,
strict_svm,Tables II-III,wbcic_2c,sub-009,SingLEM,BIOT,0.79,0.485,0.305,,
strict_svm,Tables II-III,wbcic_2c,sub-010,SingLEM,BIOT,0.81,0.48,0.33,,
strict_svm,Tables II-III,wbcic_2c,sub-011,SingLEM,BIOT,0.9,0.515,0.385,,
strict_svm,Tables II-III,wbcic_2c,sub-012,SingLEM,BIOT,0.525,0.55,-0.025,,
strict_svm,Tables II-III,wbcic_2c,sub-013,SingLEM,BIOT,0.87,0.53,0.34,,
strict_svm,Tables II-III,wbcic_2c,sub-014,SingLEM,BIOT,0.55,0.495,0.055,,
strict_svm,Tables II-III,wbcic_2c,sub-015,SingLEM,BIOT,0.825,0.51,0.315,,
strict_svm,Tables II-III,wbcic_2c,sub-016,SingLEM,BIOT,0.665,0.48,0.185,,
strict_svm,Tables II-III,wbcic_2c,sub-017,SingLEM,BIOT,0.775,0.51,0.265,,
strict_svm,Tables II-III,wbcic_2c,sub-018,SingLEM,BIOT,0.64,0.45,0.19,,
strict_svm,Tables II-III,wbcic_2c,sub-019,SingLEM,BIOT,0.755,0.475,0.28,,
strict_svm,Tables II-III,wbcic_2c,sub-020,SingLEM,BIOT,0.915,0.515,0.4,,
strict_svm,Tables II-III,wbcic_2c,sub-021,SingLEM,BIOT,0.91,0.56,0.35,,
strict_svm,Tables II-III,wbcic_2c,sub-022,SingLEM,BIOT,0.705,0.465,0.24,,
strict_svm,Tables II-III,wbcic_2c,sub-023,SingLEM,BIOT,0.8994974874371859,0.457286432160804,0.442211055276,,
strict_svm,Tables II-III,wbcic_2c,sub-024,SingLEM,BIOT,0.965,0.525,0.44,,
strict_svm,Tables II-III,wbcic_2c,sub-025,SingLEM,BIOT,0.925,0.465,0.46,,
strict_svm,Tables II-III,wbcic_2c,sub-026,SingLEM,BIOT,0.8844221105527639,0.5175879396984925,0.366834170854,,
strict_svm,Tables II-III,wbcic_2c,sub-027,SingLEM,BIOT,0.685,0.49,0.195,,
strict_svm,Tables II-III,wbcic_2c,sub-028,SingLEM,BIOT,0.82,0.555,0.265,,
strict_svm,Tables II-III,wbcic_2c,sub-029,SingLEM,BIOT,0.48,0.515,-0.035,,
strict_svm,Tables II-III,wbcic_2c,sub-030,SingLEM,BIOT,0.84,0.53,0.31,,
strict_svm,Tables II-III,wbcic_2c,sub-031,SingLEM,BIOT,0.87,0.555,0.315,,
strict_svm,Tables II-III,wbcic_2c,sub-032,SingLEM,BIOT,0.6,0.505,0.095,,
strict_svm,Tables II-III,wbcic_2c,sub-033,SingLEM,BIOT,0.925,0.48,0.445,,
strict_svm,Tables II-III,wbcic_2c,sub-034,SingLEM,BIOT,0.64,0.49,0.15,,
strict_svm,Tables II-III,wbcic_2c,sub-035,SingLEM,BIOT,0.975,0.52,0.455,,
strict_svm,Tables II-III,wbcic_2c,sub-036,SingLEM,BIOT,0.91,0.56,0.35,,
strict_svm,Tables II-III,wbcic_2c,sub-037,SingLEM,BIOT,0.915,0.52,0.395,,
strict_svm,Tables II-III,wbcic_2c,sub-038,SingLEM,BIOT,0.555,0.58,-0.025,,
strict_svm,Tables II-III,wbcic_2c,sub-039,SingLEM,BIOT,0.55,0.545,0.005,,
strict_svm,Tables II-III,wbcic_2c,sub-040,SingLEM,BIOT,0.825,0.475,0.35,,
strict_svm,Tables II-III,wbcic_2c,sub-041,SingLEM,BIOT,0.915,0.475,0.44,,
strict_svm,Tables II-III,wbcic_2c,sub-042,SingLEM,BIOT,0.815,0.47,0.345,,
strict_svm,Tables II-III,wbcic_2c,sub-043,SingLEM,BIOT,0.97,0.45,0.52,,
strict_svm,Tables II-III,wbcic_2c,sub-044,SingLEM,BIOT,0.69,0.53,0.16,,
strict_svm,Tables II-III,wbcic_2c,sub-045,SingLEM,BIOT,0.795,0.555,0.24,,
strict_svm,Tables II-III,wbcic_2c,sub-046,SingLEM,BIOT,0.98,0.475,0.505,,
strict_svm,Tables II-III,wbcic_2c,sub-047,SingLEM,BIOT,0.795,0.46,0.335,,
strict_svm,Tables II-III,wbcic_2c,sub-048,SingLEM,BIOT,0.84,0.505,0.335,,
strict_svm,Tables II-III,wbcic_2c,sub-049,SingLEM,BIOT,0.85,0.44,0.41,,
strict_svm,Tables II-III,wbcic_2c,sub-050,SingLEM,BIOT,0.86,0.565,0.295,,
strict_svm,Tables II-III,wbcic_2c,sub-051,SingLEM,BIOT,0.79,0.515,0.275,,
strict_svm,Tables II-III,wbcic_2c,sub-001,SingLEM,LaBraM,0.88,0.605,0.275,,
strict_svm,Tables II-III,wbcic_2c,sub-002,SingLEM,LaBraM,0.72,0.515,0.205,,
strict_svm,Tables II-III,wbcic_2c,sub-003,SingLEM,LaBraM,0.925,0.695,0.23,,
strict_svm,Tables II-III,wbcic_2c,sub-004,SingLEM,LaBraM,0.54,0.47,0.07,,
strict_svm,Tables II-III,wbcic_2c,sub-005,SingLEM,LaBraM,0.905,0.545,0.36,,
strict_svm,Tables II-III,wbcic_2c,sub-006,SingLEM,LaBraM,0.86,0.565,0.295,,
strict_svm,Tables II-III,wbcic_2c,sub-007,SingLEM,LaBraM,0.71,0.51,0.2,,
strict_svm,Tables II-III,wbcic_2c,sub-008,SingLEM,LaBraM,0.9,0.66,0.24,,
strict_svm,Tables II-III,wbcic_2c,sub-009,SingLEM,LaBraM,0.79,0.57,0.22,,
strict_svm,Tables II-III,wbcic_2c,sub-010,SingLEM,LaBraM,0.81,0.55,0.26,,
strict_svm,Tables II-III,wbcic_2c,sub-011,SingLEM,LaBraM,0.9,0.6,0.3,,
strict_svm,Tables II-III,wbcic_2c,sub-012,SingLEM,LaBraM,0.525,0.45,0.075,,
strict_svm,Tables II-III,wbcic_2c,sub-013,SingLEM,LaBraM,0.87,0.625,0.245,,
strict_svm,Tables II-III,wbcic_2c,sub-014,SingLEM,LaBraM,0.55,0.555,-0.005,,
strict_svm,Tables II-III,wbcic_2c,sub-015,SingLEM,LaBraM,0.825,0.595,0.23,,
strict_svm,Tables II-III,wbcic_2c,sub-016,SingLEM,LaBraM,0.665,0.52,0.145,,
strict_svm,Tables II-III,wbcic_2c,sub-017,SingLEM,LaBraM,0.775,0.57,0.205,,
strict_svm,Tables II-III,wbcic_2c,sub-018,SingLEM,LaBraM,0.64,0.5,0.14,,
strict_svm,Tables II-III,wbcic_2c,sub-019,SingLEM,LaBraM,0.755,0.66,0.095,,
strict_svm,Tables II-III,wbcic_2c,sub-020,SingLEM,LaBraM,0.915,0.57,0.345,,
strict_svm,Tables II-III,wbcic_2c,sub-021,SingLEM,LaBraM,0.91,0.545,0.365,,
strict_svm,Tables II-III,wbcic_2c,sub-022,SingLEM,LaBraM,0.705,0.58,0.125,,
strict_svm,Tables II-III,wbcic_2c,sub-023,SingLEM,LaBraM,0.8994974874371859,0.5778894472361809,0.321608040201,,
strict_svm,Tables II-III,wbcic_2c,sub-024,SingLEM,LaBraM,0.965,0.56,0.405,,
strict_svm,Tables II-III,wbcic_2c,sub-025,SingLEM,LaBraM,0.925,0.685,0.24,,
strict_svm,Tables II-III,wbcic_2c,sub-026,SingLEM,LaBraM,0.8844221105527639,0.5778894472361809,0.306532663317,,
strict_svm,Tables II-III,wbcic_2c,sub-027,SingLEM,LaBraM,0.685,0.53,0.155,,
strict_svm,Tables II-III,wbcic_2c,sub-028,SingLEM,LaBraM,0.82,0.575,0.245,,
strict_svm,Tables II-III,wbcic_2c,sub-029,SingLEM,LaBraM,0.48,0.55,-0.07,,
strict_svm,Tables II-III,wbcic_2c,sub-030,SingLEM,LaBraM,0.84,0.7,0.14,,
strict_svm,Tables II-III,wbcic_2c,sub-031,SingLEM,LaBraM,0.87,0.655,0.215,,
strict_svm,Tables II-III,wbcic_2c,sub-032,SingLEM,LaBraM,0.6,0.545,0.055,,
strict_svm,Tables II-III,wbcic_2c,sub-033,SingLEM,LaBraM,0.925,0.67,0.255,,
strict_svm,Tables II-III,wbcic_2c,sub-034,SingLEM,LaBraM,0.64,0.46,0.18,,
strict_svm,Tables II-III,wbcic_2c,sub-035,SingLEM,LaBraM,0.975,0.625,0.35,,
strict_svm,Tables II-III,wbcic_2c,sub-036,SingLEM,LaBraM,0.91,0.61,0.3,,
strict_svm,Tables II-III,wbcic_2c,sub-037,SingLEM,LaBraM,0.915,0.565,0.35,,
strict_svm,Tables II-III,wbcic_2c,sub-038,SingLEM,LaBraM,0.555,0.45,0.105,,
strict_svm,Tables II-III,wbcic_2c,sub-039,SingLEM,LaBraM,0.55,0.605,-0.055,,
strict_svm,Tables II-III,wbcic_2c,sub-040,SingLEM,LaBraM,0.825,0.63,0.195,,
strict_svm,Tables II-III,wbcic_2c,sub-041,SingLEM,LaBraM,0.915,0.575,0.34,,
strict_svm,Tables II-III,wbcic_2c,sub-042,SingLEM,LaBraM,0.815,0.595,0.22,,
strict_svm,Tables II-III,wbcic_2c,sub-043,SingLEM,LaBraM,0.97,0.615,0.355,,
strict_svm,Tables II-III,wbcic_2c,sub-044,SingLEM,LaBraM,0.69,0.535,0.155,,
strict_svm,Tables II-III,wbcic_2c,sub-045,SingLEM,LaBraM,0.795,0.535,0.26,,
strict_svm,Tables II-III,wbcic_2c,sub-046,SingLEM,LaBraM,0.98,0.525,0.455,,
strict_svm,Tables II-III,wbcic_2c,sub-047,SingLEM,LaBraM,0.795,0.56,0.235,,
strict_svm,Tables II-III,wbcic_2c,sub-048,SingLEM,LaBraM,0.84,0.58,0.26,,
strict_svm,Tables II-III,wbcic_2c,sub-049,SingLEM,LaBraM,0.85,0.59,0.26,,
strict_svm,Tables II-III,wbcic_2c,sub-050,SingLEM,LaBraM,0.86,0.565,0.295,,
strict_svm,Tables II-III,wbcic_2c,sub-051,SingLEM,LaBraM,0.79,0.49,0.3,,
strict_svm,Tables II-III,wbcic_2c,sub-001,SingLEM,CBraMod,0.88,0.82,0.06,,
strict_svm,Tables II-III,wbcic_2c,sub-002,SingLEM,CBraMod,0.72,0.715,0.005,,
strict_svm,Tables II-III,wbcic_2c,sub-003,SingLEM,CBraMod,0.925,0.955,-0.03,,
strict_svm,Tables II-III,wbcic_2c,sub-004,SingLEM,CBraMod,0.54,0.6,-0.06,,
strict_svm,Tables II-III,wbcic_2c,sub-005,SingLEM,CBraMod,0.905,0.775,0.13,,
strict_svm,Tables II-III,wbcic_2c,sub-006,SingLEM,CBraMod,0.86,0.84,0.02,,
strict_svm,Tables II-III,wbcic_2c,sub-007,SingLEM,CBraMod,0.71,0.725,-0.015,,
strict_svm,Tables II-III,wbcic_2c,sub-008,SingLEM,CBraMod,0.9,0.9,0.0,,
strict_svm,Tables II-III,wbcic_2c,sub-009,SingLEM,CBraMod,0.79,0.76,0.03,,
strict_svm,Tables II-III,wbcic_2c,sub-010,SingLEM,CBraMod,0.81,0.785,0.025,,
strict_svm,Tables II-III,wbcic_2c,sub-011,SingLEM,CBraMod,0.9,0.945,-0.045,,
strict_svm,Tables II-III,wbcic_2c,sub-012,SingLEM,CBraMod,0.525,0.52,0.005,,
strict_svm,Tables II-III,wbcic_2c,sub-013,SingLEM,CBraMod,0.87,0.74,0.13,,
strict_svm,Tables II-III,wbcic_2c,sub-014,SingLEM,CBraMod,0.55,0.565,-0.015,,
strict_svm,Tables II-III,wbcic_2c,sub-015,SingLEM,CBraMod,0.825,0.78,0.045,,
strict_svm,Tables II-III,wbcic_2c,sub-016,SingLEM,CBraMod,0.665,0.71,-0.045,,
strict_svm,Tables II-III,wbcic_2c,sub-017,SingLEM,CBraMod,0.775,0.695,0.08,,
strict_svm,Tables II-III,wbcic_2c,sub-018,SingLEM,CBraMod,0.64,0.675,-0.035,,
strict_svm,Tables II-III,wbcic_2c,sub-019,SingLEM,CBraMod,0.755,0.775,-0.02,,
strict_svm,Tables II-III,wbcic_2c,sub-020,SingLEM,CBraMod,0.915,0.88,0.035,,
strict_svm,Tables II-III,wbcic_2c,sub-021,SingLEM,CBraMod,0.91,0.86,0.05,,
strict_svm,Tables II-III,wbcic_2c,sub-022,SingLEM,CBraMod,0.705,0.73,-0.025,,
strict_svm,Tables II-III,wbcic_2c,sub-023,SingLEM,CBraMod,0.8994974874371859,0.8291457286432161,0.070351758794,,
strict_svm,Tables II-III,wbcic_2c,sub-024,SingLEM,CBraMod,0.965,0.96,0.005,,
strict_svm,Tables II-III,wbcic_2c,sub-025,SingLEM,CBraMod,0.925,0.9,0.025,,
strict_svm,Tables II-III,wbcic_2c,sub-026,SingLEM,CBraMod,0.8844221105527639,0.8090452261306532,0.075376884422,,
strict_svm,Tables II-III,wbcic_2c,sub-027,SingLEM,CBraMod,0.685,0.695,-0.01,,
strict_svm,Tables II-III,wbcic_2c,sub-028,SingLEM,CBraMod,0.82,0.835,-0.015,,
strict_svm,Tables II-III,wbcic_2c,sub-029,SingLEM,CBraMod,0.48,0.665,-0.185,,
strict_svm,Tables II-III,wbcic_2c,sub-030,SingLEM,CBraMod,0.84,0.84,0.0,,
strict_svm,Tables II-III,wbcic_2c,sub-031,SingLEM,CBraMod,0.87,0.885,-0.015,,
strict_svm,Tables II-III,wbcic_2c,sub-032,SingLEM,CBraMod,0.6,0.595,0.005,,
strict_svm,Tables II-III,wbcic_2c,sub-033,SingLEM,CBraMod,0.925,0.89,0.035,,
strict_svm,Tables II-III,wbcic_2c,sub-034,SingLEM,CBraMod,0.64,0.605,0.035,,
strict_svm,Tables II-III,wbcic_2c,sub-035,SingLEM,CBraMod,0.975,0.885,0.09,,
strict_svm,Tables II-III,wbcic_2c,sub-036,SingLEM,CBraMod,0.91,0.815,0.095,,
strict_svm,Tables II-III,wbcic_2c,sub-037,SingLEM,CBraMod,0.915,0.915,0.0,,
strict_svm,Tables II-III,wbcic_2c,sub-038,SingLEM,CBraMod,0.555,0.56,-0.005,,
strict_svm,Tables II-III,wbcic_2c,sub-039,SingLEM,CBraMod,0.55,0.725,-0.175,,
strict_svm,Tables II-III,wbcic_2c,sub-040,SingLEM,CBraMod,0.825,0.765,0.06,,
strict_svm,Tables II-III,wbcic_2c,sub-041,SingLEM,CBraMod,0.915,0.93,-0.015,,
strict_svm,Tables II-III,wbcic_2c,sub-042,SingLEM,CBraMod,0.815,0.775,0.04,,
strict_svm,Tables II-III,wbcic_2c,sub-043,SingLEM,CBraMod,0.97,0.93,0.04,,
strict_svm,Tables II-III,wbcic_2c,sub-044,SingLEM,CBraMod,0.69,0.665,0.025,,
strict_svm,Tables II-III,wbcic_2c,sub-045,SingLEM,CBraMod,0.795,0.78,0.015,,
strict_svm,Tables II-III,wbcic_2c,sub-046,SingLEM,CBraMod,0.98,0.925,0.055,,
strict_svm,Tables II-III,wbcic_2c,sub-047,SingLEM,CBraMod,0.795,0.77,0.025,,
strict_svm,Tables II-III,wbcic_2c,sub-048,SingLEM,CBraMod,0.84,0.82,0.02,,
strict_svm,Tables II-III,wbcic_2c,sub-049,SingLEM,CBraMod,0.85,0.69,0.16,,
strict_svm,Tables II-III,wbcic_2c,sub-050,SingLEM,CBraMod,0.86,0.875,-0.015,,
strict_svm,Tables II-III,wbcic_2c,sub-051,SingLEM,CBraMod,0.79,0.77,0.02,,
strict_svm,Tables II-III,wbcic_2c,sub-001,SingLEM,CodeBrain,0.88,0.725,0.155,,
strict_svm,Tables II-III,wbcic_2c,sub-002,SingLEM,CodeBrain,0.72,0.685,0.035,,
strict_svm,Tables II-III,wbcic_2c,sub-003,SingLEM,CodeBrain,0.925,0.905,0.02,,
strict_svm,Tables II-III,wbcic_2c,sub-004,SingLEM,CodeBrain,0.54,0.58,-0.04,,
strict_svm,Tables II-III,wbcic_2c,sub-005,SingLEM,CodeBrain,0.905,0.765,0.14,,
strict_svm,Tables II-III,wbcic_2c,sub-006,SingLEM,CodeBrain,0.86,0.8,0.06,,
strict_svm,Tables II-III,wbcic_2c,sub-007,SingLEM,CodeBrain,0.71,0.68,0.03,,
strict_svm,Tables II-III,wbcic_2c,sub-008,SingLEM,CodeBrain,0.9,0.895,0.005,,
strict_svm,Tables II-III,wbcic_2c,sub-009,SingLEM,CodeBrain,0.79,0.705,0.085,,
strict_svm,Tables II-III,wbcic_2c,sub-010,SingLEM,CodeBrain,0.81,0.74,0.07,,
strict_svm,Tables II-III,wbcic_2c,sub-011,SingLEM,CodeBrain,0.9,0.935,-0.035,,
strict_svm,Tables II-III,wbcic_2c,sub-012,SingLEM,CodeBrain,0.525,0.505,0.02,,
strict_svm,Tables II-III,wbcic_2c,sub-013,SingLEM,CodeBrain,0.87,0.76,0.11,,
strict_svm,Tables II-III,wbcic_2c,sub-014,SingLEM,CodeBrain,0.55,0.53,0.02,,
strict_svm,Tables II-III,wbcic_2c,sub-015,SingLEM,CodeBrain,0.825,0.75,0.075,,
strict_svm,Tables II-III,wbcic_2c,sub-016,SingLEM,CodeBrain,0.665,0.705,-0.04,,
strict_svm,Tables II-III,wbcic_2c,sub-017,SingLEM,CodeBrain,0.775,0.66,0.115,,
strict_svm,Tables II-III,wbcic_2c,sub-018,SingLEM,CodeBrain,0.64,0.6,0.04,,
strict_svm,Tables II-III,wbcic_2c,sub-019,SingLEM,CodeBrain,0.755,0.79,-0.035,,
strict_svm,Tables II-III,wbcic_2c,sub-020,SingLEM,CodeBrain,0.915,0.875,0.04,,
strict_svm,Tables II-III,wbcic_2c,sub-021,SingLEM,CodeBrain,0.91,0.84,0.07,,
strict_svm,Tables II-III,wbcic_2c,sub-022,SingLEM,CodeBrain,0.705,0.625,0.08,,
strict_svm,Tables II-III,wbcic_2c,sub-023,SingLEM,CodeBrain,0.8994974874371859,0.7386934673366834,0.160804020101,,
strict_svm,Tables II-III,wbcic_2c,sub-024,SingLEM,CodeBrain,0.965,0.93,0.035,,
strict_svm,Tables II-III,wbcic_2c,sub-025,SingLEM,CodeBrain,0.925,0.825,0.1,,
strict_svm,Tables II-III,wbcic_2c,sub-026,SingLEM,CodeBrain,0.8844221105527639,0.9095477386934674,-0.025125628141,,
strict_svm,Tables II-III,wbcic_2c,sub-027,SingLEM,CodeBrain,0.685,0.655,0.03,,
strict_svm,Tables II-III,wbcic_2c,sub-028,SingLEM,CodeBrain,0.82,0.81,0.01,,
strict_svm,Tables II-III,wbcic_2c,sub-029,SingLEM,CodeBrain,0.48,0.61,-0.13,,
strict_svm,Tables II-III,wbcic_2c,sub-030,SingLEM,CodeBrain,0.84,0.805,0.035,,
strict_svm,Tables II-III,wbcic_2c,sub-031,SingLEM,CodeBrain,0.87,0.865,0.005,,
strict_svm,Tables II-III,wbcic_2c,sub-032,SingLEM,CodeBrain,0.6,0.565,0.035,,
strict_svm,Tables II-III,wbcic_2c,sub-033,SingLEM,CodeBrain,0.925,0.885,0.04,,
strict_svm,Tables II-III,wbcic_2c,sub-034,SingLEM,CodeBrain,0.64,0.535,0.105,,
strict_svm,Tables II-III,wbcic_2c,sub-035,SingLEM,CodeBrain,0.975,0.91,0.065,,
strict_svm,Tables II-III,wbcic_2c,sub-036,SingLEM,CodeBrain,0.91,0.81,0.1,,
strict_svm,Tables II-III,wbcic_2c,sub-037,SingLEM,CodeBrain,0.915,0.865,0.05,,
strict_svm,Tables II-III,wbcic_2c,sub-038,SingLEM,CodeBrain,0.555,0.57,-0.015,,
strict_svm,Tables II-III,wbcic_2c,sub-039,SingLEM,CodeBrain,0.55,0.635,-0.085,,
strict_svm,Tables II-III,wbcic_2c,sub-040,SingLEM,CodeBrain,0.825,0.625,0.2,,
strict_svm,Tables II-III,wbcic_2c,sub-041,SingLEM,CodeBrain,0.915,0.835,0.08,,
strict_svm,Tables II-III,wbcic_2c,sub-042,SingLEM,CodeBrain,0.815,0.675,0.14,,
strict_svm,Tables II-III,wbcic_2c,sub-043,SingLEM,CodeBrain,0.97,0.93,0.04,,
strict_svm,Tables II-III,wbcic_2c,sub-044,SingLEM,CodeBrain,0.69,0.61,0.08,,
strict_svm,Tables II-III,wbcic_2c,sub-045,SingLEM,CodeBrain,0.795,0.79,0.005,,
strict_svm,Tables II-III,wbcic_2c,sub-046,SingLEM,CodeBrain,0.98,0.87,0.11,,
strict_svm,Tables II-III,wbcic_2c,sub-047,SingLEM,CodeBrain,0.795,0.69,0.105,,
strict_svm,Tables II-III,wbcic_2c,sub-048,SingLEM,CodeBrain,0.84,0.76,0.08,,
strict_svm,Tables II-III,wbcic_2c,sub-049,SingLEM,CodeBrain,0.85,0.66,0.19,,
strict_svm,Tables II-III,wbcic_2c,sub-050,SingLEM,CodeBrain,0.86,0.7,0.16,,
strict_svm,Tables II-III,wbcic_2c,sub-051,SingLEM,CodeBrain,0.79,0.705,0.085,,
strict_svm,Tables II-III,wbcic_2c,sub-001,SingLEM,CSBrain,0.88,0.86,0.02,,
strict_svm,Tables II-III,wbcic_2c,sub-002,SingLEM,CSBrain,0.72,0.665,0.055,,
strict_svm,Tables II-III,wbcic_2c,sub-003,SingLEM,CSBrain,0.925,0.96,-0.035,,
strict_svm,Tables II-III,wbcic_2c,sub-004,SingLEM,CSBrain,0.54,0.52,0.02,,
strict_svm,Tables II-III,wbcic_2c,sub-005,SingLEM,CSBrain,0.905,0.76,0.145,,
strict_svm,Tables II-III,wbcic_2c,sub-006,SingLEM,CSBrain,0.86,0.845,0.015,,
strict_svm,Tables II-III,wbcic_2c,sub-007,SingLEM,CSBrain,0.71,0.655,0.055,,
strict_svm,Tables II-III,wbcic_2c,sub-008,SingLEM,CSBrain,0.9,0.895,0.005,,
strict_svm,Tables II-III,wbcic_2c,sub-009,SingLEM,CSBrain,0.79,0.76,0.03,,
strict_svm,Tables II-III,wbcic_2c,sub-010,SingLEM,CSBrain,0.81,0.8,0.01,,
strict_svm,Tables II-III,wbcic_2c,sub-011,SingLEM,CSBrain,0.9,0.935,-0.035,,
strict_svm,Tables II-III,wbcic_2c,sub-012,SingLEM,CSBrain,0.525,0.56,-0.035,,
strict_svm,Tables II-III,wbcic_2c,sub-013,SingLEM,CSBrain,0.87,0.77,0.1,,
strict_svm,Tables II-III,wbcic_2c,sub-014,SingLEM,CSBrain,0.55,0.59,-0.04,,
strict_svm,Tables II-III,wbcic_2c,sub-015,SingLEM,CSBrain,0.825,0.795,0.03,,
strict_svm,Tables II-III,wbcic_2c,sub-016,SingLEM,CSBrain,0.665,0.735,-0.07,,
strict_svm,Tables II-III,wbcic_2c,sub-017,SingLEM,CSBrain,0.775,0.745,0.03,,
strict_svm,Tables II-III,wbcic_2c,sub-018,SingLEM,CSBrain,0.64,0.63,0.01,,
strict_svm,Tables II-III,wbcic_2c,sub-019,SingLEM,CSBrain,0.755,0.905,-0.15,,
strict_svm,Tables II-III,wbcic_2c,sub-020,SingLEM,CSBrain,0.915,0.935,-0.02,,
strict_svm,Tables II-III,wbcic_2c,sub-021,SingLEM,CSBrain,0.91,0.845,0.065,,
strict_svm,Tables II-III,wbcic_2c,sub-022,SingLEM,CSBrain,0.705,0.735,-0.03,,
strict_svm,Tables II-III,wbcic_2c,sub-023,SingLEM,CSBrain,0.8994974874371859,0.7839195979899497,0.115577889447,,
strict_svm,Tables II-III,wbcic_2c,sub-024,SingLEM,CSBrain,0.965,0.985,-0.02,,
strict_svm,Tables II-III,wbcic_2c,sub-025,SingLEM,CSBrain,0.925,0.945,-0.02,,
strict_svm,Tables II-III,wbcic_2c,sub-026,SingLEM,CSBrain,0.8844221105527639,0.9396984924623115,-0.05527638191,,
strict_svm,Tables II-III,wbcic_2c,sub-027,SingLEM,CSBrain,0.685,0.73,-0.045,,
strict_svm,Tables II-III,wbcic_2c,sub-028,SingLEM,CSBrain,0.82,0.8,0.02,,
strict_svm,Tables II-III,wbcic_2c,sub-029,SingLEM,CSBrain,0.48,0.78,-0.3,,
strict_svm,Tables II-III,wbcic_2c,sub-030,SingLEM,CSBrain,0.84,0.95,-0.11,,
strict_svm,Tables II-III,wbcic_2c,sub-031,SingLEM,CSBrain,0.87,0.9,-0.03,,
strict_svm,Tables II-III,wbcic_2c,sub-032,SingLEM,CSBrain,0.6,0.63,-0.03,,
strict_svm,Tables II-III,wbcic_2c,sub-033,SingLEM,CSBrain,0.925,0.94,-0.015,,
strict_svm,Tables II-III,wbcic_2c,sub-034,SingLEM,CSBrain,0.64,0.56,0.08,,
strict_svm,Tables II-III,wbcic_2c,sub-035,SingLEM,CSBrain,0.975,0.975,0.0,,
strict_svm,Tables II-III,wbcic_2c,sub-036,SingLEM,CSBrain,0.91,0.855,0.055,,
strict_svm,Tables II-III,wbcic_2c,sub-037,SingLEM,CSBrain,0.915,0.91,0.005,,
strict_svm,Tables II-III,wbcic_2c,sub-038,SingLEM,CSBrain,0.555,0.56,-0.005,,
strict_svm,Tables II-III,wbcic_2c,sub-039,SingLEM,CSBrain,0.55,0.69,-0.14,,
strict_svm,Tables II-III,wbcic_2c,sub-040,SingLEM,CSBrain,0.825,0.79,0.035,,
strict_svm,Tables II-III,wbcic_2c,sub-041,SingLEM,CSBrain,0.915,0.9,0.015,,
strict_svm,Tables II-III,wbcic_2c,sub-042,SingLEM,CSBrain,0.815,0.825,-0.01,,
strict_svm,Tables II-III,wbcic_2c,sub-043,SingLEM,CSBrain,0.97,0.97,0.0,,
strict_svm,Tables II-III,wbcic_2c,sub-044,SingLEM,CSBrain,0.69,0.63,0.06,,
strict_svm,Tables II-III,wbcic_2c,sub-045,SingLEM,CSBrain,0.795,0.795,0.0,,
strict_svm,Tables II-III,wbcic_2c,sub-046,SingLEM,CSBrain,0.98,0.935,0.045,,
strict_svm,Tables II-III,wbcic_2c,sub-047,SingLEM,CSBrain,0.795,0.805,-0.01,,
strict_svm,Tables II-III,wbcic_2c,sub-048,SingLEM,CSBrain,0.84,0.835,0.005,,
strict_svm,Tables II-III,wbcic_2c,sub-049,SingLEM,CSBrain,0.85,0.61,0.24,,
strict_svm,Tables II-III,wbcic_2c,sub-050,SingLEM,CSBrain,0.86,0.74,0.12,,
strict_svm,Tables II-III,wbcic_2c,sub-051,SingLEM,CSBrain,0.79,0.77,0.02,,
strict_svm,Tables II-III,wbcic_2c,sub-001,SingLEM,LUNA,0.88,0.615,0.265,,
strict_svm,Tables II-III,wbcic_2c,sub-002,SingLEM,LUNA,0.72,0.66,0.06,,
strict_svm,Tables II-III,wbcic_2c,sub-003,SingLEM,LUNA,0.925,0.8,0.125,,
strict_svm,Tables II-III,wbcic_2c,sub-004,SingLEM,LUNA,0.54,0.58,-0.04,,
strict_svm,Tables II-III,wbcic_2c,sub-005,SingLEM,LUNA,0.905,0.585,0.32,,
strict_svm,Tables II-III,wbcic_2c,sub-006,SingLEM,LUNA,0.86,0.595,0.265,,
strict_svm,Tables II-III,wbcic_2c,sub-007,SingLEM,LUNA,0.71,0.575,0.135,,
strict_svm,Tables II-III,wbcic_2c,sub-008,SingLEM,LUNA,0.9,0.795,0.105,,
strict_svm,Tables II-III,wbcic_2c,sub-009,SingLEM,LUNA,0.79,0.59,0.2,,
strict_svm,Tables II-III,wbcic_2c,sub-010,SingLEM,LUNA,0.81,0.66,0.15,,
strict_svm,Tables II-III,wbcic_2c,sub-011,SingLEM,LUNA,0.9,0.8,0.1,,
strict_svm,Tables II-III,wbcic_2c,sub-012,SingLEM,LUNA,0.525,0.495,0.03,,
strict_svm,Tables II-III,wbcic_2c,sub-013,SingLEM,LUNA,0.87,0.65,0.22,,
strict_svm,Tables II-III,wbcic_2c,sub-014,SingLEM,LUNA,0.55,0.525,0.025,,
strict_svm,Tables II-III,wbcic_2c,sub-015,SingLEM,LUNA,0.825,0.58,0.245,,
strict_svm,Tables II-III,wbcic_2c,sub-016,SingLEM,LUNA,0.665,0.655,0.01,,
strict_svm,Tables II-III,wbcic_2c,sub-017,SingLEM,LUNA,0.775,0.63,0.145,,
strict_svm,Tables II-III,wbcic_2c,sub-018,SingLEM,LUNA,0.64,0.565,0.075,,
strict_svm,Tables II-III,wbcic_2c,sub-019,SingLEM,LUNA,0.755,0.73,0.025,,
strict_svm,Tables II-III,wbcic_2c,sub-020,SingLEM,LUNA,0.915,0.68,0.235,,
strict_svm,Tables II-III,wbcic_2c,sub-021,SingLEM,LUNA,0.91,0.75,0.16,,
strict_svm,Tables II-III,wbcic_2c,sub-022,SingLEM,LUNA,0.705,0.6,0.105,,
strict_svm,Tables II-III,wbcic_2c,sub-023,SingLEM,LUNA,0.8994974874371859,0.6180904522613065,0.281407035176,,
strict_svm,Tables II-III,wbcic_2c,sub-024,SingLEM,LUNA,0.965,0.645,0.32,,
strict_svm,Tables II-III,wbcic_2c,sub-025,SingLEM,LUNA,0.925,0.75,0.175,,
strict_svm,Tables II-III,wbcic_2c,sub-026,SingLEM,LUNA,0.8844221105527639,0.6130653266331658,0.27135678392,,
strict_svm,Tables II-III,wbcic_2c,sub-027,SingLEM,LUNA,0.685,0.615,0.07,,
strict_svm,Tables II-III,wbcic_2c,sub-028,SingLEM,LUNA,0.82,0.655,0.165,,
strict_svm,Tables II-III,wbcic_2c,sub-029,SingLEM,LUNA,0.48,0.5,-0.02,,
strict_svm,Tables II-III,wbcic_2c,sub-030,SingLEM,LUNA,0.84,0.605,0.235,,
strict_svm,Tables II-III,wbcic_2c,sub-031,SingLEM,LUNA,0.87,0.68,0.19,,
strict_svm,Tables II-III,wbcic_2c,sub-032,SingLEM,LUNA,0.6,0.52,0.08,,
strict_svm,Tables II-III,wbcic_2c,sub-033,SingLEM,LUNA,0.925,0.715,0.21,,
strict_svm,Tables II-III,wbcic_2c,sub-034,SingLEM,LUNA,0.64,0.4,0.24,,
strict_svm,Tables II-III,wbcic_2c,sub-035,SingLEM,LUNA,0.975,0.675,0.3,,
strict_svm,Tables II-III,wbcic_2c,sub-036,SingLEM,LUNA,0.91,0.7,0.21,,
strict_svm,Tables II-III,wbcic_2c,sub-037,SingLEM,LUNA,0.915,0.65,0.265,,
strict_svm,Tables II-III,wbcic_2c,sub-038,SingLEM,LUNA,0.555,0.535,0.02,,
strict_svm,Tables II-III,wbcic_2c,sub-039,SingLEM,LUNA,0.55,0.535,0.015,,
strict_svm,Tables II-III,wbcic_2c,sub-040,SingLEM,LUNA,0.825,0.595,0.23,,
strict_svm,Tables II-III,wbcic_2c,sub-041,SingLEM,LUNA,0.915,0.655,0.26,,
strict_svm,Tables II-III,wbcic_2c,sub-042,SingLEM,LUNA,0.815,0.605,0.21,,
strict_svm,Tables II-III,wbcic_2c,sub-043,SingLEM,LUNA,0.97,0.75,0.22,,
strict_svm,Tables II-III,wbcic_2c,sub-044,SingLEM,LUNA,0.69,0.465,0.225,,
strict_svm,Tables II-III,wbcic_2c,sub-045,SingLEM,LUNA,0.795,0.555,0.24,,
strict_svm,Tables II-III,wbcic_2c,sub-046,SingLEM,LUNA,0.98,0.7,0.28,,
strict_svm,Tables II-III,wbcic_2c,sub-047,SingLEM,LUNA,0.795,0.615,0.18,,
strict_svm,Tables II-III,wbcic_2c,sub-048,SingLEM,LUNA,0.84,0.73,0.11,,
strict_svm,Tables II-III,wbcic_2c,sub-049,SingLEM,LUNA,0.85,0.44,0.41,,
strict_svm,Tables II-III,wbcic_2c,sub-050,SingLEM,LUNA,0.86,0.535,0.325,,
strict_svm,Tables II-III,wbcic_2c,sub-051,SingLEM,LUNA,0.79,0.585,0.205,,
strict_svm,Tables II-III,wbcic_2c,sub-001,SingLEM,MIRepNet,0.88,0.755,0.125,,
strict_svm,Tables II-III,wbcic_2c,sub-002,SingLEM,MIRepNet,0.72,0.505,0.215,,
strict_svm,Tables II-III,wbcic_2c,sub-003,SingLEM,MIRepNet,0.925,0.485,0.44,,
strict_svm,Tables II-III,wbcic_2c,sub-004,SingLEM,MIRepNet,0.54,0.44,0.1,,
strict_svm,Tables II-III,wbcic_2c,sub-005,SingLEM,MIRepNet,0.905,0.885,0.02,,
strict_svm,Tables II-III,wbcic_2c,sub-006,SingLEM,MIRepNet,0.86,0.7,0.16,,
strict_svm,Tables II-III,wbcic_2c,sub-007,SingLEM,MIRepNet,0.71,0.515,0.195,,
strict_svm,Tables II-III,wbcic_2c,sub-008,SingLEM,MIRepNet,0.9,0.57,0.33,,
strict_svm,Tables II-III,wbcic_2c,sub-009,SingLEM,MIRepNet,0.79,0.49,0.3,,
strict_svm,Tables II-III,wbcic_2c,sub-010,SingLEM,MIRepNet,0.81,0.54,0.27,,
strict_svm,Tables II-III,wbcic_2c,sub-011,SingLEM,MIRepNet,0.9,0.81,0.09,,
strict_svm,Tables II-III,wbcic_2c,sub-012,SingLEM,MIRepNet,0.525,0.505,0.02,,
strict_svm,Tables II-III,wbcic_2c,sub-013,SingLEM,MIRepNet,0.87,0.65,0.22,,
strict_svm,Tables II-III,wbcic_2c,sub-014,SingLEM,MIRepNet,0.55,0.485,0.065,,
strict_svm,Tables II-III,wbcic_2c,sub-015,SingLEM,MIRepNet,0.825,0.58,0.245,,
strict_svm,Tables II-III,wbcic_2c,sub-016,SingLEM,MIRepNet,0.665,0.59,0.075,,
strict_svm,Tables II-III,wbcic_2c,sub-017,SingLEM,MIRepNet,0.775,0.62,0.155,,
strict_svm,Tables II-III,wbcic_2c,sub-018,SingLEM,MIRepNet,0.64,0.515,0.125,,
strict_svm,Tables II-III,wbcic_2c,sub-019,SingLEM,MIRepNet,0.755,0.585,0.17,,
strict_svm,Tables II-III,wbcic_2c,sub-020,SingLEM,MIRepNet,0.915,0.55,0.365,,
strict_svm,Tables II-III,wbcic_2c,sub-021,SingLEM,MIRepNet,0.91,0.66,0.25,,
strict_svm,Tables II-III,wbcic_2c,sub-022,SingLEM,MIRepNet,0.705,0.59,0.115,,
strict_svm,Tables II-III,wbcic_2c,sub-023,SingLEM,MIRepNet,0.8994974874371859,0.7386934673366834,0.160804020101,,
strict_svm,Tables II-III,wbcic_2c,sub-024,SingLEM,MIRepNet,0.965,0.655,0.31,,
strict_svm,Tables II-III,wbcic_2c,sub-025,SingLEM,MIRepNet,0.925,0.63,0.295,,
strict_svm,Tables II-III,wbcic_2c,sub-026,SingLEM,MIRepNet,0.8844221105527639,0.592964824120603,0.291457286432,,
strict_svm,Tables II-III,wbcic_2c,sub-027,SingLEM,MIRepNet,0.685,0.5,0.185,,
strict_svm,Tables II-III,wbcic_2c,sub-028,SingLEM,MIRepNet,0.82,0.83,-0.01,,
strict_svm,Tables II-III,wbcic_2c,sub-029,SingLEM,MIRepNet,0.48,0.93,-0.45,,
strict_svm,Tables II-III,wbcic_2c,sub-030,SingLEM,MIRepNet,0.84,0.545,0.295,,
strict_svm,Tables II-III,wbcic_2c,sub-031,SingLEM,MIRepNet,0.87,0.615,0.255,,
strict_svm,Tables II-III,wbcic_2c,sub-032,SingLEM,MIRepNet,0.6,0.645,-0.045,,
strict_svm,Tables II-III,wbcic_2c,sub-033,SingLEM,MIRepNet,0.925,0.81,0.115,,
strict_svm,Tables II-III,wbcic_2c,sub-034,SingLEM,MIRepNet,0.64,0.57,0.07,,
strict_svm,Tables II-III,wbcic_2c,sub-035,SingLEM,MIRepNet,0.975,0.525,0.45,,
strict_svm,Tables II-III,wbcic_2c,sub-036,SingLEM,MIRepNet,0.91,0.625,0.285,,
strict_svm,Tables II-III,wbcic_2c,sub-037,SingLEM,MIRepNet,0.915,0.59,0.325,,
strict_svm,Tables II-III,wbcic_2c,sub-038,SingLEM,MIRepNet,0.555,0.53,0.025,,
strict_svm,Tables II-III,wbcic_2c,sub-039,SingLEM,MIRepNet,0.55,0.79,-0.24,,
strict_svm,Tables II-III,wbcic_2c,sub-040,SingLEM,MIRepNet,0.825,0.66,0.165,,
strict_svm,Tables II-III,wbcic_2c,sub-041,SingLEM,MIRepNet,0.915,0.685,0.23,,
strict_svm,Tables II-III,wbcic_2c,sub-042,SingLEM,MIRepNet,0.815,0.53,0.285,,
strict_svm,Tables II-III,wbcic_2c,sub-043,SingLEM,MIRepNet,0.97,0.585,0.385,,
strict_svm,Tables II-III,wbcic_2c,sub-044,SingLEM,MIRepNet,0.69,0.585,0.105,,
strict_svm,Tables II-III,wbcic_2c,sub-045,SingLEM,MIRepNet,0.795,0.495,0.3,,
strict_svm,Tables II-III,wbcic_2c,sub-046,SingLEM,MIRepNet,0.98,0.65,0.33,,
strict_svm,Tables II-III,wbcic_2c,sub-047,SingLEM,MIRepNet,0.795,0.535,0.26,,
strict_svm,Tables II-III,wbcic_2c,sub-048,SingLEM,MIRepNet,0.84,0.62,0.22,,
strict_svm,Tables II-III,wbcic_2c,sub-049,SingLEM,MIRepNet,0.85,0.6,0.25,,
strict_svm,Tables II-III,wbcic_2c,sub-050,SingLEM,MIRepNet,0.86,0.58,0.28,,
strict_svm,Tables II-III,wbcic_2c,sub-051,SingLEM,MIRepNet,0.79,0.57,0.22,,
strict_svm,Tables II-III,wbcic_2c,sub-001,SingLEM,CSP,0.88,0.46,0.42,,
strict_svm,Tables II-III,wbcic_2c,sub-002,SingLEM,CSP,0.72,0.48,0.24,,
strict_svm,Tables II-III,wbcic_2c,sub-003,SingLEM,CSP,0.925,0.505,0.42,,
strict_svm,Tables II-III,wbcic_2c,sub-004,SingLEM,CSP,0.54,0.49,0.05,,
strict_svm,Tables II-III,wbcic_2c,sub-005,SingLEM,CSP,0.905,0.485,0.42,,
strict_svm,Tables II-III,wbcic_2c,sub-006,SingLEM,CSP,0.86,0.475,0.385,,
strict_svm,Tables II-III,wbcic_2c,sub-007,SingLEM,CSP,0.71,0.5,0.21,,
strict_svm,Tables II-III,wbcic_2c,sub-008,SingLEM,CSP,0.9,0.485,0.415,,
strict_svm,Tables II-III,wbcic_2c,sub-009,SingLEM,CSP,0.79,0.5,0.29,,
strict_svm,Tables II-III,wbcic_2c,sub-010,SingLEM,CSP,0.81,0.475,0.335,,
strict_svm,Tables II-III,wbcic_2c,sub-011,SingLEM,CSP,0.9,0.575,0.325,,
strict_svm,Tables II-III,wbcic_2c,sub-012,SingLEM,CSP,0.525,0.51,0.015,,
strict_svm,Tables II-III,wbcic_2c,sub-013,SingLEM,CSP,0.87,0.505,0.365,,
strict_svm,Tables II-III,wbcic_2c,sub-014,SingLEM,CSP,0.55,0.515,0.035,,
strict_svm,Tables II-III,wbcic_2c,sub-015,SingLEM,CSP,0.825,0.48,0.345,,
strict_svm,Tables II-III,wbcic_2c,sub-016,SingLEM,CSP,0.665,0.47,0.195,,
strict_svm,Tables II-III,wbcic_2c,sub-017,SingLEM,CSP,0.775,0.5,0.275,,
strict_svm,Tables II-III,wbcic_2c,sub-018,SingLEM,CSP,0.64,0.54,0.1,,
strict_svm,Tables II-III,wbcic_2c,sub-019,SingLEM,CSP,0.755,0.53,0.225,,
strict_svm,Tables II-III,wbcic_2c,sub-020,SingLEM,CSP,0.915,0.505,0.41,,
strict_svm,Tables II-III,wbcic_2c,sub-021,SingLEM,CSP,0.91,0.47,0.44,,
strict_svm,Tables II-III,wbcic_2c,sub-022,SingLEM,CSP,0.705,0.52,0.185,,
strict_svm,Tables II-III,wbcic_2c,sub-023,SingLEM,CSP,0.8994974874371859,0.49748743718592964,0.402010050251,,
strict_svm,Tables II-III,wbcic_2c,sub-024,SingLEM,CSP,0.965,0.505,0.46,,
strict_svm,Tables II-III,wbcic_2c,sub-025,SingLEM,CSP,0.925,0.515,0.41,,
strict_svm,Tables II-III,wbcic_2c,sub-026,SingLEM,CSP,0.8844221105527639,0.41708542713567837,0.467336683417,,
strict_svm,Tables II-III,wbcic_2c,sub-027,SingLEM,CSP,0.685,0.495,0.19,,
strict_svm,Tables II-III,wbcic_2c,sub-028,SingLEM,CSP,0.82,0.535,0.285,,
strict_svm,Tables II-III,wbcic_2c,sub-029,SingLEM,CSP,0.48,0.49,-0.01,,
strict_svm,Tables II-III,wbcic_2c,sub-030,SingLEM,CSP,0.84,0.325,0.515,,
strict_svm,Tables II-III,wbcic_2c,sub-031,SingLEM,CSP,0.87,0.505,0.365,,
strict_svm,Tables II-III,wbcic_2c,sub-032,SingLEM,CSP,0.6,0.525,0.075,,
strict_svm,Tables II-III,wbcic_2c,sub-033,SingLEM,CSP,0.925,0.515,0.41,,
strict_svm,Tables II-III,wbcic_2c,sub-034,SingLEM,CSP,0.64,0.495,0.145,,
strict_svm,Tables II-III,wbcic_2c,sub-035,SingLEM,CSP,0.975,0.49,0.485,,
strict_svm,Tables II-III,wbcic_2c,sub-036,SingLEM,CSP,0.91,0.495,0.415,,
strict_svm,Tables II-III,wbcic_2c,sub-037,SingLEM,CSP,0.915,0.45,0.465,,
strict_svm,Tables II-III,wbcic_2c,sub-038,SingLEM,CSP,0.555,0.515,0.04,,
strict_svm,Tables II-III,wbcic_2c,sub-039,SingLEM,CSP,0.55,0.555,-0.005,,
strict_svm,Tables II-III,wbcic_2c,sub-040,SingLEM,CSP,0.825,0.54,0.285,,
strict_svm,Tables II-III,wbcic_2c,sub-041,SingLEM,CSP,0.915,0.485,0.43,,
strict_svm,Tables II-III,wbcic_2c,sub-042,SingLEM,CSP,0.815,0.5,0.315,,
strict_svm,Tables II-III,wbcic_2c,sub-043,SingLEM,CSP,0.97,0.53,0.44,,
strict_svm,Tables II-III,wbcic_2c,sub-044,SingLEM,CSP,0.69,0.48,0.21,,
strict_svm,Tables II-III,wbcic_2c,sub-045,SingLEM,CSP,0.795,0.505,0.29,,
strict_svm,Tables II-III,wbcic_2c,sub-046,SingLEM,CSP,0.98,0.495,0.485,,
strict_svm,Tables II-III,wbcic_2c,sub-047,SingLEM,CSP,0.795,0.54,0.255,,
strict_svm,Tables II-III,wbcic_2c,sub-048,SingLEM,CSP,0.84,0.525,0.315,,
strict_svm,Tables II-III,wbcic_2c,sub-049,SingLEM,CSP,0.85,0.475,0.375,,
strict_svm,Tables II-III,wbcic_2c,sub-050,SingLEM,CSP,0.86,0.475,0.385,,
strict_svm,Tables II-III,wbcic_2c,sub-051,SingLEM,CSP,0.79,0.5,0.29,,
strict_svm,Tables II-III,wbcic_2c,sub-001,SingLEM,Welch PSD,0.88,0.535,0.345,,
strict_svm,Tables II-III,wbcic_2c,sub-002,SingLEM,Welch PSD,0.72,0.5,0.22,,
strict_svm,Tables II-III,wbcic_2c,sub-003,SingLEM,Welch PSD,0.925,0.56,0.365,,
strict_svm,Tables II-III,wbcic_2c,sub-004,SingLEM,Welch PSD,0.54,0.525,0.015,,
strict_svm,Tables II-III,wbcic_2c,sub-005,SingLEM,Welch PSD,0.905,0.59,0.315,,
strict_svm,Tables II-III,wbcic_2c,sub-006,SingLEM,Welch PSD,0.86,0.68,0.18,,
strict_svm,Tables II-III,wbcic_2c,sub-007,SingLEM,Welch PSD,0.71,0.45,0.26,,
strict_svm,Tables II-III,wbcic_2c,sub-008,SingLEM,Welch PSD,0.9,0.525,0.375,,
strict_svm,Tables II-III,wbcic_2c,sub-009,SingLEM,Welch PSD,0.79,0.505,0.285,,
strict_svm,Tables II-III,wbcic_2c,sub-010,SingLEM,Welch PSD,0.81,0.525,0.285,,
strict_svm,Tables II-III,wbcic_2c,sub-011,SingLEM,Welch PSD,0.9,0.575,0.325,,
strict_svm,Tables II-III,wbcic_2c,sub-012,SingLEM,Welch PSD,0.525,0.555,-0.03,,
strict_svm,Tables II-III,wbcic_2c,sub-013,SingLEM,Welch PSD,0.87,0.51,0.36,,
strict_svm,Tables II-III,wbcic_2c,sub-014,SingLEM,Welch PSD,0.55,0.5,0.05,,
strict_svm,Tables II-III,wbcic_2c,sub-015,SingLEM,Welch PSD,0.825,0.5,0.325,,
strict_svm,Tables II-III,wbcic_2c,sub-016,SingLEM,Welch PSD,0.665,0.445,0.22,,
strict_svm,Tables II-III,wbcic_2c,sub-017,SingLEM,Welch PSD,0.775,0.5,0.275,,
strict_svm,Tables II-III,wbcic_2c,sub-018,SingLEM,Welch PSD,0.64,0.505,0.135,,
strict_svm,Tables II-III,wbcic_2c,sub-019,SingLEM,Welch PSD,0.755,0.505,0.25,,
strict_svm,Tables II-III,wbcic_2c,sub-020,SingLEM,Welch PSD,0.915,0.515,0.4,,
strict_svm,Tables II-III,wbcic_2c,sub-021,SingLEM,Welch PSD,0.91,0.64,0.27,,
strict_svm,Tables II-III,wbcic_2c,sub-022,SingLEM,Welch PSD,0.705,0.55,0.155,,
strict_svm,Tables II-III,wbcic_2c,sub-023,SingLEM,Welch PSD,0.8994974874371859,0.5175879396984925,0.381909547739,,
strict_svm,Tables II-III,wbcic_2c,sub-024,SingLEM,Welch PSD,0.965,0.49,0.475,,
strict_svm,Tables II-III,wbcic_2c,sub-025,SingLEM,Welch PSD,0.925,0.52,0.405,,
strict_svm,Tables II-III,wbcic_2c,sub-026,SingLEM,Welch PSD,0.8844221105527639,0.5477386934673367,0.336683417085,,
strict_svm,Tables II-III,wbcic_2c,sub-027,SingLEM,Welch PSD,0.685,0.475,0.21,,
strict_svm,Tables II-III,wbcic_2c,sub-028,SingLEM,Welch PSD,0.82,0.66,0.16,,
strict_svm,Tables II-III,wbcic_2c,sub-029,SingLEM,Welch PSD,0.48,0.57,-0.09,,
strict_svm,Tables II-III,wbcic_2c,sub-030,SingLEM,Welch PSD,0.84,0.56,0.28,,
strict_svm,Tables II-III,wbcic_2c,sub-031,SingLEM,Welch PSD,0.87,0.525,0.345,,
strict_svm,Tables II-III,wbcic_2c,sub-032,SingLEM,Welch PSD,0.6,0.63,-0.03,,
strict_svm,Tables II-III,wbcic_2c,sub-033,SingLEM,Welch PSD,0.925,0.595,0.33,,
strict_svm,Tables II-III,wbcic_2c,sub-034,SingLEM,Welch PSD,0.64,0.525,0.115,,
strict_svm,Tables II-III,wbcic_2c,sub-035,SingLEM,Welch PSD,0.975,0.51,0.465,,
strict_svm,Tables II-III,wbcic_2c,sub-036,SingLEM,Welch PSD,0.91,0.535,0.375,,
strict_svm,Tables II-III,wbcic_2c,sub-037,SingLEM,Welch PSD,0.915,0.575,0.34,,
strict_svm,Tables II-III,wbcic_2c,sub-038,SingLEM,Welch PSD,0.555,0.505,0.05,,
strict_svm,Tables II-III,wbcic_2c,sub-039,SingLEM,Welch PSD,0.55,0.565,-0.015,,
strict_svm,Tables II-III,wbcic_2c,sub-040,SingLEM,Welch PSD,0.825,0.53,0.295,,
strict_svm,Tables II-III,wbcic_2c,sub-041,SingLEM,Welch PSD,0.915,0.57,0.345,,
strict_svm,Tables II-III,wbcic_2c,sub-042,SingLEM,Welch PSD,0.815,0.59,0.225,,
strict_svm,Tables II-III,wbcic_2c,sub-043,SingLEM,Welch PSD,0.97,0.54,0.43,,
strict_svm,Tables II-III,wbcic_2c,sub-044,SingLEM,Welch PSD,0.69,0.555,0.135,,
strict_svm,Tables II-III,wbcic_2c,sub-045,SingLEM,Welch PSD,0.795,0.585,0.21,,
strict_svm,Tables II-III,wbcic_2c,sub-046,SingLEM,Welch PSD,0.98,0.57,0.41,,
strict_svm,Tables II-III,wbcic_2c,sub-047,SingLEM,Welch PSD,0.795,0.525,0.27,,
strict_svm,Tables II-III,wbcic_2c,sub-048,SingLEM,Welch PSD,0.84,0.515,0.325,,
strict_svm,Tables II-III,wbcic_2c,sub-049,SingLEM,Welch PSD,0.85,0.66,0.19,,
strict_svm,Tables II-III,wbcic_2c,sub-050,SingLEM,Welch PSD,0.86,0.575,0.285,,
strict_svm,Tables II-III,wbcic_2c,sub-051,SingLEM,Welch PSD,0.79,0.5,0.29,,
strict_svm,Tables II-III,atten_nback,VP001,SingLEM,BENDR,0.7129629629629629,0.5648148148148148,0.148148148148,,
strict_svm,Tables II-III,atten_nback,VP002,SingLEM,BENDR,0.8240740740740741,0.6018518518518519,0.222222222222,,
strict_svm,Tables II-III,atten_nback,VP003,SingLEM,BENDR,0.8981481481481481,0.6481481481481481,0.25,,
strict_svm,Tables II-III,atten_nback,VP004,SingLEM,BENDR,0.5,0.5555555555555556,-0.055555555556,,
strict_svm,Tables II-III,atten_nback,VP005,SingLEM,BENDR,0.8425925925925926,0.6574074074074074,0.185185185185,,
strict_svm,Tables II-III,atten_nback,VP006,SingLEM,BENDR,0.8703703703703703,0.6111111111111112,0.259259259259,,
strict_svm,Tables II-III,atten_nback,VP007,SingLEM,BENDR,0.9166666666666666,0.5555555555555556,0.361111111111,,
strict_svm,Tables II-III,atten_nback,VP008,SingLEM,BENDR,0.9629629629629629,0.6759259259259259,0.287037037037,,
strict_svm,Tables II-III,atten_nback,VP009,SingLEM,BENDR,0.8981481481481481,0.7870370370370371,0.111111111111,,
strict_svm,Tables II-III,atten_nback,VP010,SingLEM,BENDR,0.7777777777777778,0.6018518518518519,0.175925925926,,
strict_svm,Tables II-III,atten_nback,VP011,SingLEM,BENDR,0.7407407407407407,0.5370370370370371,0.203703703704,,
strict_svm,Tables II-III,atten_nback,VP012,SingLEM,BENDR,0.9444444444444444,0.6574074074074074,0.287037037037,,
strict_svm,Tables II-III,atten_nback,VP013,SingLEM,BENDR,0.8518518518518519,0.5740740740740741,0.277777777778,,
strict_svm,Tables II-III,atten_nback,VP014,SingLEM,BENDR,0.8888888888888888,0.7037037037037037,0.185185185185,,
strict_svm,Tables II-III,atten_nback,VP015,SingLEM,BENDR,0.8240740740740741,0.6481481481481481,0.175925925926,,
strict_svm,Tables II-III,atten_nback,VP016,SingLEM,BENDR,0.8333333333333334,0.6111111111111112,0.222222222222,,
strict_svm,Tables II-III,atten_nback,VP017,SingLEM,BENDR,0.8796296296296297,0.5925925925925926,0.287037037037,,
strict_svm,Tables II-III,atten_nback,VP018,SingLEM,BENDR,0.8333333333333334,0.6296296296296297,0.203703703704,,
strict_svm,Tables II-III,atten_nback,VP019,SingLEM,BENDR,0.8703703703703703,0.6296296296296297,0.240740740741,,
strict_svm,Tables II-III,atten_nback,VP020,SingLEM,BENDR,0.8888888888888888,0.6388888888888888,0.25,,
strict_svm,Tables II-III,atten_nback,VP021,SingLEM,BENDR,0.8240740740740741,0.6759259259259259,0.148148148148,,
strict_svm,Tables II-III,atten_nback,VP022,SingLEM,BENDR,0.8888888888888888,0.6574074074074074,0.231481481481,,
strict_svm,Tables II-III,atten_nback,VP023,SingLEM,BENDR,0.8796296296296297,0.6111111111111112,0.268518518519,,
strict_svm,Tables II-III,atten_nback,VP024,SingLEM,BENDR,0.7407407407407407,0.5555555555555556,0.185185185185,,
strict_svm,Tables II-III,atten_nback,VP025,SingLEM,BENDR,0.9444444444444444,0.7129629629629629,0.231481481481,,
strict_svm,Tables II-III,atten_nback,VP026,SingLEM,BENDR,0.8425925925925926,0.6203703703703703,0.222222222222,,
strict_svm,Tables II-III,atten_nback,VP001,SingLEM,BIOT,0.7129629629629629,0.6574074074074074,0.055555555556,,
strict_svm,Tables II-III,atten_nback,VP002,SingLEM,BIOT,0.8240740740740741,0.6944444444444444,0.12962962963,,
strict_svm,Tables II-III,atten_nback,VP003,SingLEM,BIOT,0.8981481481481481,0.7037037037037037,0.194444444444,,
strict_svm,Tables II-III,atten_nback,VP004,SingLEM,BIOT,0.5,0.48148148148148145,0.018518518519,,
strict_svm,Tables II-III,atten_nback,VP005,SingLEM,BIOT,0.8425925925925926,0.7777777777777778,0.064814814815,,
strict_svm,Tables II-III,atten_nback,VP006,SingLEM,BIOT,0.8703703703703703,0.5833333333333334,0.287037037037,,
strict_svm,Tables II-III,atten_nback,VP007,SingLEM,BIOT,0.9166666666666666,0.5092592592592593,0.407407407407,,
strict_svm,Tables II-III,atten_nback,VP008,SingLEM,BIOT,0.9629629629629629,0.6851851851851852,0.277777777778,,
strict_svm,Tables II-III,atten_nback,VP009,SingLEM,BIOT,0.8981481481481481,0.7777777777777778,0.12037037037,,
strict_svm,Tables II-III,atten_nback,VP010,SingLEM,BIOT,0.7777777777777778,0.4537037037037037,0.324074074074,,
strict_svm,Tables II-III,atten_nback,VP011,SingLEM,BIOT,0.7407407407407407,0.5,0.240740740741,,
strict_svm,Tables II-III,atten_nback,VP012,SingLEM,BIOT,0.9444444444444444,0.5092592592592593,0.435185185185,,
strict_svm,Tables II-III,atten_nback,VP013,SingLEM,BIOT,0.8518518518518519,0.6296296296296297,0.222222222222,,
strict_svm,Tables II-III,atten_nback,VP014,SingLEM,BIOT,0.8888888888888888,0.6666666666666666,0.222222222222,,
strict_svm,Tables II-III,atten_nback,VP015,SingLEM,BIOT,0.8240740740740741,0.4722222222222222,0.351851851852,,
strict_svm,Tables II-III,atten_nback,VP016,SingLEM,BIOT,0.8333333333333334,0.6944444444444444,0.138888888889,,
strict_svm,Tables II-III,atten_nback,VP017,SingLEM,BIOT,0.8796296296296297,0.5277777777777778,0.351851851852,,
strict_svm,Tables II-III,atten_nback,VP018,SingLEM,BIOT,0.8333333333333334,0.4537037037037037,0.37962962963,,
strict_svm,Tables II-III,atten_nback,VP019,SingLEM,BIOT,0.8703703703703703,0.6018518518518519,0.268518518519,,
strict_svm,Tables II-III,atten_nback,VP020,SingLEM,BIOT,0.8888888888888888,0.5462962962962963,0.342592592593,,
strict_svm,Tables II-III,atten_nback,VP021,SingLEM,BIOT,0.8240740740740741,0.5740740740740741,0.25,,
strict_svm,Tables II-III,atten_nback,VP022,SingLEM,BIOT,0.8888888888888888,0.6018518518518519,0.287037037037,,
strict_svm,Tables II-III,atten_nback,VP023,SingLEM,BIOT,0.8796296296296297,0.7222222222222222,0.157407407407,,
strict_svm,Tables II-III,atten_nback,VP024,SingLEM,BIOT,0.7407407407407407,0.5740740740740741,0.166666666667,,
strict_svm,Tables II-III,atten_nback,VP025,SingLEM,BIOT,0.9444444444444444,0.6666666666666666,0.277777777778,,
strict_svm,Tables II-III,atten_nback,VP026,SingLEM,BIOT,0.8425925925925926,0.6574074074074074,0.185185185185,,
strict_svm,Tables II-III,atten_nback,VP001,SingLEM,LaBraM,0.7129629629629629,0.5925925925925926,0.12037037037,,
strict_svm,Tables II-III,atten_nback,VP002,SingLEM,LaBraM,0.8240740740740741,0.7592592592592593,0.064814814815,,
strict_svm,Tables II-III,atten_nback,VP003,SingLEM,LaBraM,0.8981481481481481,0.6944444444444444,0.203703703704,,
strict_svm,Tables II-III,atten_nback,VP004,SingLEM,LaBraM,0.5,0.46296296296296297,0.037037037037,,
strict_svm,Tables II-III,atten_nback,VP005,SingLEM,LaBraM,0.8425925925925926,0.6574074074074074,0.185185185185,,
strict_svm,Tables II-III,atten_nback,VP006,SingLEM,LaBraM,0.8703703703703703,0.6666666666666666,0.203703703704,,
strict_svm,Tables II-III,atten_nback,VP007,SingLEM,LaBraM,0.9166666666666666,0.5740740740740741,0.342592592593,,
strict_svm,Tables II-III,atten_nback,VP008,SingLEM,LaBraM,0.9629629629629629,0.6759259259259259,0.287037037037,,
strict_svm,Tables II-III,atten_nback,VP009,SingLEM,LaBraM,0.8981481481481481,0.7962962962962963,0.101851851852,,
strict_svm,Tables II-III,atten_nback,VP010,SingLEM,LaBraM,0.7777777777777778,0.5833333333333334,0.194444444444,,
strict_svm,Tables II-III,atten_nback,VP011,SingLEM,LaBraM,0.7407407407407407,0.5092592592592593,0.231481481481,,
strict_svm,Tables II-III,atten_nback,VP012,SingLEM,LaBraM,0.9444444444444444,0.4722222222222222,0.472222222222,,
strict_svm,Tables II-III,atten_nback,VP013,SingLEM,LaBraM,0.8518518518518519,0.6574074074074074,0.194444444444,,
strict_svm,Tables II-III,atten_nback,VP014,SingLEM,LaBraM,0.8888888888888888,0.6574074074074074,0.231481481481,,
strict_svm,Tables II-III,atten_nback,VP015,SingLEM,LaBraM,0.8240740740740741,0.6388888888888888,0.185185185185,,
strict_svm,Tables II-III,atten_nback,VP016,SingLEM,LaBraM,0.8333333333333334,0.46296296296296297,0.37037037037,,
strict_svm,Tables II-III,atten_nback,VP017,SingLEM,LaBraM,0.8796296296296297,0.7222222222222222,0.157407407407,,
strict_svm,Tables II-III,atten_nback,VP018,SingLEM,LaBraM,0.8333333333333334,0.6111111111111112,0.222222222222,,
strict_svm,Tables II-III,atten_nback,VP019,SingLEM,LaBraM,0.8703703703703703,0.6111111111111112,0.259259259259,,
strict_svm,Tables II-III,atten_nback,VP020,SingLEM,LaBraM,0.8888888888888888,0.6388888888888888,0.25,,
strict_svm,Tables II-III,atten_nback,VP021,SingLEM,LaBraM,0.8240740740740741,0.6481481481481481,0.175925925926,,
strict_svm,Tables II-III,atten_nback,VP022,SingLEM,LaBraM,0.8888888888888888,0.6481481481481481,0.240740740741,,
strict_svm,Tables II-III,atten_nback,VP023,SingLEM,LaBraM,0.8796296296296297,0.6481481481481481,0.231481481481,,
strict_svm,Tables II-III,atten_nback,VP024,SingLEM,LaBraM,0.7407407407407407,0.5185185185185185,0.222222222222,,
strict_svm,Tables II-III,atten_nback,VP025,SingLEM,LaBraM,0.9444444444444444,0.6203703703703703,0.324074074074,,
strict_svm,Tables II-III,atten_nback,VP026,SingLEM,LaBraM,0.8425925925925926,0.6574074074074074,0.185185185185,,
strict_svm,Tables II-III,atten_nback,VP001,SingLEM,CBraMod,0.7129629629629629,0.7037037037037037,0.009259259259,,
strict_svm,Tables II-III,atten_nback,VP002,SingLEM,CBraMod,0.8240740740740741,0.8240740740740741,0.0,,
strict_svm,Tables II-III,atten_nback,VP003,SingLEM,CBraMod,0.8981481481481481,0.9166666666666666,-0.018518518519,,
strict_svm,Tables II-III,atten_nback,VP004,SingLEM,CBraMod,0.5,0.5,0.0,,
strict_svm,Tables II-III,atten_nback,VP005,SingLEM,CBraMod,0.8425925925925926,0.8148148148148148,0.027777777778,,
strict_svm,Tables II-III,atten_nback,VP006,SingLEM,CBraMod,0.8703703703703703,0.8425925925925926,0.027777777778,,
strict_svm,Tables II-III,atten_nback,VP007,SingLEM,CBraMod,0.9166666666666666,0.8148148148148148,0.101851851852,,
strict_svm,Tables II-III,atten_nback,VP008,SingLEM,CBraMod,0.9629629629629629,0.9444444444444444,0.018518518519,,
strict_svm,Tables II-III,atten_nback,VP009,SingLEM,CBraMod,0.8981481481481481,0.8611111111111112,0.037037037037,,
strict_svm,Tables II-III,atten_nback,VP010,SingLEM,CBraMod,0.7777777777777778,0.7222222222222222,0.055555555556,,
strict_svm,Tables II-III,atten_nback,VP011,SingLEM,CBraMod,0.7407407407407407,0.6296296296296297,0.111111111111,,
strict_svm,Tables II-III,atten_nback,VP012,SingLEM,CBraMod,0.9444444444444444,0.6944444444444444,0.25,,
strict_svm,Tables II-III,atten_nback,VP013,SingLEM,CBraMod,0.8518518518518519,0.8888888888888888,-0.037037037037,,
strict_svm,Tables II-III,atten_nback,VP014,SingLEM,CBraMod,0.8888888888888888,0.8240740740740741,0.064814814815,,
strict_svm,Tables II-III,atten_nback,VP015,SingLEM,CBraMod,0.8240740740740741,0.7407407407407407,0.083333333333,,
strict_svm,Tables II-III,atten_nback,VP016,SingLEM,CBraMod,0.8333333333333334,0.75,0.083333333333,,
strict_svm,Tables II-III,atten_nback,VP017,SingLEM,CBraMod,0.8796296296296297,0.8055555555555556,0.074074074074,,
strict_svm,Tables II-III,atten_nback,VP018,SingLEM,CBraMod,0.8333333333333334,0.7407407407407407,0.092592592593,,
strict_svm,Tables II-III,atten_nback,VP019,SingLEM,CBraMod,0.8703703703703703,0.7314814814814815,0.138888888889,,
strict_svm,Tables II-III,atten_nback,VP020,SingLEM,CBraMod,0.8888888888888888,0.6203703703703703,0.268518518519,,
strict_svm,Tables II-III,atten_nback,VP021,SingLEM,CBraMod,0.8240740740740741,0.7777777777777778,0.046296296296,,
strict_svm,Tables II-III,atten_nback,VP022,SingLEM,CBraMod,0.8888888888888888,0.8425925925925926,0.046296296296,,
strict_svm,Tables II-III,atten_nback,VP023,SingLEM,CBraMod,0.8796296296296297,0.8425925925925926,0.037037037037,,
strict_svm,Tables II-III,atten_nback,VP024,SingLEM,CBraMod,0.7407407407407407,0.7592592592592593,-0.018518518519,,
strict_svm,Tables II-III,atten_nback,VP025,SingLEM,CBraMod,0.9444444444444444,0.9074074074074074,0.037037037037,,
strict_svm,Tables II-III,atten_nback,VP026,SingLEM,CBraMod,0.8425925925925926,0.7870370370370371,0.055555555556,,
strict_svm,Tables II-III,atten_nback,VP001,SingLEM,CodeBrain,0.7129629629629629,0.6018518518518519,0.111111111111,,
strict_svm,Tables II-III,atten_nback,VP002,SingLEM,CodeBrain,0.8240740740740741,0.8518518518518519,-0.027777777778,,
strict_svm,Tables II-III,atten_nback,VP003,SingLEM,CodeBrain,0.8981481481481481,0.8796296296296297,0.018518518519,,
strict_svm,Tables II-III,atten_nback,VP004,SingLEM,CodeBrain,0.5,0.48148148148148145,0.018518518519,,
strict_svm,Tables II-III,atten_nback,VP005,SingLEM,CodeBrain,0.8425925925925926,0.8333333333333334,0.009259259259,,
strict_svm,Tables II-III,atten_nback,VP006,SingLEM,CodeBrain,0.8703703703703703,0.8518518518518519,0.018518518519,,
strict_svm,Tables II-III,atten_nback,VP007,SingLEM,CodeBrain,0.9166666666666666,0.7777777777777778,0.138888888889,,
strict_svm,Tables II-III,atten_nback,VP008,SingLEM,CodeBrain,0.9629629629629629,0.8981481481481481,0.064814814815,,
strict_svm,Tables II-III,atten_nback,VP009,SingLEM,CodeBrain,0.8981481481481481,0.9166666666666666,-0.018518518519,,
strict_svm,Tables II-III,atten_nback,VP010,SingLEM,CodeBrain,0.7777777777777778,0.6759259259259259,0.101851851852,,
strict_svm,Tables II-III,atten_nback,VP011,SingLEM,CodeBrain,0.7407407407407407,0.6574074074074074,0.083333333333,,
strict_svm,Tables II-III,atten_nback,VP012,SingLEM,CodeBrain,0.9444444444444444,0.8055555555555556,0.138888888889,,
strict_svm,Tables II-III,atten_nback,VP013,SingLEM,CodeBrain,0.8518518518518519,0.9537037037037037,-0.101851851852,,
strict_svm,Tables II-III,atten_nback,VP014,SingLEM,CodeBrain,0.8888888888888888,0.8703703703703703,0.018518518519,,
strict_svm,Tables II-III,atten_nback,VP015,SingLEM,CodeBrain,0.8240740740740741,0.7685185185185185,0.055555555556,,
strict_svm,Tables II-III,atten_nback,VP016,SingLEM,CodeBrain,0.8333333333333334,0.8425925925925926,-0.009259259259,,
strict_svm,Tables II-III,atten_nback,VP017,SingLEM,CodeBrain,0.8796296296296297,0.7962962962962963,0.083333333333,,
strict_svm,Tables II-III,atten_nback,VP018,SingLEM,CodeBrain,0.8333333333333334,0.7592592592592593,0.074074074074,,
strict_svm,Tables II-III,atten_nback,VP019,SingLEM,CodeBrain,0.8703703703703703,0.8055555555555556,0.064814814815,,
strict_svm,Tables II-III,atten_nback,VP020,SingLEM,CodeBrain,0.8888888888888888,0.7962962962962963,0.092592592593,,
strict_svm,Tables II-III,atten_nback,VP021,SingLEM,CodeBrain,0.8240740740740741,0.8888888888888888,-0.064814814815,,
strict_svm,Tables II-III,atten_nback,VP022,SingLEM,CodeBrain,0.8888888888888888,0.8888888888888888,0.0,,
strict_svm,Tables II-III,atten_nback,VP023,SingLEM,CodeBrain,0.8796296296296297,0.7962962962962963,0.083333333333,,
strict_svm,Tables II-III,atten_nback,VP024,SingLEM,CodeBrain,0.7407407407407407,0.7685185185185185,-0.027777777778,,
strict_svm,Tables II-III,atten_nback,VP025,SingLEM,CodeBrain,0.9444444444444444,0.8611111111111112,0.083333333333,,
strict_svm,Tables II-III,atten_nback,VP026,SingLEM,CodeBrain,0.8425925925925926,0.8055555555555556,0.037037037037,,
strict_svm,Tables II-III,atten_nback,VP001,SingLEM,CSBrain,0.7129629629629629,0.6296296296296297,0.083333333333,,
strict_svm,Tables II-III,atten_nback,VP002,SingLEM,CSBrain,0.8240740740740741,0.7407407407407407,0.083333333333,,
strict_svm,Tables II-III,atten_nback,VP003,SingLEM,CSBrain,0.8981481481481481,0.8425925925925926,0.055555555556,,
strict_svm,Tables II-III,atten_nback,VP004,SingLEM,CSBrain,0.5,0.6111111111111112,-0.111111111111,,
strict_svm,Tables II-III,atten_nback,VP005,SingLEM,CSBrain,0.8425925925925926,0.7592592592592593,0.083333333333,,
strict_svm,Tables II-III,atten_nback,VP006,SingLEM,CSBrain,0.8703703703703703,0.8055555555555556,0.064814814815,,
strict_svm,Tables II-III,atten_nback,VP007,SingLEM,CSBrain,0.9166666666666666,0.75,0.166666666667,,
strict_svm,Tables II-III,atten_nback,VP008,SingLEM,CSBrain,0.9629629629629629,0.9444444444444444,0.018518518519,,
strict_svm,Tables II-III,atten_nback,VP009,SingLEM,CSBrain,0.8981481481481481,0.8888888888888888,0.009259259259,,
strict_svm,Tables II-III,atten_nback,VP010,SingLEM,CSBrain,0.7777777777777778,0.7037037037037037,0.074074074074,,
strict_svm,Tables II-III,atten_nback,VP011,SingLEM,CSBrain,0.7407407407407407,0.6481481481481481,0.092592592593,,
strict_svm,Tables II-III,atten_nback,VP012,SingLEM,CSBrain,0.9444444444444444,0.8148148148148148,0.12962962963,,
strict_svm,Tables II-III,atten_nback,VP013,SingLEM,CSBrain,0.8518518518518519,0.9259259259259259,-0.074074074074,,
strict_svm,Tables II-III,atten_nback,VP014,SingLEM,CSBrain,0.8888888888888888,0.9166666666666666,-0.027777777778,,
strict_svm,Tables II-III,atten_nback,VP015,SingLEM,CSBrain,0.8240740740740741,0.7685185185185185,0.055555555556,,
strict_svm,Tables II-III,atten_nback,VP016,SingLEM,CSBrain,0.8333333333333334,0.8425925925925926,-0.009259259259,,
strict_svm,Tables II-III,atten_nback,VP017,SingLEM,CSBrain,0.8796296296296297,0.7685185185185185,0.111111111111,,
strict_svm,Tables II-III,atten_nback,VP018,SingLEM,CSBrain,0.8333333333333334,0.7777777777777778,0.055555555556,,
strict_svm,Tables II-III,atten_nback,VP019,SingLEM,CSBrain,0.8703703703703703,0.7962962962962963,0.074074074074,,
strict_svm,Tables II-III,atten_nback,VP020,SingLEM,CSBrain,0.8888888888888888,0.7870370370370371,0.101851851852,,
strict_svm,Tables II-III,atten_nback,VP021,SingLEM,CSBrain,0.8240740740740741,0.7777777777777778,0.046296296296,,
strict_svm,Tables II-III,atten_nback,VP022,SingLEM,CSBrain,0.8888888888888888,0.7777777777777778,0.111111111111,,
strict_svm,Tables II-III,atten_nback,VP023,SingLEM,CSBrain,0.8796296296296297,0.7314814814814815,0.148148148148,,
strict_svm,Tables II-III,atten_nback,VP024,SingLEM,CSBrain,0.7407407407407407,0.7407407407407407,0.0,,
strict_svm,Tables II-III,atten_nback,VP025,SingLEM,CSBrain,0.9444444444444444,0.8333333333333334,0.111111111111,,
strict_svm,Tables II-III,atten_nback,VP026,SingLEM,CSBrain,0.8425925925925926,0.7314814814814815,0.111111111111,,
strict_svm,Tables II-III,atten_nback,VP001,SingLEM,LUNA,0.7129629629629629,0.7592592592592593,-0.046296296296,,
strict_svm,Tables II-III,atten_nback,VP002,SingLEM,LUNA,0.8240740740740741,0.75,0.074074074074,,
strict_svm,Tables II-III,atten_nback,VP003,SingLEM,LUNA,0.8981481481481481,0.8148148148148148,0.083333333333,,
strict_svm,Tables II-III,atten_nback,VP004,SingLEM,LUNA,0.5,0.49074074074074076,0.009259259259,,
strict_svm,Tables II-III,atten_nback,VP005,SingLEM,LUNA,0.8425925925925926,0.7129629629629629,0.12962962963,,
strict_svm,Tables II-III,atten_nback,VP006,SingLEM,LUNA,0.8703703703703703,0.6944444444444444,0.175925925926,,
strict_svm,Tables II-III,atten_nback,VP007,SingLEM,LUNA,0.9166666666666666,0.6111111111111112,0.305555555556,,
strict_svm,Tables II-III,atten_nback,VP008,SingLEM,LUNA,0.9629629629629629,0.8425925925925926,0.12037037037,,
strict_svm,Tables II-III,atten_nback,VP009,SingLEM,LUNA,0.8981481481481481,0.8148148148148148,0.083333333333,,
strict_svm,Tables II-III,atten_nback,VP010,SingLEM,LUNA,0.7777777777777778,0.6481481481481481,0.12962962963,,
strict_svm,Tables II-III,atten_nback,VP011,SingLEM,LUNA,0.7407407407407407,0.6111111111111112,0.12962962963,,
strict_svm,Tables II-III,atten_nback,VP012,SingLEM,LUNA,0.9444444444444444,0.5092592592592593,0.435185185185,,
strict_svm,Tables II-III,atten_nback,VP013,SingLEM,LUNA,0.8518518518518519,0.6111111111111112,0.240740740741,,
strict_svm,Tables II-III,atten_nback,VP014,SingLEM,LUNA,0.8888888888888888,0.7962962962962963,0.092592592593,,
strict_svm,Tables II-III,atten_nback,VP015,SingLEM,LUNA,0.8240740740740741,0.6296296296296297,0.194444444444,,
strict_svm,Tables II-III,atten_nback,VP016,SingLEM,LUNA,0.8333333333333334,0.5925925925925926,0.240740740741,,
strict_svm,Tables II-III,atten_nback,VP017,SingLEM,LUNA,0.8796296296296297,0.7870370370370371,0.092592592593,,
strict_svm,Tables II-III,atten_nback,VP018,SingLEM,LUNA,0.8333333333333334,0.6481481481481481,0.185185185185,,
strict_svm,Tables II-III,atten_nback,VP019,SingLEM,LUNA,0.8703703703703703,0.8055555555555556,0.064814814815,,
strict_svm,Tables II-III,atten_nback,VP020,SingLEM,LUNA,0.8888888888888888,0.7777777777777778,0.111111111111,,
strict_svm,Tables II-III,atten_nback,VP021,SingLEM,LUNA,0.8240740740740741,0.7037037037037037,0.12037037037,,
strict_svm,Tables II-III,atten_nback,VP022,SingLEM,LUNA,0.8888888888888888,0.6481481481481481,0.240740740741,,
strict_svm,Tables II-III,atten_nback,VP023,SingLEM,LUNA,0.8796296296296297,0.6481481481481481,0.231481481481,,
strict_svm,Tables II-III,atten_nback,VP024,SingLEM,LUNA,0.7407407407407407,0.6574074074074074,0.083333333333,,
strict_svm,Tables II-III,atten_nback,VP025,SingLEM,LUNA,0.9444444444444444,0.7962962962962963,0.148148148148,,
strict_svm,Tables II-III,atten_nback,VP026,SingLEM,LUNA,0.8425925925925926,0.6759259259259259,0.166666666667,,
strict_svm,Tables II-III,atten_nback,VP001,SingLEM,CSP,0.7129629629629629,0.5833333333333334,0.12962962963,,
strict_svm,Tables II-III,atten_nback,VP002,SingLEM,CSP,0.8240740740740741,0.6666666666666666,0.157407407407,,
strict_svm,Tables II-III,atten_nback,VP003,SingLEM,CSP,0.8981481481481481,0.6203703703703703,0.277777777778,,
strict_svm,Tables II-III,atten_nback,VP004,SingLEM,CSP,0.5,0.6481481481481481,-0.148148148148,,
strict_svm,Tables II-III,atten_nback,VP005,SingLEM,CSP,0.8425925925925926,0.5,0.342592592593,,
strict_svm,Tables II-III,atten_nback,VP006,SingLEM,CSP,0.8703703703703703,0.5462962962962963,0.324074074074,,
strict_svm,Tables II-III,atten_nback,VP007,SingLEM,CSP,0.9166666666666666,0.3888888888888889,0.527777777778,,
strict_svm,Tables II-III,atten_nback,VP008,SingLEM,CSP,0.9629629629629629,0.5370370370370371,0.425925925926,,
strict_svm,Tables II-III,atten_nback,VP009,SingLEM,CSP,0.8981481481481481,0.5462962962962963,0.351851851852,,
strict_svm,Tables II-III,atten_nback,VP010,SingLEM,CSP,0.7777777777777778,0.5277777777777778,0.25,,
strict_svm,Tables II-III,atten_nback,VP011,SingLEM,CSP,0.7407407407407407,0.5462962962962963,0.194444444444,,
strict_svm,Tables II-III,atten_nback,VP012,SingLEM,CSP,0.9444444444444444,0.6759259259259259,0.268518518519,,
strict_svm,Tables II-III,atten_nback,VP013,SingLEM,CSP,0.8518518518518519,0.6574074074074074,0.194444444444,,
strict_svm,Tables II-III,atten_nback,VP014,SingLEM,CSP,0.8888888888888888,0.6018518518518519,0.287037037037,,
strict_svm,Tables II-III,atten_nback,VP015,SingLEM,CSP,0.8240740740740741,0.5277777777777778,0.296296296296,,
strict_svm,Tables II-III,atten_nback,VP016,SingLEM,CSP,0.8333333333333334,0.6481481481481481,0.185185185185,,
strict_svm,Tables II-III,atten_nback,VP017,SingLEM,CSP,0.8796296296296297,0.7870370370370371,0.092592592593,,
strict_svm,Tables II-III,atten_nback,VP018,SingLEM,CSP,0.8333333333333334,0.5185185185185185,0.314814814815,,
strict_svm,Tables II-III,atten_nback,VP019,SingLEM,CSP,0.8703703703703703,0.7037037037037037,0.166666666667,,
strict_svm,Tables II-III,atten_nback,VP020,SingLEM,CSP,0.8888888888888888,0.5185185185185185,0.37037037037,,
strict_svm,Tables II-III,atten_nback,VP021,SingLEM,CSP,0.8240740740740741,0.48148148148148145,0.342592592593,,
strict_svm,Tables II-III,atten_nback,VP022,SingLEM,CSP,0.8888888888888888,0.5185185185185185,0.37037037037,,
strict_svm,Tables II-III,atten_nback,VP023,SingLEM,CSP,0.8796296296296297,0.6388888888888888,0.240740740741,,
strict_svm,Tables II-III,atten_nback,VP024,SingLEM,CSP,0.7407407407407407,0.5370370370370371,0.203703703704,,
strict_svm,Tables II-III,atten_nback,VP025,SingLEM,CSP,0.9444444444444444,0.5925925925925926,0.351851851852,,
strict_svm,Tables II-III,atten_nback,VP026,SingLEM,CSP,0.8425925925925926,0.6574074074074074,0.185185185185,,
strict_svm,Tables II-III,atten_nback,VP001,SingLEM,Welch PSD,0.7129629629629629,0.7592592592592593,-0.046296296296,,
strict_svm,Tables II-III,atten_nback,VP002,SingLEM,Welch PSD,0.8240740740740741,0.6759259259259259,0.148148148148,,
strict_svm,Tables II-III,atten_nback,VP003,SingLEM,Welch PSD,0.8981481481481481,0.6944444444444444,0.203703703704,,
strict_svm,Tables II-III,atten_nback,VP004,SingLEM,Welch PSD,0.5,0.5925925925925926,-0.092592592593,,
strict_svm,Tables II-III,atten_nback,VP005,SingLEM,Welch PSD,0.8425925925925926,0.7685185185185185,0.074074074074,,
strict_svm,Tables II-III,atten_nback,VP006,SingLEM,Welch PSD,0.8703703703703703,0.5648148148148148,0.305555555556,,
strict_svm,Tables II-III,atten_nback,VP007,SingLEM,Welch PSD,0.9166666666666666,0.5092592592592593,0.407407407407,,
strict_svm,Tables II-III,atten_nback,VP008,SingLEM,Welch PSD,0.9629629629629629,0.6018518518518519,0.361111111111,,
strict_svm,Tables II-III,atten_nback,VP009,SingLEM,Welch PSD,0.8981481481481481,0.7407407407407407,0.157407407407,,
strict_svm,Tables II-III,atten_nback,VP010,SingLEM,Welch PSD,0.7777777777777778,0.7129629629629629,0.064814814815,,
strict_svm,Tables II-III,atten_nback,VP011,SingLEM,Welch PSD,0.7407407407407407,0.49074074074074076,0.25,,
strict_svm,Tables II-III,atten_nback,VP012,SingLEM,Welch PSD,0.9444444444444444,0.7314814814814815,0.212962962963,,
strict_svm,Tables II-III,atten_nback,VP013,SingLEM,Welch PSD,0.8518518518518519,0.7222222222222222,0.12962962963,,
strict_svm,Tables II-III,atten_nback,VP014,SingLEM,Welch PSD,0.8888888888888888,0.6296296296296297,0.259259259259,,
strict_svm,Tables II-III,atten_nback,VP015,SingLEM,Welch PSD,0.8240740740740741,0.5648148148148148,0.259259259259,,
strict_svm,Tables II-III,atten_nback,VP016,SingLEM,Welch PSD,0.8333333333333334,0.5370370370370371,0.296296296296,,
strict_svm,Tables II-III,atten_nback,VP017,SingLEM,Welch PSD,0.8796296296296297,0.7777777777777778,0.101851851852,,
strict_svm,Tables II-III,atten_nback,VP018,SingLEM,Welch PSD,0.8333333333333334,0.5833333333333334,0.25,,
strict_svm,Tables II-III,atten_nback,VP019,SingLEM,Welch PSD,0.8703703703703703,0.6203703703703703,0.25,,
strict_svm,Tables II-III,atten_nback,VP020,SingLEM,Welch PSD,0.8888888888888888,0.7129629629629629,0.175925925926,,
strict_svm,Tables II-III,atten_nback,VP021,SingLEM,Welch PSD,0.8240740740740741,0.6111111111111112,0.212962962963,,
strict_svm,Tables II-III,atten_nback,VP022,SingLEM,Welch PSD,0.8888888888888888,0.7592592592592593,0.12962962963,,
strict_svm,Tables II-III,atten_nback,VP023,SingLEM,Welch PSD,0.8796296296296297,0.6944444444444444,0.185185185185,,
strict_svm,Tables II-III,atten_nback,VP024,SingLEM,Welch PSD,0.7407407407407407,0.6388888888888888,0.101851851852,,
strict_svm,Tables II-III,atten_nback,VP025,SingLEM,Welch PSD,0.9444444444444444,0.6203703703703703,0.324074074074,,
strict_svm,Tables II-III,atten_nback,VP026,SingLEM,Welch PSD,0.8425925925925926,0.5277777777777778,0.314814814815,,
strict_svm,Tables II-III,atten_dsr,VP001,SingLEM,BENDR,0.6666666666666666,0.5833333333333334,0.083333333333,,
strict_svm,Tables II-III,atten_dsr,VP002,SingLEM,BENDR,0.7222222222222222,0.5277777777777778,0.194444444444,,
strict_svm,Tables II-III,atten_dsr,VP003,SingLEM,BENDR,0.9027777777777778,0.6111111111111112,0.291666666667,,
strict_svm,Tables II-III,atten_dsr,VP004,SingLEM,BENDR,0.8055555555555556,0.6388888888888888,0.166666666667,,
strict_svm,Tables II-III,atten_dsr,VP005,SingLEM,BENDR,0.7916666666666666,0.5972222222222222,0.194444444444,,
strict_svm,Tables II-III,atten_dsr,VP006,SingLEM,BENDR,0.8055555555555556,0.5555555555555556,0.25,,
strict_svm,Tables II-III,atten_dsr,VP007,SingLEM,BENDR,0.8888888888888888,0.5,0.388888888889,,
strict_svm,Tables II-III,atten_dsr,VP008,SingLEM,BENDR,0.9444444444444444,0.7222222222222222,0.222222222222,,
strict_svm,Tables II-III,atten_dsr,VP009,SingLEM,BENDR,0.9305555555555556,0.5277777777777778,0.402777777778,,
strict_svm,Tables II-III,atten_dsr,VP010,SingLEM,BENDR,0.7916666666666666,0.5833333333333334,0.208333333333,,
strict_svm,Tables II-III,atten_dsr,VP011,SingLEM,BENDR,0.7361111111111112,0.5416666666666666,0.194444444444,,
strict_svm,Tables II-III,atten_dsr,VP012,SingLEM,BENDR,1.0,0.7083333333333334,0.291666666667,,
strict_svm,Tables II-III,atten_dsr,VP013,SingLEM,BENDR,0.8888888888888888,0.5972222222222222,0.291666666667,,
strict_svm,Tables II-III,atten_dsr,VP014,SingLEM,BENDR,0.9722222222222222,0.7222222222222222,0.25,,
strict_svm,Tables II-III,atten_dsr,VP015,SingLEM,BENDR,0.875,0.6666666666666666,0.208333333333,,
strict_svm,Tables II-III,atten_dsr,VP016,SingLEM,BENDR,0.9722222222222222,0.6111111111111112,0.361111111111,,
strict_svm,Tables II-III,atten_dsr,VP017,SingLEM,BENDR,0.7916666666666666,0.5694444444444444,0.222222222222,,
strict_svm,Tables II-III,atten_dsr,VP018,SingLEM,BENDR,0.8888888888888888,0.5277777777777778,0.361111111111,,
strict_svm,Tables II-III,atten_dsr,VP019,SingLEM,BENDR,0.8888888888888888,0.4722222222222222,0.416666666667,,
strict_svm,Tables II-III,atten_dsr,VP020,SingLEM,BENDR,0.8333333333333334,0.5416666666666666,0.291666666667,,
strict_svm,Tables II-III,atten_dsr,VP021,SingLEM,BENDR,0.9444444444444444,0.625,0.319444444444,,
strict_svm,Tables II-III,atten_dsr,VP022,SingLEM,BENDR,0.8611111111111112,0.5,0.361111111111,,
strict_svm,Tables II-III,atten_dsr,VP023,SingLEM,BENDR,0.8055555555555556,0.5833333333333334,0.222222222222,,
strict_svm,Tables II-III,atten_dsr,VP024,SingLEM,BENDR,0.7638888888888888,0.5694444444444444,0.194444444444,,
strict_svm,Tables II-III,atten_dsr,VP025,SingLEM,BENDR,0.9861111111111112,0.7222222222222222,0.263888888889,,
strict_svm,Tables II-III,atten_dsr,VP026,SingLEM,BENDR,0.8194444444444444,0.6944444444444444,0.125,,
strict_svm,Tables II-III,atten_dsr,VP001,SingLEM,BIOT,0.6666666666666666,0.5694444444444444,0.097222222222,,
strict_svm,Tables II-III,atten_dsr,VP002,SingLEM,BIOT,0.7222222222222222,0.5555555555555556,0.166666666667,,
strict_svm,Tables II-III,atten_dsr,VP003,SingLEM,BIOT,0.9027777777777778,0.5277777777777778,0.375,,
strict_svm,Tables II-III,atten_dsr,VP004,SingLEM,BIOT,0.8055555555555556,0.6944444444444444,0.111111111111,,
strict_svm,Tables II-III,atten_dsr,VP005,SingLEM,BIOT,0.7916666666666666,0.4305555555555556,0.361111111111,,
strict_svm,Tables II-III,atten_dsr,VP006,SingLEM,BIOT,0.8055555555555556,0.7361111111111112,0.069444444444,,
strict_svm,Tables II-III,atten_dsr,VP007,SingLEM,BIOT,0.8888888888888888,0.5833333333333334,0.305555555556,,
strict_svm,Tables II-III,atten_dsr,VP008,SingLEM,BIOT,0.9444444444444444,0.7222222222222222,0.222222222222,,
strict_svm,Tables II-III,atten_dsr,VP009,SingLEM,BIOT,0.9305555555555556,0.5555555555555556,0.375,,
strict_svm,Tables II-III,atten_dsr,VP010,SingLEM,BIOT,0.7916666666666666,0.5833333333333334,0.208333333333,,
strict_svm,Tables II-III,atten_dsr,VP011,SingLEM,BIOT,0.7361111111111112,0.5416666666666666,0.194444444444,,
strict_svm,Tables II-III,atten_dsr,VP012,SingLEM,BIOT,1.0,0.6944444444444444,0.305555555556,,
strict_svm,Tables II-III,atten_dsr,VP013,SingLEM,BIOT,0.8888888888888888,0.625,0.263888888889,,
strict_svm,Tables II-III,atten_dsr,VP014,SingLEM,BIOT,0.9722222222222222,0.7361111111111112,0.236111111111,,
strict_svm,Tables II-III,atten_dsr,VP015,SingLEM,BIOT,0.875,0.6805555555555556,0.194444444444,,
strict_svm,Tables II-III,atten_dsr,VP016,SingLEM,BIOT,0.9722222222222222,0.5972222222222222,0.375,,
strict_svm,Tables II-III,atten_dsr,VP017,SingLEM,BIOT,0.7916666666666666,0.5416666666666666,0.25,,
strict_svm,Tables II-III,atten_dsr,VP018,SingLEM,BIOT,0.8888888888888888,0.5138888888888888,0.375,,
strict_svm,Tables II-III,atten_dsr,VP019,SingLEM,BIOT,0.8888888888888888,0.7361111111111112,0.152777777778,,
strict_svm,Tables II-III,atten_dsr,VP020,SingLEM,BIOT,0.8333333333333334,0.5694444444444444,0.263888888889,,
strict_svm,Tables II-III,atten_dsr,VP021,SingLEM,BIOT,0.9444444444444444,0.5138888888888888,0.430555555556,,
strict_svm,Tables II-III,atten_dsr,VP022,SingLEM,BIOT,0.8611111111111112,0.5972222222222222,0.263888888889,,
strict_svm,Tables II-III,atten_dsr,VP023,SingLEM,BIOT,0.8055555555555556,0.5833333333333334,0.222222222222,,
strict_svm,Tables II-III,atten_dsr,VP024,SingLEM,BIOT,0.7638888888888888,0.6944444444444444,0.069444444444,,
strict_svm,Tables II-III,atten_dsr,VP025,SingLEM,BIOT,0.9861111111111112,0.6527777777777778,0.333333333333,,
strict_svm,Tables II-III,atten_dsr,VP026,SingLEM,BIOT,0.8194444444444444,0.8055555555555556,0.013888888889,,
strict_svm,Tables II-III,atten_dsr,VP001,SingLEM,LaBraM,0.6666666666666666,0.625,0.041666666667,,
strict_svm,Tables II-III,atten_dsr,VP002,SingLEM,LaBraM,0.7222222222222222,0.5833333333333334,0.138888888889,,
strict_svm,Tables II-III,atten_dsr,VP003,SingLEM,LaBraM,0.9027777777777778,0.5555555555555556,0.347222222222,,
strict_svm,Tables II-III,atten_dsr,VP004,SingLEM,LaBraM,0.8055555555555556,0.5277777777777778,0.277777777778,,
strict_svm,Tables II-III,atten_dsr,VP005,SingLEM,LaBraM,0.7916666666666666,0.6388888888888888,0.152777777778,,
strict_svm,Tables II-III,atten_dsr,VP006,SingLEM,LaBraM,0.8055555555555556,0.7361111111111112,0.069444444444,,
strict_svm,Tables II-III,atten_dsr,VP007,SingLEM,LaBraM,0.8888888888888888,0.4861111111111111,0.402777777778,,
strict_svm,Tables II-III,atten_dsr,VP008,SingLEM,LaBraM,0.9444444444444444,0.7916666666666666,0.152777777778,,
strict_svm,Tables II-III,atten_dsr,VP009,SingLEM,LaBraM,0.9305555555555556,0.6388888888888888,0.291666666667,,
strict_svm,Tables II-III,atten_dsr,VP010,SingLEM,LaBraM,0.7916666666666666,0.5833333333333334,0.208333333333,,
strict_svm,Tables II-III,atten_dsr,VP011,SingLEM,LaBraM,0.7361111111111112,0.5972222222222222,0.138888888889,,
strict_svm,Tables II-III,atten_dsr,VP012,SingLEM,LaBraM,1.0,0.9027777777777778,0.097222222222,,
strict_svm,Tables II-III,atten_dsr,VP013,SingLEM,LaBraM,0.8888888888888888,0.8611111111111112,0.027777777778,,
strict_svm,Tables II-III,atten_dsr,VP014,SingLEM,LaBraM,0.9722222222222222,0.8333333333333334,0.138888888889,,
strict_svm,Tables II-III,atten_dsr,VP015,SingLEM,LaBraM,0.875,0.7083333333333334,0.166666666667,,
strict_svm,Tables II-III,atten_dsr,VP016,SingLEM,LaBraM,0.9722222222222222,0.4861111111111111,0.486111111111,,
strict_svm,Tables II-III,atten_dsr,VP017,SingLEM,LaBraM,0.7916666666666666,0.7361111111111112,0.055555555556,,
strict_svm,Tables II-III,atten_dsr,VP018,SingLEM,LaBraM,0.8888888888888888,0.6527777777777778,0.236111111111,,
strict_svm,Tables II-III,atten_dsr,VP019,SingLEM,LaBraM,0.8888888888888888,0.6944444444444444,0.194444444444,,
strict_svm,Tables II-III,atten_dsr,VP020,SingLEM,LaBraM,0.8333333333333334,0.7361111111111112,0.097222222222,,
strict_svm,Tables II-III,atten_dsr,VP021,SingLEM,LaBraM,0.9444444444444444,0.6111111111111112,0.333333333333,,
strict_svm,Tables II-III,atten_dsr,VP022,SingLEM,LaBraM,0.8611111111111112,0.5833333333333334,0.277777777778,,
strict_svm,Tables II-III,atten_dsr,VP023,SingLEM,LaBraM,0.8055555555555556,0.5416666666666666,0.263888888889,,
strict_svm,Tables II-III,atten_dsr,VP024,SingLEM,LaBraM,0.7638888888888888,0.5833333333333334,0.180555555556,,
strict_svm,Tables II-III,atten_dsr,VP025,SingLEM,LaBraM,0.9861111111111112,0.8472222222222222,0.138888888889,,
strict_svm,Tables II-III,atten_dsr,VP026,SingLEM,LaBraM,0.8194444444444444,0.8055555555555556,0.013888888889,,
strict_svm,Tables II-III,atten_dsr,VP001,SingLEM,CBraMod,0.6666666666666666,0.7083333333333334,-0.041666666667,,
strict_svm,Tables II-III,atten_dsr,VP002,SingLEM,CBraMod,0.7222222222222222,0.625,0.097222222222,,
strict_svm,Tables II-III,atten_dsr,VP003,SingLEM,CBraMod,0.9027777777777778,0.75,0.152777777778,,
strict_svm,Tables II-III,atten_dsr,VP004,SingLEM,CBraMod,0.8055555555555556,0.6666666666666666,0.138888888889,,
strict_svm,Tables II-III,atten_dsr,VP005,SingLEM,CBraMod,0.7916666666666666,0.7777777777777778,0.013888888889,,
strict_svm,Tables II-III,atten_dsr,VP006,SingLEM,CBraMod,0.8055555555555556,0.6944444444444444,0.111111111111,,
strict_svm,Tables II-III,atten_dsr,VP007,SingLEM,CBraMod,0.8888888888888888,0.7083333333333334,0.180555555556,,
strict_svm,Tables II-III,atten_dsr,VP008,SingLEM,CBraMod,0.9444444444444444,0.9305555555555556,0.013888888889,,
strict_svm,Tables II-III,atten_dsr,VP009,SingLEM,CBraMod,0.9305555555555556,0.9444444444444444,-0.013888888889,,
strict_svm,Tables II-III,atten_dsr,VP010,SingLEM,CBraMod,0.7916666666666666,0.7083333333333334,0.083333333333,,
strict_svm,Tables II-III,atten_dsr,VP011,SingLEM,CBraMod,0.7361111111111112,0.5972222222222222,0.138888888889,,
strict_svm,Tables II-III,atten_dsr,VP012,SingLEM,CBraMod,1.0,0.875,0.125,,
strict_svm,Tables II-III,atten_dsr,VP013,SingLEM,CBraMod,0.8888888888888888,0.9027777777777778,-0.013888888889,,
strict_svm,Tables II-III,atten_dsr,VP014,SingLEM,CBraMod,0.9722222222222222,0.9305555555555556,0.041666666667,,
strict_svm,Tables II-III,atten_dsr,VP015,SingLEM,CBraMod,0.875,0.8055555555555556,0.069444444444,,
strict_svm,Tables II-III,atten_dsr,VP016,SingLEM,CBraMod,0.9722222222222222,0.75,0.222222222222,,
strict_svm,Tables II-III,atten_dsr,VP017,SingLEM,CBraMod,0.7916666666666666,0.875,-0.083333333333,,
strict_svm,Tables II-III,atten_dsr,VP018,SingLEM,CBraMod,0.8888888888888888,0.8333333333333334,0.055555555556,,
strict_svm,Tables II-III,atten_dsr,VP019,SingLEM,CBraMod,0.8888888888888888,0.7777777777777778,0.111111111111,,
strict_svm,Tables II-III,atten_dsr,VP020,SingLEM,CBraMod,0.8333333333333334,0.7361111111111112,0.097222222222,,
strict_svm,Tables II-III,atten_dsr,VP021,SingLEM,CBraMod,0.9444444444444444,0.875,0.069444444444,,
strict_svm,Tables II-III,atten_dsr,VP022,SingLEM,CBraMod,0.8611111111111112,0.7777777777777778,0.083333333333,,
strict_svm,Tables II-III,atten_dsr,VP023,SingLEM,CBraMod,0.8055555555555556,0.8333333333333334,-0.027777777778,,
strict_svm,Tables II-III,atten_dsr,VP024,SingLEM,CBraMod,0.7638888888888888,0.7638888888888888,0.0,,
strict_svm,Tables II-III,atten_dsr,VP025,SingLEM,CBraMod,0.9861111111111112,0.9305555555555556,0.055555555556,,
strict_svm,Tables II-III,atten_dsr,VP026,SingLEM,CBraMod,0.8194444444444444,0.8611111111111112,-0.041666666667,,
strict_svm,Tables II-III,atten_dsr,VP001,SingLEM,CodeBrain,0.6666666666666666,0.6527777777777778,0.013888888889,,
strict_svm,Tables II-III,atten_dsr,VP002,SingLEM,CodeBrain,0.7222222222222222,0.75,-0.027777777778,,
strict_svm,Tables II-III,atten_dsr,VP003,SingLEM,CodeBrain,0.9027777777777778,0.7083333333333334,0.194444444444,,
strict_svm,Tables II-III,atten_dsr,VP004,SingLEM,CodeBrain,0.8055555555555556,0.7222222222222222,0.083333333333,,
strict_svm,Tables II-III,atten_dsr,VP005,SingLEM,CodeBrain,0.7916666666666666,0.75,0.041666666667,,
strict_svm,Tables II-III,atten_dsr,VP006,SingLEM,CodeBrain,0.8055555555555556,0.75,0.055555555556,,
strict_svm,Tables II-III,atten_dsr,VP007,SingLEM,CodeBrain,0.8888888888888888,0.7083333333333334,0.180555555556,,
strict_svm,Tables II-III,atten_dsr,VP008,SingLEM,CodeBrain,0.9444444444444444,0.9722222222222222,-0.027777777778,,
strict_svm,Tables II-III,atten_dsr,VP009,SingLEM,CodeBrain,0.9305555555555556,0.8194444444444444,0.111111111111,,
strict_svm,Tables II-III,atten_dsr,VP010,SingLEM,CodeBrain,0.7916666666666666,0.7916666666666666,0.0,,
strict_svm,Tables II-III,atten_dsr,VP011,SingLEM,CodeBrain,0.7361111111111112,0.6527777777777778,0.083333333333,,
strict_svm,Tables II-III,atten_dsr,VP012,SingLEM,CodeBrain,1.0,0.9444444444444444,0.055555555556,,
strict_svm,Tables II-III,atten_dsr,VP013,SingLEM,CodeBrain,0.8888888888888888,0.9166666666666666,-0.027777777778,,
strict_svm,Tables II-III,atten_dsr,VP014,SingLEM,CodeBrain,0.9722222222222222,0.9861111111111112,-0.013888888889,,
strict_svm,Tables II-III,atten_dsr,VP015,SingLEM,CodeBrain,0.875,0.8333333333333334,0.041666666667,,
strict_svm,Tables II-III,atten_dsr,VP016,SingLEM,CodeBrain,0.9722222222222222,0.7638888888888888,0.208333333333,,
strict_svm,Tables II-III,atten_dsr,VP017,SingLEM,CodeBrain,0.7916666666666666,0.875,-0.083333333333,,
strict_svm,Tables II-III,atten_dsr,VP018,SingLEM,CodeBrain,0.8888888888888888,0.8333333333333334,0.055555555556,,
strict_svm,Tables II-III,atten_dsr,VP019,SingLEM,CodeBrain,0.8888888888888888,0.9305555555555556,-0.041666666667,,
strict_svm,Tables II-III,atten_dsr,VP020,SingLEM,CodeBrain,0.8333333333333334,0.8194444444444444,0.013888888889,,
strict_svm,Tables II-III,atten_dsr,VP021,SingLEM,CodeBrain,0.9444444444444444,0.8888888888888888,0.055555555556,,
strict_svm,Tables II-III,atten_dsr,VP022,SingLEM,CodeBrain,0.8611111111111112,0.7916666666666666,0.069444444444,,
strict_svm,Tables II-III,atten_dsr,VP023,SingLEM,CodeBrain,0.8055555555555556,0.8472222222222222,-0.041666666667,,
strict_svm,Tables II-III,atten_dsr,VP024,SingLEM,CodeBrain,0.7638888888888888,0.7777777777777778,-0.013888888889,,
strict_svm,Tables II-III,atten_dsr,VP025,SingLEM,CodeBrain,0.9861111111111112,0.9305555555555556,0.055555555556,,
strict_svm,Tables II-III,atten_dsr,VP026,SingLEM,CodeBrain,0.8194444444444444,0.9027777777777778,-0.083333333333,,
strict_svm,Tables II-III,atten_dsr,VP001,SingLEM,CSBrain,0.6666666666666666,0.5694444444444444,0.097222222222,,
strict_svm,Tables II-III,atten_dsr,VP002,SingLEM,CSBrain,0.7222222222222222,0.5972222222222222,0.125,,
strict_svm,Tables II-III,atten_dsr,VP003,SingLEM,CSBrain,0.9027777777777778,0.6805555555555556,0.222222222222,,
strict_svm,Tables II-III,atten_dsr,VP004,SingLEM,CSBrain,0.8055555555555556,0.6666666666666666,0.138888888889,,
strict_svm,Tables II-III,atten_dsr,VP005,SingLEM,CSBrain,0.7916666666666666,0.6666666666666666,0.125,,
strict_svm,Tables II-III,atten_dsr,VP006,SingLEM,CSBrain,0.8055555555555556,0.7083333333333334,0.097222222222,,
strict_svm,Tables II-III,atten_dsr,VP007,SingLEM,CSBrain,0.8888888888888888,0.7361111111111112,0.152777777778,,
strict_svm,Tables II-III,atten_dsr,VP008,SingLEM,CSBrain,0.9444444444444444,0.9444444444444444,0.0,,
strict_svm,Tables II-III,atten_dsr,VP009,SingLEM,CSBrain,0.9305555555555556,0.875,0.055555555556,,
strict_svm,Tables II-III,atten_dsr,VP010,SingLEM,CSBrain,0.7916666666666666,0.6944444444444444,0.097222222222,,
strict_svm,Tables II-III,atten_dsr,VP011,SingLEM,CSBrain,0.7361111111111112,0.5416666666666666,0.194444444444,,
strict_svm,Tables II-III,atten_dsr,VP012,SingLEM,CSBrain,1.0,0.8888888888888888,0.111111111111,,
strict_svm,Tables II-III,atten_dsr,VP013,SingLEM,CSBrain,0.8888888888888888,0.9166666666666666,-0.027777777778,,
strict_svm,Tables II-III,atten_dsr,VP014,SingLEM,CSBrain,0.9722222222222222,0.9166666666666666,0.055555555556,,
strict_svm,Tables II-III,atten_dsr,VP015,SingLEM,CSBrain,0.875,0.875,0.0,,
strict_svm,Tables II-III,atten_dsr,VP016,SingLEM,CSBrain,0.9722222222222222,0.7638888888888888,0.208333333333,,
strict_svm,Tables II-III,atten_dsr,VP017,SingLEM,CSBrain,0.7916666666666666,0.7777777777777778,0.013888888889,,
strict_svm,Tables II-III,atten_dsr,VP018,SingLEM,CSBrain,0.8888888888888888,0.8333333333333334,0.055555555556,,
strict_svm,Tables II-III,atten_dsr,VP019,SingLEM,CSBrain,0.8888888888888888,0.8055555555555556,0.083333333333,,
strict_svm,Tables II-III,atten_dsr,VP020,SingLEM,CSBrain,0.8333333333333334,0.8055555555555556,0.027777777778,,
strict_svm,Tables II-III,atten_dsr,VP021,SingLEM,CSBrain,0.9444444444444444,0.8333333333333334,0.111111111111,,
strict_svm,Tables II-III,atten_dsr,VP022,SingLEM,CSBrain,0.8611111111111112,0.7638888888888888,0.097222222222,,
strict_svm,Tables II-III,atten_dsr,VP023,SingLEM,CSBrain,0.8055555555555556,0.7083333333333334,0.097222222222,,
strict_svm,Tables II-III,atten_dsr,VP024,SingLEM,CSBrain,0.7638888888888888,0.6805555555555556,0.083333333333,,
strict_svm,Tables II-III,atten_dsr,VP025,SingLEM,CSBrain,0.9861111111111112,0.8333333333333334,0.152777777778,,
strict_svm,Tables II-III,atten_dsr,VP026,SingLEM,CSBrain,0.8194444444444444,0.7916666666666666,0.027777777778,,
strict_svm,Tables II-III,atten_dsr,VP001,SingLEM,LUNA,0.6666666666666666,0.6527777777777778,0.013888888889,,
strict_svm,Tables II-III,atten_dsr,VP002,SingLEM,LUNA,0.7222222222222222,0.6666666666666666,0.055555555556,,
strict_svm,Tables II-III,atten_dsr,VP003,SingLEM,LUNA,0.9027777777777778,0.6111111111111112,0.291666666667,,
strict_svm,Tables II-III,atten_dsr,VP004,SingLEM,LUNA,0.8055555555555556,0.6666666666666666,0.138888888889,,
strict_svm,Tables II-III,atten_dsr,VP005,SingLEM,LUNA,0.7916666666666666,0.625,0.166666666667,,
strict_svm,Tables II-III,atten_dsr,VP006,SingLEM,LUNA,0.8055555555555556,0.6388888888888888,0.166666666667,,
strict_svm,Tables II-III,atten_dsr,VP007,SingLEM,LUNA,0.8888888888888888,0.6111111111111112,0.277777777778,,
strict_svm,Tables II-III,atten_dsr,VP008,SingLEM,LUNA,0.9444444444444444,0.75,0.194444444444,,
strict_svm,Tables II-III,atten_dsr,VP009,SingLEM,LUNA,0.9305555555555556,0.7083333333333334,0.222222222222,,
strict_svm,Tables II-III,atten_dsr,VP010,SingLEM,LUNA,0.7916666666666666,0.6527777777777778,0.138888888889,,
strict_svm,Tables II-III,atten_dsr,VP011,SingLEM,LUNA,0.7361111111111112,0.6388888888888888,0.097222222222,,
strict_svm,Tables II-III,atten_dsr,VP012,SingLEM,LUNA,1.0,0.8333333333333334,0.166666666667,,
strict_svm,Tables II-III,atten_dsr,VP013,SingLEM,LUNA,0.8888888888888888,0.7916666666666666,0.097222222222,,
strict_svm,Tables II-III,atten_dsr,VP014,SingLEM,LUNA,0.9722222222222222,0.8333333333333334,0.138888888889,,
strict_svm,Tables II-III,atten_dsr,VP015,SingLEM,LUNA,0.875,0.7638888888888888,0.111111111111,,
strict_svm,Tables II-III,atten_dsr,VP016,SingLEM,LUNA,0.9722222222222222,0.5833333333333334,0.388888888889,,
strict_svm,Tables II-III,atten_dsr,VP017,SingLEM,LUNA,0.7916666666666666,0.7916666666666666,0.0,,
strict_svm,Tables II-III,atten_dsr,VP018,SingLEM,LUNA,0.8888888888888888,0.7083333333333334,0.180555555556,,
strict_svm,Tables II-III,atten_dsr,VP019,SingLEM,LUNA,0.8888888888888888,0.8611111111111112,0.027777777778,,
strict_svm,Tables II-III,atten_dsr,VP020,SingLEM,LUNA,0.8333333333333334,0.7916666666666666,0.041666666667,,
strict_svm,Tables II-III,atten_dsr,VP021,SingLEM,LUNA,0.9444444444444444,0.7222222222222222,0.222222222222,,
strict_svm,Tables II-III,atten_dsr,VP022,SingLEM,LUNA,0.8611111111111112,0.5833333333333334,0.277777777778,,
strict_svm,Tables II-III,atten_dsr,VP023,SingLEM,LUNA,0.8055555555555556,0.6805555555555556,0.125,,
strict_svm,Tables II-III,atten_dsr,VP024,SingLEM,LUNA,0.7638888888888888,0.5972222222222222,0.166666666667,,
strict_svm,Tables II-III,atten_dsr,VP025,SingLEM,LUNA,0.9861111111111112,0.8472222222222222,0.138888888889,,
strict_svm,Tables II-III,atten_dsr,VP026,SingLEM,LUNA,0.8194444444444444,0.7777777777777778,0.041666666667,,
strict_svm,Tables II-III,atten_dsr,VP001,SingLEM,CSP,0.6666666666666666,0.5833333333333334,0.083333333333,,
strict_svm,Tables II-III,atten_dsr,VP002,SingLEM,CSP,0.7222222222222222,0.5,0.222222222222,,
strict_svm,Tables II-III,atten_dsr,VP003,SingLEM,CSP,0.9027777777777778,0.625,0.277777777778,,
strict_svm,Tables II-III,atten_dsr,VP004,SingLEM,CSP,0.8055555555555556,0.5138888888888888,0.291666666667,,
strict_svm,Tables II-III,atten_dsr,VP005,SingLEM,CSP,0.7916666666666666,0.5972222222222222,0.194444444444,,
strict_svm,Tables II-III,atten_dsr,VP006,SingLEM,CSP,0.8055555555555556,0.6111111111111112,0.194444444444,,
strict_svm,Tables II-III,atten_dsr,VP007,SingLEM,CSP,0.8888888888888888,0.6111111111111112,0.277777777778,,
strict_svm,Tables II-III,atten_dsr,VP008,SingLEM,CSP,0.9444444444444444,0.5416666666666666,0.402777777778,,
strict_svm,Tables II-III,atten_dsr,VP009,SingLEM,CSP,0.9305555555555556,0.5277777777777778,0.402777777778,,
strict_svm,Tables II-III,atten_dsr,VP010,SingLEM,CSP,0.7916666666666666,0.6111111111111112,0.180555555556,,
strict_svm,Tables II-III,atten_dsr,VP011,SingLEM,CSP,0.7361111111111112,0.5,0.236111111111,,
strict_svm,Tables II-III,atten_dsr,VP012,SingLEM,CSP,1.0,0.5,0.5,,
strict_svm,Tables II-III,atten_dsr,VP013,SingLEM,CSP,0.8888888888888888,0.5972222222222222,0.291666666667,,
strict_svm,Tables II-III,atten_dsr,VP014,SingLEM,CSP,0.9722222222222222,0.8055555555555556,0.166666666667,,
strict_svm,Tables II-III,atten_dsr,VP015,SingLEM,CSP,0.875,0.6388888888888888,0.236111111111,,
strict_svm,Tables II-III,atten_dsr,VP016,SingLEM,CSP,0.9722222222222222,0.5138888888888888,0.458333333333,,
strict_svm,Tables II-III,atten_dsr,VP017,SingLEM,CSP,0.7916666666666666,0.6111111111111112,0.180555555556,,
strict_svm,Tables II-III,atten_dsr,VP018,SingLEM,CSP,0.8888888888888888,0.5277777777777778,0.361111111111,,
strict_svm,Tables II-III,atten_dsr,VP019,SingLEM,CSP,0.8888888888888888,0.5,0.388888888889,,
strict_svm,Tables II-III,atten_dsr,VP020,SingLEM,CSP,0.8333333333333334,0.5,0.333333333333,,
strict_svm,Tables II-III,atten_dsr,VP021,SingLEM,CSP,0.9444444444444444,0.5277777777777778,0.416666666667,,
strict_svm,Tables II-III,atten_dsr,VP022,SingLEM,CSP,0.8611111111111112,0.4722222222222222,0.388888888889,,
strict_svm,Tables II-III,atten_dsr,VP023,SingLEM,CSP,0.8055555555555556,0.625,0.180555555556,,
strict_svm,Tables II-III,atten_dsr,VP024,SingLEM,CSP,0.7638888888888888,0.5277777777777778,0.236111111111,,
strict_svm,Tables II-III,atten_dsr,VP025,SingLEM,CSP,0.9861111111111112,0.7222222222222222,0.263888888889,,
strict_svm,Tables II-III,atten_dsr,VP026,SingLEM,CSP,0.8194444444444444,0.375,0.444444444444,,
strict_svm,Tables II-III,atten_dsr,VP001,SingLEM,Welch PSD,0.6666666666666666,0.6944444444444444,-0.027777777778,,
strict_svm,Tables II-III,atten_dsr,VP002,SingLEM,Welch PSD,0.7222222222222222,0.5416666666666666,0.180555555556,,
strict_svm,Tables II-III,atten_dsr,VP003,SingLEM,Welch PSD,0.9027777777777778,0.7222222222222222,0.180555555556,,
strict_svm,Tables II-III,atten_dsr,VP004,SingLEM,Welch PSD,0.8055555555555556,0.5416666666666666,0.263888888889,,
strict_svm,Tables II-III,atten_dsr,VP005,SingLEM,Welch PSD,0.7916666666666666,0.7638888888888888,0.027777777778,,
strict_svm,Tables II-III,atten_dsr,VP006,SingLEM,Welch PSD,0.8055555555555556,0.5694444444444444,0.236111111111,,
strict_svm,Tables II-III,atten_dsr,VP007,SingLEM,Welch PSD,0.8888888888888888,0.5277777777777778,0.361111111111,,
strict_svm,Tables II-III,atten_dsr,VP008,SingLEM,Welch PSD,0.9444444444444444,0.7361111111111112,0.208333333333,,
strict_svm,Tables II-III,atten_dsr,VP009,SingLEM,Welch PSD,0.9305555555555556,0.5138888888888888,0.416666666667,,
strict_svm,Tables II-III,atten_dsr,VP010,SingLEM,Welch PSD,0.7916666666666666,0.625,0.166666666667,,
strict_svm,Tables II-III,atten_dsr,VP011,SingLEM,Welch PSD,0.7361111111111112,0.5,0.236111111111,,
strict_svm,Tables II-III,atten_dsr,VP012,SingLEM,Welch PSD,1.0,0.7916666666666666,0.208333333333,,
strict_svm,Tables II-III,atten_dsr,VP013,SingLEM,Welch PSD,0.8888888888888888,0.6388888888888888,0.25,,
strict_svm,Tables II-III,atten_dsr,VP014,SingLEM,Welch PSD,0.9722222222222222,0.6666666666666666,0.305555555556,,
strict_svm,Tables II-III,atten_dsr,VP015,SingLEM,Welch PSD,0.875,0.7083333333333334,0.166666666667,,
strict_svm,Tables II-III,atten_dsr,VP016,SingLEM,Welch PSD,0.9722222222222222,0.4861111111111111,0.486111111111,,
strict_svm,Tables II-III,atten_dsr,VP017,SingLEM,Welch PSD,0.7916666666666666,0.6666666666666666,0.125,,
strict_svm,Tables II-III,atten_dsr,VP018,SingLEM,Welch PSD,0.8888888888888888,0.5555555555555556,0.333333333333,,
strict_svm,Tables II-III,atten_dsr,VP019,SingLEM,Welch PSD,0.8888888888888888,0.6111111111111112,0.277777777778,,
strict_svm,Tables II-III,atten_dsr,VP020,SingLEM,Welch PSD,0.8333333333333334,0.5694444444444444,0.263888888889,,
strict_svm,Tables II-III,atten_dsr,VP021,SingLEM,Welch PSD,0.9444444444444444,0.5277777777777778,0.416666666667,,
strict_svm,Tables II-III,atten_dsr,VP022,SingLEM,Welch PSD,0.8611111111111112,0.5833333333333334,0.277777777778,,
strict_svm,Tables II-III,atten_dsr,VP023,SingLEM,Welch PSD,0.8055555555555556,0.6388888888888888,0.166666666667,,
strict_svm,Tables II-III,atten_dsr,VP024,SingLEM,Welch PSD,0.7638888888888888,0.5138888888888888,0.25,,
strict_svm,Tables II-III,atten_dsr,VP025,SingLEM,Welch PSD,0.9861111111111112,0.8055555555555556,0.180555555556,,
strict_svm,Tables II-III,atten_dsr,VP026,SingLEM,Welch PSD,0.8194444444444444,0.6944444444444444,0.125,,
strict_svm,Tables II-III,atten_word,VP001,SingLEM,BENDR,0.6333333333333333,0.4166666666666667,0.216666666667,,
strict_svm,Tables II-III,atten_word,VP002,SingLEM,BENDR,0.7333333333333333,0.5666666666666667,0.166666666667,,
strict_svm,Tables II-III,atten_word,VP003,SingLEM,BENDR,0.6666666666666666,0.6166666666666667,0.05,,
strict_svm,Tables II-III,atten_word,VP004,SingLEM,BENDR,0.5166666666666667,0.4666666666666667,0.05,,
strict_svm,Tables II-III,atten_word,VP005,SingLEM,BENDR,0.7666666666666667,0.45,0.316666666667,,
strict_svm,Tables II-III,atten_word,VP006,SingLEM,BENDR,0.8666666666666667,0.4,0.466666666667,,
strict_svm,Tables II-III,atten_word,VP007,SingLEM,BENDR,0.7333333333333333,0.5,0.233333333333,,
strict_svm,Tables II-III,atten_word,VP008,SingLEM,BENDR,0.6833333333333333,0.35,0.333333333333,,
strict_svm,Tables II-III,atten_word,VP009,SingLEM,BENDR,0.65,0.5666666666666667,0.083333333333,,
strict_svm,Tables II-III,atten_word,VP010,SingLEM,BENDR,0.6166666666666667,0.48333333333333334,0.133333333333,,
strict_svm,Tables II-III,atten_word,VP011,SingLEM,BENDR,0.6666666666666666,0.55,0.116666666667,,
strict_svm,Tables II-III,atten_word,VP012,SingLEM,BENDR,0.6166666666666667,0.5833333333333334,0.033333333333,,
strict_svm,Tables II-III,atten_word,VP013,SingLEM,BENDR,0.7333333333333333,0.5166666666666667,0.216666666667,,
strict_svm,Tables II-III,atten_word,VP014,SingLEM,BENDR,0.75,0.6333333333333333,0.116666666667,,
strict_svm,Tables II-III,atten_word,VP015,SingLEM,BENDR,0.65,0.6166666666666667,0.033333333333,,
strict_svm,Tables II-III,atten_word,VP016,SingLEM,BENDR,0.8833333333333333,0.45,0.433333333333,,
strict_svm,Tables II-III,atten_word,VP017,SingLEM,BENDR,0.7666666666666667,0.36666666666666664,0.4,,
strict_svm,Tables II-III,atten_word,VP018,SingLEM,BENDR,0.6,0.3,0.3,,
strict_svm,Tables II-III,atten_word,VP019,SingLEM,BENDR,0.7166666666666667,0.65,0.066666666667,,
strict_svm,Tables II-III,atten_word,VP020,SingLEM,BENDR,0.75,0.4666666666666667,0.283333333333,,
strict_svm,Tables II-III,atten_word,VP021,SingLEM,BENDR,0.8166666666666667,0.6,0.216666666667,,
strict_svm,Tables II-III,atten_word,VP022,SingLEM,BENDR,0.6333333333333333,0.45,0.183333333333,,
strict_svm,Tables II-III,atten_word,VP023,SingLEM,BENDR,0.6666666666666666,0.5333333333333333,0.133333333333,,
strict_svm,Tables II-III,atten_word,VP024,SingLEM,BENDR,0.6833333333333333,0.45,0.233333333333,,
strict_svm,Tables II-III,atten_word,VP025,SingLEM,BENDR,0.7166666666666667,0.48333333333333334,0.233333333333,,
strict_svm,Tables II-III,atten_word,VP026,SingLEM,BENDR,0.75,0.5333333333333333,0.216666666667,,
strict_svm,Tables II-III,atten_word,VP001,SingLEM,BIOT,0.6333333333333333,0.7,-0.066666666667,,
strict_svm,Tables II-III,atten_word,VP002,SingLEM,BIOT,0.7333333333333333,0.75,-0.016666666667,,
strict_svm,Tables II-III,atten_word,VP003,SingLEM,BIOT,0.6666666666666666,0.5333333333333333,0.133333333333,,
strict_svm,Tables II-III,atten_word,VP004,SingLEM,BIOT,0.5166666666666667,0.5,0.016666666667,,
strict_svm,Tables II-III,atten_word,VP005,SingLEM,BIOT,0.7666666666666667,0.6,0.166666666667,,
strict_svm,Tables II-III,atten_word,VP006,SingLEM,BIOT,0.8666666666666667,0.5333333333333333,0.333333333333,,
strict_svm,Tables II-III,atten_word,VP007,SingLEM,BIOT,0.7333333333333333,0.5333333333333333,0.2,,
strict_svm,Tables II-III,atten_word,VP008,SingLEM,BIOT,0.6833333333333333,0.6,0.083333333333,,
strict_svm,Tables II-III,atten_word,VP009,SingLEM,BIOT,0.65,0.5833333333333334,0.066666666667,,
strict_svm,Tables II-III,atten_word,VP010,SingLEM,BIOT,0.6166666666666667,0.48333333333333334,0.133333333333,,
strict_svm,Tables II-III,atten_word,VP011,SingLEM,BIOT,0.6666666666666666,0.5,0.166666666667,,
strict_svm,Tables II-III,atten_word,VP012,SingLEM,BIOT,0.6166666666666667,0.6833333333333333,-0.066666666667,,
strict_svm,Tables II-III,atten_word,VP013,SingLEM,BIOT,0.7333333333333333,0.5666666666666667,0.166666666667,,
strict_svm,Tables II-III,atten_word,VP014,SingLEM,BIOT,0.75,0.5333333333333333,0.216666666667,,
strict_svm,Tables II-III,atten_word,VP015,SingLEM,BIOT,0.65,0.6,0.05,,
strict_svm,Tables II-III,atten_word,VP016,SingLEM,BIOT,0.8833333333333333,0.6833333333333333,0.2,,
strict_svm,Tables II-III,atten_word,VP017,SingLEM,BIOT,0.7666666666666667,0.6,0.166666666667,,
strict_svm,Tables II-III,atten_word,VP018,SingLEM,BIOT,0.6,0.4,0.2,,
strict_svm,Tables II-III,atten_word,VP019,SingLEM,BIOT,0.7166666666666667,0.55,0.166666666667,,
strict_svm,Tables II-III,atten_word,VP020,SingLEM,BIOT,0.75,0.5833333333333334,0.166666666667,,
strict_svm,Tables II-III,atten_word,VP021,SingLEM,BIOT,0.8166666666666667,0.5333333333333333,0.283333333333,,
strict_svm,Tables II-III,atten_word,VP022,SingLEM,BIOT,0.6333333333333333,0.5166666666666667,0.116666666667,,
strict_svm,Tables II-III,atten_word,VP023,SingLEM,BIOT,0.6666666666666666,0.5166666666666667,0.15,,
strict_svm,Tables II-III,atten_word,VP024,SingLEM,BIOT,0.6833333333333333,0.6666666666666666,0.016666666667,,
strict_svm,Tables II-III,atten_word,VP025,SingLEM,BIOT,0.7166666666666667,0.5,0.216666666667,,
strict_svm,Tables II-III,atten_word,VP026,SingLEM,BIOT,0.75,0.6166666666666667,0.133333333333,,
strict_svm,Tables II-III,atten_word,VP001,SingLEM,LaBraM,0.6333333333333333,0.7166666666666667,-0.083333333333,,
strict_svm,Tables II-III,atten_word,VP002,SingLEM,LaBraM,0.7333333333333333,0.6166666666666667,0.116666666667,,
strict_svm,Tables II-III,atten_word,VP003,SingLEM,LaBraM,0.6666666666666666,0.6,0.066666666667,,
strict_svm,Tables II-III,atten_word,VP004,SingLEM,LaBraM,0.5166666666666667,0.6166666666666667,-0.1,,
strict_svm,Tables II-III,atten_word,VP005,SingLEM,LaBraM,0.7666666666666667,0.43333333333333335,0.333333333333,,
strict_svm,Tables II-III,atten_word,VP006,SingLEM,LaBraM,0.8666666666666667,0.6666666666666666,0.2,,
strict_svm,Tables II-III,atten_word,VP007,SingLEM,LaBraM,0.7333333333333333,0.7,0.033333333333,,
strict_svm,Tables II-III,atten_word,VP008,SingLEM,LaBraM,0.6833333333333333,0.55,0.133333333333,,
strict_svm,Tables II-III,atten_word,VP009,SingLEM,LaBraM,0.65,0.6666666666666666,-0.016666666667,,
strict_svm,Tables II-III,atten_word,VP010,SingLEM,LaBraM,0.6166666666666667,0.45,0.166666666667,,
strict_svm,Tables II-III,atten_word,VP011,SingLEM,LaBraM,0.6666666666666666,0.5,0.166666666667,,
strict_svm,Tables II-III,atten_word,VP012,SingLEM,LaBraM,0.6166666666666667,0.7166666666666667,-0.1,,
strict_svm,Tables II-III,atten_word,VP013,SingLEM,LaBraM,0.7333333333333333,0.7333333333333333,0.0,,
strict_svm,Tables II-III,atten_word,VP014,SingLEM,LaBraM,0.75,0.7333333333333333,0.016666666667,,
strict_svm,Tables II-III,atten_word,VP015,SingLEM,LaBraM,0.65,0.6166666666666667,0.033333333333,,
strict_svm,Tables II-III,atten_word,VP016,SingLEM,LaBraM,0.8833333333333333,0.6166666666666667,0.266666666667,,
strict_svm,Tables II-III,atten_word,VP017,SingLEM,LaBraM,0.7666666666666667,0.4666666666666667,0.3,,
strict_svm,Tables II-III,atten_word,VP018,SingLEM,LaBraM,0.6,0.5333333333333333,0.066666666667,,
strict_svm,Tables II-III,atten_word,VP019,SingLEM,LaBraM,0.7166666666666667,0.7333333333333333,-0.016666666667,,
strict_svm,Tables II-III,atten_word,VP020,SingLEM,LaBraM,0.75,0.6833333333333333,0.066666666667,,
strict_svm,Tables II-III,atten_word,VP021,SingLEM,LaBraM,0.8166666666666667,0.6166666666666667,0.2,,
strict_svm,Tables II-III,atten_word,VP022,SingLEM,LaBraM,0.6333333333333333,0.6,0.033333333333,,
strict_svm,Tables II-III,atten_word,VP023,SingLEM,LaBraM,0.6666666666666666,0.6333333333333333,0.033333333333,,
strict_svm,Tables II-III,atten_word,VP024,SingLEM,LaBraM,0.6833333333333333,0.5333333333333333,0.15,,
strict_svm,Tables II-III,atten_word,VP025,SingLEM,LaBraM,0.7166666666666667,0.6666666666666666,0.05,,
strict_svm,Tables II-III,atten_word,VP026,SingLEM,LaBraM,0.75,0.6,0.15,,
strict_svm,Tables II-III,atten_word,VP001,SingLEM,CBraMod,0.6333333333333333,0.65,-0.016666666667,,
strict_svm,Tables II-III,atten_word,VP002,SingLEM,CBraMod,0.7333333333333333,0.7833333333333333,-0.05,,
strict_svm,Tables II-III,atten_word,VP003,SingLEM,CBraMod,0.6666666666666666,0.6666666666666666,0.0,,
strict_svm,Tables II-III,atten_word,VP004,SingLEM,CBraMod,0.5166666666666667,0.5666666666666667,-0.05,,
strict_svm,Tables II-III,atten_word,VP005,SingLEM,CBraMod,0.7666666666666667,0.6333333333333333,0.133333333333,,
strict_svm,Tables II-III,atten_word,VP006,SingLEM,CBraMod,0.8666666666666667,0.8333333333333334,0.033333333333,,
strict_svm,Tables II-III,atten_word,VP007,SingLEM,CBraMod,0.7333333333333333,0.75,-0.016666666667,,
strict_svm,Tables II-III,atten_word,VP008,SingLEM,CBraMod,0.6833333333333333,0.5333333333333333,0.15,,
strict_svm,Tables II-III,atten_word,VP009,SingLEM,CBraMod,0.65,0.6833333333333333,-0.033333333333,,
strict_svm,Tables II-III,atten_word,VP010,SingLEM,CBraMod,0.6166666666666667,0.6333333333333333,-0.016666666667,,
strict_svm,Tables II-III,atten_word,VP011,SingLEM,CBraMod,0.6666666666666666,0.6166666666666667,0.05,,
strict_svm,Tables II-III,atten_word,VP012,SingLEM,CBraMod,0.6166666666666667,0.7,-0.083333333333,,
strict_svm,Tables II-III,atten_word,VP013,SingLEM,CBraMod,0.7333333333333333,0.7166666666666667,0.016666666667,,
strict_svm,Tables II-III,atten_word,VP014,SingLEM,CBraMod,0.75,0.85,-0.1,,
strict_svm,Tables II-III,atten_word,VP015,SingLEM,CBraMod,0.65,0.7333333333333333,-0.083333333333,,
strict_svm,Tables II-III,atten_word,VP016,SingLEM,CBraMod,0.8833333333333333,0.7833333333333333,0.1,,
strict_svm,Tables II-III,atten_word,VP017,SingLEM,CBraMod,0.7666666666666667,0.6,0.166666666667,,
strict_svm,Tables II-III,atten_word,VP018,SingLEM,CBraMod,0.6,0.6333333333333333,-0.033333333333,,
strict_svm,Tables II-III,atten_word,VP019,SingLEM,CBraMod,0.7166666666666667,0.75,-0.033333333333,,
strict_svm,Tables II-III,atten_word,VP020,SingLEM,CBraMod,0.75,0.8333333333333334,-0.083333333333,,
strict_svm,Tables II-III,atten_word,VP021,SingLEM,CBraMod,0.8166666666666667,0.65,0.166666666667,,
strict_svm,Tables II-III,atten_word,VP022,SingLEM,CBraMod,0.6333333333333333,0.7833333333333333,-0.15,,
strict_svm,Tables II-III,atten_word,VP023,SingLEM,CBraMod,0.6666666666666666,0.6333333333333333,0.033333333333,,
strict_svm,Tables II-III,atten_word,VP024,SingLEM,CBraMod,0.6833333333333333,0.7,-0.016666666667,,
strict_svm,Tables II-III,atten_word,VP025,SingLEM,CBraMod,0.7166666666666667,0.7333333333333333,-0.016666666667,,
strict_svm,Tables II-III,atten_word,VP026,SingLEM,CBraMod,0.75,0.7333333333333333,0.016666666667,,
strict_svm,Tables II-III,atten_word,VP001,SingLEM,CodeBrain,0.6333333333333333,0.7,-0.066666666667,,
strict_svm,Tables II-III,atten_word,VP002,SingLEM,CodeBrain,0.7333333333333333,0.8,-0.066666666667,,
strict_svm,Tables II-III,atten_word,VP003,SingLEM,CodeBrain,0.6666666666666666,0.55,0.116666666667,,
strict_svm,Tables II-III,atten_word,VP004,SingLEM,CodeBrain,0.5166666666666667,0.6166666666666667,-0.1,,
strict_svm,Tables II-III,atten_word,VP005,SingLEM,CodeBrain,0.7666666666666667,0.5833333333333334,0.183333333333,,
strict_svm,Tables II-III,atten_word,VP006,SingLEM,CodeBrain,0.8666666666666667,0.7666666666666667,0.1,,
strict_svm,Tables II-III,atten_word,VP007,SingLEM,CodeBrain,0.7333333333333333,0.75,-0.016666666667,,
strict_svm,Tables II-III,atten_word,VP008,SingLEM,CodeBrain,0.6833333333333333,0.48333333333333334,0.2,,
strict_svm,Tables II-III,atten_word,VP009,SingLEM,CodeBrain,0.65,0.6666666666666666,-0.016666666667,,
strict_svm,Tables II-III,atten_word,VP010,SingLEM,CodeBrain,0.6166666666666667,0.6833333333333333,-0.066666666667,,
strict_svm,Tables II-III,atten_word,VP011,SingLEM,CodeBrain,0.6666666666666666,0.5,0.166666666667,,
strict_svm,Tables II-III,atten_word,VP012,SingLEM,CodeBrain,0.6166666666666667,0.6833333333333333,-0.066666666667,,
strict_svm,Tables II-III,atten_word,VP013,SingLEM,CodeBrain,0.7333333333333333,0.6833333333333333,0.05,,
strict_svm,Tables II-III,atten_word,VP014,SingLEM,CodeBrain,0.75,0.75,0.0,,
strict_svm,Tables II-III,atten_word,VP015,SingLEM,CodeBrain,0.65,0.65,0.0,,
strict_svm,Tables II-III,atten_word,VP016,SingLEM,CodeBrain,0.8833333333333333,0.6833333333333333,0.2,,
strict_svm,Tables II-III,atten_word,VP017,SingLEM,CodeBrain,0.7666666666666667,0.5333333333333333,0.233333333333,,
strict_svm,Tables II-III,atten_word,VP018,SingLEM,CodeBrain,0.6,0.5666666666666667,0.033333333333,,
strict_svm,Tables II-III,atten_word,VP019,SingLEM,CodeBrain,0.7166666666666667,0.75,-0.033333333333,,
strict_svm,Tables II-III,atten_word,VP020,SingLEM,CodeBrain,0.75,0.8166666666666667,-0.066666666667,,
strict_svm,Tables II-III,atten_word,VP021,SingLEM,CodeBrain,0.8166666666666667,0.6333333333333333,0.183333333333,,
strict_svm,Tables II-III,atten_word,VP022,SingLEM,CodeBrain,0.6333333333333333,0.8333333333333334,-0.2,,
strict_svm,Tables II-III,atten_word,VP023,SingLEM,CodeBrain,0.6666666666666666,0.5833333333333334,0.083333333333,,
strict_svm,Tables II-III,atten_word,VP024,SingLEM,CodeBrain,0.6833333333333333,0.5833333333333334,0.1,,
strict_svm,Tables II-III,atten_word,VP025,SingLEM,CodeBrain,0.7166666666666667,0.6666666666666666,0.05,,
strict_svm,Tables II-III,atten_word,VP026,SingLEM,CodeBrain,0.75,0.7333333333333333,0.016666666667,,
strict_svm,Tables II-III,atten_word,VP001,SingLEM,CSBrain,0.6333333333333333,0.75,-0.116666666667,,
strict_svm,Tables II-III,atten_word,VP002,SingLEM,CSBrain,0.7333333333333333,0.7333333333333333,0.0,,
strict_svm,Tables II-III,atten_word,VP003,SingLEM,CSBrain,0.6666666666666666,0.6833333333333333,-0.016666666667,,
strict_svm,Tables II-III,atten_word,VP004,SingLEM,CSBrain,0.5166666666666667,0.55,-0.033333333333,,
strict_svm,Tables II-III,atten_word,VP005,SingLEM,CSBrain,0.7666666666666667,0.65,0.116666666667,,
strict_svm,Tables II-III,atten_word,VP006,SingLEM,CSBrain,0.8666666666666667,0.8333333333333334,0.033333333333,,
strict_svm,Tables II-III,atten_word,VP007,SingLEM,CSBrain,0.7333333333333333,0.7,0.033333333333,,
strict_svm,Tables II-III,atten_word,VP008,SingLEM,CSBrain,0.6833333333333333,0.6333333333333333,0.05,,
strict_svm,Tables II-III,atten_word,VP009,SingLEM,CSBrain,0.65,0.7666666666666667,-0.116666666667,,
strict_svm,Tables II-III,atten_word,VP010,SingLEM,CSBrain,0.6166666666666667,0.6,0.016666666667,,
strict_svm,Tables II-III,atten_word,VP011,SingLEM,CSBrain,0.6666666666666666,0.6,0.066666666667,,
strict_svm,Tables II-III,atten_word,VP012,SingLEM,CSBrain,0.6166666666666667,0.5666666666666667,0.05,,
strict_svm,Tables II-III,atten_word,VP013,SingLEM,CSBrain,0.7333333333333333,0.7,0.033333333333,,
strict_svm,Tables II-III,atten_word,VP014,SingLEM,CSBrain,0.75,0.7666666666666667,-0.016666666667,,
strict_svm,Tables II-III,atten_word,VP015,SingLEM,CSBrain,0.65,0.65,0.0,,
strict_svm,Tables II-III,atten_word,VP016,SingLEM,CSBrain,0.8833333333333333,0.75,0.133333333333,,
strict_svm,Tables II-III,atten_word,VP017,SingLEM,CSBrain,0.7666666666666667,0.6,0.166666666667,,
strict_svm,Tables II-III,atten_word,VP018,SingLEM,CSBrain,0.6,0.6833333333333333,-0.083333333333,,
strict_svm,Tables II-III,atten_word,VP019,SingLEM,CSBrain,0.7166666666666667,0.6833333333333333,0.033333333333,,
strict_svm,Tables II-III,atten_word,VP020,SingLEM,CSBrain,0.75,0.7833333333333333,-0.033333333333,,
strict_svm,Tables II-III,atten_word,VP021,SingLEM,CSBrain,0.8166666666666667,0.7666666666666667,0.05,,
strict_svm,Tables II-III,atten_word,VP022,SingLEM,CSBrain,0.6333333333333333,0.6333333333333333,0.0,,
strict_svm,Tables II-III,atten_word,VP023,SingLEM,CSBrain,0.6666666666666666,0.55,0.116666666667,,
strict_svm,Tables II-III,atten_word,VP024,SingLEM,CSBrain,0.6833333333333333,0.6333333333333333,0.05,,
strict_svm,Tables II-III,atten_word,VP025,SingLEM,CSBrain,0.7166666666666667,0.6833333333333333,0.033333333333,,
strict_svm,Tables II-III,atten_word,VP026,SingLEM,CSBrain,0.75,0.7333333333333333,0.016666666667,,
strict_svm,Tables II-III,atten_word,VP001,SingLEM,LUNA,0.6333333333333333,0.65,-0.016666666667,,
strict_svm,Tables II-III,atten_word,VP002,SingLEM,LUNA,0.7333333333333333,0.7333333333333333,0.0,,
strict_svm,Tables II-III,atten_word,VP003,SingLEM,LUNA,0.6666666666666666,0.5833333333333334,0.083333333333,,
strict_svm,Tables II-III,atten_word,VP004,SingLEM,LUNA,0.5166666666666667,0.48333333333333334,0.033333333333,,
strict_svm,Tables II-III,atten_word,VP005,SingLEM,LUNA,0.7666666666666667,0.48333333333333334,0.283333333333,,
strict_svm,Tables II-III,atten_word,VP006,SingLEM,LUNA,0.8666666666666667,0.6333333333333333,0.233333333333,,
strict_svm,Tables II-III,atten_word,VP007,SingLEM,LUNA,0.7333333333333333,0.7166666666666667,0.016666666667,,
strict_svm,Tables II-III,atten_word,VP008,SingLEM,LUNA,0.6833333333333333,0.5166666666666667,0.166666666667,,
strict_svm,Tables II-III,atten_word,VP009,SingLEM,LUNA,0.65,0.6333333333333333,0.016666666667,,
strict_svm,Tables II-III,atten_word,VP010,SingLEM,LUNA,0.6166666666666667,0.48333333333333334,0.133333333333,,
strict_svm,Tables II-III,atten_word,VP011,SingLEM,LUNA,0.6666666666666666,0.48333333333333334,0.183333333333,,
strict_svm,Tables II-III,atten_word,VP012,SingLEM,LUNA,0.6166666666666667,0.65,-0.033333333333,,
strict_svm,Tables II-III,atten_word,VP013,SingLEM,LUNA,0.7333333333333333,0.6333333333333333,0.1,,
strict_svm,Tables II-III,atten_word,VP014,SingLEM,LUNA,0.75,0.75,0.0,,
strict_svm,Tables II-III,atten_word,VP015,SingLEM,LUNA,0.65,0.45,0.2,,
strict_svm,Tables II-III,atten_word,VP016,SingLEM,LUNA,0.8833333333333333,0.5666666666666667,0.316666666667,,
strict_svm,Tables II-III,atten_word,VP017,SingLEM,LUNA,0.7666666666666667,0.5,0.266666666667,,
strict_svm,Tables II-III,atten_word,VP018,SingLEM,LUNA,0.6,0.48333333333333334,0.116666666667,,
strict_svm,Tables II-III,atten_word,VP019,SingLEM,LUNA,0.7166666666666667,0.6,0.116666666667,,
strict_svm,Tables II-III,atten_word,VP020,SingLEM,LUNA,0.75,0.75,0.0,,
strict_svm,Tables II-III,atten_word,VP021,SingLEM,LUNA,0.8166666666666667,0.4166666666666667,0.4,,
strict_svm,Tables II-III,atten_word,VP022,SingLEM,LUNA,0.6333333333333333,0.6166666666666667,0.016666666667,,
strict_svm,Tables II-III,atten_word,VP023,SingLEM,LUNA,0.6666666666666666,0.55,0.116666666667,,
strict_svm,Tables II-III,atten_word,VP024,SingLEM,LUNA,0.6833333333333333,0.6,0.083333333333,,
strict_svm,Tables II-III,atten_word,VP025,SingLEM,LUNA,0.7166666666666667,0.5833333333333334,0.133333333333,,
strict_svm,Tables II-III,atten_word,VP026,SingLEM,LUNA,0.75,0.6833333333333333,0.066666666667,,
strict_svm,Tables II-III,atten_word,VP001,SingLEM,CSP,0.6333333333333333,0.5166666666666667,0.116666666667,,
strict_svm,Tables II-III,atten_word,VP002,SingLEM,CSP,0.7333333333333333,0.6333333333333333,0.1,,
strict_svm,Tables II-III,atten_word,VP003,SingLEM,CSP,0.6666666666666666,0.6,0.066666666667,,
strict_svm,Tables II-III,atten_word,VP004,SingLEM,CSP,0.5166666666666667,0.7,-0.183333333333,,
strict_svm,Tables II-III,atten_word,VP005,SingLEM,CSP,0.7666666666666667,0.5,0.266666666667,,
strict_svm,Tables II-III,atten_word,VP006,SingLEM,CSP,0.8666666666666667,0.48333333333333334,0.383333333333,,
strict_svm,Tables II-III,atten_word,VP007,SingLEM,CSP,0.7333333333333333,0.48333333333333334,0.25,,
strict_svm,Tables II-III,atten_word,VP008,SingLEM,CSP,0.6833333333333333,0.6166666666666667,0.066666666667,,
strict_svm,Tables II-III,atten_word,VP009,SingLEM,CSP,0.65,0.4666666666666667,0.183333333333,,
strict_svm,Tables II-III,atten_word,VP010,SingLEM,CSP,0.6166666666666667,0.6,0.016666666667,,
strict_svm,Tables II-III,atten_word,VP011,SingLEM,CSP,0.6666666666666666,0.5166666666666667,0.15,,
strict_svm,Tables II-III,atten_word,VP012,SingLEM,CSP,0.6166666666666667,0.7166666666666667,-0.1,,
strict_svm,Tables II-III,atten_word,VP013,SingLEM,CSP,0.7333333333333333,0.4666666666666667,0.266666666667,,
strict_svm,Tables II-III,atten_word,VP014,SingLEM,CSP,0.75,0.5333333333333333,0.216666666667,,
strict_svm,Tables II-III,atten_word,VP015,SingLEM,CSP,0.65,0.5,0.15,,
strict_svm,Tables II-III,atten_word,VP016,SingLEM,CSP,0.8833333333333333,0.4166666666666667,0.466666666667,,
strict_svm,Tables II-III,atten_word,VP017,SingLEM,CSP,0.7666666666666667,0.4666666666666667,0.3,,
strict_svm,Tables II-III,atten_word,VP018,SingLEM,CSP,0.6,0.4666666666666667,0.133333333333,,
strict_svm,Tables II-III,atten_word,VP019,SingLEM,CSP,0.7166666666666667,0.43333333333333335,0.283333333333,,
strict_svm,Tables II-III,atten_word,VP020,SingLEM,CSP,0.75,0.5166666666666667,0.233333333333,,
strict_svm,Tables II-III,atten_word,VP021,SingLEM,CSP,0.8166666666666667,0.5333333333333333,0.283333333333,,
strict_svm,Tables II-III,atten_word,VP022,SingLEM,CSP,0.6333333333333333,0.8333333333333334,-0.2,,
strict_svm,Tables II-III,atten_word,VP023,SingLEM,CSP,0.6666666666666666,0.5166666666666667,0.15,,
strict_svm,Tables II-III,atten_word,VP024,SingLEM,CSP,0.6833333333333333,0.4166666666666667,0.266666666667,,
strict_svm,Tables II-III,atten_word,VP025,SingLEM,CSP,0.7166666666666667,0.55,0.166666666667,,
strict_svm,Tables II-III,atten_word,VP026,SingLEM,CSP,0.75,0.43333333333333335,0.316666666667,,
strict_svm,Tables II-III,atten_word,VP001,SingLEM,Welch PSD,0.6333333333333333,0.5166666666666667,0.116666666667,,
strict_svm,Tables II-III,atten_word,VP002,SingLEM,Welch PSD,0.7333333333333333,0.5666666666666667,0.166666666667,,
strict_svm,Tables II-III,atten_word,VP003,SingLEM,Welch PSD,0.6666666666666666,0.6666666666666666,0.0,,
strict_svm,Tables II-III,atten_word,VP004,SingLEM,Welch PSD,0.5166666666666667,0.7,-0.183333333333,,
strict_svm,Tables II-III,atten_word,VP005,SingLEM,Welch PSD,0.7666666666666667,0.5,0.266666666667,,
strict_svm,Tables II-III,atten_word,VP006,SingLEM,Welch PSD,0.8666666666666667,0.75,0.116666666667,,
strict_svm,Tables II-III,atten_word,VP007,SingLEM,Welch PSD,0.7333333333333333,0.5,0.233333333333,,
strict_svm,Tables II-III,atten_word,VP008,SingLEM,Welch PSD,0.6833333333333333,0.5833333333333334,0.1,,
strict_svm,Tables II-III,atten_word,VP009,SingLEM,Welch PSD,0.65,0.75,-0.1,,
strict_svm,Tables II-III,atten_word,VP010,SingLEM,Welch PSD,0.6166666666666667,0.5666666666666667,0.05,,
strict_svm,Tables II-III,atten_word,VP011,SingLEM,Welch PSD,0.6666666666666666,0.48333333333333334,0.183333333333,,
strict_svm,Tables II-III,atten_word,VP012,SingLEM,Welch PSD,0.6166666666666667,0.6166666666666667,0.0,,
strict_svm,Tables II-III,atten_word,VP013,SingLEM,Welch PSD,0.7333333333333333,0.5,0.233333333333,,
strict_svm,Tables II-III,atten_word,VP014,SingLEM,Welch PSD,0.75,0.7,0.05,,
strict_svm,Tables II-III,atten_word,VP015,SingLEM,Welch PSD,0.65,0.65,0.0,,
strict_svm,Tables II-III,atten_word,VP016,SingLEM,Welch PSD,0.8833333333333333,0.7,0.183333333333,,
strict_svm,Tables II-III,atten_word,VP017,SingLEM,Welch PSD,0.7666666666666667,0.6333333333333333,0.133333333333,,
strict_svm,Tables II-III,atten_word,VP018,SingLEM,Welch PSD,0.6,0.5,0.1,,
strict_svm,Tables II-III,atten_word,VP019,SingLEM,Welch PSD,0.7166666666666667,0.5666666666666667,0.15,,
strict_svm,Tables II-III,atten_word,VP020,SingLEM,Welch PSD,0.75,0.7333333333333333,0.016666666667,,
strict_svm,Tables II-III,atten_word,VP021,SingLEM,Welch PSD,0.8166666666666667,0.5666666666666667,0.25,,
strict_svm,Tables II-III,atten_word,VP022,SingLEM,Welch PSD,0.6333333333333333,0.65,-0.016666666667,,
strict_svm,Tables II-III,atten_word,VP023,SingLEM,Welch PSD,0.6666666666666666,0.6666666666666666,0.0,,
strict_svm,Tables II-III,atten_word,VP024,SingLEM,Welch PSD,0.6833333333333333,0.6166666666666667,0.066666666667,,
strict_svm,Tables II-III,atten_word,VP025,SingLEM,Welch PSD,0.7166666666666667,0.6666666666666666,0.05,,
strict_svm,Tables II-III,atten_word,VP026,SingLEM,Welch PSD,0.75,0.6333333333333333,0.116666666667,,
strict_mlp_neural,Table IV,dreyer,B61,SingLEM,BENDR,0.875,0.5,0.375,,
strict_mlp_neural,Table IV,dreyer,B62,SingLEM,BENDR,0.65,0.5,0.15,,
strict_mlp_neural,Table IV,dreyer,B63,SingLEM,BENDR,0.65,0.5,0.15,,
strict_mlp_neural,Table IV,dreyer,B64,SingLEM,BENDR,0.68125,0.5,0.18125,,
strict_mlp_neural,Table IV,dreyer,B65,SingLEM,BENDR,0.81875,0.5,0.31875,,
strict_mlp_neural,Table IV,dreyer,B66,SingLEM,BENDR,0.74375,0.5,0.24375,,
strict_mlp_neural,Table IV,dreyer,B67,SingLEM,BENDR,0.875,0.5,0.375,,
strict_mlp_neural,Table IV,dreyer,B68,SingLEM,BENDR,0.68125,0.5,0.18125,,
strict_mlp_neural,Table IV,dreyer,B69,SingLEM,BENDR,0.725,0.5,0.225,,
strict_mlp_neural,Table IV,dreyer,B70,SingLEM,BENDR,0.725,0.5,0.225,,
strict_mlp_neural,Table IV,dreyer,B71,SingLEM,BENDR,0.7625,0.5,0.2625,,
strict_mlp_neural,Table IV,dreyer,B72,SingLEM,BENDR,0.825,0.5,0.325,,
strict_mlp_neural,Table IV,dreyer,B73,SingLEM,BENDR,0.71875,0.5,0.21875,,
strict_mlp_neural,Table IV,dreyer,B74,SingLEM,BENDR,0.60625,0.5,0.10625,,
strict_mlp_neural,Table IV,dreyer,B75,SingLEM,BENDR,0.725,0.5,0.225,,
strict_mlp_neural,Table IV,dreyer,B76,SingLEM,BENDR,0.68125,0.45625,0.225,,
strict_mlp_neural,Table IV,dreyer,B77,SingLEM,BENDR,0.78125,0.5,0.28125,,
strict_mlp_neural,Table IV,dreyer,B78,SingLEM,BENDR,0.5625,0.5125,0.05,,
strict_mlp_neural,Table IV,dreyer,B79,SingLEM,BENDR,0.875,0.5,0.375,,
strict_mlp_neural,Table IV,dreyer,B80,SingLEM,BENDR,0.6875,0.45,0.2375,,
strict_mlp_neural,Table IV,dreyer,B81,SingLEM,BENDR,0.8125,0.475,0.3375,,
strict_mlp_neural,Table IV,dreyer,B61,SingLEM,BIOT,0.875,0.51875,0.35625,,
strict_mlp_neural,Table IV,dreyer,B62,SingLEM,BIOT,0.65,0.525,0.125,,
strict_mlp_neural,Table IV,dreyer,B63,SingLEM,BIOT,0.65,0.55625,0.09375,,
strict_mlp_neural,Table IV,dreyer,B64,SingLEM,BIOT,0.68125,0.4625,0.21875,,
strict_mlp_neural,Table IV,dreyer,B65,SingLEM,BIOT,0.81875,0.59375,0.225,,
strict_mlp_neural,Table IV,dreyer,B66,SingLEM,BIOT,0.74375,0.4375,0.30625,,
strict_mlp_neural,Table IV,dreyer,B67,SingLEM,BIOT,0.875,0.45,0.425,,
strict_mlp_neural,Table IV,dreyer,B68,SingLEM,BIOT,0.68125,0.475,0.20625,,
strict_mlp_neural,Table IV,dreyer,B69,SingLEM,BIOT,0.725,0.58125,0.14375,,
strict_mlp_neural,Table IV,dreyer,B70,SingLEM,BIOT,0.725,0.4375,0.2875,,
strict_mlp_neural,Table IV,dreyer,B71,SingLEM,BIOT,0.7625,0.5,0.2625,,
strict_mlp_neural,Table IV,dreyer,B72,SingLEM,BIOT,0.825,0.5125,0.3125,,
strict_mlp_neural,Table IV,dreyer,B73,SingLEM,BIOT,0.71875,0.4875,0.23125,,
strict_mlp_neural,Table IV,dreyer,B74,SingLEM,BIOT,0.60625,0.5125,0.09375,,
strict_mlp_neural,Table IV,dreyer,B75,SingLEM,BIOT,0.725,0.48125,0.24375,,
strict_mlp_neural,Table IV,dreyer,B76,SingLEM,BIOT,0.68125,0.55625,0.125,,
strict_mlp_neural,Table IV,dreyer,B77,SingLEM,BIOT,0.78125,0.425,0.35625,,
strict_mlp_neural,Table IV,dreyer,B78,SingLEM,BIOT,0.5625,0.5875,-0.025,,
strict_mlp_neural,Table IV,dreyer,B79,SingLEM,BIOT,0.875,0.49375,0.38125,,
strict_mlp_neural,Table IV,dreyer,B80,SingLEM,BIOT,0.6875,0.41875,0.26875,,
strict_mlp_neural,Table IV,dreyer,B81,SingLEM,BIOT,0.8125,0.525,0.2875,,
strict_mlp_neural,Table IV,dreyer,B61,SingLEM,LaBraM,0.875,0.60625,0.26875,,
strict_mlp_neural,Table IV,dreyer,B62,SingLEM,LaBraM,0.65,0.6,0.05,,
strict_mlp_neural,Table IV,dreyer,B63,SingLEM,LaBraM,0.65,0.56875,0.08125,,
strict_mlp_neural,Table IV,dreyer,B64,SingLEM,LaBraM,0.68125,0.4875,0.19375,,
strict_mlp_neural,Table IV,dreyer,B65,SingLEM,LaBraM,0.81875,0.6,0.21875,,
strict_mlp_neural,Table IV,dreyer,B66,SingLEM,LaBraM,0.74375,0.63125,0.1125,,
strict_mlp_neural,Table IV,dreyer,B67,SingLEM,LaBraM,0.875,0.64375,0.23125,,
strict_mlp_neural,Table IV,dreyer,B68,SingLEM,LaBraM,0.68125,0.5,0.18125,,
strict_mlp_neural,Table IV,dreyer,B69,SingLEM,LaBraM,0.725,0.58125,0.14375,,
strict_mlp_neural,Table IV,dreyer,B70,SingLEM,LaBraM,0.725,0.55,0.175,,
strict_mlp_neural,Table IV,dreyer,B71,SingLEM,LaBraM,0.7625,0.58125,0.18125,,
strict_mlp_neural,Table IV,dreyer,B72,SingLEM,LaBraM,0.825,0.575,0.25,,
strict_mlp_neural,Table IV,dreyer,B73,SingLEM,LaBraM,0.71875,0.5,0.21875,,
strict_mlp_neural,Table IV,dreyer,B74,SingLEM,LaBraM,0.60625,0.48125,0.125,,
strict_mlp_neural,Table IV,dreyer,B75,SingLEM,LaBraM,0.725,0.44375,0.28125,,
strict_mlp_neural,Table IV,dreyer,B76,SingLEM,LaBraM,0.68125,0.50625,0.175,,
strict_mlp_neural,Table IV,dreyer,B77,SingLEM,LaBraM,0.78125,0.4875,0.29375,,
strict_mlp_neural,Table IV,dreyer,B78,SingLEM,LaBraM,0.5625,0.4875,0.075,,
strict_mlp_neural,Table IV,dreyer,B79,SingLEM,LaBraM,0.875,0.59375,0.28125,,
strict_mlp_neural,Table IV,dreyer,B80,SingLEM,LaBraM,0.6875,0.50625,0.18125,,
strict_mlp_neural,Table IV,dreyer,B81,SingLEM,LaBraM,0.8125,0.55,0.2625,,
strict_mlp_neural,Table IV,dreyer,B61,SingLEM,CBraMod,0.875,0.8,0.075,,
strict_mlp_neural,Table IV,dreyer,B62,SingLEM,CBraMod,0.65,0.68125,-0.03125,,
strict_mlp_neural,Table IV,dreyer,B63,SingLEM,CBraMod,0.65,0.65,0.0,,
strict_mlp_neural,Table IV,dreyer,B64,SingLEM,CBraMod,0.68125,0.625,0.05625,,
strict_mlp_neural,Table IV,dreyer,B65,SingLEM,CBraMod,0.81875,0.775,0.04375,,
strict_mlp_neural,Table IV,dreyer,B66,SingLEM,CBraMod,0.74375,0.775,-0.03125,,
strict_mlp_neural,Table IV,dreyer,B67,SingLEM,CBraMod,0.875,0.84375,0.03125,,
strict_mlp_neural,Table IV,dreyer,B68,SingLEM,CBraMod,0.68125,0.60625,0.075,,
strict_mlp_neural,Table IV,dreyer,B69,SingLEM,CBraMod,0.725,0.71875,0.00625,,
strict_mlp_neural,Table IV,dreyer,B70,SingLEM,CBraMod,0.725,0.7,0.025,,
strict_mlp_neural,Table IV,dreyer,B71,SingLEM,CBraMod,0.7625,0.64375,0.11875,,
strict_mlp_neural,Table IV,dreyer,B72,SingLEM,CBraMod,0.825,0.725,0.1,,
strict_mlp_neural,Table IV,dreyer,B73,SingLEM,CBraMod,0.71875,0.65625,0.0625,,
strict_mlp_neural,Table IV,dreyer,B74,SingLEM,CBraMod,0.60625,0.55625,0.05,,
strict_mlp_neural,Table IV,dreyer,B75,SingLEM,CBraMod,0.725,0.7375,-0.0125,,
strict_mlp_neural,Table IV,dreyer,B76,SingLEM,CBraMod,0.68125,0.76875,-0.0875,,
strict_mlp_neural,Table IV,dreyer,B77,SingLEM,CBraMod,0.78125,0.73125,0.05,,
strict_mlp_neural,Table IV,dreyer,B78,SingLEM,CBraMod,0.5625,0.68125,-0.11875,,
strict_mlp_neural,Table IV,dreyer,B79,SingLEM,CBraMod,0.875,0.875,0.0,,
strict_mlp_neural,Table IV,dreyer,B80,SingLEM,CBraMod,0.6875,0.55625,0.13125,,
strict_mlp_neural,Table IV,dreyer,B81,SingLEM,CBraMod,0.8125,0.7125,0.1,,
strict_mlp_neural,Table IV,dreyer,B61,SingLEM,CodeBrain,0.875,0.8,0.075,,
strict_mlp_neural,Table IV,dreyer,B62,SingLEM,CodeBrain,0.65,0.65625,-0.00625,,
strict_mlp_neural,Table IV,dreyer,B63,SingLEM,CodeBrain,0.65,0.675,-0.025,,
strict_mlp_neural,Table IV,dreyer,B64,SingLEM,CodeBrain,0.68125,0.59375,0.0875,,
strict_mlp_neural,Table IV,dreyer,B65,SingLEM,CodeBrain,0.81875,0.7375,0.08125,,
strict_mlp_neural,Table IV,dreyer,B66,SingLEM,CodeBrain,0.74375,0.66875,0.075,,
strict_mlp_neural,Table IV,dreyer,B67,SingLEM,CodeBrain,0.875,0.79375,0.08125,,
strict_mlp_neural,Table IV,dreyer,B68,SingLEM,CodeBrain,0.68125,0.625,0.05625,,
strict_mlp_neural,Table IV,dreyer,B69,SingLEM,CodeBrain,0.725,0.6125,0.1125,,
strict_mlp_neural,Table IV,dreyer,B70,SingLEM,CodeBrain,0.725,0.65,0.075,,
strict_mlp_neural,Table IV,dreyer,B71,SingLEM,CodeBrain,0.7625,0.60625,0.15625,,
strict_mlp_neural,Table IV,dreyer,B72,SingLEM,CodeBrain,0.825,0.66875,0.15625,,
strict_mlp_neural,Table IV,dreyer,B73,SingLEM,CodeBrain,0.71875,0.69375,0.025,,
strict_mlp_neural,Table IV,dreyer,B74,SingLEM,CodeBrain,0.60625,0.6125,-0.00625,,
strict_mlp_neural,Table IV,dreyer,B75,SingLEM,CodeBrain,0.725,0.6125,0.1125,,
strict_mlp_neural,Table IV,dreyer,B76,SingLEM,CodeBrain,0.68125,0.60625,0.075,,
strict_mlp_neural,Table IV,dreyer,B77,SingLEM,CodeBrain,0.78125,0.59375,0.1875,,
strict_mlp_neural,Table IV,dreyer,B78,SingLEM,CodeBrain,0.5625,0.5875,-0.025,,
strict_mlp_neural,Table IV,dreyer,B79,SingLEM,CodeBrain,0.875,0.81875,0.05625,,
strict_mlp_neural,Table IV,dreyer,B80,SingLEM,CodeBrain,0.6875,0.5625,0.125,,
strict_mlp_neural,Table IV,dreyer,B81,SingLEM,CodeBrain,0.8125,0.63125,0.18125,,
strict_mlp_neural,Table IV,dreyer,B61,SingLEM,CSBrain,0.875,0.825,0.05,,
strict_mlp_neural,Table IV,dreyer,B62,SingLEM,CSBrain,0.65,0.6125,0.0375,,
strict_mlp_neural,Table IV,dreyer,B63,SingLEM,CSBrain,0.65,0.7375,-0.0875,,
strict_mlp_neural,Table IV,dreyer,B64,SingLEM,CSBrain,0.68125,0.46875,0.2125,,
strict_mlp_neural,Table IV,dreyer,B65,SingLEM,CSBrain,0.81875,0.8,0.01875,,
strict_mlp_neural,Table IV,dreyer,B66,SingLEM,CSBrain,0.74375,0.80625,-0.0625,,
strict_mlp_neural,Table IV,dreyer,B67,SingLEM,CSBrain,0.875,0.8875,-0.0125,,
strict_mlp_neural,Table IV,dreyer,B68,SingLEM,CSBrain,0.68125,0.59375,0.0875,,
strict_mlp_neural,Table IV,dreyer,B69,SingLEM,CSBrain,0.725,0.66875,0.05625,,
strict_mlp_neural,Table IV,dreyer,B70,SingLEM,CSBrain,0.725,0.71875,0.00625,,
strict_mlp_neural,Table IV,dreyer,B71,SingLEM,CSBrain,0.7625,0.6125,0.15,,
strict_mlp_neural,Table IV,dreyer,B72,SingLEM,CSBrain,0.825,0.7375,0.0875,,
strict_mlp_neural,Table IV,dreyer,B73,SingLEM,CSBrain,0.71875,0.775,-0.05625,,
strict_mlp_neural,Table IV,dreyer,B74,SingLEM,CSBrain,0.60625,0.475,0.13125,,
strict_mlp_neural,Table IV,dreyer,B75,SingLEM,CSBrain,0.725,0.625,0.1,,
strict_mlp_neural,Table IV,dreyer,B76,SingLEM,CSBrain,0.68125,0.625,0.05625,,
strict_mlp_neural,Table IV,dreyer,B77,SingLEM,CSBrain,0.78125,0.7,0.08125,,
strict_mlp_neural,Table IV,dreyer,B78,SingLEM,CSBrain,0.5625,0.59375,-0.03125,,
strict_mlp_neural,Table IV,dreyer,B79,SingLEM,CSBrain,0.875,0.8125,0.0625,,
strict_mlp_neural,Table IV,dreyer,B80,SingLEM,CSBrain,0.6875,0.65625,0.03125,,
strict_mlp_neural,Table IV,dreyer,B81,SingLEM,CSBrain,0.8125,0.63125,0.18125,,
strict_mlp_neural,Table IV,dreyer,B61,SingLEM,LUNA,0.875,0.7875,0.0875,,
strict_mlp_neural,Table IV,dreyer,B62,SingLEM,LUNA,0.65,0.5375,0.1125,,
strict_mlp_neural,Table IV,dreyer,B63,SingLEM,LUNA,0.65,0.5375,0.1125,,
strict_mlp_neural,Table IV,dreyer,B64,SingLEM,LUNA,0.68125,0.48125,0.2,,
strict_mlp_neural,Table IV,dreyer,B65,SingLEM,LUNA,0.81875,0.55625,0.2625,,
strict_mlp_neural,Table IV,dreyer,B66,SingLEM,LUNA,0.74375,0.625,0.11875,,
strict_mlp_neural,Table IV,dreyer,B67,SingLEM,LUNA,0.875,0.6375,0.2375,,
strict_mlp_neural,Table IV,dreyer,B68,SingLEM,LUNA,0.68125,0.525,0.15625,,
strict_mlp_neural,Table IV,dreyer,B69,SingLEM,LUNA,0.725,0.6625,0.0625,,
strict_mlp_neural,Table IV,dreyer,B70,SingLEM,LUNA,0.725,0.5625,0.1625,,
strict_mlp_neural,Table IV,dreyer,B71,SingLEM,LUNA,0.7625,0.5375,0.225,,
strict_mlp_neural,Table IV,dreyer,B72,SingLEM,LUNA,0.825,0.6,0.225,,
strict_mlp_neural,Table IV,dreyer,B73,SingLEM,LUNA,0.71875,0.6625,0.05625,,
strict_mlp_neural,Table IV,dreyer,B74,SingLEM,LUNA,0.60625,0.5875,0.01875,,
strict_mlp_neural,Table IV,dreyer,B75,SingLEM,LUNA,0.725,0.50625,0.21875,,
strict_mlp_neural,Table IV,dreyer,B76,SingLEM,LUNA,0.68125,0.48125,0.2,,
strict_mlp_neural,Table IV,dreyer,B77,SingLEM,LUNA,0.78125,0.5375,0.24375,,
strict_mlp_neural,Table IV,dreyer,B78,SingLEM,LUNA,0.5625,0.51875,0.04375,,
strict_mlp_neural,Table IV,dreyer,B79,SingLEM,LUNA,0.875,0.6375,0.2375,,
strict_mlp_neural,Table IV,dreyer,B80,SingLEM,LUNA,0.6875,0.58125,0.10625,,
strict_mlp_neural,Table IV,dreyer,B81,SingLEM,LUNA,0.8125,0.45625,0.35625,,
strict_mlp_neural,Table IV,dreyer,B61,SingLEM,MIRepNet,0.875,0.93125,-0.05625,,
strict_mlp_neural,Table IV,dreyer,B62,SingLEM,MIRepNet,0.65,0.93125,-0.28125,,
strict_mlp_neural,Table IV,dreyer,B63,SingLEM,MIRepNet,0.65,0.79375,-0.14375,,
strict_mlp_neural,Table IV,dreyer,B64,SingLEM,MIRepNet,0.68125,0.51875,0.1625,,
strict_mlp_neural,Table IV,dreyer,B65,SingLEM,MIRepNet,0.81875,0.86875,-0.05,,
strict_mlp_neural,Table IV,dreyer,B66,SingLEM,MIRepNet,0.74375,0.59375,0.15,,
strict_mlp_neural,Table IV,dreyer,B67,SingLEM,MIRepNet,0.875,0.55,0.325,,
strict_mlp_neural,Table IV,dreyer,B68,SingLEM,MIRepNet,0.68125,0.55,0.13125,,
strict_mlp_neural,Table IV,dreyer,B69,SingLEM,MIRepNet,0.725,0.91875,-0.19375,,
strict_mlp_neural,Table IV,dreyer,B70,SingLEM,MIRepNet,0.725,0.59375,0.13125,,
strict_mlp_neural,Table IV,dreyer,B71,SingLEM,MIRepNet,0.7625,0.5375,0.225,,
strict_mlp_neural,Table IV,dreyer,B72,SingLEM,MIRepNet,0.825,0.54375,0.28125,,
strict_mlp_neural,Table IV,dreyer,B73,SingLEM,MIRepNet,0.71875,0.93125,-0.2125,,
strict_mlp_neural,Table IV,dreyer,B74,SingLEM,MIRepNet,0.60625,0.85625,-0.25,,
strict_mlp_neural,Table IV,dreyer,B75,SingLEM,MIRepNet,0.725,0.74375,-0.01875,,
strict_mlp_neural,Table IV,dreyer,B76,SingLEM,MIRepNet,0.68125,0.95,-0.26875,,
strict_mlp_neural,Table IV,dreyer,B77,SingLEM,MIRepNet,0.78125,0.46875,0.3125,,
strict_mlp_neural,Table IV,dreyer,B78,SingLEM,MIRepNet,0.5625,0.81875,-0.25625,,
strict_mlp_neural,Table IV,dreyer,B79,SingLEM,MIRepNet,0.875,0.96875,-0.09375,,
strict_mlp_neural,Table IV,dreyer,B80,SingLEM,MIRepNet,0.6875,0.58125,0.10625,,
strict_mlp_neural,Table IV,dreyer,B81,SingLEM,MIRepNet,0.8125,0.6875,0.125,,
strict_mlp_neural,Table IV,dreyer,B61,SingLEM,CSP,0.875,0.8,0.075,,
strict_mlp_neural,Table IV,dreyer,B62,SingLEM,CSP,0.65,0.86875,-0.21875,,
strict_mlp_neural,Table IV,dreyer,B63,SingLEM,CSP,0.65,0.60625,0.04375,,
strict_mlp_neural,Table IV,dreyer,B64,SingLEM,CSP,0.68125,0.4875,0.19375,,
strict_mlp_neural,Table IV,dreyer,B65,SingLEM,CSP,0.81875,0.8375,-0.01875,,
strict_mlp_neural,Table IV,dreyer,B66,SingLEM,CSP,0.74375,0.5875,0.15625,,
strict_mlp_neural,Table IV,dreyer,B67,SingLEM,CSP,0.875,0.56875,0.30625,,
strict_mlp_neural,Table IV,dreyer,B68,SingLEM,CSP,0.68125,0.525,0.15625,,
strict_mlp_neural,Table IV,dreyer,B69,SingLEM,CSP,0.725,0.6625,0.0625,,
strict_mlp_neural,Table IV,dreyer,B70,SingLEM,CSP,0.725,0.56875,0.15625,,
strict_mlp_neural,Table IV,dreyer,B71,SingLEM,CSP,0.7625,0.4875,0.275,,
strict_mlp_neural,Table IV,dreyer,B72,SingLEM,CSP,0.825,0.48125,0.34375,,
strict_mlp_neural,Table IV,dreyer,B73,SingLEM,CSP,0.71875,0.775,-0.05625,,
strict_mlp_neural,Table IV,dreyer,B74,SingLEM,CSP,0.60625,0.65,-0.04375,,
strict_mlp_neural,Table IV,dreyer,B75,SingLEM,CSP,0.725,0.69375,0.03125,,
strict_mlp_neural,Table IV,dreyer,B76,SingLEM,CSP,0.68125,0.76875,-0.0875,,
strict_mlp_neural,Table IV,dreyer,B77,SingLEM,CSP,0.78125,0.49375,0.2875,,
strict_mlp_neural,Table IV,dreyer,B78,SingLEM,CSP,0.5625,0.74375,-0.18125,,
strict_mlp_neural,Table IV,dreyer,B79,SingLEM,CSP,0.875,0.90625,-0.03125,,
strict_mlp_neural,Table IV,dreyer,B80,SingLEM,CSP,0.6875,0.5,0.1875,,
strict_mlp_neural,Table IV,dreyer,B81,SingLEM,CSP,0.8125,0.53125,0.28125,,
strict_mlp_neural,Table IV,dreyer,B61,SingLEM,Welch PSD,0.875,0.6,0.275,,
strict_mlp_neural,Table IV,dreyer,B62,SingLEM,Welch PSD,0.65,0.65625,-0.00625,,
strict_mlp_neural,Table IV,dreyer,B63,SingLEM,Welch PSD,0.65,0.56875,0.08125,,
strict_mlp_neural,Table IV,dreyer,B64,SingLEM,Welch PSD,0.68125,0.5,0.18125,,
strict_mlp_neural,Table IV,dreyer,B65,SingLEM,Welch PSD,0.81875,0.75625,0.0625,,
strict_mlp_neural,Table IV,dreyer,B66,SingLEM,Welch PSD,0.74375,0.56875,0.175,,
strict_mlp_neural,Table IV,dreyer,B67,SingLEM,Welch PSD,0.875,0.50625,0.36875,,
strict_mlp_neural,Table IV,dreyer,B68,SingLEM,Welch PSD,0.68125,0.5375,0.14375,,
strict_mlp_neural,Table IV,dreyer,B69,SingLEM,Welch PSD,0.725,0.6,0.125,,
strict_mlp_neural,Table IV,dreyer,B70,SingLEM,Welch PSD,0.725,0.5,0.225,,
strict_mlp_neural,Table IV,dreyer,B71,SingLEM,Welch PSD,0.7625,0.525,0.2375,,
strict_mlp_neural,Table IV,dreyer,B72,SingLEM,Welch PSD,0.825,0.5125,0.3125,,
strict_mlp_neural,Table IV,dreyer,B73,SingLEM,Welch PSD,0.71875,0.54375,0.175,,
strict_mlp_neural,Table IV,dreyer,B74,SingLEM,Welch PSD,0.60625,0.53125,0.075,,
strict_mlp_neural,Table IV,dreyer,B75,SingLEM,Welch PSD,0.725,0.5125,0.2125,,
strict_mlp_neural,Table IV,dreyer,B76,SingLEM,Welch PSD,0.68125,0.5,0.18125,,
strict_mlp_neural,Table IV,dreyer,B77,SingLEM,Welch PSD,0.78125,0.525,0.25625,,
strict_mlp_neural,Table IV,dreyer,B78,SingLEM,Welch PSD,0.5625,0.725,-0.1625,,
strict_mlp_neural,Table IV,dreyer,B79,SingLEM,Welch PSD,0.875,0.63125,0.24375,,
strict_mlp_neural,Table IV,dreyer,B80,SingLEM,Welch PSD,0.6875,0.5125,0.175,,
strict_mlp_neural,Table IV,dreyer,B81,SingLEM,Welch PSD,0.8125,0.4875,0.325,,
strict_mlp_neural,Table IV,dreyer,B61,SingLEM,EEGNet,0.875,0.88125,-0.00625,,
strict_mlp_neural,Table IV,dreyer,B62,SingLEM,EEGNet,0.65,0.66875,-0.01875,,
strict_mlp_neural,Table IV,dreyer,B63,SingLEM,EEGNet,0.65,0.625,0.025,,
strict_mlp_neural,Table IV,dreyer,B64,SingLEM,EEGNet,0.68125,0.7,-0.01875,,
strict_mlp_neural,Table IV,dreyer,B65,SingLEM,EEGNet,0.81875,0.86875,-0.05,,
strict_mlp_neural,Table IV,dreyer,B66,SingLEM,EEGNet,0.74375,0.75625,-0.0125,,
strict_mlp_neural,Table IV,dreyer,B67,SingLEM,EEGNet,0.875,0.86875,0.00625,,
strict_mlp_neural,Table IV,dreyer,B68,SingLEM,EEGNet,0.68125,0.7125,-0.03125,,
strict_mlp_neural,Table IV,dreyer,B69,SingLEM,EEGNet,0.725,0.725,0.0,,
strict_mlp_neural,Table IV,dreyer,B70,SingLEM,EEGNet,0.725,0.7375,-0.0125,,
strict_mlp_neural,Table IV,dreyer,B71,SingLEM,EEGNet,0.7625,0.7375,0.025,,
strict_mlp_neural,Table IV,dreyer,B72,SingLEM,EEGNet,0.825,0.85625,-0.03125,,
strict_mlp_neural,Table IV,dreyer,B73,SingLEM,EEGNet,0.71875,0.55,0.16875,,
strict_mlp_neural,Table IV,dreyer,B74,SingLEM,EEGNet,0.60625,0.63125,-0.025,,
strict_mlp_neural,Table IV,dreyer,B75,SingLEM,EEGNet,0.725,0.75,-0.025,,
strict_mlp_neural,Table IV,dreyer,B76,SingLEM,EEGNet,0.68125,0.7,-0.01875,,
strict_mlp_neural,Table IV,dreyer,B77,SingLEM,EEGNet,0.78125,0.83125,-0.05,,
strict_mlp_neural,Table IV,dreyer,B78,SingLEM,EEGNet,0.5625,0.51875,0.04375,,
strict_mlp_neural,Table IV,dreyer,B79,SingLEM,EEGNet,0.875,0.8375,0.0375,,
strict_mlp_neural,Table IV,dreyer,B80,SingLEM,EEGNet,0.6875,0.6125,0.075,,
strict_mlp_neural,Table IV,dreyer,B81,SingLEM,EEGNet,0.8125,0.78125,0.03125,,
strict_mlp_neural,Table IV,dreyer,B61,SingLEM,EEGConformer,0.875,0.80625,0.06875,,
strict_mlp_neural,Table IV,dreyer,B62,SingLEM,EEGConformer,0.65,0.76875,-0.11875,,
strict_mlp_neural,Table IV,dreyer,B63,SingLEM,EEGConformer,0.65,0.61875,0.03125,,
strict_mlp_neural,Table IV,dreyer,B64,SingLEM,EEGConformer,0.68125,0.58125,0.1,,
strict_mlp_neural,Table IV,dreyer,B65,SingLEM,EEGConformer,0.81875,0.76875,0.05,,
strict_mlp_neural,Table IV,dreyer,B66,SingLEM,EEGConformer,0.74375,0.75625,-0.0125,,
strict_mlp_neural,Table IV,dreyer,B67,SingLEM,EEGConformer,0.875,0.8375,0.0375,,
strict_mlp_neural,Table IV,dreyer,B68,SingLEM,EEGConformer,0.68125,0.725,-0.04375,,
strict_mlp_neural,Table IV,dreyer,B69,SingLEM,EEGConformer,0.725,0.73125,-0.00625,,
strict_mlp_neural,Table IV,dreyer,B70,SingLEM,EEGConformer,0.725,0.60625,0.11875,,
strict_mlp_neural,Table IV,dreyer,B71,SingLEM,EEGConformer,0.7625,0.6875,0.075,,
strict_mlp_neural,Table IV,dreyer,B72,SingLEM,EEGConformer,0.825,0.7875,0.0375,,
strict_mlp_neural,Table IV,dreyer,B73,SingLEM,EEGConformer,0.71875,0.6125,0.10625,,
strict_mlp_neural,Table IV,dreyer,B74,SingLEM,EEGConformer,0.60625,0.5875,0.01875,,
strict_mlp_neural,Table IV,dreyer,B75,SingLEM,EEGConformer,0.725,0.7,0.025,,
strict_mlp_neural,Table IV,dreyer,B76,SingLEM,EEGConformer,0.68125,0.63125,0.05,,
strict_mlp_neural,Table IV,dreyer,B77,SingLEM,EEGConformer,0.78125,0.74375,0.0375,,
strict_mlp_neural,Table IV,dreyer,B78,SingLEM,EEGConformer,0.5625,0.55625,0.00625,,
strict_mlp_neural,Table IV,dreyer,B79,SingLEM,EEGConformer,0.875,0.89375,-0.01875,,
strict_mlp_neural,Table IV,dreyer,B80,SingLEM,EEGConformer,0.6875,0.58125,0.10625,,
strict_mlp_neural,Table IV,dreyer,B81,SingLEM,EEGConformer,0.8125,0.75625,0.05625,,
strict_mlp_neural,Table IV,dreyer,B61,SingLEM,IFNetV2,0.875,0.8875,-0.0125,,
strict_mlp_neural,Table IV,dreyer,B62,SingLEM,IFNetV2,0.65,0.9125,-0.2625,,
strict_mlp_neural,Table IV,dreyer,B63,SingLEM,IFNetV2,0.65,0.74375,-0.09375,,
strict_mlp_neural,Table IV,dreyer,B64,SingLEM,IFNetV2,0.68125,0.40625,0.275,,
strict_mlp_neural,Table IV,dreyer,B65,SingLEM,IFNetV2,0.81875,0.85,-0.03125,,
strict_mlp_neural,Table IV,dreyer,B66,SingLEM,IFNetV2,0.74375,0.64375,0.1,,
strict_mlp_neural,Table IV,dreyer,B67,SingLEM,IFNetV2,0.875,0.55,0.325,,
strict_mlp_neural,Table IV,dreyer,B68,SingLEM,IFNetV2,0.68125,0.5375,0.14375,,
strict_mlp_neural,Table IV,dreyer,B69,SingLEM,IFNetV2,0.725,0.91875,-0.19375,,
strict_mlp_neural,Table IV,dreyer,B70,SingLEM,IFNetV2,0.725,0.625,0.1,,
strict_mlp_neural,Table IV,dreyer,B71,SingLEM,IFNetV2,0.7625,0.48125,0.28125,,
strict_mlp_neural,Table IV,dreyer,B72,SingLEM,IFNetV2,0.825,0.5125,0.3125,,
strict_mlp_neural,Table IV,dreyer,B73,SingLEM,IFNetV2,0.71875,0.575,0.14375,,
strict_mlp_neural,Table IV,dreyer,B74,SingLEM,IFNetV2,0.60625,0.74375,-0.1375,,
strict_mlp_neural,Table IV,dreyer,B75,SingLEM,IFNetV2,0.725,0.65,0.075,,
strict_mlp_neural,Table IV,dreyer,B76,SingLEM,IFNetV2,0.68125,0.95625,-0.275,,
strict_mlp_neural,Table IV,dreyer,B77,SingLEM,IFNetV2,0.78125,0.51875,0.2625,,
strict_mlp_neural,Table IV,dreyer,B78,SingLEM,IFNetV2,0.5625,0.775,-0.2125,,
strict_mlp_neural,Table IV,dreyer,B79,SingLEM,IFNetV2,0.875,0.9375,-0.0625,,
strict_mlp_neural,Table IV,dreyer,B80,SingLEM,IFNetV2,0.6875,0.50625,0.18125,,
strict_mlp_neural,Table IV,dreyer,B81,SingLEM,IFNetV2,0.8125,0.64375,0.16875,,
strict_mlp_neural,Table IV,wbcic_3c,sub-001,SingLEM,BENDR,0.7233333333333334,0.34,0.383333333333,,
strict_mlp_neural,Table IV,wbcic_3c,sub-002,SingLEM,BENDR,0.91,0.4,0.51,,
strict_mlp_neural,Table IV,wbcic_3c,sub-003,SingLEM,BENDR,0.6866666666666666,0.4,0.286666666667,,
strict_mlp_neural,Table IV,wbcic_3c,sub-004,SingLEM,BENDR,0.6966666666666667,0.38666666666666666,0.31,,
strict_mlp_neural,Table IV,wbcic_3c,sub-005,SingLEM,BENDR,0.6333333333333333,0.32666666666666666,0.306666666667,,
strict_mlp_neural,Table IV,wbcic_3c,sub-006,SingLEM,BENDR,0.5666666666666667,0.35,0.216666666667,,
strict_mlp_neural,Table IV,wbcic_3c,sub-007,SingLEM,BENDR,0.7766666666666666,0.31333333333333335,0.463333333333,,
strict_mlp_neural,Table IV,wbcic_3c,sub-008,SingLEM,BENDR,0.66,0.33666666666666667,0.323333333333,,
strict_mlp_neural,Table IV,wbcic_3c,sub-009,SingLEM,BENDR,0.7666666666666667,0.34,0.426666666667,,
strict_mlp_neural,Table IV,wbcic_3c,sub-010,SingLEM,BENDR,0.6254180602006689,0.34448160535117056,0.280936454849,,
strict_mlp_neural,Table IV,wbcic_3c,sub-011,SingLEM,BENDR,0.37333333333333335,0.36,0.013333333333,,
strict_mlp_neural,Table IV,wbcic_3c,sub-001,SingLEM,BIOT,0.7233333333333334,0.4,0.323333333333,,
strict_mlp_neural,Table IV,wbcic_3c,sub-002,SingLEM,BIOT,0.91,0.3566666666666667,0.553333333333,,
strict_mlp_neural,Table IV,wbcic_3c,sub-003,SingLEM,BIOT,0.6866666666666666,0.33,0.356666666667,,
strict_mlp_neural,Table IV,wbcic_3c,sub-004,SingLEM,BIOT,0.6966666666666667,0.3566666666666667,0.34,,
strict_mlp_neural,Table IV,wbcic_3c,sub-005,SingLEM,BIOT,0.6333333333333333,0.33,0.303333333333,,
strict_mlp_neural,Table IV,wbcic_3c,sub-006,SingLEM,BIOT,0.5666666666666667,0.37333333333333335,0.193333333333,,
strict_mlp_neural,Table IV,wbcic_3c,sub-007,SingLEM,BIOT,0.7766666666666666,0.35,0.426666666667,,
strict_mlp_neural,Table IV,wbcic_3c,sub-008,SingLEM,BIOT,0.66,0.3566666666666667,0.303333333333,,
strict_mlp_neural,Table IV,wbcic_3c,sub-009,SingLEM,BIOT,0.7666666666666667,0.30666666666666664,0.46,,
strict_mlp_neural,Table IV,wbcic_3c,sub-010,SingLEM,BIOT,0.6254180602006689,0.38127090301003347,0.244147157191,,
strict_mlp_neural,Table IV,wbcic_3c,sub-011,SingLEM,BIOT,0.37333333333333335,0.37666666666666665,-0.003333333333,,
strict_mlp_neural,Table IV,wbcic_3c,sub-001,SingLEM,LaBraM,0.7233333333333334,0.38333333333333336,0.34,,
strict_mlp_neural,Table IV,wbcic_3c,sub-002,SingLEM,LaBraM,0.91,0.4166666666666667,0.493333333333,,
strict_mlp_neural,Table IV,wbcic_3c,sub-003,SingLEM,LaBraM,0.6866666666666666,0.31,0.376666666667,,
strict_mlp_neural,Table IV,wbcic_3c,sub-004,SingLEM,LaBraM,0.6966666666666667,0.38333333333333336,0.313333333333,,
strict_mlp_neural,Table IV,wbcic_3c,sub-005,SingLEM,LaBraM,0.6333333333333333,0.36333333333333334,0.27,,
strict_mlp_neural,Table IV,wbcic_3c,sub-006,SingLEM,LaBraM,0.5666666666666667,0.36666666666666664,0.2,,
strict_mlp_neural,Table IV,wbcic_3c,sub-007,SingLEM,LaBraM,0.7766666666666666,0.41,0.366666666667,,
strict_mlp_neural,Table IV,wbcic_3c,sub-008,SingLEM,LaBraM,0.66,0.45666666666666667,0.203333333333,,
strict_mlp_neural,Table IV,wbcic_3c,sub-009,SingLEM,LaBraM,0.7666666666666667,0.36333333333333334,0.403333333333,,
strict_mlp_neural,Table IV,wbcic_3c,sub-010,SingLEM,LaBraM,0.6254180602006689,0.3177257525083612,0.307692307692,,
strict_mlp_neural,Table IV,wbcic_3c,sub-011,SingLEM,LaBraM,0.37333333333333335,0.36,0.013333333333,,
strict_mlp_neural,Table IV,wbcic_3c,sub-001,SingLEM,CBraMod,0.7233333333333334,0.7366666666666667,-0.013333333333,,
strict_mlp_neural,Table IV,wbcic_3c,sub-002,SingLEM,CBraMod,0.91,0.6666666666666666,0.243333333333,,
strict_mlp_neural,Table IV,wbcic_3c,sub-003,SingLEM,CBraMod,0.6866666666666666,0.55,0.136666666667,,
strict_mlp_neural,Table IV,wbcic_3c,sub-004,SingLEM,CBraMod,0.6966666666666667,0.66,0.036666666667,,
strict_mlp_neural,Table IV,wbcic_3c,sub-005,SingLEM,CBraMod,0.6333333333333333,0.55,0.083333333333,,
strict_mlp_neural,Table IV,wbcic_3c,sub-006,SingLEM,CBraMod,0.5666666666666667,0.5566666666666666,0.01,,
strict_mlp_neural,Table IV,wbcic_3c,sub-007,SingLEM,CBraMod,0.7766666666666666,0.73,0.046666666667,,
strict_mlp_neural,Table IV,wbcic_3c,sub-008,SingLEM,CBraMod,0.66,0.5666666666666667,0.093333333333,,
strict_mlp_neural,Table IV,wbcic_3c,sub-009,SingLEM,CBraMod,0.7666666666666667,0.6833333333333333,0.083333333333,,
strict_mlp_neural,Table IV,wbcic_3c,sub-010,SingLEM,CBraMod,0.6254180602006689,0.6053511705685619,0.020066889632,,
strict_mlp_neural,Table IV,wbcic_3c,sub-011,SingLEM,CBraMod,0.37333333333333335,0.38333333333333336,-0.01,,
strict_mlp_neural,Table IV,wbcic_3c,sub-001,SingLEM,CodeBrain,0.7233333333333334,0.6133333333333333,0.11,,
strict_mlp_neural,Table IV,wbcic_3c,sub-002,SingLEM,CodeBrain,0.91,0.7166666666666667,0.193333333333,,
strict_mlp_neural,Table IV,wbcic_3c,sub-003,SingLEM,CodeBrain,0.6866666666666666,0.53,0.156666666667,,
strict_mlp_neural,Table IV,wbcic_3c,sub-004,SingLEM,CodeBrain,0.6966666666666667,0.53,0.166666666667,,
strict_mlp_neural,Table IV,wbcic_3c,sub-005,SingLEM,CodeBrain,0.6333333333333333,0.5633333333333334,0.07,,
strict_mlp_neural,Table IV,wbcic_3c,sub-006,SingLEM,CodeBrain,0.5666666666666667,0.42333333333333334,0.143333333333,,
strict_mlp_neural,Table IV,wbcic_3c,sub-007,SingLEM,CodeBrain,0.7766666666666666,0.5466666666666666,0.23,,
strict_mlp_neural,Table IV,wbcic_3c,sub-008,SingLEM,CodeBrain,0.66,0.49666666666666665,0.163333333333,,
strict_mlp_neural,Table IV,wbcic_3c,sub-009,SingLEM,CodeBrain,0.7666666666666667,0.5833333333333334,0.183333333333,,
strict_mlp_neural,Table IV,wbcic_3c,sub-010,SingLEM,CodeBrain,0.6254180602006689,0.5250836120401338,0.100334448161,,
strict_mlp_neural,Table IV,wbcic_3c,sub-011,SingLEM,CodeBrain,0.37333333333333335,0.37666666666666665,-0.003333333333,,
strict_mlp_neural,Table IV,wbcic_3c,sub-001,SingLEM,CSBrain,0.7233333333333334,0.6833333333333333,0.04,,
strict_mlp_neural,Table IV,wbcic_3c,sub-002,SingLEM,CSBrain,0.91,0.8833333333333333,0.026666666667,,
strict_mlp_neural,Table IV,wbcic_3c,sub-003,SingLEM,CSBrain,0.6866666666666666,0.5,0.186666666667,,
strict_mlp_neural,Table IV,wbcic_3c,sub-004,SingLEM,CSBrain,0.6966666666666667,0.63,0.066666666667,,
strict_mlp_neural,Table IV,wbcic_3c,sub-005,SingLEM,CSBrain,0.6333333333333333,0.5866666666666667,0.046666666667,,
strict_mlp_neural,Table IV,wbcic_3c,sub-006,SingLEM,CSBrain,0.5666666666666667,0.6033333333333334,-0.036666666667,,
strict_mlp_neural,Table IV,wbcic_3c,sub-007,SingLEM,CSBrain,0.7766666666666666,0.8233333333333334,-0.046666666667,,
strict_mlp_neural,Table IV,wbcic_3c,sub-008,SingLEM,CSBrain,0.66,0.65,0.01,,
strict_mlp_neural,Table IV,wbcic_3c,sub-009,SingLEM,CSBrain,0.7666666666666667,0.7366666666666667,0.03,,
strict_mlp_neural,Table IV,wbcic_3c,sub-010,SingLEM,CSBrain,0.6254180602006689,0.6020066889632107,0.023411371237,,
strict_mlp_neural,Table IV,wbcic_3c,sub-011,SingLEM,CSBrain,0.37333333333333335,0.36333333333333334,0.01,,
strict_mlp_neural,Table IV,wbcic_3c,sub-001,SingLEM,LUNA,0.7233333333333334,0.38666666666666666,0.336666666667,,
strict_mlp_neural,Table IV,wbcic_3c,sub-002,SingLEM,LUNA,0.91,0.5,0.41,,
strict_mlp_neural,Table IV,wbcic_3c,sub-003,SingLEM,LUNA,0.6866666666666666,0.44,0.246666666667,,
strict_mlp_neural,Table IV,wbcic_3c,sub-004,SingLEM,LUNA,0.6966666666666667,0.3333333333333333,0.363333333333,,
strict_mlp_neural,Table IV,wbcic_3c,sub-005,SingLEM,LUNA,0.6333333333333333,0.4,0.233333333333,,
strict_mlp_neural,Table IV,wbcic_3c,sub-006,SingLEM,LUNA,0.5666666666666667,0.3933333333333333,0.173333333333,,
strict_mlp_neural,Table IV,wbcic_3c,sub-007,SingLEM,LUNA,0.7766666666666666,0.5066666666666667,0.27,,
strict_mlp_neural,Table IV,wbcic_3c,sub-008,SingLEM,LUNA,0.66,0.4533333333333333,0.206666666667,,
strict_mlp_neural,Table IV,wbcic_3c,sub-009,SingLEM,LUNA,0.7666666666666667,0.4,0.366666666667,,
strict_mlp_neural,Table IV,wbcic_3c,sub-010,SingLEM,LUNA,0.6254180602006689,0.42474916387959866,0.200668896321,,
strict_mlp_neural,Table IV,wbcic_3c,sub-011,SingLEM,LUNA,0.37333333333333335,0.36,0.013333333333,,
strict_mlp_neural,Table IV,wbcic_3c,sub-001,SingLEM,MIRepNet,0.7233333333333334,0.5833333333333334,0.14,,
strict_mlp_neural,Table IV,wbcic_3c,sub-002,SingLEM,MIRepNet,0.91,0.6233333333333333,0.286666666667,,
strict_mlp_neural,Table IV,wbcic_3c,sub-003,SingLEM,MIRepNet,0.6866666666666666,0.35,0.336666666667,,
strict_mlp_neural,Table IV,wbcic_3c,sub-004,SingLEM,MIRepNet,0.6966666666666667,0.5,0.196666666667,,
strict_mlp_neural,Table IV,wbcic_3c,sub-005,SingLEM,MIRepNet,0.6333333333333333,0.38,0.253333333333,,
strict_mlp_neural,Table IV,wbcic_3c,sub-006,SingLEM,MIRepNet,0.5666666666666667,0.39,0.176666666667,,
strict_mlp_neural,Table IV,wbcic_3c,sub-007,SingLEM,MIRepNet,0.7766666666666666,0.4866666666666667,0.29,,
strict_mlp_neural,Table IV,wbcic_3c,sub-008,SingLEM,MIRepNet,0.66,0.61,0.05,,
strict_mlp_neural,Table IV,wbcic_3c,sub-009,SingLEM,MIRepNet,0.7666666666666667,0.32,0.446666666667,,
strict_mlp_neural,Table IV,wbcic_3c,sub-010,SingLEM,MIRepNet,0.6254180602006689,0.4280936454849498,0.197324414716,,
strict_mlp_neural,Table IV,wbcic_3c,sub-011,SingLEM,MIRepNet,0.37333333333333335,0.6866666666666666,-0.313333333333,,
strict_mlp_neural,Table IV,wbcic_3c,sub-001,SingLEM,CSP,0.7233333333333334,0.4,0.323333333333,,
strict_mlp_neural,Table IV,wbcic_3c,sub-002,SingLEM,CSP,0.91,0.34,0.57,,
strict_mlp_neural,Table IV,wbcic_3c,sub-003,SingLEM,CSP,0.6866666666666666,0.35333333333333333,0.333333333333,,
strict_mlp_neural,Table IV,wbcic_3c,sub-004,SingLEM,CSP,0.6966666666666667,0.3566666666666667,0.34,,
strict_mlp_neural,Table IV,wbcic_3c,sub-005,SingLEM,CSP,0.6333333333333333,0.3566666666666667,0.276666666667,,
strict_mlp_neural,Table IV,wbcic_3c,sub-006,SingLEM,CSP,0.5666666666666667,0.32666666666666666,0.24,,
strict_mlp_neural,Table IV,wbcic_3c,sub-007,SingLEM,CSP,0.7766666666666666,0.36666666666666664,0.41,,
strict_mlp_neural,Table IV,wbcic_3c,sub-008,SingLEM,CSP,0.66,0.37666666666666665,0.283333333333,,
strict_mlp_neural,Table IV,wbcic_3c,sub-009,SingLEM,CSP,0.7666666666666667,0.3333333333333333,0.433333333333,,
strict_mlp_neural,Table IV,wbcic_3c,sub-010,SingLEM,CSP,0.6254180602006689,0.3076923076923077,0.317725752508,,
strict_mlp_neural,Table IV,wbcic_3c,sub-011,SingLEM,CSP,0.37333333333333335,0.3333333333333333,0.04,,
strict_mlp_neural,Table IV,wbcic_3c,sub-001,SingLEM,Welch PSD,0.7233333333333334,0.4166666666666667,0.306666666667,,
strict_mlp_neural,Table IV,wbcic_3c,sub-002,SingLEM,Welch PSD,0.91,0.37,0.54,,
strict_mlp_neural,Table IV,wbcic_3c,sub-003,SingLEM,Welch PSD,0.6866666666666666,0.35333333333333333,0.333333333333,,
strict_mlp_neural,Table IV,wbcic_3c,sub-004,SingLEM,Welch PSD,0.6966666666666667,0.3433333333333333,0.353333333333,,
strict_mlp_neural,Table IV,wbcic_3c,sub-005,SingLEM,Welch PSD,0.6333333333333333,0.36,0.273333333333,,
strict_mlp_neural,Table IV,wbcic_3c,sub-006,SingLEM,Welch PSD,0.5666666666666667,0.3433333333333333,0.223333333333,,
strict_mlp_neural,Table IV,wbcic_3c,sub-007,SingLEM,Welch PSD,0.7766666666666666,0.3333333333333333,0.443333333333,,
strict_mlp_neural,Table IV,wbcic_3c,sub-008,SingLEM,Welch PSD,0.66,0.47333333333333333,0.186666666667,,
strict_mlp_neural,Table IV,wbcic_3c,sub-009,SingLEM,Welch PSD,0.7666666666666667,0.39,0.376666666667,,
strict_mlp_neural,Table IV,wbcic_3c,sub-010,SingLEM,Welch PSD,0.6254180602006689,0.3411371237458194,0.284280936455,,
strict_mlp_neural,Table IV,wbcic_3c,sub-011,SingLEM,Welch PSD,0.37333333333333335,0.4866666666666667,-0.113333333333,,
strict_mlp_neural,Table IV,wbcic_3c,sub-001,SingLEM,EEGNet,0.7233333333333334,0.7966666666666666,-0.073333333333,,
strict_mlp_neural,Table IV,wbcic_3c,sub-002,SingLEM,EEGNet,0.91,0.67,0.24,,
strict_mlp_neural,Table IV,wbcic_3c,sub-003,SingLEM,EEGNet,0.6866666666666666,0.5433333333333333,0.143333333333,,
strict_mlp_neural,Table IV,wbcic_3c,sub-004,SingLEM,EEGNet,0.6966666666666667,0.6466666666666666,0.05,,
strict_mlp_neural,Table IV,wbcic_3c,sub-005,SingLEM,EEGNet,0.6333333333333333,0.62,0.013333333333,,
strict_mlp_neural,Table IV,wbcic_3c,sub-006,SingLEM,EEGNet,0.5666666666666667,0.6533333333333333,-0.086666666667,,
strict_mlp_neural,Table IV,wbcic_3c,sub-007,SingLEM,EEGNet,0.7766666666666666,0.6433333333333333,0.133333333333,,
strict_mlp_neural,Table IV,wbcic_3c,sub-008,SingLEM,EEGNet,0.66,0.53,0.13,,
strict_mlp_neural,Table IV,wbcic_3c,sub-009,SingLEM,EEGNet,0.7666666666666667,0.6066666666666667,0.16,,
strict_mlp_neural,Table IV,wbcic_3c,sub-010,SingLEM,EEGNet,0.6254180602006689,0.6053511705685619,0.020066889632,,
strict_mlp_neural,Table IV,wbcic_3c,sub-011,SingLEM,EEGNet,0.37333333333333335,0.3433333333333333,0.03,,
strict_mlp_neural,Table IV,wbcic_3c,sub-001,SingLEM,EEGConformer,0.7233333333333334,0.6333333333333333,0.09,,
strict_mlp_neural,Table IV,wbcic_3c,sub-002,SingLEM,EEGConformer,0.91,0.6033333333333334,0.306666666667,,
strict_mlp_neural,Table IV,wbcic_3c,sub-003,SingLEM,EEGConformer,0.6866666666666666,0.4766666666666667,0.21,,
strict_mlp_neural,Table IV,wbcic_3c,sub-004,SingLEM,EEGConformer,0.6966666666666667,0.5166666666666667,0.18,,
strict_mlp_neural,Table IV,wbcic_3c,sub-005,SingLEM,EEGConformer,0.6333333333333333,0.49333333333333335,0.14,,
strict_mlp_neural,Table IV,wbcic_3c,sub-006,SingLEM,EEGConformer,0.5666666666666667,0.4766666666666667,0.09,,
strict_mlp_neural,Table IV,wbcic_3c,sub-007,SingLEM,EEGConformer,0.7766666666666666,0.6433333333333333,0.133333333333,,
strict_mlp_neural,Table IV,wbcic_3c,sub-008,SingLEM,EEGConformer,0.66,0.49666666666666665,0.163333333333,,
strict_mlp_neural,Table IV,wbcic_3c,sub-009,SingLEM,EEGConformer,0.7666666666666667,0.51,0.256666666667,,
strict_mlp_neural,Table IV,wbcic_3c,sub-010,SingLEM,EEGConformer,0.6254180602006689,0.5351170568561873,0.090301003344,,
strict_mlp_neural,Table IV,wbcic_3c,sub-011,SingLEM,EEGConformer,0.37333333333333335,0.3333333333333333,0.04,,
strict_mlp_neural,Table IV,wbcic_3c,sub-001,SingLEM,IFNetV2,0.7233333333333334,0.5566666666666666,0.166666666667,,
strict_mlp_neural,Table IV,wbcic_3c,sub-002,SingLEM,IFNetV2,0.91,0.5933333333333334,0.316666666667,,
strict_mlp_neural,Table IV,wbcic_3c,sub-003,SingLEM,IFNetV2,0.6866666666666666,0.49666666666666665,0.19,,
strict_mlp_neural,Table IV,wbcic_3c,sub-004,SingLEM,IFNetV2,0.6966666666666667,0.5366666666666666,0.16,,
strict_mlp_neural,Table IV,wbcic_3c,sub-005,SingLEM,IFNetV2,0.6333333333333333,0.5266666666666666,0.106666666667,,
strict_mlp_neural,Table IV,wbcic_3c,sub-006,SingLEM,IFNetV2,0.5666666666666667,0.44333333333333336,0.123333333333,,
strict_mlp_neural,Table IV,wbcic_3c,sub-007,SingLEM,IFNetV2,0.7766666666666666,0.5733333333333334,0.203333333333,,
strict_mlp_neural,Table IV,wbcic_3c,sub-008,SingLEM,IFNetV2,0.66,0.6166666666666667,0.043333333333,,
strict_mlp_neural,Table IV,wbcic_3c,sub-009,SingLEM,IFNetV2,0.7666666666666667,0.6033333333333334,0.163333333333,,
strict_mlp_neural,Table IV,wbcic_3c,sub-010,SingLEM,IFNetV2,0.6254180602006689,0.5418060200668896,0.083612040134,,
strict_mlp_neural,Table IV,wbcic_3c,sub-011,SingLEM,IFNetV2,0.37333333333333335,0.49333333333333335,-0.12,,
strict_mlp_neural,Table IV,wbcic_2c,sub-001,SingLEM,BENDR,0.89,0.515,0.375,,
strict_mlp_neural,Table IV,wbcic_2c,sub-002,SingLEM,BENDR,0.725,0.5,0.225,,
strict_mlp_neural,Table IV,wbcic_2c,sub-003,SingLEM,BENDR,0.95,0.455,0.495,,
strict_mlp_neural,Table IV,wbcic_2c,sub-004,SingLEM,BENDR,0.5,0.53,-0.03,,
strict_mlp_neural,Table IV,wbcic_2c,sub-005,SingLEM,BENDR,0.875,0.5,0.375,,
strict_mlp_neural,Table IV,wbcic_2c,sub-006,SingLEM,BENDR,0.87,0.51,0.36,,
strict_mlp_neural,Table IV,wbcic_2c,sub-007,SingLEM,BENDR,0.74,0.51,0.23,,
strict_mlp_neural,Table IV,wbcic_2c,sub-008,SingLEM,BENDR,0.915,0.525,0.39,,
strict_mlp_neural,Table IV,wbcic_2c,sub-009,SingLEM,BENDR,0.81,0.49,0.32,,
strict_mlp_neural,Table IV,wbcic_2c,sub-010,SingLEM,BENDR,0.835,0.5,0.335,,
strict_mlp_neural,Table IV,wbcic_2c,sub-011,SingLEM,BENDR,0.885,0.45,0.435,,
strict_mlp_neural,Table IV,wbcic_2c,sub-012,SingLEM,BENDR,0.515,0.525,-0.01,,
strict_mlp_neural,Table IV,wbcic_2c,sub-013,SingLEM,BENDR,0.865,0.465,0.4,,
strict_mlp_neural,Table IV,wbcic_2c,sub-014,SingLEM,BENDR,0.555,0.555,0.0,,
strict_mlp_neural,Table IV,wbcic_2c,sub-015,SingLEM,BENDR,0.85,0.53,0.32,,
strict_mlp_neural,Table IV,wbcic_2c,sub-016,SingLEM,BENDR,0.625,0.49,0.135,,
strict_mlp_neural,Table IV,wbcic_2c,sub-017,SingLEM,BENDR,0.76,0.52,0.24,,
strict_mlp_neural,Table IV,wbcic_2c,sub-018,SingLEM,BENDR,0.645,0.465,0.18,,
strict_mlp_neural,Table IV,wbcic_2c,sub-019,SingLEM,BENDR,0.78,0.55,0.23,,
strict_mlp_neural,Table IV,wbcic_2c,sub-020,SingLEM,BENDR,0.92,0.545,0.375,,
strict_mlp_neural,Table IV,wbcic_2c,sub-021,SingLEM,BENDR,0.925,0.51,0.415,,
strict_mlp_neural,Table IV,wbcic_2c,sub-022,SingLEM,BENDR,0.7,0.555,0.145,,
strict_mlp_neural,Table IV,wbcic_2c,sub-023,SingLEM,BENDR,0.8693467336683417,0.5326633165829145,0.336683417085,,
strict_mlp_neural,Table IV,wbcic_2c,sub-024,SingLEM,BENDR,0.955,0.48,0.475,,
strict_mlp_neural,Table IV,wbcic_2c,sub-025,SingLEM,BENDR,0.935,0.505,0.43,,
strict_mlp_neural,Table IV,wbcic_2c,sub-026,SingLEM,BENDR,0.8693467336683417,0.5175879396984925,0.35175879397,,
strict_mlp_neural,Table IV,wbcic_2c,sub-027,SingLEM,BENDR,0.685,0.5,0.185,,
strict_mlp_neural,Table IV,wbcic_2c,sub-028,SingLEM,BENDR,0.805,0.58,0.225,,
strict_mlp_neural,Table IV,wbcic_2c,sub-029,SingLEM,BENDR,0.51,0.455,0.055,,
strict_mlp_neural,Table IV,wbcic_2c,sub-030,SingLEM,BENDR,0.87,0.54,0.33,,
strict_mlp_neural,Table IV,wbcic_2c,sub-031,SingLEM,BENDR,0.89,0.455,0.435,,
strict_mlp_neural,Table IV,wbcic_2c,sub-032,SingLEM,BENDR,0.595,0.425,0.17,,
strict_mlp_neural,Table IV,wbcic_2c,sub-033,SingLEM,BENDR,0.9,0.51,0.39,,
strict_mlp_neural,Table IV,wbcic_2c,sub-034,SingLEM,BENDR,0.61,0.51,0.1,,
strict_mlp_neural,Table IV,wbcic_2c,sub-035,SingLEM,BENDR,0.97,0.47,0.5,,
strict_mlp_neural,Table IV,wbcic_2c,sub-036,SingLEM,BENDR,0.895,0.495,0.4,,
strict_mlp_neural,Table IV,wbcic_2c,sub-037,SingLEM,BENDR,0.925,0.505,0.42,,
strict_mlp_neural,Table IV,wbcic_2c,sub-038,SingLEM,BENDR,0.565,0.505,0.06,,
strict_mlp_neural,Table IV,wbcic_2c,sub-039,SingLEM,BENDR,0.565,0.44,0.125,,
strict_mlp_neural,Table IV,wbcic_2c,sub-040,SingLEM,BENDR,0.8,0.52,0.28,,
strict_mlp_neural,Table IV,wbcic_2c,sub-041,SingLEM,BENDR,0.9,0.56,0.34,,
strict_mlp_neural,Table IV,wbcic_2c,sub-042,SingLEM,BENDR,0.83,0.48,0.35,,
strict_mlp_neural,Table IV,wbcic_2c,sub-043,SingLEM,BENDR,0.985,0.595,0.39,,
strict_mlp_neural,Table IV,wbcic_2c,sub-044,SingLEM,BENDR,0.645,0.475,0.17,,
strict_mlp_neural,Table IV,wbcic_2c,sub-045,SingLEM,BENDR,0.815,0.495,0.32,,
strict_mlp_neural,Table IV,wbcic_2c,sub-046,SingLEM,BENDR,0.98,0.495,0.485,,
strict_mlp_neural,Table IV,wbcic_2c,sub-047,SingLEM,BENDR,0.835,0.52,0.315,,
strict_mlp_neural,Table IV,wbcic_2c,sub-048,SingLEM,BENDR,0.835,0.53,0.305,,
strict_mlp_neural,Table IV,wbcic_2c,sub-049,SingLEM,BENDR,0.835,0.605,0.23,,
strict_mlp_neural,Table IV,wbcic_2c,sub-050,SingLEM,BENDR,0.885,0.54,0.345,,
strict_mlp_neural,Table IV,wbcic_2c,sub-051,SingLEM,BENDR,0.82,0.485,0.335,,
strict_mlp_neural,Table IV,wbcic_2c,sub-001,SingLEM,BIOT,0.89,0.445,0.445,,
strict_mlp_neural,Table IV,wbcic_2c,sub-002,SingLEM,BIOT,0.725,0.515,0.21,,
strict_mlp_neural,Table IV,wbcic_2c,sub-003,SingLEM,BIOT,0.95,0.53,0.42,,
strict_mlp_neural,Table IV,wbcic_2c,sub-004,SingLEM,BIOT,0.5,0.545,-0.045,,
strict_mlp_neural,Table IV,wbcic_2c,sub-005,SingLEM,BIOT,0.875,0.455,0.42,,
strict_mlp_neural,Table IV,wbcic_2c,sub-006,SingLEM,BIOT,0.87,0.435,0.435,,
strict_mlp_neural,Table IV,wbcic_2c,sub-007,SingLEM,BIOT,0.74,0.48,0.26,,
strict_mlp_neural,Table IV,wbcic_2c,sub-008,SingLEM,BIOT,0.915,0.48,0.435,,
strict_mlp_neural,Table IV,wbcic_2c,sub-009,SingLEM,BIOT,0.81,0.475,0.335,,
strict_mlp_neural,Table IV,wbcic_2c,sub-010,SingLEM,BIOT,0.835,0.465,0.37,,
strict_mlp_neural,Table IV,wbcic_2c,sub-011,SingLEM,BIOT,0.885,0.48,0.405,,
strict_mlp_neural,Table IV,wbcic_2c,sub-012,SingLEM,BIOT,0.515,0.485,0.03,,
strict_mlp_neural,Table IV,wbcic_2c,sub-013,SingLEM,BIOT,0.865,0.505,0.36,,
strict_mlp_neural,Table IV,wbcic_2c,sub-014,SingLEM,BIOT,0.555,0.465,0.09,,
strict_mlp_neural,Table IV,wbcic_2c,sub-015,SingLEM,BIOT,0.85,0.515,0.335,,
strict_mlp_neural,Table IV,wbcic_2c,sub-016,SingLEM,BIOT,0.625,0.485,0.14,,
strict_mlp_neural,Table IV,wbcic_2c,sub-017,SingLEM,BIOT,0.76,0.555,0.205,,
strict_mlp_neural,Table IV,wbcic_2c,sub-018,SingLEM,BIOT,0.645,0.455,0.19,,
strict_mlp_neural,Table IV,wbcic_2c,sub-019,SingLEM,BIOT,0.78,0.565,0.215,,
strict_mlp_neural,Table IV,wbcic_2c,sub-020,SingLEM,BIOT,0.92,0.455,0.465,,
strict_mlp_neural,Table IV,wbcic_2c,sub-021,SingLEM,BIOT,0.925,0.545,0.38,,
strict_mlp_neural,Table IV,wbcic_2c,sub-022,SingLEM,BIOT,0.7,0.425,0.275,,
strict_mlp_neural,Table IV,wbcic_2c,sub-023,SingLEM,BIOT,0.8693467336683417,0.46733668341708545,0.402010050251,,
strict_mlp_neural,Table IV,wbcic_2c,sub-024,SingLEM,BIOT,0.955,0.53,0.425,,
strict_mlp_neural,Table IV,wbcic_2c,sub-025,SingLEM,BIOT,0.935,0.53,0.405,,
strict_mlp_neural,Table IV,wbcic_2c,sub-026,SingLEM,BIOT,0.8693467336683417,0.457286432160804,0.412060301508,,
strict_mlp_neural,Table IV,wbcic_2c,sub-027,SingLEM,BIOT,0.685,0.525,0.16,,
strict_mlp_neural,Table IV,wbcic_2c,sub-028,SingLEM,BIOT,0.805,0.555,0.25,,
strict_mlp_neural,Table IV,wbcic_2c,sub-029,SingLEM,BIOT,0.51,0.54,-0.03,,
strict_mlp_neural,Table IV,wbcic_2c,sub-030,SingLEM,BIOT,0.87,0.49,0.38,,
strict_mlp_neural,Table IV,wbcic_2c,sub-031,SingLEM,BIOT,0.89,0.495,0.395,,
strict_mlp_neural,Table IV,wbcic_2c,sub-032,SingLEM,BIOT,0.595,0.465,0.13,,
strict_mlp_neural,Table IV,wbcic_2c,sub-033,SingLEM,BIOT,0.9,0.5,0.4,,
strict_mlp_neural,Table IV,wbcic_2c,sub-034,SingLEM,BIOT,0.61,0.5,0.11,,
strict_mlp_neural,Table IV,wbcic_2c,sub-035,SingLEM,BIOT,0.97,0.495,0.475,,
strict_mlp_neural,Table IV,wbcic_2c,sub-036,SingLEM,BIOT,0.895,0.5,0.395,,
strict_mlp_neural,Table IV,wbcic_2c,sub-037,SingLEM,BIOT,0.925,0.545,0.38,,
strict_mlp_neural,Table IV,wbcic_2c,sub-038,SingLEM,BIOT,0.565,0.56,0.005,,
strict_mlp_neural,Table IV,wbcic_2c,sub-039,SingLEM,BIOT,0.565,0.48,0.085,,
strict_mlp_neural,Table IV,wbcic_2c,sub-040,SingLEM,BIOT,0.8,0.54,0.26,,
strict_mlp_neural,Table IV,wbcic_2c,sub-041,SingLEM,BIOT,0.9,0.48,0.42,,
strict_mlp_neural,Table IV,wbcic_2c,sub-042,SingLEM,BIOT,0.83,0.395,0.435,,
strict_mlp_neural,Table IV,wbcic_2c,sub-043,SingLEM,BIOT,0.985,0.49,0.495,,
strict_mlp_neural,Table IV,wbcic_2c,sub-044,SingLEM,BIOT,0.645,0.515,0.13,,
strict_mlp_neural,Table IV,wbcic_2c,sub-045,SingLEM,BIOT,0.815,0.5,0.315,,
strict_mlp_neural,Table IV,wbcic_2c,sub-046,SingLEM,BIOT,0.98,0.505,0.475,,
strict_mlp_neural,Table IV,wbcic_2c,sub-047,SingLEM,BIOT,0.835,0.475,0.36,,
strict_mlp_neural,Table IV,wbcic_2c,sub-048,SingLEM,BIOT,0.835,0.475,0.36,,
strict_mlp_neural,Table IV,wbcic_2c,sub-049,SingLEM,BIOT,0.835,0.64,0.195,,
strict_mlp_neural,Table IV,wbcic_2c,sub-050,SingLEM,BIOT,0.885,0.495,0.39,,
strict_mlp_neural,Table IV,wbcic_2c,sub-051,SingLEM,BIOT,0.82,0.505,0.315,,
strict_mlp_neural,Table IV,wbcic_2c,sub-001,SingLEM,LaBraM,0.89,0.49,0.4,,
strict_mlp_neural,Table IV,wbcic_2c,sub-002,SingLEM,LaBraM,0.725,0.495,0.23,,
strict_mlp_neural,Table IV,wbcic_2c,sub-003,SingLEM,LaBraM,0.95,0.54,0.41,,
strict_mlp_neural,Table IV,wbcic_2c,sub-004,SingLEM,LaBraM,0.5,0.5,0.0,,
strict_mlp_neural,Table IV,wbcic_2c,sub-005,SingLEM,LaBraM,0.875,0.505,0.37,,
strict_mlp_neural,Table IV,wbcic_2c,sub-006,SingLEM,LaBraM,0.87,0.48,0.39,,
strict_mlp_neural,Table IV,wbcic_2c,sub-007,SingLEM,LaBraM,0.74,0.43,0.31,,
strict_mlp_neural,Table IV,wbcic_2c,sub-008,SingLEM,LaBraM,0.915,0.525,0.39,,
strict_mlp_neural,Table IV,wbcic_2c,sub-009,SingLEM,LaBraM,0.81,0.5,0.31,,
strict_mlp_neural,Table IV,wbcic_2c,sub-010,SingLEM,LaBraM,0.835,0.56,0.275,,
strict_mlp_neural,Table IV,wbcic_2c,sub-011,SingLEM,LaBraM,0.885,0.55,0.335,,
strict_mlp_neural,Table IV,wbcic_2c,sub-012,SingLEM,LaBraM,0.515,0.505,0.01,,
strict_mlp_neural,Table IV,wbcic_2c,sub-013,SingLEM,LaBraM,0.865,0.54,0.325,,
strict_mlp_neural,Table IV,wbcic_2c,sub-014,SingLEM,LaBraM,0.555,0.56,-0.005,,
strict_mlp_neural,Table IV,wbcic_2c,sub-015,SingLEM,LaBraM,0.85,0.52,0.33,,
strict_mlp_neural,Table IV,wbcic_2c,sub-016,SingLEM,LaBraM,0.625,0.525,0.1,,
strict_mlp_neural,Table IV,wbcic_2c,sub-017,SingLEM,LaBraM,0.76,0.545,0.215,,
strict_mlp_neural,Table IV,wbcic_2c,sub-018,SingLEM,LaBraM,0.645,0.48,0.165,,
strict_mlp_neural,Table IV,wbcic_2c,sub-019,SingLEM,LaBraM,0.78,0.52,0.26,,
strict_mlp_neural,Table IV,wbcic_2c,sub-020,SingLEM,LaBraM,0.92,0.5,0.42,,
strict_mlp_neural,Table IV,wbcic_2c,sub-021,SingLEM,LaBraM,0.925,0.55,0.375,,
strict_mlp_neural,Table IV,wbcic_2c,sub-022,SingLEM,LaBraM,0.7,0.495,0.205,,
strict_mlp_neural,Table IV,wbcic_2c,sub-023,SingLEM,LaBraM,0.8693467336683417,0.5829145728643216,0.286432160804,,
strict_mlp_neural,Table IV,wbcic_2c,sub-024,SingLEM,LaBraM,0.955,0.5,0.455,,
strict_mlp_neural,Table IV,wbcic_2c,sub-025,SingLEM,LaBraM,0.935,0.55,0.385,,
strict_mlp_neural,Table IV,wbcic_2c,sub-026,SingLEM,LaBraM,0.8693467336683417,0.5175879396984925,0.35175879397,,
strict_mlp_neural,Table IV,wbcic_2c,sub-027,SingLEM,LaBraM,0.685,0.5,0.185,,
strict_mlp_neural,Table IV,wbcic_2c,sub-028,SingLEM,LaBraM,0.805,0.545,0.26,,
strict_mlp_neural,Table IV,wbcic_2c,sub-029,SingLEM,LaBraM,0.51,0.47,0.04,,
strict_mlp_neural,Table IV,wbcic_2c,sub-030,SingLEM,LaBraM,0.87,0.555,0.315,,
strict_mlp_neural,Table IV,wbcic_2c,sub-031,SingLEM,LaBraM,0.89,0.53,0.36,,
strict_mlp_neural,Table IV,wbcic_2c,sub-032,SingLEM,LaBraM,0.595,0.52,0.075,,
strict_mlp_neural,Table IV,wbcic_2c,sub-033,SingLEM,LaBraM,0.9,0.51,0.39,,
strict_mlp_neural,Table IV,wbcic_2c,sub-034,SingLEM,LaBraM,0.61,0.485,0.125,,
strict_mlp_neural,Table IV,wbcic_2c,sub-035,SingLEM,LaBraM,0.97,0.53,0.44,,
strict_mlp_neural,Table IV,wbcic_2c,sub-036,SingLEM,LaBraM,0.895,0.52,0.375,,
strict_mlp_neural,Table IV,wbcic_2c,sub-037,SingLEM,LaBraM,0.925,0.525,0.4,,
strict_mlp_neural,Table IV,wbcic_2c,sub-038,SingLEM,LaBraM,0.565,0.495,0.07,,
strict_mlp_neural,Table IV,wbcic_2c,sub-039,SingLEM,LaBraM,0.565,0.54,0.025,,
strict_mlp_neural,Table IV,wbcic_2c,sub-040,SingLEM,LaBraM,0.8,0.495,0.305,,
strict_mlp_neural,Table IV,wbcic_2c,sub-041,SingLEM,LaBraM,0.9,0.44,0.46,,
strict_mlp_neural,Table IV,wbcic_2c,sub-042,SingLEM,LaBraM,0.83,0.48,0.35,,
strict_mlp_neural,Table IV,wbcic_2c,sub-043,SingLEM,LaBraM,0.985,0.515,0.47,,
strict_mlp_neural,Table IV,wbcic_2c,sub-044,SingLEM,LaBraM,0.645,0.485,0.16,,
strict_mlp_neural,Table IV,wbcic_2c,sub-045,SingLEM,LaBraM,0.815,0.54,0.275,,
strict_mlp_neural,Table IV,wbcic_2c,sub-046,SingLEM,LaBraM,0.98,0.565,0.415,,
strict_mlp_neural,Table IV,wbcic_2c,sub-047,SingLEM,LaBraM,0.835,0.535,0.3,,
strict_mlp_neural,Table IV,wbcic_2c,sub-048,SingLEM,LaBraM,0.835,0.525,0.31,,
strict_mlp_neural,Table IV,wbcic_2c,sub-049,SingLEM,LaBraM,0.835,0.525,0.31,,
strict_mlp_neural,Table IV,wbcic_2c,sub-050,SingLEM,LaBraM,0.885,0.505,0.38,,
strict_mlp_neural,Table IV,wbcic_2c,sub-051,SingLEM,LaBraM,0.82,0.51,0.31,,
strict_mlp_neural,Table IV,wbcic_2c,sub-001,SingLEM,CBraMod,0.89,0.855,0.035,,
strict_mlp_neural,Table IV,wbcic_2c,sub-002,SingLEM,CBraMod,0.725,0.695,0.03,,
strict_mlp_neural,Table IV,wbcic_2c,sub-003,SingLEM,CBraMod,0.95,0.945,0.005,,
strict_mlp_neural,Table IV,wbcic_2c,sub-004,SingLEM,CBraMod,0.5,0.575,-0.075,,
strict_mlp_neural,Table IV,wbcic_2c,sub-005,SingLEM,CBraMod,0.875,0.78,0.095,,
strict_mlp_neural,Table IV,wbcic_2c,sub-006,SingLEM,CBraMod,0.87,0.875,-0.005,,
strict_mlp_neural,Table IV,wbcic_2c,sub-007,SingLEM,CBraMod,0.74,0.745,-0.005,,
strict_mlp_neural,Table IV,wbcic_2c,sub-008,SingLEM,CBraMod,0.915,0.91,0.005,,
strict_mlp_neural,Table IV,wbcic_2c,sub-009,SingLEM,CBraMod,0.81,0.77,0.04,,
strict_mlp_neural,Table IV,wbcic_2c,sub-010,SingLEM,CBraMod,0.835,0.795,0.04,,
strict_mlp_neural,Table IV,wbcic_2c,sub-011,SingLEM,CBraMod,0.885,0.91,-0.025,,
strict_mlp_neural,Table IV,wbcic_2c,sub-012,SingLEM,CBraMod,0.515,0.52,-0.005,,
strict_mlp_neural,Table IV,wbcic_2c,sub-013,SingLEM,CBraMod,0.865,0.75,0.115,,
strict_mlp_neural,Table IV,wbcic_2c,sub-014,SingLEM,CBraMod,0.555,0.565,-0.01,,
strict_mlp_neural,Table IV,wbcic_2c,sub-015,SingLEM,CBraMod,0.85,0.775,0.075,,
strict_mlp_neural,Table IV,wbcic_2c,sub-016,SingLEM,CBraMod,0.625,0.725,-0.1,,
strict_mlp_neural,Table IV,wbcic_2c,sub-017,SingLEM,CBraMod,0.76,0.73,0.03,,
strict_mlp_neural,Table IV,wbcic_2c,sub-018,SingLEM,CBraMod,0.645,0.675,-0.03,,
strict_mlp_neural,Table IV,wbcic_2c,sub-019,SingLEM,CBraMod,0.78,0.77,0.01,,
strict_mlp_neural,Table IV,wbcic_2c,sub-020,SingLEM,CBraMod,0.92,0.89,0.03,,
strict_mlp_neural,Table IV,wbcic_2c,sub-021,SingLEM,CBraMod,0.925,0.88,0.045,,
strict_mlp_neural,Table IV,wbcic_2c,sub-022,SingLEM,CBraMod,0.7,0.75,-0.05,,
strict_mlp_neural,Table IV,wbcic_2c,sub-023,SingLEM,CBraMod,0.8693467336683417,0.8743718592964824,-0.005025125628,,
strict_mlp_neural,Table IV,wbcic_2c,sub-024,SingLEM,CBraMod,0.955,0.945,0.01,,
strict_mlp_neural,Table IV,wbcic_2c,sub-025,SingLEM,CBraMod,0.935,0.91,0.025,,
strict_mlp_neural,Table IV,wbcic_2c,sub-026,SingLEM,CBraMod,0.8693467336683417,0.8693467336683417,0.0,,
strict_mlp_neural,Table IV,wbcic_2c,sub-027,SingLEM,CBraMod,0.685,0.72,-0.035,,
strict_mlp_neural,Table IV,wbcic_2c,sub-028,SingLEM,CBraMod,0.805,0.845,-0.04,,
strict_mlp_neural,Table IV,wbcic_2c,sub-029,SingLEM,CBraMod,0.51,0.645,-0.135,,
strict_mlp_neural,Table IV,wbcic_2c,sub-030,SingLEM,CBraMod,0.87,0.855,0.015,,
strict_mlp_neural,Table IV,wbcic_2c,sub-031,SingLEM,CBraMod,0.89,0.85,0.04,,
strict_mlp_neural,Table IV,wbcic_2c,sub-032,SingLEM,CBraMod,0.595,0.615,-0.02,,
strict_mlp_neural,Table IV,wbcic_2c,sub-033,SingLEM,CBraMod,0.9,0.85,0.05,,
strict_mlp_neural,Table IV,wbcic_2c,sub-034,SingLEM,CBraMod,0.61,0.59,0.02,,
strict_mlp_neural,Table IV,wbcic_2c,sub-035,SingLEM,CBraMod,0.97,0.915,0.055,,
strict_mlp_neural,Table IV,wbcic_2c,sub-036,SingLEM,CBraMod,0.895,0.82,0.075,,
strict_mlp_neural,Table IV,wbcic_2c,sub-037,SingLEM,CBraMod,0.925,0.905,0.02,,
strict_mlp_neural,Table IV,wbcic_2c,sub-038,SingLEM,CBraMod,0.565,0.545,0.02,,
strict_mlp_neural,Table IV,wbcic_2c,sub-039,SingLEM,CBraMod,0.565,0.635,-0.07,,
strict_mlp_neural,Table IV,wbcic_2c,sub-040,SingLEM,CBraMod,0.8,0.755,0.045,,
strict_mlp_neural,Table IV,wbcic_2c,sub-041,SingLEM,CBraMod,0.9,0.945,-0.045,,
strict_mlp_neural,Table IV,wbcic_2c,sub-042,SingLEM,CBraMod,0.83,0.765,0.065,,
strict_mlp_neural,Table IV,wbcic_2c,sub-043,SingLEM,CBraMod,0.985,0.95,0.035,,
strict_mlp_neural,Table IV,wbcic_2c,sub-044,SingLEM,CBraMod,0.645,0.65,-0.005,,
strict_mlp_neural,Table IV,wbcic_2c,sub-045,SingLEM,CBraMod,0.815,0.79,0.025,,
strict_mlp_neural,Table IV,wbcic_2c,sub-046,SingLEM,CBraMod,0.98,0.93,0.05,,
strict_mlp_neural,Table IV,wbcic_2c,sub-047,SingLEM,CBraMod,0.835,0.795,0.04,,
strict_mlp_neural,Table IV,wbcic_2c,sub-048,SingLEM,CBraMod,0.835,0.855,-0.02,,
strict_mlp_neural,Table IV,wbcic_2c,sub-049,SingLEM,CBraMod,0.835,0.73,0.105,,
strict_mlp_neural,Table IV,wbcic_2c,sub-050,SingLEM,CBraMod,0.885,0.835,0.05,,
strict_mlp_neural,Table IV,wbcic_2c,sub-051,SingLEM,CBraMod,0.82,0.755,0.065,,
strict_mlp_neural,Table IV,wbcic_2c,sub-001,SingLEM,CodeBrain,0.89,0.775,0.115,,
strict_mlp_neural,Table IV,wbcic_2c,sub-002,SingLEM,CodeBrain,0.725,0.705,0.02,,
strict_mlp_neural,Table IV,wbcic_2c,sub-003,SingLEM,CodeBrain,0.95,0.93,0.02,,
strict_mlp_neural,Table IV,wbcic_2c,sub-004,SingLEM,CodeBrain,0.5,0.55,-0.05,,
strict_mlp_neural,Table IV,wbcic_2c,sub-005,SingLEM,CodeBrain,0.875,0.765,0.11,,
strict_mlp_neural,Table IV,wbcic_2c,sub-006,SingLEM,CodeBrain,0.87,0.79,0.08,,
strict_mlp_neural,Table IV,wbcic_2c,sub-007,SingLEM,CodeBrain,0.74,0.635,0.105,,
strict_mlp_neural,Table IV,wbcic_2c,sub-008,SingLEM,CodeBrain,0.915,0.88,0.035,,
strict_mlp_neural,Table IV,wbcic_2c,sub-009,SingLEM,CodeBrain,0.81,0.735,0.075,,
strict_mlp_neural,Table IV,wbcic_2c,sub-010,SingLEM,CodeBrain,0.835,0.78,0.055,,
strict_mlp_neural,Table IV,wbcic_2c,sub-011,SingLEM,CodeBrain,0.885,0.93,-0.045,,
strict_mlp_neural,Table IV,wbcic_2c,sub-012,SingLEM,CodeBrain,0.515,0.545,-0.03,,
strict_mlp_neural,Table IV,wbcic_2c,sub-013,SingLEM,CodeBrain,0.865,0.74,0.125,,
strict_mlp_neural,Table IV,wbcic_2c,sub-014,SingLEM,CodeBrain,0.555,0.515,0.04,,
strict_mlp_neural,Table IV,wbcic_2c,sub-015,SingLEM,CodeBrain,0.85,0.75,0.1,,
strict_mlp_neural,Table IV,wbcic_2c,sub-016,SingLEM,CodeBrain,0.625,0.66,-0.035,,
strict_mlp_neural,Table IV,wbcic_2c,sub-017,SingLEM,CodeBrain,0.76,0.68,0.08,,
strict_mlp_neural,Table IV,wbcic_2c,sub-018,SingLEM,CodeBrain,0.645,0.59,0.055,,
strict_mlp_neural,Table IV,wbcic_2c,sub-019,SingLEM,CodeBrain,0.78,0.785,-0.005,,
strict_mlp_neural,Table IV,wbcic_2c,sub-020,SingLEM,CodeBrain,0.92,0.91,0.01,,
strict_mlp_neural,Table IV,wbcic_2c,sub-021,SingLEM,CodeBrain,0.925,0.84,0.085,,
strict_mlp_neural,Table IV,wbcic_2c,sub-022,SingLEM,CodeBrain,0.7,0.625,0.075,,
strict_mlp_neural,Table IV,wbcic_2c,sub-023,SingLEM,CodeBrain,0.8693467336683417,0.7738693467336684,0.095477386935,,
strict_mlp_neural,Table IV,wbcic_2c,sub-024,SingLEM,CodeBrain,0.955,0.935,0.02,,
strict_mlp_neural,Table IV,wbcic_2c,sub-025,SingLEM,CodeBrain,0.935,0.84,0.095,,
strict_mlp_neural,Table IV,wbcic_2c,sub-026,SingLEM,CodeBrain,0.8693467336683417,0.8844221105527639,-0.015075376884,,
strict_mlp_neural,Table IV,wbcic_2c,sub-027,SingLEM,CodeBrain,0.685,0.64,0.045,,
strict_mlp_neural,Table IV,wbcic_2c,sub-028,SingLEM,CodeBrain,0.805,0.785,0.02,,
strict_mlp_neural,Table IV,wbcic_2c,sub-029,SingLEM,CodeBrain,0.51,0.625,-0.115,,
strict_mlp_neural,Table IV,wbcic_2c,sub-030,SingLEM,CodeBrain,0.87,0.79,0.08,,
strict_mlp_neural,Table IV,wbcic_2c,sub-031,SingLEM,CodeBrain,0.89,0.865,0.025,,
strict_mlp_neural,Table IV,wbcic_2c,sub-032,SingLEM,CodeBrain,0.595,0.555,0.04,,
strict_mlp_neural,Table IV,wbcic_2c,sub-033,SingLEM,CodeBrain,0.9,0.875,0.025,,
strict_mlp_neural,Table IV,wbcic_2c,sub-034,SingLEM,CodeBrain,0.61,0.505,0.105,,
strict_mlp_neural,Table IV,wbcic_2c,sub-035,SingLEM,CodeBrain,0.97,0.9,0.07,,
strict_mlp_neural,Table IV,wbcic_2c,sub-036,SingLEM,CodeBrain,0.895,0.815,0.08,,
strict_mlp_neural,Table IV,wbcic_2c,sub-037,SingLEM,CodeBrain,0.925,0.875,0.05,,
strict_mlp_neural,Table IV,wbcic_2c,sub-038,SingLEM,CodeBrain,0.565,0.525,0.04,,
strict_mlp_neural,Table IV,wbcic_2c,sub-039,SingLEM,CodeBrain,0.565,0.65,-0.085,,
strict_mlp_neural,Table IV,wbcic_2c,sub-040,SingLEM,CodeBrain,0.8,0.65,0.15,,
strict_mlp_neural,Table IV,wbcic_2c,sub-041,SingLEM,CodeBrain,0.9,0.85,0.05,,
strict_mlp_neural,Table IV,wbcic_2c,sub-042,SingLEM,CodeBrain,0.83,0.69,0.14,,
strict_mlp_neural,Table IV,wbcic_2c,sub-043,SingLEM,CodeBrain,0.985,0.91,0.075,,
strict_mlp_neural,Table IV,wbcic_2c,sub-044,SingLEM,CodeBrain,0.645,0.645,0.0,,
strict_mlp_neural,Table IV,wbcic_2c,sub-045,SingLEM,CodeBrain,0.815,0.755,0.06,,
strict_mlp_neural,Table IV,wbcic_2c,sub-046,SingLEM,CodeBrain,0.98,0.875,0.105,,
strict_mlp_neural,Table IV,wbcic_2c,sub-047,SingLEM,CodeBrain,0.835,0.74,0.095,,
strict_mlp_neural,Table IV,wbcic_2c,sub-048,SingLEM,CodeBrain,0.835,0.735,0.1,,
strict_mlp_neural,Table IV,wbcic_2c,sub-049,SingLEM,CodeBrain,0.835,0.595,0.24,,
strict_mlp_neural,Table IV,wbcic_2c,sub-050,SingLEM,CodeBrain,0.885,0.71,0.175,,
strict_mlp_neural,Table IV,wbcic_2c,sub-051,SingLEM,CodeBrain,0.82,0.76,0.06,,
strict_mlp_neural,Table IV,wbcic_2c,sub-001,SingLEM,CSBrain,0.89,0.865,0.025,,
strict_mlp_neural,Table IV,wbcic_2c,sub-002,SingLEM,CSBrain,0.725,0.655,0.07,,
strict_mlp_neural,Table IV,wbcic_2c,sub-003,SingLEM,CSBrain,0.95,0.97,-0.02,,
strict_mlp_neural,Table IV,wbcic_2c,sub-004,SingLEM,CSBrain,0.5,0.515,-0.015,,
strict_mlp_neural,Table IV,wbcic_2c,sub-005,SingLEM,CSBrain,0.875,0.725,0.15,,
strict_mlp_neural,Table IV,wbcic_2c,sub-006,SingLEM,CSBrain,0.87,0.865,0.005,,
strict_mlp_neural,Table IV,wbcic_2c,sub-007,SingLEM,CSBrain,0.74,0.65,0.09,,
strict_mlp_neural,Table IV,wbcic_2c,sub-008,SingLEM,CSBrain,0.915,0.89,0.025,,
strict_mlp_neural,Table IV,wbcic_2c,sub-009,SingLEM,CSBrain,0.81,0.76,0.05,,
strict_mlp_neural,Table IV,wbcic_2c,sub-010,SingLEM,CSBrain,0.835,0.8,0.035,,
strict_mlp_neural,Table IV,wbcic_2c,sub-011,SingLEM,CSBrain,0.885,0.975,-0.09,,
strict_mlp_neural,Table IV,wbcic_2c,sub-012,SingLEM,CSBrain,0.515,0.54,-0.025,,
strict_mlp_neural,Table IV,wbcic_2c,sub-013,SingLEM,CSBrain,0.865,0.79,0.075,,
strict_mlp_neural,Table IV,wbcic_2c,sub-014,SingLEM,CSBrain,0.555,0.59,-0.035,,
strict_mlp_neural,Table IV,wbcic_2c,sub-015,SingLEM,CSBrain,0.85,0.83,0.02,,
strict_mlp_neural,Table IV,wbcic_2c,sub-016,SingLEM,CSBrain,0.625,0.7,-0.075,,
strict_mlp_neural,Table IV,wbcic_2c,sub-017,SingLEM,CSBrain,0.76,0.725,0.035,,
strict_mlp_neural,Table IV,wbcic_2c,sub-018,SingLEM,CSBrain,0.645,0.625,0.02,,
strict_mlp_neural,Table IV,wbcic_2c,sub-019,SingLEM,CSBrain,0.78,0.885,-0.105,,
strict_mlp_neural,Table IV,wbcic_2c,sub-020,SingLEM,CSBrain,0.92,0.945,-0.025,,
strict_mlp_neural,Table IV,wbcic_2c,sub-021,SingLEM,CSBrain,0.925,0.845,0.08,,
strict_mlp_neural,Table IV,wbcic_2c,sub-022,SingLEM,CSBrain,0.7,0.755,-0.055,,
strict_mlp_neural,Table IV,wbcic_2c,sub-023,SingLEM,CSBrain,0.8693467336683417,0.8341708542713567,0.035175879397,,
strict_mlp_neural,Table IV,wbcic_2c,sub-024,SingLEM,CSBrain,0.955,0.98,-0.025,,
strict_mlp_neural,Table IV,wbcic_2c,sub-025,SingLEM,CSBrain,0.935,0.94,-0.005,,
strict_mlp_neural,Table IV,wbcic_2c,sub-026,SingLEM,CSBrain,0.8693467336683417,0.964824120603015,-0.095477386935,,
strict_mlp_neural,Table IV,wbcic_2c,sub-027,SingLEM,CSBrain,0.685,0.735,-0.05,,
strict_mlp_neural,Table IV,wbcic_2c,sub-028,SingLEM,CSBrain,0.805,0.815,-0.01,,
strict_mlp_neural,Table IV,wbcic_2c,sub-029,SingLEM,CSBrain,0.51,0.73,-0.22,,
strict_mlp_neural,Table IV,wbcic_2c,sub-030,SingLEM,CSBrain,0.87,0.955,-0.085,,
strict_mlp_neural,Table IV,wbcic_2c,sub-031,SingLEM,CSBrain,0.89,0.855,0.035,,
strict_mlp_neural,Table IV,wbcic_2c,sub-032,SingLEM,CSBrain,0.595,0.615,-0.02,,
strict_mlp_neural,Table IV,wbcic_2c,sub-033,SingLEM,CSBrain,0.9,0.92,-0.02,,
strict_mlp_neural,Table IV,wbcic_2c,sub-034,SingLEM,CSBrain,0.61,0.55,0.06,,
strict_mlp_neural,Table IV,wbcic_2c,sub-035,SingLEM,CSBrain,0.97,0.97,0.0,,
strict_mlp_neural,Table IV,wbcic_2c,sub-036,SingLEM,CSBrain,0.895,0.86,0.035,,
strict_mlp_neural,Table IV,wbcic_2c,sub-037,SingLEM,CSBrain,0.925,0.9,0.025,,
strict_mlp_neural,Table IV,wbcic_2c,sub-038,SingLEM,CSBrain,0.565,0.605,-0.04,,
strict_mlp_neural,Table IV,wbcic_2c,sub-039,SingLEM,CSBrain,0.565,0.7,-0.135,,
strict_mlp_neural,Table IV,wbcic_2c,sub-040,SingLEM,CSBrain,0.8,0.77,0.03,,
strict_mlp_neural,Table IV,wbcic_2c,sub-041,SingLEM,CSBrain,0.9,0.915,-0.015,,
strict_mlp_neural,Table IV,wbcic_2c,sub-042,SingLEM,CSBrain,0.83,0.795,0.035,,
strict_mlp_neural,Table IV,wbcic_2c,sub-043,SingLEM,CSBrain,0.985,0.985,0.0,,
strict_mlp_neural,Table IV,wbcic_2c,sub-044,SingLEM,CSBrain,0.645,0.625,0.02,,
strict_mlp_neural,Table IV,wbcic_2c,sub-045,SingLEM,CSBrain,0.815,0.78,0.035,,
strict_mlp_neural,Table IV,wbcic_2c,sub-046,SingLEM,CSBrain,0.98,0.915,0.065,,
strict_mlp_neural,Table IV,wbcic_2c,sub-047,SingLEM,CSBrain,0.835,0.81,0.025,,
strict_mlp_neural,Table IV,wbcic_2c,sub-048,SingLEM,CSBrain,0.835,0.785,0.05,,
strict_mlp_neural,Table IV,wbcic_2c,sub-049,SingLEM,CSBrain,0.835,0.695,0.14,,
strict_mlp_neural,Table IV,wbcic_2c,sub-050,SingLEM,CSBrain,0.885,0.795,0.09,,
strict_mlp_neural,Table IV,wbcic_2c,sub-051,SingLEM,CSBrain,0.82,0.775,0.045,,
strict_mlp_neural,Table IV,wbcic_2c,sub-001,SingLEM,LUNA,0.89,0.535,0.355,,
strict_mlp_neural,Table IV,wbcic_2c,sub-002,SingLEM,LUNA,0.725,0.695,0.03,,
strict_mlp_neural,Table IV,wbcic_2c,sub-003,SingLEM,LUNA,0.95,0.715,0.235,,
strict_mlp_neural,Table IV,wbcic_2c,sub-004,SingLEM,LUNA,0.5,0.545,-0.045,,
strict_mlp_neural,Table IV,wbcic_2c,sub-005,SingLEM,LUNA,0.875,0.615,0.26,,
strict_mlp_neural,Table IV,wbcic_2c,sub-006,SingLEM,LUNA,0.87,0.545,0.325,,
strict_mlp_neural,Table IV,wbcic_2c,sub-007,SingLEM,LUNA,0.74,0.535,0.205,,
strict_mlp_neural,Table IV,wbcic_2c,sub-008,SingLEM,LUNA,0.915,0.785,0.13,,
strict_mlp_neural,Table IV,wbcic_2c,sub-009,SingLEM,LUNA,0.81,0.595,0.215,,
strict_mlp_neural,Table IV,wbcic_2c,sub-010,SingLEM,LUNA,0.835,0.65,0.185,,
strict_mlp_neural,Table IV,wbcic_2c,sub-011,SingLEM,LUNA,0.885,0.73,0.155,,
strict_mlp_neural,Table IV,wbcic_2c,sub-012,SingLEM,LUNA,0.515,0.51,0.005,,
strict_mlp_neural,Table IV,wbcic_2c,sub-013,SingLEM,LUNA,0.865,0.55,0.315,,
strict_mlp_neural,Table IV,wbcic_2c,sub-014,SingLEM,LUNA,0.555,0.55,0.005,,
strict_mlp_neural,Table IV,wbcic_2c,sub-015,SingLEM,LUNA,0.85,0.55,0.3,,
strict_mlp_neural,Table IV,wbcic_2c,sub-016,SingLEM,LUNA,0.625,0.615,0.01,,
strict_mlp_neural,Table IV,wbcic_2c,sub-017,SingLEM,LUNA,0.76,0.625,0.135,,
strict_mlp_neural,Table IV,wbcic_2c,sub-018,SingLEM,LUNA,0.645,0.575,0.07,,
strict_mlp_neural,Table IV,wbcic_2c,sub-019,SingLEM,LUNA,0.78,0.7,0.08,,
strict_mlp_neural,Table IV,wbcic_2c,sub-020,SingLEM,LUNA,0.92,0.6,0.32,,
strict_mlp_neural,Table IV,wbcic_2c,sub-021,SingLEM,LUNA,0.925,0.705,0.22,,
strict_mlp_neural,Table IV,wbcic_2c,sub-022,SingLEM,LUNA,0.7,0.56,0.14,,
strict_mlp_neural,Table IV,wbcic_2c,sub-023,SingLEM,LUNA,0.8693467336683417,0.6130653266331658,0.256281407035,,
strict_mlp_neural,Table IV,wbcic_2c,sub-024,SingLEM,LUNA,0.955,0.61,0.345,,
strict_mlp_neural,Table IV,wbcic_2c,sub-025,SingLEM,LUNA,0.935,0.695,0.24,,
strict_mlp_neural,Table IV,wbcic_2c,sub-026,SingLEM,LUNA,0.8693467336683417,0.5577889447236181,0.311557788945,,
strict_mlp_neural,Table IV,wbcic_2c,sub-027,SingLEM,LUNA,0.685,0.525,0.16,,
strict_mlp_neural,Table IV,wbcic_2c,sub-028,SingLEM,LUNA,0.805,0.6,0.205,,
strict_mlp_neural,Table IV,wbcic_2c,sub-029,SingLEM,LUNA,0.51,0.48,0.03,,
strict_mlp_neural,Table IV,wbcic_2c,sub-030,SingLEM,LUNA,0.87,0.625,0.245,,
strict_mlp_neural,Table IV,wbcic_2c,sub-031,SingLEM,LUNA,0.89,0.65,0.24,,
strict_mlp_neural,Table IV,wbcic_2c,sub-032,SingLEM,LUNA,0.595,0.505,0.09,,
strict_mlp_neural,Table IV,wbcic_2c,sub-033,SingLEM,LUNA,0.9,0.685,0.215,,
strict_mlp_neural,Table IV,wbcic_2c,sub-034,SingLEM,LUNA,0.61,0.4,0.21,,
strict_mlp_neural,Table IV,wbcic_2c,sub-035,SingLEM,LUNA,0.97,0.635,0.335,,
strict_mlp_neural,Table IV,wbcic_2c,sub-036,SingLEM,LUNA,0.895,0.65,0.245,,
strict_mlp_neural,Table IV,wbcic_2c,sub-037,SingLEM,LUNA,0.925,0.645,0.28,,
strict_mlp_neural,Table IV,wbcic_2c,sub-038,SingLEM,LUNA,0.565,0.565,0.0,,
strict_mlp_neural,Table IV,wbcic_2c,sub-039,SingLEM,LUNA,0.565,0.47,0.095,,
strict_mlp_neural,Table IV,wbcic_2c,sub-040,SingLEM,LUNA,0.8,0.555,0.245,,
strict_mlp_neural,Table IV,wbcic_2c,sub-041,SingLEM,LUNA,0.9,0.635,0.265,,
strict_mlp_neural,Table IV,wbcic_2c,sub-042,SingLEM,LUNA,0.83,0.635,0.195,,
strict_mlp_neural,Table IV,wbcic_2c,sub-043,SingLEM,LUNA,0.985,0.73,0.255,,
strict_mlp_neural,Table IV,wbcic_2c,sub-044,SingLEM,LUNA,0.645,0.52,0.125,,
strict_mlp_neural,Table IV,wbcic_2c,sub-045,SingLEM,LUNA,0.815,0.545,0.27,,
strict_mlp_neural,Table IV,wbcic_2c,sub-046,SingLEM,LUNA,0.98,0.59,0.39,,
strict_mlp_neural,Table IV,wbcic_2c,sub-047,SingLEM,LUNA,0.835,0.615,0.22,,
strict_mlp_neural,Table IV,wbcic_2c,sub-048,SingLEM,LUNA,0.835,0.67,0.165,,
strict_mlp_neural,Table IV,wbcic_2c,sub-049,SingLEM,LUNA,0.835,0.37,0.465,,
strict_mlp_neural,Table IV,wbcic_2c,sub-050,SingLEM,LUNA,0.885,0.58,0.305,,
strict_mlp_neural,Table IV,wbcic_2c,sub-051,SingLEM,LUNA,0.82,0.535,0.285,,
strict_mlp_neural,Table IV,wbcic_2c,sub-001,SingLEM,MIRepNet,0.89,0.72,0.17,,
strict_mlp_neural,Table IV,wbcic_2c,sub-002,SingLEM,MIRepNet,0.725,0.5,0.225,,
strict_mlp_neural,Table IV,wbcic_2c,sub-003,SingLEM,MIRepNet,0.95,0.515,0.435,,
strict_mlp_neural,Table IV,wbcic_2c,sub-004,SingLEM,MIRepNet,0.5,0.48,0.02,,
strict_mlp_neural,Table IV,wbcic_2c,sub-005,SingLEM,MIRepNet,0.875,0.865,0.01,,
strict_mlp_neural,Table IV,wbcic_2c,sub-006,SingLEM,MIRepNet,0.87,0.695,0.175,,
strict_mlp_neural,Table IV,wbcic_2c,sub-007,SingLEM,MIRepNet,0.74,0.505,0.235,,
strict_mlp_neural,Table IV,wbcic_2c,sub-008,SingLEM,MIRepNet,0.915,0.6,0.315,,
strict_mlp_neural,Table IV,wbcic_2c,sub-009,SingLEM,MIRepNet,0.81,0.495,0.315,,
strict_mlp_neural,Table IV,wbcic_2c,sub-010,SingLEM,MIRepNet,0.835,0.49,0.345,,
strict_mlp_neural,Table IV,wbcic_2c,sub-011,SingLEM,MIRepNet,0.885,0.805,0.08,,
strict_mlp_neural,Table IV,wbcic_2c,sub-012,SingLEM,MIRepNet,0.515,0.52,-0.005,,
strict_mlp_neural,Table IV,wbcic_2c,sub-013,SingLEM,MIRepNet,0.865,0.63,0.235,,
strict_mlp_neural,Table IV,wbcic_2c,sub-014,SingLEM,MIRepNet,0.555,0.52,0.035,,
strict_mlp_neural,Table IV,wbcic_2c,sub-015,SingLEM,MIRepNet,0.85,0.62,0.23,,
strict_mlp_neural,Table IV,wbcic_2c,sub-016,SingLEM,MIRepNet,0.625,0.61,0.015,,
strict_mlp_neural,Table IV,wbcic_2c,sub-017,SingLEM,MIRepNet,0.76,0.6,0.16,,
strict_mlp_neural,Table IV,wbcic_2c,sub-018,SingLEM,MIRepNet,0.645,0.525,0.12,,
strict_mlp_neural,Table IV,wbcic_2c,sub-019,SingLEM,MIRepNet,0.78,0.65,0.13,,
strict_mlp_neural,Table IV,wbcic_2c,sub-020,SingLEM,MIRepNet,0.92,0.505,0.415,,
strict_mlp_neural,Table IV,wbcic_2c,sub-021,SingLEM,MIRepNet,0.925,0.68,0.245,,
strict_mlp_neural,Table IV,wbcic_2c,sub-022,SingLEM,MIRepNet,0.7,0.585,0.115,,
strict_mlp_neural,Table IV,wbcic_2c,sub-023,SingLEM,MIRepNet,0.8693467336683417,0.7487437185929648,0.120603015075,,
strict_mlp_neural,Table IV,wbcic_2c,sub-024,SingLEM,MIRepNet,0.955,0.635,0.32,,
strict_mlp_neural,Table IV,wbcic_2c,sub-025,SingLEM,MIRepNet,0.935,0.65,0.285,,
strict_mlp_neural,Table IV,wbcic_2c,sub-026,SingLEM,MIRepNet,0.8693467336683417,0.5527638190954773,0.316582914573,,
strict_mlp_neural,Table IV,wbcic_2c,sub-027,SingLEM,MIRepNet,0.685,0.52,0.165,,
strict_mlp_neural,Table IV,wbcic_2c,sub-028,SingLEM,MIRepNet,0.805,0.85,-0.045,,
strict_mlp_neural,Table IV,wbcic_2c,sub-029,SingLEM,MIRepNet,0.51,0.93,-0.42,,
strict_mlp_neural,Table IV,wbcic_2c,sub-030,SingLEM,MIRepNet,0.87,0.56,0.31,,
strict_mlp_neural,Table IV,wbcic_2c,sub-031,SingLEM,MIRepNet,0.89,0.62,0.27,,
strict_mlp_neural,Table IV,wbcic_2c,sub-032,SingLEM,MIRepNet,0.595,0.635,-0.04,,
strict_mlp_neural,Table IV,wbcic_2c,sub-033,SingLEM,MIRepNet,0.9,0.81,0.09,,
strict_mlp_neural,Table IV,wbcic_2c,sub-034,SingLEM,MIRepNet,0.61,0.575,0.035,,
strict_mlp_neural,Table IV,wbcic_2c,sub-035,SingLEM,MIRepNet,0.97,0.54,0.43,,
strict_mlp_neural,Table IV,wbcic_2c,sub-036,SingLEM,MIRepNet,0.895,0.66,0.235,,
strict_mlp_neural,Table IV,wbcic_2c,sub-037,SingLEM,MIRepNet,0.925,0.595,0.33,,
strict_mlp_neural,Table IV,wbcic_2c,sub-038,SingLEM,MIRepNet,0.565,0.545,0.02,,
strict_mlp_neural,Table IV,wbcic_2c,sub-039,SingLEM,MIRepNet,0.565,0.8,-0.235,,
strict_mlp_neural,Table IV,wbcic_2c,sub-040,SingLEM,MIRepNet,0.8,0.685,0.115,,
strict_mlp_neural,Table IV,wbcic_2c,sub-041,SingLEM,MIRepNet,0.9,0.715,0.185,,
strict_mlp_neural,Table IV,wbcic_2c,sub-042,SingLEM,MIRepNet,0.83,0.515,0.315,,
strict_mlp_neural,Table IV,wbcic_2c,sub-043,SingLEM,MIRepNet,0.985,0.605,0.38,,
strict_mlp_neural,Table IV,wbcic_2c,sub-044,SingLEM,MIRepNet,0.645,0.58,0.065,,
strict_mlp_neural,Table IV,wbcic_2c,sub-045,SingLEM,MIRepNet,0.815,0.515,0.3,,
strict_mlp_neural,Table IV,wbcic_2c,sub-046,SingLEM,MIRepNet,0.98,0.695,0.285,,
strict_mlp_neural,Table IV,wbcic_2c,sub-047,SingLEM,MIRepNet,0.835,0.49,0.345,,
strict_mlp_neural,Table IV,wbcic_2c,sub-048,SingLEM,MIRepNet,0.835,0.645,0.19,,
strict_mlp_neural,Table IV,wbcic_2c,sub-049,SingLEM,MIRepNet,0.835,0.6,0.235,,
strict_mlp_neural,Table IV,wbcic_2c,sub-050,SingLEM,MIRepNet,0.885,0.525,0.36,,
strict_mlp_neural,Table IV,wbcic_2c,sub-051,SingLEM,MIRepNet,0.82,0.57,0.25,,
strict_mlp_neural,Table IV,wbcic_2c,sub-001,SingLEM,CSP,0.89,0.5,0.39,,
strict_mlp_neural,Table IV,wbcic_2c,sub-002,SingLEM,CSP,0.725,0.55,0.175,,
strict_mlp_neural,Table IV,wbcic_2c,sub-003,SingLEM,CSP,0.95,0.5,0.45,,
strict_mlp_neural,Table IV,wbcic_2c,sub-004,SingLEM,CSP,0.5,0.475,0.025,,
strict_mlp_neural,Table IV,wbcic_2c,sub-005,SingLEM,CSP,0.875,0.53,0.345,,
strict_mlp_neural,Table IV,wbcic_2c,sub-006,SingLEM,CSP,0.87,0.495,0.375,,
strict_mlp_neural,Table IV,wbcic_2c,sub-007,SingLEM,CSP,0.74,0.495,0.245,,
strict_mlp_neural,Table IV,wbcic_2c,sub-008,SingLEM,CSP,0.915,0.495,0.42,,
strict_mlp_neural,Table IV,wbcic_2c,sub-009,SingLEM,CSP,0.81,0.505,0.305,,
strict_mlp_neural,Table IV,wbcic_2c,sub-010,SingLEM,CSP,0.835,0.525,0.31,,
strict_mlp_neural,Table IV,wbcic_2c,sub-011,SingLEM,CSP,0.885,0.48,0.405,,
strict_mlp_neural,Table IV,wbcic_2c,sub-012,SingLEM,CSP,0.515,0.48,0.035,,
strict_mlp_neural,Table IV,wbcic_2c,sub-013,SingLEM,CSP,0.865,0.51,0.355,,
strict_mlp_neural,Table IV,wbcic_2c,sub-014,SingLEM,CSP,0.555,0.505,0.05,,
strict_mlp_neural,Table IV,wbcic_2c,sub-015,SingLEM,CSP,0.85,0.505,0.345,,
strict_mlp_neural,Table IV,wbcic_2c,sub-016,SingLEM,CSP,0.625,0.51,0.115,,
strict_mlp_neural,Table IV,wbcic_2c,sub-017,SingLEM,CSP,0.76,0.52,0.24,,
strict_mlp_neural,Table IV,wbcic_2c,sub-018,SingLEM,CSP,0.645,0.52,0.125,,
strict_mlp_neural,Table IV,wbcic_2c,sub-019,SingLEM,CSP,0.78,0.51,0.27,,
strict_mlp_neural,Table IV,wbcic_2c,sub-020,SingLEM,CSP,0.92,0.52,0.4,,
strict_mlp_neural,Table IV,wbcic_2c,sub-021,SingLEM,CSP,0.925,0.485,0.44,,
strict_mlp_neural,Table IV,wbcic_2c,sub-022,SingLEM,CSP,0.7,0.5,0.2,,
strict_mlp_neural,Table IV,wbcic_2c,sub-023,SingLEM,CSP,0.8693467336683417,0.507537688442211,0.361809045226,,
strict_mlp_neural,Table IV,wbcic_2c,sub-024,SingLEM,CSP,0.955,0.465,0.49,,
strict_mlp_neural,Table IV,wbcic_2c,sub-025,SingLEM,CSP,0.935,0.545,0.39,,
strict_mlp_neural,Table IV,wbcic_2c,sub-026,SingLEM,CSP,0.8693467336683417,0.49748743718592964,0.371859296482,,
strict_mlp_neural,Table IV,wbcic_2c,sub-027,SingLEM,CSP,0.685,0.545,0.14,,
strict_mlp_neural,Table IV,wbcic_2c,sub-028,SingLEM,CSP,0.805,0.515,0.29,,
strict_mlp_neural,Table IV,wbcic_2c,sub-029,SingLEM,CSP,0.51,0.48,0.03,,
strict_mlp_neural,Table IV,wbcic_2c,sub-030,SingLEM,CSP,0.87,0.45,0.42,,
strict_mlp_neural,Table IV,wbcic_2c,sub-031,SingLEM,CSP,0.89,0.485,0.405,,
strict_mlp_neural,Table IV,wbcic_2c,sub-032,SingLEM,CSP,0.595,0.51,0.085,,
strict_mlp_neural,Table IV,wbcic_2c,sub-033,SingLEM,CSP,0.9,0.48,0.42,,
strict_mlp_neural,Table IV,wbcic_2c,sub-034,SingLEM,CSP,0.61,0.48,0.13,,
strict_mlp_neural,Table IV,wbcic_2c,sub-035,SingLEM,CSP,0.97,0.5,0.47,,
strict_mlp_neural,Table IV,wbcic_2c,sub-036,SingLEM,CSP,0.895,0.47,0.425,,
strict_mlp_neural,Table IV,wbcic_2c,sub-037,SingLEM,CSP,0.925,0.495,0.43,,
strict_mlp_neural,Table IV,wbcic_2c,sub-038,SingLEM,CSP,0.565,0.48,0.085,,
strict_mlp_neural,Table IV,wbcic_2c,sub-039,SingLEM,CSP,0.565,0.52,0.045,,
strict_mlp_neural,Table IV,wbcic_2c,sub-040,SingLEM,CSP,0.8,0.485,0.315,,
strict_mlp_neural,Table IV,wbcic_2c,sub-041,SingLEM,CSP,0.9,0.525,0.375,,
strict_mlp_neural,Table IV,wbcic_2c,sub-042,SingLEM,CSP,0.83,0.5,0.33,,
strict_mlp_neural,Table IV,wbcic_2c,sub-043,SingLEM,CSP,0.985,0.5,0.485,,
strict_mlp_neural,Table IV,wbcic_2c,sub-044,SingLEM,CSP,0.645,0.53,0.115,,
strict_mlp_neural,Table IV,wbcic_2c,sub-045,SingLEM,CSP,0.815,0.51,0.305,,
strict_mlp_neural,Table IV,wbcic_2c,sub-046,SingLEM,CSP,0.98,0.455,0.525,,
strict_mlp_neural,Table IV,wbcic_2c,sub-047,SingLEM,CSP,0.835,0.57,0.265,,
strict_mlp_neural,Table IV,wbcic_2c,sub-048,SingLEM,CSP,0.835,0.42,0.415,,
strict_mlp_neural,Table IV,wbcic_2c,sub-049,SingLEM,CSP,0.835,0.5,0.335,,
strict_mlp_neural,Table IV,wbcic_2c,sub-050,SingLEM,CSP,0.885,0.515,0.37,,
strict_mlp_neural,Table IV,wbcic_2c,sub-051,SingLEM,CSP,0.82,0.51,0.31,,
strict_mlp_neural,Table IV,wbcic_2c,sub-001,SingLEM,Welch PSD,0.89,0.52,0.37,,
strict_mlp_neural,Table IV,wbcic_2c,sub-002,SingLEM,Welch PSD,0.725,0.49,0.235,,
strict_mlp_neural,Table IV,wbcic_2c,sub-003,SingLEM,Welch PSD,0.95,0.55,0.4,,
strict_mlp_neural,Table IV,wbcic_2c,sub-004,SingLEM,Welch PSD,0.5,0.5,0.0,,
strict_mlp_neural,Table IV,wbcic_2c,sub-005,SingLEM,Welch PSD,0.875,0.57,0.305,,
strict_mlp_neural,Table IV,wbcic_2c,sub-006,SingLEM,Welch PSD,0.87,0.7,0.17,,
strict_mlp_neural,Table IV,wbcic_2c,sub-007,SingLEM,Welch PSD,0.74,0.51,0.23,,
strict_mlp_neural,Table IV,wbcic_2c,sub-008,SingLEM,Welch PSD,0.915,0.56,0.355,,
strict_mlp_neural,Table IV,wbcic_2c,sub-009,SingLEM,Welch PSD,0.81,0.55,0.26,,
strict_mlp_neural,Table IV,wbcic_2c,sub-010,SingLEM,Welch PSD,0.835,0.525,0.31,,
strict_mlp_neural,Table IV,wbcic_2c,sub-011,SingLEM,Welch PSD,0.885,0.59,0.295,,
strict_mlp_neural,Table IV,wbcic_2c,sub-012,SingLEM,Welch PSD,0.515,0.53,-0.015,,
strict_mlp_neural,Table IV,wbcic_2c,sub-013,SingLEM,Welch PSD,0.865,0.58,0.285,,
strict_mlp_neural,Table IV,wbcic_2c,sub-014,SingLEM,Welch PSD,0.555,0.475,0.08,,
strict_mlp_neural,Table IV,wbcic_2c,sub-015,SingLEM,Welch PSD,0.85,0.525,0.325,,
strict_mlp_neural,Table IV,wbcic_2c,sub-016,SingLEM,Welch PSD,0.625,0.48,0.145,,
strict_mlp_neural,Table IV,wbcic_2c,sub-017,SingLEM,Welch PSD,0.76,0.49,0.27,,
strict_mlp_neural,Table IV,wbcic_2c,sub-018,SingLEM,Welch PSD,0.645,0.515,0.13,,
strict_mlp_neural,Table IV,wbcic_2c,sub-019,SingLEM,Welch PSD,0.78,0.515,0.265,,
strict_mlp_neural,Table IV,wbcic_2c,sub-020,SingLEM,Welch PSD,0.92,0.5,0.42,,
strict_mlp_neural,Table IV,wbcic_2c,sub-021,SingLEM,Welch PSD,0.925,0.625,0.3,,
strict_mlp_neural,Table IV,wbcic_2c,sub-022,SingLEM,Welch PSD,0.7,0.555,0.145,,
strict_mlp_neural,Table IV,wbcic_2c,sub-023,SingLEM,Welch PSD,0.8693467336683417,0.48743718592964824,0.381909547739,,
strict_mlp_neural,Table IV,wbcic_2c,sub-024,SingLEM,Welch PSD,0.955,0.54,0.415,,
strict_mlp_neural,Table IV,wbcic_2c,sub-025,SingLEM,Welch PSD,0.935,0.5,0.435,,
strict_mlp_neural,Table IV,wbcic_2c,sub-026,SingLEM,Welch PSD,0.8693467336683417,0.5477386934673367,0.321608040201,,
strict_mlp_neural,Table IV,wbcic_2c,sub-027,SingLEM,Welch PSD,0.685,0.53,0.155,,
strict_mlp_neural,Table IV,wbcic_2c,sub-028,SingLEM,Welch PSD,0.805,0.655,0.15,,
strict_mlp_neural,Table IV,wbcic_2c,sub-029,SingLEM,Welch PSD,0.51,0.62,-0.11,,
strict_mlp_neural,Table IV,wbcic_2c,sub-030,SingLEM,Welch PSD,0.87,0.575,0.295,,
strict_mlp_neural,Table IV,wbcic_2c,sub-031,SingLEM,Welch PSD,0.89,0.515,0.375,,
strict_mlp_neural,Table IV,wbcic_2c,sub-032,SingLEM,Welch PSD,0.595,0.575,0.02,,
strict_mlp_neural,Table IV,wbcic_2c,sub-033,SingLEM,Welch PSD,0.9,0.62,0.28,,
strict_mlp_neural,Table IV,wbcic_2c,sub-034,SingLEM,Welch PSD,0.61,0.535,0.075,,
strict_mlp_neural,Table IV,wbcic_2c,sub-035,SingLEM,Welch PSD,0.97,0.5,0.47,,
strict_mlp_neural,Table IV,wbcic_2c,sub-036,SingLEM,Welch PSD,0.895,0.55,0.345,,
strict_mlp_neural,Table IV,wbcic_2c,sub-037,SingLEM,Welch PSD,0.925,0.485,0.44,,
strict_mlp_neural,Table IV,wbcic_2c,sub-038,SingLEM,Welch PSD,0.565,0.5,0.065,,
strict_mlp_neural,Table IV,wbcic_2c,sub-039,SingLEM,Welch PSD,0.565,0.535,0.03,,
strict_mlp_neural,Table IV,wbcic_2c,sub-040,SingLEM,Welch PSD,0.8,0.57,0.23,,
strict_mlp_neural,Table IV,wbcic_2c,sub-041,SingLEM,Welch PSD,0.9,0.585,0.315,,
strict_mlp_neural,Table IV,wbcic_2c,sub-042,SingLEM,Welch PSD,0.83,0.59,0.24,,
strict_mlp_neural,Table IV,wbcic_2c,sub-043,SingLEM,Welch PSD,0.985,0.56,0.425,,
strict_mlp_neural,Table IV,wbcic_2c,sub-044,SingLEM,Welch PSD,0.645,0.56,0.085,,
strict_mlp_neural,Table IV,wbcic_2c,sub-045,SingLEM,Welch PSD,0.815,0.57,0.245,,
strict_mlp_neural,Table IV,wbcic_2c,sub-046,SingLEM,Welch PSD,0.98,0.57,0.41,,
strict_mlp_neural,Table IV,wbcic_2c,sub-047,SingLEM,Welch PSD,0.835,0.555,0.28,,
strict_mlp_neural,Table IV,wbcic_2c,sub-048,SingLEM,Welch PSD,0.835,0.52,0.315,,
strict_mlp_neural,Table IV,wbcic_2c,sub-049,SingLEM,Welch PSD,0.835,0.695,0.14,,
strict_mlp_neural,Table IV,wbcic_2c,sub-050,SingLEM,Welch PSD,0.885,0.55,0.335,,
strict_mlp_neural,Table IV,wbcic_2c,sub-051,SingLEM,Welch PSD,0.82,0.49,0.33,,
strict_mlp_neural,Table IV,wbcic_2c,sub-001,SingLEM,EEGNet,0.89,0.82,0.07,,
strict_mlp_neural,Table IV,wbcic_2c,sub-002,SingLEM,EEGNet,0.725,0.625,0.1,,
strict_mlp_neural,Table IV,wbcic_2c,sub-003,SingLEM,EEGNet,0.95,0.945,0.005,,
strict_mlp_neural,Table IV,wbcic_2c,sub-004,SingLEM,EEGNet,0.5,0.58,-0.08,,
strict_mlp_neural,Table IV,wbcic_2c,sub-005,SingLEM,EEGNet,0.875,0.745,0.13,,
strict_mlp_neural,Table IV,wbcic_2c,sub-006,SingLEM,EEGNet,0.87,0.75,0.12,,
strict_mlp_neural,Table IV,wbcic_2c,sub-007,SingLEM,EEGNet,0.74,0.66,0.08,,
strict_mlp_neural,Table IV,wbcic_2c,sub-008,SingLEM,EEGNet,0.915,0.89,0.025,,
strict_mlp_neural,Table IV,wbcic_2c,sub-009,SingLEM,EEGNet,0.81,0.635,0.175,,
strict_mlp_neural,Table IV,wbcic_2c,sub-010,SingLEM,EEGNet,0.835,0.825,0.01,,
strict_mlp_neural,Table IV,wbcic_2c,sub-011,SingLEM,EEGNet,0.885,0.905,-0.02,,
strict_mlp_neural,Table IV,wbcic_2c,sub-012,SingLEM,EEGNet,0.515,0.53,-0.015,,
strict_mlp_neural,Table IV,wbcic_2c,sub-013,SingLEM,EEGNet,0.865,0.775,0.09,,
strict_mlp_neural,Table IV,wbcic_2c,sub-014,SingLEM,EEGNet,0.555,0.535,0.02,,
strict_mlp_neural,Table IV,wbcic_2c,sub-015,SingLEM,EEGNet,0.85,0.78,0.07,,
strict_mlp_neural,Table IV,wbcic_2c,sub-016,SingLEM,EEGNet,0.625,0.75,-0.125,,
strict_mlp_neural,Table IV,wbcic_2c,sub-017,SingLEM,EEGNet,0.76,0.72,0.04,,
strict_mlp_neural,Table IV,wbcic_2c,sub-018,SingLEM,EEGNet,0.645,0.695,-0.05,,
strict_mlp_neural,Table IV,wbcic_2c,sub-019,SingLEM,EEGNet,0.78,0.71,0.07,,
strict_mlp_neural,Table IV,wbcic_2c,sub-020,SingLEM,EEGNet,0.92,0.9,0.02,,
strict_mlp_neural,Table IV,wbcic_2c,sub-021,SingLEM,EEGNet,0.925,0.83,0.095,,
strict_mlp_neural,Table IV,wbcic_2c,sub-022,SingLEM,EEGNet,0.7,0.605,0.095,,
strict_mlp_neural,Table IV,wbcic_2c,sub-023,SingLEM,EEGNet,0.8693467336683417,0.8592964824120602,0.010050251256,,
strict_mlp_neural,Table IV,wbcic_2c,sub-024,SingLEM,EEGNet,0.955,0.8,0.155,,
strict_mlp_neural,Table IV,wbcic_2c,sub-025,SingLEM,EEGNet,0.935,0.7,0.235,,
strict_mlp_neural,Table IV,wbcic_2c,sub-026,SingLEM,EEGNet,0.8693467336683417,0.9396984924623115,-0.070351758794,,
strict_mlp_neural,Table IV,wbcic_2c,sub-027,SingLEM,EEGNet,0.685,0.71,-0.025,,
strict_mlp_neural,Table IV,wbcic_2c,sub-028,SingLEM,EEGNet,0.805,0.875,-0.07,,
strict_mlp_neural,Table IV,wbcic_2c,sub-029,SingLEM,EEGNet,0.51,0.435,0.075,,
strict_mlp_neural,Table IV,wbcic_2c,sub-030,SingLEM,EEGNet,0.87,0.61,0.26,,
strict_mlp_neural,Table IV,wbcic_2c,sub-031,SingLEM,EEGNet,0.89,0.795,0.095,,
strict_mlp_neural,Table IV,wbcic_2c,sub-032,SingLEM,EEGNet,0.595,0.615,-0.02,,
strict_mlp_neural,Table IV,wbcic_2c,sub-033,SingLEM,EEGNet,0.9,0.81,0.09,,
strict_mlp_neural,Table IV,wbcic_2c,sub-034,SingLEM,EEGNet,0.61,0.67,-0.06,,
strict_mlp_neural,Table IV,wbcic_2c,sub-035,SingLEM,EEGNet,0.97,0.88,0.09,,
strict_mlp_neural,Table IV,wbcic_2c,sub-036,SingLEM,EEGNet,0.895,0.58,0.315,,
strict_mlp_neural,Table IV,wbcic_2c,sub-037,SingLEM,EEGNet,0.925,0.915,0.01,,
strict_mlp_neural,Table IV,wbcic_2c,sub-038,SingLEM,EEGNet,0.565,0.505,0.06,,
strict_mlp_neural,Table IV,wbcic_2c,sub-039,SingLEM,EEGNet,0.565,0.495,0.07,,
strict_mlp_neural,Table IV,wbcic_2c,sub-040,SingLEM,EEGNet,0.8,0.56,0.24,,
strict_mlp_neural,Table IV,wbcic_2c,sub-041,SingLEM,EEGNet,0.9,0.555,0.345,,
strict_mlp_neural,Table IV,wbcic_2c,sub-042,SingLEM,EEGNet,0.83,0.78,0.05,,
strict_mlp_neural,Table IV,wbcic_2c,sub-043,SingLEM,EEGNet,0.985,0.9,0.085,,
strict_mlp_neural,Table IV,wbcic_2c,sub-044,SingLEM,EEGNet,0.645,0.575,0.07,,
strict_mlp_neural,Table IV,wbcic_2c,sub-045,SingLEM,EEGNet,0.815,0.81,0.005,,
strict_mlp_neural,Table IV,wbcic_2c,sub-046,SingLEM,EEGNet,0.98,0.59,0.39,,
strict_mlp_neural,Table IV,wbcic_2c,sub-047,SingLEM,EEGNet,0.835,0.785,0.05,,
strict_mlp_neural,Table IV,wbcic_2c,sub-048,SingLEM,EEGNet,0.835,0.885,-0.05,,
strict_mlp_neural,Table IV,wbcic_2c,sub-049,SingLEM,EEGNet,0.835,0.82,0.015,,
strict_mlp_neural,Table IV,wbcic_2c,sub-050,SingLEM,EEGNet,0.885,0.78,0.105,,
strict_mlp_neural,Table IV,wbcic_2c,sub-051,SingLEM,EEGNet,0.82,0.79,0.03,,
strict_mlp_neural,Table IV,wbcic_2c,sub-001,SingLEM,EEGConformer,0.89,0.755,0.135,,
strict_mlp_neural,Table IV,wbcic_2c,sub-002,SingLEM,EEGConformer,0.725,0.63,0.095,,
strict_mlp_neural,Table IV,wbcic_2c,sub-003,SingLEM,EEGConformer,0.95,0.875,0.075,,
strict_mlp_neural,Table IV,wbcic_2c,sub-004,SingLEM,EEGConformer,0.5,0.525,-0.025,,
strict_mlp_neural,Table IV,wbcic_2c,sub-005,SingLEM,EEGConformer,0.875,0.65,0.225,,
strict_mlp_neural,Table IV,wbcic_2c,sub-006,SingLEM,EEGConformer,0.87,0.795,0.075,,
strict_mlp_neural,Table IV,wbcic_2c,sub-007,SingLEM,EEGConformer,0.74,0.595,0.145,,
strict_mlp_neural,Table IV,wbcic_2c,sub-008,SingLEM,EEGConformer,0.915,0.89,0.025,,
strict_mlp_neural,Table IV,wbcic_2c,sub-009,SingLEM,EEGConformer,0.81,0.7,0.11,,
strict_mlp_neural,Table IV,wbcic_2c,sub-010,SingLEM,EEGConformer,0.835,0.76,0.075,,
strict_mlp_neural,Table IV,wbcic_2c,sub-011,SingLEM,EEGConformer,0.885,0.855,0.03,,
strict_mlp_neural,Table IV,wbcic_2c,sub-012,SingLEM,EEGConformer,0.515,0.495,0.02,,
strict_mlp_neural,Table IV,wbcic_2c,sub-013,SingLEM,EEGConformer,0.865,0.68,0.185,,
strict_mlp_neural,Table IV,wbcic_2c,sub-014,SingLEM,EEGConformer,0.555,0.515,0.04,,
strict_mlp_neural,Table IV,wbcic_2c,sub-015,SingLEM,EEGConformer,0.85,0.74,0.11,,
strict_mlp_neural,Table IV,wbcic_2c,sub-016,SingLEM,EEGConformer,0.625,0.74,-0.115,,
strict_mlp_neural,Table IV,wbcic_2c,sub-017,SingLEM,EEGConformer,0.76,0.585,0.175,,
strict_mlp_neural,Table IV,wbcic_2c,sub-018,SingLEM,EEGConformer,0.645,0.645,0.0,,
strict_mlp_neural,Table IV,wbcic_2c,sub-019,SingLEM,EEGConformer,0.78,0.79,-0.01,,
strict_mlp_neural,Table IV,wbcic_2c,sub-020,SingLEM,EEGConformer,0.92,0.82,0.1,,
strict_mlp_neural,Table IV,wbcic_2c,sub-021,SingLEM,EEGConformer,0.925,0.805,0.12,,
strict_mlp_neural,Table IV,wbcic_2c,sub-022,SingLEM,EEGConformer,0.7,0.675,0.025,,
strict_mlp_neural,Table IV,wbcic_2c,sub-023,SingLEM,EEGConformer,0.8693467336683417,0.7537688442211056,0.115577889447,,
strict_mlp_neural,Table IV,wbcic_2c,sub-024,SingLEM,EEGConformer,0.955,0.905,0.05,,
strict_mlp_neural,Table IV,wbcic_2c,sub-025,SingLEM,EEGConformer,0.935,0.835,0.1,,
strict_mlp_neural,Table IV,wbcic_2c,sub-026,SingLEM,EEGConformer,0.8693467336683417,0.9195979899497487,-0.050251256281,,
strict_mlp_neural,Table IV,wbcic_2c,sub-027,SingLEM,EEGConformer,0.685,0.655,0.03,,
strict_mlp_neural,Table IV,wbcic_2c,sub-028,SingLEM,EEGConformer,0.805,0.72,0.085,,
strict_mlp_neural,Table IV,wbcic_2c,sub-029,SingLEM,EEGConformer,0.51,0.695,-0.185,,
strict_mlp_neural,Table IV,wbcic_2c,sub-030,SingLEM,EEGConformer,0.87,0.71,0.16,,
strict_mlp_neural,Table IV,wbcic_2c,sub-031,SingLEM,EEGConformer,0.89,0.79,0.1,,
strict_mlp_neural,Table IV,wbcic_2c,sub-032,SingLEM,EEGConformer,0.595,0.545,0.05,,
strict_mlp_neural,Table IV,wbcic_2c,sub-033,SingLEM,EEGConformer,0.9,0.78,0.12,,
strict_mlp_neural,Table IV,wbcic_2c,sub-034,SingLEM,EEGConformer,0.61,0.485,0.125,,
strict_mlp_neural,Table IV,wbcic_2c,sub-035,SingLEM,EEGConformer,0.97,0.775,0.195,,
strict_mlp_neural,Table IV,wbcic_2c,sub-036,SingLEM,EEGConformer,0.895,0.81,0.085,,
strict_mlp_neural,Table IV,wbcic_2c,sub-037,SingLEM,EEGConformer,0.925,0.82,0.105,,
strict_mlp_neural,Table IV,wbcic_2c,sub-038,SingLEM,EEGConformer,0.565,0.505,0.06,,
strict_mlp_neural,Table IV,wbcic_2c,sub-039,SingLEM,EEGConformer,0.565,0.775,-0.21,,
strict_mlp_neural,Table IV,wbcic_2c,sub-040,SingLEM,EEGConformer,0.8,0.705,0.095,,
strict_mlp_neural,Table IV,wbcic_2c,sub-041,SingLEM,EEGConformer,0.9,0.87,0.03,,
strict_mlp_neural,Table IV,wbcic_2c,sub-042,SingLEM,EEGConformer,0.83,0.75,0.08,,
strict_mlp_neural,Table IV,wbcic_2c,sub-043,SingLEM,EEGConformer,0.985,0.845,0.14,,
strict_mlp_neural,Table IV,wbcic_2c,sub-044,SingLEM,EEGConformer,0.645,0.645,0.0,,
strict_mlp_neural,Table IV,wbcic_2c,sub-045,SingLEM,EEGConformer,0.815,0.655,0.16,,
strict_mlp_neural,Table IV,wbcic_2c,sub-046,SingLEM,EEGConformer,0.98,0.84,0.14,,
strict_mlp_neural,Table IV,wbcic_2c,sub-047,SingLEM,EEGConformer,0.835,0.695,0.14,,
strict_mlp_neural,Table IV,wbcic_2c,sub-048,SingLEM,EEGConformer,0.835,0.835,0.0,,
strict_mlp_neural,Table IV,wbcic_2c,sub-049,SingLEM,EEGConformer,0.835,0.425,0.41,,
strict_mlp_neural,Table IV,wbcic_2c,sub-050,SingLEM,EEGConformer,0.885,0.705,0.18,,
strict_mlp_neural,Table IV,wbcic_2c,sub-051,SingLEM,EEGConformer,0.82,0.705,0.115,,
strict_mlp_neural,Table IV,wbcic_2c,sub-001,SingLEM,IFNetV2,0.89,0.825,0.065,,
strict_mlp_neural,Table IV,wbcic_2c,sub-002,SingLEM,IFNetV2,0.725,0.58,0.145,,
strict_mlp_neural,Table IV,wbcic_2c,sub-003,SingLEM,IFNetV2,0.95,0.895,0.055,,
strict_mlp_neural,Table IV,wbcic_2c,sub-004,SingLEM,IFNetV2,0.5,0.53,-0.03,,
strict_mlp_neural,Table IV,wbcic_2c,sub-005,SingLEM,IFNetV2,0.875,0.855,0.02,,
strict_mlp_neural,Table IV,wbcic_2c,sub-006,SingLEM,IFNetV2,0.87,0.89,-0.02,,
strict_mlp_neural,Table IV,wbcic_2c,sub-007,SingLEM,IFNetV2,0.74,0.695,0.045,,
strict_mlp_neural,Table IV,wbcic_2c,sub-008,SingLEM,IFNetV2,0.915,0.82,0.095,,
strict_mlp_neural,Table IV,wbcic_2c,sub-009,SingLEM,IFNetV2,0.81,0.685,0.125,,
strict_mlp_neural,Table IV,wbcic_2c,sub-010,SingLEM,IFNetV2,0.835,0.695,0.14,,
strict_mlp_neural,Table IV,wbcic_2c,sub-011,SingLEM,IFNetV2,0.885,0.88,0.005,,
strict_mlp_neural,Table IV,wbcic_2c,sub-012,SingLEM,IFNetV2,0.515,0.515,0.0,,
strict_mlp_neural,Table IV,wbcic_2c,sub-013,SingLEM,IFNetV2,0.865,0.76,0.105,,
strict_mlp_neural,Table IV,wbcic_2c,sub-014,SingLEM,IFNetV2,0.555,0.56,-0.005,,
strict_mlp_neural,Table IV,wbcic_2c,sub-015,SingLEM,IFNetV2,0.85,0.68,0.17,,
strict_mlp_neural,Table IV,wbcic_2c,sub-016,SingLEM,IFNetV2,0.625,0.675,-0.05,,
strict_mlp_neural,Table IV,wbcic_2c,sub-017,SingLEM,IFNetV2,0.76,0.555,0.205,,
strict_mlp_neural,Table IV,wbcic_2c,sub-018,SingLEM,IFNetV2,0.645,0.52,0.125,,
strict_mlp_neural,Table IV,wbcic_2c,sub-019,SingLEM,IFNetV2,0.78,0.57,0.21,,
strict_mlp_neural,Table IV,wbcic_2c,sub-020,SingLEM,IFNetV2,0.92,0.815,0.105,,
strict_mlp_neural,Table IV,wbcic_2c,sub-021,SingLEM,IFNetV2,0.925,0.82,0.105,,
strict_mlp_neural,Table IV,wbcic_2c,sub-022,SingLEM,IFNetV2,0.7,0.695,0.005,,
strict_mlp_neural,Table IV,wbcic_2c,sub-023,SingLEM,IFNetV2,0.8693467336683417,0.7437185929648241,0.125628140704,,
strict_mlp_neural,Table IV,wbcic_2c,sub-024,SingLEM,IFNetV2,0.955,0.64,0.315,,
strict_mlp_neural,Table IV,wbcic_2c,sub-025,SingLEM,IFNetV2,0.935,0.79,0.145,,
strict_mlp_neural,Table IV,wbcic_2c,sub-026,SingLEM,IFNetV2,0.8693467336683417,0.7939698492462312,0.075376884422,,
strict_mlp_neural,Table IV,wbcic_2c,sub-027,SingLEM,IFNetV2,0.685,0.5,0.185,,
strict_mlp_neural,Table IV,wbcic_2c,sub-028,SingLEM,IFNetV2,0.805,0.86,-0.055,,
strict_mlp_neural,Table IV,wbcic_2c,sub-029,SingLEM,IFNetV2,0.51,0.695,-0.185,,
strict_mlp_neural,Table IV,wbcic_2c,sub-030,SingLEM,IFNetV2,0.87,0.895,-0.025,,
strict_mlp_neural,Table IV,wbcic_2c,sub-031,SingLEM,IFNetV2,0.89,0.7,0.19,,
strict_mlp_neural,Table IV,wbcic_2c,sub-032,SingLEM,IFNetV2,0.595,0.72,-0.125,,
strict_mlp_neural,Table IV,wbcic_2c,sub-033,SingLEM,IFNetV2,0.9,0.82,0.08,,
strict_mlp_neural,Table IV,wbcic_2c,sub-034,SingLEM,IFNetV2,0.61,0.585,0.025,,
strict_mlp_neural,Table IV,wbcic_2c,sub-035,SingLEM,IFNetV2,0.97,0.775,0.195,,
strict_mlp_neural,Table IV,wbcic_2c,sub-036,SingLEM,IFNetV2,0.895,0.82,0.075,,
strict_mlp_neural,Table IV,wbcic_2c,sub-037,SingLEM,IFNetV2,0.925,0.75,0.175,,
strict_mlp_neural,Table IV,wbcic_2c,sub-038,SingLEM,IFNetV2,0.565,0.515,0.05,,
strict_mlp_neural,Table IV,wbcic_2c,sub-039,SingLEM,IFNetV2,0.565,0.645,-0.08,,
strict_mlp_neural,Table IV,wbcic_2c,sub-040,SingLEM,IFNetV2,0.8,0.83,-0.03,,
strict_mlp_neural,Table IV,wbcic_2c,sub-041,SingLEM,IFNetV2,0.9,0.865,0.035,,
strict_mlp_neural,Table IV,wbcic_2c,sub-042,SingLEM,IFNetV2,0.83,0.785,0.045,,
strict_mlp_neural,Table IV,wbcic_2c,sub-043,SingLEM,IFNetV2,0.985,0.945,0.04,,
strict_mlp_neural,Table IV,wbcic_2c,sub-044,SingLEM,IFNetV2,0.645,0.685,-0.04,,
strict_mlp_neural,Table IV,wbcic_2c,sub-045,SingLEM,IFNetV2,0.815,0.82,-0.005,,
strict_mlp_neural,Table IV,wbcic_2c,sub-046,SingLEM,IFNetV2,0.98,0.9,0.08,,
strict_mlp_neural,Table IV,wbcic_2c,sub-047,SingLEM,IFNetV2,0.835,0.84,-0.005,,
strict_mlp_neural,Table IV,wbcic_2c,sub-048,SingLEM,IFNetV2,0.835,0.77,0.065,,
strict_mlp_neural,Table IV,wbcic_2c,sub-049,SingLEM,IFNetV2,0.835,0.895,-0.06,,
strict_mlp_neural,Table IV,wbcic_2c,sub-050,SingLEM,IFNetV2,0.885,0.825,0.06,,
strict_mlp_neural,Table IV,wbcic_2c,sub-051,SingLEM,IFNetV2,0.82,0.785,0.035,,
strict_mlp_neural,Table IV,atten_nback,VP001,SingLEM,BENDR,0.5462962962962963,0.42592592592592593,0.12037037037,,
strict_mlp_neural,Table IV,atten_nback,VP002,SingLEM,BENDR,0.6944444444444444,0.5092592592592593,0.185185185185,,
strict_mlp_neural,Table IV,atten_nback,VP003,SingLEM,BENDR,0.8703703703703703,0.5833333333333334,0.287037037037,,
strict_mlp_neural,Table IV,atten_nback,VP004,SingLEM,BENDR,0.5648148148148148,0.5555555555555556,0.009259259259,,
strict_mlp_neural,Table IV,atten_nback,VP005,SingLEM,BENDR,0.8333333333333334,0.5740740740740741,0.259259259259,,
strict_mlp_neural,Table IV,atten_nback,VP006,SingLEM,BENDR,0.8425925925925926,0.6111111111111112,0.231481481481,,
strict_mlp_neural,Table IV,atten_nback,VP007,SingLEM,BENDR,0.8888888888888888,0.48148148148148145,0.407407407407,,
strict_mlp_neural,Table IV,atten_nback,VP008,SingLEM,BENDR,0.9166666666666666,0.6574074074074074,0.259259259259,,
strict_mlp_neural,Table IV,atten_nback,VP009,SingLEM,BENDR,0.8981481481481481,0.7314814814814815,0.166666666667,,
strict_mlp_neural,Table IV,atten_nback,VP010,SingLEM,BENDR,0.8148148148148148,0.5925925925925926,0.222222222222,,
strict_mlp_neural,Table IV,atten_nback,VP011,SingLEM,BENDR,0.7407407407407407,0.5648148148148148,0.175925925926,,
strict_mlp_neural,Table IV,atten_nback,VP012,SingLEM,BENDR,0.9074074074074074,0.6296296296296297,0.277777777778,,
strict_mlp_neural,Table IV,atten_nback,VP013,SingLEM,BENDR,0.8425925925925926,0.5185185185185185,0.324074074074,,
strict_mlp_neural,Table IV,atten_nback,VP014,SingLEM,BENDR,0.9074074074074074,0.5925925925925926,0.314814814815,,
strict_mlp_neural,Table IV,atten_nback,VP015,SingLEM,BENDR,0.8333333333333334,0.5740740740740741,0.259259259259,,
strict_mlp_neural,Table IV,atten_nback,VP016,SingLEM,BENDR,0.8888888888888888,0.5740740740740741,0.314814814815,,
strict_mlp_neural,Table IV,atten_nback,VP017,SingLEM,BENDR,0.9074074074074074,0.5555555555555556,0.351851851852,,
strict_mlp_neural,Table IV,atten_nback,VP018,SingLEM,BENDR,0.7777777777777778,0.5370370370370371,0.240740740741,,
strict_mlp_neural,Table IV,atten_nback,VP019,SingLEM,BENDR,0.8981481481481481,0.5555555555555556,0.342592592593,,
strict_mlp_neural,Table IV,atten_nback,VP020,SingLEM,BENDR,0.8518518518518519,0.5092592592592593,0.342592592593,,
strict_mlp_neural,Table IV,atten_nback,VP021,SingLEM,BENDR,0.8240740740740741,0.6203703703703703,0.203703703704,,
strict_mlp_neural,Table IV,atten_nback,VP022,SingLEM,BENDR,0.8425925925925926,0.49074074074074076,0.351851851852,,
strict_mlp_neural,Table IV,atten_nback,VP023,SingLEM,BENDR,0.8981481481481481,0.5833333333333334,0.314814814815,,
strict_mlp_neural,Table IV,atten_nback,VP024,SingLEM,BENDR,0.7777777777777778,0.5648148148148148,0.212962962963,,
strict_mlp_neural,Table IV,atten_nback,VP025,SingLEM,BENDR,0.9537037037037037,0.6203703703703703,0.333333333333,,
strict_mlp_neural,Table IV,atten_nback,VP026,SingLEM,BENDR,0.8055555555555556,0.5740740740740741,0.231481481481,,
strict_mlp_neural,Table IV,atten_nback,VP001,SingLEM,BIOT,0.5462962962962963,0.5833333333333334,-0.037037037037,,
strict_mlp_neural,Table IV,atten_nback,VP002,SingLEM,BIOT,0.6944444444444444,0.6111111111111112,0.083333333333,,
strict_mlp_neural,Table IV,atten_nback,VP003,SingLEM,BIOT,0.8703703703703703,0.6296296296296297,0.240740740741,,
strict_mlp_neural,Table IV,atten_nback,VP004,SingLEM,BIOT,0.5648148148148148,0.48148148148148145,0.083333333333,,
strict_mlp_neural,Table IV,atten_nback,VP005,SingLEM,BIOT,0.8333333333333334,0.75,0.083333333333,,
strict_mlp_neural,Table IV,atten_nback,VP006,SingLEM,BIOT,0.8425925925925926,0.5185185185185185,0.324074074074,,
strict_mlp_neural,Table IV,atten_nback,VP007,SingLEM,BIOT,0.8888888888888888,0.5277777777777778,0.361111111111,,
strict_mlp_neural,Table IV,atten_nback,VP008,SingLEM,BIOT,0.9166666666666666,0.6203703703703703,0.296296296296,,
strict_mlp_neural,Table IV,atten_nback,VP009,SingLEM,BIOT,0.8981481481481481,0.5740740740740741,0.324074074074,,
strict_mlp_neural,Table IV,atten_nback,VP010,SingLEM,BIOT,0.8148148148148148,0.5092592592592593,0.305555555556,,
strict_mlp_neural,Table IV,atten_nback,VP011,SingLEM,BIOT,0.7407407407407407,0.5,0.240740740741,,
strict_mlp_neural,Table IV,atten_nback,VP012,SingLEM,BIOT,0.9074074074074074,0.5277777777777778,0.37962962963,,
strict_mlp_neural,Table IV,atten_nback,VP013,SingLEM,BIOT,0.8425925925925926,0.6759259259259259,0.166666666667,,
strict_mlp_neural,Table IV,atten_nback,VP014,SingLEM,BIOT,0.9074074074074074,0.5185185185185185,0.388888888889,,
strict_mlp_neural,Table IV,atten_nback,VP015,SingLEM,BIOT,0.8333333333333334,0.5833333333333334,0.25,,
strict_mlp_neural,Table IV,atten_nback,VP016,SingLEM,BIOT,0.8888888888888888,0.5,0.388888888889,,
strict_mlp_neural,Table IV,atten_nback,VP017,SingLEM,BIOT,0.9074074074074074,0.6481481481481481,0.259259259259,,
strict_mlp_neural,Table IV,atten_nback,VP018,SingLEM,BIOT,0.7777777777777778,0.4444444444444444,0.333333333333,,
strict_mlp_neural,Table IV,atten_nback,VP019,SingLEM,BIOT,0.8981481481481481,0.7685185185185185,0.12962962963,,
strict_mlp_neural,Table IV,atten_nback,VP020,SingLEM,BIOT,0.8518518518518519,0.5092592592592593,0.342592592593,,
strict_mlp_neural,Table IV,atten_nback,VP021,SingLEM,BIOT,0.8240740740740741,0.5833333333333334,0.240740740741,,
strict_mlp_neural,Table IV,atten_nback,VP022,SingLEM,BIOT,0.8425925925925926,0.7129629629629629,0.12962962963,,
strict_mlp_neural,Table IV,atten_nback,VP023,SingLEM,BIOT,0.8981481481481481,0.6666666666666666,0.231481481481,,
strict_mlp_neural,Table IV,atten_nback,VP024,SingLEM,BIOT,0.7777777777777778,0.5,0.277777777778,,
strict_mlp_neural,Table IV,atten_nback,VP025,SingLEM,BIOT,0.9537037037037037,0.5925925925925926,0.361111111111,,
strict_mlp_neural,Table IV,atten_nback,VP026,SingLEM,BIOT,0.8055555555555556,0.5740740740740741,0.231481481481,,
strict_mlp_neural,Table IV,atten_nback,VP001,SingLEM,LaBraM,0.5462962962962963,0.5462962962962963,0.0,,
strict_mlp_neural,Table IV,atten_nback,VP002,SingLEM,LaBraM,0.6944444444444444,0.6574074074074074,0.037037037037,,
strict_mlp_neural,Table IV,atten_nback,VP003,SingLEM,LaBraM,0.8703703703703703,0.7222222222222222,0.148148148148,,
strict_mlp_neural,Table IV,atten_nback,VP004,SingLEM,LaBraM,0.5648148148148148,0.5,0.064814814815,,
strict_mlp_neural,Table IV,atten_nback,VP005,SingLEM,LaBraM,0.8333333333333334,0.6574074074074074,0.175925925926,,
strict_mlp_neural,Table IV,atten_nback,VP006,SingLEM,LaBraM,0.8425925925925926,0.6574074074074074,0.185185185185,,
strict_mlp_neural,Table IV,atten_nback,VP007,SingLEM,LaBraM,0.8888888888888888,0.5370370370370371,0.351851851852,,
strict_mlp_neural,Table IV,atten_nback,VP008,SingLEM,LaBraM,0.9166666666666666,0.6203703703703703,0.296296296296,,
strict_mlp_neural,Table IV,atten_nback,VP009,SingLEM,LaBraM,0.8981481481481481,0.7592592592592593,0.138888888889,,
strict_mlp_neural,Table IV,atten_nback,VP010,SingLEM,LaBraM,0.8148148148148148,0.6388888888888888,0.175925925926,,
strict_mlp_neural,Table IV,atten_nback,VP011,SingLEM,LaBraM,0.7407407407407407,0.5,0.240740740741,,
strict_mlp_neural,Table IV,atten_nback,VP012,SingLEM,LaBraM,0.9074074074074074,0.5092592592592593,0.398148148148,,
strict_mlp_neural,Table IV,atten_nback,VP013,SingLEM,LaBraM,0.8425925925925926,0.5648148148148148,0.277777777778,,
strict_mlp_neural,Table IV,atten_nback,VP014,SingLEM,LaBraM,0.9074074074074074,0.6296296296296297,0.277777777778,,
strict_mlp_neural,Table IV,atten_nback,VP015,SingLEM,LaBraM,0.8333333333333334,0.6203703703703703,0.212962962963,,
strict_mlp_neural,Table IV,atten_nback,VP016,SingLEM,LaBraM,0.8888888888888888,0.5,0.388888888889,,
strict_mlp_neural,Table IV,atten_nback,VP017,SingLEM,LaBraM,0.9074074074074074,0.6851851851851852,0.222222222222,,
strict_mlp_neural,Table IV,atten_nback,VP018,SingLEM,LaBraM,0.7777777777777778,0.5555555555555556,0.222222222222,,
strict_mlp_neural,Table IV,atten_nback,VP019,SingLEM,LaBraM,0.8981481481481481,0.6851851851851852,0.212962962963,,
strict_mlp_neural,Table IV,atten_nback,VP020,SingLEM,LaBraM,0.8518518518518519,0.5555555555555556,0.296296296296,,
strict_mlp_neural,Table IV,atten_nback,VP021,SingLEM,LaBraM,0.8240740740740741,0.5925925925925926,0.231481481481,,
strict_mlp_neural,Table IV,atten_nback,VP022,SingLEM,LaBraM,0.8425925925925926,0.6851851851851852,0.157407407407,,
strict_mlp_neural,Table IV,atten_nback,VP023,SingLEM,LaBraM,0.8981481481481481,0.5185185185185185,0.37962962963,,
strict_mlp_neural,Table IV,atten_nback,VP024,SingLEM,LaBraM,0.7777777777777778,0.5,0.277777777778,,
strict_mlp_neural,Table IV,atten_nback,VP025,SingLEM,LaBraM,0.9537037037037037,0.5185185185185185,0.435185185185,,
strict_mlp_neural,Table IV,atten_nback,VP026,SingLEM,LaBraM,0.8055555555555556,0.6018518518518519,0.203703703704,,
strict_mlp_neural,Table IV,atten_nback,VP001,SingLEM,CBraMod,0.5462962962962963,0.6944444444444444,-0.148148148148,,
strict_mlp_neural,Table IV,atten_nback,VP002,SingLEM,CBraMod,0.6944444444444444,0.8703703703703703,-0.175925925926,,
strict_mlp_neural,Table IV,atten_nback,VP003,SingLEM,CBraMod,0.8703703703703703,0.9074074074074074,-0.037037037037,,
strict_mlp_neural,Table IV,atten_nback,VP004,SingLEM,CBraMod,0.5648148148148148,0.48148148148148145,0.083333333333,,
strict_mlp_neural,Table IV,atten_nback,VP005,SingLEM,CBraMod,0.8333333333333334,0.8148148148148148,0.018518518519,,
strict_mlp_neural,Table IV,atten_nback,VP006,SingLEM,CBraMod,0.8425925925925926,0.8703703703703703,-0.027777777778,,
strict_mlp_neural,Table IV,atten_nback,VP007,SingLEM,CBraMod,0.8888888888888888,0.8055555555555556,0.083333333333,,
strict_mlp_neural,Table IV,atten_nback,VP008,SingLEM,CBraMod,0.9166666666666666,0.8888888888888888,0.027777777778,,
strict_mlp_neural,Table IV,atten_nback,VP009,SingLEM,CBraMod,0.8981481481481481,0.8333333333333334,0.064814814815,,
strict_mlp_neural,Table IV,atten_nback,VP010,SingLEM,CBraMod,0.8148148148148148,0.6296296296296297,0.185185185185,,
strict_mlp_neural,Table IV,atten_nback,VP011,SingLEM,CBraMod,0.7407407407407407,0.5833333333333334,0.157407407407,,
strict_mlp_neural,Table IV,atten_nback,VP012,SingLEM,CBraMod,0.9074074074074074,0.6574074074074074,0.25,,
strict_mlp_neural,Table IV,atten_nback,VP013,SingLEM,CBraMod,0.8425925925925926,0.8888888888888888,-0.046296296296,,
strict_mlp_neural,Table IV,atten_nback,VP014,SingLEM,CBraMod,0.9074074074074074,0.7870370370370371,0.12037037037,,
strict_mlp_neural,Table IV,atten_nback,VP015,SingLEM,CBraMod,0.8333333333333334,0.7037037037037037,0.12962962963,,
strict_mlp_neural,Table IV,atten_nback,VP016,SingLEM,CBraMod,0.8888888888888888,0.6666666666666666,0.222222222222,,
strict_mlp_neural,Table IV,atten_nback,VP017,SingLEM,CBraMod,0.9074074074074074,0.7962962962962963,0.111111111111,,
strict_mlp_neural,Table IV,atten_nback,VP018,SingLEM,CBraMod,0.7777777777777778,0.75,0.027777777778,,
strict_mlp_neural,Table IV,atten_nback,VP019,SingLEM,CBraMod,0.8981481481481481,0.6944444444444444,0.203703703704,,
strict_mlp_neural,Table IV,atten_nback,VP020,SingLEM,CBraMod,0.8518518518518519,0.6018518518518519,0.25,,
strict_mlp_neural,Table IV,atten_nback,VP021,SingLEM,CBraMod,0.8240740740740741,0.7222222222222222,0.101851851852,,
strict_mlp_neural,Table IV,atten_nback,VP022,SingLEM,CBraMod,0.8425925925925926,0.8148148148148148,0.027777777778,,
strict_mlp_neural,Table IV,atten_nback,VP023,SingLEM,CBraMod,0.8981481481481481,0.8240740740740741,0.074074074074,,
strict_mlp_neural,Table IV,atten_nback,VP024,SingLEM,CBraMod,0.7777777777777778,0.7592592592592593,0.018518518519,,
strict_mlp_neural,Table IV,atten_nback,VP025,SingLEM,CBraMod,0.9537037037037037,0.9166666666666666,0.037037037037,,
strict_mlp_neural,Table IV,atten_nback,VP026,SingLEM,CBraMod,0.8055555555555556,0.7592592592592593,0.046296296296,,
strict_mlp_neural,Table IV,atten_nback,VP001,SingLEM,CodeBrain,0.5462962962962963,0.6296296296296297,-0.083333333333,,
strict_mlp_neural,Table IV,atten_nback,VP002,SingLEM,CodeBrain,0.6944444444444444,0.8333333333333334,-0.138888888889,,
strict_mlp_neural,Table IV,atten_nback,VP003,SingLEM,CodeBrain,0.8703703703703703,0.8518518518518519,0.018518518519,,
strict_mlp_neural,Table IV,atten_nback,VP004,SingLEM,CodeBrain,0.5648148148148148,0.46296296296296297,0.101851851852,,
strict_mlp_neural,Table IV,atten_nback,VP005,SingLEM,CodeBrain,0.8333333333333334,0.8425925925925926,-0.009259259259,,
strict_mlp_neural,Table IV,atten_nback,VP006,SingLEM,CodeBrain,0.8425925925925926,0.8333333333333334,0.009259259259,,
strict_mlp_neural,Table IV,atten_nback,VP007,SingLEM,CodeBrain,0.8888888888888888,0.7592592592592593,0.12962962963,,
strict_mlp_neural,Table IV,atten_nback,VP008,SingLEM,CodeBrain,0.9166666666666666,0.8518518518518519,0.064814814815,,
strict_mlp_neural,Table IV,atten_nback,VP009,SingLEM,CodeBrain,0.8981481481481481,0.9166666666666666,-0.018518518519,,
strict_mlp_neural,Table IV,atten_nback,VP010,SingLEM,CodeBrain,0.8148148148148148,0.6759259259259259,0.138888888889,,
strict_mlp_neural,Table IV,atten_nback,VP011,SingLEM,CodeBrain,0.7407407407407407,0.6851851851851852,0.055555555556,,
strict_mlp_neural,Table IV,atten_nback,VP012,SingLEM,CodeBrain,0.9074074074074074,0.8148148148148148,0.092592592593,,
strict_mlp_neural,Table IV,atten_nback,VP013,SingLEM,CodeBrain,0.8425925925925926,0.8796296296296297,-0.037037037037,,
strict_mlp_neural,Table IV,atten_nback,VP014,SingLEM,CodeBrain,0.9074074074074074,0.8703703703703703,0.037037037037,,
strict_mlp_neural,Table IV,atten_nback,VP015,SingLEM,CodeBrain,0.8333333333333334,0.5,0.333333333333,,
strict_mlp_neural,Table IV,atten_nback,VP016,SingLEM,CodeBrain,0.8888888888888888,0.8518518518518519,0.037037037037,,
strict_mlp_neural,Table IV,atten_nback,VP017,SingLEM,CodeBrain,0.9074074074074074,0.8425925925925926,0.064814814815,,
strict_mlp_neural,Table IV,atten_nback,VP018,SingLEM,CodeBrain,0.7777777777777778,0.7222222222222222,0.055555555556,,
strict_mlp_neural,Table IV,atten_nback,VP019,SingLEM,CodeBrain,0.8981481481481481,0.7777777777777778,0.12037037037,,
strict_mlp_neural,Table IV,atten_nback,VP020,SingLEM,CodeBrain,0.8518518518518519,0.7962962962962963,0.055555555556,,
strict_mlp_neural,Table IV,atten_nback,VP021,SingLEM,CodeBrain,0.8240740740740741,0.8703703703703703,-0.046296296296,,
strict_mlp_neural,Table IV,atten_nback,VP022,SingLEM,CodeBrain,0.8425925925925926,0.8611111111111112,-0.018518518519,,
strict_mlp_neural,Table IV,atten_nback,VP023,SingLEM,CodeBrain,0.8981481481481481,0.7870370370370371,0.111111111111,,
strict_mlp_neural,Table IV,atten_nback,VP024,SingLEM,CodeBrain,0.7777777777777778,0.7777777777777778,0.0,,
strict_mlp_neural,Table IV,atten_nback,VP025,SingLEM,CodeBrain,0.9537037037037037,0.8981481481481481,0.055555555556,,
strict_mlp_neural,Table IV,atten_nback,VP026,SingLEM,CodeBrain,0.8055555555555556,0.7685185185185185,0.037037037037,,
strict_mlp_neural,Table IV,atten_nback,VP001,SingLEM,CSBrain,0.5462962962962963,0.6481481481481481,-0.101851851852,,
strict_mlp_neural,Table IV,atten_nback,VP002,SingLEM,CSBrain,0.6944444444444444,0.7407407407407407,-0.046296296296,,
strict_mlp_neural,Table IV,atten_nback,VP003,SingLEM,CSBrain,0.8703703703703703,0.8611111111111112,0.009259259259,,
strict_mlp_neural,Table IV,atten_nback,VP004,SingLEM,CSBrain,0.5648148148148148,0.6388888888888888,-0.074074074074,,
strict_mlp_neural,Table IV,atten_nback,VP005,SingLEM,CSBrain,0.8333333333333334,0.7962962962962963,0.037037037037,,
strict_mlp_neural,Table IV,atten_nback,VP006,SingLEM,CSBrain,0.8425925925925926,0.7962962962962963,0.046296296296,,
strict_mlp_neural,Table IV,atten_nback,VP007,SingLEM,CSBrain,0.8888888888888888,0.7870370370370371,0.101851851852,,
strict_mlp_neural,Table IV,atten_nback,VP008,SingLEM,CSBrain,0.9166666666666666,0.8981481481481481,0.018518518519,,
strict_mlp_neural,Table IV,atten_nback,VP009,SingLEM,CSBrain,0.8981481481481481,0.8425925925925926,0.055555555556,,
strict_mlp_neural,Table IV,atten_nback,VP010,SingLEM,CSBrain,0.8148148148148148,0.7222222222222222,0.092592592593,,
strict_mlp_neural,Table IV,atten_nback,VP011,SingLEM,CSBrain,0.7407407407407407,0.6666666666666666,0.074074074074,,
strict_mlp_neural,Table IV,atten_nback,VP012,SingLEM,CSBrain,0.9074074074074074,0.8148148148148148,0.092592592593,,
strict_mlp_neural,Table IV,atten_nback,VP013,SingLEM,CSBrain,0.8425925925925926,0.9166666666666666,-0.074074074074,,
strict_mlp_neural,Table IV,atten_nback,VP014,SingLEM,CSBrain,0.9074074074074074,0.8888888888888888,0.018518518519,,
strict_mlp_neural,Table IV,atten_nback,VP015,SingLEM,CSBrain,0.8333333333333334,0.7129629629629629,0.12037037037,,
strict_mlp_neural,Table IV,atten_nback,VP016,SingLEM,CSBrain,0.8888888888888888,0.7129629629629629,0.175925925926,,
strict_mlp_neural,Table IV,atten_nback,VP017,SingLEM,CSBrain,0.9074074074074074,0.7777777777777778,0.12962962963,,
strict_mlp_neural,Table IV,atten_nback,VP018,SingLEM,CSBrain,0.7777777777777778,0.8055555555555556,-0.027777777778,,
strict_mlp_neural,Table IV,atten_nback,VP019,SingLEM,CSBrain,0.8981481481481481,0.7962962962962963,0.101851851852,,
strict_mlp_neural,Table IV,atten_nback,VP020,SingLEM,CSBrain,0.8518518518518519,0.7685185185185185,0.083333333333,,
strict_mlp_neural,Table IV,atten_nback,VP021,SingLEM,CSBrain,0.8240740740740741,0.7685185185185185,0.055555555556,,
strict_mlp_neural,Table IV,atten_nback,VP022,SingLEM,CSBrain,0.8425925925925926,0.7962962962962963,0.046296296296,,
strict_mlp_neural,Table IV,atten_nback,VP023,SingLEM,CSBrain,0.8981481481481481,0.7037037037037037,0.194444444444,,
strict_mlp_neural,Table IV,atten_nback,VP024,SingLEM,CSBrain,0.7777777777777778,0.6944444444444444,0.083333333333,,
strict_mlp_neural,Table IV,atten_nback,VP025,SingLEM,CSBrain,0.9537037037037037,0.9259259259259259,0.027777777778,,
strict_mlp_neural,Table IV,atten_nback,VP026,SingLEM,CSBrain,0.8055555555555556,0.6851851851851852,0.12037037037,,
strict_mlp_neural,Table IV,atten_nback,VP001,SingLEM,LUNA,0.5462962962962963,0.6851851851851852,-0.138888888889,,
strict_mlp_neural,Table IV,atten_nback,VP002,SingLEM,LUNA,0.6944444444444444,0.6851851851851852,0.009259259259,,
strict_mlp_neural,Table IV,atten_nback,VP003,SingLEM,LUNA,0.8703703703703703,0.7592592592592593,0.111111111111,,
strict_mlp_neural,Table IV,atten_nback,VP004,SingLEM,LUNA,0.5648148148148148,0.5740740740740741,-0.009259259259,,
strict_mlp_neural,Table IV,atten_nback,VP005,SingLEM,LUNA,0.8333333333333334,0.8240740740740741,0.009259259259,,
strict_mlp_neural,Table IV,atten_nback,VP006,SingLEM,LUNA,0.8425925925925926,0.6851851851851852,0.157407407407,,
strict_mlp_neural,Table IV,atten_nback,VP007,SingLEM,LUNA,0.8888888888888888,0.5185185185185185,0.37037037037,,
strict_mlp_neural,Table IV,atten_nback,VP008,SingLEM,LUNA,0.9166666666666666,0.7777777777777778,0.138888888889,,
strict_mlp_neural,Table IV,atten_nback,VP009,SingLEM,LUNA,0.8981481481481481,0.7685185185185185,0.12962962963,,
strict_mlp_neural,Table IV,atten_nback,VP010,SingLEM,LUNA,0.8148148148148148,0.5370370370370371,0.277777777778,,
strict_mlp_neural,Table IV,atten_nback,VP011,SingLEM,LUNA,0.7407407407407407,0.5555555555555556,0.185185185185,,
strict_mlp_neural,Table IV,atten_nback,VP012,SingLEM,LUNA,0.9074074074074074,0.49074074074074076,0.416666666667,,
strict_mlp_neural,Table IV,atten_nback,VP013,SingLEM,LUNA,0.8425925925925926,0.5925925925925926,0.25,,
strict_mlp_neural,Table IV,atten_nback,VP014,SingLEM,LUNA,0.9074074074074074,0.7685185185185185,0.138888888889,,
strict_mlp_neural,Table IV,atten_nback,VP015,SingLEM,LUNA,0.8333333333333334,0.5277777777777778,0.305555555556,,
strict_mlp_neural,Table IV,atten_nback,VP016,SingLEM,LUNA,0.8888888888888888,0.49074074074074076,0.398148148148,,
strict_mlp_neural,Table IV,atten_nback,VP017,SingLEM,LUNA,0.9074074074074074,0.7222222222222222,0.185185185185,,
strict_mlp_neural,Table IV,atten_nback,VP018,SingLEM,LUNA,0.7777777777777778,0.5185185185185185,0.259259259259,,
strict_mlp_neural,Table IV,atten_nback,VP019,SingLEM,LUNA,0.8981481481481481,0.7222222222222222,0.175925925926,,
strict_mlp_neural,Table IV,atten_nback,VP020,SingLEM,LUNA,0.8518518518518519,0.5555555555555556,0.296296296296,,
strict_mlp_neural,Table IV,atten_nback,VP021,SingLEM,LUNA,0.8240740740740741,0.6296296296296297,0.194444444444,,
strict_mlp_neural,Table IV,atten_nback,VP022,SingLEM,LUNA,0.8425925925925926,0.7037037037037037,0.138888888889,,
strict_mlp_neural,Table IV,atten_nback,VP023,SingLEM,LUNA,0.8981481481481481,0.5277777777777778,0.37037037037,,
strict_mlp_neural,Table IV,atten_nback,VP024,SingLEM,LUNA,0.7777777777777778,0.5,0.277777777778,,
strict_mlp_neural,Table IV,atten_nback,VP025,SingLEM,LUNA,0.9537037037037037,0.6851851851851852,0.268518518519,,
strict_mlp_neural,Table IV,atten_nback,VP026,SingLEM,LUNA,0.8055555555555556,0.6481481481481481,0.157407407407,,
strict_mlp_neural,Table IV,atten_nback,VP001,SingLEM,CSP,0.5462962962962963,0.6481481481481481,-0.101851851852,,
strict_mlp_neural,Table IV,atten_nback,VP002,SingLEM,CSP,0.6944444444444444,0.7037037037037037,-0.009259259259,,
strict_mlp_neural,Table IV,atten_nback,VP003,SingLEM,CSP,0.8703703703703703,0.7037037037037037,0.166666666667,,
strict_mlp_neural,Table IV,atten_nback,VP004,SingLEM,CSP,0.5648148148148148,0.5555555555555556,0.009259259259,,
strict_mlp_neural,Table IV,atten_nback,VP005,SingLEM,CSP,0.8333333333333334,0.5,0.333333333333,,
strict_mlp_neural,Table IV,atten_nback,VP006,SingLEM,CSP,0.8425925925925926,0.5277777777777778,0.314814814815,,
strict_mlp_neural,Table IV,atten_nback,VP007,SingLEM,CSP,0.8888888888888888,0.5,0.388888888889,,
strict_mlp_neural,Table IV,atten_nback,VP008,SingLEM,CSP,0.9166666666666666,0.5370370370370371,0.37962962963,,
strict_mlp_neural,Table IV,atten_nback,VP009,SingLEM,CSP,0.8981481481481481,0.5,0.398148148148,,
strict_mlp_neural,Table IV,atten_nback,VP010,SingLEM,CSP,0.8148148148148148,0.5,0.314814814815,,
strict_mlp_neural,Table IV,atten_nback,VP011,SingLEM,CSP,0.7407407407407407,0.5,0.240740740741,,
strict_mlp_neural,Table IV,atten_nback,VP012,SingLEM,CSP,0.9074074074074074,0.6296296296296297,0.277777777778,,
strict_mlp_neural,Table IV,atten_nback,VP013,SingLEM,CSP,0.8425925925925926,0.5185185185185185,0.324074074074,,
strict_mlp_neural,Table IV,atten_nback,VP014,SingLEM,CSP,0.9074074074074074,0.5370370370370371,0.37037037037,,
strict_mlp_neural,Table IV,atten_nback,VP015,SingLEM,CSP,0.8333333333333334,0.5185185185185185,0.314814814815,,
strict_mlp_neural,Table IV,atten_nback,VP016,SingLEM,CSP,0.8888888888888888,0.5,0.388888888889,,
strict_mlp_neural,Table IV,atten_nback,VP017,SingLEM,CSP,0.9074074074074074,0.8333333333333334,0.074074074074,,
strict_mlp_neural,Table IV,atten_nback,VP018,SingLEM,CSP,0.7777777777777778,0.5,0.277777777778,,
strict_mlp_neural,Table IV,atten_nback,VP019,SingLEM,CSP,0.8981481481481481,0.6944444444444444,0.203703703704,,
strict_mlp_neural,Table IV,atten_nback,VP020,SingLEM,CSP,0.8518518518518519,0.4444444444444444,0.407407407407,,
strict_mlp_neural,Table IV,atten_nback,VP021,SingLEM,CSP,0.8240740740740741,0.5,0.324074074074,,
strict_mlp_neural,Table IV,atten_nback,VP022,SingLEM,CSP,0.8425925925925926,0.7129629629629629,0.12962962963,,
strict_mlp_neural,Table IV,atten_nback,VP023,SingLEM,CSP,0.8981481481481481,0.6481481481481481,0.25,,
strict_mlp_neural,Table IV,atten_nback,VP024,SingLEM,CSP,0.7777777777777778,0.5185185185185185,0.259259259259,,
strict_mlp_neural,Table IV,atten_nback,VP025,SingLEM,CSP,0.9537037037037037,0.5740740740740741,0.37962962963,,
strict_mlp_neural,Table IV,atten_nback,VP026,SingLEM,CSP,0.8055555555555556,0.7592592592592593,0.046296296296,,
strict_mlp_neural,Table IV,atten_nback,VP001,SingLEM,Welch PSD,0.5462962962962963,0.7592592592592593,-0.212962962963,,
strict_mlp_neural,Table IV,atten_nback,VP002,SingLEM,Welch PSD,0.6944444444444444,0.7129629629629629,-0.018518518519,,
strict_mlp_neural,Table IV,atten_nback,VP003,SingLEM,Welch PSD,0.8703703703703703,0.7685185185185185,0.101851851852,,
strict_mlp_neural,Table IV,atten_nback,VP004,SingLEM,Welch PSD,0.5648148148148148,0.5185185185185185,0.046296296296,,
strict_mlp_neural,Table IV,atten_nback,VP005,SingLEM,Welch PSD,0.8333333333333334,0.7129629629629629,0.12037037037,,
strict_mlp_neural,Table IV,atten_nback,VP006,SingLEM,Welch PSD,0.8425925925925926,0.5925925925925926,0.25,,
strict_mlp_neural,Table IV,atten_nback,VP007,SingLEM,Welch PSD,0.8888888888888888,0.5092592592592593,0.37962962963,,
strict_mlp_neural,Table IV,atten_nback,VP008,SingLEM,Welch PSD,0.9166666666666666,0.7314814814814815,0.185185185185,,
strict_mlp_neural,Table IV,atten_nback,VP009,SingLEM,Welch PSD,0.8981481481481481,0.6944444444444444,0.203703703704,,
strict_mlp_neural,Table IV,atten_nback,VP010,SingLEM,Welch PSD,0.8148148148148148,0.6574074074074074,0.157407407407,,
strict_mlp_neural,Table IV,atten_nback,VP011,SingLEM,Welch PSD,0.7407407407407407,0.5555555555555556,0.185185185185,,
strict_mlp_neural,Table IV,atten_nback,VP012,SingLEM,Welch PSD,0.9074074074074074,0.5648148148148148,0.342592592593,,
strict_mlp_neural,Table IV,atten_nback,VP013,SingLEM,Welch PSD,0.8425925925925926,0.7314814814814815,0.111111111111,,
strict_mlp_neural,Table IV,atten_nback,VP014,SingLEM,Welch PSD,0.9074074074074074,0.6574074074074074,0.25,,
strict_mlp_neural,Table IV,atten_nback,VP015,SingLEM,Welch PSD,0.8333333333333334,0.5462962962962963,0.287037037037,,
strict_mlp_neural,Table IV,atten_nback,VP016,SingLEM,Welch PSD,0.8888888888888888,0.5555555555555556,0.333333333333,,
strict_mlp_neural,Table IV,atten_nback,VP017,SingLEM,Welch PSD,0.9074074074074074,0.7685185185185185,0.138888888889,,
strict_mlp_neural,Table IV,atten_nback,VP018,SingLEM,Welch PSD,0.7777777777777778,0.6574074074074074,0.12037037037,,
strict_mlp_neural,Table IV,atten_nback,VP019,SingLEM,Welch PSD,0.8981481481481481,0.7314814814814815,0.166666666667,,
strict_mlp_neural,Table IV,atten_nback,VP020,SingLEM,Welch PSD,0.8518518518518519,0.6759259259259259,0.175925925926,,
strict_mlp_neural,Table IV,atten_nback,VP021,SingLEM,Welch PSD,0.8240740740740741,0.7314814814814815,0.092592592593,,
strict_mlp_neural,Table IV,atten_nback,VP022,SingLEM,Welch PSD,0.8425925925925926,0.8055555555555556,0.037037037037,,
strict_mlp_neural,Table IV,atten_nback,VP023,SingLEM,Welch PSD,0.8981481481481481,0.7222222222222222,0.175925925926,,
strict_mlp_neural,Table IV,atten_nback,VP024,SingLEM,Welch PSD,0.7777777777777778,0.6944444444444444,0.083333333333,,
strict_mlp_neural,Table IV,atten_nback,VP025,SingLEM,Welch PSD,0.9537037037037037,0.6203703703703703,0.333333333333,,
strict_mlp_neural,Table IV,atten_nback,VP026,SingLEM,Welch PSD,0.8055555555555556,0.5833333333333334,0.222222222222,,
strict_mlp_neural,Table IV,atten_nback,VP001,SingLEM,EEGNet,0.5462962962962963,0.5925925925925926,-0.046296296296,,
strict_mlp_neural,Table IV,atten_nback,VP002,SingLEM,EEGNet,0.6944444444444444,0.6574074074074074,0.037037037037,,
strict_mlp_neural,Table IV,atten_nback,VP003,SingLEM,EEGNet,0.8703703703703703,0.8518518518518519,0.018518518519,,
strict_mlp_neural,Table IV,atten_nback,VP004,SingLEM,EEGNet,0.5648148148148148,0.46296296296296297,0.101851851852,,
strict_mlp_neural,Table IV,atten_nback,VP005,SingLEM,EEGNet,0.8333333333333334,0.7037037037037037,0.12962962963,,
strict_mlp_neural,Table IV,atten_nback,VP006,SingLEM,EEGNet,0.8425925925925926,0.7129629629629629,0.12962962963,,
strict_mlp_neural,Table IV,atten_nback,VP007,SingLEM,EEGNet,0.8888888888888888,0.8333333333333334,0.055555555556,,
strict_mlp_neural,Table IV,atten_nback,VP008,SingLEM,EEGNet,0.9166666666666666,0.9166666666666666,0.0,,
strict_mlp_neural,Table IV,atten_nback,VP009,SingLEM,EEGNet,0.8981481481481481,0.8055555555555556,0.092592592593,,
strict_mlp_neural,Table IV,atten_nback,VP010,SingLEM,EEGNet,0.8148148148148148,0.7129629629629629,0.101851851852,,
strict_mlp_neural,Table IV,atten_nback,VP011,SingLEM,EEGNet,0.7407407407407407,0.6851851851851852,0.055555555556,,
strict_mlp_neural,Table IV,atten_nback,VP012,SingLEM,EEGNet,0.9074074074074074,0.8148148148148148,0.092592592593,,
strict_mlp_neural,Table IV,atten_nback,VP013,SingLEM,EEGNet,0.8425925925925926,0.8703703703703703,-0.027777777778,,
strict_mlp_neural,Table IV,atten_nback,VP014,SingLEM,EEGNet,0.9074074074074074,0.7129629629629629,0.194444444444,,
strict_mlp_neural,Table IV,atten_nback,VP015,SingLEM,EEGNet,0.8333333333333334,0.6851851851851852,0.148148148148,,
strict_mlp_neural,Table IV,atten_nback,VP016,SingLEM,EEGNet,0.8888888888888888,0.6481481481481481,0.240740740741,,
strict_mlp_neural,Table IV,atten_nback,VP017,SingLEM,EEGNet,0.9074074074074074,0.7222222222222222,0.185185185185,,
strict_mlp_neural,Table IV,atten_nback,VP018,SingLEM,EEGNet,0.7777777777777778,0.7592592592592593,0.018518518519,,
strict_mlp_neural,Table IV,atten_nback,VP019,SingLEM,EEGNet,0.8981481481481481,0.7592592592592593,0.138888888889,,
strict_mlp_neural,Table IV,atten_nback,VP020,SingLEM,EEGNet,0.8518518518518519,0.7222222222222222,0.12962962963,,
strict_mlp_neural,Table IV,atten_nback,VP021,SingLEM,EEGNet,0.8240740740740741,0.7592592592592593,0.064814814815,,
strict_mlp_neural,Table IV,atten_nback,VP022,SingLEM,EEGNet,0.8425925925925926,0.7037037037037037,0.138888888889,,
strict_mlp_neural,Table IV,atten_nback,VP023,SingLEM,EEGNet,0.8981481481481481,0.8240740740740741,0.074074074074,,
strict_mlp_neural,Table IV,atten_nback,VP024,SingLEM,EEGNet,0.7777777777777778,0.7129629629629629,0.064814814815,,
strict_mlp_neural,Table IV,atten_nback,VP025,SingLEM,EEGNet,0.9537037037037037,0.8333333333333334,0.12037037037,,
strict_mlp_neural,Table IV,atten_nback,VP026,SingLEM,EEGNet,0.8055555555555556,0.6759259259259259,0.12962962963,,
strict_mlp_neural,Table IV,atten_nback,VP001,SingLEM,EEGConformer,0.5462962962962963,0.9074074074074074,-0.361111111111,,
strict_mlp_neural,Table IV,atten_nback,VP002,SingLEM,EEGConformer,0.6944444444444444,0.7870370370370371,-0.092592592593,,
strict_mlp_neural,Table IV,atten_nback,VP003,SingLEM,EEGConformer,0.8703703703703703,0.9259259259259259,-0.055555555556,,
strict_mlp_neural,Table IV,atten_nback,VP004,SingLEM,EEGConformer,0.5648148148148148,0.5092592592592593,0.055555555556,,
strict_mlp_neural,Table IV,atten_nback,VP005,SingLEM,EEGConformer,0.8333333333333334,0.8518518518518519,-0.018518518519,,
strict_mlp_neural,Table IV,atten_nback,VP006,SingLEM,EEGConformer,0.8425925925925926,0.8796296296296297,-0.037037037037,,
strict_mlp_neural,Table IV,atten_nback,VP007,SingLEM,EEGConformer,0.8888888888888888,0.7777777777777778,0.111111111111,,
strict_mlp_neural,Table IV,atten_nback,VP008,SingLEM,EEGConformer,0.9166666666666666,0.75,0.166666666667,,
strict_mlp_neural,Table IV,atten_nback,VP009,SingLEM,EEGConformer,0.8981481481481481,0.6851851851851852,0.212962962963,,
strict_mlp_neural,Table IV,atten_nback,VP010,SingLEM,EEGConformer,0.8148148148148148,0.6759259259259259,0.138888888889,,
strict_mlp_neural,Table IV,atten_nback,VP011,SingLEM,EEGConformer,0.7407407407407407,0.6296296296296297,0.111111111111,,
strict_mlp_neural,Table IV,atten_nback,VP012,SingLEM,EEGConformer,0.9074074074074074,0.75,0.157407407407,,
strict_mlp_neural,Table IV,atten_nback,VP013,SingLEM,EEGConformer,0.8425925925925926,0.8796296296296297,-0.037037037037,,
strict_mlp_neural,Table IV,atten_nback,VP014,SingLEM,EEGConformer,0.9074074074074074,0.7592592592592593,0.148148148148,,
strict_mlp_neural,Table IV,atten_nback,VP015,SingLEM,EEGConformer,0.8333333333333334,0.6851851851851852,0.148148148148,,
strict_mlp_neural,Table IV,atten_nback,VP016,SingLEM,EEGConformer,0.8888888888888888,0.75,0.138888888889,,
strict_mlp_neural,Table IV,atten_nback,VP017,SingLEM,EEGConformer,0.9074074074074074,0.8148148148148148,0.092592592593,,
strict_mlp_neural,Table IV,atten_nback,VP018,SingLEM,EEGConformer,0.7777777777777778,0.6851851851851852,0.092592592593,,
strict_mlp_neural,Table IV,atten_nback,VP019,SingLEM,EEGConformer,0.8981481481481481,0.7962962962962963,0.101851851852,,
strict_mlp_neural,Table IV,atten_nback,VP020,SingLEM,EEGConformer,0.8518518518518519,0.7685185185185185,0.083333333333,,
strict_mlp_neural,Table IV,atten_nback,VP021,SingLEM,EEGConformer,0.8240740740740741,0.6944444444444444,0.12962962963,,
strict_mlp_neural,Table IV,atten_nback,VP022,SingLEM,EEGConformer,0.8425925925925926,0.8611111111111112,-0.018518518519,,
strict_mlp_neural,Table IV,atten_nback,VP023,SingLEM,EEGConformer,0.8981481481481481,0.8148148148148148,0.083333333333,,
strict_mlp_neural,Table IV,atten_nback,VP024,SingLEM,EEGConformer,0.7777777777777778,0.8518518518518519,-0.074074074074,,
strict_mlp_neural,Table IV,atten_nback,VP025,SingLEM,EEGConformer,0.9537037037037037,0.9629629629629629,-0.009259259259,,
strict_mlp_neural,Table IV,atten_nback,VP026,SingLEM,EEGConformer,0.8055555555555556,0.75,0.055555555556,,
strict_mlp_neural,Table IV,atten_nback,VP001,SingLEM,IFNetV2,0.5462962962962963,0.7129629629629629,-0.166666666667,,
strict_mlp_neural,Table IV,atten_nback,VP002,SingLEM,IFNetV2,0.6944444444444444,0.8055555555555556,-0.111111111111,,
strict_mlp_neural,Table IV,atten_nback,VP003,SingLEM,IFNetV2,0.8703703703703703,0.9259259259259259,-0.055555555556,,
strict_mlp_neural,Table IV,atten_nback,VP004,SingLEM,IFNetV2,0.5648148148148148,0.8425925925925926,-0.277777777778,,
strict_mlp_neural,Table IV,atten_nback,VP005,SingLEM,IFNetV2,0.8333333333333334,0.5648148148148148,0.268518518519,,
strict_mlp_neural,Table IV,atten_nback,VP006,SingLEM,IFNetV2,0.8425925925925926,0.7962962962962963,0.046296296296,,
strict_mlp_neural,Table IV,atten_nback,VP007,SingLEM,IFNetV2,0.8888888888888888,0.5092592592592593,0.37962962963,,
strict_mlp_neural,Table IV,atten_nback,VP008,SingLEM,IFNetV2,0.9166666666666666,0.8518518518518519,0.064814814815,,
strict_mlp_neural,Table IV,atten_nback,VP009,SingLEM,IFNetV2,0.8981481481481481,0.6666666666666666,0.231481481481,,
strict_mlp_neural,Table IV,atten_nback,VP010,SingLEM,IFNetV2,0.8148148148148148,0.6759259259259259,0.138888888889,,
strict_mlp_neural,Table IV,atten_nback,VP011,SingLEM,IFNetV2,0.7407407407407407,0.6851851851851852,0.055555555556,,
strict_mlp_neural,Table IV,atten_nback,VP012,SingLEM,IFNetV2,0.9074074074074074,0.6759259259259259,0.231481481481,,
strict_mlp_neural,Table IV,atten_nback,VP013,SingLEM,IFNetV2,0.8425925925925926,0.7962962962962963,0.046296296296,,
strict_mlp_neural,Table IV,atten_nback,VP014,SingLEM,IFNetV2,0.9074074074074074,0.75,0.157407407407,,
strict_mlp_neural,Table IV,atten_nback,VP015,SingLEM,IFNetV2,0.8333333333333334,0.6111111111111112,0.222222222222,,
strict_mlp_neural,Table IV,atten_nback,VP016,SingLEM,IFNetV2,0.8888888888888888,0.6203703703703703,0.268518518519,,
strict_mlp_neural,Table IV,atten_nback,VP017,SingLEM,IFNetV2,0.9074074074074074,0.7962962962962963,0.111111111111,,
strict_mlp_neural,Table IV,atten_nback,VP018,SingLEM,IFNetV2,0.7777777777777778,0.6203703703703703,0.157407407407,,
strict_mlp_neural,Table IV,atten_nback,VP019,SingLEM,IFNetV2,0.8981481481481481,0.6018518518518519,0.296296296296,,
strict_mlp_neural,Table IV,atten_nback,VP020,SingLEM,IFNetV2,0.8518518518518519,0.5,0.351851851852,,
strict_mlp_neural,Table IV,atten_nback,VP021,SingLEM,IFNetV2,0.8240740740740741,0.8148148148148148,0.009259259259,,
strict_mlp_neural,Table IV,atten_nback,VP022,SingLEM,IFNetV2,0.8425925925925926,0.8148148148148148,0.027777777778,,
strict_mlp_neural,Table IV,atten_nback,VP023,SingLEM,IFNetV2,0.8981481481481481,0.8055555555555556,0.092592592593,,
strict_mlp_neural,Table IV,atten_nback,VP024,SingLEM,IFNetV2,0.7777777777777778,0.7962962962962963,-0.018518518519,,
strict_mlp_neural,Table IV,atten_nback,VP025,SingLEM,IFNetV2,0.9537037037037037,0.9074074074074074,0.046296296296,,
strict_mlp_neural,Table IV,atten_nback,VP026,SingLEM,IFNetV2,0.8055555555555556,0.5833333333333334,0.222222222222,,
strict_mlp_neural,Table IV,atten_dsr,VP001,SingLEM,BENDR,0.5972222222222222,0.4027777777777778,0.194444444444,,
strict_mlp_neural,Table IV,atten_dsr,VP002,SingLEM,BENDR,0.6527777777777778,0.5,0.152777777778,,
strict_mlp_neural,Table IV,atten_dsr,VP003,SingLEM,BENDR,0.8888888888888888,0.5555555555555556,0.333333333333,,
strict_mlp_neural,Table IV,atten_dsr,VP004,SingLEM,BENDR,0.8194444444444444,0.5555555555555556,0.263888888889,,
strict_mlp_neural,Table IV,atten_dsr,VP005,SingLEM,BENDR,0.6944444444444444,0.5138888888888888,0.180555555556,,
strict_mlp_neural,Table IV,atten_dsr,VP006,SingLEM,BENDR,0.8333333333333334,0.5972222222222222,0.236111111111,,
strict_mlp_neural,Table IV,atten_dsr,VP007,SingLEM,BENDR,0.8611111111111112,0.5,0.361111111111,,
strict_mlp_neural,Table IV,atten_dsr,VP008,SingLEM,BENDR,0.9027777777777778,0.5555555555555556,0.347222222222,,
strict_mlp_neural,Table IV,atten_dsr,VP009,SingLEM,BENDR,0.8888888888888888,0.5138888888888888,0.375,,
strict_mlp_neural,Table IV,atten_dsr,VP010,SingLEM,BENDR,0.8611111111111112,0.5,0.361111111111,,
strict_mlp_neural,Table IV,atten_dsr,VP011,SingLEM,BENDR,0.7083333333333334,0.4722222222222222,0.236111111111,,
strict_mlp_neural,Table IV,atten_dsr,VP012,SingLEM,BENDR,0.9166666666666666,0.6944444444444444,0.222222222222,,
strict_mlp_neural,Table IV,atten_dsr,VP013,SingLEM,BENDR,0.9027777777777778,0.5138888888888888,0.388888888889,,
strict_mlp_neural,Table IV,atten_dsr,VP014,SingLEM,BENDR,0.9583333333333334,0.6388888888888888,0.319444444444,,
strict_mlp_neural,Table IV,atten_dsr,VP015,SingLEM,BENDR,0.8472222222222222,0.6527777777777778,0.194444444444,,
strict_mlp_neural,Table IV,atten_dsr,VP016,SingLEM,BENDR,0.9583333333333334,0.4722222222222222,0.486111111111,,
strict_mlp_neural,Table IV,atten_dsr,VP017,SingLEM,BENDR,0.8194444444444444,0.5833333333333334,0.236111111111,,
strict_mlp_neural,Table IV,atten_dsr,VP018,SingLEM,BENDR,0.8611111111111112,0.5,0.361111111111,,
strict_mlp_neural,Table IV,atten_dsr,VP019,SingLEM,BENDR,0.8888888888888888,0.5138888888888888,0.375,,
strict_mlp_neural,Table IV,atten_dsr,VP020,SingLEM,BENDR,0.7777777777777778,0.5555555555555556,0.222222222222,,
strict_mlp_neural,Table IV,atten_dsr,VP021,SingLEM,BENDR,0.8888888888888888,0.5694444444444444,0.319444444444,,
strict_mlp_neural,Table IV,atten_dsr,VP022,SingLEM,BENDR,0.8333333333333334,0.5833333333333334,0.25,,
strict_mlp_neural,Table IV,atten_dsr,VP023,SingLEM,BENDR,0.8055555555555556,0.5555555555555556,0.25,,
strict_mlp_neural,Table IV,atten_dsr,VP024,SingLEM,BENDR,0.8333333333333334,0.4583333333333333,0.375,,
strict_mlp_neural,Table IV,atten_dsr,VP025,SingLEM,BENDR,0.9861111111111112,0.5555555555555556,0.430555555556,,
strict_mlp_neural,Table IV,atten_dsr,VP026,SingLEM,BENDR,0.8194444444444444,0.6388888888888888,0.180555555556,,
strict_mlp_neural,Table IV,atten_dsr,VP001,SingLEM,BIOT,0.5972222222222222,0.5138888888888888,0.083333333333,,
strict_mlp_neural,Table IV,atten_dsr,VP002,SingLEM,BIOT,0.6527777777777778,0.5555555555555556,0.097222222222,,
strict_mlp_neural,Table IV,atten_dsr,VP003,SingLEM,BIOT,0.8888888888888888,0.5694444444444444,0.319444444444,,
strict_mlp_neural,Table IV,atten_dsr,VP004,SingLEM,BIOT,0.8194444444444444,0.6111111111111112,0.208333333333,,
strict_mlp_neural,Table IV,atten_dsr,VP005,SingLEM,BIOT,0.6944444444444444,0.5694444444444444,0.125,,
strict_mlp_neural,Table IV,atten_dsr,VP006,SingLEM,BIOT,0.8333333333333334,0.6388888888888888,0.194444444444,,
strict_mlp_neural,Table IV,atten_dsr,VP007,SingLEM,BIOT,0.8611111111111112,0.5138888888888888,0.347222222222,,
strict_mlp_neural,Table IV,atten_dsr,VP008,SingLEM,BIOT,0.9027777777777778,0.6944444444444444,0.208333333333,,
strict_mlp_neural,Table IV,atten_dsr,VP009,SingLEM,BIOT,0.8888888888888888,0.5138888888888888,0.375,,
strict_mlp_neural,Table IV,atten_dsr,VP010,SingLEM,BIOT,0.8611111111111112,0.6527777777777778,0.208333333333,,
strict_mlp_neural,Table IV,atten_dsr,VP011,SingLEM,BIOT,0.7083333333333334,0.5277777777777778,0.180555555556,,
strict_mlp_neural,Table IV,atten_dsr,VP012,SingLEM,BIOT,0.9166666666666666,0.5694444444444444,0.347222222222,,
strict_mlp_neural,Table IV,atten_dsr,VP013,SingLEM,BIOT,0.9027777777777778,0.6527777777777778,0.25,,
strict_mlp_neural,Table IV,atten_dsr,VP014,SingLEM,BIOT,0.9583333333333334,0.7638888888888888,0.194444444444,,
strict_mlp_neural,Table IV,atten_dsr,VP015,SingLEM,BIOT,0.8472222222222222,0.625,0.222222222222,,
strict_mlp_neural,Table IV,atten_dsr,VP016,SingLEM,BIOT,0.9583333333333334,0.4166666666666667,0.541666666667,,
strict_mlp_neural,Table IV,atten_dsr,VP017,SingLEM,BIOT,0.8194444444444444,0.6111111111111112,0.208333333333,,
strict_mlp_neural,Table IV,atten_dsr,VP018,SingLEM,BIOT,0.8611111111111112,0.4444444444444444,0.416666666667,,
strict_mlp_neural,Table IV,atten_dsr,VP019,SingLEM,BIOT,0.8888888888888888,0.625,0.263888888889,,
strict_mlp_neural,Table IV,atten_dsr,VP020,SingLEM,BIOT,0.7777777777777778,0.6111111111111112,0.166666666667,,
strict_mlp_neural,Table IV,atten_dsr,VP021,SingLEM,BIOT,0.8888888888888888,0.5277777777777778,0.361111111111,,
strict_mlp_neural,Table IV,atten_dsr,VP022,SingLEM,BIOT,0.8333333333333334,0.5694444444444444,0.263888888889,,
strict_mlp_neural,Table IV,atten_dsr,VP023,SingLEM,BIOT,0.8055555555555556,0.5277777777777778,0.277777777778,,
strict_mlp_neural,Table IV,atten_dsr,VP024,SingLEM,BIOT,0.8333333333333334,0.5694444444444444,0.263888888889,,
strict_mlp_neural,Table IV,atten_dsr,VP025,SingLEM,BIOT,0.9861111111111112,0.7916666666666666,0.194444444444,,
strict_mlp_neural,Table IV,atten_dsr,VP026,SingLEM,BIOT,0.8194444444444444,0.8194444444444444,0.0,,
strict_mlp_neural,Table IV,atten_dsr,VP001,SingLEM,LaBraM,0.5972222222222222,0.5,0.097222222222,,
strict_mlp_neural,Table IV,atten_dsr,VP002,SingLEM,LaBraM,0.6527777777777778,0.5833333333333334,0.069444444444,,
strict_mlp_neural,Table IV,atten_dsr,VP003,SingLEM,LaBraM,0.8888888888888888,0.5694444444444444,0.319444444444,,
strict_mlp_neural,Table IV,atten_dsr,VP004,SingLEM,LaBraM,0.8194444444444444,0.5972222222222222,0.222222222222,,
strict_mlp_neural,Table IV,atten_dsr,VP005,SingLEM,LaBraM,0.6944444444444444,0.5833333333333334,0.111111111111,,
strict_mlp_neural,Table IV,atten_dsr,VP006,SingLEM,LaBraM,0.8333333333333334,0.7361111111111112,0.097222222222,,
strict_mlp_neural,Table IV,atten_dsr,VP007,SingLEM,LaBraM,0.8611111111111112,0.4722222222222222,0.388888888889,,
strict_mlp_neural,Table IV,atten_dsr,VP008,SingLEM,LaBraM,0.9027777777777778,0.7361111111111112,0.166666666667,,
strict_mlp_neural,Table IV,atten_dsr,VP009,SingLEM,LaBraM,0.8888888888888888,0.5555555555555556,0.333333333333,,
strict_mlp_neural,Table IV,atten_dsr,VP010,SingLEM,LaBraM,0.8611111111111112,0.5833333333333334,0.277777777778,,
strict_mlp_neural,Table IV,atten_dsr,VP011,SingLEM,LaBraM,0.7083333333333334,0.6388888888888888,0.069444444444,,
strict_mlp_neural,Table IV,atten_dsr,VP012,SingLEM,LaBraM,0.9166666666666666,0.5555555555555556,0.361111111111,,
strict_mlp_neural,Table IV,atten_dsr,VP013,SingLEM,LaBraM,0.9027777777777778,0.7777777777777778,0.125,,
strict_mlp_neural,Table IV,atten_dsr,VP014,SingLEM,LaBraM,0.9583333333333334,0.5972222222222222,0.361111111111,,
strict_mlp_neural,Table IV,atten_dsr,VP015,SingLEM,LaBraM,0.8472222222222222,0.6527777777777778,0.194444444444,,
strict_mlp_neural,Table IV,atten_dsr,VP016,SingLEM,LaBraM,0.9583333333333334,0.5,0.458333333333,,
strict_mlp_neural,Table IV,atten_dsr,VP017,SingLEM,LaBraM,0.8194444444444444,0.75,0.069444444444,,
strict_mlp_neural,Table IV,atten_dsr,VP018,SingLEM,LaBraM,0.8611111111111112,0.5972222222222222,0.263888888889,,
strict_mlp_neural,Table IV,atten_dsr,VP019,SingLEM,LaBraM,0.8888888888888888,0.7222222222222222,0.166666666667,,
strict_mlp_neural,Table IV,atten_dsr,VP020,SingLEM,LaBraM,0.7777777777777778,0.6111111111111112,0.166666666667,,
strict_mlp_neural,Table IV,atten_dsr,VP021,SingLEM,LaBraM,0.8888888888888888,0.6111111111111112,0.277777777778,,
strict_mlp_neural,Table IV,atten_dsr,VP022,SingLEM,LaBraM,0.8333333333333334,0.4722222222222222,0.361111111111,,
strict_mlp_neural,Table IV,atten_dsr,VP023,SingLEM,LaBraM,0.8055555555555556,0.5138888888888888,0.291666666667,,
strict_mlp_neural,Table IV,atten_dsr,VP024,SingLEM,LaBraM,0.8333333333333334,0.4861111111111111,0.347222222222,,
strict_mlp_neural,Table IV,atten_dsr,VP025,SingLEM,LaBraM,0.9861111111111112,0.7222222222222222,0.263888888889,,
strict_mlp_neural,Table IV,atten_dsr,VP026,SingLEM,LaBraM,0.8194444444444444,0.6388888888888888,0.180555555556,,
strict_mlp_neural,Table IV,atten_dsr,VP001,SingLEM,CBraMod,0.5972222222222222,0.7222222222222222,-0.125,,
strict_mlp_neural,Table IV,atten_dsr,VP002,SingLEM,CBraMod,0.6527777777777778,0.625,0.027777777778,,
strict_mlp_neural,Table IV,atten_dsr,VP003,SingLEM,CBraMod,0.8888888888888888,0.7361111111111112,0.152777777778,,
strict_mlp_neural,Table IV,atten_dsr,VP004,SingLEM,CBraMod,0.8194444444444444,0.7777777777777778,0.041666666667,,
strict_mlp_neural,Table IV,atten_dsr,VP005,SingLEM,CBraMod,0.6944444444444444,0.8333333333333334,-0.138888888889,,
strict_mlp_neural,Table IV,atten_dsr,VP006,SingLEM,CBraMod,0.8333333333333334,0.7222222222222222,0.111111111111,,
strict_mlp_neural,Table IV,atten_dsr,VP007,SingLEM,CBraMod,0.8611111111111112,0.625,0.236111111111,,
strict_mlp_neural,Table IV,atten_dsr,VP008,SingLEM,CBraMod,0.9027777777777778,0.9305555555555556,-0.027777777778,,
strict_mlp_neural,Table IV,atten_dsr,VP009,SingLEM,CBraMod,0.8888888888888888,0.8888888888888888,0.0,,
strict_mlp_neural,Table IV,atten_dsr,VP010,SingLEM,CBraMod,0.8611111111111112,0.7083333333333334,0.152777777778,,
strict_mlp_neural,Table IV,atten_dsr,VP011,SingLEM,CBraMod,0.7083333333333334,0.5277777777777778,0.180555555556,,
strict_mlp_neural,Table IV,atten_dsr,VP012,SingLEM,CBraMod,0.9166666666666666,0.8194444444444444,0.097222222222,,
strict_mlp_neural,Table IV,atten_dsr,VP013,SingLEM,CBraMod,0.9027777777777778,0.9027777777777778,0.0,,
strict_mlp_neural,Table IV,atten_dsr,VP014,SingLEM,CBraMod,0.9583333333333334,0.9166666666666666,0.041666666667,,
strict_mlp_neural,Table IV,atten_dsr,VP015,SingLEM,CBraMod,0.8472222222222222,0.7777777777777778,0.069444444444,,
strict_mlp_neural,Table IV,atten_dsr,VP016,SingLEM,CBraMod,0.9583333333333334,0.6527777777777778,0.305555555556,,
strict_mlp_neural,Table IV,atten_dsr,VP017,SingLEM,CBraMod,0.8194444444444444,0.7638888888888888,0.055555555556,,
strict_mlp_neural,Table IV,atten_dsr,VP018,SingLEM,CBraMod,0.8611111111111112,0.8611111111111112,0.0,,
strict_mlp_neural,Table IV,atten_dsr,VP019,SingLEM,CBraMod,0.8888888888888888,0.7916666666666666,0.097222222222,,
strict_mlp_neural,Table IV,atten_dsr,VP020,SingLEM,CBraMod,0.7777777777777778,0.7777777777777778,0.0,,
strict_mlp_neural,Table IV,atten_dsr,VP021,SingLEM,CBraMod,0.8888888888888888,0.8333333333333334,0.055555555556,,
strict_mlp_neural,Table IV,atten_dsr,VP022,SingLEM,CBraMod,0.8333333333333334,0.75,0.083333333333,,
strict_mlp_neural,Table IV,atten_dsr,VP023,SingLEM,CBraMod,0.8055555555555556,0.75,0.055555555556,,
strict_mlp_neural,Table IV,atten_dsr,VP024,SingLEM,CBraMod,0.8333333333333334,0.7916666666666666,0.041666666667,,
strict_mlp_neural,Table IV,atten_dsr,VP025,SingLEM,CBraMod,0.9861111111111112,0.8888888888888888,0.097222222222,,
strict_mlp_neural,Table IV,atten_dsr,VP026,SingLEM,CBraMod,0.8194444444444444,0.8472222222222222,-0.027777777778,,
strict_mlp_neural,Table IV,atten_dsr,VP001,SingLEM,CodeBrain,0.5972222222222222,0.6666666666666666,-0.069444444444,,
strict_mlp_neural,Table IV,atten_dsr,VP002,SingLEM,CodeBrain,0.6527777777777778,0.7083333333333334,-0.055555555556,,
strict_mlp_neural,Table IV,atten_dsr,VP003,SingLEM,CodeBrain,0.8888888888888888,0.7222222222222222,0.166666666667,,
strict_mlp_neural,Table IV,atten_dsr,VP004,SingLEM,CodeBrain,0.8194444444444444,0.6944444444444444,0.125,,
strict_mlp_neural,Table IV,atten_dsr,VP005,SingLEM,CodeBrain,0.6944444444444444,0.8055555555555556,-0.111111111111,,
strict_mlp_neural,Table IV,atten_dsr,VP006,SingLEM,CodeBrain,0.8333333333333334,0.7777777777777778,0.055555555556,,
strict_mlp_neural,Table IV,atten_dsr,VP007,SingLEM,CodeBrain,0.8611111111111112,0.7361111111111112,0.125,,
strict_mlp_neural,Table IV,atten_dsr,VP008,SingLEM,CodeBrain,0.9027777777777778,0.9583333333333334,-0.055555555556,,
strict_mlp_neural,Table IV,atten_dsr,VP009,SingLEM,CodeBrain,0.8888888888888888,0.8333333333333334,0.055555555556,,
strict_mlp_neural,Table IV,atten_dsr,VP010,SingLEM,CodeBrain,0.8611111111111112,0.8333333333333334,0.027777777778,,
strict_mlp_neural,Table IV,atten_dsr,VP011,SingLEM,CodeBrain,0.7083333333333334,0.625,0.083333333333,,
strict_mlp_neural,Table IV,atten_dsr,VP012,SingLEM,CodeBrain,0.9166666666666666,0.9722222222222222,-0.055555555556,,
strict_mlp_neural,Table IV,atten_dsr,VP013,SingLEM,CodeBrain,0.9027777777777778,0.9444444444444444,-0.041666666667,,
strict_mlp_neural,Table IV,atten_dsr,VP014,SingLEM,CodeBrain,0.9583333333333334,0.9722222222222222,-0.013888888889,,
strict_mlp_neural,Table IV,atten_dsr,VP015,SingLEM,CodeBrain,0.8472222222222222,0.8333333333333334,0.013888888889,,
strict_mlp_neural,Table IV,atten_dsr,VP016,SingLEM,CodeBrain,0.9583333333333334,0.8055555555555556,0.152777777778,,
strict_mlp_neural,Table IV,atten_dsr,VP017,SingLEM,CodeBrain,0.8194444444444444,0.8333333333333334,-0.013888888889,,
strict_mlp_neural,Table IV,atten_dsr,VP018,SingLEM,CodeBrain,0.8611111111111112,0.875,-0.013888888889,,
strict_mlp_neural,Table IV,atten_dsr,VP019,SingLEM,CodeBrain,0.8888888888888888,0.8888888888888888,0.0,,
strict_mlp_neural,Table IV,atten_dsr,VP020,SingLEM,CodeBrain,0.7777777777777778,0.7638888888888888,0.013888888889,,
strict_mlp_neural,Table IV,atten_dsr,VP021,SingLEM,CodeBrain,0.8888888888888888,0.875,0.013888888889,,
strict_mlp_neural,Table IV,atten_dsr,VP022,SingLEM,CodeBrain,0.8333333333333334,0.7916666666666666,0.041666666667,,
strict_mlp_neural,Table IV,atten_dsr,VP023,SingLEM,CodeBrain,0.8055555555555556,0.8194444444444444,-0.013888888889,,
strict_mlp_neural,Table IV,atten_dsr,VP024,SingLEM,CodeBrain,0.8333333333333334,0.7222222222222222,0.111111111111,,
strict_mlp_neural,Table IV,atten_dsr,VP025,SingLEM,CodeBrain,0.9861111111111112,0.9444444444444444,0.041666666667,,
strict_mlp_neural,Table IV,atten_dsr,VP026,SingLEM,CodeBrain,0.8194444444444444,0.8888888888888888,-0.069444444444,,
strict_mlp_neural,Table IV,atten_dsr,VP001,SingLEM,CSBrain,0.5972222222222222,0.6111111111111112,-0.013888888889,,
strict_mlp_neural,Table IV,atten_dsr,VP002,SingLEM,CSBrain,0.6527777777777778,0.625,0.027777777778,,
strict_mlp_neural,Table IV,atten_dsr,VP003,SingLEM,CSBrain,0.8888888888888888,0.6527777777777778,0.236111111111,,
strict_mlp_neural,Table IV,atten_dsr,VP004,SingLEM,CSBrain,0.8194444444444444,0.7222222222222222,0.097222222222,,
strict_mlp_neural,Table IV,atten_dsr,VP005,SingLEM,CSBrain,0.6944444444444444,0.7083333333333334,-0.013888888889,,
strict_mlp_neural,Table IV,atten_dsr,VP006,SingLEM,CSBrain,0.8333333333333334,0.6944444444444444,0.138888888889,,
strict_mlp_neural,Table IV,atten_dsr,VP007,SingLEM,CSBrain,0.8611111111111112,0.7916666666666666,0.069444444444,,
strict_mlp_neural,Table IV,atten_dsr,VP008,SingLEM,CSBrain,0.9027777777777778,0.9583333333333334,-0.055555555556,,
strict_mlp_neural,Table IV,atten_dsr,VP009,SingLEM,CSBrain,0.8888888888888888,0.875,0.013888888889,,
strict_mlp_neural,Table IV,atten_dsr,VP010,SingLEM,CSBrain,0.8611111111111112,0.7083333333333334,0.152777777778,,
strict_mlp_neural,Table IV,atten_dsr,VP011,SingLEM,CSBrain,0.7083333333333334,0.5694444444444444,0.138888888889,,
strict_mlp_neural,Table IV,atten_dsr,VP012,SingLEM,CSBrain,0.9166666666666666,0.8888888888888888,0.027777777778,,
strict_mlp_neural,Table IV,atten_dsr,VP013,SingLEM,CSBrain,0.9027777777777778,0.9166666666666666,-0.013888888889,,
strict_mlp_neural,Table IV,atten_dsr,VP014,SingLEM,CSBrain,0.9583333333333334,0.9305555555555556,0.027777777778,,
strict_mlp_neural,Table IV,atten_dsr,VP015,SingLEM,CSBrain,0.8472222222222222,0.7361111111111112,0.111111111111,,
strict_mlp_neural,Table IV,atten_dsr,VP016,SingLEM,CSBrain,0.9583333333333334,0.7222222222222222,0.236111111111,,
strict_mlp_neural,Table IV,atten_dsr,VP017,SingLEM,CSBrain,0.8194444444444444,0.7916666666666666,0.027777777778,,
strict_mlp_neural,Table IV,atten_dsr,VP018,SingLEM,CSBrain,0.8611111111111112,0.8194444444444444,0.041666666667,,
strict_mlp_neural,Table IV,atten_dsr,VP019,SingLEM,CSBrain,0.8888888888888888,0.8055555555555556,0.083333333333,,
strict_mlp_neural,Table IV,atten_dsr,VP020,SingLEM,CSBrain,0.7777777777777778,0.6388888888888888,0.138888888889,,
strict_mlp_neural,Table IV,atten_dsr,VP021,SingLEM,CSBrain,0.8888888888888888,0.8055555555555556,0.083333333333,,
strict_mlp_neural,Table IV,atten_dsr,VP022,SingLEM,CSBrain,0.8333333333333334,0.7361111111111112,0.097222222222,,
strict_mlp_neural,Table IV,atten_dsr,VP023,SingLEM,CSBrain,0.8055555555555556,0.6805555555555556,0.125,,
strict_mlp_neural,Table IV,atten_dsr,VP024,SingLEM,CSBrain,0.8333333333333334,0.6388888888888888,0.194444444444,,
strict_mlp_neural,Table IV,atten_dsr,VP025,SingLEM,CSBrain,0.9861111111111112,0.8888888888888888,0.097222222222,,
strict_mlp_neural,Table IV,atten_dsr,VP026,SingLEM,CSBrain,0.8194444444444444,0.7916666666666666,0.027777777778,,
strict_mlp_neural,Table IV,atten_dsr,VP001,SingLEM,LUNA,0.5972222222222222,0.7083333333333334,-0.111111111111,,
strict_mlp_neural,Table IV,atten_dsr,VP002,SingLEM,LUNA,0.6527777777777778,0.5972222222222222,0.055555555556,,
strict_mlp_neural,Table IV,atten_dsr,VP003,SingLEM,LUNA,0.8888888888888888,0.5277777777777778,0.361111111111,,
strict_mlp_neural,Table IV,atten_dsr,VP004,SingLEM,LUNA,0.8194444444444444,0.5416666666666666,0.277777777778,,
strict_mlp_neural,Table IV,atten_dsr,VP005,SingLEM,LUNA,0.6944444444444444,0.5972222222222222,0.097222222222,,
strict_mlp_neural,Table IV,atten_dsr,VP006,SingLEM,LUNA,0.8333333333333334,0.625,0.208333333333,,
strict_mlp_neural,Table IV,atten_dsr,VP007,SingLEM,LUNA,0.8611111111111112,0.5277777777777778,0.333333333333,,
strict_mlp_neural,Table IV,atten_dsr,VP008,SingLEM,LUNA,0.9027777777777778,0.8055555555555556,0.097222222222,,
strict_mlp_neural,Table IV,atten_dsr,VP009,SingLEM,LUNA,0.8888888888888888,0.6111111111111112,0.277777777778,,
strict_mlp_neural,Table IV,atten_dsr,VP010,SingLEM,LUNA,0.8611111111111112,0.5694444444444444,0.291666666667,,
strict_mlp_neural,Table IV,atten_dsr,VP011,SingLEM,LUNA,0.7083333333333334,0.5972222222222222,0.111111111111,,
strict_mlp_neural,Table IV,atten_dsr,VP012,SingLEM,LUNA,0.9166666666666666,0.7361111111111112,0.180555555556,,
strict_mlp_neural,Table IV,atten_dsr,VP013,SingLEM,LUNA,0.9027777777777778,0.75,0.152777777778,,
strict_mlp_neural,Table IV,atten_dsr,VP014,SingLEM,LUNA,0.9583333333333334,0.7777777777777778,0.180555555556,,
strict_mlp_neural,Table IV,atten_dsr,VP015,SingLEM,LUNA,0.8472222222222222,0.6944444444444444,0.152777777778,,
strict_mlp_neural,Table IV,atten_dsr,VP016,SingLEM,LUNA,0.9583333333333334,0.5277777777777778,0.430555555556,,
strict_mlp_neural,Table IV,atten_dsr,VP017,SingLEM,LUNA,0.8194444444444444,0.6666666666666666,0.152777777778,,
strict_mlp_neural,Table IV,atten_dsr,VP018,SingLEM,LUNA,0.8611111111111112,0.6388888888888888,0.222222222222,,
strict_mlp_neural,Table IV,atten_dsr,VP019,SingLEM,LUNA,0.8888888888888888,0.8472222222222222,0.041666666667,,
strict_mlp_neural,Table IV,atten_dsr,VP020,SingLEM,LUNA,0.7777777777777778,0.7777777777777778,0.0,,
strict_mlp_neural,Table IV,atten_dsr,VP021,SingLEM,LUNA,0.8888888888888888,0.6527777777777778,0.236111111111,,
strict_mlp_neural,Table IV,atten_dsr,VP022,SingLEM,LUNA,0.8333333333333334,0.4861111111111111,0.347222222222,,
strict_mlp_neural,Table IV,atten_dsr,VP023,SingLEM,LUNA,0.8055555555555556,0.5416666666666666,0.263888888889,,
strict_mlp_neural,Table IV,atten_dsr,VP024,SingLEM,LUNA,0.8333333333333334,0.5277777777777778,0.305555555556,,
strict_mlp_neural,Table IV,atten_dsr,VP025,SingLEM,LUNA,0.9861111111111112,0.7638888888888888,0.222222222222,,
strict_mlp_neural,Table IV,atten_dsr,VP026,SingLEM,LUNA,0.8194444444444444,0.7083333333333334,0.111111111111,,
strict_mlp_neural,Table IV,atten_dsr,VP001,SingLEM,CSP,0.5972222222222222,0.5555555555555556,0.041666666667,,
strict_mlp_neural,Table IV,atten_dsr,VP002,SingLEM,CSP,0.6527777777777778,0.5,0.152777777778,,
strict_mlp_neural,Table IV,atten_dsr,VP003,SingLEM,CSP,0.8888888888888888,0.625,0.263888888889,,
strict_mlp_neural,Table IV,atten_dsr,VP004,SingLEM,CSP,0.8194444444444444,0.5277777777777778,0.291666666667,,
strict_mlp_neural,Table IV,atten_dsr,VP005,SingLEM,CSP,0.6944444444444444,0.5972222222222222,0.097222222222,,
strict_mlp_neural,Table IV,atten_dsr,VP006,SingLEM,CSP,0.8333333333333334,0.6666666666666666,0.166666666667,,
strict_mlp_neural,Table IV,atten_dsr,VP007,SingLEM,CSP,0.8611111111111112,0.5,0.361111111111,,
strict_mlp_neural,Table IV,atten_dsr,VP008,SingLEM,CSP,0.9027777777777778,0.5833333333333334,0.319444444444,,
strict_mlp_neural,Table IV,atten_dsr,VP009,SingLEM,CSP,0.8888888888888888,0.5277777777777778,0.361111111111,,
strict_mlp_neural,Table IV,atten_dsr,VP010,SingLEM,CSP,0.8611111111111112,0.625,0.236111111111,,
strict_mlp_neural,Table IV,atten_dsr,VP011,SingLEM,CSP,0.7083333333333334,0.5,0.208333333333,,
strict_mlp_neural,Table IV,atten_dsr,VP012,SingLEM,CSP,0.9166666666666666,0.5,0.416666666667,,
strict_mlp_neural,Table IV,atten_dsr,VP013,SingLEM,CSP,0.9027777777777778,0.5555555555555556,0.347222222222,,
strict_mlp_neural,Table IV,atten_dsr,VP014,SingLEM,CSP,0.9583333333333334,0.6666666666666666,0.291666666667,,
strict_mlp_neural,Table IV,atten_dsr,VP015,SingLEM,CSP,0.8472222222222222,0.6527777777777778,0.194444444444,,
strict_mlp_neural,Table IV,atten_dsr,VP016,SingLEM,CSP,0.9583333333333334,0.5,0.458333333333,,
strict_mlp_neural,Table IV,atten_dsr,VP017,SingLEM,CSP,0.8194444444444444,0.7916666666666666,0.027777777778,,
strict_mlp_neural,Table IV,atten_dsr,VP018,SingLEM,CSP,0.8611111111111112,0.5,0.361111111111,,
strict_mlp_neural,Table IV,atten_dsr,VP019,SingLEM,CSP,0.8888888888888888,0.5833333333333334,0.305555555556,,
strict_mlp_neural,Table IV,atten_dsr,VP020,SingLEM,CSP,0.7777777777777778,0.5,0.277777777778,,
strict_mlp_neural,Table IV,atten_dsr,VP021,SingLEM,CSP,0.8888888888888888,0.5,0.388888888889,,
strict_mlp_neural,Table IV,atten_dsr,VP022,SingLEM,CSP,0.8333333333333334,0.5138888888888888,0.319444444444,,
strict_mlp_neural,Table IV,atten_dsr,VP023,SingLEM,CSP,0.8055555555555556,0.6388888888888888,0.166666666667,,
strict_mlp_neural,Table IV,atten_dsr,VP024,SingLEM,CSP,0.8333333333333334,0.5,0.333333333333,,
strict_mlp_neural,Table IV,atten_dsr,VP025,SingLEM,CSP,0.9861111111111112,0.7638888888888888,0.222222222222,,
strict_mlp_neural,Table IV,atten_dsr,VP026,SingLEM,CSP,0.8194444444444444,0.6111111111111112,0.208333333333,,
strict_mlp_neural,Table IV,atten_dsr,VP001,SingLEM,Welch PSD,0.5972222222222222,0.7222222222222222,-0.125,,
strict_mlp_neural,Table IV,atten_dsr,VP002,SingLEM,Welch PSD,0.6527777777777778,0.5138888888888888,0.138888888889,,
strict_mlp_neural,Table IV,atten_dsr,VP003,SingLEM,Welch PSD,0.8888888888888888,0.7083333333333334,0.180555555556,,
strict_mlp_neural,Table IV,atten_dsr,VP004,SingLEM,Welch PSD,0.8194444444444444,0.5277777777777778,0.291666666667,,
strict_mlp_neural,Table IV,atten_dsr,VP005,SingLEM,Welch PSD,0.6944444444444444,0.8055555555555556,-0.111111111111,,
strict_mlp_neural,Table IV,atten_dsr,VP006,SingLEM,Welch PSD,0.8333333333333334,0.5833333333333334,0.25,,
strict_mlp_neural,Table IV,atten_dsr,VP007,SingLEM,Welch PSD,0.8611111111111112,0.5694444444444444,0.291666666667,,
strict_mlp_neural,Table IV,atten_dsr,VP008,SingLEM,Welch PSD,0.9027777777777778,0.7638888888888888,0.138888888889,,
strict_mlp_neural,Table IV,atten_dsr,VP009,SingLEM,Welch PSD,0.8888888888888888,0.5138888888888888,0.375,,
strict_mlp_neural,Table IV,atten_dsr,VP010,SingLEM,Welch PSD,0.8611111111111112,0.6388888888888888,0.222222222222,,
strict_mlp_neural,Table IV,atten_dsr,VP011,SingLEM,Welch PSD,0.7083333333333334,0.5,0.208333333333,,
strict_mlp_neural,Table IV,atten_dsr,VP012,SingLEM,Welch PSD,0.9166666666666666,0.8194444444444444,0.097222222222,,
strict_mlp_neural,Table IV,atten_dsr,VP013,SingLEM,Welch PSD,0.9027777777777778,0.5694444444444444,0.333333333333,,
strict_mlp_neural,Table IV,atten_dsr,VP014,SingLEM,Welch PSD,0.9583333333333334,0.6666666666666666,0.291666666667,,
strict_mlp_neural,Table IV,atten_dsr,VP015,SingLEM,Welch PSD,0.8472222222222222,0.6388888888888888,0.208333333333,,
strict_mlp_neural,Table IV,atten_dsr,VP016,SingLEM,Welch PSD,0.9583333333333334,0.5277777777777778,0.430555555556,,
strict_mlp_neural,Table IV,atten_dsr,VP017,SingLEM,Welch PSD,0.8194444444444444,0.625,0.194444444444,,
strict_mlp_neural,Table IV,atten_dsr,VP018,SingLEM,Welch PSD,0.8611111111111112,0.6944444444444444,0.166666666667,,
strict_mlp_neural,Table IV,atten_dsr,VP019,SingLEM,Welch PSD,0.8888888888888888,0.7222222222222222,0.166666666667,,
strict_mlp_neural,Table IV,atten_dsr,VP020,SingLEM,Welch PSD,0.7777777777777778,0.6805555555555556,0.097222222222,,
strict_mlp_neural,Table IV,atten_dsr,VP021,SingLEM,Welch PSD,0.8888888888888888,0.625,0.263888888889,,
strict_mlp_neural,Table IV,atten_dsr,VP022,SingLEM,Welch PSD,0.8333333333333334,0.5694444444444444,0.263888888889,,
strict_mlp_neural,Table IV,atten_dsr,VP023,SingLEM,Welch PSD,0.8055555555555556,0.5972222222222222,0.208333333333,,
strict_mlp_neural,Table IV,atten_dsr,VP024,SingLEM,Welch PSD,0.8333333333333334,0.6388888888888888,0.194444444444,,
strict_mlp_neural,Table IV,atten_dsr,VP025,SingLEM,Welch PSD,0.9861111111111112,0.8055555555555556,0.180555555556,,
strict_mlp_neural,Table IV,atten_dsr,VP026,SingLEM,Welch PSD,0.8194444444444444,0.8055555555555556,0.013888888889,,
strict_mlp_neural,Table IV,atten_dsr,VP001,SingLEM,EEGNet,0.5972222222222222,0.5833333333333334,0.013888888889,,
strict_mlp_neural,Table IV,atten_dsr,VP002,SingLEM,EEGNet,0.6527777777777778,0.625,0.027777777778,,
strict_mlp_neural,Table IV,atten_dsr,VP003,SingLEM,EEGNet,0.8888888888888888,0.7916666666666666,0.097222222222,,
strict_mlp_neural,Table IV,atten_dsr,VP004,SingLEM,EEGNet,0.8194444444444444,0.7222222222222222,0.097222222222,,
strict_mlp_neural,Table IV,atten_dsr,VP005,SingLEM,EEGNet,0.6944444444444444,0.7222222222222222,-0.027777777778,,
strict_mlp_neural,Table IV,atten_dsr,VP006,SingLEM,EEGNet,0.8333333333333334,0.6388888888888888,0.194444444444,,
strict_mlp_neural,Table IV,atten_dsr,VP007,SingLEM,EEGNet,0.8611111111111112,0.7361111111111112,0.125,,
strict_mlp_neural,Table IV,atten_dsr,VP008,SingLEM,EEGNet,0.9027777777777778,0.9027777777777778,0.0,,
strict_mlp_neural,Table IV,atten_dsr,VP009,SingLEM,EEGNet,0.8888888888888888,0.8333333333333334,0.055555555556,,
strict_mlp_neural,Table IV,atten_dsr,VP010,SingLEM,EEGNet,0.8611111111111112,0.7361111111111112,0.125,,
strict_mlp_neural,Table IV,atten_dsr,VP011,SingLEM,EEGNet,0.7083333333333334,0.625,0.083333333333,,
strict_mlp_neural,Table IV,atten_dsr,VP012,SingLEM,EEGNet,0.9166666666666666,0.875,0.041666666667,,
strict_mlp_neural,Table IV,atten_dsr,VP013,SingLEM,EEGNet,0.9027777777777778,0.8888888888888888,0.013888888889,,
strict_mlp_neural,Table IV,atten_dsr,VP014,SingLEM,EEGNet,0.9583333333333334,0.9444444444444444,0.013888888889,,
strict_mlp_neural,Table IV,atten_dsr,VP015,SingLEM,EEGNet,0.8472222222222222,0.7777777777777778,0.069444444444,,
strict_mlp_neural,Table IV,atten_dsr,VP016,SingLEM,EEGNet,0.9583333333333334,0.8055555555555556,0.152777777778,,
strict_mlp_neural,Table IV,atten_dsr,VP017,SingLEM,EEGNet,0.8194444444444444,0.75,0.069444444444,,
strict_mlp_neural,Table IV,atten_dsr,VP018,SingLEM,EEGNet,0.8611111111111112,0.8888888888888888,-0.027777777778,,
strict_mlp_neural,Table IV,atten_dsr,VP019,SingLEM,EEGNet,0.8888888888888888,0.8611111111111112,0.027777777778,,
strict_mlp_neural,Table IV,atten_dsr,VP020,SingLEM,EEGNet,0.7777777777777778,0.8333333333333334,-0.055555555556,,
strict_mlp_neural,Table IV,atten_dsr,VP021,SingLEM,EEGNet,0.8888888888888888,0.8611111111111112,0.027777777778,,
strict_mlp_neural,Table IV,atten_dsr,VP022,SingLEM,EEGNet,0.8333333333333334,0.6944444444444444,0.138888888889,,
strict_mlp_neural,Table IV,atten_dsr,VP023,SingLEM,EEGNet,0.8055555555555556,0.7361111111111112,0.069444444444,,
strict_mlp_neural,Table IV,atten_dsr,VP024,SingLEM,EEGNet,0.8333333333333334,0.75,0.083333333333,,
strict_mlp_neural,Table IV,atten_dsr,VP025,SingLEM,EEGNet,0.9861111111111112,0.9166666666666666,0.069444444444,,
strict_mlp_neural,Table IV,atten_dsr,VP026,SingLEM,EEGNet,0.8194444444444444,0.7916666666666666,0.027777777778,,
strict_mlp_neural,Table IV,atten_dsr,VP001,SingLEM,EEGConformer,0.5972222222222222,0.9305555555555556,-0.333333333333,,
strict_mlp_neural,Table IV,atten_dsr,VP002,SingLEM,EEGConformer,0.6527777777777778,0.7222222222222222,-0.069444444444,,
strict_mlp_neural,Table IV,atten_dsr,VP003,SingLEM,EEGConformer,0.8888888888888888,0.7222222222222222,0.166666666667,,
strict_mlp_neural,Table IV,atten_dsr,VP004,SingLEM,EEGConformer,0.8194444444444444,0.8333333333333334,-0.013888888889,,
strict_mlp_neural,Table IV,atten_dsr,VP005,SingLEM,EEGConformer,0.6944444444444444,0.7083333333333334,-0.013888888889,,
strict_mlp_neural,Table IV,atten_dsr,VP006,SingLEM,EEGConformer,0.8333333333333334,0.75,0.083333333333,,
strict_mlp_neural,Table IV,atten_dsr,VP007,SingLEM,EEGConformer,0.8611111111111112,0.8194444444444444,0.041666666667,,
strict_mlp_neural,Table IV,atten_dsr,VP008,SingLEM,EEGConformer,0.9027777777777778,0.9166666666666666,-0.013888888889,,
strict_mlp_neural,Table IV,atten_dsr,VP009,SingLEM,EEGConformer,0.8888888888888888,0.7777777777777778,0.111111111111,,
strict_mlp_neural,Table IV,atten_dsr,VP010,SingLEM,EEGConformer,0.8611111111111112,0.6388888888888888,0.222222222222,,
strict_mlp_neural,Table IV,atten_dsr,VP011,SingLEM,EEGConformer,0.7083333333333334,0.7222222222222222,-0.013888888889,,
strict_mlp_neural,Table IV,atten_dsr,VP012,SingLEM,EEGConformer,0.9166666666666666,0.9444444444444444,-0.027777777778,,
strict_mlp_neural,Table IV,atten_dsr,VP013,SingLEM,EEGConformer,0.9027777777777778,0.9027777777777778,0.0,,
strict_mlp_neural,Table IV,atten_dsr,VP014,SingLEM,EEGConformer,0.9583333333333334,0.7083333333333334,0.25,,
strict_mlp_neural,Table IV,atten_dsr,VP015,SingLEM,EEGConformer,0.8472222222222222,0.6666666666666666,0.180555555556,,
strict_mlp_neural,Table IV,atten_dsr,VP016,SingLEM,EEGConformer,0.9583333333333334,0.7222222222222222,0.236111111111,,
strict_mlp_neural,Table IV,atten_dsr,VP017,SingLEM,EEGConformer,0.8194444444444444,0.7638888888888888,0.055555555556,,
strict_mlp_neural,Table IV,atten_dsr,VP018,SingLEM,EEGConformer,0.8611111111111112,0.8333333333333334,0.027777777778,,
strict_mlp_neural,Table IV,atten_dsr,VP019,SingLEM,EEGConformer,0.8888888888888888,0.8194444444444444,0.069444444444,,
strict_mlp_neural,Table IV,atten_dsr,VP020,SingLEM,EEGConformer,0.7777777777777778,0.7361111111111112,0.041666666667,,
strict_mlp_neural,Table IV,atten_dsr,VP021,SingLEM,EEGConformer,0.8888888888888888,0.7916666666666666,0.097222222222,,
strict_mlp_neural,Table IV,atten_dsr,VP022,SingLEM,EEGConformer,0.8333333333333334,0.7083333333333334,0.125,,
strict_mlp_neural,Table IV,atten_dsr,VP023,SingLEM,EEGConformer,0.8055555555555556,0.7083333333333334,0.097222222222,,
strict_mlp_neural,Table IV,atten_dsr,VP024,SingLEM,EEGConformer,0.8333333333333334,0.6666666666666666,0.166666666667,,
strict_mlp_neural,Table IV,atten_dsr,VP025,SingLEM,EEGConformer,0.9861111111111112,0.9444444444444444,0.041666666667,,
strict_mlp_neural,Table IV,atten_dsr,VP026,SingLEM,EEGConformer,0.8194444444444444,0.7222222222222222,0.097222222222,,
strict_mlp_neural,Table IV,atten_dsr,VP001,SingLEM,IFNetV2,0.5972222222222222,0.5972222222222222,0.0,,
strict_mlp_neural,Table IV,atten_dsr,VP002,SingLEM,IFNetV2,0.6527777777777778,0.5694444444444444,0.083333333333,,
strict_mlp_neural,Table IV,atten_dsr,VP003,SingLEM,IFNetV2,0.8888888888888888,0.7361111111111112,0.152777777778,,
strict_mlp_neural,Table IV,atten_dsr,VP004,SingLEM,IFNetV2,0.8194444444444444,0.6944444444444444,0.125,,
strict_mlp_neural,Table IV,atten_dsr,VP005,SingLEM,IFNetV2,0.6944444444444444,0.875,-0.180555555556,,
strict_mlp_neural,Table IV,atten_dsr,VP006,SingLEM,IFNetV2,0.8333333333333334,0.6805555555555556,0.152777777778,,
strict_mlp_neural,Table IV,atten_dsr,VP007,SingLEM,IFNetV2,0.8611111111111112,0.7777777777777778,0.083333333333,,
strict_mlp_neural,Table IV,atten_dsr,VP008,SingLEM,IFNetV2,0.9027777777777778,0.9722222222222222,-0.069444444444,,
strict_mlp_neural,Table IV,atten_dsr,VP009,SingLEM,IFNetV2,0.8888888888888888,0.75,0.138888888889,,
strict_mlp_neural,Table IV,atten_dsr,VP010,SingLEM,IFNetV2,0.8611111111111112,0.6388888888888888,0.222222222222,,
strict_mlp_neural,Table IV,atten_dsr,VP011,SingLEM,IFNetV2,0.7083333333333334,0.5416666666666666,0.166666666667,,
strict_mlp_neural,Table IV,atten_dsr,VP012,SingLEM,IFNetV2,0.9166666666666666,0.8055555555555556,0.111111111111,,
strict_mlp_neural,Table IV,atten_dsr,VP013,SingLEM,IFNetV2,0.9027777777777778,0.9166666666666666,-0.013888888889,,
strict_mlp_neural,Table IV,atten_dsr,VP014,SingLEM,IFNetV2,0.9583333333333334,0.8055555555555556,0.152777777778,,
strict_mlp_neural,Table IV,atten_dsr,VP015,SingLEM,IFNetV2,0.8472222222222222,0.7638888888888888,0.083333333333,,
strict_mlp_neural,Table IV,atten_dsr,VP016,SingLEM,IFNetV2,0.9583333333333334,0.6666666666666666,0.291666666667,,
strict_mlp_neural,Table IV,atten_dsr,VP017,SingLEM,IFNetV2,0.8194444444444444,0.8472222222222222,-0.027777777778,,
strict_mlp_neural,Table IV,atten_dsr,VP018,SingLEM,IFNetV2,0.8611111111111112,0.6944444444444444,0.166666666667,,
strict_mlp_neural,Table IV,atten_dsr,VP019,SingLEM,IFNetV2,0.8888888888888888,0.7083333333333334,0.180555555556,,
strict_mlp_neural,Table IV,atten_dsr,VP020,SingLEM,IFNetV2,0.7777777777777778,0.7777777777777778,0.0,,
strict_mlp_neural,Table IV,atten_dsr,VP021,SingLEM,IFNetV2,0.8888888888888888,0.7222222222222222,0.166666666667,,
strict_mlp_neural,Table IV,atten_dsr,VP022,SingLEM,IFNetV2,0.8333333333333334,0.7916666666666666,0.041666666667,,
strict_mlp_neural,Table IV,atten_dsr,VP023,SingLEM,IFNetV2,0.8055555555555556,0.7361111111111112,0.069444444444,,
strict_mlp_neural,Table IV,atten_dsr,VP024,SingLEM,IFNetV2,0.8333333333333334,0.6666666666666666,0.166666666667,,
strict_mlp_neural,Table IV,atten_dsr,VP025,SingLEM,IFNetV2,0.9861111111111112,0.7638888888888888,0.222222222222,,
strict_mlp_neural,Table IV,atten_dsr,VP026,SingLEM,IFNetV2,0.8194444444444444,0.6527777777777778,0.166666666667,,
strict_mlp_neural,Table IV,atten_word,VP001,SingLEM,BENDR,0.65,0.6,0.05,,
strict_mlp_neural,Table IV,atten_word,VP002,SingLEM,BENDR,0.7166666666666667,0.5,0.216666666667,,
strict_mlp_neural,Table IV,atten_word,VP003,SingLEM,BENDR,0.6166666666666667,0.5,0.116666666667,,
strict_mlp_neural,Table IV,atten_word,VP004,SingLEM,BENDR,0.5666666666666667,0.5,0.066666666667,,
strict_mlp_neural,Table IV,atten_word,VP005,SingLEM,BENDR,0.7,0.48333333333333334,0.216666666667,,
strict_mlp_neural,Table IV,atten_word,VP006,SingLEM,BENDR,0.8166666666666667,0.43333333333333335,0.383333333333,,
strict_mlp_neural,Table IV,atten_word,VP007,SingLEM,BENDR,0.7666666666666667,0.6,0.166666666667,,
strict_mlp_neural,Table IV,atten_word,VP008,SingLEM,BENDR,0.6833333333333333,0.5166666666666667,0.166666666667,,
strict_mlp_neural,Table IV,atten_word,VP009,SingLEM,BENDR,0.6666666666666666,0.5,0.166666666667,,
strict_mlp_neural,Table IV,atten_word,VP010,SingLEM,BENDR,0.6333333333333333,0.5166666666666667,0.116666666667,,
strict_mlp_neural,Table IV,atten_word,VP011,SingLEM,BENDR,0.6166666666666667,0.5,0.116666666667,,
strict_mlp_neural,Table IV,atten_word,VP012,SingLEM,BENDR,0.6166666666666667,0.5333333333333333,0.083333333333,,
strict_mlp_neural,Table IV,atten_word,VP013,SingLEM,BENDR,0.7166666666666667,0.43333333333333335,0.283333333333,,
strict_mlp_neural,Table IV,atten_word,VP014,SingLEM,BENDR,0.7666666666666667,0.5,0.266666666667,,
strict_mlp_neural,Table IV,atten_word,VP015,SingLEM,BENDR,0.5833333333333334,0.5166666666666667,0.066666666667,,
strict_mlp_neural,Table IV,atten_word,VP016,SingLEM,BENDR,0.85,0.5166666666666667,0.333333333333,,
strict_mlp_neural,Table IV,atten_word,VP017,SingLEM,BENDR,0.7166666666666667,0.5,0.216666666667,,
strict_mlp_neural,Table IV,atten_word,VP018,SingLEM,BENDR,0.6166666666666667,0.45,0.166666666667,,
strict_mlp_neural,Table IV,atten_word,VP019,SingLEM,BENDR,0.7,0.5666666666666667,0.133333333333,,
strict_mlp_neural,Table IV,atten_word,VP020,SingLEM,BENDR,0.6833333333333333,0.5,0.183333333333,,
strict_mlp_neural,Table IV,atten_word,VP021,SingLEM,BENDR,0.8166666666666667,0.5833333333333334,0.233333333333,,
strict_mlp_neural,Table IV,atten_word,VP022,SingLEM,BENDR,0.75,0.55,0.2,,
strict_mlp_neural,Table IV,atten_word,VP023,SingLEM,BENDR,0.6,0.5,0.1,,
strict_mlp_neural,Table IV,atten_word,VP024,SingLEM,BENDR,0.6166666666666667,0.45,0.166666666667,,
strict_mlp_neural,Table IV,atten_word,VP025,SingLEM,BENDR,0.65,0.5,0.15,,
strict_mlp_neural,Table IV,atten_word,VP026,SingLEM,BENDR,0.7666666666666667,0.55,0.216666666667,,
strict_mlp_neural,Table IV,atten_word,VP001,SingLEM,BIOT,0.65,0.4166666666666667,0.233333333333,,
strict_mlp_neural,Table IV,atten_word,VP002,SingLEM,BIOT,0.7166666666666667,0.4,0.316666666667,,
strict_mlp_neural,Table IV,atten_word,VP003,SingLEM,BIOT,0.6166666666666667,0.5166666666666667,0.1,,
strict_mlp_neural,Table IV,atten_word,VP004,SingLEM,BIOT,0.5666666666666667,0.5166666666666667,0.05,,
strict_mlp_neural,Table IV,atten_word,VP005,SingLEM,BIOT,0.7,0.6333333333333333,0.066666666667,,
strict_mlp_neural,Table IV,atten_word,VP006,SingLEM,BIOT,0.8166666666666667,0.48333333333333334,0.333333333333,,
strict_mlp_neural,Table IV,atten_word,VP007,SingLEM,BIOT,0.7666666666666667,0.4166666666666667,0.35,,
strict_mlp_neural,Table IV,atten_word,VP008,SingLEM,BIOT,0.6833333333333333,0.6,0.083333333333,,
strict_mlp_neural,Table IV,atten_word,VP009,SingLEM,BIOT,0.6666666666666666,0.55,0.116666666667,,
strict_mlp_neural,Table IV,atten_word,VP010,SingLEM,BIOT,0.6333333333333333,0.38333333333333336,0.25,,
strict_mlp_neural,Table IV,atten_word,VP011,SingLEM,BIOT,0.6166666666666667,0.5,0.116666666667,,
strict_mlp_neural,Table IV,atten_word,VP012,SingLEM,BIOT,0.6166666666666667,0.6833333333333333,-0.066666666667,,
strict_mlp_neural,Table IV,atten_word,VP013,SingLEM,BIOT,0.7166666666666667,0.5666666666666667,0.15,,
strict_mlp_neural,Table IV,atten_word,VP014,SingLEM,BIOT,0.7666666666666667,0.55,0.216666666667,,
strict_mlp_neural,Table IV,atten_word,VP015,SingLEM,BIOT,0.5833333333333334,0.5166666666666667,0.066666666667,,
strict_mlp_neural,Table IV,atten_word,VP016,SingLEM,BIOT,0.85,0.6333333333333333,0.216666666667,,
strict_mlp_neural,Table IV,atten_word,VP017,SingLEM,BIOT,0.7166666666666667,0.45,0.266666666667,,
strict_mlp_neural,Table IV,atten_word,VP018,SingLEM,BIOT,0.6166666666666667,0.48333333333333334,0.133333333333,,
strict_mlp_neural,Table IV,atten_word,VP019,SingLEM,BIOT,0.7,0.6,0.1,,
strict_mlp_neural,Table IV,atten_word,VP020,SingLEM,BIOT,0.6833333333333333,0.6166666666666667,0.066666666667,,
strict_mlp_neural,Table IV,atten_word,VP021,SingLEM,BIOT,0.8166666666666667,0.5,0.316666666667,,
strict_mlp_neural,Table IV,atten_word,VP022,SingLEM,BIOT,0.75,0.45,0.3,,
strict_mlp_neural,Table IV,atten_word,VP023,SingLEM,BIOT,0.6,0.7,-0.1,,
strict_mlp_neural,Table IV,atten_word,VP024,SingLEM,BIOT,0.6166666666666667,0.6166666666666667,0.0,,
strict_mlp_neural,Table IV,atten_word,VP025,SingLEM,BIOT,0.65,0.6166666666666667,0.033333333333,,
strict_mlp_neural,Table IV,atten_word,VP026,SingLEM,BIOT,0.7666666666666667,0.5166666666666667,0.25,,
strict_mlp_neural,Table IV,atten_word,VP001,SingLEM,LaBraM,0.65,0.7,-0.05,,
strict_mlp_neural,Table IV,atten_word,VP002,SingLEM,LaBraM,0.7166666666666667,0.7,0.016666666667,,
strict_mlp_neural,Table IV,atten_word,VP003,SingLEM,LaBraM,0.6166666666666667,0.6,0.016666666667,,
strict_mlp_neural,Table IV,atten_word,VP004,SingLEM,LaBraM,0.5666666666666667,0.5166666666666667,0.05,,
strict_mlp_neural,Table IV,atten_word,VP005,SingLEM,LaBraM,0.7,0.4,0.3,,
strict_mlp_neural,Table IV,atten_word,VP006,SingLEM,LaBraM,0.8166666666666667,0.7333333333333333,0.083333333333,,
strict_mlp_neural,Table IV,atten_word,VP007,SingLEM,LaBraM,0.7666666666666667,0.6833333333333333,0.083333333333,,
strict_mlp_neural,Table IV,atten_word,VP008,SingLEM,LaBraM,0.6833333333333333,0.45,0.233333333333,,
strict_mlp_neural,Table IV,atten_word,VP009,SingLEM,LaBraM,0.6666666666666666,0.6666666666666666,0.0,,
strict_mlp_neural,Table IV,atten_word,VP010,SingLEM,LaBraM,0.6333333333333333,0.4166666666666667,0.216666666667,,
strict_mlp_neural,Table IV,atten_word,VP011,SingLEM,LaBraM,0.6166666666666667,0.5,0.116666666667,,
strict_mlp_neural,Table IV,atten_word,VP012,SingLEM,LaBraM,0.6166666666666667,0.7666666666666667,-0.15,,
strict_mlp_neural,Table IV,atten_word,VP013,SingLEM,LaBraM,0.7166666666666667,0.55,0.166666666667,,
strict_mlp_neural,Table IV,atten_word,VP014,SingLEM,LaBraM,0.7666666666666667,0.7166666666666667,0.05,,
strict_mlp_neural,Table IV,atten_word,VP015,SingLEM,LaBraM,0.5833333333333334,0.6166666666666667,-0.033333333333,,
strict_mlp_neural,Table IV,atten_word,VP016,SingLEM,LaBraM,0.85,0.6333333333333333,0.216666666667,,
strict_mlp_neural,Table IV,atten_word,VP017,SingLEM,LaBraM,0.7166666666666667,0.48333333333333334,0.233333333333,,
strict_mlp_neural,Table IV,atten_word,VP018,SingLEM,LaBraM,0.6166666666666667,0.5,0.116666666667,,
strict_mlp_neural,Table IV,atten_word,VP019,SingLEM,LaBraM,0.7,0.8166666666666667,-0.116666666667,,
strict_mlp_neural,Table IV,atten_word,VP020,SingLEM,LaBraM,0.6833333333333333,0.7166666666666667,-0.033333333333,,
strict_mlp_neural,Table IV,atten_word,VP021,SingLEM,LaBraM,0.8166666666666667,0.5166666666666667,0.3,,
strict_mlp_neural,Table IV,atten_word,VP022,SingLEM,LaBraM,0.75,0.6666666666666666,0.083333333333,,
strict_mlp_neural,Table IV,atten_word,VP023,SingLEM,LaBraM,0.6,0.8,-0.2,,
strict_mlp_neural,Table IV,atten_word,VP024,SingLEM,LaBraM,0.6166666666666667,0.5,0.116666666667,,
strict_mlp_neural,Table IV,atten_word,VP025,SingLEM,LaBraM,0.65,0.7333333333333333,-0.083333333333,,
strict_mlp_neural,Table IV,atten_word,VP026,SingLEM,LaBraM,0.7666666666666667,0.5,0.266666666667,,
strict_mlp_neural,Table IV,atten_word,VP001,SingLEM,CBraMod,0.65,0.7,-0.05,,
strict_mlp_neural,Table IV,atten_word,VP002,SingLEM,CBraMod,0.7166666666666667,0.7166666666666667,0.0,,
strict_mlp_neural,Table IV,atten_word,VP003,SingLEM,CBraMod,0.6166666666666667,0.6833333333333333,-0.066666666667,,
strict_mlp_neural,Table IV,atten_word,VP004,SingLEM,CBraMod,0.5666666666666667,0.5833333333333334,-0.016666666667,,
strict_mlp_neural,Table IV,atten_word,VP005,SingLEM,CBraMod,0.7,0.6166666666666667,0.083333333333,,
strict_mlp_neural,Table IV,atten_word,VP006,SingLEM,CBraMod,0.8166666666666667,0.85,-0.033333333333,,
strict_mlp_neural,Table IV,atten_word,VP007,SingLEM,CBraMod,0.7666666666666667,0.7333333333333333,0.033333333333,,
strict_mlp_neural,Table IV,atten_word,VP008,SingLEM,CBraMod,0.6833333333333333,0.5833333333333334,0.1,,
strict_mlp_neural,Table IV,atten_word,VP009,SingLEM,CBraMod,0.6666666666666666,0.6833333333333333,-0.016666666667,,
strict_mlp_neural,Table IV,atten_word,VP010,SingLEM,CBraMod,0.6333333333333333,0.65,-0.016666666667,,
strict_mlp_neural,Table IV,atten_word,VP011,SingLEM,CBraMod,0.6166666666666667,0.6,0.016666666667,,
strict_mlp_neural,Table IV,atten_word,VP012,SingLEM,CBraMod,0.6166666666666667,0.6833333333333333,-0.066666666667,,
strict_mlp_neural,Table IV,atten_word,VP013,SingLEM,CBraMod,0.7166666666666667,0.7333333333333333,-0.016666666667,,
strict_mlp_neural,Table IV,atten_word,VP014,SingLEM,CBraMod,0.7666666666666667,0.8333333333333334,-0.066666666667,,
strict_mlp_neural,Table IV,atten_word,VP015,SingLEM,CBraMod,0.5833333333333334,0.7166666666666667,-0.133333333333,,
strict_mlp_neural,Table IV,atten_word,VP016,SingLEM,CBraMod,0.85,0.8,0.05,,
strict_mlp_neural,Table IV,atten_word,VP017,SingLEM,CBraMod,0.7166666666666667,0.6,0.116666666667,,
strict_mlp_neural,Table IV,atten_word,VP018,SingLEM,CBraMod,0.6166666666666667,0.6333333333333333,-0.016666666667,,
strict_mlp_neural,Table IV,atten_word,VP019,SingLEM,CBraMod,0.7,0.8,-0.1,,
strict_mlp_neural,Table IV,atten_word,VP020,SingLEM,CBraMod,0.6833333333333333,0.8166666666666667,-0.133333333333,,
strict_mlp_neural,Table IV,atten_word,VP021,SingLEM,CBraMod,0.8166666666666667,0.6333333333333333,0.183333333333,,
strict_mlp_neural,Table IV,atten_word,VP022,SingLEM,CBraMod,0.75,0.8,-0.05,,
strict_mlp_neural,Table IV,atten_word,VP023,SingLEM,CBraMod,0.6,0.6833333333333333,-0.083333333333,,
strict_mlp_neural,Table IV,atten_word,VP024,SingLEM,CBraMod,0.6166666666666667,0.7,-0.083333333333,,
strict_mlp_neural,Table IV,atten_word,VP025,SingLEM,CBraMod,0.65,0.7666666666666667,-0.116666666667,,
strict_mlp_neural,Table IV,atten_word,VP026,SingLEM,CBraMod,0.7666666666666667,0.7166666666666667,0.05,,
strict_mlp_neural,Table IV,atten_word,VP001,SingLEM,CodeBrain,0.65,0.7,-0.05,,
strict_mlp_neural,Table IV,atten_word,VP002,SingLEM,CodeBrain,0.7166666666666667,0.7166666666666667,0.0,,
strict_mlp_neural,Table IV,atten_word,VP003,SingLEM,CodeBrain,0.6166666666666667,0.5666666666666667,0.05,,
strict_mlp_neural,Table IV,atten_word,VP004,SingLEM,CodeBrain,0.5666666666666667,0.6166666666666667,-0.05,,
strict_mlp_neural,Table IV,atten_word,VP005,SingLEM,CodeBrain,0.7,0.6166666666666667,0.083333333333,,
strict_mlp_neural,Table IV,atten_word,VP006,SingLEM,CodeBrain,0.8166666666666667,0.6833333333333333,0.133333333333,,
strict_mlp_neural,Table IV,atten_word,VP007,SingLEM,CodeBrain,0.7666666666666667,0.7333333333333333,0.033333333333,,
strict_mlp_neural,Table IV,atten_word,VP008,SingLEM,CodeBrain,0.6833333333333333,0.5333333333333333,0.15,,
strict_mlp_neural,Table IV,atten_word,VP009,SingLEM,CodeBrain,0.6666666666666666,0.6833333333333333,-0.016666666667,,
strict_mlp_neural,Table IV,atten_word,VP010,SingLEM,CodeBrain,0.6333333333333333,0.7,-0.066666666667,,
strict_mlp_neural,Table IV,atten_word,VP011,SingLEM,CodeBrain,0.6166666666666667,0.48333333333333334,0.133333333333,,
strict_mlp_neural,Table IV,atten_word,VP012,SingLEM,CodeBrain,0.6166666666666667,0.6333333333333333,-0.016666666667,,
strict_mlp_neural,Table IV,atten_word,VP013,SingLEM,CodeBrain,0.7166666666666667,0.7666666666666667,-0.05,,
strict_mlp_neural,Table IV,atten_word,VP014,SingLEM,CodeBrain,0.7666666666666667,0.7666666666666667,0.0,,
strict_mlp_neural,Table IV,atten_word,VP015,SingLEM,CodeBrain,0.5833333333333334,0.6833333333333333,-0.1,,
strict_mlp_neural,Table IV,atten_word,VP016,SingLEM,CodeBrain,0.85,0.7833333333333333,0.066666666667,,
strict_mlp_neural,Table IV,atten_word,VP017,SingLEM,CodeBrain,0.7166666666666667,0.5166666666666667,0.2,,
strict_mlp_neural,Table IV,atten_word,VP018,SingLEM,CodeBrain,0.6166666666666667,0.55,0.066666666667,,
strict_mlp_neural,Table IV,atten_word,VP019,SingLEM,CodeBrain,0.7,0.7333333333333333,-0.033333333333,,
strict_mlp_neural,Table IV,atten_word,VP020,SingLEM,CodeBrain,0.6833333333333333,0.8166666666666667,-0.133333333333,,
strict_mlp_neural,Table IV,atten_word,VP021,SingLEM,CodeBrain,0.8166666666666667,0.6,0.216666666667,,
strict_mlp_neural,Table IV,atten_word,VP022,SingLEM,CodeBrain,0.75,0.8,-0.05,,
strict_mlp_neural,Table IV,atten_word,VP023,SingLEM,CodeBrain,0.6,0.6666666666666666,-0.066666666667,,
strict_mlp_neural,Table IV,atten_word,VP024,SingLEM,CodeBrain,0.6166666666666667,0.6333333333333333,-0.016666666667,,
strict_mlp_neural,Table IV,atten_word,VP025,SingLEM,CodeBrain,0.65,0.6666666666666666,-0.016666666667,,
strict_mlp_neural,Table IV,atten_word,VP026,SingLEM,CodeBrain,0.7666666666666667,0.8166666666666667,-0.05,,
strict_mlp_neural,Table IV,atten_word,VP001,SingLEM,CSBrain,0.65,0.7333333333333333,-0.083333333333,,
strict_mlp_neural,Table IV,atten_word,VP002,SingLEM,CSBrain,0.7166666666666667,0.6,0.116666666667,,
strict_mlp_neural,Table IV,atten_word,VP003,SingLEM,CSBrain,0.6166666666666667,0.7166666666666667,-0.1,,
strict_mlp_neural,Table IV,atten_word,VP004,SingLEM,CSBrain,0.5666666666666667,0.5,0.066666666667,,
strict_mlp_neural,Table IV,atten_word,VP005,SingLEM,CSBrain,0.7,0.65,0.05,,
strict_mlp_neural,Table IV,atten_word,VP006,SingLEM,CSBrain,0.8166666666666667,0.8,0.016666666667,,
strict_mlp_neural,Table IV,atten_word,VP007,SingLEM,CSBrain,0.7666666666666667,0.7,0.066666666667,,
strict_mlp_neural,Table IV,atten_word,VP008,SingLEM,CSBrain,0.6833333333333333,0.55,0.133333333333,,
strict_mlp_neural,Table IV,atten_word,VP009,SingLEM,CSBrain,0.6666666666666666,0.6666666666666666,0.0,,
strict_mlp_neural,Table IV,atten_word,VP010,SingLEM,CSBrain,0.6333333333333333,0.5833333333333334,0.05,,
strict_mlp_neural,Table IV,atten_word,VP011,SingLEM,CSBrain,0.6166666666666667,0.6,0.016666666667,,
strict_mlp_neural,Table IV,atten_word,VP012,SingLEM,CSBrain,0.6166666666666667,0.6,0.016666666667,,
strict_mlp_neural,Table IV,atten_word,VP013,SingLEM,CSBrain,0.7166666666666667,0.65,0.066666666667,,
strict_mlp_neural,Table IV,atten_word,VP014,SingLEM,CSBrain,0.7666666666666667,0.7166666666666667,0.05,,
strict_mlp_neural,Table IV,atten_word,VP015,SingLEM,CSBrain,0.5833333333333334,0.65,-0.066666666667,,
strict_mlp_neural,Table IV,atten_word,VP016,SingLEM,CSBrain,0.85,0.7333333333333333,0.116666666667,,
strict_mlp_neural,Table IV,atten_word,VP017,SingLEM,CSBrain,0.7166666666666667,0.6,0.116666666667,,
strict_mlp_neural,Table IV,atten_word,VP018,SingLEM,CSBrain,0.6166666666666667,0.65,-0.033333333333,,
strict_mlp_neural,Table IV,atten_word,VP019,SingLEM,CSBrain,0.7,0.65,0.05,,
strict_mlp_neural,Table IV,atten_word,VP020,SingLEM,CSBrain,0.6833333333333333,0.7833333333333333,-0.1,,
strict_mlp_neural,Table IV,atten_word,VP021,SingLEM,CSBrain,0.8166666666666667,0.7666666666666667,0.05,,
strict_mlp_neural,Table IV,atten_word,VP022,SingLEM,CSBrain,0.75,0.5,0.25,,
strict_mlp_neural,Table IV,atten_word,VP023,SingLEM,CSBrain,0.6,0.6166666666666667,-0.016666666667,,
strict_mlp_neural,Table IV,atten_word,VP024,SingLEM,CSBrain,0.6166666666666667,0.55,0.066666666667,,
strict_mlp_neural,Table IV,atten_word,VP025,SingLEM,CSBrain,0.65,0.7,-0.05,,
strict_mlp_neural,Table IV,atten_word,VP026,SingLEM,CSBrain,0.7666666666666667,0.7333333333333333,0.033333333333,,
strict_mlp_neural,Table IV,atten_word,VP001,SingLEM,LUNA,0.65,0.7,-0.05,,
strict_mlp_neural,Table IV,atten_word,VP002,SingLEM,LUNA,0.7166666666666667,0.5,0.216666666667,,
strict_mlp_neural,Table IV,atten_word,VP003,SingLEM,LUNA,0.6166666666666667,0.5333333333333333,0.083333333333,,
strict_mlp_neural,Table IV,atten_word,VP004,SingLEM,LUNA,0.5666666666666667,0.5166666666666667,0.05,,
strict_mlp_neural,Table IV,atten_word,VP005,SingLEM,LUNA,0.7,0.5333333333333333,0.166666666667,,
strict_mlp_neural,Table IV,atten_word,VP006,SingLEM,LUNA,0.8166666666666667,0.7,0.116666666667,,
strict_mlp_neural,Table IV,atten_word,VP007,SingLEM,LUNA,0.7666666666666667,0.6833333333333333,0.083333333333,,
strict_mlp_neural,Table IV,atten_word,VP008,SingLEM,LUNA,0.6833333333333333,0.55,0.133333333333,,
strict_mlp_neural,Table IV,atten_word,VP009,SingLEM,LUNA,0.6666666666666666,0.5833333333333334,0.083333333333,,
strict_mlp_neural,Table IV,atten_word,VP010,SingLEM,LUNA,0.6333333333333333,0.48333333333333334,0.15,,
strict_mlp_neural,Table IV,atten_word,VP011,SingLEM,LUNA,0.6166666666666667,0.5,0.116666666667,,
strict_mlp_neural,Table IV,atten_word,VP012,SingLEM,LUNA,0.6166666666666667,0.6666666666666666,-0.05,,
strict_mlp_neural,Table IV,atten_word,VP013,SingLEM,LUNA,0.7166666666666667,0.6666666666666666,0.05,,
strict_mlp_neural,Table IV,atten_word,VP014,SingLEM,LUNA,0.7666666666666667,0.75,0.016666666667,,
strict_mlp_neural,Table IV,atten_word,VP015,SingLEM,LUNA,0.5833333333333334,0.48333333333333334,0.1,,
strict_mlp_neural,Table IV,atten_word,VP016,SingLEM,LUNA,0.85,0.6166666666666667,0.233333333333,,
strict_mlp_neural,Table IV,atten_word,VP017,SingLEM,LUNA,0.7166666666666667,0.5333333333333333,0.183333333333,,
strict_mlp_neural,Table IV,atten_word,VP018,SingLEM,LUNA,0.6166666666666667,0.48333333333333334,0.133333333333,,
strict_mlp_neural,Table IV,atten_word,VP019,SingLEM,LUNA,0.7,0.65,0.05,,
strict_mlp_neural,Table IV,atten_word,VP020,SingLEM,LUNA,0.6833333333333333,0.7833333333333333,-0.1,,
strict_mlp_neural,Table IV,atten_word,VP021,SingLEM,LUNA,0.8166666666666667,0.5166666666666667,0.3,,
strict_mlp_neural,Table IV,atten_word,VP022,SingLEM,LUNA,0.75,0.65,0.1,,
strict_mlp_neural,Table IV,atten_word,VP023,SingLEM,LUNA,0.6,0.5333333333333333,0.066666666667,,
strict_mlp_neural,Table IV,atten_word,VP024,SingLEM,LUNA,0.6166666666666667,0.5166666666666667,0.1,,
strict_mlp_neural,Table IV,atten_word,VP025,SingLEM,LUNA,0.65,0.6666666666666666,-0.016666666667,,
strict_mlp_neural,Table IV,atten_word,VP026,SingLEM,LUNA,0.7666666666666667,0.7166666666666667,0.05,,
strict_mlp_neural,Table IV,atten_word,VP001,SingLEM,CSP,0.65,0.4666666666666667,0.183333333333,,
strict_mlp_neural,Table IV,atten_word,VP002,SingLEM,CSP,0.7166666666666667,0.5666666666666667,0.15,,
strict_mlp_neural,Table IV,atten_word,VP003,SingLEM,CSP,0.6166666666666667,0.7,-0.083333333333,,
strict_mlp_neural,Table IV,atten_word,VP004,SingLEM,CSP,0.5666666666666667,0.6333333333333333,-0.066666666667,,
strict_mlp_neural,Table IV,atten_word,VP005,SingLEM,CSP,0.7,0.6666666666666666,0.033333333333,,
strict_mlp_neural,Table IV,atten_word,VP006,SingLEM,CSP,0.8166666666666667,0.5333333333333333,0.283333333333,,
strict_mlp_neural,Table IV,atten_word,VP007,SingLEM,CSP,0.7666666666666667,0.5,0.266666666667,,
strict_mlp_neural,Table IV,atten_word,VP008,SingLEM,CSP,0.6833333333333333,0.6166666666666667,0.066666666667,,
strict_mlp_neural,Table IV,atten_word,VP009,SingLEM,CSP,0.6666666666666666,0.5,0.166666666667,,
strict_mlp_neural,Table IV,atten_word,VP010,SingLEM,CSP,0.6333333333333333,0.5333333333333333,0.1,,
strict_mlp_neural,Table IV,atten_word,VP011,SingLEM,CSP,0.6166666666666667,0.5166666666666667,0.1,,
strict_mlp_neural,Table IV,atten_word,VP012,SingLEM,CSP,0.6166666666666667,0.5333333333333333,0.083333333333,,
strict_mlp_neural,Table IV,atten_word,VP013,SingLEM,CSP,0.7166666666666667,0.6166666666666667,0.1,,
strict_mlp_neural,Table IV,atten_word,VP014,SingLEM,CSP,0.7666666666666667,0.5166666666666667,0.25,,
strict_mlp_neural,Table IV,atten_word,VP015,SingLEM,CSP,0.5833333333333334,0.45,0.133333333333,,
strict_mlp_neural,Table IV,atten_word,VP016,SingLEM,CSP,0.85,0.5,0.35,,
strict_mlp_neural,Table IV,atten_word,VP017,SingLEM,CSP,0.7166666666666667,0.5666666666666667,0.15,,
strict_mlp_neural,Table IV,atten_word,VP018,SingLEM,CSP,0.6166666666666667,0.5,0.116666666667,,
strict_mlp_neural,Table IV,atten_word,VP019,SingLEM,CSP,0.7,0.55,0.15,,
strict_mlp_neural,Table IV,atten_word,VP020,SingLEM,CSP,0.6833333333333333,0.48333333333333334,0.2,,
strict_mlp_neural,Table IV,atten_word,VP021,SingLEM,CSP,0.8166666666666667,0.5,0.316666666667,,
strict_mlp_neural,Table IV,atten_word,VP022,SingLEM,CSP,0.75,0.85,-0.1,,
strict_mlp_neural,Table IV,atten_word,VP023,SingLEM,CSP,0.6,0.5166666666666667,0.083333333333,,
strict_mlp_neural,Table IV,atten_word,VP024,SingLEM,CSP,0.6166666666666667,0.5333333333333333,0.083333333333,,
strict_mlp_neural,Table IV,atten_word,VP025,SingLEM,CSP,0.65,0.4,0.25,,
strict_mlp_neural,Table IV,atten_word,VP026,SingLEM,CSP,0.7666666666666667,0.48333333333333334,0.283333333333,,
strict_mlp_neural,Table IV,atten_word,VP001,SingLEM,Welch PSD,0.65,0.55,0.1,,
strict_mlp_neural,Table IV,atten_word,VP002,SingLEM,Welch PSD,0.7166666666666667,0.6333333333333333,0.083333333333,,
strict_mlp_neural,Table IV,atten_word,VP003,SingLEM,Welch PSD,0.6166666666666667,0.55,0.066666666667,,
strict_mlp_neural,Table IV,atten_word,VP004,SingLEM,Welch PSD,0.5666666666666667,0.8166666666666667,-0.25,,
strict_mlp_neural,Table IV,atten_word,VP005,SingLEM,Welch PSD,0.7,0.5333333333333333,0.166666666667,,
strict_mlp_neural,Table IV,atten_word,VP006,SingLEM,Welch PSD,0.8166666666666667,0.8833333333333333,-0.066666666667,,
strict_mlp_neural,Table IV,atten_word,VP007,SingLEM,Welch PSD,0.7666666666666667,0.5,0.266666666667,,
strict_mlp_neural,Table IV,atten_word,VP008,SingLEM,Welch PSD,0.6833333333333333,0.5,0.183333333333,,
strict_mlp_neural,Table IV,atten_word,VP009,SingLEM,Welch PSD,0.6666666666666666,0.6833333333333333,-0.016666666667,,
strict_mlp_neural,Table IV,atten_word,VP010,SingLEM,Welch PSD,0.6333333333333333,0.45,0.183333333333,,
strict_mlp_neural,Table IV,atten_word,VP011,SingLEM,Welch PSD,0.6166666666666667,0.5,0.116666666667,,
strict_mlp_neural,Table IV,atten_word,VP012,SingLEM,Welch PSD,0.6166666666666667,0.7166666666666667,-0.1,,
strict_mlp_neural,Table IV,atten_word,VP013,SingLEM,Welch PSD,0.7166666666666667,0.5333333333333333,0.183333333333,,
strict_mlp_neural,Table IV,atten_word,VP014,SingLEM,Welch PSD,0.7666666666666667,0.6833333333333333,0.083333333333,,
strict_mlp_neural,Table IV,atten_word,VP015,SingLEM,Welch PSD,0.5833333333333334,0.6166666666666667,-0.033333333333,,
strict_mlp_neural,Table IV,atten_word,VP016,SingLEM,Welch PSD,0.85,0.55,0.3,,
strict_mlp_neural,Table IV,atten_word,VP017,SingLEM,Welch PSD,0.7166666666666667,0.6,0.116666666667,,
strict_mlp_neural,Table IV,atten_word,VP018,SingLEM,Welch PSD,0.6166666666666667,0.5,0.116666666667,,
strict_mlp_neural,Table IV,atten_word,VP019,SingLEM,Welch PSD,0.7,0.5833333333333334,0.116666666667,,
strict_mlp_neural,Table IV,atten_word,VP020,SingLEM,Welch PSD,0.6833333333333333,0.6666666666666666,0.016666666667,,
strict_mlp_neural,Table IV,atten_word,VP021,SingLEM,Welch PSD,0.8166666666666667,0.5,0.316666666667,,
strict_mlp_neural,Table IV,atten_word,VP022,SingLEM,Welch PSD,0.75,0.7,0.05,,
strict_mlp_neural,Table IV,atten_word,VP023,SingLEM,Welch PSD,0.6,0.7833333333333333,-0.183333333333,,
strict_mlp_neural,Table IV,atten_word,VP024,SingLEM,Welch PSD,0.6166666666666667,0.6,0.016666666667,,
strict_mlp_neural,Table IV,atten_word,VP025,SingLEM,Welch PSD,0.65,0.6666666666666666,-0.016666666667,,
strict_mlp_neural,Table IV,atten_word,VP026,SingLEM,Welch PSD,0.7666666666666667,0.6166666666666667,0.15,,
strict_mlp_neural,Table IV,atten_word,VP001,SingLEM,EEGNet,0.65,0.5666666666666667,0.083333333333,,
strict_mlp_neural,Table IV,atten_word,VP002,SingLEM,EEGNet,0.7166666666666667,0.7,0.016666666667,,
strict_mlp_neural,Table IV,atten_word,VP003,SingLEM,EEGNet,0.6166666666666667,0.7,-0.083333333333,,
strict_mlp_neural,Table IV,atten_word,VP004,SingLEM,EEGNet,0.5666666666666667,0.65,-0.083333333333,,
strict_mlp_neural,Table IV,atten_word,VP005,SingLEM,EEGNet,0.7,0.6666666666666666,0.033333333333,,
strict_mlp_neural,Table IV,atten_word,VP006,SingLEM,EEGNet,0.8166666666666667,0.85,-0.033333333333,,
strict_mlp_neural,Table IV,atten_word,VP007,SingLEM,EEGNet,0.7666666666666667,0.7833333333333333,-0.016666666667,,
strict_mlp_neural,Table IV,atten_word,VP008,SingLEM,EEGNet,0.6833333333333333,0.7,-0.016666666667,,
strict_mlp_neural,Table IV,atten_word,VP009,SingLEM,EEGNet,0.6666666666666666,0.7,-0.033333333333,,
strict_mlp_neural,Table IV,atten_word,VP010,SingLEM,EEGNet,0.6333333333333333,0.5333333333333333,0.1,,
strict_mlp_neural,Table IV,atten_word,VP011,SingLEM,EEGNet,0.6166666666666667,0.5833333333333334,0.033333333333,,
strict_mlp_neural,Table IV,atten_word,VP012,SingLEM,EEGNet,0.6166666666666667,0.5666666666666667,0.05,,
strict_mlp_neural,Table IV,atten_word,VP013,SingLEM,EEGNet,0.7166666666666667,0.8666666666666667,-0.15,,
strict_mlp_neural,Table IV,atten_word,VP014,SingLEM,EEGNet,0.7666666666666667,0.75,0.016666666667,,
strict_mlp_neural,Table IV,atten_word,VP015,SingLEM,EEGNet,0.5833333333333334,0.6666666666666666,-0.083333333333,,
strict_mlp_neural,Table IV,atten_word,VP016,SingLEM,EEGNet,0.85,0.8666666666666667,-0.016666666667,,
strict_mlp_neural,Table IV,atten_word,VP017,SingLEM,EEGNet,0.7166666666666667,0.5833333333333334,0.133333333333,,
strict_mlp_neural,Table IV,atten_word,VP018,SingLEM,EEGNet,0.6166666666666667,0.6166666666666667,0.0,,
strict_mlp_neural,Table IV,atten_word,VP019,SingLEM,EEGNet,0.7,0.7666666666666667,-0.066666666667,,
strict_mlp_neural,Table IV,atten_word,VP020,SingLEM,EEGNet,0.6833333333333333,0.7833333333333333,-0.1,,
strict_mlp_neural,Table IV,atten_word,VP021,SingLEM,EEGNet,0.8166666666666667,0.7333333333333333,0.083333333333,,
strict_mlp_neural,Table IV,atten_word,VP022,SingLEM,EEGNet,0.75,0.6833333333333333,0.066666666667,,
strict_mlp_neural,Table IV,atten_word,VP023,SingLEM,EEGNet,0.6,0.55,0.05,,
strict_mlp_neural,Table IV,atten_word,VP024,SingLEM,EEGNet,0.6166666666666667,0.6333333333333333,-0.016666666667,,
strict_mlp_neural,Table IV,atten_word,VP025,SingLEM,EEGNet,0.65,0.65,0.0,,
strict_mlp_neural,Table IV,atten_word,VP026,SingLEM,EEGNet,0.7666666666666667,0.6166666666666667,0.15,,
strict_mlp_neural,Table IV,atten_word,VP001,SingLEM,EEGConformer,0.65,0.65,0.0,,
strict_mlp_neural,Table IV,atten_word,VP002,SingLEM,EEGConformer,0.7166666666666667,0.7166666666666667,0.0,,
strict_mlp_neural,Table IV,atten_word,VP003,SingLEM,EEGConformer,0.6166666666666667,0.7333333333333333,-0.116666666667,,
strict_mlp_neural,Table IV,atten_word,VP004,SingLEM,EEGConformer,0.5666666666666667,0.7,-0.133333333333,,
strict_mlp_neural,Table IV,atten_word,VP005,SingLEM,EEGConformer,0.7,0.43333333333333335,0.266666666667,,
strict_mlp_neural,Table IV,atten_word,VP006,SingLEM,EEGConformer,0.8166666666666667,0.5833333333333334,0.233333333333,,
strict_mlp_neural,Table IV,atten_word,VP007,SingLEM,EEGConformer,0.7666666666666667,0.6666666666666666,0.1,,
strict_mlp_neural,Table IV,atten_word,VP008,SingLEM,EEGConformer,0.6833333333333333,0.5166666666666667,0.166666666667,,
strict_mlp_neural,Table IV,atten_word,VP009,SingLEM,EEGConformer,0.6666666666666666,0.5,0.166666666667,,
strict_mlp_neural,Table IV,atten_word,VP010,SingLEM,EEGConformer,0.6333333333333333,0.5333333333333333,0.1,,
strict_mlp_neural,Table IV,atten_word,VP011,SingLEM,EEGConformer,0.6166666666666667,0.5,0.116666666667,,
strict_mlp_neural,Table IV,atten_word,VP012,SingLEM,EEGConformer,0.6166666666666667,0.5333333333333333,0.083333333333,,
strict_mlp_neural,Table IV,atten_word,VP013,SingLEM,EEGConformer,0.7166666666666667,0.6,0.116666666667,,
strict_mlp_neural,Table IV,atten_word,VP014,SingLEM,EEGConformer,0.7666666666666667,0.65,0.116666666667,,
strict_mlp_neural,Table IV,atten_word,VP015,SingLEM,EEGConformer,0.5833333333333334,0.6166666666666667,-0.033333333333,,
strict_mlp_neural,Table IV,atten_word,VP016,SingLEM,EEGConformer,0.85,0.5166666666666667,0.333333333333,,
strict_mlp_neural,Table IV,atten_word,VP017,SingLEM,EEGConformer,0.7166666666666667,0.5,0.216666666667,,
strict_mlp_neural,Table IV,atten_word,VP018,SingLEM,EEGConformer,0.6166666666666667,0.5833333333333334,0.033333333333,,
strict_mlp_neural,Table IV,atten_word,VP019,SingLEM,EEGConformer,0.7,0.48333333333333334,0.216666666667,,
strict_mlp_neural,Table IV,atten_word,VP020,SingLEM,EEGConformer,0.6833333333333333,0.8,-0.116666666667,,
strict_mlp_neural,Table IV,atten_word,VP021,SingLEM,EEGConformer,0.8166666666666667,0.55,0.266666666667,,
strict_mlp_neural,Table IV,atten_word,VP022,SingLEM,EEGConformer,0.75,0.6333333333333333,0.116666666667,,
strict_mlp_neural,Table IV,atten_word,VP023,SingLEM,EEGConformer,0.6,0.7,-0.1,,
strict_mlp_neural,Table IV,atten_word,VP024,SingLEM,EEGConformer,0.6166666666666667,0.5,0.116666666667,,
strict_mlp_neural,Table IV,atten_word,VP025,SingLEM,EEGConformer,0.65,0.7333333333333333,-0.083333333333,,
strict_mlp_neural,Table IV,atten_word,VP026,SingLEM,EEGConformer,0.7666666666666667,0.7666666666666667,0.0,,
strict_mlp_neural,Table IV,atten_word,VP001,SingLEM,IFNetV2,0.65,0.75,-0.1,,
strict_mlp_neural,Table IV,atten_word,VP002,SingLEM,IFNetV2,0.7166666666666667,0.8333333333333334,-0.116666666667,,
strict_mlp_neural,Table IV,atten_word,VP003,SingLEM,IFNetV2,0.6166666666666667,0.5166666666666667,0.1,,
strict_mlp_neural,Table IV,atten_word,VP004,SingLEM,IFNetV2,0.5666666666666667,0.8333333333333334,-0.266666666667,,
strict_mlp_neural,Table IV,atten_word,VP005,SingLEM,IFNetV2,0.7,0.6666666666666666,0.033333333333,,
strict_mlp_neural,Table IV,atten_word,VP006,SingLEM,IFNetV2,0.8166666666666667,0.8333333333333334,-0.016666666667,,
strict_mlp_neural,Table IV,atten_word,VP007,SingLEM,IFNetV2,0.7666666666666667,0.8833333333333333,-0.116666666667,,
strict_mlp_neural,Table IV,atten_word,VP008,SingLEM,IFNetV2,0.6833333333333333,0.5666666666666667,0.116666666667,,
strict_mlp_neural,Table IV,atten_word,VP009,SingLEM,IFNetV2,0.6666666666666666,0.7833333333333333,-0.116666666667,,
strict_mlp_neural,Table IV,atten_word,VP010,SingLEM,IFNetV2,0.6333333333333333,0.6166666666666667,0.016666666667,,
strict_mlp_neural,Table IV,atten_word,VP011,SingLEM,IFNetV2,0.6166666666666667,0.5833333333333334,0.033333333333,,
strict_mlp_neural,Table IV,atten_word,VP012,SingLEM,IFNetV2,0.6166666666666667,0.7666666666666667,-0.15,,
strict_mlp_neural,Table IV,atten_word,VP013,SingLEM,IFNetV2,0.7166666666666667,0.7333333333333333,-0.016666666667,,
strict_mlp_neural,Table IV,atten_word,VP014,SingLEM,IFNetV2,0.7666666666666667,0.55,0.216666666667,,
strict_mlp_neural,Table IV,atten_word,VP015,SingLEM,IFNetV2,0.5833333333333334,0.7,-0.116666666667,,
strict_mlp_neural,Table IV,atten_word,VP016,SingLEM,IFNetV2,0.85,0.7333333333333333,0.116666666667,,
strict_mlp_neural,Table IV,atten_word,VP017,SingLEM,IFNetV2,0.7166666666666667,0.75,-0.033333333333,,
strict_mlp_neural,Table IV,atten_word,VP018,SingLEM,IFNetV2,0.6166666666666667,0.5,0.116666666667,,
strict_mlp_neural,Table IV,atten_word,VP019,SingLEM,IFNetV2,0.7,0.5,0.2,,
strict_mlp_neural,Table IV,atten_word,VP020,SingLEM,IFNetV2,0.6833333333333333,0.6666666666666666,0.016666666667,,
strict_mlp_neural,Table IV,atten_word,VP021,SingLEM,IFNetV2,0.8166666666666667,0.5333333333333333,0.283333333333,,
strict_mlp_neural,Table IV,atten_word,VP022,SingLEM,IFNetV2,0.75,0.95,-0.2,,
strict_mlp_neural,Table IV,atten_word,VP023,SingLEM,IFNetV2,0.6,0.5833333333333334,0.016666666667,,
strict_mlp_neural,Table IV,atten_word,VP024,SingLEM,IFNetV2,0.6166666666666667,0.5,0.116666666667,,
strict_mlp_neural,Table IV,atten_word,VP025,SingLEM,IFNetV2,0.65,0.55,0.1,,
strict_mlp_neural,Table IV,atten_word,VP026,SingLEM,IFNetV2,0.7666666666666667,0.6833333333333333,0.083333333333,,
subject_adapted,Table V,dreyer,B61,SingLEM,BENDR,0.9107142857142857,0.5,0.410714285714,90b629ffd3150cba39214304b97c9e173999181bb24d57e37c935a06ee0482b5,640a6bb31d687a5edfac2866e82b4708303d4c74bf929f90499405207fd09f31
subject_adapted,Table V,dreyer,B62,SingLEM,BENDR,0.6696428571428571,0.5,0.169642857143,19ec1d176c98aa52b57ca708e4181082cdd5e354bd292eb907d15d906a768f6d,f07b054d5487762bfe97a36d2ce23311aef1b0cbb4ced0d725d867058f4165d5
subject_adapted,Table V,dreyer,B63,SingLEM,BENDR,0.6517857142857143,0.5,0.151785714286,2f46af11ff1db3fa47edac163386a54aafa050702eed8029a5ecde96e9bb5e21,9b0d55fff5858d62978f341566a64e1c16356d572dd280775d69e5aed64d09fe
subject_adapted,Table V,dreyer,B64,SingLEM,BENDR,0.7321428571428571,0.5,0.232142857143,8b4f7b086279d2ba5b4d70fe205e2e3c0610317cebf0318e9766307d48d5158a,b229fc26c3e2a3704a3179375cedf7d9e54c0193e2b75e49b2f3ec21b3dbb0ae
subject_adapted,Table V,dreyer,B65,SingLEM,BENDR,0.7767857142857143,0.5,0.276785714286,334b8680e7e0e218d451b73ec4c3ce066b1d50563bd566171dfcf5b07a689f27,cea105a7438b106eaca3c57f3e90274f206556acb2a3be75dd9244f5acc4f423
subject_adapted,Table V,dreyer,B66,SingLEM,BENDR,0.7232142857142857,0.5,0.223214285714,14bf67b9aa29789d3e7ba3cc3034482b3f6137a5a9646e2bdfae4c16672b24d1,6a6310ce1a86ad4ee50246927e1e70d5a5a0513260fca312168cdf0ea5842ab1
subject_adapted,Table V,dreyer,B67,SingLEM,BENDR,0.8392857142857143,0.5,0.339285714286,eb439a55f1fd80a1ecf85756252d6d919f08697934482aa9408e8899130ee985,e7e182099e41b4f5a11f3534dda30ba30aebf78ed6bc7d66f9979faed27d0d4b
subject_adapted,Table V,dreyer,B68,SingLEM,BENDR,0.6964285714285714,0.5,0.196428571429,0057b7078be17b3e99fd3eee2149a803155ceed987d741829384ff922e6148bc,5826f5c7ff7f21d141e7e03a34829f579136c6c369edc5d9df233eda45fae486
subject_adapted,Table V,dreyer,B69,SingLEM,BENDR,0.6785714285714286,0.5,0.178571428571,d97c3699a0d8f26a9311508146910e70bdf441645f96be1bde3056fa5cbe8339,36feec28dbedc4569eb7e6083878f15e0607dac9e2cdc71e396e3dabf3a28a14
subject_adapted,Table V,dreyer,B70,SingLEM,BENDR,0.7410714285714286,0.5,0.241071428571,8d39e1a00095247a6588e3046eff88916ea5146f6c3d1699196bdaf65bef275d,12fd74ae65f31fd3dadeba3c59dcef183aa0d3548bc2b815c077ab34841dbc16
subject_adapted,Table V,dreyer,B71,SingLEM,BENDR,0.7678571428571429,0.5,0.267857142857,dad378ca8173ff2c9008be49b0b37790fa3ea339e5cdb89a28f74ddc966585ef,aecb2f076d1f112f29a944f08a99b629bb51de77227386d12ca19d4ec86288a6
subject_adapted,Table V,dreyer,B72,SingLEM,BENDR,0.8303571428571429,0.5,0.330357142857,84202f36d06cdecae9f6789496c9a3cb70a93c088b240202544d29184e5fa06d,d46a7ae5f9a73507446c46b727cfd5d3a4350c1a50432b5310923270c3abe190
subject_adapted,Table V,dreyer,B73,SingLEM,BENDR,0.7410714285714286,0.5,0.241071428571,ae9a6a7725f85c0bd95189084f98078b7d1787b5dc6544fc76265ca631834757,5a6c04696f74fc997d3b8a56fc2526c962340765dfffb93997243ebf295c6133
subject_adapted,Table V,dreyer,B74,SingLEM,BENDR,0.5803571428571429,0.5,0.080357142857,b220f81eb6c2b003953d0edee79fa76a5af873da18ed4204ed7e42a9277e2883,5216f014dc4c14b24d489375e4014beee64939b5e87fda53d2ecb029656908e2
subject_adapted,Table V,dreyer,B75,SingLEM,BENDR,0.6875,0.5,0.1875,0bf33f4d8f1503f3137ee9e046933b255523b900ad9849d6d66199d81ef669ac,79e80381f60e0e6fa4bf1e4ba4670f1150b1d0a1bbe99f40dc53ea4ed6d0465d
subject_adapted,Table V,dreyer,B76,SingLEM,BENDR,0.6785714285714286,0.48214285714285715,0.196428571429,60210092a1bce4cb7f62dc663c2da37ada88f17e539ab58f304003053dff7007,d90c672a054cf3020177d8bc5145a5cf31ee84c6756d7c2312c394c30dce25d7
subject_adapted,Table V,dreyer,B77,SingLEM,BENDR,0.7946428571428571,0.5,0.294642857143,65205ab35873f20f9c55687418eaef1252d76fab9a68d6f1d2bcd3a658f10305,2e4c70dd2704a0e5827c2a88e120b82d08e9d37657cd5f9c8924b4d1454b5050
subject_adapted,Table V,dreyer,B78,SingLEM,BENDR,0.5982142857142857,0.5892857142857143,0.008928571429,bf56b9fc8d3640b533a98b4c33b16a83d3b2edd0121cae418de69bc463334bc2,89931f8fb04e73a0478774f06c14b14c4d7a82088e70cfd35092a00561cd9de5
subject_adapted,Table V,dreyer,B79,SingLEM,BENDR,0.8928571428571429,0.5,0.392857142857,511dcea3f5288a991cca79020693f679690978eaab670c138be9d8212a1e56a6,4195f69e7836bde1fc39162b5c146bfa3e697b09b105dc407a628adbe6611615
subject_adapted,Table V,dreyer,B80,SingLEM,BENDR,0.6875,0.4642857142857143,0.223214285714,f05759ea4f8ce553caa6dd77a82e1537f6a97af987fb318f6b0371e505bb952e,c2990a726cdd6ff0039e1a60c28b85be67a2cefdb699587a7057961ea735e245
subject_adapted,Table V,dreyer,B81,SingLEM,BENDR,0.8482142857142857,0.48214285714285715,0.366071428571,9e2c45b74f2315f4588c7c22cfb171f47b6392a72ee73ceb142ffaa7bbbb8eea,9e19309bf134f74c8226af9853416271102759e828c42650c1d009a557343f02
subject_adapted,Table V,dreyer,B61,SingLEM,BIOT,0.9107142857142857,0.5803571428571429,0.330357142857,90b629ffd3150cba39214304b97c9e173999181bb24d57e37c935a06ee0482b5,640a6bb31d687a5edfac2866e82b4708303d4c74bf929f90499405207fd09f31
subject_adapted,Table V,dreyer,B62,SingLEM,BIOT,0.6696428571428571,0.5357142857142857,0.133928571429,19ec1d176c98aa52b57ca708e4181082cdd5e354bd292eb907d15d906a768f6d,f07b054d5487762bfe97a36d2ce23311aef1b0cbb4ced0d725d867058f4165d5
subject_adapted,Table V,dreyer,B63,SingLEM,BIOT,0.6517857142857143,0.5803571428571429,0.071428571429,2f46af11ff1db3fa47edac163386a54aafa050702eed8029a5ecde96e9bb5e21,9b0d55fff5858d62978f341566a64e1c16356d572dd280775d69e5aed64d09fe
subject_adapted,Table V,dreyer,B64,SingLEM,BIOT,0.7321428571428571,0.5,0.232142857143,8b4f7b086279d2ba5b4d70fe205e2e3c0610317cebf0318e9766307d48d5158a,b229fc26c3e2a3704a3179375cedf7d9e54c0193e2b75e49b2f3ec21b3dbb0ae
subject_adapted,Table V,dreyer,B65,SingLEM,BIOT,0.7767857142857143,0.5267857142857143,0.25,334b8680e7e0e218d451b73ec4c3ce066b1d50563bd566171dfcf5b07a689f27,cea105a7438b106eaca3c57f3e90274f206556acb2a3be75dd9244f5acc4f423
subject_adapted,Table V,dreyer,B66,SingLEM,BIOT,0.7232142857142857,0.4017857142857143,0.321428571429,14bf67b9aa29789d3e7ba3cc3034482b3f6137a5a9646e2bdfae4c16672b24d1,6a6310ce1a86ad4ee50246927e1e70d5a5a0513260fca312168cdf0ea5842ab1
subject_adapted,Table V,dreyer,B67,SingLEM,BIOT,0.8392857142857143,0.44642857142857145,0.392857142857,eb439a55f1fd80a1ecf85756252d6d919f08697934482aa9408e8899130ee985,e7e182099e41b4f5a11f3534dda30ba30aebf78ed6bc7d66f9979faed27d0d4b
subject_adapted,Table V,dreyer,B68,SingLEM,BIOT,0.6964285714285714,0.44642857142857145,0.25,0057b7078be17b3e99fd3eee2149a803155ceed987d741829384ff922e6148bc,5826f5c7ff7f21d141e7e03a34829f579136c6c369edc5d9df233eda45fae486
subject_adapted,Table V,dreyer,B69,SingLEM,BIOT,0.6785714285714286,0.5089285714285714,0.169642857143,d97c3699a0d8f26a9311508146910e70bdf441645f96be1bde3056fa5cbe8339,36feec28dbedc4569eb7e6083878f15e0607dac9e2cdc71e396e3dabf3a28a14
subject_adapted,Table V,dreyer,B70,SingLEM,BIOT,0.7410714285714286,0.49107142857142855,0.25,8d39e1a00095247a6588e3046eff88916ea5146f6c3d1699196bdaf65bef275d,12fd74ae65f31fd3dadeba3c59dcef183aa0d3548bc2b815c077ab34841dbc16
subject_adapted,Table V,dreyer,B71,SingLEM,BIOT,0.7678571428571429,0.48214285714285715,0.285714285714,dad378ca8173ff2c9008be49b0b37790fa3ea339e5cdb89a28f74ddc966585ef,aecb2f076d1f112f29a944f08a99b629bb51de77227386d12ca19d4ec86288a6
subject_adapted,Table V,dreyer,B72,SingLEM,BIOT,0.8303571428571429,0.5089285714285714,0.321428571429,84202f36d06cdecae9f6789496c9a3cb70a93c088b240202544d29184e5fa06d,d46a7ae5f9a73507446c46b727cfd5d3a4350c1a50432b5310923270c3abe190
subject_adapted,Table V,dreyer,B73,SingLEM,BIOT,0.7410714285714286,0.5357142857142857,0.205357142857,ae9a6a7725f85c0bd95189084f98078b7d1787b5dc6544fc76265ca631834757,5a6c04696f74fc997d3b8a56fc2526c962340765dfffb93997243ebf295c6133
subject_adapted,Table V,dreyer,B74,SingLEM,BIOT,0.5803571428571429,0.5714285714285714,0.008928571429,b220f81eb6c2b003953d0edee79fa76a5af873da18ed4204ed7e42a9277e2883,5216f014dc4c14b24d489375e4014beee64939b5e87fda53d2ecb029656908e2
subject_adapted,Table V,dreyer,B75,SingLEM,BIOT,0.6875,0.41964285714285715,0.267857142857,0bf33f4d8f1503f3137ee9e046933b255523b900ad9849d6d66199d81ef669ac,79e80381f60e0e6fa4bf1e4ba4670f1150b1d0a1bbe99f40dc53ea4ed6d0465d
subject_adapted,Table V,dreyer,B76,SingLEM,BIOT,0.6785714285714286,0.5535714285714286,0.125,60210092a1bce4cb7f62dc663c2da37ada88f17e539ab58f304003053dff7007,d90c672a054cf3020177d8bc5145a5cf31ee84c6756d7c2312c394c30dce25d7
subject_adapted,Table V,dreyer,B77,SingLEM,BIOT,0.7946428571428571,0.4375,0.357142857143,65205ab35873f20f9c55687418eaef1252d76fab9a68d6f1d2bcd3a658f10305,2e4c70dd2704a0e5827c2a88e120b82d08e9d37657cd5f9c8924b4d1454b5050
subject_adapted,Table V,dreyer,B78,SingLEM,BIOT,0.5982142857142857,0.5714285714285714,0.026785714286,bf56b9fc8d3640b533a98b4c33b16a83d3b2edd0121cae418de69bc463334bc2,89931f8fb04e73a0478774f06c14b14c4d7a82088e70cfd35092a00561cd9de5
subject_adapted,Table V,dreyer,B79,SingLEM,BIOT,0.8928571428571429,0.5357142857142857,0.357142857143,511dcea3f5288a991cca79020693f679690978eaab670c138be9d8212a1e56a6,4195f69e7836bde1fc39162b5c146bfa3e697b09b105dc407a628adbe6611615
subject_adapted,Table V,dreyer,B80,SingLEM,BIOT,0.6875,0.4017857142857143,0.285714285714,f05759ea4f8ce553caa6dd77a82e1537f6a97af987fb318f6b0371e505bb952e,c2990a726cdd6ff0039e1a60c28b85be67a2cefdb699587a7057961ea735e245
subject_adapted,Table V,dreyer,B81,SingLEM,BIOT,0.8482142857142857,0.5357142857142857,0.3125,9e2c45b74f2315f4588c7c22cfb171f47b6392a72ee73ceb142ffaa7bbbb8eea,9e19309bf134f74c8226af9853416271102759e828c42650c1d009a557343f02
subject_adapted,Table V,dreyer,B61,SingLEM,LaBraM,0.9107142857142857,0.6428571428571429,0.267857142857,90b629ffd3150cba39214304b97c9e173999181bb24d57e37c935a06ee0482b5,640a6bb31d687a5edfac2866e82b4708303d4c74bf929f90499405207fd09f31
subject_adapted,Table V,dreyer,B62,SingLEM,LaBraM,0.6696428571428571,0.5892857142857143,0.080357142857,19ec1d176c98aa52b57ca708e4181082cdd5e354bd292eb907d15d906a768f6d,f07b054d5487762bfe97a36d2ce23311aef1b0cbb4ced0d725d867058f4165d5
subject_adapted,Table V,dreyer,B63,SingLEM,LaBraM,0.6517857142857143,0.5625,0.089285714286,2f46af11ff1db3fa47edac163386a54aafa050702eed8029a5ecde96e9bb5e21,9b0d55fff5858d62978f341566a64e1c16356d572dd280775d69e5aed64d09fe
subject_adapted,Table V,dreyer,B64,SingLEM,LaBraM,0.7321428571428571,0.45535714285714285,0.276785714286,8b4f7b086279d2ba5b4d70fe205e2e3c0610317cebf0318e9766307d48d5158a,b229fc26c3e2a3704a3179375cedf7d9e54c0193e2b75e49b2f3ec21b3dbb0ae
subject_adapted,Table V,dreyer,B65,SingLEM,LaBraM,0.7767857142857143,0.6071428571428571,0.169642857143,334b8680e7e0e218d451b73ec4c3ce066b1d50563bd566171dfcf5b07a689f27,cea105a7438b106eaca3c57f3e90274f206556acb2a3be75dd9244f5acc4f423
subject_adapted,Table V,dreyer,B66,SingLEM,LaBraM,0.7232142857142857,0.6339285714285714,0.089285714286,14bf67b9aa29789d3e7ba3cc3034482b3f6137a5a9646e2bdfae4c16672b24d1,6a6310ce1a86ad4ee50246927e1e70d5a5a0513260fca312168cdf0ea5842ab1
subject_adapted,Table V,dreyer,B67,SingLEM,LaBraM,0.8392857142857143,0.7142857142857143,0.125,eb439a55f1fd80a1ecf85756252d6d919f08697934482aa9408e8899130ee985,e7e182099e41b4f5a11f3534dda30ba30aebf78ed6bc7d66f9979faed27d0d4b
subject_adapted,Table V,dreyer,B68,SingLEM,LaBraM,0.6964285714285714,0.5357142857142857,0.160714285714,0057b7078be17b3e99fd3eee2149a803155ceed987d741829384ff922e6148bc,5826f5c7ff7f21d141e7e03a34829f579136c6c369edc5d9df233eda45fae486
subject_adapted,Table V,dreyer,B69,SingLEM,LaBraM,0.6785714285714286,0.5625,0.116071428571,d97c3699a0d8f26a9311508146910e70bdf441645f96be1bde3056fa5cbe8339,36feec28dbedc4569eb7e6083878f15e0607dac9e2cdc71e396e3dabf3a28a14
subject_adapted,Table V,dreyer,B70,SingLEM,LaBraM,0.7410714285714286,0.5267857142857143,0.214285714286,8d39e1a00095247a6588e3046eff88916ea5146f6c3d1699196bdaf65bef275d,12fd74ae65f31fd3dadeba3c59dcef183aa0d3548bc2b815c077ab34841dbc16
subject_adapted,Table V,dreyer,B71,SingLEM,LaBraM,0.7678571428571429,0.6339285714285714,0.133928571429,dad378ca8173ff2c9008be49b0b37790fa3ea339e5cdb89a28f74ddc966585ef,aecb2f076d1f112f29a944f08a99b629bb51de77227386d12ca19d4ec86288a6
subject_adapted,Table V,dreyer,B72,SingLEM,LaBraM,0.8303571428571429,0.5,0.330357142857,84202f36d06cdecae9f6789496c9a3cb70a93c088b240202544d29184e5fa06d,d46a7ae5f9a73507446c46b727cfd5d3a4350c1a50432b5310923270c3abe190
subject_adapted,Table V,dreyer,B73,SingLEM,LaBraM,0.7410714285714286,0.49107142857142855,0.25,ae9a6a7725f85c0bd95189084f98078b7d1787b5dc6544fc76265ca631834757,5a6c04696f74fc997d3b8a56fc2526c962340765dfffb93997243ebf295c6133
subject_adapted,Table V,dreyer,B74,SingLEM,LaBraM,0.5803571428571429,0.45535714285714285,0.125,b220f81eb6c2b003953d0edee79fa76a5af873da18ed4204ed7e42a9277e2883,5216f014dc4c14b24d489375e4014beee64939b5e87fda53d2ecb029656908e2
subject_adapted,Table V,dreyer,B75,SingLEM,LaBraM,0.6875,0.44642857142857145,0.241071428571,0bf33f4d8f1503f3137ee9e046933b255523b900ad9849d6d66199d81ef669ac,79e80381f60e0e6fa4bf1e4ba4670f1150b1d0a1bbe99f40dc53ea4ed6d0465d
subject_adapted,Table V,dreyer,B76,SingLEM,LaBraM,0.6785714285714286,0.5,0.178571428571,60210092a1bce4cb7f62dc663c2da37ada88f17e539ab58f304003053dff7007,d90c672a054cf3020177d8bc5145a5cf31ee84c6756d7c2312c394c30dce25d7
subject_adapted,Table V,dreyer,B77,SingLEM,LaBraM,0.7946428571428571,0.49107142857142855,0.303571428571,65205ab35873f20f9c55687418eaef1252d76fab9a68d6f1d2bcd3a658f10305,2e4c70dd2704a0e5827c2a88e120b82d08e9d37657cd5f9c8924b4d1454b5050
subject_adapted,Table V,dreyer,B78,SingLEM,LaBraM,0.5982142857142857,0.5,0.098214285714,bf56b9fc8d3640b533a98b4c33b16a83d3b2edd0121cae418de69bc463334bc2,89931f8fb04e73a0478774f06c14b14c4d7a82088e70cfd35092a00561cd9de5
subject_adapted,Table V,dreyer,B79,SingLEM,LaBraM,0.8928571428571429,0.5803571428571429,0.3125,511dcea3f5288a991cca79020693f679690978eaab670c138be9d8212a1e56a6,4195f69e7836bde1fc39162b5c146bfa3e697b09b105dc407a628adbe6611615
subject_adapted,Table V,dreyer,B80,SingLEM,LaBraM,0.6875,0.5,0.1875,f05759ea4f8ce553caa6dd77a82e1537f6a97af987fb318f6b0371e505bb952e,c2990a726cdd6ff0039e1a60c28b85be67a2cefdb699587a7057961ea735e245
subject_adapted,Table V,dreyer,B81,SingLEM,LaBraM,0.8482142857142857,0.5446428571428571,0.303571428571,9e2c45b74f2315f4588c7c22cfb171f47b6392a72ee73ceb142ffaa7bbbb8eea,9e19309bf134f74c8226af9853416271102759e828c42650c1d009a557343f02
subject_adapted,Table V,dreyer,B61,SingLEM,CBraMod,0.9107142857142857,0.7857142857142857,0.125,90b629ffd3150cba39214304b97c9e173999181bb24d57e37c935a06ee0482b5,640a6bb31d687a5edfac2866e82b4708303d4c74bf929f90499405207fd09f31
subject_adapted,Table V,dreyer,B62,SingLEM,CBraMod,0.6696428571428571,0.6607142857142857,0.008928571429,19ec1d176c98aa52b57ca708e4181082cdd5e354bd292eb907d15d906a768f6d,f07b054d5487762bfe97a36d2ce23311aef1b0cbb4ced0d725d867058f4165d5
subject_adapted,Table V,dreyer,B63,SingLEM,CBraMod,0.6517857142857143,0.6875,-0.035714285714,2f46af11ff1db3fa47edac163386a54aafa050702eed8029a5ecde96e9bb5e21,9b0d55fff5858d62978f341566a64e1c16356d572dd280775d69e5aed64d09fe
subject_adapted,Table V,dreyer,B64,SingLEM,CBraMod,0.7321428571428571,0.6517857142857143,0.080357142857,8b4f7b086279d2ba5b4d70fe205e2e3c0610317cebf0318e9766307d48d5158a,b229fc26c3e2a3704a3179375cedf7d9e54c0193e2b75e49b2f3ec21b3dbb0ae
subject_adapted,Table V,dreyer,B65,SingLEM,CBraMod,0.7767857142857143,0.8035714285714286,-0.026785714286,334b8680e7e0e218d451b73ec4c3ce066b1d50563bd566171dfcf5b07a689f27,cea105a7438b106eaca3c57f3e90274f206556acb2a3be75dd9244f5acc4f423
subject_adapted,Table V,dreyer,B66,SingLEM,CBraMod,0.7232142857142857,0.7678571428571429,-0.044642857143,14bf67b9aa29789d3e7ba3cc3034482b3f6137a5a9646e2bdfae4c16672b24d1,6a6310ce1a86ad4ee50246927e1e70d5a5a0513260fca312168cdf0ea5842ab1
subject_adapted,Table V,dreyer,B67,SingLEM,CBraMod,0.8392857142857143,0.8839285714285714,-0.044642857143,eb439a55f1fd80a1ecf85756252d6d919f08697934482aa9408e8899130ee985,e7e182099e41b4f5a11f3534dda30ba30aebf78ed6bc7d66f9979faed27d0d4b
subject_adapted,Table V,dreyer,B68,SingLEM,CBraMod,0.6964285714285714,0.6607142857142857,0.035714285714,0057b7078be17b3e99fd3eee2149a803155ceed987d741829384ff922e6148bc,5826f5c7ff7f21d141e7e03a34829f579136c6c369edc5d9df233eda45fae486
subject_adapted,Table V,dreyer,B69,SingLEM,CBraMod,0.6785714285714286,0.6875,-0.008928571429,d97c3699a0d8f26a9311508146910e70bdf441645f96be1bde3056fa5cbe8339,36feec28dbedc4569eb7e6083878f15e0607dac9e2cdc71e396e3dabf3a28a14
subject_adapted,Table V,dreyer,B70,SingLEM,CBraMod,0.7410714285714286,0.6964285714285714,0.044642857143,8d39e1a00095247a6588e3046eff88916ea5146f6c3d1699196bdaf65bef275d,12fd74ae65f31fd3dadeba3c59dcef183aa0d3548bc2b815c077ab34841dbc16
subject_adapted,Table V,dreyer,B71,SingLEM,CBraMod,0.7678571428571429,0.6517857142857143,0.116071428571,dad378ca8173ff2c9008be49b0b37790fa3ea339e5cdb89a28f74ddc966585ef,aecb2f076d1f112f29a944f08a99b629bb51de77227386d12ca19d4ec86288a6
subject_adapted,Table V,dreyer,B72,SingLEM,CBraMod,0.8303571428571429,0.6964285714285714,0.133928571429,84202f36d06cdecae9f6789496c9a3cb70a93c088b240202544d29184e5fa06d,d46a7ae5f9a73507446c46b727cfd5d3a4350c1a50432b5310923270c3abe190
subject_adapted,Table V,dreyer,B73,SingLEM,CBraMod,0.7410714285714286,0.6607142857142857,0.080357142857,ae9a6a7725f85c0bd95189084f98078b7d1787b5dc6544fc76265ca631834757,5a6c04696f74fc997d3b8a56fc2526c962340765dfffb93997243ebf295c6133
subject_adapted,Table V,dreyer,B74,SingLEM,CBraMod,0.5803571428571429,0.5714285714285714,0.008928571429,b220f81eb6c2b003953d0edee79fa76a5af873da18ed4204ed7e42a9277e2883,5216f014dc4c14b24d489375e4014beee64939b5e87fda53d2ecb029656908e2
subject_adapted,Table V,dreyer,B75,SingLEM,CBraMod,0.6875,0.75,-0.0625,0bf33f4d8f1503f3137ee9e046933b255523b900ad9849d6d66199d81ef669ac,79e80381f60e0e6fa4bf1e4ba4670f1150b1d0a1bbe99f40dc53ea4ed6d0465d
subject_adapted,Table V,dreyer,B76,SingLEM,CBraMod,0.6785714285714286,0.75,-0.071428571429,60210092a1bce4cb7f62dc663c2da37ada88f17e539ab58f304003053dff7007,d90c672a054cf3020177d8bc5145a5cf31ee84c6756d7c2312c394c30dce25d7
subject_adapted,Table V,dreyer,B77,SingLEM,CBraMod,0.7946428571428571,0.7232142857142857,0.071428571429,65205ab35873f20f9c55687418eaef1252d76fab9a68d6f1d2bcd3a658f10305,2e4c70dd2704a0e5827c2a88e120b82d08e9d37657cd5f9c8924b4d1454b5050
subject_adapted,Table V,dreyer,B78,SingLEM,CBraMod,0.5982142857142857,0.6607142857142857,-0.0625,bf56b9fc8d3640b533a98b4c33b16a83d3b2edd0121cae418de69bc463334bc2,89931f8fb04e73a0478774f06c14b14c4d7a82088e70cfd35092a00561cd9de5
subject_adapted,Table V,dreyer,B79,SingLEM,CBraMod,0.8928571428571429,0.8928571428571429,0.0,511dcea3f5288a991cca79020693f679690978eaab670c138be9d8212a1e56a6,4195f69e7836bde1fc39162b5c146bfa3e697b09b105dc407a628adbe6611615
subject_adapted,Table V,dreyer,B80,SingLEM,CBraMod,0.6875,0.5714285714285714,0.116071428571,f05759ea4f8ce553caa6dd77a82e1537f6a97af987fb318f6b0371e505bb952e,c2990a726cdd6ff0039e1a60c28b85be67a2cefdb699587a7057961ea735e245
subject_adapted,Table V,dreyer,B81,SingLEM,CBraMod,0.8482142857142857,0.7321428571428571,0.116071428571,9e2c45b74f2315f4588c7c22cfb171f47b6392a72ee73ceb142ffaa7bbbb8eea,9e19309bf134f74c8226af9853416271102759e828c42650c1d009a557343f02
subject_adapted,Table V,dreyer,B61,SingLEM,CodeBrain,0.9107142857142857,0.7946428571428571,0.116071428571,90b629ffd3150cba39214304b97c9e173999181bb24d57e37c935a06ee0482b5,640a6bb31d687a5edfac2866e82b4708303d4c74bf929f90499405207fd09f31
subject_adapted,Table V,dreyer,B62,SingLEM,CodeBrain,0.6696428571428571,0.6071428571428571,0.0625,19ec1d176c98aa52b57ca708e4181082cdd5e354bd292eb907d15d906a768f6d,f07b054d5487762bfe97a36d2ce23311aef1b0cbb4ced0d725d867058f4165d5
subject_adapted,Table V,dreyer,B63,SingLEM,CodeBrain,0.6517857142857143,0.7232142857142857,-0.071428571429,2f46af11ff1db3fa47edac163386a54aafa050702eed8029a5ecde96e9bb5e21,9b0d55fff5858d62978f341566a64e1c16356d572dd280775d69e5aed64d09fe
subject_adapted,Table V,dreyer,B64,SingLEM,CodeBrain,0.7321428571428571,0.6339285714285714,0.098214285714,8b4f7b086279d2ba5b4d70fe205e2e3c0610317cebf0318e9766307d48d5158a,b229fc26c3e2a3704a3179375cedf7d9e54c0193e2b75e49b2f3ec21b3dbb0ae
subject_adapted,Table V,dreyer,B65,SingLEM,CodeBrain,0.7767857142857143,0.7767857142857143,0.0,334b8680e7e0e218d451b73ec4c3ce066b1d50563bd566171dfcf5b07a689f27,cea105a7438b106eaca3c57f3e90274f206556acb2a3be75dd9244f5acc4f423
subject_adapted,Table V,dreyer,B66,SingLEM,CodeBrain,0.7232142857142857,0.7053571428571429,0.017857142857,14bf67b9aa29789d3e7ba3cc3034482b3f6137a5a9646e2bdfae4c16672b24d1,6a6310ce1a86ad4ee50246927e1e70d5a5a0513260fca312168cdf0ea5842ab1
subject_adapted,Table V,dreyer,B67,SingLEM,CodeBrain,0.8392857142857143,0.8482142857142857,-0.008928571429,eb439a55f1fd80a1ecf85756252d6d919f08697934482aa9408e8899130ee985,e7e182099e41b4f5a11f3534dda30ba30aebf78ed6bc7d66f9979faed27d0d4b
subject_adapted,Table V,dreyer,B68,SingLEM,CodeBrain,0.6964285714285714,0.5892857142857143,0.107142857143,0057b7078be17b3e99fd3eee2149a803155ceed987d741829384ff922e6148bc,5826f5c7ff7f21d141e7e03a34829f579136c6c369edc5d9df233eda45fae486
subject_adapted,Table V,dreyer,B69,SingLEM,CodeBrain,0.6785714285714286,0.6517857142857143,0.026785714286,d97c3699a0d8f26a9311508146910e70bdf441645f96be1bde3056fa5cbe8339,36feec28dbedc4569eb7e6083878f15e0607dac9e2cdc71e396e3dabf3a28a14
subject_adapted,Table V,dreyer,B70,SingLEM,CodeBrain,0.7410714285714286,0.5625,0.178571428571,8d39e1a00095247a6588e3046eff88916ea5146f6c3d1699196bdaf65bef275d,12fd74ae65f31fd3dadeba3c59dcef183aa0d3548bc2b815c077ab34841dbc16
subject_adapted,Table V,dreyer,B71,SingLEM,CodeBrain,0.7678571428571429,0.5714285714285714,0.196428571429,dad378ca8173ff2c9008be49b0b37790fa3ea339e5cdb89a28f74ddc966585ef,aecb2f076d1f112f29a944f08a99b629bb51de77227386d12ca19d4ec86288a6
subject_adapted,Table V,dreyer,B72,SingLEM,CodeBrain,0.8303571428571429,0.6875,0.142857142857,84202f36d06cdecae9f6789496c9a3cb70a93c088b240202544d29184e5fa06d,d46a7ae5f9a73507446c46b727cfd5d3a4350c1a50432b5310923270c3abe190
subject_adapted,Table V,dreyer,B73,SingLEM,CodeBrain,0.7410714285714286,0.6964285714285714,0.044642857143,ae9a6a7725f85c0bd95189084f98078b7d1787b5dc6544fc76265ca631834757,5a6c04696f74fc997d3b8a56fc2526c962340765dfffb93997243ebf295c6133
subject_adapted,Table V,dreyer,B74,SingLEM,CodeBrain,0.5803571428571429,0.5714285714285714,0.008928571429,b220f81eb6c2b003953d0edee79fa76a5af873da18ed4204ed7e42a9277e2883,5216f014dc4c14b24d489375e4014beee64939b5e87fda53d2ecb029656908e2
subject_adapted,Table V,dreyer,B75,SingLEM,CodeBrain,0.6875,0.5982142857142857,0.089285714286,0bf33f4d8f1503f3137ee9e046933b255523b900ad9849d6d66199d81ef669ac,79e80381f60e0e6fa4bf1e4ba4670f1150b1d0a1bbe99f40dc53ea4ed6d0465d
subject_adapted,Table V,dreyer,B76,SingLEM,CodeBrain,0.6785714285714286,0.6785714285714286,0.0,60210092a1bce4cb7f62dc663c2da37ada88f17e539ab58f304003053dff7007,d90c672a054cf3020177d8bc5145a5cf31ee84c6756d7c2312c394c30dce25d7
subject_adapted,Table V,dreyer,B77,SingLEM,CodeBrain,0.7946428571428571,0.6964285714285714,0.098214285714,65205ab35873f20f9c55687418eaef1252d76fab9a68d6f1d2bcd3a658f10305,2e4c70dd2704a0e5827c2a88e120b82d08e9d37657cd5f9c8924b4d1454b5050
subject_adapted,Table V,dreyer,B78,SingLEM,CodeBrain,0.5982142857142857,0.6517857142857143,-0.053571428571,bf56b9fc8d3640b533a98b4c33b16a83d3b2edd0121cae418de69bc463334bc2,89931f8fb04e73a0478774f06c14b14c4d7a82088e70cfd35092a00561cd9de5
subject_adapted,Table V,dreyer,B79,SingLEM,CodeBrain,0.8928571428571429,0.7232142857142857,0.169642857143,511dcea3f5288a991cca79020693f679690978eaab670c138be9d8212a1e56a6,4195f69e7836bde1fc39162b5c146bfa3e697b09b105dc407a628adbe6611615
subject_adapted,Table V,dreyer,B80,SingLEM,CodeBrain,0.6875,0.5357142857142857,0.151785714286,f05759ea4f8ce553caa6dd77a82e1537f6a97af987fb318f6b0371e505bb952e,c2990a726cdd6ff0039e1a60c28b85be67a2cefdb699587a7057961ea735e245
subject_adapted,Table V,dreyer,B81,SingLEM,CodeBrain,0.8482142857142857,0.6428571428571429,0.205357142857,9e2c45b74f2315f4588c7c22cfb171f47b6392a72ee73ceb142ffaa7bbbb8eea,9e19309bf134f74c8226af9853416271102759e828c42650c1d009a557343f02
subject_adapted,Table V,dreyer,B61,SingLEM,CSBrain,0.9107142857142857,0.8482142857142857,0.0625,90b629ffd3150cba39214304b97c9e173999181bb24d57e37c935a06ee0482b5,640a6bb31d687a5edfac2866e82b4708303d4c74bf929f90499405207fd09f31
subject_adapted,Table V,dreyer,B62,SingLEM,CSBrain,0.6696428571428571,0.6428571428571429,0.026785714286,19ec1d176c98aa52b57ca708e4181082cdd5e354bd292eb907d15d906a768f6d,f07b054d5487762bfe97a36d2ce23311aef1b0cbb4ced0d725d867058f4165d5
subject_adapted,Table V,dreyer,B63,SingLEM,CSBrain,0.6517857142857143,0.7410714285714286,-0.089285714286,2f46af11ff1db3fa47edac163386a54aafa050702eed8029a5ecde96e9bb5e21,9b0d55fff5858d62978f341566a64e1c16356d572dd280775d69e5aed64d09fe
subject_adapted,Table V,dreyer,B64,SingLEM,CSBrain,0.7321428571428571,0.41964285714285715,0.3125,8b4f7b086279d2ba5b4d70fe205e2e3c0610317cebf0318e9766307d48d5158a,b229fc26c3e2a3704a3179375cedf7d9e54c0193e2b75e49b2f3ec21b3dbb0ae
subject_adapted,Table V,dreyer,B65,SingLEM,CSBrain,0.7767857142857143,0.8035714285714286,-0.026785714286,334b8680e7e0e218d451b73ec4c3ce066b1d50563bd566171dfcf5b07a689f27,cea105a7438b106eaca3c57f3e90274f206556acb2a3be75dd9244f5acc4f423
subject_adapted,Table V,dreyer,B66,SingLEM,CSBrain,0.7232142857142857,0.8303571428571429,-0.107142857143,14bf67b9aa29789d3e7ba3cc3034482b3f6137a5a9646e2bdfae4c16672b24d1,6a6310ce1a86ad4ee50246927e1e70d5a5a0513260fca312168cdf0ea5842ab1
subject_adapted,Table V,dreyer,B67,SingLEM,CSBrain,0.8392857142857143,0.9017857142857143,-0.0625,eb439a55f1fd80a1ecf85756252d6d919f08697934482aa9408e8899130ee985,e7e182099e41b4f5a11f3534dda30ba30aebf78ed6bc7d66f9979faed27d0d4b
subject_adapted,Table V,dreyer,B68,SingLEM,CSBrain,0.6964285714285714,0.5892857142857143,0.107142857143,0057b7078be17b3e99fd3eee2149a803155ceed987d741829384ff922e6148bc,5826f5c7ff7f21d141e7e03a34829f579136c6c369edc5d9df233eda45fae486
subject_adapted,Table V,dreyer,B69,SingLEM,CSBrain,0.6785714285714286,0.6785714285714286,0.0,d97c3699a0d8f26a9311508146910e70bdf441645f96be1bde3056fa5cbe8339,36feec28dbedc4569eb7e6083878f15e0607dac9e2cdc71e396e3dabf3a28a14
subject_adapted,Table V,dreyer,B70,SingLEM,CSBrain,0.7410714285714286,0.7053571428571429,0.035714285714,8d39e1a00095247a6588e3046eff88916ea5146f6c3d1699196bdaf65bef275d,12fd74ae65f31fd3dadeba3c59dcef183aa0d3548bc2b815c077ab34841dbc16
subject_adapted,Table V,dreyer,B71,SingLEM,CSBrain,0.7678571428571429,0.5982142857142857,0.169642857143,dad378ca8173ff2c9008be49b0b37790fa3ea339e5cdb89a28f74ddc966585ef,aecb2f076d1f112f29a944f08a99b629bb51de77227386d12ca19d4ec86288a6
subject_adapted,Table V,dreyer,B72,SingLEM,CSBrain,0.8303571428571429,0.8035714285714286,0.026785714286,84202f36d06cdecae9f6789496c9a3cb70a93c088b240202544d29184e5fa06d,d46a7ae5f9a73507446c46b727cfd5d3a4350c1a50432b5310923270c3abe190
subject_adapted,Table V,dreyer,B73,SingLEM,CSBrain,0.7410714285714286,0.7589285714285714,-0.017857142857,ae9a6a7725f85c0bd95189084f98078b7d1787b5dc6544fc76265ca631834757,5a6c04696f74fc997d3b8a56fc2526c962340765dfffb93997243ebf295c6133
subject_adapted,Table V,dreyer,B74,SingLEM,CSBrain,0.5803571428571429,0.5535714285714286,0.026785714286,b220f81eb6c2b003953d0edee79fa76a5af873da18ed4204ed7e42a9277e2883,5216f014dc4c14b24d489375e4014beee64939b5e87fda53d2ecb029656908e2
subject_adapted,Table V,dreyer,B75,SingLEM,CSBrain,0.6875,0.6517857142857143,0.035714285714,0bf33f4d8f1503f3137ee9e046933b255523b900ad9849d6d66199d81ef669ac,79e80381f60e0e6fa4bf1e4ba4670f1150b1d0a1bbe99f40dc53ea4ed6d0465d
subject_adapted,Table V,dreyer,B76,SingLEM,CSBrain,0.6785714285714286,0.6607142857142857,0.017857142857,60210092a1bce4cb7f62dc663c2da37ada88f17e539ab58f304003053dff7007,d90c672a054cf3020177d8bc5145a5cf31ee84c6756d7c2312c394c30dce25d7
subject_adapted,Table V,dreyer,B77,SingLEM,CSBrain,0.7946428571428571,0.7678571428571429,0.026785714286,65205ab35873f20f9c55687418eaef1252d76fab9a68d6f1d2bcd3a658f10305,2e4c70dd2704a0e5827c2a88e120b82d08e9d37657cd5f9c8924b4d1454b5050
subject_adapted,Table V,dreyer,B78,SingLEM,CSBrain,0.5982142857142857,0.6160714285714286,-0.017857142857,bf56b9fc8d3640b533a98b4c33b16a83d3b2edd0121cae418de69bc463334bc2,89931f8fb04e73a0478774f06c14b14c4d7a82088e70cfd35092a00561cd9de5
subject_adapted,Table V,dreyer,B79,SingLEM,CSBrain,0.8928571428571429,0.8303571428571429,0.0625,511dcea3f5288a991cca79020693f679690978eaab670c138be9d8212a1e56a6,4195f69e7836bde1fc39162b5c146bfa3e697b09b105dc407a628adbe6611615
subject_adapted,Table V,dreyer,B80,SingLEM,CSBrain,0.6875,0.7321428571428571,-0.044642857143,f05759ea4f8ce553caa6dd77a82e1537f6a97af987fb318f6b0371e505bb952e,c2990a726cdd6ff0039e1a60c28b85be67a2cefdb699587a7057961ea735e245
subject_adapted,Table V,dreyer,B81,SingLEM,CSBrain,0.8482142857142857,0.7321428571428571,0.116071428571,9e2c45b74f2315f4588c7c22cfb171f47b6392a72ee73ceb142ffaa7bbbb8eea,9e19309bf134f74c8226af9853416271102759e828c42650c1d009a557343f02
subject_adapted,Table V,dreyer,B61,SingLEM,LUNA,0.9107142857142857,0.7857142857142857,0.125,90b629ffd3150cba39214304b97c9e173999181bb24d57e37c935a06ee0482b5,640a6bb31d687a5edfac2866e82b4708303d4c74bf929f90499405207fd09f31
subject_adapted,Table V,dreyer,B62,SingLEM,LUNA,0.6696428571428571,0.5892857142857143,0.080357142857,19ec1d176c98aa52b57ca708e4181082cdd5e354bd292eb907d15d906a768f6d,f07b054d5487762bfe97a36d2ce23311aef1b0cbb4ced0d725d867058f4165d5
subject_adapted,Table V,dreyer,B63,SingLEM,LUNA,0.6517857142857143,0.5267857142857143,0.125,2f46af11ff1db3fa47edac163386a54aafa050702eed8029a5ecde96e9bb5e21,9b0d55fff5858d62978f341566a64e1c16356d572dd280775d69e5aed64d09fe
subject_adapted,Table V,dreyer,B64,SingLEM,LUNA,0.7321428571428571,0.4642857142857143,0.267857142857,8b4f7b086279d2ba5b4d70fe205e2e3c0610317cebf0318e9766307d48d5158a,b229fc26c3e2a3704a3179375cedf7d9e54c0193e2b75e49b2f3ec21b3dbb0ae
subject_adapted,Table V,dreyer,B65,SingLEM,LUNA,0.7767857142857143,0.5625,0.214285714286,334b8680e7e0e218d451b73ec4c3ce066b1d50563bd566171dfcf5b07a689f27,cea105a7438b106eaca3c57f3e90274f206556acb2a3be75dd9244f5acc4f423
subject_adapted,Table V,dreyer,B66,SingLEM,LUNA,0.7232142857142857,0.5892857142857143,0.133928571429,14bf67b9aa29789d3e7ba3cc3034482b3f6137a5a9646e2bdfae4c16672b24d1,6a6310ce1a86ad4ee50246927e1e70d5a5a0513260fca312168cdf0ea5842ab1
subject_adapted,Table V,dreyer,B67,SingLEM,LUNA,0.8392857142857143,0.6964285714285714,0.142857142857,eb439a55f1fd80a1ecf85756252d6d919f08697934482aa9408e8899130ee985,e7e182099e41b4f5a11f3534dda30ba30aebf78ed6bc7d66f9979faed27d0d4b
subject_adapted,Table V,dreyer,B68,SingLEM,LUNA,0.6964285714285714,0.5357142857142857,0.160714285714,0057b7078be17b3e99fd3eee2149a803155ceed987d741829384ff922e6148bc,5826f5c7ff7f21d141e7e03a34829f579136c6c369edc5d9df233eda45fae486
subject_adapted,Table V,dreyer,B69,SingLEM,LUNA,0.6785714285714286,0.6696428571428571,0.008928571429,d97c3699a0d8f26a9311508146910e70bdf441645f96be1bde3056fa5cbe8339,36feec28dbedc4569eb7e6083878f15e0607dac9e2cdc71e396e3dabf3a28a14
subject_adapted,Table V,dreyer,B70,SingLEM,LUNA,0.7410714285714286,0.5625,0.178571428571,8d39e1a00095247a6588e3046eff88916ea5146f6c3d1699196bdaf65bef275d,12fd74ae65f31fd3dadeba3c59dcef183aa0d3548bc2b815c077ab34841dbc16
subject_adapted,Table V,dreyer,B71,SingLEM,LUNA,0.7678571428571429,0.5446428571428571,0.223214285714,dad378ca8173ff2c9008be49b0b37790fa3ea339e5cdb89a28f74ddc966585ef,aecb2f076d1f112f29a944f08a99b629bb51de77227386d12ca19d4ec86288a6
subject_adapted,Table V,dreyer,B72,SingLEM,LUNA,0.8303571428571429,0.6071428571428571,0.223214285714,84202f36d06cdecae9f6789496c9a3cb70a93c088b240202544d29184e5fa06d,d46a7ae5f9a73507446c46b727cfd5d3a4350c1a50432b5310923270c3abe190
subject_adapted,Table V,dreyer,B73,SingLEM,LUNA,0.7410714285714286,0.6517857142857143,0.089285714286,ae9a6a7725f85c0bd95189084f98078b7d1787b5dc6544fc76265ca631834757,5a6c04696f74fc997d3b8a56fc2526c962340765dfffb93997243ebf295c6133
subject_adapted,Table V,dreyer,B74,SingLEM,LUNA,0.5803571428571429,0.6071428571428571,-0.026785714286,b220f81eb6c2b003953d0edee79fa76a5af873da18ed4204ed7e42a9277e2883,5216f014dc4c14b24d489375e4014beee64939b5e87fda53d2ecb029656908e2
subject_adapted,Table V,dreyer,B75,SingLEM,LUNA,0.6875,0.5714285714285714,0.116071428571,0bf33f4d8f1503f3137ee9e046933b255523b900ad9849d6d66199d81ef669ac,79e80381f60e0e6fa4bf1e4ba4670f1150b1d0a1bbe99f40dc53ea4ed6d0465d
subject_adapted,Table V,dreyer,B76,SingLEM,LUNA,0.6785714285714286,0.5089285714285714,0.169642857143,60210092a1bce4cb7f62dc663c2da37ada88f17e539ab58f304003053dff7007,d90c672a054cf3020177d8bc5145a5cf31ee84c6756d7c2312c394c30dce25d7
subject_adapted,Table V,dreyer,B77,SingLEM,LUNA,0.7946428571428571,0.5535714285714286,0.241071428571,65205ab35873f20f9c55687418eaef1252d76fab9a68d6f1d2bcd3a658f10305,2e4c70dd2704a0e5827c2a88e120b82d08e9d37657cd5f9c8924b4d1454b5050
subject_adapted,Table V,dreyer,B78,SingLEM,LUNA,0.5982142857142857,0.5178571428571429,0.080357142857,bf56b9fc8d3640b533a98b4c33b16a83d3b2edd0121cae418de69bc463334bc2,89931f8fb04e73a0478774f06c14b14c4d7a82088e70cfd35092a00561cd9de5
subject_adapted,Table V,dreyer,B79,SingLEM,LUNA,0.8928571428571429,0.5982142857142857,0.294642857143,511dcea3f5288a991cca79020693f679690978eaab670c138be9d8212a1e56a6,4195f69e7836bde1fc39162b5c146bfa3e697b09b105dc407a628adbe6611615
subject_adapted,Table V,dreyer,B80,SingLEM,LUNA,0.6875,0.5446428571428571,0.142857142857,f05759ea4f8ce553caa6dd77a82e1537f6a97af987fb318f6b0371e505bb952e,c2990a726cdd6ff0039e1a60c28b85be67a2cefdb699587a7057961ea735e245
subject_adapted,Table V,dreyer,B81,SingLEM,LUNA,0.8482142857142857,0.48214285714285715,0.366071428571,9e2c45b74f2315f4588c7c22cfb171f47b6392a72ee73ceb142ffaa7bbbb8eea,9e19309bf134f74c8226af9853416271102759e828c42650c1d009a557343f02
subject_adapted,Table V,dreyer,B61,SingLEM,MIRepNet,0.9107142857142857,0.9375,-0.026785714286,90b629ffd3150cba39214304b97c9e173999181bb24d57e37c935a06ee0482b5,640a6bb31d687a5edfac2866e82b4708303d4c74bf929f90499405207fd09f31
subject_adapted,Table V,dreyer,B62,SingLEM,MIRepNet,0.6696428571428571,0.9464285714285714,-0.276785714286,19ec1d176c98aa52b57ca708e4181082cdd5e354bd292eb907d15d906a768f6d,f07b054d5487762bfe97a36d2ce23311aef1b0cbb4ced0d725d867058f4165d5
subject_adapted,Table V,dreyer,B63,SingLEM,MIRepNet,0.6517857142857143,0.8125,-0.160714285714,2f46af11ff1db3fa47edac163386a54aafa050702eed8029a5ecde96e9bb5e21,9b0d55fff5858d62978f341566a64e1c16356d572dd280775d69e5aed64d09fe
subject_adapted,Table V,dreyer,B64,SingLEM,MIRepNet,0.7321428571428571,0.5446428571428571,0.1875,8b4f7b086279d2ba5b4d70fe205e2e3c0610317cebf0318e9766307d48d5158a,b229fc26c3e2a3704a3179375cedf7d9e54c0193e2b75e49b2f3ec21b3dbb0ae
subject_adapted,Table V,dreyer,B65,SingLEM,MIRepNet,0.7767857142857143,0.8928571428571429,-0.116071428571,334b8680e7e0e218d451b73ec4c3ce066b1d50563bd566171dfcf5b07a689f27,cea105a7438b106eaca3c57f3e90274f206556acb2a3be75dd9244f5acc4f423
subject_adapted,Table V,dreyer,B66,SingLEM,MIRepNet,0.7232142857142857,0.5803571428571429,0.142857142857,14bf67b9aa29789d3e7ba3cc3034482b3f6137a5a9646e2bdfae4c16672b24d1,6a6310ce1a86ad4ee50246927e1e70d5a5a0513260fca312168cdf0ea5842ab1
subject_adapted,Table V,dreyer,B67,SingLEM,MIRepNet,0.8392857142857143,0.5446428571428571,0.294642857143,eb439a55f1fd80a1ecf85756252d6d919f08697934482aa9408e8899130ee985,e7e182099e41b4f5a11f3534dda30ba30aebf78ed6bc7d66f9979faed27d0d4b
subject_adapted,Table V,dreyer,B68,SingLEM,MIRepNet,0.6964285714285714,0.5357142857142857,0.160714285714,0057b7078be17b3e99fd3eee2149a803155ceed987d741829384ff922e6148bc,5826f5c7ff7f21d141e7e03a34829f579136c6c369edc5d9df233eda45fae486
subject_adapted,Table V,dreyer,B69,SingLEM,MIRepNet,0.6785714285714286,0.8928571428571429,-0.214285714286,d97c3699a0d8f26a9311508146910e70bdf441645f96be1bde3056fa5cbe8339,36feec28dbedc4569eb7e6083878f15e0607dac9e2cdc71e396e3dabf3a28a14
subject_adapted,Table V,dreyer,B70,SingLEM,MIRepNet,0.7410714285714286,0.6071428571428571,0.133928571429,8d39e1a00095247a6588e3046eff88916ea5146f6c3d1699196bdaf65bef275d,12fd74ae65f31fd3dadeba3c59dcef183aa0d3548bc2b815c077ab34841dbc16
subject_adapted,Table V,dreyer,B71,SingLEM,MIRepNet,0.7678571428571429,0.5535714285714286,0.214285714286,dad378ca8173ff2c9008be49b0b37790fa3ea339e5cdb89a28f74ddc966585ef,aecb2f076d1f112f29a944f08a99b629bb51de77227386d12ca19d4ec86288a6
subject_adapted,Table V,dreyer,B72,SingLEM,MIRepNet,0.8303571428571429,0.5714285714285714,0.258928571429,84202f36d06cdecae9f6789496c9a3cb70a93c088b240202544d29184e5fa06d,d46a7ae5f9a73507446c46b727cfd5d3a4350c1a50432b5310923270c3abe190
subject_adapted,Table V,dreyer,B73,SingLEM,MIRepNet,0.7410714285714286,0.9553571428571429,-0.214285714286,ae9a6a7725f85c0bd95189084f98078b7d1787b5dc6544fc76265ca631834757,5a6c04696f74fc997d3b8a56fc2526c962340765dfffb93997243ebf295c6133
subject_adapted,Table V,dreyer,B74,SingLEM,MIRepNet,0.5803571428571429,0.8392857142857143,-0.258928571429,b220f81eb6c2b003953d0edee79fa76a5af873da18ed4204ed7e42a9277e2883,5216f014dc4c14b24d489375e4014beee64939b5e87fda53d2ecb029656908e2
subject_adapted,Table V,dreyer,B75,SingLEM,MIRepNet,0.6875,0.75,-0.0625,0bf33f4d8f1503f3137ee9e046933b255523b900ad9849d6d66199d81ef669ac,79e80381f60e0e6fa4bf1e4ba4670f1150b1d0a1bbe99f40dc53ea4ed6d0465d
subject_adapted,Table V,dreyer,B76,SingLEM,MIRepNet,0.6785714285714286,0.9553571428571429,-0.276785714286,60210092a1bce4cb7f62dc663c2da37ada88f17e539ab58f304003053dff7007,d90c672a054cf3020177d8bc5145a5cf31ee84c6756d7c2312c394c30dce25d7
subject_adapted,Table V,dreyer,B77,SingLEM,MIRepNet,0.7946428571428571,0.4732142857142857,0.321428571429,65205ab35873f20f9c55687418eaef1252d76fab9a68d6f1d2bcd3a658f10305,2e4c70dd2704a0e5827c2a88e120b82d08e9d37657cd5f9c8924b4d1454b5050
subject_adapted,Table V,dreyer,B78,SingLEM,MIRepNet,0.5982142857142857,0.8303571428571429,-0.232142857143,bf56b9fc8d3640b533a98b4c33b16a83d3b2edd0121cae418de69bc463334bc2,89931f8fb04e73a0478774f06c14b14c4d7a82088e70cfd35092a00561cd9de5
subject_adapted,Table V,dreyer,B79,SingLEM,MIRepNet,0.8928571428571429,0.9821428571428571,-0.089285714286,511dcea3f5288a991cca79020693f679690978eaab670c138be9d8212a1e56a6,4195f69e7836bde1fc39162b5c146bfa3e697b09b105dc407a628adbe6611615
subject_adapted,Table V,dreyer,B80,SingLEM,MIRepNet,0.6875,0.5625,0.125,f05759ea4f8ce553caa6dd77a82e1537f6a97af987fb318f6b0371e505bb952e,c2990a726cdd6ff0039e1a60c28b85be67a2cefdb699587a7057961ea735e245
subject_adapted,Table V,dreyer,B81,SingLEM,MIRepNet,0.8482142857142857,0.6696428571428571,0.178571428571,9e2c45b74f2315f4588c7c22cfb171f47b6392a72ee73ceb142ffaa7bbbb8eea,9e19309bf134f74c8226af9853416271102759e828c42650c1d009a557343f02
subject_adapted,Table V,dreyer,B61,SingLEM,CSP,0.9107142857142857,0.7589285714285714,0.151785714286,90b629ffd3150cba39214304b97c9e173999181bb24d57e37c935a06ee0482b5,640a6bb31d687a5edfac2866e82b4708303d4c74bf929f90499405207fd09f31
subject_adapted,Table V,dreyer,B62,SingLEM,CSP,0.6696428571428571,0.8928571428571429,-0.223214285714,19ec1d176c98aa52b57ca708e4181082cdd5e354bd292eb907d15d906a768f6d,f07b054d5487762bfe97a36d2ce23311aef1b0cbb4ced0d725d867058f4165d5
subject_adapted,Table V,dreyer,B63,SingLEM,CSP,0.6517857142857143,0.5982142857142857,0.053571428571,2f46af11ff1db3fa47edac163386a54aafa050702eed8029a5ecde96e9bb5e21,9b0d55fff5858d62978f341566a64e1c16356d572dd280775d69e5aed64d09fe
subject_adapted,Table V,dreyer,B64,SingLEM,CSP,0.7321428571428571,0.48214285714285715,0.25,8b4f7b086279d2ba5b4d70fe205e2e3c0610317cebf0318e9766307d48d5158a,b229fc26c3e2a3704a3179375cedf7d9e54c0193e2b75e49b2f3ec21b3dbb0ae
subject_adapted,Table V,dreyer,B65,SingLEM,CSP,0.7767857142857143,0.8482142857142857,-0.071428571429,334b8680e7e0e218d451b73ec4c3ce066b1d50563bd566171dfcf5b07a689f27,cea105a7438b106eaca3c57f3e90274f206556acb2a3be75dd9244f5acc4f423
subject_adapted,Table V,dreyer,B66,SingLEM,CSP,0.7232142857142857,0.5803571428571429,0.142857142857,14bf67b9aa29789d3e7ba3cc3034482b3f6137a5a9646e2bdfae4c16672b24d1,6a6310ce1a86ad4ee50246927e1e70d5a5a0513260fca312168cdf0ea5842ab1
subject_adapted,Table V,dreyer,B67,SingLEM,CSP,0.8392857142857143,0.5178571428571429,0.321428571429,eb439a55f1fd80a1ecf85756252d6d919f08697934482aa9408e8899130ee985,e7e182099e41b4f5a11f3534dda30ba30aebf78ed6bc7d66f9979faed27d0d4b
subject_adapted,Table V,dreyer,B68,SingLEM,CSP,0.6964285714285714,0.5,0.196428571429,0057b7078be17b3e99fd3eee2149a803155ceed987d741829384ff922e6148bc,5826f5c7ff7f21d141e7e03a34829f579136c6c369edc5d9df233eda45fae486
subject_adapted,Table V,dreyer,B69,SingLEM,CSP,0.6785714285714286,0.7053571428571429,-0.026785714286,d97c3699a0d8f26a9311508146910e70bdf441645f96be1bde3056fa5cbe8339,36feec28dbedc4569eb7e6083878f15e0607dac9e2cdc71e396e3dabf3a28a14
subject_adapted,Table V,dreyer,B70,SingLEM,CSP,0.7410714285714286,0.5535714285714286,0.1875,8d39e1a00095247a6588e3046eff88916ea5146f6c3d1699196bdaf65bef275d,12fd74ae65f31fd3dadeba3c59dcef183aa0d3548bc2b815c077ab34841dbc16
subject_adapted,Table V,dreyer,B71,SingLEM,CSP,0.7678571428571429,0.49107142857142855,0.276785714286,dad378ca8173ff2c9008be49b0b37790fa3ea339e5cdb89a28f74ddc966585ef,aecb2f076d1f112f29a944f08a99b629bb51de77227386d12ca19d4ec86288a6
subject_adapted,Table V,dreyer,B72,SingLEM,CSP,0.8303571428571429,0.5089285714285714,0.321428571429,84202f36d06cdecae9f6789496c9a3cb70a93c088b240202544d29184e5fa06d,d46a7ae5f9a73507446c46b727cfd5d3a4350c1a50432b5310923270c3abe190
subject_adapted,Table V,dreyer,B73,SingLEM,CSP,0.7410714285714286,0.8928571428571429,-0.151785714286,ae9a6a7725f85c0bd95189084f98078b7d1787b5dc6544fc76265ca631834757,5a6c04696f74fc997d3b8a56fc2526c962340765dfffb93997243ebf295c6133
subject_adapted,Table V,dreyer,B74,SingLEM,CSP,0.5803571428571429,0.6696428571428571,-0.089285714286,b220f81eb6c2b003953d0edee79fa76a5af873da18ed4204ed7e42a9277e2883,5216f014dc4c14b24d489375e4014beee64939b5e87fda53d2ecb029656908e2
subject_adapted,Table V,dreyer,B75,SingLEM,CSP,0.6875,0.7232142857142857,-0.035714285714,0bf33f4d8f1503f3137ee9e046933b255523b900ad9849d6d66199d81ef669ac,79e80381f60e0e6fa4bf1e4ba4670f1150b1d0a1bbe99f40dc53ea4ed6d0465d
subject_adapted,Table V,dreyer,B76,SingLEM,CSP,0.6785714285714286,0.7857142857142857,-0.107142857143,60210092a1bce4cb7f62dc663c2da37ada88f17e539ab58f304003053dff7007,d90c672a054cf3020177d8bc5145a5cf31ee84c6756d7c2312c394c30dce25d7
subject_adapted,Table V,dreyer,B77,SingLEM,CSP,0.7946428571428571,0.5089285714285714,0.285714285714,65205ab35873f20f9c55687418eaef1252d76fab9a68d6f1d2bcd3a658f10305,2e4c70dd2704a0e5827c2a88e120b82d08e9d37657cd5f9c8924b4d1454b5050
subject_adapted,Table V,dreyer,B78,SingLEM,CSP,0.5982142857142857,0.7142857142857143,-0.116071428571,bf56b9fc8d3640b533a98b4c33b16a83d3b2edd0121cae418de69bc463334bc2,89931f8fb04e73a0478774f06c14b14c4d7a82088e70cfd35092a00561cd9de5
subject_adapted,Table V,dreyer,B79,SingLEM,CSP,0.8928571428571429,0.9107142857142857,-0.017857142857,511dcea3f5288a991cca79020693f679690978eaab670c138be9d8212a1e56a6,4195f69e7836bde1fc39162b5c146bfa3e697b09b105dc407a628adbe6611615
subject_adapted,Table V,dreyer,B80,SingLEM,CSP,0.6875,0.5,0.1875,f05759ea4f8ce553caa6dd77a82e1537f6a97af987fb318f6b0371e505bb952e,c2990a726cdd6ff0039e1a60c28b85be67a2cefdb699587a7057961ea735e245
subject_adapted,Table V,dreyer,B81,SingLEM,CSP,0.8482142857142857,0.5178571428571429,0.330357142857,9e2c45b74f2315f4588c7c22cfb171f47b6392a72ee73ceb142ffaa7bbbb8eea,9e19309bf134f74c8226af9853416271102759e828c42650c1d009a557343f02
subject_adapted,Table V,dreyer,B61,SingLEM,Welch PSD,0.9107142857142857,0.6517857142857143,0.258928571429,90b629ffd3150cba39214304b97c9e173999181bb24d57e37c935a06ee0482b5,640a6bb31d687a5edfac2866e82b4708303d4c74bf929f90499405207fd09f31
subject_adapted,Table V,dreyer,B62,SingLEM,Welch PSD,0.6696428571428571,0.7321428571428571,-0.0625,19ec1d176c98aa52b57ca708e4181082cdd5e354bd292eb907d15d906a768f6d,f07b054d5487762bfe97a36d2ce23311aef1b0cbb4ced0d725d867058f4165d5
subject_adapted,Table V,dreyer,B63,SingLEM,Welch PSD,0.6517857142857143,0.5803571428571429,0.071428571429,2f46af11ff1db3fa47edac163386a54aafa050702eed8029a5ecde96e9bb5e21,9b0d55fff5858d62978f341566a64e1c16356d572dd280775d69e5aed64d09fe
subject_adapted,Table V,dreyer,B64,SingLEM,Welch PSD,0.7321428571428571,0.5,0.232142857143,8b4f7b086279d2ba5b4d70fe205e2e3c0610317cebf0318e9766307d48d5158a,b229fc26c3e2a3704a3179375cedf7d9e54c0193e2b75e49b2f3ec21b3dbb0ae
subject_adapted,Table V,dreyer,B65,SingLEM,Welch PSD,0.7767857142857143,0.7857142857142857,-0.008928571429,334b8680e7e0e218d451b73ec4c3ce066b1d50563bd566171dfcf5b07a689f27,cea105a7438b106eaca3c57f3e90274f206556acb2a3be75dd9244f5acc4f423
subject_adapted,Table V,dreyer,B66,SingLEM,Welch PSD,0.7232142857142857,0.5625,0.160714285714,14bf67b9aa29789d3e7ba3cc3034482b3f6137a5a9646e2bdfae4c16672b24d1,6a6310ce1a86ad4ee50246927e1e70d5a5a0513260fca312168cdf0ea5842ab1
subject_adapted,Table V,dreyer,B67,SingLEM,Welch PSD,0.8392857142857143,0.5178571428571429,0.321428571429,eb439a55f1fd80a1ecf85756252d6d919f08697934482aa9408e8899130ee985,e7e182099e41b4f5a11f3534dda30ba30aebf78ed6bc7d66f9979faed27d0d4b
subject_adapted,Table V,dreyer,B68,SingLEM,Welch PSD,0.6964285714285714,0.5357142857142857,0.160714285714,0057b7078be17b3e99fd3eee2149a803155ceed987d741829384ff922e6148bc,5826f5c7ff7f21d141e7e03a34829f579136c6c369edc5d9df233eda45fae486
subject_adapted,Table V,dreyer,B69,SingLEM,Welch PSD,0.6785714285714286,0.6071428571428571,0.071428571429,d97c3699a0d8f26a9311508146910e70bdf441645f96be1bde3056fa5cbe8339,36feec28dbedc4569eb7e6083878f15e0607dac9e2cdc71e396e3dabf3a28a14
subject_adapted,Table V,dreyer,B70,SingLEM,Welch PSD,0.7410714285714286,0.5535714285714286,0.1875,8d39e1a00095247a6588e3046eff88916ea5146f6c3d1699196bdaf65bef275d,12fd74ae65f31fd3dadeba3c59dcef183aa0d3548bc2b815c077ab34841dbc16
subject_adapted,Table V,dreyer,B71,SingLEM,Welch PSD,0.7678571428571429,0.5803571428571429,0.1875,dad378ca8173ff2c9008be49b0b37790fa3ea339e5cdb89a28f74ddc966585ef,aecb2f076d1f112f29a944f08a99b629bb51de77227386d12ca19d4ec86288a6
subject_adapted,Table V,dreyer,B72,SingLEM,Welch PSD,0.8303571428571429,0.5178571428571429,0.3125,84202f36d06cdecae9f6789496c9a3cb70a93c088b240202544d29184e5fa06d,d46a7ae5f9a73507446c46b727cfd5d3a4350c1a50432b5310923270c3abe190
subject_adapted,Table V,dreyer,B73,SingLEM,Welch PSD,0.7410714285714286,0.6160714285714286,0.125,ae9a6a7725f85c0bd95189084f98078b7d1787b5dc6544fc76265ca631834757,5a6c04696f74fc997d3b8a56fc2526c962340765dfffb93997243ebf295c6133
subject_adapted,Table V,dreyer,B74,SingLEM,Welch PSD,0.5803571428571429,0.4732142857142857,0.107142857143,b220f81eb6c2b003953d0edee79fa76a5af873da18ed4204ed7e42a9277e2883,5216f014dc4c14b24d489375e4014beee64939b5e87fda53d2ecb029656908e2
subject_adapted,Table V,dreyer,B75,SingLEM,Welch PSD,0.6875,0.5357142857142857,0.151785714286,0bf33f4d8f1503f3137ee9e046933b255523b900ad9849d6d66199d81ef669ac,79e80381f60e0e6fa4bf1e4ba4670f1150b1d0a1bbe99f40dc53ea4ed6d0465d
subject_adapted,Table V,dreyer,B76,SingLEM,Welch PSD,0.6785714285714286,0.5089285714285714,0.169642857143,60210092a1bce4cb7f62dc663c2da37ada88f17e539ab58f304003053dff7007,d90c672a054cf3020177d8bc5145a5cf31ee84c6756d7c2312c394c30dce25d7
subject_adapted,Table V,dreyer,B77,SingLEM,Welch PSD,0.7946428571428571,0.5892857142857143,0.205357142857,65205ab35873f20f9c55687418eaef1252d76fab9a68d6f1d2bcd3a658f10305,2e4c70dd2704a0e5827c2a88e120b82d08e9d37657cd5f9c8924b4d1454b5050
subject_adapted,Table V,dreyer,B78,SingLEM,Welch PSD,0.5982142857142857,0.7678571428571429,-0.169642857143,bf56b9fc8d3640b533a98b4c33b16a83d3b2edd0121cae418de69bc463334bc2,89931f8fb04e73a0478774f06c14b14c4d7a82088e70cfd35092a00561cd9de5
subject_adapted,Table V,dreyer,B79,SingLEM,Welch PSD,0.8928571428571429,0.8035714285714286,0.089285714286,511dcea3f5288a991cca79020693f679690978eaab670c138be9d8212a1e56a6,4195f69e7836bde1fc39162b5c146bfa3e697b09b105dc407a628adbe6611615
subject_adapted,Table V,dreyer,B80,SingLEM,Welch PSD,0.6875,0.5625,0.125,f05759ea4f8ce553caa6dd77a82e1537f6a97af987fb318f6b0371e505bb952e,c2990a726cdd6ff0039e1a60c28b85be67a2cefdb699587a7057961ea735e245
subject_adapted,Table V,dreyer,B81,SingLEM,Welch PSD,0.8482142857142857,0.4732142857142857,0.375,9e2c45b74f2315f4588c7c22cfb171f47b6392a72ee73ceb142ffaa7bbbb8eea,9e19309bf134f74c8226af9853416271102759e828c42650c1d009a557343f02
subject_adapted,Table V,dreyer,B61,SingLEM,EEGNet,0.9107142857142857,0.8928571428571429,0.017857142857,90b629ffd3150cba39214304b97c9e173999181bb24d57e37c935a06ee0482b5,640a6bb31d687a5edfac2866e82b4708303d4c74bf929f90499405207fd09f31
subject_adapted,Table V,dreyer,B62,SingLEM,EEGNet,0.6696428571428571,0.6160714285714286,0.053571428571,19ec1d176c98aa52b57ca708e4181082cdd5e354bd292eb907d15d906a768f6d,f07b054d5487762bfe97a36d2ce23311aef1b0cbb4ced0d725d867058f4165d5
subject_adapted,Table V,dreyer,B63,SingLEM,EEGNet,0.6517857142857143,0.6696428571428571,-0.017857142857,2f46af11ff1db3fa47edac163386a54aafa050702eed8029a5ecde96e9bb5e21,9b0d55fff5858d62978f341566a64e1c16356d572dd280775d69e5aed64d09fe
subject_adapted,Table V,dreyer,B64,SingLEM,EEGNet,0.7321428571428571,0.6875,0.044642857143,8b4f7b086279d2ba5b4d70fe205e2e3c0610317cebf0318e9766307d48d5158a,b229fc26c3e2a3704a3179375cedf7d9e54c0193e2b75e49b2f3ec21b3dbb0ae
subject_adapted,Table V,dreyer,B65,SingLEM,EEGNet,0.7767857142857143,0.8392857142857143,-0.0625,334b8680e7e0e218d451b73ec4c3ce066b1d50563bd566171dfcf5b07a689f27,cea105a7438b106eaca3c57f3e90274f206556acb2a3be75dd9244f5acc4f423
subject_adapted,Table V,dreyer,B66,SingLEM,EEGNet,0.7232142857142857,0.75,-0.026785714286,14bf67b9aa29789d3e7ba3cc3034482b3f6137a5a9646e2bdfae4c16672b24d1,6a6310ce1a86ad4ee50246927e1e70d5a5a0513260fca312168cdf0ea5842ab1
subject_adapted,Table V,dreyer,B67,SingLEM,EEGNet,0.8392857142857143,0.8839285714285714,-0.044642857143,eb439a55f1fd80a1ecf85756252d6d919f08697934482aa9408e8899130ee985,e7e182099e41b4f5a11f3534dda30ba30aebf78ed6bc7d66f9979faed27d0d4b
subject_adapted,Table V,dreyer,B68,SingLEM,EEGNet,0.6964285714285714,0.6785714285714286,0.017857142857,0057b7078be17b3e99fd3eee2149a803155ceed987d741829384ff922e6148bc,5826f5c7ff7f21d141e7e03a34829f579136c6c369edc5d9df233eda45fae486
subject_adapted,Table V,dreyer,B69,SingLEM,EEGNet,0.6785714285714286,0.7321428571428571,-0.053571428571,d97c3699a0d8f26a9311508146910e70bdf441645f96be1bde3056fa5cbe8339,36feec28dbedc4569eb7e6083878f15e0607dac9e2cdc71e396e3dabf3a28a14
subject_adapted,Table V,dreyer,B70,SingLEM,EEGNet,0.7410714285714286,0.7321428571428571,0.008928571429,8d39e1a00095247a6588e3046eff88916ea5146f6c3d1699196bdaf65bef275d,12fd74ae65f31fd3dadeba3c59dcef183aa0d3548bc2b815c077ab34841dbc16
subject_adapted,Table V,dreyer,B71,SingLEM,EEGNet,0.7678571428571429,0.7321428571428571,0.035714285714,dad378ca8173ff2c9008be49b0b37790fa3ea339e5cdb89a28f74ddc966585ef,aecb2f076d1f112f29a944f08a99b629bb51de77227386d12ca19d4ec86288a6
subject_adapted,Table V,dreyer,B72,SingLEM,EEGNet,0.8303571428571429,0.8392857142857143,-0.008928571429,84202f36d06cdecae9f6789496c9a3cb70a93c088b240202544d29184e5fa06d,d46a7ae5f9a73507446c46b727cfd5d3a4350c1a50432b5310923270c3abe190
subject_adapted,Table V,dreyer,B73,SingLEM,EEGNet,0.7410714285714286,0.5625,0.178571428571,ae9a6a7725f85c0bd95189084f98078b7d1787b5dc6544fc76265ca631834757,5a6c04696f74fc997d3b8a56fc2526c962340765dfffb93997243ebf295c6133
subject_adapted,Table V,dreyer,B74,SingLEM,EEGNet,0.5803571428571429,0.6339285714285714,-0.053571428571,b220f81eb6c2b003953d0edee79fa76a5af873da18ed4204ed7e42a9277e2883,5216f014dc4c14b24d489375e4014beee64939b5e87fda53d2ecb029656908e2
subject_adapted,Table V,dreyer,B75,SingLEM,EEGNet,0.6875,0.7142857142857143,-0.026785714286,0bf33f4d8f1503f3137ee9e046933b255523b900ad9849d6d66199d81ef669ac,79e80381f60e0e6fa4bf1e4ba4670f1150b1d0a1bbe99f40dc53ea4ed6d0465d
subject_adapted,Table V,dreyer,B76,SingLEM,EEGNet,0.6785714285714286,0.7142857142857143,-0.035714285714,60210092a1bce4cb7f62dc663c2da37ada88f17e539ab58f304003053dff7007,d90c672a054cf3020177d8bc5145a5cf31ee84c6756d7c2312c394c30dce25d7
subject_adapted,Table V,dreyer,B77,SingLEM,EEGNet,0.7946428571428571,0.8571428571428571,-0.0625,65205ab35873f20f9c55687418eaef1252d76fab9a68d6f1d2bcd3a658f10305,2e4c70dd2704a0e5827c2a88e120b82d08e9d37657cd5f9c8924b4d1454b5050
subject_adapted,Table V,dreyer,B78,SingLEM,EEGNet,0.5982142857142857,0.5267857142857143,0.071428571429,bf56b9fc8d3640b533a98b4c33b16a83d3b2edd0121cae418de69bc463334bc2,89931f8fb04e73a0478774f06c14b14c4d7a82088e70cfd35092a00561cd9de5
subject_adapted,Table V,dreyer,B79,SingLEM,EEGNet,0.8928571428571429,0.8482142857142857,0.044642857143,511dcea3f5288a991cca79020693f679690978eaab670c138be9d8212a1e56a6,4195f69e7836bde1fc39162b5c146bfa3e697b09b105dc407a628adbe6611615
subject_adapted,Table V,dreyer,B80,SingLEM,EEGNet,0.6875,0.5714285714285714,0.116071428571,f05759ea4f8ce553caa6dd77a82e1537f6a97af987fb318f6b0371e505bb952e,c2990a726cdd6ff0039e1a60c28b85be67a2cefdb699587a7057961ea735e245
subject_adapted,Table V,dreyer,B81,SingLEM,EEGNet,0.8482142857142857,0.7767857142857143,0.071428571429,9e2c45b74f2315f4588c7c22cfb171f47b6392a72ee73ceb142ffaa7bbbb8eea,9e19309bf134f74c8226af9853416271102759e828c42650c1d009a557343f02
subject_adapted,Table V,dreyer,B61,SingLEM,EEGConformer,0.9107142857142857,0.8214285714285714,0.089285714286,90b629ffd3150cba39214304b97c9e173999181bb24d57e37c935a06ee0482b5,640a6bb31d687a5edfac2866e82b4708303d4c74bf929f90499405207fd09f31
subject_adapted,Table V,dreyer,B62,SingLEM,EEGConformer,0.6696428571428571,0.7589285714285714,-0.089285714286,19ec1d176c98aa52b57ca708e4181082cdd5e354bd292eb907d15d906a768f6d,f07b054d5487762bfe97a36d2ce23311aef1b0cbb4ced0d725d867058f4165d5
subject_adapted,Table V,dreyer,B63,SingLEM,EEGConformer,0.6517857142857143,0.6428571428571429,0.008928571429,2f46af11ff1db3fa47edac163386a54aafa050702eed8029a5ecde96e9bb5e21,9b0d55fff5858d62978f341566a64e1c16356d572dd280775d69e5aed64d09fe
subject_adapted,Table V,dreyer,B64,SingLEM,EEGConformer,0.7321428571428571,0.5625,0.169642857143,8b4f7b086279d2ba5b4d70fe205e2e3c0610317cebf0318e9766307d48d5158a,b229fc26c3e2a3704a3179375cedf7d9e54c0193e2b75e49b2f3ec21b3dbb0ae
subject_adapted,Table V,dreyer,B65,SingLEM,EEGConformer,0.7767857142857143,0.7767857142857143,0.0,334b8680e7e0e218d451b73ec4c3ce066b1d50563bd566171dfcf5b07a689f27,cea105a7438b106eaca3c57f3e90274f206556acb2a3be75dd9244f5acc4f423
subject_adapted,Table V,dreyer,B66,SingLEM,EEGConformer,0.7232142857142857,0.7410714285714286,-0.017857142857,14bf67b9aa29789d3e7ba3cc3034482b3f6137a5a9646e2bdfae4c16672b24d1,6a6310ce1a86ad4ee50246927e1e70d5a5a0513260fca312168cdf0ea5842ab1
subject_adapted,Table V,dreyer,B67,SingLEM,EEGConformer,0.8392857142857143,0.875,-0.035714285714,eb439a55f1fd80a1ecf85756252d6d919f08697934482aa9408e8899130ee985,e7e182099e41b4f5a11f3534dda30ba30aebf78ed6bc7d66f9979faed27d0d4b
subject_adapted,Table V,dreyer,B68,SingLEM,EEGConformer,0.6964285714285714,0.7321428571428571,-0.035714285714,0057b7078be17b3e99fd3eee2149a803155ceed987d741829384ff922e6148bc,5826f5c7ff7f21d141e7e03a34829f579136c6c369edc5d9df233eda45fae486
subject_adapted,Table V,dreyer,B69,SingLEM,EEGConformer,0.6785714285714286,0.7232142857142857,-0.044642857143,d97c3699a0d8f26a9311508146910e70bdf441645f96be1bde3056fa5cbe8339,36feec28dbedc4569eb7e6083878f15e0607dac9e2cdc71e396e3dabf3a28a14
subject_adapted,Table V,dreyer,B70,SingLEM,EEGConformer,0.7410714285714286,0.6160714285714286,0.125,8d39e1a00095247a6588e3046eff88916ea5146f6c3d1699196bdaf65bef275d,12fd74ae65f31fd3dadeba3c59dcef183aa0d3548bc2b815c077ab34841dbc16
subject_adapted,Table V,dreyer,B71,SingLEM,EEGConformer,0.7678571428571429,0.7142857142857143,0.053571428571,dad378ca8173ff2c9008be49b0b37790fa3ea339e5cdb89a28f74ddc966585ef,aecb2f076d1f112f29a944f08a99b629bb51de77227386d12ca19d4ec86288a6
subject_adapted,Table V,dreyer,B72,SingLEM,EEGConformer,0.8303571428571429,0.7857142857142857,0.044642857143,84202f36d06cdecae9f6789496c9a3cb70a93c088b240202544d29184e5fa06d,d46a7ae5f9a73507446c46b727cfd5d3a4350c1a50432b5310923270c3abe190
subject_adapted,Table V,dreyer,B73,SingLEM,EEGConformer,0.7410714285714286,0.625,0.116071428571,ae9a6a7725f85c0bd95189084f98078b7d1787b5dc6544fc76265ca631834757,5a6c04696f74fc997d3b8a56fc2526c962340765dfffb93997243ebf295c6133
subject_adapted,Table V,dreyer,B74,SingLEM,EEGConformer,0.5803571428571429,0.6071428571428571,-0.026785714286,b220f81eb6c2b003953d0edee79fa76a5af873da18ed4204ed7e42a9277e2883,5216f014dc4c14b24d489375e4014beee64939b5e87fda53d2ecb029656908e2
subject_adapted,Table V,dreyer,B75,SingLEM,EEGConformer,0.6875,0.7053571428571429,-0.017857142857,0bf33f4d8f1503f3137ee9e046933b255523b900ad9849d6d66199d81ef669ac,79e80381f60e0e6fa4bf1e4ba4670f1150b1d0a1bbe99f40dc53ea4ed6d0465d
subject_adapted,Table V,dreyer,B76,SingLEM,EEGConformer,0.6785714285714286,0.5892857142857143,0.089285714286,60210092a1bce4cb7f62dc663c2da37ada88f17e539ab58f304003053dff7007,d90c672a054cf3020177d8bc5145a5cf31ee84c6756d7c2312c394c30dce25d7
subject_adapted,Table V,dreyer,B77,SingLEM,EEGConformer,0.7946428571428571,0.7589285714285714,0.035714285714,65205ab35873f20f9c55687418eaef1252d76fab9a68d6f1d2bcd3a658f10305,2e4c70dd2704a0e5827c2a88e120b82d08e9d37657cd5f9c8924b4d1454b5050
subject_adapted,Table V,dreyer,B78,SingLEM,EEGConformer,0.5982142857142857,0.5446428571428571,0.053571428571,bf56b9fc8d3640b533a98b4c33b16a83d3b2edd0121cae418de69bc463334bc2,89931f8fb04e73a0478774f06c14b14c4d7a82088e70cfd35092a00561cd9de5
subject_adapted,Table V,dreyer,B79,SingLEM,EEGConformer,0.8928571428571429,0.9017857142857143,-0.008928571429,511dcea3f5288a991cca79020693f679690978eaab670c138be9d8212a1e56a6,4195f69e7836bde1fc39162b5c146bfa3e697b09b105dc407a628adbe6611615
subject_adapted,Table V,dreyer,B80,SingLEM,EEGConformer,0.6875,0.5892857142857143,0.098214285714,f05759ea4f8ce553caa6dd77a82e1537f6a97af987fb318f6b0371e505bb952e,c2990a726cdd6ff0039e1a60c28b85be67a2cefdb699587a7057961ea735e245
subject_adapted,Table V,dreyer,B81,SingLEM,EEGConformer,0.8482142857142857,0.7410714285714286,0.107142857143,9e2c45b74f2315f4588c7c22cfb171f47b6392a72ee73ceb142ffaa7bbbb8eea,9e19309bf134f74c8226af9853416271102759e828c42650c1d009a557343f02
subject_adapted,Table V,dreyer,B61,SingLEM,IFNetV2,0.9107142857142857,0.9017857142857143,0.008928571429,90b629ffd3150cba39214304b97c9e173999181bb24d57e37c935a06ee0482b5,640a6bb31d687a5edfac2866e82b4708303d4c74bf929f90499405207fd09f31
subject_adapted,Table V,dreyer,B62,SingLEM,IFNetV2,0.6696428571428571,0.9375,-0.267857142857,19ec1d176c98aa52b57ca708e4181082cdd5e354bd292eb907d15d906a768f6d,f07b054d5487762bfe97a36d2ce23311aef1b0cbb4ced0d725d867058f4165d5
subject_adapted,Table V,dreyer,B63,SingLEM,IFNetV2,0.6517857142857143,0.7678571428571429,-0.116071428571,2f46af11ff1db3fa47edac163386a54aafa050702eed8029a5ecde96e9bb5e21,9b0d55fff5858d62978f341566a64e1c16356d572dd280775d69e5aed64d09fe
subject_adapted,Table V,dreyer,B64,SingLEM,IFNetV2,0.7321428571428571,0.45535714285714285,0.276785714286,8b4f7b086279d2ba5b4d70fe205e2e3c0610317cebf0318e9766307d48d5158a,b229fc26c3e2a3704a3179375cedf7d9e54c0193e2b75e49b2f3ec21b3dbb0ae
subject_adapted,Table V,dreyer,B65,SingLEM,IFNetV2,0.7767857142857143,0.9285714285714286,-0.151785714286,334b8680e7e0e218d451b73ec4c3ce066b1d50563bd566171dfcf5b07a689f27,cea105a7438b106eaca3c57f3e90274f206556acb2a3be75dd9244f5acc4f423
subject_adapted,Table V,dreyer,B66,SingLEM,IFNetV2,0.7232142857142857,0.6785714285714286,0.044642857143,14bf67b9aa29789d3e7ba3cc3034482b3f6137a5a9646e2bdfae4c16672b24d1,6a6310ce1a86ad4ee50246927e1e70d5a5a0513260fca312168cdf0ea5842ab1
subject_adapted,Table V,dreyer,B67,SingLEM,IFNetV2,0.8392857142857143,0.5178571428571429,0.321428571429,eb439a55f1fd80a1ecf85756252d6d919f08697934482aa9408e8899130ee985,e7e182099e41b4f5a11f3534dda30ba30aebf78ed6bc7d66f9979faed27d0d4b
subject_adapted,Table V,dreyer,B68,SingLEM,IFNetV2,0.6964285714285714,0.4732142857142857,0.223214285714,0057b7078be17b3e99fd3eee2149a803155ceed987d741829384ff922e6148bc,5826f5c7ff7f21d141e7e03a34829f579136c6c369edc5d9df233eda45fae486
subject_adapted,Table V,dreyer,B69,SingLEM,IFNetV2,0.6785714285714286,0.9196428571428571,-0.241071428571,d97c3699a0d8f26a9311508146910e70bdf441645f96be1bde3056fa5cbe8339,36feec28dbedc4569eb7e6083878f15e0607dac9e2cdc71e396e3dabf3a28a14
subject_adapted,Table V,dreyer,B70,SingLEM,IFNetV2,0.7410714285714286,0.6160714285714286,0.125,8d39e1a00095247a6588e3046eff88916ea5146f6c3d1699196bdaf65bef275d,12fd74ae65f31fd3dadeba3c59dcef183aa0d3548bc2b815c077ab34841dbc16
subject_adapted,Table V,dreyer,B71,SingLEM,IFNetV2,0.7678571428571429,0.5089285714285714,0.258928571429,dad378ca8173ff2c9008be49b0b37790fa3ea339e5cdb89a28f74ddc966585ef,aecb2f076d1f112f29a944f08a99b629bb51de77227386d12ca19d4ec86288a6
subject_adapted,Table V,dreyer,B72,SingLEM,IFNetV2,0.8303571428571429,0.5892857142857143,0.241071428571,84202f36d06cdecae9f6789496c9a3cb70a93c088b240202544d29184e5fa06d,d46a7ae5f9a73507446c46b727cfd5d3a4350c1a50432b5310923270c3abe190
subject_adapted,Table V,dreyer,B73,SingLEM,IFNetV2,0.7410714285714286,0.6428571428571429,0.098214285714,ae9a6a7725f85c0bd95189084f98078b7d1787b5dc6544fc76265ca631834757,5a6c04696f74fc997d3b8a56fc2526c962340765dfffb93997243ebf295c6133
subject_adapted,Table V,dreyer,B74,SingLEM,IFNetV2,0.5803571428571429,0.7410714285714286,-0.160714285714,b220f81eb6c2b003953d0edee79fa76a5af873da18ed4204ed7e42a9277e2883,5216f014dc4c14b24d489375e4014beee64939b5e87fda53d2ecb029656908e2
subject_adapted,Table V,dreyer,B75,SingLEM,IFNetV2,0.6875,0.6875,0.0,0bf33f4d8f1503f3137ee9e046933b255523b900ad9849d6d66199d81ef669ac,79e80381f60e0e6fa4bf1e4ba4670f1150b1d0a1bbe99f40dc53ea4ed6d0465d
subject_adapted,Table V,dreyer,B76,SingLEM,IFNetV2,0.6785714285714286,0.9732142857142857,-0.294642857143,60210092a1bce4cb7f62dc663c2da37ada88f17e539ab58f304003053dff7007,d90c672a054cf3020177d8bc5145a5cf31ee84c6756d7c2312c394c30dce25d7
subject_adapted,Table V,dreyer,B77,SingLEM,IFNetV2,0.7946428571428571,0.5535714285714286,0.241071428571,65205ab35873f20f9c55687418eaef1252d76fab9a68d6f1d2bcd3a658f10305,2e4c70dd2704a0e5827c2a88e120b82d08e9d37657cd5f9c8924b4d1454b5050
subject_adapted,Table V,dreyer,B78,SingLEM,IFNetV2,0.5982142857142857,0.8839285714285714,-0.285714285714,bf56b9fc8d3640b533a98b4c33b16a83d3b2edd0121cae418de69bc463334bc2,89931f8fb04e73a0478774f06c14b14c4d7a82088e70cfd35092a00561cd9de5
subject_adapted,Table V,dreyer,B79,SingLEM,IFNetV2,0.8928571428571429,0.9553571428571429,-0.0625,511dcea3f5288a991cca79020693f679690978eaab670c138be9d8212a1e56a6,4195f69e7836bde1fc39162b5c146bfa3e697b09b105dc407a628adbe6611615
subject_adapted,Table V,dreyer,B80,SingLEM,IFNetV2,0.6875,0.5267857142857143,0.160714285714,f05759ea4f8ce553caa6dd77a82e1537f6a97af987fb318f6b0371e505bb952e,c2990a726cdd6ff0039e1a60c28b85be67a2cefdb699587a7057961ea735e245
subject_adapted,Table V,dreyer,B81,SingLEM,IFNetV2,0.8482142857142857,0.6339285714285714,0.214285714286,9e2c45b74f2315f4588c7c22cfb171f47b6392a72ee73ceb142ffaa7bbbb8eea,9e19309bf134f74c8226af9853416271102759e828c42650c1d009a557343f02
subject_adapted,Table V,wbcic_3c,sub-001,SingLEM,BENDR,0.719047619047619,0.3476190476190476,0.371428571429,7691b02e16964d8ac010ee16a852b75b8179d88407a0a9ac91a1e571421df5fe,55a46ace10f8afd0e367a39cbfb6ebec9ccf43d96916e709defaeb9f6a4fd4f0
subject_adapted,Table V,wbcic_3c,sub-002,SingLEM,BENDR,0.919047619047619,0.35714285714285715,0.561904761905,c0e21fb4f2f820ac9687be077fb2386f49c0956730dcc04a527a26e0df5935ac,5a07b33fe9dcc14960802787ce448fbd978b0be25311c4b3490e48a226933dce
subject_adapted,Table V,wbcic_3c,sub-003,SingLEM,BENDR,0.7142857142857143,0.4095238095238095,0.304761904762,446e7b32b47f27cb99749b2bc89ceecbbb387c856d60098c78859c1593a3303e,6a24ace1933a6b6988b7359d78634040f5c85182053eb6e1a7b345ab3ca037d5
subject_adapted,Table V,wbcic_3c,sub-004,SingLEM,BENDR,0.7285714285714285,0.34285714285714286,0.385714285714,7a1cd1c74b24d31d313b9966c70a85d33a3b5281513751f1ead9a35151d1e6dc,29b390058bab8b97c10c37d9d22e3c88d424a3a83b0bc70d7d95a2f7e9b41eda
subject_adapted,Table V,wbcic_3c,sub-005,SingLEM,BENDR,0.6523809523809524,0.35714285714285715,0.295238095238,a70047ebbaf740c2af78870ba2b0748d5505800e538a014ad97d636505a87ef2,7dea1cf717b5d4c72a7046419d6525c76987724d0192ccd95aaab3aff379007b
subject_adapted,Table V,wbcic_3c,sub-006,SingLEM,BENDR,0.6333333333333333,0.36666666666666664,0.266666666667,37129c2bb106ea98f804c803b89c2c73832ba0368a65480aa91fa247e019dd84,349c12daa4e05476bdc615914937cad55612deaedce063212364dfb04312d9de
subject_adapted,Table V,wbcic_3c,sub-007,SingLEM,BENDR,0.7904761904761904,0.34285714285714286,0.447619047619,76f378e2577bf7982c129c31bc511d77ca252382d621e91fdf672c1a5a6d5de0,f8ba0bad28c2aee8c46477c02407f9bbe101033921f5bfcedd175cf3137cfd4c
subject_adapted,Table V,wbcic_3c,sub-008,SingLEM,BENDR,0.6714285714285714,0.3619047619047619,0.309523809524,b974a51d37ca98d425a5c0037a7602cb65c0fdd2ae7544ec4ba4faf1e2d13314,0288a2e25c8ed2ce3792e584e359c338417eab22de83f17290ea527b7612df85
subject_adapted,Table V,wbcic_3c,sub-009,SingLEM,BENDR,0.819047619047619,0.34285714285714286,0.47619047619,d18286f02bdfb9dab500c7ee39ff37d717c587b165e34e51c88495a1abda76aa,51d9e9319e0069ed94eb1e1659e636b6a5c10de0967aee9cdb728121bc10a2f0
subject_adapted,Table V,wbcic_3c,sub-010,SingLEM,BENDR,0.7081339712918661,0.3397129186602871,0.368421052632,dec7ae1bc9d903c7c3bd54075d05c92cfe593ae096f72ca30a0acd9e4881a8ce,fcdb7846b7a216435a33f5740a6309ab98f825160ceb6f02de1af453badb518a
subject_adapted,Table V,wbcic_3c,sub-011,SingLEM,BENDR,0.4095238095238095,0.32857142857142857,0.080952380952,4038af566c6289765aedbad484cb1726b6f04de692ab8e01060e274b55351e18,cf29dea27cab783a33d44a23da294c7dea60c7723b7d8dbab5f5efdbba0d6d43
subject_adapted,Table V,wbcic_3c,sub-001,SingLEM,BIOT,0.719047619047619,0.4095238095238095,0.309523809524,7691b02e16964d8ac010ee16a852b75b8179d88407a0a9ac91a1e571421df5fe,55a46ace10f8afd0e367a39cbfb6ebec9ccf43d96916e709defaeb9f6a4fd4f0
subject_adapted,Table V,wbcic_3c,sub-002,SingLEM,BIOT,0.919047619047619,0.4523809523809524,0.466666666667,c0e21fb4f2f820ac9687be077fb2386f49c0956730dcc04a527a26e0df5935ac,5a07b33fe9dcc14960802787ce448fbd978b0be25311c4b3490e48a226933dce
subject_adapted,Table V,wbcic_3c,sub-003,SingLEM,BIOT,0.7142857142857143,0.28095238095238095,0.433333333333,446e7b32b47f27cb99749b2bc89ceecbbb387c856d60098c78859c1593a3303e,6a24ace1933a6b6988b7359d78634040f5c85182053eb6e1a7b345ab3ca037d5
subject_adapted,Table V,wbcic_3c,sub-004,SingLEM,BIOT,0.7285714285714285,0.35714285714285715,0.371428571429,7a1cd1c74b24d31d313b9966c70a85d33a3b5281513751f1ead9a35151d1e6dc,29b390058bab8b97c10c37d9d22e3c88d424a3a83b0bc70d7d95a2f7e9b41eda
subject_adapted,Table V,wbcic_3c,sub-005,SingLEM,BIOT,0.6523809523809524,0.35714285714285715,0.295238095238,a70047ebbaf740c2af78870ba2b0748d5505800e538a014ad97d636505a87ef2,7dea1cf717b5d4c72a7046419d6525c76987724d0192ccd95aaab3aff379007b
subject_adapted,Table V,wbcic_3c,sub-006,SingLEM,BIOT,0.6333333333333333,0.3619047619047619,0.271428571429,37129c2bb106ea98f804c803b89c2c73832ba0368a65480aa91fa247e019dd84,349c12daa4e05476bdc615914937cad55612deaedce063212364dfb04312d9de
subject_adapted,Table V,wbcic_3c,sub-007,SingLEM,BIOT,0.7904761904761904,0.37142857142857144,0.419047619048,76f378e2577bf7982c129c31bc511d77ca252382d621e91fdf672c1a5a6d5de0,f8ba0bad28c2aee8c46477c02407f9bbe101033921f5bfcedd175cf3137cfd4c
subject_adapted,Table V,wbcic_3c,sub-008,SingLEM,BIOT,0.6714285714285714,0.3523809523809524,0.319047619048,b974a51d37ca98d425a5c0037a7602cb65c0fdd2ae7544ec4ba4faf1e2d13314,0288a2e25c8ed2ce3792e584e359c338417eab22de83f17290ea527b7612df85
subject_adapted,Table V,wbcic_3c,sub-009,SingLEM,BIOT,0.819047619047619,0.3333333333333333,0.485714285714,d18286f02bdfb9dab500c7ee39ff37d717c587b165e34e51c88495a1abda76aa,51d9e9319e0069ed94eb1e1659e636b6a5c10de0967aee9cdb728121bc10a2f0
subject_adapted,Table V,wbcic_3c,sub-010,SingLEM,BIOT,0.7081339712918661,0.40669856459330145,0.301435406699,dec7ae1bc9d903c7c3bd54075d05c92cfe593ae096f72ca30a0acd9e4881a8ce,fcdb7846b7a216435a33f5740a6309ab98f825160ceb6f02de1af453badb518a
subject_adapted,Table V,wbcic_3c,sub-011,SingLEM,BIOT,0.4095238095238095,0.38571428571428573,0.02380952381,4038af566c6289765aedbad484cb1726b6f04de692ab8e01060e274b55351e18,cf29dea27cab783a33d44a23da294c7dea60c7723b7d8dbab5f5efdbba0d6d43
subject_adapted,Table V,wbcic_3c,sub-001,SingLEM,LaBraM,0.719047619047619,0.40476190476190477,0.314285714286,7691b02e16964d8ac010ee16a852b75b8179d88407a0a9ac91a1e571421df5fe,55a46ace10f8afd0e367a39cbfb6ebec9ccf43d96916e709defaeb9f6a4fd4f0
subject_adapted,Table V,wbcic_3c,sub-002,SingLEM,LaBraM,0.919047619047619,0.45714285714285713,0.461904761905,c0e21fb4f2f820ac9687be077fb2386f49c0956730dcc04a527a26e0df5935ac,5a07b33fe9dcc14960802787ce448fbd978b0be25311c4b3490e48a226933dce
subject_adapted,Table V,wbcic_3c,sub-003,SingLEM,LaBraM,0.7142857142857143,0.30952380952380953,0.404761904762,446e7b32b47f27cb99749b2bc89ceecbbb387c856d60098c78859c1593a3303e,6a24ace1933a6b6988b7359d78634040f5c85182053eb6e1a7b345ab3ca037d5
subject_adapted,Table V,wbcic_3c,sub-004,SingLEM,LaBraM,0.7285714285714285,0.43333333333333335,0.295238095238,7a1cd1c74b24d31d313b9966c70a85d33a3b5281513751f1ead9a35151d1e6dc,29b390058bab8b97c10c37d9d22e3c88d424a3a83b0bc70d7d95a2f7e9b41eda
subject_adapted,Table V,wbcic_3c,sub-005,SingLEM,LaBraM,0.6523809523809524,0.35714285714285715,0.295238095238,a70047ebbaf740c2af78870ba2b0748d5505800e538a014ad97d636505a87ef2,7dea1cf717b5d4c72a7046419d6525c76987724d0192ccd95aaab3aff379007b
subject_adapted,Table V,wbcic_3c,sub-006,SingLEM,LaBraM,0.6333333333333333,0.38571428571428573,0.247619047619,37129c2bb106ea98f804c803b89c2c73832ba0368a65480aa91fa247e019dd84,349c12daa4e05476bdc615914937cad55612deaedce063212364dfb04312d9de
subject_adapted,Table V,wbcic_3c,sub-007,SingLEM,LaBraM,0.7904761904761904,0.45714285714285713,0.333333333333,76f378e2577bf7982c129c31bc511d77ca252382d621e91fdf672c1a5a6d5de0,f8ba0bad28c2aee8c46477c02407f9bbe101033921f5bfcedd175cf3137cfd4c
subject_adapted,Table V,wbcic_3c,sub-008,SingLEM,LaBraM,0.6714285714285714,0.4380952380952381,0.233333333333,b974a51d37ca98d425a5c0037a7602cb65c0fdd2ae7544ec4ba4faf1e2d13314,0288a2e25c8ed2ce3792e584e359c338417eab22de83f17290ea527b7612df85
subject_adapted,Table V,wbcic_3c,sub-009,SingLEM,LaBraM,0.819047619047619,0.38095238095238093,0.438095238095,d18286f02bdfb9dab500c7ee39ff37d717c587b165e34e51c88495a1abda76aa,51d9e9319e0069ed94eb1e1659e636b6a5c10de0967aee9cdb728121bc10a2f0
subject_adapted,Table V,wbcic_3c,sub-010,SingLEM,LaBraM,0.7081339712918661,0.31100478468899523,0.397129186603,dec7ae1bc9d903c7c3bd54075d05c92cfe593ae096f72ca30a0acd9e4881a8ce,fcdb7846b7a216435a33f5740a6309ab98f825160ceb6f02de1af453badb518a
subject_adapted,Table V,wbcic_3c,sub-011,SingLEM,LaBraM,0.4095238095238095,0.35714285714285715,0.052380952381,4038af566c6289765aedbad484cb1726b6f04de692ab8e01060e274b55351e18,cf29dea27cab783a33d44a23da294c7dea60c7723b7d8dbab5f5efdbba0d6d43
subject_adapted,Table V,wbcic_3c,sub-001,SingLEM,CBraMod,0.719047619047619,0.7952380952380952,-0.07619047619,7691b02e16964d8ac010ee16a852b75b8179d88407a0a9ac91a1e571421df5fe,55a46ace10f8afd0e367a39cbfb6ebec9ccf43d96916e709defaeb9f6a4fd4f0
subject_adapted,Table V,wbcic_3c,sub-002,SingLEM,CBraMod,0.919047619047619,0.6952380952380952,0.22380952381,c0e21fb4f2f820ac9687be077fb2386f49c0956730dcc04a527a26e0df5935ac,5a07b33fe9dcc14960802787ce448fbd978b0be25311c4b3490e48a226933dce
subject_adapted,Table V,wbcic_3c,sub-003,SingLEM,CBraMod,0.7142857142857143,0.5857142857142857,0.128571428571,446e7b32b47f27cb99749b2bc89ceecbbb387c856d60098c78859c1593a3303e,6a24ace1933a6b6988b7359d78634040f5c85182053eb6e1a7b345ab3ca037d5
subject_adapted,Table V,wbcic_3c,sub-004,SingLEM,CBraMod,0.7285714285714285,0.7047619047619048,0.02380952381,7a1cd1c74b24d31d313b9966c70a85d33a3b5281513751f1ead9a35151d1e6dc,29b390058bab8b97c10c37d9d22e3c88d424a3a83b0bc70d7d95a2f7e9b41eda
subject_adapted,Table V,wbcic_3c,sub-005,SingLEM,CBraMod,0.6523809523809524,0.6476190476190476,0.004761904762,a70047ebbaf740c2af78870ba2b0748d5505800e538a014ad97d636505a87ef2,7dea1cf717b5d4c72a7046419d6525c76987724d0192ccd95aaab3aff379007b
subject_adapted,Table V,wbcic_3c,sub-006,SingLEM,CBraMod,0.6333333333333333,0.5952380952380952,0.038095238095,37129c2bb106ea98f804c803b89c2c73832ba0368a65480aa91fa247e019dd84,349c12daa4e05476bdc615914937cad55612deaedce063212364dfb04312d9de
subject_adapted,Table V,wbcic_3c,sub-007,SingLEM,CBraMod,0.7904761904761904,0.8333333333333334,-0.042857142857,76f378e2577bf7982c129c31bc511d77ca252382d621e91fdf672c1a5a6d5de0,f8ba0bad28c2aee8c46477c02407f9bbe101033921f5bfcedd175cf3137cfd4c
subject_adapted,Table V,wbcic_3c,sub-008,SingLEM,CBraMod,0.6714285714285714,0.5476190476190477,0.12380952381,b974a51d37ca98d425a5c0037a7602cb65c0fdd2ae7544ec4ba4faf1e2d13314,0288a2e25c8ed2ce3792e584e359c338417eab22de83f17290ea527b7612df85
subject_adapted,Table V,wbcic_3c,sub-009,SingLEM,CBraMod,0.819047619047619,0.680952380952381,0.138095238095,d18286f02bdfb9dab500c7ee39ff37d717c587b165e34e51c88495a1abda76aa,51d9e9319e0069ed94eb1e1659e636b6a5c10de0967aee9cdb728121bc10a2f0
subject_adapted,Table V,wbcic_3c,sub-010,SingLEM,CBraMod,0.7081339712918661,0.6889952153110048,0.019138755981,dec7ae1bc9d903c7c3bd54075d05c92cfe593ae096f72ca30a0acd9e4881a8ce,fcdb7846b7a216435a33f5740a6309ab98f825160ceb6f02de1af453badb518a
subject_adapted,Table V,wbcic_3c,sub-011,SingLEM,CBraMod,0.4095238095238095,0.44285714285714284,-0.033333333333,4038af566c6289765aedbad484cb1726b6f04de692ab8e01060e274b55351e18,cf29dea27cab783a33d44a23da294c7dea60c7723b7d8dbab5f5efdbba0d6d43
subject_adapted,Table V,wbcic_3c,sub-001,SingLEM,CodeBrain,0.719047619047619,0.638095238095238,0.080952380952,7691b02e16964d8ac010ee16a852b75b8179d88407a0a9ac91a1e571421df5fe,55a46ace10f8afd0e367a39cbfb6ebec9ccf43d96916e709defaeb9f6a4fd4f0
subject_adapted,Table V,wbcic_3c,sub-002,SingLEM,CodeBrain,0.919047619047619,0.7333333333333333,0.185714285714,c0e21fb4f2f820ac9687be077fb2386f49c0956730dcc04a527a26e0df5935ac,5a07b33fe9dcc14960802787ce448fbd978b0be25311c4b3490e48a226933dce
subject_adapted,Table V,wbcic_3c,sub-003,SingLEM,CodeBrain,0.7142857142857143,0.5857142857142857,0.128571428571,446e7b32b47f27cb99749b2bc89ceecbbb387c856d60098c78859c1593a3303e,6a24ace1933a6b6988b7359d78634040f5c85182053eb6e1a7b345ab3ca037d5
subject_adapted,Table V,wbcic_3c,sub-004,SingLEM,CodeBrain,0.7285714285714285,0.5476190476190477,0.180952380952,7a1cd1c74b24d31d313b9966c70a85d33a3b5281513751f1ead9a35151d1e6dc,29b390058bab8b97c10c37d9d22e3c88d424a3a83b0bc70d7d95a2f7e9b41eda
subject_adapted,Table V,wbcic_3c,sub-005,SingLEM,CodeBrain,0.6523809523809524,0.5904761904761905,0.061904761905,a70047ebbaf740c2af78870ba2b0748d5505800e538a014ad97d636505a87ef2,7dea1cf717b5d4c72a7046419d6525c76987724d0192ccd95aaab3aff379007b
subject_adapted,Table V,wbcic_3c,sub-006,SingLEM,CodeBrain,0.6333333333333333,0.5619047619047619,0.071428571429,37129c2bb106ea98f804c803b89c2c73832ba0368a65480aa91fa247e019dd84,349c12daa4e05476bdc615914937cad55612deaedce063212364dfb04312d9de
subject_adapted,Table V,wbcic_3c,sub-007,SingLEM,CodeBrain,0.7904761904761904,0.7666666666666667,0.02380952381,76f378e2577bf7982c129c31bc511d77ca252382d621e91fdf672c1a5a6d5de0,f8ba0bad28c2aee8c46477c02407f9bbe101033921f5bfcedd175cf3137cfd4c
subject_adapted,Table V,wbcic_3c,sub-008,SingLEM,CodeBrain,0.6714285714285714,0.5,0.171428571429,b974a51d37ca98d425a5c0037a7602cb65c0fdd2ae7544ec4ba4faf1e2d13314,0288a2e25c8ed2ce3792e584e359c338417eab22de83f17290ea527b7612df85
subject_adapted,Table V,wbcic_3c,sub-009,SingLEM,CodeBrain,0.819047619047619,0.6285714285714286,0.190476190476,d18286f02bdfb9dab500c7ee39ff37d717c587b165e34e51c88495a1abda76aa,51d9e9319e0069ed94eb1e1659e636b6a5c10de0967aee9cdb728121bc10a2f0
subject_adapted,Table V,wbcic_3c,sub-010,SingLEM,CodeBrain,0.7081339712918661,0.5885167464114832,0.11961722488,dec7ae1bc9d903c7c3bd54075d05c92cfe593ae096f72ca30a0acd9e4881a8ce,fcdb7846b7a216435a33f5740a6309ab98f825160ceb6f02de1af453badb518a
subject_adapted,Table V,wbcic_3c,sub-011,SingLEM,CodeBrain,0.4095238095238095,0.40476190476190477,0.004761904762,4038af566c6289765aedbad484cb1726b6f04de692ab8e01060e274b55351e18,cf29dea27cab783a33d44a23da294c7dea60c7723b7d8dbab5f5efdbba0d6d43
subject_adapted,Table V,wbcic_3c,sub-001,SingLEM,CSBrain,0.719047619047619,0.7476190476190476,-0.028571428571,7691b02e16964d8ac010ee16a852b75b8179d88407a0a9ac91a1e571421df5fe,55a46ace10f8afd0e367a39cbfb6ebec9ccf43d96916e709defaeb9f6a4fd4f0
subject_adapted,Table V,wbcic_3c,sub-002,SingLEM,CSBrain,0.919047619047619,0.861904761904762,0.057142857143,c0e21fb4f2f820ac9687be077fb2386f49c0956730dcc04a527a26e0df5935ac,5a07b33fe9dcc14960802787ce448fbd978b0be25311c4b3490e48a226933dce
subject_adapted,Table V,wbcic_3c,sub-003,SingLEM,CSBrain,0.7142857142857143,0.5619047619047619,0.152380952381,446e7b32b47f27cb99749b2bc89ceecbbb387c856d60098c78859c1593a3303e,6a24ace1933a6b6988b7359d78634040f5c85182053eb6e1a7b345ab3ca037d5
subject_adapted,Table V,wbcic_3c,sub-004,SingLEM,CSBrain,0.7285714285714285,0.6476190476190476,0.080952380952,7a1cd1c74b24d31d313b9966c70a85d33a3b5281513751f1ead9a35151d1e6dc,29b390058bab8b97c10c37d9d22e3c88d424a3a83b0bc70d7d95a2f7e9b41eda
subject_adapted,Table V,wbcic_3c,sub-005,SingLEM,CSBrain,0.6523809523809524,0.638095238095238,0.014285714286,a70047ebbaf740c2af78870ba2b0748d5505800e538a014ad97d636505a87ef2,7dea1cf717b5d4c72a7046419d6525c76987724d0192ccd95aaab3aff379007b
subject_adapted,Table V,wbcic_3c,sub-006,SingLEM,CSBrain,0.6333333333333333,0.6428571428571429,-0.009523809524,37129c2bb106ea98f804c803b89c2c73832ba0368a65480aa91fa247e019dd84,349c12daa4e05476bdc615914937cad55612deaedce063212364dfb04312d9de
subject_adapted,Table V,wbcic_3c,sub-007,SingLEM,CSBrain,0.7904761904761904,0.8761904761904762,-0.085714285714,76f378e2577bf7982c129c31bc511d77ca252382d621e91fdf672c1a5a6d5de0,f8ba0bad28c2aee8c46477c02407f9bbe101033921f5bfcedd175cf3137cfd4c
subject_adapted,Table V,wbcic_3c,sub-008,SingLEM,CSBrain,0.6714285714285714,0.6571428571428571,0.014285714286,b974a51d37ca98d425a5c0037a7602cb65c0fdd2ae7544ec4ba4faf1e2d13314,0288a2e25c8ed2ce3792e584e359c338417eab22de83f17290ea527b7612df85
subject_adapted,Table V,wbcic_3c,sub-009,SingLEM,CSBrain,0.819047619047619,0.719047619047619,0.1,d18286f02bdfb9dab500c7ee39ff37d717c587b165e34e51c88495a1abda76aa,51d9e9319e0069ed94eb1e1659e636b6a5c10de0967aee9cdb728121bc10a2f0
subject_adapted,Table V,wbcic_3c,sub-010,SingLEM,CSBrain,0.7081339712918661,0.6650717703349283,0.043062200957,dec7ae1bc9d903c7c3bd54075d05c92cfe593ae096f72ca30a0acd9e4881a8ce,fcdb7846b7a216435a33f5740a6309ab98f825160ceb6f02de1af453badb518a
subject_adapted,Table V,wbcic_3c,sub-011,SingLEM,CSBrain,0.4095238095238095,0.4,0.009523809524,4038af566c6289765aedbad484cb1726b6f04de692ab8e01060e274b55351e18,cf29dea27cab783a33d44a23da294c7dea60c7723b7d8dbab5f5efdbba0d6d43
subject_adapted,Table V,wbcic_3c,sub-001,SingLEM,LUNA,0.719047619047619,0.4666666666666667,0.252380952381,7691b02e16964d8ac010ee16a852b75b8179d88407a0a9ac91a1e571421df5fe,55a46ace10f8afd0e367a39cbfb6ebec9ccf43d96916e709defaeb9f6a4fd4f0
subject_adapted,Table V,wbcic_3c,sub-002,SingLEM,LUNA,0.919047619047619,0.5095238095238095,0.409523809524,c0e21fb4f2f820ac9687be077fb2386f49c0956730dcc04a527a26e0df5935ac,5a07b33fe9dcc14960802787ce448fbd978b0be25311c4b3490e48a226933dce
subject_adapted,Table V,wbcic_3c,sub-003,SingLEM,LUNA,0.7142857142857143,0.43333333333333335,0.280952380952,446e7b32b47f27cb99749b2bc89ceecbbb387c856d60098c78859c1593a3303e,6a24ace1933a6b6988b7359d78634040f5c85182053eb6e1a7b345ab3ca037d5
subject_adapted,Table V,wbcic_3c,sub-004,SingLEM,LUNA,0.7285714285714285,0.3619047619047619,0.366666666667,7a1cd1c74b24d31d313b9966c70a85d33a3b5281513751f1ead9a35151d1e6dc,29b390058bab8b97c10c37d9d22e3c88d424a3a83b0bc70d7d95a2f7e9b41eda
subject_adapted,Table V,wbcic_3c,sub-005,SingLEM,LUNA,0.6523809523809524,0.41904761904761906,0.233333333333,a70047ebbaf740c2af78870ba2b0748d5505800e538a014ad97d636505a87ef2,7dea1cf717b5d4c72a7046419d6525c76987724d0192ccd95aaab3aff379007b
subject_adapted,Table V,wbcic_3c,sub-006,SingLEM,LUNA,0.6333333333333333,0.38571428571428573,0.247619047619,37129c2bb106ea98f804c803b89c2c73832ba0368a65480aa91fa247e019dd84,349c12daa4e05476bdc615914937cad55612deaedce063212364dfb04312d9de
subject_adapted,Table V,wbcic_3c,sub-007,SingLEM,LUNA,0.7904761904761904,0.5476190476190477,0.242857142857,76f378e2577bf7982c129c31bc511d77ca252382d621e91fdf672c1a5a6d5de0,f8ba0bad28c2aee8c46477c02407f9bbe101033921f5bfcedd175cf3137cfd4c
subject_adapted,Table V,wbcic_3c,sub-008,SingLEM,LUNA,0.6714285714285714,0.44285714285714284,0.228571428571,b974a51d37ca98d425a5c0037a7602cb65c0fdd2ae7544ec4ba4faf1e2d13314,0288a2e25c8ed2ce3792e584e359c338417eab22de83f17290ea527b7612df85
subject_adapted,Table V,wbcic_3c,sub-009,SingLEM,LUNA,0.819047619047619,0.4095238095238095,0.409523809524,d18286f02bdfb9dab500c7ee39ff37d717c587b165e34e51c88495a1abda76aa,51d9e9319e0069ed94eb1e1659e636b6a5c10de0967aee9cdb728121bc10a2f0
subject_adapted,Table V,wbcic_3c,sub-010,SingLEM,LUNA,0.7081339712918661,0.44019138755980863,0.267942583732,dec7ae1bc9d903c7c3bd54075d05c92cfe593ae096f72ca30a0acd9e4881a8ce,fcdb7846b7a216435a33f5740a6309ab98f825160ceb6f02de1af453badb518a
subject_adapted,Table V,wbcic_3c,sub-011,SingLEM,LUNA,0.4095238095238095,0.37142857142857144,0.038095238095,4038af566c6289765aedbad484cb1726b6f04de692ab8e01060e274b55351e18,cf29dea27cab783a33d44a23da294c7dea60c7723b7d8dbab5f5efdbba0d6d43
subject_adapted,Table V,wbcic_3c,sub-001,SingLEM,MIRepNet,0.719047619047619,0.5619047619047619,0.157142857143,7691b02e16964d8ac010ee16a852b75b8179d88407a0a9ac91a1e571421df5fe,55a46ace10f8afd0e367a39cbfb6ebec9ccf43d96916e709defaeb9f6a4fd4f0
subject_adapted,Table V,wbcic_3c,sub-002,SingLEM,MIRepNet,0.919047619047619,0.6571428571428571,0.261904761905,c0e21fb4f2f820ac9687be077fb2386f49c0956730dcc04a527a26e0df5935ac,5a07b33fe9dcc14960802787ce448fbd978b0be25311c4b3490e48a226933dce
subject_adapted,Table V,wbcic_3c,sub-003,SingLEM,MIRepNet,0.7142857142857143,0.3142857142857143,0.4,446e7b32b47f27cb99749b2bc89ceecbbb387c856d60098c78859c1593a3303e,6a24ace1933a6b6988b7359d78634040f5c85182053eb6e1a7b345ab3ca037d5
subject_adapted,Table V,wbcic_3c,sub-004,SingLEM,MIRepNet,0.7285714285714285,0.5095238095238095,0.219047619048,7a1cd1c74b24d31d313b9966c70a85d33a3b5281513751f1ead9a35151d1e6dc,29b390058bab8b97c10c37d9d22e3c88d424a3a83b0bc70d7d95a2f7e9b41eda
subject_adapted,Table V,wbcic_3c,sub-005,SingLEM,MIRepNet,0.6523809523809524,0.3904761904761905,0.261904761905,a70047ebbaf740c2af78870ba2b0748d5505800e538a014ad97d636505a87ef2,7dea1cf717b5d4c72a7046419d6525c76987724d0192ccd95aaab3aff379007b
subject_adapted,Table V,wbcic_3c,sub-006,SingLEM,MIRepNet,0.6333333333333333,0.36666666666666664,0.266666666667,37129c2bb106ea98f804c803b89c2c73832ba0368a65480aa91fa247e019dd84,349c12daa4e05476bdc615914937cad55612deaedce063212364dfb04312d9de
subject_adapted,Table V,wbcic_3c,sub-007,SingLEM,MIRepNet,0.7904761904761904,0.4714285714285714,0.319047619048,76f378e2577bf7982c129c31bc511d77ca252382d621e91fdf672c1a5a6d5de0,f8ba0bad28c2aee8c46477c02407f9bbe101033921f5bfcedd175cf3137cfd4c
subject_adapted,Table V,wbcic_3c,sub-008,SingLEM,MIRepNet,0.6714285714285714,0.6333333333333333,0.038095238095,b974a51d37ca98d425a5c0037a7602cb65c0fdd2ae7544ec4ba4faf1e2d13314,0288a2e25c8ed2ce3792e584e359c338417eab22de83f17290ea527b7612df85
subject_adapted,Table V,wbcic_3c,sub-009,SingLEM,MIRepNet,0.819047619047619,0.2904761904761905,0.528571428571,d18286f02bdfb9dab500c7ee39ff37d717c587b165e34e51c88495a1abda76aa,51d9e9319e0069ed94eb1e1659e636b6a5c10de0967aee9cdb728121bc10a2f0
subject_adapted,Table V,wbcic_3c,sub-010,SingLEM,MIRepNet,0.7081339712918661,0.42105263157894735,0.287081339713,dec7ae1bc9d903c7c3bd54075d05c92cfe593ae096f72ca30a0acd9e4881a8ce,fcdb7846b7a216435a33f5740a6309ab98f825160ceb6f02de1af453badb518a
subject_adapted,Table V,wbcic_3c,sub-011,SingLEM,MIRepNet,0.4095238095238095,0.6952380952380952,-0.285714285714,4038af566c6289765aedbad484cb1726b6f04de692ab8e01060e274b55351e18,cf29dea27cab783a33d44a23da294c7dea60c7723b7d8dbab5f5efdbba0d6d43
subject_adapted,Table V,wbcic_3c,sub-001,SingLEM,CSP,0.719047619047619,0.44285714285714284,0.27619047619,7691b02e16964d8ac010ee16a852b75b8179d88407a0a9ac91a1e571421df5fe,55a46ace10f8afd0e367a39cbfb6ebec9ccf43d96916e709defaeb9f6a4fd4f0
subject_adapted,Table V,wbcic_3c,sub-002,SingLEM,CSP,0.919047619047619,0.319047619047619,0.6,c0e21fb4f2f820ac9687be077fb2386f49c0956730dcc04a527a26e0df5935ac,5a07b33fe9dcc14960802787ce448fbd978b0be25311c4b3490e48a226933dce
subject_adapted,Table V,wbcic_3c,sub-003,SingLEM,CSP,0.7142857142857143,0.3380952380952381,0.37619047619,446e7b32b47f27cb99749b2bc89ceecbbb387c856d60098c78859c1593a3303e,6a24ace1933a6b6988b7359d78634040f5c85182053eb6e1a7b345ab3ca037d5
subject_adapted,Table V,wbcic_3c,sub-004,SingLEM,CSP,0.7285714285714285,0.38571428571428573,0.342857142857,7a1cd1c74b24d31d313b9966c70a85d33a3b5281513751f1ead9a35151d1e6dc,29b390058bab8b97c10c37d9d22e3c88d424a3a83b0bc70d7d95a2f7e9b41eda
subject_adapted,Table V,wbcic_3c,sub-005,SingLEM,CSP,0.6523809523809524,0.3476190476190476,0.304761904762,a70047ebbaf740c2af78870ba2b0748d5505800e538a014ad97d636505a87ef2,7dea1cf717b5d4c72a7046419d6525c76987724d0192ccd95aaab3aff379007b
subject_adapted,Table V,wbcic_3c,sub-006,SingLEM,CSP,0.6333333333333333,0.37142857142857144,0.261904761905,37129c2bb106ea98f804c803b89c2c73832ba0368a65480aa91fa247e019dd84,349c12daa4e05476bdc615914937cad55612deaedce063212364dfb04312d9de
subject_adapted,Table V,wbcic_3c,sub-007,SingLEM,CSP,0.7904761904761904,0.38571428571428573,0.404761904762,76f378e2577bf7982c129c31bc511d77ca252382d621e91fdf672c1a5a6d5de0,f8ba0bad28c2aee8c46477c02407f9bbe101033921f5bfcedd175cf3137cfd4c
subject_adapted,Table V,wbcic_3c,sub-008,SingLEM,CSP,0.6714285714285714,0.3476190476190476,0.32380952381,b974a51d37ca98d425a5c0037a7602cb65c0fdd2ae7544ec4ba4faf1e2d13314,0288a2e25c8ed2ce3792e584e359c338417eab22de83f17290ea527b7612df85
subject_adapted,Table V,wbcic_3c,sub-009,SingLEM,CSP,0.819047619047619,0.34285714285714286,0.47619047619,d18286f02bdfb9dab500c7ee39ff37d717c587b165e34e51c88495a1abda76aa,51d9e9319e0069ed94eb1e1659e636b6a5c10de0967aee9cdb728121bc10a2f0
subject_adapted,Table V,wbcic_3c,sub-010,SingLEM,CSP,0.7081339712918661,0.3062200956937799,0.401913875598,dec7ae1bc9d903c7c3bd54075d05c92cfe593ae096f72ca30a0acd9e4881a8ce,fcdb7846b7a216435a33f5740a6309ab98f825160ceb6f02de1af453badb518a
subject_adapted,Table V,wbcic_3c,sub-011,SingLEM,CSP,0.4095238095238095,0.3904761904761905,0.019047619048,4038af566c6289765aedbad484cb1726b6f04de692ab8e01060e274b55351e18,cf29dea27cab783a33d44a23da294c7dea60c7723b7d8dbab5f5efdbba0d6d43
subject_adapted,Table V,wbcic_3c,sub-001,SingLEM,Welch PSD,0.719047619047619,0.49047619047619045,0.228571428571,7691b02e16964d8ac010ee16a852b75b8179d88407a0a9ac91a1e571421df5fe,55a46ace10f8afd0e367a39cbfb6ebec9ccf43d96916e709defaeb9f6a4fd4f0
subject_adapted,Table V,wbcic_3c,sub-002,SingLEM,Welch PSD,0.919047619047619,0.4142857142857143,0.504761904762,c0e21fb4f2f820ac9687be077fb2386f49c0956730dcc04a527a26e0df5935ac,5a07b33fe9dcc14960802787ce448fbd978b0be25311c4b3490e48a226933dce
subject_adapted,Table V,wbcic_3c,sub-003,SingLEM,Welch PSD,0.7142857142857143,0.3476190476190476,0.366666666667,446e7b32b47f27cb99749b2bc89ceecbbb387c856d60098c78859c1593a3303e,6a24ace1933a6b6988b7359d78634040f5c85182053eb6e1a7b345ab3ca037d5
subject_adapted,Table V,wbcic_3c,sub-004,SingLEM,Welch PSD,0.7285714285714285,0.42857142857142855,0.3,7a1cd1c74b24d31d313b9966c70a85d33a3b5281513751f1ead9a35151d1e6dc,29b390058bab8b97c10c37d9d22e3c88d424a3a83b0bc70d7d95a2f7e9b41eda
subject_adapted,Table V,wbcic_3c,sub-005,SingLEM,Welch PSD,0.6523809523809524,0.37142857142857144,0.280952380952,a70047ebbaf740c2af78870ba2b0748d5505800e538a014ad97d636505a87ef2,7dea1cf717b5d4c72a7046419d6525c76987724d0192ccd95aaab3aff379007b
subject_adapted,Table V,wbcic_3c,sub-006,SingLEM,Welch PSD,0.6333333333333333,0.2857142857142857,0.347619047619,37129c2bb106ea98f804c803b89c2c73832ba0368a65480aa91fa247e019dd84,349c12daa4e05476bdc615914937cad55612deaedce063212364dfb04312d9de
subject_adapted,Table V,wbcic_3c,sub-007,SingLEM,Welch PSD,0.7904761904761904,0.4666666666666667,0.32380952381,76f378e2577bf7982c129c31bc511d77ca252382d621e91fdf672c1a5a6d5de0,f8ba0bad28c2aee8c46477c02407f9bbe101033921f5bfcedd175cf3137cfd4c
subject_adapted,Table V,wbcic_3c,sub-008,SingLEM,Welch PSD,0.6714285714285714,0.48095238095238096,0.190476190476,b974a51d37ca98d425a5c0037a7602cb65c0fdd2ae7544ec4ba4faf1e2d13314,0288a2e25c8ed2ce3792e584e359c338417eab22de83f17290ea527b7612df85
subject_adapted,Table V,wbcic_3c,sub-009,SingLEM,Welch PSD,0.819047619047619,0.4,0.419047619048,d18286f02bdfb9dab500c7ee39ff37d717c587b165e34e51c88495a1abda76aa,51d9e9319e0069ed94eb1e1659e636b6a5c10de0967aee9cdb728121bc10a2f0
subject_adapted,Table V,wbcic_3c,sub-010,SingLEM,Welch PSD,0.7081339712918661,0.45454545454545453,0.253588516746,dec7ae1bc9d903c7c3bd54075d05c92cfe593ae096f72ca30a0acd9e4881a8ce,fcdb7846b7a216435a33f5740a6309ab98f825160ceb6f02de1af453badb518a
subject_adapted,Table V,wbcic_3c,sub-011,SingLEM,Welch PSD,0.4095238095238095,0.5380952380952381,-0.128571428571,4038af566c6289765aedbad484cb1726b6f04de692ab8e01060e274b55351e18,cf29dea27cab783a33d44a23da294c7dea60c7723b7d8dbab5f5efdbba0d6d43
subject_adapted,Table V,wbcic_3c,sub-001,SingLEM,EEGNet,0.719047619047619,0.8047619047619048,-0.085714285714,7691b02e16964d8ac010ee16a852b75b8179d88407a0a9ac91a1e571421df5fe,55a46ace10f8afd0e367a39cbfb6ebec9ccf43d96916e709defaeb9f6a4fd4f0
subject_adapted,Table V,wbcic_3c,sub-002,SingLEM,EEGNet,0.919047619047619,0.6571428571428571,0.261904761905,c0e21fb4f2f820ac9687be077fb2386f49c0956730dcc04a527a26e0df5935ac,5a07b33fe9dcc14960802787ce448fbd978b0be25311c4b3490e48a226933dce
subject_adapted,Table V,wbcic_3c,sub-003,SingLEM,EEGNet,0.7142857142857143,0.5857142857142857,0.128571428571,446e7b32b47f27cb99749b2bc89ceecbbb387c856d60098c78859c1593a3303e,6a24ace1933a6b6988b7359d78634040f5c85182053eb6e1a7b345ab3ca037d5
subject_adapted,Table V,wbcic_3c,sub-004,SingLEM,EEGNet,0.7285714285714285,0.6476190476190476,0.080952380952,7a1cd1c74b24d31d313b9966c70a85d33a3b5281513751f1ead9a35151d1e6dc,29b390058bab8b97c10c37d9d22e3c88d424a3a83b0bc70d7d95a2f7e9b41eda
subject_adapted,Table V,wbcic_3c,sub-005,SingLEM,EEGNet,0.6523809523809524,0.6142857142857143,0.038095238095,a70047ebbaf740c2af78870ba2b0748d5505800e538a014ad97d636505a87ef2,7dea1cf717b5d4c72a7046419d6525c76987724d0192ccd95aaab3aff379007b
subject_adapted,Table V,wbcic_3c,sub-006,SingLEM,EEGNet,0.6333333333333333,0.680952380952381,-0.047619047619,37129c2bb106ea98f804c803b89c2c73832ba0368a65480aa91fa247e019dd84,349c12daa4e05476bdc615914937cad55612deaedce063212364dfb04312d9de
subject_adapted,Table V,wbcic_3c,sub-007,SingLEM,EEGNet,0.7904761904761904,0.6904761904761905,0.1,76f378e2577bf7982c129c31bc511d77ca252382d621e91fdf672c1a5a6d5de0,f8ba0bad28c2aee8c46477c02407f9bbe101033921f5bfcedd175cf3137cfd4c
subject_adapted,Table V,wbcic_3c,sub-008,SingLEM,EEGNet,0.6714285714285714,0.5,0.171428571429,b974a51d37ca98d425a5c0037a7602cb65c0fdd2ae7544ec4ba4faf1e2d13314,0288a2e25c8ed2ce3792e584e359c338417eab22de83f17290ea527b7612df85
subject_adapted,Table V,wbcic_3c,sub-009,SingLEM,EEGNet,0.819047619047619,0.6095238095238096,0.209523809524,d18286f02bdfb9dab500c7ee39ff37d717c587b165e34e51c88495a1abda76aa,51d9e9319e0069ed94eb1e1659e636b6a5c10de0967aee9cdb728121bc10a2f0
subject_adapted,Table V,wbcic_3c,sub-010,SingLEM,EEGNet,0.7081339712918661,0.6698564593301436,0.038277511962,dec7ae1bc9d903c7c3bd54075d05c92cfe593ae096f72ca30a0acd9e4881a8ce,fcdb7846b7a216435a33f5740a6309ab98f825160ceb6f02de1af453badb518a
subject_adapted,Table V,wbcic_3c,sub-011,SingLEM,EEGNet,0.4095238095238095,0.3619047619047619,0.047619047619,4038af566c6289765aedbad484cb1726b6f04de692ab8e01060e274b55351e18,cf29dea27cab783a33d44a23da294c7dea60c7723b7d8dbab5f5efdbba0d6d43
subject_adapted,Table V,wbcic_3c,sub-001,SingLEM,EEGConformer,0.719047619047619,0.6333333333333333,0.085714285714,7691b02e16964d8ac010ee16a852b75b8179d88407a0a9ac91a1e571421df5fe,55a46ace10f8afd0e367a39cbfb6ebec9ccf43d96916e709defaeb9f6a4fd4f0
subject_adapted,Table V,wbcic_3c,sub-002,SingLEM,EEGConformer,0.919047619047619,0.5952380952380952,0.32380952381,c0e21fb4f2f820ac9687be077fb2386f49c0956730dcc04a527a26e0df5935ac,5a07b33fe9dcc14960802787ce448fbd978b0be25311c4b3490e48a226933dce
subject_adapted,Table V,wbcic_3c,sub-003,SingLEM,EEGConformer,0.7142857142857143,0.5238095238095238,0.190476190476,446e7b32b47f27cb99749b2bc89ceecbbb387c856d60098c78859c1593a3303e,6a24ace1933a6b6988b7359d78634040f5c85182053eb6e1a7b345ab3ca037d5
subject_adapted,Table V,wbcic_3c,sub-004,SingLEM,EEGConformer,0.7285714285714285,0.5238095238095238,0.204761904762,7a1cd1c74b24d31d313b9966c70a85d33a3b5281513751f1ead9a35151d1e6dc,29b390058bab8b97c10c37d9d22e3c88d424a3a83b0bc70d7d95a2f7e9b41eda
subject_adapted,Table V,wbcic_3c,sub-005,SingLEM,EEGConformer,0.6523809523809524,0.49047619047619045,0.161904761905,a70047ebbaf740c2af78870ba2b0748d5505800e538a014ad97d636505a87ef2,7dea1cf717b5d4c72a7046419d6525c76987724d0192ccd95aaab3aff379007b
subject_adapted,Table V,wbcic_3c,sub-006,SingLEM,EEGConformer,0.6333333333333333,0.47619047619047616,0.157142857143,37129c2bb106ea98f804c803b89c2c73832ba0368a65480aa91fa247e019dd84,349c12daa4e05476bdc615914937cad55612deaedce063212364dfb04312d9de
subject_adapted,Table V,wbcic_3c,sub-007,SingLEM,EEGConformer,0.7904761904761904,0.6476190476190476,0.142857142857,76f378e2577bf7982c129c31bc511d77ca252382d621e91fdf672c1a5a6d5de0,f8ba0bad28c2aee8c46477c02407f9bbe101033921f5bfcedd175cf3137cfd4c
subject_adapted,Table V,wbcic_3c,sub-008,SingLEM,EEGConformer,0.6714285714285714,0.4666666666666667,0.204761904762,b974a51d37ca98d425a5c0037a7602cb65c0fdd2ae7544ec4ba4faf1e2d13314,0288a2e25c8ed2ce3792e584e359c338417eab22de83f17290ea527b7612df85
subject_adapted,Table V,wbcic_3c,sub-009,SingLEM,EEGConformer,0.819047619047619,0.5238095238095238,0.295238095238,d18286f02bdfb9dab500c7ee39ff37d717c587b165e34e51c88495a1abda76aa,51d9e9319e0069ed94eb1e1659e636b6a5c10de0967aee9cdb728121bc10a2f0
subject_adapted,Table V,wbcic_3c,sub-010,SingLEM,EEGConformer,0.7081339712918661,0.5598086124401914,0.148325358852,dec7ae1bc9d903c7c3bd54075d05c92cfe593ae096f72ca30a0acd9e4881a8ce,fcdb7846b7a216435a33f5740a6309ab98f825160ceb6f02de1af453badb518a
subject_adapted,Table V,wbcic_3c,sub-011,SingLEM,EEGConformer,0.4095238095238095,0.3238095238095238,0.085714285714,4038af566c6289765aedbad484cb1726b6f04de692ab8e01060e274b55351e18,cf29dea27cab783a33d44a23da294c7dea60c7723b7d8dbab5f5efdbba0d6d43
subject_adapted,Table V,wbcic_3c,sub-001,SingLEM,IFNetV2,0.719047619047619,0.6952380952380952,0.02380952381,7691b02e16964d8ac010ee16a852b75b8179d88407a0a9ac91a1e571421df5fe,55a46ace10f8afd0e367a39cbfb6ebec9ccf43d96916e709defaeb9f6a4fd4f0
subject_adapted,Table V,wbcic_3c,sub-002,SingLEM,IFNetV2,0.919047619047619,0.7761904761904762,0.142857142857,c0e21fb4f2f820ac9687be077fb2386f49c0956730dcc04a527a26e0df5935ac,5a07b33fe9dcc14960802787ce448fbd978b0be25311c4b3490e48a226933dce
subject_adapted,Table V,wbcic_3c,sub-003,SingLEM,IFNetV2,0.7142857142857143,0.5095238095238095,0.204761904762,446e7b32b47f27cb99749b2bc89ceecbbb387c856d60098c78859c1593a3303e,6a24ace1933a6b6988b7359d78634040f5c85182053eb6e1a7b345ab3ca037d5
subject_adapted,Table V,wbcic_3c,sub-004,SingLEM,IFNetV2,0.7285714285714285,0.6142857142857143,0.114285714286,7a1cd1c74b24d31d313b9966c70a85d33a3b5281513751f1ead9a35151d1e6dc,29b390058bab8b97c10c37d9d22e3c88d424a3a83b0bc70d7d95a2f7e9b41eda
subject_adapted,Table V,wbcic_3c,sub-005,SingLEM,IFNetV2,0.6523809523809524,0.5571428571428572,0.095238095238,a70047ebbaf740c2af78870ba2b0748d5505800e538a014ad97d636505a87ef2,7dea1cf717b5d4c72a7046419d6525c76987724d0192ccd95aaab3aff379007b
subject_adapted,Table V,wbcic_3c,sub-006,SingLEM,IFNetV2,0.6333333333333333,0.4857142857142857,0.147619047619,37129c2bb106ea98f804c803b89c2c73832ba0368a65480aa91fa247e019dd84,349c12daa4e05476bdc615914937cad55612deaedce063212364dfb04312d9de
subject_adapted,Table V,wbcic_3c,sub-007,SingLEM,IFNetV2,0.7904761904761904,0.5904761904761905,0.2,76f378e2577bf7982c129c31bc511d77ca252382d621e91fdf672c1a5a6d5de0,f8ba0bad28c2aee8c46477c02407f9bbe101033921f5bfcedd175cf3137cfd4c
subject_adapted,Table V,wbcic_3c,sub-008,SingLEM,IFNetV2,0.6714285714285714,0.6333333333333333,0.038095238095,b974a51d37ca98d425a5c0037a7602cb65c0fdd2ae7544ec4ba4faf1e2d13314,0288a2e25c8ed2ce3792e584e359c338417eab22de83f17290ea527b7612df85
subject_adapted,Table V,wbcic_3c,sub-009,SingLEM,IFNetV2,0.819047619047619,0.6666666666666666,0.152380952381,d18286f02bdfb9dab500c7ee39ff37d717c587b165e34e51c88495a1abda76aa,51d9e9319e0069ed94eb1e1659e636b6a5c10de0967aee9cdb728121bc10a2f0
subject_adapted,Table V,wbcic_3c,sub-010,SingLEM,IFNetV2,0.7081339712918661,0.6172248803827751,0.090909090909,dec7ae1bc9d903c7c3bd54075d05c92cfe593ae096f72ca30a0acd9e4881a8ce,fcdb7846b7a216435a33f5740a6309ab98f825160ceb6f02de1af453badb518a
subject_adapted,Table V,wbcic_3c,sub-011,SingLEM,IFNetV2,0.4095238095238095,0.5190476190476191,-0.109523809524,4038af566c6289765aedbad484cb1726b6f04de692ab8e01060e274b55351e18,cf29dea27cab783a33d44a23da294c7dea60c7723b7d8dbab5f5efdbba0d6d43
subject_adapted,Table V,wbcic_2c,sub-001,SingLEM,BENDR,0.9071428571428571,0.5357142857142857,0.371428571429,e0d20aa9e3e31b88cff003b19bb6dc5f75f46ff14a2f3c19c134113f3842d013,02dac67ba71632d9aa9235b47b37ee149f41ef9a851017933c6c38c4c410de47
subject_adapted,Table V,wbcic_2c,sub-002,SingLEM,BENDR,0.6928571428571428,0.4928571428571429,0.2,9181efc29f9f846c9dcfa468c29e98ffa0efa5fb45c914588c36d8e934da9f96,00f4db4695573e0e8e126508a03593eb305b28056f64a3c0b124a8ad07927e4e
subject_adapted,Table V,wbcic_2c,sub-003,SingLEM,BENDR,0.95,0.4857142857142857,0.464285714286,d76e6f03b90a93ec6fd96e2dada0b08a58fefcb140732a30d23fc029583396bb,32e44fe56af38144ab545f6b43a740fb11a685abbf3739726ca6a28466c51eeb
subject_adapted,Table V,wbcic_2c,sub-004,SingLEM,BENDR,0.5,0.5,0.0,dedf6dd54f289c51adff3793240b55a6e14ff1a813e87fceac976306aaa93f3e,ee895e8c27e7c09d97b91d951aeeaa5d6cf34ad8af9e7cf341d6b799c71bb586
subject_adapted,Table V,wbcic_2c,sub-005,SingLEM,BENDR,0.8714285714285714,0.4785714285714286,0.392857142857,833cada00d5999bf5d921e6bf27ccab3516d49f58157b480d01f33b193e9b97e,ea3a4f67048f108777d279082a339f6562707c588f0c18008761d469d150f83c
subject_adapted,Table V,wbcic_2c,sub-006,SingLEM,BENDR,0.8714285714285714,0.4857142857142857,0.385714285714,9ccfd926229969fc03b3b98d5f50b6d2c1110f21a3ff2aac30bcb226480c42b3,3cd4a1c099884f8cd0e6de604082ad4cef5f2de6f3dbd02c911ab7d693aac41e
subject_adapted,Table V,wbcic_2c,sub-007,SingLEM,BENDR,0.7428571428571429,0.5142857142857142,0.228571428571,e9fbd92efa3e0f179a2adb1866d74eebb700e24c20049e2b58c5e1185796d0e2,9866c821441b082dce6248bd617eb4929c48fcfa882a7266fe7a587164f2d3da
subject_adapted,Table V,wbcic_2c,sub-008,SingLEM,BENDR,0.9285714285714286,0.5714285714285714,0.357142857143,aeca524ff5f4ee8397d0452d407555bff3e73c03504cd14aeecf9715b83fe97c,eb223ddd2fdca81b23550c7bb5e8789057ca08ae8ccaa1a0c6a2369c68f719a1
subject_adapted,Table V,wbcic_2c,sub-009,SingLEM,BENDR,0.8285714285714286,0.5142857142857142,0.314285714286,8c0f9be93d38b78e1e3329c6a0b9a7e422a531e90fb9b5d6f71c11ece33a0256,33db82e4dd057ed82abc6e9dfac123d1b51412bc0c14b96cc9fd891c5ef58fb6
subject_adapted,Table V,wbcic_2c,sub-010,SingLEM,BENDR,0.8285714285714286,0.5071428571428571,0.321428571429,aec237812a1e7607421a3e25d5321452dac9beea06f5046acd4e026b1dfe4c2c,348d28e58eb784a29e2891c2d630557054b705edf3d1011c6d4b5e69a3e79cd6
subject_adapted,Table V,wbcic_2c,sub-011,SingLEM,BENDR,0.8785714285714286,0.45,0.428571428571,1204c8bb54c67ad53ed96398f25996cfb20ef769b3bf77b7e56345e1c9a6ce23,f0e43163fcea8e9e8024c1d908e8efbfcf5668fbf4eeefd0c0d8985356bf2b5a
subject_adapted,Table V,wbcic_2c,sub-012,SingLEM,BENDR,0.4714285714285714,0.5071428571428571,-0.035714285714,59f24c44f190580afe6721324eaf64f2536e560bb7c44a33be438e7049d1d991,2795bf99214d926233a2e75dc91a7305a3365b8c61ac44cadf87961cc3fd7540
subject_adapted,Table V,wbcic_2c,sub-013,SingLEM,BENDR,0.8428571428571429,0.5142857142857142,0.328571428571,02fe002f52b68fe0afe2b5e4d0e013c53d2ab942709fd124436df7683de346d4,269bc651a6ea2874e603a3d3a15bb89b12d76a4d7383c5231136e017dc271845
subject_adapted,Table V,wbcic_2c,sub-014,SingLEM,BENDR,0.65,0.5214285714285715,0.128571428571,3721c3221cbed522720dc77a5247e1d006409b41cae5a43d0a345533bdd6820c,738d0c513a528918a6c5eab7f23ebe94bdc2a485436ff2d97bfb2c46ac4d71f8
subject_adapted,Table V,wbcic_2c,sub-015,SingLEM,BENDR,0.8714285714285714,0.5142857142857142,0.357142857143,4efffdddaa64e9cc0cd61a053fcebe0daa288abece99c0662008353ab7483c11,7b42b95790fc2a6451adea7ce0ae6b030cf48f08a1b4069a6c24433d2d962919
subject_adapted,Table V,wbcic_2c,sub-016,SingLEM,BENDR,0.6785714285714286,0.55,0.128571428571,0e86e0b7e55e27661012d2e2514f3a9f40b95a0b26a1d8239504282e81bc98b2,d0c5d4b1d9a41ab0e13e995a20bab84accc6a45e715bc33d4783ce0f36b3d511
subject_adapted,Table V,wbcic_2c,sub-017,SingLEM,BENDR,0.7857142857142857,0.5285714285714286,0.257142857143,4a3b6c1efef6b35e0acef2dc3203b32d368753943ba00f0ad11e53752f1d8d58,038146548b7754178e0468592535e013df3a85a29fa460d67dd0dd592f9312fb
subject_adapted,Table V,wbcic_2c,sub-018,SingLEM,BENDR,0.6428571428571429,0.4714285714285714,0.171428571429,ec290e49b88bd90a3883ba50abe4cfedd154f3af155baff30beafcb31cb57279,5546dc83d2fa8331ebcd391507f329f16af8f2643eb9a20b662acb461374515e
subject_adapted,Table V,wbcic_2c,sub-019,SingLEM,BENDR,0.7642857142857142,0.4642857142857143,0.3,21a82b184cc34963bb9273bb043e56ce2b999ae1d43f8e8a2d6cfcecd0905525,a95d37d5a67313c00b817582a41e23e4dad378f2a85f7818a5a24d4831c119cc
subject_adapted,Table V,wbcic_2c,sub-020,SingLEM,BENDR,0.9214285714285714,0.5214285714285715,0.4,db27eb65223c25c0099729cd5ab990b85890ce01bd09277e4846e42e0f8c1727,f797550c22168bae8f5088322f1a2deafb8c4d54c74b67ddd10da0b3a9224389
subject_adapted,Table V,wbcic_2c,sub-021,SingLEM,BENDR,0.8785714285714286,0.4857142857142857,0.392857142857,1a02f43c3aaec47eb28fabba117245c45a6eeea2e8f45ec925c808276046f92b,3be575fd45a25ab77df7ad601a047292027cf2b24752e3f1bf020f3fde58475e
subject_adapted,Table V,wbcic_2c,sub-022,SingLEM,BENDR,0.75,0.5142857142857142,0.235714285714,4cb49b5f9e023dfb0adb386a22dccce7b7b1dfe6dac96ccece835385aa19dbf5,de8e644075f6520bcf242cb5ebfa8020b3d7017427d08be0b290d0017f8b5930
subject_adapted,Table V,wbcic_2c,sub-023,SingLEM,BENDR,0.8345323741007195,0.5251798561151079,0.309352517986,00bf8b8ff60e40a620dea1bf5efb7a2fc693bdee4f1beb96c453c1983b164b18,978acd3f59110749e3a6fa35067e93dee8352f634b242c670afebbe4925e3470
subject_adapted,Table V,wbcic_2c,sub-024,SingLEM,BENDR,0.9571428571428572,0.4642857142857143,0.492857142857,7edf3b596d2f2eda36c3e88170cb186410142e7860a19ae0344b88ad8b0c2d5f,a11b8c08f3dce8b2e9670e7644d93a0a831be1d4bf7c47727c30103f56926509
subject_adapted,Table V,wbcic_2c,sub-025,SingLEM,BENDR,0.9357142857142857,0.5,0.435714285714,a56f86c40e24cb5467b4df62bb98e828381d1bed4f429b1fe442b80de2ceefbf,80531071e64c527454f0cf0a72ad3ca6b83de500bbf492a871fb9a33ea0b65e2
subject_adapted,Table V,wbcic_2c,sub-026,SingLEM,BENDR,0.9280575539568345,0.5323741007194245,0.395683453237,77d1f07e69c2df34e363bb04201831dca0418d714fe522b0839a55383005bf09,b97564f0e40ae1ae1ab84badbbb17acf75df4a2f35ea5bdc83dccd05bb94f70b
subject_adapted,Table V,wbcic_2c,sub-027,SingLEM,BENDR,0.6642857142857143,0.4857142857142857,0.178571428571,5a92f590725eb8455b51b4a6502e0f0ddd2171dec41b0ed27fdf74eafe1bf62e,5355efa94f23043b6264ff9f0a81ac3ed5243145e4a336ab3b7770fb78d5dc4d
subject_adapted,Table V,wbcic_2c,sub-028,SingLEM,BENDR,0.7857142857142857,0.5428571428571428,0.242857142857,16c0e2b56dae3d4691eab48b1614b2504c4923d9a0aa0acd948915dacbb4cd88,7b252562dfcbfadcb10429c88af385a01cc47388b2b9d7a6d177bbe3df62ec29
subject_adapted,Table V,wbcic_2c,sub-029,SingLEM,BENDR,0.5357142857142857,0.42857142857142855,0.107142857143,bb53e9997d5612f960d5073e01e1b6138e2afd78adaa307d90f85528fad2e846,1a14c6fe37c84c05ec1ec31d3966cdee893a6773ac30a2542437124f84ae3f56
subject_adapted,Table V,wbcic_2c,sub-030,SingLEM,BENDR,0.9142857142857143,0.5214285714285715,0.392857142857,5222a5855e9868ae9513d73ae9c2227483a05f5ddfe70409c108535ffb9e5c2f,ca1cdc4591abfcde9ccd5ec472131a48ef1266ba658e0c9e4bc25f16564f539d
subject_adapted,Table V,wbcic_2c,sub-031,SingLEM,BENDR,0.8571428571428571,0.4714285714285714,0.385714285714,3838997b4481fecd7204e18313f5cc2f97b44a5660efbd4d7970b269aa8f0032,ebe71dcce1bc54c1bcec4e01faf7eec43bf97a467e620635771972b9b715ca77
subject_adapted,Table V,wbcic_2c,sub-032,SingLEM,BENDR,0.6214285714285714,0.4642857142857143,0.157142857143,aefa2d7b88c355f3172c5e34a1b471add119cb673eb2564cb3a25736f9871d92,b26bd5f5434f7aae5e231011fef006809413876d4eb2c5433891e81acff3e79b
subject_adapted,Table V,wbcic_2c,sub-033,SingLEM,BENDR,0.9357142857142857,0.5,0.435714285714,0027fefc7a49e0d06f6c8c5541fdfbda4bd5fda677866e9ec6057e6c13e80ead,9351c11ae1244d3765914b490eb495458a98548fcf26f0748a2a46ea1d3deb1c
subject_adapted,Table V,wbcic_2c,sub-034,SingLEM,BENDR,0.6285714285714286,0.5071428571428571,0.121428571429,822b7bd7b2ba37d5c162a4708f511a6b1405870c524e1c558b825b242e28875a,9d013b94e175f58a13de4c5e8df3e68086ebc4aa9dc94c687aad7810c360538e
subject_adapted,Table V,wbcic_2c,sub-035,SingLEM,BENDR,0.9714285714285714,0.5428571428571428,0.428571428571,b53072f18facea2b9ac816a1461d433f6745ea34c5ddb0bb010755eca4199312,8fc23fce70f80e2de404e59208ad7ca8511ac86ffdcaea4135069d6d1cb7f4ff
subject_adapted,Table V,wbcic_2c,sub-036,SingLEM,BENDR,0.8714285714285714,0.4857142857142857,0.385714285714,122d2219d8ab597f0e9d2aee0d3e3725af134fef6ef83339c02ba20fc32b9296,01d9e6a960eb6de7baa1ec5afff91d5fedb353a013e1c7d521e2fa1220cbc23f
subject_adapted,Table V,wbcic_2c,sub-037,SingLEM,BENDR,0.9142857142857143,0.5142857142857142,0.4,84885a259389078c95c133b69edc5f5d39142fc44a2d214df92bd8e9cda78d8b,84a32a425c749bd21ea5b3cd28b479eb795fa9b9f8f0494f069c376392675637
subject_adapted,Table V,wbcic_2c,sub-038,SingLEM,BENDR,0.5928571428571429,0.4714285714285714,0.121428571429,f0f505a3350c21e87219dcf5cafe0a20076437192c427067e6f7e38568283c6f,5bed51ac76912dea6d2ff53ab0547c2f6bdeb830305d43d92d0ded24992fd644
subject_adapted,Table V,wbcic_2c,sub-039,SingLEM,BENDR,0.5428571428571428,0.38571428571428573,0.157142857143,403880041abfca0af6ef1f1d02202d9fd83911a0442b5fda36b269267c11df1c,52c2c1a0c2a7e1f67be3a554c65a6ad9ba7c0963b37d02b47483d1ed4f9c3ef0
subject_adapted,Table V,wbcic_2c,sub-040,SingLEM,BENDR,0.8428571428571429,0.5071428571428571,0.335714285714,5d9f42a2357afd3f89211929d0fac3787e3e847eb37f14e5a2728499bfe61503,d93e40f36e319ce7ec0e95119ad706afa3cb637ee18bc36089654fe079d43cef
subject_adapted,Table V,wbcic_2c,sub-041,SingLEM,BENDR,0.8857142857142857,0.44285714285714284,0.442857142857,1fa26c17e5e086111a692ca2f32c3b01876e976e921f2f2d45bfcfee27ffeccd,4fb40cc8a98bdeda652d1d1b0b9c0e0a1507f86574a05f036f0c40437daa5073
subject_adapted,Table V,wbcic_2c,sub-042,SingLEM,BENDR,0.8071428571428572,0.5071428571428571,0.3,3660e0bab1f35d20f9e9356cf8908051f61f1af1d8c3a6a88a5adde82b5e33e7,da792081cf8d3d2a21331f9f6407b9d9a7e449344b62a6e4854c2e123380167c
subject_adapted,Table V,wbcic_2c,sub-043,SingLEM,BENDR,0.9857142857142858,0.6357142857142857,0.35,0f81ae58f88ab9673bb4ca7581b8c2a781ed61d645979c8c12f49eb5ee5be238,4d5b8f3022a2b7a4fbd4f3dc69d83abb3ec71cc21b791219afe34bf534abda79
subject_adapted,Table V,wbcic_2c,sub-044,SingLEM,BENDR,0.7214285714285714,0.4642857142857143,0.257142857143,c909fdee95a880c792c29caf33b28d7e4a7d602f86e5422574dc3f1a51b28da0,8f5c809b4efcadb51f61a4a2390a3d3e84f0321071e102339f9c1e6106dcac95
subject_adapted,Table V,wbcic_2c,sub-045,SingLEM,BENDR,0.8285714285714286,0.4714285714285714,0.357142857143,45aee6b88d4b135fb190e20aba63d48f9840ce33e2c1c40b90dd8daa6dc4456a,658324fa3c4e8ca5a70e9bdd51c4460b05b45843e531b234a559523250bfc63d
subject_adapted,Table V,wbcic_2c,sub-046,SingLEM,BENDR,0.9785714285714285,0.4928571428571429,0.485714285714,9decf8ec7fdee4e951145ff16d9576434ad22c43b409995f988126cffa4fb94f,fce79ff8e90d0034d6ebc920d8eec2d78cdc85f27c904062570cf1967fa04752
subject_adapted,Table V,wbcic_2c,sub-047,SingLEM,BENDR,0.8571428571428571,0.5357142857142857,0.321428571429,47410c86f68e8cf26871d2c4f68f3046e64d0dd0575e2a6ae22e2e543d9c9508,006a4993e3ca815751a64d7552025dc061b0388955752f0cf03c26021c2c5844
subject_adapted,Table V,wbcic_2c,sub-048,SingLEM,BENDR,0.8285714285714286,0.5142857142857142,0.314285714286,9ef036a1c1c43865d9ac4a64be2fa19d95bb7cc5c3fd0439b2ef1f5a4892f020,f5cff70d88f2ccaadd516dc3981cb207e494fa9d02fd2653e1958c04f35b1838
subject_adapted,Table V,wbcic_2c,sub-049,SingLEM,BENDR,0.8714285714285714,0.5357142857142857,0.335714285714,d293e2828083fc089d716fc84e0f3c4ceb7ca8129d6f0434b71892daef128be9,995713dc681f1fbec5fe7bf943dd74e6806338a2b83d7255f70a78e080990a3e
subject_adapted,Table V,wbcic_2c,sub-050,SingLEM,BENDR,0.9,0.5642857142857143,0.335714285714,ba5e677fc4f4427eb4abf1f631ea4bb1ecd5cffc08f21255347667a9a0ee176b,5dce5f82d615d1310d09248e576323dc191e115666dd7921a94e1b5e51f7b789
subject_adapted,Table V,wbcic_2c,sub-051,SingLEM,BENDR,0.8285714285714286,0.4857142857142857,0.342857142857,e3d22e3218779f5f247b197f9e0c50aaf3127e8ee296845b9222072b621ec159,16a3269156a29b048b558fc8571b93a43f82d97d604f9ebae182a550603ae8a3
subject_adapted,Table V,wbcic_2c,sub-001,SingLEM,BIOT,0.9071428571428571,0.4642857142857143,0.442857142857,e0d20aa9e3e31b88cff003b19bb6dc5f75f46ff14a2f3c19c134113f3842d013,02dac67ba71632d9aa9235b47b37ee149f41ef9a851017933c6c38c4c410de47
subject_adapted,Table V,wbcic_2c,sub-002,SingLEM,BIOT,0.6928571428571428,0.5142857142857142,0.178571428571,9181efc29f9f846c9dcfa468c29e98ffa0efa5fb45c914588c36d8e934da9f96,00f4db4695573e0e8e126508a03593eb305b28056f64a3c0b124a8ad07927e4e
subject_adapted,Table V,wbcic_2c,sub-003,SingLEM,BIOT,0.95,0.4928571428571429,0.457142857143,d76e6f03b90a93ec6fd96e2dada0b08a58fefcb140732a30d23fc029583396bb,32e44fe56af38144ab545f6b43a740fb11a685abbf3739726ca6a28466c51eeb
subject_adapted,Table V,wbcic_2c,sub-004,SingLEM,BIOT,0.5,0.4714285714285714,0.028571428571,dedf6dd54f289c51adff3793240b55a6e14ff1a813e87fceac976306aaa93f3e,ee895e8c27e7c09d97b91d951aeeaa5d6cf34ad8af9e7cf341d6b799c71bb586
subject_adapted,Table V,wbcic_2c,sub-005,SingLEM,BIOT,0.8714285714285714,0.44285714285714284,0.428571428571,833cada00d5999bf5d921e6bf27ccab3516d49f58157b480d01f33b193e9b97e,ea3a4f67048f108777d279082a339f6562707c588f0c18008761d469d150f83c
subject_adapted,Table V,wbcic_2c,sub-006,SingLEM,BIOT,0.8714285714285714,0.4928571428571429,0.378571428571,9ccfd926229969fc03b3b98d5f50b6d2c1110f21a3ff2aac30bcb226480c42b3,3cd4a1c099884f8cd0e6de604082ad4cef5f2de6f3dbd02c911ab7d693aac41e
subject_adapted,Table V,wbcic_2c,sub-007,SingLEM,BIOT,0.7428571428571429,0.5357142857142857,0.207142857143,e9fbd92efa3e0f179a2adb1866d74eebb700e24c20049e2b58c5e1185796d0e2,9866c821441b082dce6248bd617eb4929c48fcfa882a7266fe7a587164f2d3da
subject_adapted,Table V,wbcic_2c,sub-008,SingLEM,BIOT,0.9285714285714286,0.4142857142857143,0.514285714286,aeca524ff5f4ee8397d0452d407555bff3e73c03504cd14aeecf9715b83fe97c,eb223ddd2fdca81b23550c7bb5e8789057ca08ae8ccaa1a0c6a2369c68f719a1
subject_adapted,Table V,wbcic_2c,sub-009,SingLEM,BIOT,0.8285714285714286,0.4714285714285714,0.357142857143,8c0f9be93d38b78e1e3329c6a0b9a7e422a531e90fb9b5d6f71c11ece33a0256,33db82e4dd057ed82abc6e9dfac123d1b51412bc0c14b96cc9fd891c5ef58fb6
subject_adapted,Table V,wbcic_2c,sub-010,SingLEM,BIOT,0.8285714285714286,0.4642857142857143,0.364285714286,aec237812a1e7607421a3e25d5321452dac9beea06f5046acd4e026b1dfe4c2c,348d28e58eb784a29e2891c2d630557054b705edf3d1011c6d4b5e69a3e79cd6
subject_adapted,Table V,wbcic_2c,sub-011,SingLEM,BIOT,0.8785714285714286,0.5214285714285715,0.357142857143,1204c8bb54c67ad53ed96398f25996cfb20ef769b3bf77b7e56345e1c9a6ce23,f0e43163fcea8e9e8024c1d908e8efbfcf5668fbf4eeefd0c0d8985356bf2b5a
subject_adapted,Table V,wbcic_2c,sub-012,SingLEM,BIOT,0.4714285714285714,0.4857142857142857,-0.014285714286,59f24c44f190580afe6721324eaf64f2536e560bb7c44a33be438e7049d1d991,2795bf99214d926233a2e75dc91a7305a3365b8c61ac44cadf87961cc3fd7540
subject_adapted,Table V,wbcic_2c,sub-013,SingLEM,BIOT,0.8428571428571429,0.4714285714285714,0.371428571429,02fe002f52b68fe0afe2b5e4d0e013c53d2ab942709fd124436df7683de346d4,269bc651a6ea2874e603a3d3a15bb89b12d76a4d7383c5231136e017dc271845
subject_adapted,Table V,wbcic_2c,sub-014,SingLEM,BIOT,0.65,0.4928571428571429,0.157142857143,3721c3221cbed522720dc77a5247e1d006409b41cae5a43d0a345533bdd6820c,738d0c513a528918a6c5eab7f23ebe94bdc2a485436ff2d97bfb2c46ac4d71f8
subject_adapted,Table V,wbcic_2c,sub-015,SingLEM,BIOT,0.8714285714285714,0.4714285714285714,0.4,4efffdddaa64e9cc0cd61a053fcebe0daa288abece99c0662008353ab7483c11,7b42b95790fc2a6451adea7ce0ae6b030cf48f08a1b4069a6c24433d2d962919
subject_adapted,Table V,wbcic_2c,sub-016,SingLEM,BIOT,0.6785714285714286,0.44285714285714284,0.235714285714,0e86e0b7e55e27661012d2e2514f3a9f40b95a0b26a1d8239504282e81bc98b2,d0c5d4b1d9a41ab0e13e995a20bab84accc6a45e715bc33d4783ce0f36b3d511
subject_adapted,Table V,wbcic_2c,sub-017,SingLEM,BIOT,0.7857142857142857,0.5071428571428571,0.278571428571,4a3b6c1efef6b35e0acef2dc3203b32d368753943ba00f0ad11e53752f1d8d58,038146548b7754178e0468592535e013df3a85a29fa460d67dd0dd592f9312fb
subject_adapted,Table V,wbcic_2c,sub-018,SingLEM,BIOT,0.6428571428571429,0.4785714285714286,0.164285714286,ec290e49b88bd90a3883ba50abe4cfedd154f3af155baff30beafcb31cb57279,5546dc83d2fa8331ebcd391507f329f16af8f2643eb9a20b662acb461374515e
subject_adapted,Table V,wbcic_2c,sub-019,SingLEM,BIOT,0.7642857142857142,0.5571428571428572,0.207142857143,21a82b184cc34963bb9273bb043e56ce2b999ae1d43f8e8a2d6cfcecd0905525,a95d37d5a67313c00b817582a41e23e4dad378f2a85f7818a5a24d4831c119cc
subject_adapted,Table V,wbcic_2c,sub-020,SingLEM,BIOT,0.9214285714285714,0.4642857142857143,0.457142857143,db27eb65223c25c0099729cd5ab990b85890ce01bd09277e4846e42e0f8c1727,f797550c22168bae8f5088322f1a2deafb8c4d54c74b67ddd10da0b3a9224389
subject_adapted,Table V,wbcic_2c,sub-021,SingLEM,BIOT,0.8785714285714286,0.5642857142857143,0.314285714286,1a02f43c3aaec47eb28fabba117245c45a6eeea2e8f45ec925c808276046f92b,3be575fd45a25ab77df7ad601a047292027cf2b24752e3f1bf020f3fde58475e
subject_adapted,Table V,wbcic_2c,sub-022,SingLEM,BIOT,0.75,0.45,0.3,4cb49b5f9e023dfb0adb386a22dccce7b7b1dfe6dac96ccece835385aa19dbf5,de8e644075f6520bcf242cb5ebfa8020b3d7017427d08be0b290d0017f8b5930
subject_adapted,Table V,wbcic_2c,sub-023,SingLEM,BIOT,0.8345323741007195,0.5323741007194245,0.302158273381,00bf8b8ff60e40a620dea1bf5efb7a2fc693bdee4f1beb96c453c1983b164b18,978acd3f59110749e3a6fa35067e93dee8352f634b242c670afebbe4925e3470
subject_adapted,Table V,wbcic_2c,sub-024,SingLEM,BIOT,0.9571428571428572,0.4928571428571429,0.464285714286,7edf3b596d2f2eda36c3e88170cb186410142e7860a19ae0344b88ad8b0c2d5f,a11b8c08f3dce8b2e9670e7644d93a0a831be1d4bf7c47727c30103f56926509
subject_adapted,Table V,wbcic_2c,sub-025,SingLEM,BIOT,0.9357142857142857,0.5142857142857142,0.421428571429,a56f86c40e24cb5467b4df62bb98e828381d1bed4f429b1fe442b80de2ceefbf,80531071e64c527454f0cf0a72ad3ca6b83de500bbf492a871fb9a33ea0b65e2
subject_adapted,Table V,wbcic_2c,sub-026,SingLEM,BIOT,0.9280575539568345,0.4892086330935252,0.438848920863,77d1f07e69c2df34e363bb04201831dca0418d714fe522b0839a55383005bf09,b97564f0e40ae1ae1ab84badbbb17acf75df4a2f35ea5bdc83dccd05bb94f70b
subject_adapted,Table V,wbcic_2c,sub-027,SingLEM,BIOT,0.6642857142857143,0.5357142857142857,0.128571428571,5a92f590725eb8455b51b4a6502e0f0ddd2171dec41b0ed27fdf74eafe1bf62e,5355efa94f23043b6264ff9f0a81ac3ed5243145e4a336ab3b7770fb78d5dc4d
subject_adapted,Table V,wbcic_2c,sub-028,SingLEM,BIOT,0.7857142857142857,0.5428571428571428,0.242857142857,16c0e2b56dae3d4691eab48b1614b2504c4923d9a0aa0acd948915dacbb4cd88,7b252562dfcbfadcb10429c88af385a01cc47388b2b9d7a6d177bbe3df62ec29
subject_adapted,Table V,wbcic_2c,sub-029,SingLEM,BIOT,0.5357142857142857,0.5928571428571429,-0.057142857143,bb53e9997d5612f960d5073e01e1b6138e2afd78adaa307d90f85528fad2e846,1a14c6fe37c84c05ec1ec31d3966cdee893a6773ac30a2542437124f84ae3f56
subject_adapted,Table V,wbcic_2c,sub-030,SingLEM,BIOT,0.9142857142857143,0.4642857142857143,0.45,5222a5855e9868ae9513d73ae9c2227483a05f5ddfe70409c108535ffb9e5c2f,ca1cdc4591abfcde9ccd5ec472131a48ef1266ba658e0c9e4bc25f16564f539d
subject_adapted,Table V,wbcic_2c,sub-031,SingLEM,BIOT,0.8571428571428571,0.5357142857142857,0.321428571429,3838997b4481fecd7204e18313f5cc2f97b44a5660efbd4d7970b269aa8f0032,ebe71dcce1bc54c1bcec4e01faf7eec43bf97a467e620635771972b9b715ca77
subject_adapted,Table V,wbcic_2c,sub-032,SingLEM,BIOT,0.6214285714285714,0.4142857142857143,0.207142857143,aefa2d7b88c355f3172c5e34a1b471add119cb673eb2564cb3a25736f9871d92,b26bd5f5434f7aae5e231011fef006809413876d4eb2c5433891e81acff3e79b
subject_adapted,Table V,wbcic_2c,sub-033,SingLEM,BIOT,0.9357142857142857,0.45,0.485714285714,0027fefc7a49e0d06f6c8c5541fdfbda4bd5fda677866e9ec6057e6c13e80ead,9351c11ae1244d3765914b490eb495458a98548fcf26f0748a2a46ea1d3deb1c
subject_adapted,Table V,wbcic_2c,sub-034,SingLEM,BIOT,0.6285714285714286,0.5214285714285715,0.107142857143,822b7bd7b2ba37d5c162a4708f511a6b1405870c524e1c558b825b242e28875a,9d013b94e175f58a13de4c5e8df3e68086ebc4aa9dc94c687aad7810c360538e
subject_adapted,Table V,wbcic_2c,sub-035,SingLEM,BIOT,0.9714285714285714,0.4785714285714286,0.492857142857,b53072f18facea2b9ac816a1461d433f6745ea34c5ddb0bb010755eca4199312,8fc23fce70f80e2de404e59208ad7ca8511ac86ffdcaea4135069d6d1cb7f4ff
subject_adapted,Table V,wbcic_2c,sub-036,SingLEM,BIOT,0.8714285714285714,0.4714285714285714,0.4,122d2219d8ab597f0e9d2aee0d3e3725af134fef6ef83339c02ba20fc32b9296,01d9e6a960eb6de7baa1ec5afff91d5fedb353a013e1c7d521e2fa1220cbc23f
subject_adapted,Table V,wbcic_2c,sub-037,SingLEM,BIOT,0.9142857142857143,0.5357142857142857,0.378571428571,84885a259389078c95c133b69edc5f5d39142fc44a2d214df92bd8e9cda78d8b,84a32a425c749bd21ea5b3cd28b479eb795fa9b9f8f0494f069c376392675637
subject_adapted,Table V,wbcic_2c,sub-038,SingLEM,BIOT,0.5928571428571429,0.5357142857142857,0.057142857143,f0f505a3350c21e87219dcf5cafe0a20076437192c427067e6f7e38568283c6f,5bed51ac76912dea6d2ff53ab0547c2f6bdeb830305d43d92d0ded24992fd644
subject_adapted,Table V,wbcic_2c,sub-039,SingLEM,BIOT,0.5428571428571428,0.5071428571428571,0.035714285714,403880041abfca0af6ef1f1d02202d9fd83911a0442b5fda36b269267c11df1c,52c2c1a0c2a7e1f67be3a554c65a6ad9ba7c0963b37d02b47483d1ed4f9c3ef0
subject_adapted,Table V,wbcic_2c,sub-040,SingLEM,BIOT,0.8428571428571429,0.5214285714285715,0.321428571429,5d9f42a2357afd3f89211929d0fac3787e3e847eb37f14e5a2728499bfe61503,d93e40f36e319ce7ec0e95119ad706afa3cb637ee18bc36089654fe079d43cef
subject_adapted,Table V,wbcic_2c,sub-041,SingLEM,BIOT,0.8857142857142857,0.55,0.335714285714,1fa26c17e5e086111a692ca2f32c3b01876e976e921f2f2d45bfcfee27ffeccd,4fb40cc8a98bdeda652d1d1b0b9c0e0a1507f86574a05f036f0c40437daa5073
subject_adapted,Table V,wbcic_2c,sub-042,SingLEM,BIOT,0.8071428571428572,0.42142857142857143,0.385714285714,3660e0bab1f35d20f9e9356cf8908051f61f1af1d8c3a6a88a5adde82b5e33e7,da792081cf8d3d2a21331f9f6407b9d9a7e449344b62a6e4854c2e123380167c
subject_adapted,Table V,wbcic_2c,sub-043,SingLEM,BIOT,0.9857142857142858,0.45714285714285713,0.528571428571,0f81ae58f88ab9673bb4ca7581b8c2a781ed61d645979c8c12f49eb5ee5be238,4d5b8f3022a2b7a4fbd4f3dc69d83abb3ec71cc21b791219afe34bf534abda79
subject_adapted,Table V,wbcic_2c,sub-044,SingLEM,BIOT,0.7214285714285714,0.5428571428571428,0.178571428571,c909fdee95a880c792c29caf33b28d7e4a7d602f86e5422574dc3f1a51b28da0,8f5c809b4efcadb51f61a4a2390a3d3e84f0321071e102339f9c1e6106dcac95
subject_adapted,Table V,wbcic_2c,sub-045,SingLEM,BIOT,0.8285714285714286,0.4857142857142857,0.342857142857,45aee6b88d4b135fb190e20aba63d48f9840ce33e2c1c40b90dd8daa6dc4456a,658324fa3c4e8ca5a70e9bdd51c4460b05b45843e531b234a559523250bfc63d
subject_adapted,Table V,wbcic_2c,sub-046,SingLEM,BIOT,0.9785714285714285,0.5071428571428571,0.471428571429,9decf8ec7fdee4e951145ff16d9576434ad22c43b409995f988126cffa4fb94f,fce79ff8e90d0034d6ebc920d8eec2d78cdc85f27c904062570cf1967fa04752
subject_adapted,Table V,wbcic_2c,sub-047,SingLEM,BIOT,0.8571428571428571,0.4857142857142857,0.371428571429,47410c86f68e8cf26871d2c4f68f3046e64d0dd0575e2a6ae22e2e543d9c9508,006a4993e3ca815751a64d7552025dc061b0388955752f0cf03c26021c2c5844
subject_adapted,Table V,wbcic_2c,sub-048,SingLEM,BIOT,0.8285714285714286,0.4857142857142857,0.342857142857,9ef036a1c1c43865d9ac4a64be2fa19d95bb7cc5c3fd0439b2ef1f5a4892f020,f5cff70d88f2ccaadd516dc3981cb207e494fa9d02fd2653e1958c04f35b1838
subject_adapted,Table V,wbcic_2c,sub-049,SingLEM,BIOT,0.8714285714285714,0.6357142857142857,0.235714285714,d293e2828083fc089d716fc84e0f3c4ceb7ca8129d6f0434b71892daef128be9,995713dc681f1fbec5fe7bf943dd74e6806338a2b83d7255f70a78e080990a3e
subject_adapted,Table V,wbcic_2c,sub-050,SingLEM,BIOT,0.9,0.4857142857142857,0.414285714286,ba5e677fc4f4427eb4abf1f631ea4bb1ecd5cffc08f21255347667a9a0ee176b,5dce5f82d615d1310d09248e576323dc191e115666dd7921a94e1b5e51f7b789
subject_adapted,Table V,wbcic_2c,sub-051,SingLEM,BIOT,0.8285714285714286,0.4928571428571429,0.335714285714,e3d22e3218779f5f247b197f9e0c50aaf3127e8ee296845b9222072b621ec159,16a3269156a29b048b558fc8571b93a43f82d97d604f9ebae182a550603ae8a3
subject_adapted,Table V,wbcic_2c,sub-001,SingLEM,LaBraM,0.9071428571428571,0.4857142857142857,0.421428571429,e0d20aa9e3e31b88cff003b19bb6dc5f75f46ff14a2f3c19c134113f3842d013,02dac67ba71632d9aa9235b47b37ee149f41ef9a851017933c6c38c4c410de47
subject_adapted,Table V,wbcic_2c,sub-002,SingLEM,LaBraM,0.6928571428571428,0.5071428571428571,0.185714285714,9181efc29f9f846c9dcfa468c29e98ffa0efa5fb45c914588c36d8e934da9f96,00f4db4695573e0e8e126508a03593eb305b28056f64a3c0b124a8ad07927e4e
subject_adapted,Table V,wbcic_2c,sub-003,SingLEM,LaBraM,0.95,0.5714285714285714,0.378571428571,d76e6f03b90a93ec6fd96e2dada0b08a58fefcb140732a30d23fc029583396bb,32e44fe56af38144ab545f6b43a740fb11a685abbf3739726ca6a28466c51eeb
subject_adapted,Table V,wbcic_2c,sub-004,SingLEM,LaBraM,0.5,0.5214285714285715,-0.021428571429,dedf6dd54f289c51adff3793240b55a6e14ff1a813e87fceac976306aaa93f3e,ee895e8c27e7c09d97b91d951aeeaa5d6cf34ad8af9e7cf341d6b799c71bb586
subject_adapted,Table V,wbcic_2c,sub-005,SingLEM,LaBraM,0.8714285714285714,0.4928571428571429,0.378571428571,833cada00d5999bf5d921e6bf27ccab3516d49f58157b480d01f33b193e9b97e,ea3a4f67048f108777d279082a339f6562707c588f0c18008761d469d150f83c
subject_adapted,Table V,wbcic_2c,sub-006,SingLEM,LaBraM,0.8714285714285714,0.4857142857142857,0.385714285714,9ccfd926229969fc03b3b98d5f50b6d2c1110f21a3ff2aac30bcb226480c42b3,3cd4a1c099884f8cd0e6de604082ad4cef5f2de6f3dbd02c911ab7d693aac41e
subject_adapted,Table V,wbcic_2c,sub-007,SingLEM,LaBraM,0.7428571428571429,0.4714285714285714,0.271428571429,e9fbd92efa3e0f179a2adb1866d74eebb700e24c20049e2b58c5e1185796d0e2,9866c821441b082dce6248bd617eb4929c48fcfa882a7266fe7a587164f2d3da
subject_adapted,Table V,wbcic_2c,sub-008,SingLEM,LaBraM,0.9285714285714286,0.5214285714285715,0.407142857143,aeca524ff5f4ee8397d0452d407555bff3e73c03504cd14aeecf9715b83fe97c,eb223ddd2fdca81b23550c7bb5e8789057ca08ae8ccaa1a0c6a2369c68f719a1
subject_adapted,Table V,wbcic_2c,sub-009,SingLEM,LaBraM,0.8285714285714286,0.5071428571428571,0.321428571429,8c0f9be93d38b78e1e3329c6a0b9a7e422a531e90fb9b5d6f71c11ece33a0256,33db82e4dd057ed82abc6e9dfac123d1b51412bc0c14b96cc9fd891c5ef58fb6
subject_adapted,Table V,wbcic_2c,sub-010,SingLEM,LaBraM,0.8285714285714286,0.5571428571428572,0.271428571429,aec237812a1e7607421a3e25d5321452dac9beea06f5046acd4e026b1dfe4c2c,348d28e58eb784a29e2891c2d630557054b705edf3d1011c6d4b5e69a3e79cd6
subject_adapted,Table V,wbcic_2c,sub-011,SingLEM,LaBraM,0.8785714285714286,0.5214285714285715,0.357142857143,1204c8bb54c67ad53ed96398f25996cfb20ef769b3bf77b7e56345e1c9a6ce23,f0e43163fcea8e9e8024c1d908e8efbfcf5668fbf4eeefd0c0d8985356bf2b5a
subject_adapted,Table V,wbcic_2c,sub-012,SingLEM,LaBraM,0.4714285714285714,0.5285714285714286,-0.057142857143,59f24c44f190580afe6721324eaf64f2536e560bb7c44a33be438e7049d1d991,2795bf99214d926233a2e75dc91a7305a3365b8c61ac44cadf87961cc3fd7540
subject_adapted,Table V,wbcic_2c,sub-013,SingLEM,LaBraM,0.8428571428571429,0.5071428571428571,0.335714285714,02fe002f52b68fe0afe2b5e4d0e013c53d2ab942709fd124436df7683de346d4,269bc651a6ea2874e603a3d3a15bb89b12d76a4d7383c5231136e017dc271845
subject_adapted,Table V,wbcic_2c,sub-014,SingLEM,LaBraM,0.65,0.5714285714285714,0.078571428571,3721c3221cbed522720dc77a5247e1d006409b41cae5a43d0a345533bdd6820c,738d0c513a528918a6c5eab7f23ebe94bdc2a485436ff2d97bfb2c46ac4d71f8
subject_adapted,Table V,wbcic_2c,sub-015,SingLEM,LaBraM,0.8714285714285714,0.4785714285714286,0.392857142857,4efffdddaa64e9cc0cd61a053fcebe0daa288abece99c0662008353ab7483c11,7b42b95790fc2a6451adea7ce0ae6b030cf48f08a1b4069a6c24433d2d962919
subject_adapted,Table V,wbcic_2c,sub-016,SingLEM,LaBraM,0.6785714285714286,0.5214285714285715,0.157142857143,0e86e0b7e55e27661012d2e2514f3a9f40b95a0b26a1d8239504282e81bc98b2,d0c5d4b1d9a41ab0e13e995a20bab84accc6a45e715bc33d4783ce0f36b3d511
subject_adapted,Table V,wbcic_2c,sub-017,SingLEM,LaBraM,0.7857142857142857,0.5428571428571428,0.242857142857,4a3b6c1efef6b35e0acef2dc3203b32d368753943ba00f0ad11e53752f1d8d58,038146548b7754178e0468592535e013df3a85a29fa460d67dd0dd592f9312fb
subject_adapted,Table V,wbcic_2c,sub-018,SingLEM,LaBraM,0.6428571428571429,0.5571428571428572,0.085714285714,ec290e49b88bd90a3883ba50abe4cfedd154f3af155baff30beafcb31cb57279,5546dc83d2fa8331ebcd391507f329f16af8f2643eb9a20b662acb461374515e
subject_adapted,Table V,wbcic_2c,sub-019,SingLEM,LaBraM,0.7642857142857142,0.5571428571428572,0.207142857143,21a82b184cc34963bb9273bb043e56ce2b999ae1d43f8e8a2d6cfcecd0905525,a95d37d5a67313c00b817582a41e23e4dad378f2a85f7818a5a24d4831c119cc
subject_adapted,Table V,wbcic_2c,sub-020,SingLEM,LaBraM,0.9214285714285714,0.5071428571428571,0.414285714286,db27eb65223c25c0099729cd5ab990b85890ce01bd09277e4846e42e0f8c1727,f797550c22168bae8f5088322f1a2deafb8c4d54c74b67ddd10da0b3a9224389
subject_adapted,Table V,wbcic_2c,sub-021,SingLEM,LaBraM,0.8785714285714286,0.5928571428571429,0.285714285714,1a02f43c3aaec47eb28fabba117245c45a6eeea2e8f45ec925c808276046f92b,3be575fd45a25ab77df7ad601a047292027cf2b24752e3f1bf020f3fde58475e
subject_adapted,Table V,wbcic_2c,sub-022,SingLEM,LaBraM,0.75,0.5214285714285715,0.228571428571,4cb49b5f9e023dfb0adb386a22dccce7b7b1dfe6dac96ccece835385aa19dbf5,de8e644075f6520bcf242cb5ebfa8020b3d7017427d08be0b290d0017f8b5930
subject_adapted,Table V,wbcic_2c,sub-023,SingLEM,LaBraM,0.8345323741007195,0.60431654676259,0.230215827338,00bf8b8ff60e40a620dea1bf5efb7a2fc693bdee4f1beb96c453c1983b164b18,978acd3f59110749e3a6fa35067e93dee8352f634b242c670afebbe4925e3470
subject_adapted,Table V,wbcic_2c,sub-024,SingLEM,LaBraM,0.9571428571428572,0.5357142857142857,0.421428571429,7edf3b596d2f2eda36c3e88170cb186410142e7860a19ae0344b88ad8b0c2d5f,a11b8c08f3dce8b2e9670e7644d93a0a831be1d4bf7c47727c30103f56926509
subject_adapted,Table V,wbcic_2c,sub-025,SingLEM,LaBraM,0.9357142857142857,0.5714285714285714,0.364285714286,a56f86c40e24cb5467b4df62bb98e828381d1bed4f429b1fe442b80de2ceefbf,80531071e64c527454f0cf0a72ad3ca6b83de500bbf492a871fb9a33ea0b65e2
subject_adapted,Table V,wbcic_2c,sub-026,SingLEM,LaBraM,0.9280575539568345,0.4892086330935252,0.438848920863,77d1f07e69c2df34e363bb04201831dca0418d714fe522b0839a55383005bf09,b97564f0e40ae1ae1ab84badbbb17acf75df4a2f35ea5bdc83dccd05bb94f70b
subject_adapted,Table V,wbcic_2c,sub-027,SingLEM,LaBraM,0.6642857142857143,0.4857142857142857,0.178571428571,5a92f590725eb8455b51b4a6502e0f0ddd2171dec41b0ed27fdf74eafe1bf62e,5355efa94f23043b6264ff9f0a81ac3ed5243145e4a336ab3b7770fb78d5dc4d
subject_adapted,Table V,wbcic_2c,sub-028,SingLEM,LaBraM,0.7857142857142857,0.5857142857142857,0.2,16c0e2b56dae3d4691eab48b1614b2504c4923d9a0aa0acd948915dacbb4cd88,7b252562dfcbfadcb10429c88af385a01cc47388b2b9d7a6d177bbe3df62ec29
subject_adapted,Table V,wbcic_2c,sub-029,SingLEM,LaBraM,0.5357142857142857,0.4642857142857143,0.071428571429,bb53e9997d5612f960d5073e01e1b6138e2afd78adaa307d90f85528fad2e846,1a14c6fe37c84c05ec1ec31d3966cdee893a6773ac30a2542437124f84ae3f56
subject_adapted,Table V,wbcic_2c,sub-030,SingLEM,LaBraM,0.9142857142857143,0.6071428571428571,0.307142857143,5222a5855e9868ae9513d73ae9c2227483a05f5ddfe70409c108535ffb9e5c2f,ca1cdc4591abfcde9ccd5ec472131a48ef1266ba658e0c9e4bc25f16564f539d
subject_adapted,Table V,wbcic_2c,sub-031,SingLEM,LaBraM,0.8571428571428571,0.5857142857142857,0.271428571429,3838997b4481fecd7204e18313f5cc2f97b44a5660efbd4d7970b269aa8f0032,ebe71dcce1bc54c1bcec4e01faf7eec43bf97a467e620635771972b9b715ca77
subject_adapted,Table V,wbcic_2c,sub-032,SingLEM,LaBraM,0.6214285714285714,0.4928571428571429,0.128571428571,aefa2d7b88c355f3172c5e34a1b471add119cb673eb2564cb3a25736f9871d92,b26bd5f5434f7aae5e231011fef006809413876d4eb2c5433891e81acff3e79b
subject_adapted,Table V,wbcic_2c,sub-033,SingLEM,LaBraM,0.9357142857142857,0.5142857142857142,0.421428571429,0027fefc7a49e0d06f6c8c5541fdfbda4bd5fda677866e9ec6057e6c13e80ead,9351c11ae1244d3765914b490eb495458a98548fcf26f0748a2a46ea1d3deb1c
subject_adapted,Table V,wbcic_2c,sub-034,SingLEM,LaBraM,0.6285714285714286,0.5142857142857142,0.114285714286,822b7bd7b2ba37d5c162a4708f511a6b1405870c524e1c558b825b242e28875a,9d013b94e175f58a13de4c5e8df3e68086ebc4aa9dc94c687aad7810c360538e
subject_adapted,Table V,wbcic_2c,sub-035,SingLEM,LaBraM,0.9714285714285714,0.55,0.421428571429,b53072f18facea2b9ac816a1461d433f6745ea34c5ddb0bb010755eca4199312,8fc23fce70f80e2de404e59208ad7ca8511ac86ffdcaea4135069d6d1cb7f4ff
subject_adapted,Table V,wbcic_2c,sub-036,SingLEM,LaBraM,0.8714285714285714,0.45714285714285713,0.414285714286,122d2219d8ab597f0e9d2aee0d3e3725af134fef6ef83339c02ba20fc32b9296,01d9e6a960eb6de7baa1ec5afff91d5fedb353a013e1c7d521e2fa1220cbc23f
subject_adapted,Table V,wbcic_2c,sub-037,SingLEM,LaBraM,0.9142857142857143,0.5071428571428571,0.407142857143,84885a259389078c95c133b69edc5f5d39142fc44a2d214df92bd8e9cda78d8b,84a32a425c749bd21ea5b3cd28b479eb795fa9b9f8f0494f069c376392675637
subject_adapted,Table V,wbcic_2c,sub-038,SingLEM,LaBraM,0.5928571428571429,0.5,0.092857142857,f0f505a3350c21e87219dcf5cafe0a20076437192c427067e6f7e38568283c6f,5bed51ac76912dea6d2ff53ab0547c2f6bdeb830305d43d92d0ded24992fd644
subject_adapted,Table V,wbcic_2c,sub-039,SingLEM,LaBraM,0.5428571428571428,0.55,-0.007142857143,403880041abfca0af6ef1f1d02202d9fd83911a0442b5fda36b269267c11df1c,52c2c1a0c2a7e1f67be3a554c65a6ad9ba7c0963b37d02b47483d1ed4f9c3ef0
subject_adapted,Table V,wbcic_2c,sub-040,SingLEM,LaBraM,0.8428571428571429,0.5428571428571428,0.3,5d9f42a2357afd3f89211929d0fac3787e3e847eb37f14e5a2728499bfe61503,d93e40f36e319ce7ec0e95119ad706afa3cb637ee18bc36089654fe079d43cef
subject_adapted,Table V,wbcic_2c,sub-041,SingLEM,LaBraM,0.8857142857142857,0.45,0.435714285714,1fa26c17e5e086111a692ca2f32c3b01876e976e921f2f2d45bfcfee27ffeccd,4fb40cc8a98bdeda652d1d1b0b9c0e0a1507f86574a05f036f0c40437daa5073
subject_adapted,Table V,wbcic_2c,sub-042,SingLEM,LaBraM,0.8071428571428572,0.4928571428571429,0.314285714286,3660e0bab1f35d20f9e9356cf8908051f61f1af1d8c3a6a88a5adde82b5e33e7,da792081cf8d3d2a21331f9f6407b9d9a7e449344b62a6e4854c2e123380167c
subject_adapted,Table V,wbcic_2c,sub-043,SingLEM,LaBraM,0.9857142857142858,0.5357142857142857,0.45,0f81ae58f88ab9673bb4ca7581b8c2a781ed61d645979c8c12f49eb5ee5be238,4d5b8f3022a2b7a4fbd4f3dc69d83abb3ec71cc21b791219afe34bf534abda79
subject_adapted,Table V,wbcic_2c,sub-044,SingLEM,LaBraM,0.7214285714285714,0.5071428571428571,0.214285714286,c909fdee95a880c792c29caf33b28d7e4a7d602f86e5422574dc3f1a51b28da0,8f5c809b4efcadb51f61a4a2390a3d3e84f0321071e102339f9c1e6106dcac95
subject_adapted,Table V,wbcic_2c,sub-045,SingLEM,LaBraM,0.8285714285714286,0.5142857142857142,0.314285714286,45aee6b88d4b135fb190e20aba63d48f9840ce33e2c1c40b90dd8daa6dc4456a,658324fa3c4e8ca5a70e9bdd51c4460b05b45843e531b234a559523250bfc63d
subject_adapted,Table V,wbcic_2c,sub-046,SingLEM,LaBraM,0.9785714285714285,0.5857142857142857,0.392857142857,9decf8ec7fdee4e951145ff16d9576434ad22c43b409995f988126cffa4fb94f,fce79ff8e90d0034d6ebc920d8eec2d78cdc85f27c904062570cf1967fa04752
subject_adapted,Table V,wbcic_2c,sub-047,SingLEM,LaBraM,0.8571428571428571,0.4785714285714286,0.378571428571,47410c86f68e8cf26871d2c4f68f3046e64d0dd0575e2a6ae22e2e543d9c9508,006a4993e3ca815751a64d7552025dc061b0388955752f0cf03c26021c2c5844
subject_adapted,Table V,wbcic_2c,sub-048,SingLEM,LaBraM,0.8285714285714286,0.5357142857142857,0.292857142857,9ef036a1c1c43865d9ac4a64be2fa19d95bb7cc5c3fd0439b2ef1f5a4892f020,f5cff70d88f2ccaadd516dc3981cb207e494fa9d02fd2653e1958c04f35b1838
subject_adapted,Table V,wbcic_2c,sub-049,SingLEM,LaBraM,0.8714285714285714,0.5,0.371428571429,d293e2828083fc089d716fc84e0f3c4ceb7ca8129d6f0434b71892daef128be9,995713dc681f1fbec5fe7bf943dd74e6806338a2b83d7255f70a78e080990a3e
subject_adapted,Table V,wbcic_2c,sub-050,SingLEM,LaBraM,0.9,0.5071428571428571,0.392857142857,ba5e677fc4f4427eb4abf1f631ea4bb1ecd5cffc08f21255347667a9a0ee176b,5dce5f82d615d1310d09248e576323dc191e115666dd7921a94e1b5e51f7b789
subject_adapted,Table V,wbcic_2c,sub-051,SingLEM,LaBraM,0.8285714285714286,0.5,0.328571428571,e3d22e3218779f5f247b197f9e0c50aaf3127e8ee296845b9222072b621ec159,16a3269156a29b048b558fc8571b93a43f82d97d604f9ebae182a550603ae8a3
subject_adapted,Table V,wbcic_2c,sub-001,SingLEM,CBraMod,0.9071428571428571,0.8785714285714286,0.028571428571,e0d20aa9e3e31b88cff003b19bb6dc5f75f46ff14a2f3c19c134113f3842d013,02dac67ba71632d9aa9235b47b37ee149f41ef9a851017933c6c38c4c410de47
subject_adapted,Table V,wbcic_2c,sub-002,SingLEM,CBraMod,0.6928571428571428,0.6928571428571428,0.0,9181efc29f9f846c9dcfa468c29e98ffa0efa5fb45c914588c36d8e934da9f96,00f4db4695573e0e8e126508a03593eb305b28056f64a3c0b124a8ad07927e4e
subject_adapted,Table V,wbcic_2c,sub-003,SingLEM,CBraMod,0.95,0.95,0.0,d76e6f03b90a93ec6fd96e2dada0b08a58fefcb140732a30d23fc029583396bb,32e44fe56af38144ab545f6b43a740fb11a685abbf3739726ca6a28466c51eeb
subject_adapted,Table V,wbcic_2c,sub-004,SingLEM,CBraMod,0.5,0.5714285714285714,-0.071428571429,dedf6dd54f289c51adff3793240b55a6e14ff1a813e87fceac976306aaa93f3e,ee895e8c27e7c09d97b91d951aeeaa5d6cf34ad8af9e7cf341d6b799c71bb586
subject_adapted,Table V,wbcic_2c,sub-005,SingLEM,CBraMod,0.8714285714285714,0.7857142857142857,0.085714285714,833cada00d5999bf5d921e6bf27ccab3516d49f58157b480d01f33b193e9b97e,ea3a4f67048f108777d279082a339f6562707c588f0c18008761d469d150f83c
subject_adapted,Table V,wbcic_2c,sub-006,SingLEM,CBraMod,0.8714285714285714,0.8928571428571429,-0.021428571429,9ccfd926229969fc03b3b98d5f50b6d2c1110f21a3ff2aac30bcb226480c42b3,3cd4a1c099884f8cd0e6de604082ad4cef5f2de6f3dbd02c911ab7d693aac41e
subject_adapted,Table V,wbcic_2c,sub-007,SingLEM,CBraMod,0.7428571428571429,0.7285714285714285,0.014285714286,e9fbd92efa3e0f179a2adb1866d74eebb700e24c20049e2b58c5e1185796d0e2,9866c821441b082dce6248bd617eb4929c48fcfa882a7266fe7a587164f2d3da
subject_adapted,Table V,wbcic_2c,sub-008,SingLEM,CBraMod,0.9285714285714286,0.9428571428571428,-0.014285714286,aeca524ff5f4ee8397d0452d407555bff3e73c03504cd14aeecf9715b83fe97c,eb223ddd2fdca81b23550c7bb5e8789057ca08ae8ccaa1a0c6a2369c68f719a1
subject_adapted,Table V,wbcic_2c,sub-009,SingLEM,CBraMod,0.8285714285714286,0.7714285714285715,0.057142857143,8c0f9be93d38b78e1e3329c6a0b9a7e422a531e90fb9b5d6f71c11ece33a0256,33db82e4dd057ed82abc6e9dfac123d1b51412bc0c14b96cc9fd891c5ef58fb6
subject_adapted,Table V,wbcic_2c,sub-010,SingLEM,CBraMod,0.8285714285714286,0.8142857142857143,0.014285714286,aec237812a1e7607421a3e25d5321452dac9beea06f5046acd4e026b1dfe4c2c,348d28e58eb784a29e2891c2d630557054b705edf3d1011c6d4b5e69a3e79cd6
subject_adapted,Table V,wbcic_2c,sub-011,SingLEM,CBraMod,0.8785714285714286,0.9357142857142857,-0.057142857143,1204c8bb54c67ad53ed96398f25996cfb20ef769b3bf77b7e56345e1c9a6ce23,f0e43163fcea8e9e8024c1d908e8efbfcf5668fbf4eeefd0c0d8985356bf2b5a
subject_adapted,Table V,wbcic_2c,sub-012,SingLEM,CBraMod,0.4714285714285714,0.5071428571428571,-0.035714285714,59f24c44f190580afe6721324eaf64f2536e560bb7c44a33be438e7049d1d991,2795bf99214d926233a2e75dc91a7305a3365b8c61ac44cadf87961cc3fd7540
subject_adapted,Table V,wbcic_2c,sub-013,SingLEM,CBraMod,0.8428571428571429,0.7642857142857142,0.078571428571,02fe002f52b68fe0afe2b5e4d0e013c53d2ab942709fd124436df7683de346d4,269bc651a6ea2874e603a3d3a15bb89b12d76a4d7383c5231136e017dc271845
subject_adapted,Table V,wbcic_2c,sub-014,SingLEM,CBraMod,0.65,0.5642857142857143,0.085714285714,3721c3221cbed522720dc77a5247e1d006409b41cae5a43d0a345533bdd6820c,738d0c513a528918a6c5eab7f23ebe94bdc2a485436ff2d97bfb2c46ac4d71f8
subject_adapted,Table V,wbcic_2c,sub-015,SingLEM,CBraMod,0.8714285714285714,0.7928571428571428,0.078571428571,4efffdddaa64e9cc0cd61a053fcebe0daa288abece99c0662008353ab7483c11,7b42b95790fc2a6451adea7ce0ae6b030cf48f08a1b4069a6c24433d2d962919
subject_adapted,Table V,wbcic_2c,sub-016,SingLEM,CBraMod,0.6785714285714286,0.7642857142857142,-0.085714285714,0e86e0b7e55e27661012d2e2514f3a9f40b95a0b26a1d8239504282e81bc98b2,d0c5d4b1d9a41ab0e13e995a20bab84accc6a45e715bc33d4783ce0f36b3d511
subject_adapted,Table V,wbcic_2c,sub-017,SingLEM,CBraMod,0.7857142857142857,0.75,0.035714285714,4a3b6c1efef6b35e0acef2dc3203b32d368753943ba00f0ad11e53752f1d8d58,038146548b7754178e0468592535e013df3a85a29fa460d67dd0dd592f9312fb
subject_adapted,Table V,wbcic_2c,sub-018,SingLEM,CBraMod,0.6428571428571429,0.7142857142857143,-0.071428571429,ec290e49b88bd90a3883ba50abe4cfedd154f3af155baff30beafcb31cb57279,5546dc83d2fa8331ebcd391507f329f16af8f2643eb9a20b662acb461374515e
subject_adapted,Table V,wbcic_2c,sub-019,SingLEM,CBraMod,0.7642857142857142,0.75,0.014285714286,21a82b184cc34963bb9273bb043e56ce2b999ae1d43f8e8a2d6cfcecd0905525,a95d37d5a67313c00b817582a41e23e4dad378f2a85f7818a5a24d4831c119cc
subject_adapted,Table V,wbcic_2c,sub-020,SingLEM,CBraMod,0.9214285714285714,0.8714285714285714,0.05,db27eb65223c25c0099729cd5ab990b85890ce01bd09277e4846e42e0f8c1727,f797550c22168bae8f5088322f1a2deafb8c4d54c74b67ddd10da0b3a9224389
subject_adapted,Table V,wbcic_2c,sub-021,SingLEM,CBraMod,0.8785714285714286,0.8857142857142857,-0.007142857143,1a02f43c3aaec47eb28fabba117245c45a6eeea2e8f45ec925c808276046f92b,3be575fd45a25ab77df7ad601a047292027cf2b24752e3f1bf020f3fde58475e
subject_adapted,Table V,wbcic_2c,sub-022,SingLEM,CBraMod,0.75,0.7071428571428572,0.042857142857,4cb49b5f9e023dfb0adb386a22dccce7b7b1dfe6dac96ccece835385aa19dbf5,de8e644075f6520bcf242cb5ebfa8020b3d7017427d08be0b290d0017f8b5930
subject_adapted,Table V,wbcic_2c,sub-023,SingLEM,CBraMod,0.8345323741007195,0.8633093525179856,-0.028776978417,00bf8b8ff60e40a620dea1bf5efb7a2fc693bdee4f1beb96c453c1983b164b18,978acd3f59110749e3a6fa35067e93dee8352f634b242c670afebbe4925e3470
subject_adapted,Table V,wbcic_2c,sub-024,SingLEM,CBraMod,0.9571428571428572,0.9571428571428572,0.0,7edf3b596d2f2eda36c3e88170cb186410142e7860a19ae0344b88ad8b0c2d5f,a11b8c08f3dce8b2e9670e7644d93a0a831be1d4bf7c47727c30103f56926509
subject_adapted,Table V,wbcic_2c,sub-025,SingLEM,CBraMod,0.9357142857142857,0.9357142857142857,0.0,a56f86c40e24cb5467b4df62bb98e828381d1bed4f429b1fe442b80de2ceefbf,80531071e64c527454f0cf0a72ad3ca6b83de500bbf492a871fb9a33ea0b65e2
subject_adapted,Table V,wbcic_2c,sub-026,SingLEM,CBraMod,0.9280575539568345,0.9064748201438849,0.021582733813,77d1f07e69c2df34e363bb04201831dca0418d714fe522b0839a55383005bf09,b97564f0e40ae1ae1ab84badbbb17acf75df4a2f35ea5bdc83dccd05bb94f70b
subject_adapted,Table V,wbcic_2c,sub-027,SingLEM,CBraMod,0.6642857142857143,0.7357142857142858,-0.071428571429,5a92f590725eb8455b51b4a6502e0f0ddd2171dec41b0ed27fdf74eafe1bf62e,5355efa94f23043b6264ff9f0a81ac3ed5243145e4a336ab3b7770fb78d5dc4d
subject_adapted,Table V,wbcic_2c,sub-028,SingLEM,CBraMod,0.7857142857142857,0.85,-0.064285714286,16c0e2b56dae3d4691eab48b1614b2504c4923d9a0aa0acd948915dacbb4cd88,7b252562dfcbfadcb10429c88af385a01cc47388b2b9d7a6d177bbe3df62ec29
subject_adapted,Table V,wbcic_2c,sub-029,SingLEM,CBraMod,0.5357142857142857,0.6714285714285714,-0.135714285714,bb53e9997d5612f960d5073e01e1b6138e2afd78adaa307d90f85528fad2e846,1a14c6fe37c84c05ec1ec31d3966cdee893a6773ac30a2542437124f84ae3f56
subject_adapted,Table V,wbcic_2c,sub-030,SingLEM,CBraMod,0.9142857142857143,0.8571428571428571,0.057142857143,5222a5855e9868ae9513d73ae9c2227483a05f5ddfe70409c108535ffb9e5c2f,ca1cdc4591abfcde9ccd5ec472131a48ef1266ba658e0c9e4bc25f16564f539d
subject_adapted,Table V,wbcic_2c,sub-031,SingLEM,CBraMod,0.8571428571428571,0.8785714285714286,-0.021428571429,3838997b4481fecd7204e18313f5cc2f97b44a5660efbd4d7970b269aa8f0032,ebe71dcce1bc54c1bcec4e01faf7eec43bf97a467e620635771972b9b715ca77
subject_adapted,Table V,wbcic_2c,sub-032,SingLEM,CBraMod,0.6214285714285714,0.5928571428571429,0.028571428571,aefa2d7b88c355f3172c5e34a1b471add119cb673eb2564cb3a25736f9871d92,b26bd5f5434f7aae5e231011fef006809413876d4eb2c5433891e81acff3e79b
subject_adapted,Table V,wbcic_2c,sub-033,SingLEM,CBraMod,0.9357142857142857,0.8642857142857143,0.071428571429,0027fefc7a49e0d06f6c8c5541fdfbda4bd5fda677866e9ec6057e6c13e80ead,9351c11ae1244d3765914b490eb495458a98548fcf26f0748a2a46ea1d3deb1c
subject_adapted,Table V,wbcic_2c,sub-034,SingLEM,CBraMod,0.6285714285714286,0.5857142857142857,0.042857142857,822b7bd7b2ba37d5c162a4708f511a6b1405870c524e1c558b825b242e28875a,9d013b94e175f58a13de4c5e8df3e68086ebc4aa9dc94c687aad7810c360538e
subject_adapted,Table V,wbcic_2c,sub-035,SingLEM,CBraMod,0.9714285714285714,0.95,0.021428571429,b53072f18facea2b9ac816a1461d433f6745ea34c5ddb0bb010755eca4199312,8fc23fce70f80e2de404e59208ad7ca8511ac86ffdcaea4135069d6d1cb7f4ff
subject_adapted,Table V,wbcic_2c,sub-036,SingLEM,CBraMod,0.8714285714285714,0.8357142857142857,0.035714285714,122d2219d8ab597f0e9d2aee0d3e3725af134fef6ef83339c02ba20fc32b9296,01d9e6a960eb6de7baa1ec5afff91d5fedb353a013e1c7d521e2fa1220cbc23f
subject_adapted,Table V,wbcic_2c,sub-037,SingLEM,CBraMod,0.9142857142857143,0.9,0.014285714286,84885a259389078c95c133b69edc5f5d39142fc44a2d214df92bd8e9cda78d8b,84a32a425c749bd21ea5b3cd28b479eb795fa9b9f8f0494f069c376392675637
subject_adapted,Table V,wbcic_2c,sub-038,SingLEM,CBraMod,0.5928571428571429,0.6357142857142857,-0.042857142857,f0f505a3350c21e87219dcf5cafe0a20076437192c427067e6f7e38568283c6f,5bed51ac76912dea6d2ff53ab0547c2f6bdeb830305d43d92d0ded24992fd644
subject_adapted,Table V,wbcic_2c,sub-039,SingLEM,CBraMod,0.5428571428571428,0.6285714285714286,-0.085714285714,403880041abfca0af6ef1f1d02202d9fd83911a0442b5fda36b269267c11df1c,52c2c1a0c2a7e1f67be3a554c65a6ad9ba7c0963b37d02b47483d1ed4f9c3ef0
subject_adapted,Table V,wbcic_2c,sub-040,SingLEM,CBraMod,0.8428571428571429,0.7642857142857142,0.078571428571,5d9f42a2357afd3f89211929d0fac3787e3e847eb37f14e5a2728499bfe61503,d93e40f36e319ce7ec0e95119ad706afa3cb637ee18bc36089654fe079d43cef
subject_adapted,Table V,wbcic_2c,sub-041,SingLEM,CBraMod,0.8857142857142857,0.9357142857142857,-0.05,1fa26c17e5e086111a692ca2f32c3b01876e976e921f2f2d45bfcfee27ffeccd,4fb40cc8a98bdeda652d1d1b0b9c0e0a1507f86574a05f036f0c40437daa5073
subject_adapted,Table V,wbcic_2c,sub-042,SingLEM,CBraMod,0.8071428571428572,0.7214285714285714,0.085714285714,3660e0bab1f35d20f9e9356cf8908051f61f1af1d8c3a6a88a5adde82b5e33e7,da792081cf8d3d2a21331f9f6407b9d9a7e449344b62a6e4854c2e123380167c
subject_adapted,Table V,wbcic_2c,sub-043,SingLEM,CBraMod,0.9857142857142858,0.9571428571428572,0.028571428571,0f81ae58f88ab9673bb4ca7581b8c2a781ed61d645979c8c12f49eb5ee5be238,4d5b8f3022a2b7a4fbd4f3dc69d83abb3ec71cc21b791219afe34bf534abda79
subject_adapted,Table V,wbcic_2c,sub-044,SingLEM,CBraMod,0.7214285714285714,0.6714285714285714,0.05,c909fdee95a880c792c29caf33b28d7e4a7d602f86e5422574dc3f1a51b28da0,8f5c809b4efcadb51f61a4a2390a3d3e84f0321071e102339f9c1e6106dcac95
subject_adapted,Table V,wbcic_2c,sub-045,SingLEM,CBraMod,0.8285714285714286,0.7785714285714286,0.05,45aee6b88d4b135fb190e20aba63d48f9840ce33e2c1c40b90dd8daa6dc4456a,658324fa3c4e8ca5a70e9bdd51c4460b05b45843e531b234a559523250bfc63d
subject_adapted,Table V,wbcic_2c,sub-046,SingLEM,CBraMod,0.9785714285714285,0.9357142857142857,0.042857142857,9decf8ec7fdee4e951145ff16d9576434ad22c43b409995f988126cffa4fb94f,fce79ff8e90d0034d6ebc920d8eec2d78cdc85f27c904062570cf1967fa04752
subject_adapted,Table V,wbcic_2c,sub-047,SingLEM,CBraMod,0.8571428571428571,0.8,0.057142857143,47410c86f68e8cf26871d2c4f68f3046e64d0dd0575e2a6ae22e2e543d9c9508,006a4993e3ca815751a64d7552025dc061b0388955752f0cf03c26021c2c5844
subject_adapted,Table V,wbcic_2c,sub-048,SingLEM,CBraMod,0.8285714285714286,0.8428571428571429,-0.014285714286,9ef036a1c1c43865d9ac4a64be2fa19d95bb7cc5c3fd0439b2ef1f5a4892f020,f5cff70d88f2ccaadd516dc3981cb207e494fa9d02fd2653e1958c04f35b1838
subject_adapted,Table V,wbcic_2c,sub-049,SingLEM,CBraMod,0.8714285714285714,0.7928571428571428,0.078571428571,d293e2828083fc089d716fc84e0f3c4ceb7ca8129d6f0434b71892daef128be9,995713dc681f1fbec5fe7bf943dd74e6806338a2b83d7255f70a78e080990a3e
subject_adapted,Table V,wbcic_2c,sub-050,SingLEM,CBraMod,0.9,0.8714285714285714,0.028571428571,ba5e677fc4f4427eb4abf1f631ea4bb1ecd5cffc08f21255347667a9a0ee176b,5dce5f82d615d1310d09248e576323dc191e115666dd7921a94e1b5e51f7b789
subject_adapted,Table V,wbcic_2c,sub-051,SingLEM,CBraMod,0.8285714285714286,0.7642857142857142,0.064285714286,e3d22e3218779f5f247b197f9e0c50aaf3127e8ee296845b9222072b621ec159,16a3269156a29b048b558fc8571b93a43f82d97d604f9ebae182a550603ae8a3
subject_adapted,Table V,wbcic_2c,sub-001,SingLEM,CodeBrain,0.9071428571428571,0.8357142857142857,0.071428571429,e0d20aa9e3e31b88cff003b19bb6dc5f75f46ff14a2f3c19c134113f3842d013,02dac67ba71632d9aa9235b47b37ee149f41ef9a851017933c6c38c4c410de47
subject_adapted,Table V,wbcic_2c,sub-002,SingLEM,CodeBrain,0.6928571428571428,0.6785714285714286,0.014285714286,9181efc29f9f846c9dcfa468c29e98ffa0efa5fb45c914588c36d8e934da9f96,00f4db4695573e0e8e126508a03593eb305b28056f64a3c0b124a8ad07927e4e
subject_adapted,Table V,wbcic_2c,sub-003,SingLEM,CodeBrain,0.95,0.9428571428571428,0.007142857143,d76e6f03b90a93ec6fd96e2dada0b08a58fefcb140732a30d23fc029583396bb,32e44fe56af38144ab545f6b43a740fb11a685abbf3739726ca6a28466c51eeb
subject_adapted,Table V,wbcic_2c,sub-004,SingLEM,CodeBrain,0.5,0.6214285714285714,-0.121428571429,dedf6dd54f289c51adff3793240b55a6e14ff1a813e87fceac976306aaa93f3e,ee895e8c27e7c09d97b91d951aeeaa5d6cf34ad8af9e7cf341d6b799c71bb586
subject_adapted,Table V,wbcic_2c,sub-005,SingLEM,CodeBrain,0.8714285714285714,0.7785714285714286,0.092857142857,833cada00d5999bf5d921e6bf27ccab3516d49f58157b480d01f33b193e9b97e,ea3a4f67048f108777d279082a339f6562707c588f0c18008761d469d150f83c
subject_adapted,Table V,wbcic_2c,sub-006,SingLEM,CodeBrain,0.8714285714285714,0.85,0.021428571429,9ccfd926229969fc03b3b98d5f50b6d2c1110f21a3ff2aac30bcb226480c42b3,3cd4a1c099884f8cd0e6de604082ad4cef5f2de6f3dbd02c911ab7d693aac41e
subject_adapted,Table V,wbcic_2c,sub-007,SingLEM,CodeBrain,0.7428571428571429,0.7071428571428572,0.035714285714,e9fbd92efa3e0f179a2adb1866d74eebb700e24c20049e2b58c5e1185796d0e2,9866c821441b082dce6248bd617eb4929c48fcfa882a7266fe7a587164f2d3da
subject_adapted,Table V,wbcic_2c,sub-008,SingLEM,CodeBrain,0.9285714285714286,0.8928571428571429,0.035714285714,aeca524ff5f4ee8397d0452d407555bff3e73c03504cd14aeecf9715b83fe97c,eb223ddd2fdca81b23550c7bb5e8789057ca08ae8ccaa1a0c6a2369c68f719a1
subject_adapted,Table V,wbcic_2c,sub-009,SingLEM,CodeBrain,0.8285714285714286,0.6857142857142857,0.142857142857,8c0f9be93d38b78e1e3329c6a0b9a7e422a531e90fb9b5d6f71c11ece33a0256,33db82e4dd057ed82abc6e9dfac123d1b51412bc0c14b96cc9fd891c5ef58fb6
subject_adapted,Table V,wbcic_2c,sub-010,SingLEM,CodeBrain,0.8285714285714286,0.7642857142857142,0.064285714286,aec237812a1e7607421a3e25d5321452dac9beea06f5046acd4e026b1dfe4c2c,348d28e58eb784a29e2891c2d630557054b705edf3d1011c6d4b5e69a3e79cd6
subject_adapted,Table V,wbcic_2c,sub-011,SingLEM,CodeBrain,0.8785714285714286,0.95,-0.071428571429,1204c8bb54c67ad53ed96398f25996cfb20ef769b3bf77b7e56345e1c9a6ce23,f0e43163fcea8e9e8024c1d908e8efbfcf5668fbf4eeefd0c0d8985356bf2b5a
subject_adapted,Table V,wbcic_2c,sub-012,SingLEM,CodeBrain,0.4714285714285714,0.5714285714285714,-0.1,59f24c44f190580afe6721324eaf64f2536e560bb7c44a33be438e7049d1d991,2795bf99214d926233a2e75dc91a7305a3365b8c61ac44cadf87961cc3fd7540
subject_adapted,Table V,wbcic_2c,sub-013,SingLEM,CodeBrain,0.8428571428571429,0.7571428571428571,0.085714285714,02fe002f52b68fe0afe2b5e4d0e013c53d2ab942709fd124436df7683de346d4,269bc651a6ea2874e603a3d3a15bb89b12d76a4d7383c5231136e017dc271845
subject_adapted,Table V,wbcic_2c,sub-014,SingLEM,CodeBrain,0.65,0.55,0.1,3721c3221cbed522720dc77a5247e1d006409b41cae5a43d0a345533bdd6820c,738d0c513a528918a6c5eab7f23ebe94bdc2a485436ff2d97bfb2c46ac4d71f8
subject_adapted,Table V,wbcic_2c,sub-015,SingLEM,CodeBrain,0.8714285714285714,0.7785714285714286,0.092857142857,4efffdddaa64e9cc0cd61a053fcebe0daa288abece99c0662008353ab7483c11,7b42b95790fc2a6451adea7ce0ae6b030cf48f08a1b4069a6c24433d2d962919
subject_adapted,Table V,wbcic_2c,sub-016,SingLEM,CodeBrain,0.6785714285714286,0.7142857142857143,-0.035714285714,0e86e0b7e55e27661012d2e2514f3a9f40b95a0b26a1d8239504282e81bc98b2,d0c5d4b1d9a41ab0e13e995a20bab84accc6a45e715bc33d4783ce0f36b3d511
subject_adapted,Table V,wbcic_2c,sub-017,SingLEM,CodeBrain,0.7857142857142857,0.6714285714285714,0.114285714286,4a3b6c1efef6b35e0acef2dc3203b32d368753943ba00f0ad11e53752f1d8d58,038146548b7754178e0468592535e013df3a85a29fa460d67dd0dd592f9312fb
subject_adapted,Table V,wbcic_2c,sub-018,SingLEM,CodeBrain,0.6428571428571429,0.65,-0.007142857143,ec290e49b88bd90a3883ba50abe4cfedd154f3af155baff30beafcb31cb57279,5546dc83d2fa8331ebcd391507f329f16af8f2643eb9a20b662acb461374515e
subject_adapted,Table V,wbcic_2c,sub-019,SingLEM,CodeBrain,0.7642857142857142,0.7928571428571428,-0.028571428571,21a82b184cc34963bb9273bb043e56ce2b999ae1d43f8e8a2d6cfcecd0905525,a95d37d5a67313c00b817582a41e23e4dad378f2a85f7818a5a24d4831c119cc
subject_adapted,Table V,wbcic_2c,sub-020,SingLEM,CodeBrain,0.9214285714285714,0.9071428571428571,0.014285714286,db27eb65223c25c0099729cd5ab990b85890ce01bd09277e4846e42e0f8c1727,f797550c22168bae8f5088322f1a2deafb8c4d54c74b67ddd10da0b3a9224389
subject_adapted,Table V,wbcic_2c,sub-021,SingLEM,CodeBrain,0.8785714285714286,0.8642857142857143,0.014285714286,1a02f43c3aaec47eb28fabba117245c45a6eeea2e8f45ec925c808276046f92b,3be575fd45a25ab77df7ad601a047292027cf2b24752e3f1bf020f3fde58475e
subject_adapted,Table V,wbcic_2c,sub-022,SingLEM,CodeBrain,0.75,0.6785714285714286,0.071428571429,4cb49b5f9e023dfb0adb386a22dccce7b7b1dfe6dac96ccece835385aa19dbf5,de8e644075f6520bcf242cb5ebfa8020b3d7017427d08be0b290d0017f8b5930
subject_adapted,Table V,wbcic_2c,sub-023,SingLEM,CodeBrain,0.8345323741007195,0.7697841726618705,0.064748201439,00bf8b8ff60e40a620dea1bf5efb7a2fc693bdee4f1beb96c453c1983b164b18,978acd3f59110749e3a6fa35067e93dee8352f634b242c670afebbe4925e3470
subject_adapted,Table V,wbcic_2c,sub-024,SingLEM,CodeBrain,0.9571428571428572,0.9571428571428572,0.0,7edf3b596d2f2eda36c3e88170cb186410142e7860a19ae0344b88ad8b0c2d5f,a11b8c08f3dce8b2e9670e7644d93a0a831be1d4bf7c47727c30103f56926509
subject_adapted,Table V,wbcic_2c,sub-025,SingLEM,CodeBrain,0.9357142857142857,0.8714285714285714,0.064285714286,a56f86c40e24cb5467b4df62bb98e828381d1bed4f429b1fe442b80de2ceefbf,80531071e64c527454f0cf0a72ad3ca6b83de500bbf492a871fb9a33ea0b65e2
subject_adapted,Table V,wbcic_2c,sub-026,SingLEM,CodeBrain,0.9280575539568345,0.935251798561151,-0.007194244604,77d1f07e69c2df34e363bb04201831dca0418d714fe522b0839a55383005bf09,b97564f0e40ae1ae1ab84badbbb17acf75df4a2f35ea5bdc83dccd05bb94f70b
subject_adapted,Table V,wbcic_2c,sub-027,SingLEM,CodeBrain,0.6642857142857143,0.7142857142857143,-0.05,5a92f590725eb8455b51b4a6502e0f0ddd2171dec41b0ed27fdf74eafe1bf62e,5355efa94f23043b6264ff9f0a81ac3ed5243145e4a336ab3b7770fb78d5dc4d
subject_adapted,Table V,wbcic_2c,sub-028,SingLEM,CodeBrain,0.7857142857142857,0.8214285714285714,-0.035714285714,16c0e2b56dae3d4691eab48b1614b2504c4923d9a0aa0acd948915dacbb4cd88,7b252562dfcbfadcb10429c88af385a01cc47388b2b9d7a6d177bbe3df62ec29
subject_adapted,Table V,wbcic_2c,sub-029,SingLEM,CodeBrain,0.5357142857142857,0.6357142857142857,-0.1,bb53e9997d5612f960d5073e01e1b6138e2afd78adaa307d90f85528fad2e846,1a14c6fe37c84c05ec1ec31d3966cdee893a6773ac30a2542437124f84ae3f56
subject_adapted,Table V,wbcic_2c,sub-030,SingLEM,CodeBrain,0.9142857142857143,0.8428571428571429,0.071428571429,5222a5855e9868ae9513d73ae9c2227483a05f5ddfe70409c108535ffb9e5c2f,ca1cdc4591abfcde9ccd5ec472131a48ef1266ba658e0c9e4bc25f16564f539d
subject_adapted,Table V,wbcic_2c,sub-031,SingLEM,CodeBrain,0.8571428571428571,0.8857142857142857,-0.028571428571,3838997b4481fecd7204e18313f5cc2f97b44a5660efbd4d7970b269aa8f0032,ebe71dcce1bc54c1bcec4e01faf7eec43bf97a467e620635771972b9b715ca77
subject_adapted,Table V,wbcic_2c,sub-032,SingLEM,CodeBrain,0.6214285714285714,0.5642857142857143,0.057142857143,aefa2d7b88c355f3172c5e34a1b471add119cb673eb2564cb3a25736f9871d92,b26bd5f5434f7aae5e231011fef006809413876d4eb2c5433891e81acff3e79b
subject_adapted,Table V,wbcic_2c,sub-033,SingLEM,CodeBrain,0.9357142857142857,0.8928571428571429,0.042857142857,0027fefc7a49e0d06f6c8c5541fdfbda4bd5fda677866e9ec6057e6c13e80ead,9351c11ae1244d3765914b490eb495458a98548fcf26f0748a2a46ea1d3deb1c
subject_adapted,Table V,wbcic_2c,sub-034,SingLEM,CodeBrain,0.6285714285714286,0.55,0.078571428571,822b7bd7b2ba37d5c162a4708f511a6b1405870c524e1c558b825b242e28875a,9d013b94e175f58a13de4c5e8df3e68086ebc4aa9dc94c687aad7810c360538e
subject_adapted,Table V,wbcic_2c,sub-035,SingLEM,CodeBrain,0.9714285714285714,0.8785714285714286,0.092857142857,b53072f18facea2b9ac816a1461d433f6745ea34c5ddb0bb010755eca4199312,8fc23fce70f80e2de404e59208ad7ca8511ac86ffdcaea4135069d6d1cb7f4ff
subject_adapted,Table V,wbcic_2c,sub-036,SingLEM,CodeBrain,0.8714285714285714,0.8142857142857143,0.057142857143,122d2219d8ab597f0e9d2aee0d3e3725af134fef6ef83339c02ba20fc32b9296,01d9e6a960eb6de7baa1ec5afff91d5fedb353a013e1c7d521e2fa1220cbc23f
subject_adapted,Table V,wbcic_2c,sub-037,SingLEM,CodeBrain,0.9142857142857143,0.8714285714285714,0.042857142857,84885a259389078c95c133b69edc5f5d39142fc44a2d214df92bd8e9cda78d8b,84a32a425c749bd21ea5b3cd28b479eb795fa9b9f8f0494f069c376392675637
subject_adapted,Table V,wbcic_2c,sub-038,SingLEM,CodeBrain,0.5928571428571429,0.6,-0.007142857143,f0f505a3350c21e87219dcf5cafe0a20076437192c427067e6f7e38568283c6f,5bed51ac76912dea6d2ff53ab0547c2f6bdeb830305d43d92d0ded24992fd644
subject_adapted,Table V,wbcic_2c,sub-039,SingLEM,CodeBrain,0.5428571428571428,0.6071428571428571,-0.064285714286,403880041abfca0af6ef1f1d02202d9fd83911a0442b5fda36b269267c11df1c,52c2c1a0c2a7e1f67be3a554c65a6ad9ba7c0963b37d02b47483d1ed4f9c3ef0
subject_adapted,Table V,wbcic_2c,sub-040,SingLEM,CodeBrain,0.8428571428571429,0.6714285714285714,0.171428571429,5d9f42a2357afd3f89211929d0fac3787e3e847eb37f14e5a2728499bfe61503,d93e40f36e319ce7ec0e95119ad706afa3cb637ee18bc36089654fe079d43cef
subject_adapted,Table V,wbcic_2c,sub-041,SingLEM,CodeBrain,0.8857142857142857,0.8357142857142857,0.05,1fa26c17e5e086111a692ca2f32c3b01876e976e921f2f2d45bfcfee27ffeccd,4fb40cc8a98bdeda652d1d1b0b9c0e0a1507f86574a05f036f0c40437daa5073
subject_adapted,Table V,wbcic_2c,sub-042,SingLEM,CodeBrain,0.8071428571428572,0.7071428571428572,0.1,3660e0bab1f35d20f9e9356cf8908051f61f1af1d8c3a6a88a5adde82b5e33e7,da792081cf8d3d2a21331f9f6407b9d9a7e449344b62a6e4854c2e123380167c
subject_adapted,Table V,wbcic_2c,sub-043,SingLEM,CodeBrain,0.9857142857142858,0.9428571428571428,0.042857142857,0f81ae58f88ab9673bb4ca7581b8c2a781ed61d645979c8c12f49eb5ee5be238,4d5b8f3022a2b7a4fbd4f3dc69d83abb3ec71cc21b791219afe34bf534abda79
subject_adapted,Table V,wbcic_2c,sub-044,SingLEM,CodeBrain,0.7214285714285714,0.6285714285714286,0.092857142857,c909fdee95a880c792c29caf33b28d7e4a7d602f86e5422574dc3f1a51b28da0,8f5c809b4efcadb51f61a4a2390a3d3e84f0321071e102339f9c1e6106dcac95
subject_adapted,Table V,wbcic_2c,sub-045,SingLEM,CodeBrain,0.8285714285714286,0.7928571428571428,0.035714285714,45aee6b88d4b135fb190e20aba63d48f9840ce33e2c1c40b90dd8daa6dc4456a,658324fa3c4e8ca5a70e9bdd51c4460b05b45843e531b234a559523250bfc63d
subject_adapted,Table V,wbcic_2c,sub-046,SingLEM,CodeBrain,0.9785714285714285,0.8642857142857143,0.114285714286,9decf8ec7fdee4e951145ff16d9576434ad22c43b409995f988126cffa4fb94f,fce79ff8e90d0034d6ebc920d8eec2d78cdc85f27c904062570cf1967fa04752
subject_adapted,Table V,wbcic_2c,sub-047,SingLEM,CodeBrain,0.8571428571428571,0.75,0.107142857143,47410c86f68e8cf26871d2c4f68f3046e64d0dd0575e2a6ae22e2e543d9c9508,006a4993e3ca815751a64d7552025dc061b0388955752f0cf03c26021c2c5844
subject_adapted,Table V,wbcic_2c,sub-048,SingLEM,CodeBrain,0.8285714285714286,0.7714285714285715,0.057142857143,9ef036a1c1c43865d9ac4a64be2fa19d95bb7cc5c3fd0439b2ef1f5a4892f020,f5cff70d88f2ccaadd516dc3981cb207e494fa9d02fd2653e1958c04f35b1838
subject_adapted,Table V,wbcic_2c,sub-049,SingLEM,CodeBrain,0.8714285714285714,0.7,0.171428571429,d293e2828083fc089d716fc84e0f3c4ceb7ca8129d6f0434b71892daef128be9,995713dc681f1fbec5fe7bf943dd74e6806338a2b83d7255f70a78e080990a3e
subject_adapted,Table V,wbcic_2c,sub-050,SingLEM,CodeBrain,0.9,0.7285714285714285,0.171428571429,ba5e677fc4f4427eb4abf1f631ea4bb1ecd5cffc08f21255347667a9a0ee176b,5dce5f82d615d1310d09248e576323dc191e115666dd7921a94e1b5e51f7b789
subject_adapted,Table V,wbcic_2c,sub-051,SingLEM,CodeBrain,0.8285714285714286,0.7357142857142858,0.092857142857,e3d22e3218779f5f247b197f9e0c50aaf3127e8ee296845b9222072b621ec159,16a3269156a29b048b558fc8571b93a43f82d97d604f9ebae182a550603ae8a3
subject_adapted,Table V,wbcic_2c,sub-001,SingLEM,CSBrain,0.9071428571428571,0.8785714285714286,0.028571428571,e0d20aa9e3e31b88cff003b19bb6dc5f75f46ff14a2f3c19c134113f3842d013,02dac67ba71632d9aa9235b47b37ee149f41ef9a851017933c6c38c4c410de47
subject_adapted,Table V,wbcic_2c,sub-002,SingLEM,CSBrain,0.6928571428571428,0.6214285714285714,0.071428571429,9181efc29f9f846c9dcfa468c29e98ffa0efa5fb45c914588c36d8e934da9f96,00f4db4695573e0e8e126508a03593eb305b28056f64a3c0b124a8ad07927e4e
subject_adapted,Table V,wbcic_2c,sub-003,SingLEM,CSBrain,0.95,0.9642857142857143,-0.014285714286,d76e6f03b90a93ec6fd96e2dada0b08a58fefcb140732a30d23fc029583396bb,32e44fe56af38144ab545f6b43a740fb11a685abbf3739726ca6a28466c51eeb
subject_adapted,Table V,wbcic_2c,sub-004,SingLEM,CSBrain,0.5,0.6214285714285714,-0.121428571429,dedf6dd54f289c51adff3793240b55a6e14ff1a813e87fceac976306aaa93f3e,ee895e8c27e7c09d97b91d951aeeaa5d6cf34ad8af9e7cf341d6b799c71bb586
subject_adapted,Table V,wbcic_2c,sub-005,SingLEM,CSBrain,0.8714285714285714,0.7642857142857142,0.107142857143,833cada00d5999bf5d921e6bf27ccab3516d49f58157b480d01f33b193e9b97e,ea3a4f67048f108777d279082a339f6562707c588f0c18008761d469d150f83c
subject_adapted,Table V,wbcic_2c,sub-006,SingLEM,CSBrain,0.8714285714285714,0.8785714285714286,-0.007142857143,9ccfd926229969fc03b3b98d5f50b6d2c1110f21a3ff2aac30bcb226480c42b3,3cd4a1c099884f8cd0e6de604082ad4cef5f2de6f3dbd02c911ab7d693aac41e
subject_adapted,Table V,wbcic_2c,sub-007,SingLEM,CSBrain,0.7428571428571429,0.6,0.142857142857,e9fbd92efa3e0f179a2adb1866d74eebb700e24c20049e2b58c5e1185796d0e2,9866c821441b082dce6248bd617eb4929c48fcfa882a7266fe7a587164f2d3da
subject_adapted,Table V,wbcic_2c,sub-008,SingLEM,CSBrain,0.9285714285714286,0.9357142857142857,-0.007142857143,aeca524ff5f4ee8397d0452d407555bff3e73c03504cd14aeecf9715b83fe97c,eb223ddd2fdca81b23550c7bb5e8789057ca08ae8ccaa1a0c6a2369c68f719a1
subject_adapted,Table V,wbcic_2c,sub-009,SingLEM,CSBrain,0.8285714285714286,0.75,0.078571428571,8c0f9be93d38b78e1e3329c6a0b9a7e422a531e90fb9b5d6f71c11ece33a0256,33db82e4dd057ed82abc6e9dfac123d1b51412bc0c14b96cc9fd891c5ef58fb6
subject_adapted,Table V,wbcic_2c,sub-010,SingLEM,CSBrain,0.8285714285714286,0.8071428571428572,0.021428571429,aec237812a1e7607421a3e25d5321452dac9beea06f5046acd4e026b1dfe4c2c,348d28e58eb784a29e2891c2d630557054b705edf3d1011c6d4b5e69a3e79cd6
subject_adapted,Table V,wbcic_2c,sub-011,SingLEM,CSBrain,0.8785714285714286,0.9214285714285714,-0.042857142857,1204c8bb54c67ad53ed96398f25996cfb20ef769b3bf77b7e56345e1c9a6ce23,f0e43163fcea8e9e8024c1d908e8efbfcf5668fbf4eeefd0c0d8985356bf2b5a
subject_adapted,Table V,wbcic_2c,sub-012,SingLEM,CSBrain,0.4714285714285714,0.5285714285714286,-0.057142857143,59f24c44f190580afe6721324eaf64f2536e560bb7c44a33be438e7049d1d991,2795bf99214d926233a2e75dc91a7305a3365b8c61ac44cadf87961cc3fd7540
subject_adapted,Table V,wbcic_2c,sub-013,SingLEM,CSBrain,0.8428571428571429,0.7571428571428571,0.085714285714,02fe002f52b68fe0afe2b5e4d0e013c53d2ab942709fd124436df7683de346d4,269bc651a6ea2874e603a3d3a15bb89b12d76a4d7383c5231136e017dc271845
subject_adapted,Table V,wbcic_2c,sub-014,SingLEM,CSBrain,0.65,0.6357142857142857,0.014285714286,3721c3221cbed522720dc77a5247e1d006409b41cae5a43d0a345533bdd6820c,738d0c513a528918a6c5eab7f23ebe94bdc2a485436ff2d97bfb2c46ac4d71f8
subject_adapted,Table V,wbcic_2c,sub-015,SingLEM,CSBrain,0.8714285714285714,0.8214285714285714,0.05,4efffdddaa64e9cc0cd61a053fcebe0daa288abece99c0662008353ab7483c11,7b42b95790fc2a6451adea7ce0ae6b030cf48f08a1b4069a6c24433d2d962919
subject_adapted,Table V,wbcic_2c,sub-016,SingLEM,CSBrain,0.6785714285714286,0.7571428571428571,-0.078571428571,0e86e0b7e55e27661012d2e2514f3a9f40b95a0b26a1d8239504282e81bc98b2,d0c5d4b1d9a41ab0e13e995a20bab84accc6a45e715bc33d4783ce0f36b3d511
subject_adapted,Table V,wbcic_2c,sub-017,SingLEM,CSBrain,0.7857142857142857,0.7214285714285714,0.064285714286,4a3b6c1efef6b35e0acef2dc3203b32d368753943ba00f0ad11e53752f1d8d58,038146548b7754178e0468592535e013df3a85a29fa460d67dd0dd592f9312fb
subject_adapted,Table V,wbcic_2c,sub-018,SingLEM,CSBrain,0.6428571428571429,0.6214285714285714,0.021428571429,ec290e49b88bd90a3883ba50abe4cfedd154f3af155baff30beafcb31cb57279,5546dc83d2fa8331ebcd391507f329f16af8f2643eb9a20b662acb461374515e
subject_adapted,Table V,wbcic_2c,sub-019,SingLEM,CSBrain,0.7642857142857142,0.8857142857142857,-0.121428571429,21a82b184cc34963bb9273bb043e56ce2b999ae1d43f8e8a2d6cfcecd0905525,a95d37d5a67313c00b817582a41e23e4dad378f2a85f7818a5a24d4831c119cc
subject_adapted,Table V,wbcic_2c,sub-020,SingLEM,CSBrain,0.9214285714285714,0.9428571428571428,-0.021428571429,db27eb65223c25c0099729cd5ab990b85890ce01bd09277e4846e42e0f8c1727,f797550c22168bae8f5088322f1a2deafb8c4d54c74b67ddd10da0b3a9224389
subject_adapted,Table V,wbcic_2c,sub-021,SingLEM,CSBrain,0.8785714285714286,0.8357142857142857,0.042857142857,1a02f43c3aaec47eb28fabba117245c45a6eeea2e8f45ec925c808276046f92b,3be575fd45a25ab77df7ad601a047292027cf2b24752e3f1bf020f3fde58475e
subject_adapted,Table V,wbcic_2c,sub-022,SingLEM,CSBrain,0.75,0.7571428571428571,-0.007142857143,4cb49b5f9e023dfb0adb386a22dccce7b7b1dfe6dac96ccece835385aa19dbf5,de8e644075f6520bcf242cb5ebfa8020b3d7017427d08be0b290d0017f8b5930
subject_adapted,Table V,wbcic_2c,sub-023,SingLEM,CSBrain,0.8345323741007195,0.7841726618705036,0.05035971223,00bf8b8ff60e40a620dea1bf5efb7a2fc693bdee4f1beb96c453c1983b164b18,978acd3f59110749e3a6fa35067e93dee8352f634b242c670afebbe4925e3470
subject_adapted,Table V,wbcic_2c,sub-024,SingLEM,CSBrain,0.9571428571428572,0.9857142857142858,-0.028571428571,7edf3b596d2f2eda36c3e88170cb186410142e7860a19ae0344b88ad8b0c2d5f,a11b8c08f3dce8b2e9670e7644d93a0a831be1d4bf7c47727c30103f56926509
subject_adapted,Table V,wbcic_2c,sub-025,SingLEM,CSBrain,0.9357142857142857,0.9357142857142857,0.0,a56f86c40e24cb5467b4df62bb98e828381d1bed4f429b1fe442b80de2ceefbf,80531071e64c527454f0cf0a72ad3ca6b83de500bbf492a871fb9a33ea0b65e2
subject_adapted,Table V,wbcic_2c,sub-026,SingLEM,CSBrain,0.9280575539568345,0.9424460431654677,-0.014388489209,77d1f07e69c2df34e363bb04201831dca0418d714fe522b0839a55383005bf09,b97564f0e40ae1ae1ab84badbbb17acf75df4a2f35ea5bdc83dccd05bb94f70b
subject_adapted,Table V,wbcic_2c,sub-027,SingLEM,CSBrain,0.6642857142857143,0.7571428571428571,-0.092857142857,5a92f590725eb8455b51b4a6502e0f0ddd2171dec41b0ed27fdf74eafe1bf62e,5355efa94f23043b6264ff9f0a81ac3ed5243145e4a336ab3b7770fb78d5dc4d
subject_adapted,Table V,wbcic_2c,sub-028,SingLEM,CSBrain,0.7857142857142857,0.8428571428571429,-0.057142857143,16c0e2b56dae3d4691eab48b1614b2504c4923d9a0aa0acd948915dacbb4cd88,7b252562dfcbfadcb10429c88af385a01cc47388b2b9d7a6d177bbe3df62ec29
subject_adapted,Table V,wbcic_2c,sub-029,SingLEM,CSBrain,0.5357142857142857,0.7357142857142858,-0.2,bb53e9997d5612f960d5073e01e1b6138e2afd78adaa307d90f85528fad2e846,1a14c6fe37c84c05ec1ec31d3966cdee893a6773ac30a2542437124f84ae3f56
subject_adapted,Table V,wbcic_2c,sub-030,SingLEM,CSBrain,0.9142857142857143,0.9642857142857143,-0.05,5222a5855e9868ae9513d73ae9c2227483a05f5ddfe70409c108535ffb9e5c2f,ca1cdc4591abfcde9ccd5ec472131a48ef1266ba658e0c9e4bc25f16564f539d
subject_adapted,Table V,wbcic_2c,sub-031,SingLEM,CSBrain,0.8571428571428571,0.9214285714285714,-0.064285714286,3838997b4481fecd7204e18313f5cc2f97b44a5660efbd4d7970b269aa8f0032,ebe71dcce1bc54c1bcec4e01faf7eec43bf97a467e620635771972b9b715ca77
subject_adapted,Table V,wbcic_2c,sub-032,SingLEM,CSBrain,0.6214285714285714,0.5428571428571428,0.078571428571,aefa2d7b88c355f3172c5e34a1b471add119cb673eb2564cb3a25736f9871d92,b26bd5f5434f7aae5e231011fef006809413876d4eb2c5433891e81acff3e79b
subject_adapted,Table V,wbcic_2c,sub-033,SingLEM,CSBrain,0.9357142857142857,0.95,-0.014285714286,0027fefc7a49e0d06f6c8c5541fdfbda4bd5fda677866e9ec6057e6c13e80ead,9351c11ae1244d3765914b490eb495458a98548fcf26f0748a2a46ea1d3deb1c
subject_adapted,Table V,wbcic_2c,sub-034,SingLEM,CSBrain,0.6285714285714286,0.5571428571428572,0.071428571429,822b7bd7b2ba37d5c162a4708f511a6b1405870c524e1c558b825b242e28875a,9d013b94e175f58a13de4c5e8df3e68086ebc4aa9dc94c687aad7810c360538e
subject_adapted,Table V,wbcic_2c,sub-035,SingLEM,CSBrain,0.9714285714285714,0.9428571428571428,0.028571428571,b53072f18facea2b9ac816a1461d433f6745ea34c5ddb0bb010755eca4199312,8fc23fce70f80e2de404e59208ad7ca8511ac86ffdcaea4135069d6d1cb7f4ff
subject_adapted,Table V,wbcic_2c,sub-036,SingLEM,CSBrain,0.8714285714285714,0.8428571428571429,0.028571428571,122d2219d8ab597f0e9d2aee0d3e3725af134fef6ef83339c02ba20fc32b9296,01d9e6a960eb6de7baa1ec5afff91d5fedb353a013e1c7d521e2fa1220cbc23f
subject_adapted,Table V,wbcic_2c,sub-037,SingLEM,CSBrain,0.9142857142857143,0.8857142857142857,0.028571428571,84885a259389078c95c133b69edc5f5d39142fc44a2d214df92bd8e9cda78d8b,84a32a425c749bd21ea5b3cd28b479eb795fa9b9f8f0494f069c376392675637
subject_adapted,Table V,wbcic_2c,sub-038,SingLEM,CSBrain,0.5928571428571429,0.5571428571428572,0.035714285714,f0f505a3350c21e87219dcf5cafe0a20076437192c427067e6f7e38568283c6f,5bed51ac76912dea6d2ff53ab0547c2f6bdeb830305d43d92d0ded24992fd644
subject_adapted,Table V,wbcic_2c,sub-039,SingLEM,CSBrain,0.5428571428571428,0.7142857142857143,-0.171428571429,403880041abfca0af6ef1f1d02202d9fd83911a0442b5fda36b269267c11df1c,52c2c1a0c2a7e1f67be3a554c65a6ad9ba7c0963b37d02b47483d1ed4f9c3ef0
subject_adapted,Table V,wbcic_2c,sub-040,SingLEM,CSBrain,0.8428571428571429,0.7857142857142857,0.057142857143,5d9f42a2357afd3f89211929d0fac3787e3e847eb37f14e5a2728499bfe61503,d93e40f36e319ce7ec0e95119ad706afa3cb637ee18bc36089654fe079d43cef
subject_adapted,Table V,wbcic_2c,sub-041,SingLEM,CSBrain,0.8857142857142857,0.9,-0.014285714286,1fa26c17e5e086111a692ca2f32c3b01876e976e921f2f2d45bfcfee27ffeccd,4fb40cc8a98bdeda652d1d1b0b9c0e0a1507f86574a05f036f0c40437daa5073
subject_adapted,Table V,wbcic_2c,sub-042,SingLEM,CSBrain,0.8071428571428572,0.8,0.007142857143,3660e0bab1f35d20f9e9356cf8908051f61f1af1d8c3a6a88a5adde82b5e33e7,da792081cf8d3d2a21331f9f6407b9d9a7e449344b62a6e4854c2e123380167c
subject_adapted,Table V,wbcic_2c,sub-043,SingLEM,CSBrain,0.9857142857142858,0.9785714285714285,0.007142857143,0f81ae58f88ab9673bb4ca7581b8c2a781ed61d645979c8c12f49eb5ee5be238,4d5b8f3022a2b7a4fbd4f3dc69d83abb3ec71cc21b791219afe34bf534abda79
subject_adapted,Table V,wbcic_2c,sub-044,SingLEM,CSBrain,0.7214285714285714,0.6357142857142857,0.085714285714,c909fdee95a880c792c29caf33b28d7e4a7d602f86e5422574dc3f1a51b28da0,8f5c809b4efcadb51f61a4a2390a3d3e84f0321071e102339f9c1e6106dcac95
subject_adapted,Table V,wbcic_2c,sub-045,SingLEM,CSBrain,0.8285714285714286,0.8,0.028571428571,45aee6b88d4b135fb190e20aba63d48f9840ce33e2c1c40b90dd8daa6dc4456a,658324fa3c4e8ca5a70e9bdd51c4460b05b45843e531b234a559523250bfc63d
subject_adapted,Table V,wbcic_2c,sub-046,SingLEM,CSBrain,0.9785714285714285,0.95,0.028571428571,9decf8ec7fdee4e951145ff16d9576434ad22c43b409995f988126cffa4fb94f,fce79ff8e90d0034d6ebc920d8eec2d78cdc85f27c904062570cf1967fa04752
subject_adapted,Table V,wbcic_2c,sub-047,SingLEM,CSBrain,0.8571428571428571,0.8071428571428572,0.05,47410c86f68e8cf26871d2c4f68f3046e64d0dd0575e2a6ae22e2e543d9c9508,006a4993e3ca815751a64d7552025dc061b0388955752f0cf03c26021c2c5844
subject_adapted,Table V,wbcic_2c,sub-048,SingLEM,CSBrain,0.8285714285714286,0.8357142857142857,-0.007142857143,9ef036a1c1c43865d9ac4a64be2fa19d95bb7cc5c3fd0439b2ef1f5a4892f020,f5cff70d88f2ccaadd516dc3981cb207e494fa9d02fd2653e1958c04f35b1838
subject_adapted,Table V,wbcic_2c,sub-049,SingLEM,CSBrain,0.8714285714285714,0.7714285714285715,0.1,d293e2828083fc089d716fc84e0f3c4ceb7ca8129d6f0434b71892daef128be9,995713dc681f1fbec5fe7bf943dd74e6806338a2b83d7255f70a78e080990a3e
subject_adapted,Table V,wbcic_2c,sub-050,SingLEM,CSBrain,0.9,0.8071428571428572,0.092857142857,ba5e677fc4f4427eb4abf1f631ea4bb1ecd5cffc08f21255347667a9a0ee176b,5dce5f82d615d1310d09248e576323dc191e115666dd7921a94e1b5e51f7b789
subject_adapted,Table V,wbcic_2c,sub-051,SingLEM,CSBrain,0.8285714285714286,0.7857142857142857,0.042857142857,e3d22e3218779f5f247b197f9e0c50aaf3127e8ee296845b9222072b621ec159,16a3269156a29b048b558fc8571b93a43f82d97d604f9ebae182a550603ae8a3
subject_adapted,Table V,wbcic_2c,sub-001,SingLEM,LUNA,0.9071428571428571,0.5571428571428572,0.35,e0d20aa9e3e31b88cff003b19bb6dc5f75f46ff14a2f3c19c134113f3842d013,02dac67ba71632d9aa9235b47b37ee149f41ef9a851017933c6c38c4c410de47
subject_adapted,Table V,wbcic_2c,sub-002,SingLEM,LUNA,0.6928571428571428,0.6642857142857143,0.028571428571,9181efc29f9f846c9dcfa468c29e98ffa0efa5fb45c914588c36d8e934da9f96,00f4db4695573e0e8e126508a03593eb305b28056f64a3c0b124a8ad07927e4e
subject_adapted,Table V,wbcic_2c,sub-003,SingLEM,LUNA,0.95,0.7142857142857143,0.235714285714,d76e6f03b90a93ec6fd96e2dada0b08a58fefcb140732a30d23fc029583396bb,32e44fe56af38144ab545f6b43a740fb11a685abbf3739726ca6a28466c51eeb
subject_adapted,Table V,wbcic_2c,sub-004,SingLEM,LUNA,0.5,0.5428571428571428,-0.042857142857,dedf6dd54f289c51adff3793240b55a6e14ff1a813e87fceac976306aaa93f3e,ee895e8c27e7c09d97b91d951aeeaa5d6cf34ad8af9e7cf341d6b799c71bb586
subject_adapted,Table V,wbcic_2c,sub-005,SingLEM,LUNA,0.8714285714285714,0.6357142857142857,0.235714285714,833cada00d5999bf5d921e6bf27ccab3516d49f58157b480d01f33b193e9b97e,ea3a4f67048f108777d279082a339f6562707c588f0c18008761d469d150f83c
subject_adapted,Table V,wbcic_2c,sub-006,SingLEM,LUNA,0.8714285714285714,0.5285714285714286,0.342857142857,9ccfd926229969fc03b3b98d5f50b6d2c1110f21a3ff2aac30bcb226480c42b3,3cd4a1c099884f8cd0e6de604082ad4cef5f2de6f3dbd02c911ab7d693aac41e
subject_adapted,Table V,wbcic_2c,sub-007,SingLEM,LUNA,0.7428571428571429,0.5214285714285715,0.221428571429,e9fbd92efa3e0f179a2adb1866d74eebb700e24c20049e2b58c5e1185796d0e2,9866c821441b082dce6248bd617eb4929c48fcfa882a7266fe7a587164f2d3da
subject_adapted,Table V,wbcic_2c,sub-008,SingLEM,LUNA,0.9285714285714286,0.7785714285714286,0.15,aeca524ff5f4ee8397d0452d407555bff3e73c03504cd14aeecf9715b83fe97c,eb223ddd2fdca81b23550c7bb5e8789057ca08ae8ccaa1a0c6a2369c68f719a1
subject_adapted,Table V,wbcic_2c,sub-009,SingLEM,LUNA,0.8285714285714286,0.5428571428571428,0.285714285714,8c0f9be93d38b78e1e3329c6a0b9a7e422a531e90fb9b5d6f71c11ece33a0256,33db82e4dd057ed82abc6e9dfac123d1b51412bc0c14b96cc9fd891c5ef58fb6
subject_adapted,Table V,wbcic_2c,sub-010,SingLEM,LUNA,0.8285714285714286,0.65,0.178571428571,aec237812a1e7607421a3e25d5321452dac9beea06f5046acd4e026b1dfe4c2c,348d28e58eb784a29e2891c2d630557054b705edf3d1011c6d4b5e69a3e79cd6
subject_adapted,Table V,wbcic_2c,sub-011,SingLEM,LUNA,0.8785714285714286,0.7357142857142858,0.142857142857,1204c8bb54c67ad53ed96398f25996cfb20ef769b3bf77b7e56345e1c9a6ce23,f0e43163fcea8e9e8024c1d908e8efbfcf5668fbf4eeefd0c0d8985356bf2b5a
subject_adapted,Table V,wbcic_2c,sub-012,SingLEM,LUNA,0.4714285714285714,0.5071428571428571,-0.035714285714,59f24c44f190580afe6721324eaf64f2536e560bb7c44a33be438e7049d1d991,2795bf99214d926233a2e75dc91a7305a3365b8c61ac44cadf87961cc3fd7540
subject_adapted,Table V,wbcic_2c,sub-013,SingLEM,LUNA,0.8428571428571429,0.5928571428571429,0.25,02fe002f52b68fe0afe2b5e4d0e013c53d2ab942709fd124436df7683de346d4,269bc651a6ea2874e603a3d3a15bb89b12d76a4d7383c5231136e017dc271845
subject_adapted,Table V,wbcic_2c,sub-014,SingLEM,LUNA,0.65,0.5357142857142857,0.114285714286,3721c3221cbed522720dc77a5247e1d006409b41cae5a43d0a345533bdd6820c,738d0c513a528918a6c5eab7f23ebe94bdc2a485436ff2d97bfb2c46ac4d71f8
subject_adapted,Table V,wbcic_2c,sub-015,SingLEM,LUNA,0.8714285714285714,0.5357142857142857,0.335714285714,4efffdddaa64e9cc0cd61a053fcebe0daa288abece99c0662008353ab7483c11,7b42b95790fc2a6451adea7ce0ae6b030cf48f08a1b4069a6c24433d2d962919
subject_adapted,Table V,wbcic_2c,sub-016,SingLEM,LUNA,0.6785714285714286,0.5928571428571429,0.085714285714,0e86e0b7e55e27661012d2e2514f3a9f40b95a0b26a1d8239504282e81bc98b2,d0c5d4b1d9a41ab0e13e995a20bab84accc6a45e715bc33d4783ce0f36b3d511
subject_adapted,Table V,wbcic_2c,sub-017,SingLEM,LUNA,0.7857142857142857,0.6785714285714286,0.107142857143,4a3b6c1efef6b35e0acef2dc3203b32d368753943ba00f0ad11e53752f1d8d58,038146548b7754178e0468592535e013df3a85a29fa460d67dd0dd592f9312fb
subject_adapted,Table V,wbcic_2c,sub-018,SingLEM,LUNA,0.6428571428571429,0.55,0.092857142857,ec290e49b88bd90a3883ba50abe4cfedd154f3af155baff30beafcb31cb57279,5546dc83d2fa8331ebcd391507f329f16af8f2643eb9a20b662acb461374515e
subject_adapted,Table V,wbcic_2c,sub-019,SingLEM,LUNA,0.7642857142857142,0.6928571428571428,0.071428571429,21a82b184cc34963bb9273bb043e56ce2b999ae1d43f8e8a2d6cfcecd0905525,a95d37d5a67313c00b817582a41e23e4dad378f2a85f7818a5a24d4831c119cc
subject_adapted,Table V,wbcic_2c,sub-020,SingLEM,LUNA,0.9214285714285714,0.6571428571428571,0.264285714286,db27eb65223c25c0099729cd5ab990b85890ce01bd09277e4846e42e0f8c1727,f797550c22168bae8f5088322f1a2deafb8c4d54c74b67ddd10da0b3a9224389
subject_adapted,Table V,wbcic_2c,sub-021,SingLEM,LUNA,0.8785714285714286,0.7071428571428572,0.171428571429,1a02f43c3aaec47eb28fabba117245c45a6eeea2e8f45ec925c808276046f92b,3be575fd45a25ab77df7ad601a047292027cf2b24752e3f1bf020f3fde58475e
subject_adapted,Table V,wbcic_2c,sub-022,SingLEM,LUNA,0.75,0.5428571428571428,0.207142857143,4cb49b5f9e023dfb0adb386a22dccce7b7b1dfe6dac96ccece835385aa19dbf5,de8e644075f6520bcf242cb5ebfa8020b3d7017427d08be0b290d0017f8b5930
subject_adapted,Table V,wbcic_2c,sub-023,SingLEM,LUNA,0.8345323741007195,0.6402877697841727,0.194244604317,00bf8b8ff60e40a620dea1bf5efb7a2fc693bdee4f1beb96c453c1983b164b18,978acd3f59110749e3a6fa35067e93dee8352f634b242c670afebbe4925e3470
subject_adapted,Table V,wbcic_2c,sub-024,SingLEM,LUNA,0.9571428571428572,0.7071428571428572,0.25,7edf3b596d2f2eda36c3e88170cb186410142e7860a19ae0344b88ad8b0c2d5f,a11b8c08f3dce8b2e9670e7644d93a0a831be1d4bf7c47727c30103f56926509
subject_adapted,Table V,wbcic_2c,sub-025,SingLEM,LUNA,0.9357142857142857,0.6928571428571428,0.242857142857,a56f86c40e24cb5467b4df62bb98e828381d1bed4f429b1fe442b80de2ceefbf,80531071e64c527454f0cf0a72ad3ca6b83de500bbf492a871fb9a33ea0b65e2
subject_adapted,Table V,wbcic_2c,sub-026,SingLEM,LUNA,0.9280575539568345,0.6187050359712231,0.309352517986,77d1f07e69c2df34e363bb04201831dca0418d714fe522b0839a55383005bf09,b97564f0e40ae1ae1ab84badbbb17acf75df4a2f35ea5bdc83dccd05bb94f70b
subject_adapted,Table V,wbcic_2c,sub-027,SingLEM,LUNA,0.6642857142857143,0.5428571428571428,0.121428571429,5a92f590725eb8455b51b4a6502e0f0ddd2171dec41b0ed27fdf74eafe1bf62e,5355efa94f23043b6264ff9f0a81ac3ed5243145e4a336ab3b7770fb78d5dc4d
subject_adapted,Table V,wbcic_2c,sub-028,SingLEM,LUNA,0.7857142857142857,0.6357142857142857,0.15,16c0e2b56dae3d4691eab48b1614b2504c4923d9a0aa0acd948915dacbb4cd88,7b252562dfcbfadcb10429c88af385a01cc47388b2b9d7a6d177bbe3df62ec29
subject_adapted,Table V,wbcic_2c,sub-029,SingLEM,LUNA,0.5357142857142857,0.5214285714285715,0.014285714286,bb53e9997d5612f960d5073e01e1b6138e2afd78adaa307d90f85528fad2e846,1a14c6fe37c84c05ec1ec31d3966cdee893a6773ac30a2542437124f84ae3f56
subject_adapted,Table V,wbcic_2c,sub-030,SingLEM,LUNA,0.9142857142857143,0.6285714285714286,0.285714285714,5222a5855e9868ae9513d73ae9c2227483a05f5ddfe70409c108535ffb9e5c2f,ca1cdc4591abfcde9ccd5ec472131a48ef1266ba658e0c9e4bc25f16564f539d
subject_adapted,Table V,wbcic_2c,sub-031,SingLEM,LUNA,0.8571428571428571,0.7214285714285714,0.135714285714,3838997b4481fecd7204e18313f5cc2f97b44a5660efbd4d7970b269aa8f0032,ebe71dcce1bc54c1bcec4e01faf7eec43bf97a467e620635771972b9b715ca77
subject_adapted,Table V,wbcic_2c,sub-032,SingLEM,LUNA,0.6214285714285714,0.4857142857142857,0.135714285714,aefa2d7b88c355f3172c5e34a1b471add119cb673eb2564cb3a25736f9871d92,b26bd5f5434f7aae5e231011fef006809413876d4eb2c5433891e81acff3e79b
subject_adapted,Table V,wbcic_2c,sub-033,SingLEM,LUNA,0.9357142857142857,0.6785714285714286,0.257142857143,0027fefc7a49e0d06f6c8c5541fdfbda4bd5fda677866e9ec6057e6c13e80ead,9351c11ae1244d3765914b490eb495458a98548fcf26f0748a2a46ea1d3deb1c
subject_adapted,Table V,wbcic_2c,sub-034,SingLEM,LUNA,0.6285714285714286,0.4857142857142857,0.142857142857,822b7bd7b2ba37d5c162a4708f511a6b1405870c524e1c558b825b242e28875a,9d013b94e175f58a13de4c5e8df3e68086ebc4aa9dc94c687aad7810c360538e
subject_adapted,Table V,wbcic_2c,sub-035,SingLEM,LUNA,0.9714285714285714,0.65,0.321428571429,b53072f18facea2b9ac816a1461d433f6745ea34c5ddb0bb010755eca4199312,8fc23fce70f80e2de404e59208ad7ca8511ac86ffdcaea4135069d6d1cb7f4ff
subject_adapted,Table V,wbcic_2c,sub-036,SingLEM,LUNA,0.8714285714285714,0.6285714285714286,0.242857142857,122d2219d8ab597f0e9d2aee0d3e3725af134fef6ef83339c02ba20fc32b9296,01d9e6a960eb6de7baa1ec5afff91d5fedb353a013e1c7d521e2fa1220cbc23f
subject_adapted,Table V,wbcic_2c,sub-037,SingLEM,LUNA,0.9142857142857143,0.6285714285714286,0.285714285714,84885a259389078c95c133b69edc5f5d39142fc44a2d214df92bd8e9cda78d8b,84a32a425c749bd21ea5b3cd28b479eb795fa9b9f8f0494f069c376392675637
subject_adapted,Table V,wbcic_2c,sub-038,SingLEM,LUNA,0.5928571428571429,0.55,0.042857142857,f0f505a3350c21e87219dcf5cafe0a20076437192c427067e6f7e38568283c6f,5bed51ac76912dea6d2ff53ab0547c2f6bdeb830305d43d92d0ded24992fd644
subject_adapted,Table V,wbcic_2c,sub-039,SingLEM,LUNA,0.5428571428571428,0.4857142857142857,0.057142857143,403880041abfca0af6ef1f1d02202d9fd83911a0442b5fda36b269267c11df1c,52c2c1a0c2a7e1f67be3a554c65a6ad9ba7c0963b37d02b47483d1ed4f9c3ef0
subject_adapted,Table V,wbcic_2c,sub-040,SingLEM,LUNA,0.8428571428571429,0.5642857142857143,0.278571428571,5d9f42a2357afd3f89211929d0fac3787e3e847eb37f14e5a2728499bfe61503,d93e40f36e319ce7ec0e95119ad706afa3cb637ee18bc36089654fe079d43cef
subject_adapted,Table V,wbcic_2c,sub-041,SingLEM,LUNA,0.8857142857142857,0.6357142857142857,0.25,1fa26c17e5e086111a692ca2f32c3b01876e976e921f2f2d45bfcfee27ffeccd,4fb40cc8a98bdeda652d1d1b0b9c0e0a1507f86574a05f036f0c40437daa5073
subject_adapted,Table V,wbcic_2c,sub-042,SingLEM,LUNA,0.8071428571428572,0.6571428571428571,0.15,3660e0bab1f35d20f9e9356cf8908051f61f1af1d8c3a6a88a5adde82b5e33e7,da792081cf8d3d2a21331f9f6407b9d9a7e449344b62a6e4854c2e123380167c
subject_adapted,Table V,wbcic_2c,sub-043,SingLEM,LUNA,0.9857142857142858,0.75,0.235714285714,0f81ae58f88ab9673bb4ca7581b8c2a781ed61d645979c8c12f49eb5ee5be238,4d5b8f3022a2b7a4fbd4f3dc69d83abb3ec71cc21b791219afe34bf534abda79
subject_adapted,Table V,wbcic_2c,sub-044,SingLEM,LUNA,0.7214285714285714,0.5142857142857142,0.207142857143,c909fdee95a880c792c29caf33b28d7e4a7d602f86e5422574dc3f1a51b28da0,8f5c809b4efcadb51f61a4a2390a3d3e84f0321071e102339f9c1e6106dcac95
subject_adapted,Table V,wbcic_2c,sub-045,SingLEM,LUNA,0.8285714285714286,0.5928571428571429,0.235714285714,45aee6b88d4b135fb190e20aba63d48f9840ce33e2c1c40b90dd8daa6dc4456a,658324fa3c4e8ca5a70e9bdd51c4460b05b45843e531b234a559523250bfc63d
subject_adapted,Table V,wbcic_2c,sub-046,SingLEM,LUNA,0.9785714285714285,0.6285714285714286,0.35,9decf8ec7fdee4e951145ff16d9576434ad22c43b409995f988126cffa4fb94f,fce79ff8e90d0034d6ebc920d8eec2d78cdc85f27c904062570cf1967fa04752
subject_adapted,Table V,wbcic_2c,sub-047,SingLEM,LUNA,0.8571428571428571,0.6214285714285714,0.235714285714,47410c86f68e8cf26871d2c4f68f3046e64d0dd0575e2a6ae22e2e543d9c9508,006a4993e3ca815751a64d7552025dc061b0388955752f0cf03c26021c2c5844
subject_adapted,Table V,wbcic_2c,sub-048,SingLEM,LUNA,0.8285714285714286,0.6857142857142857,0.142857142857,9ef036a1c1c43865d9ac4a64be2fa19d95bb7cc5c3fd0439b2ef1f5a4892f020,f5cff70d88f2ccaadd516dc3981cb207e494fa9d02fd2653e1958c04f35b1838
subject_adapted,Table V,wbcic_2c,sub-049,SingLEM,LUNA,0.8714285714285714,0.36428571428571427,0.507142857143,d293e2828083fc089d716fc84e0f3c4ceb7ca8129d6f0434b71892daef128be9,995713dc681f1fbec5fe7bf943dd74e6806338a2b83d7255f70a78e080990a3e
subject_adapted,Table V,wbcic_2c,sub-050,SingLEM,LUNA,0.9,0.5857142857142857,0.314285714286,ba5e677fc4f4427eb4abf1f631ea4bb1ecd5cffc08f21255347667a9a0ee176b,5dce5f82d615d1310d09248e576323dc191e115666dd7921a94e1b5e51f7b789
subject_adapted,Table V,wbcic_2c,sub-051,SingLEM,LUNA,0.8285714285714286,0.5714285714285714,0.257142857143,e3d22e3218779f5f247b197f9e0c50aaf3127e8ee296845b9222072b621ec159,16a3269156a29b048b558fc8571b93a43f82d97d604f9ebae182a550603ae8a3
subject_adapted,Table V,wbcic_2c,sub-001,SingLEM,MIRepNet,0.9071428571428571,0.7142857142857143,0.192857142857,e0d20aa9e3e31b88cff003b19bb6dc5f75f46ff14a2f3c19c134113f3842d013,02dac67ba71632d9aa9235b47b37ee149f41ef9a851017933c6c38c4c410de47
subject_adapted,Table V,wbcic_2c,sub-002,SingLEM,MIRepNet,0.6928571428571428,0.5214285714285715,0.171428571429,9181efc29f9f846c9dcfa468c29e98ffa0efa5fb45c914588c36d8e934da9f96,00f4db4695573e0e8e126508a03593eb305b28056f64a3c0b124a8ad07927e4e
subject_adapted,Table V,wbcic_2c,sub-003,SingLEM,MIRepNet,0.95,0.5357142857142857,0.414285714286,d76e6f03b90a93ec6fd96e2dada0b08a58fefcb140732a30d23fc029583396bb,32e44fe56af38144ab545f6b43a740fb11a685abbf3739726ca6a28466c51eeb
subject_adapted,Table V,wbcic_2c,sub-004,SingLEM,MIRepNet,0.5,0.5,0.0,dedf6dd54f289c51adff3793240b55a6e14ff1a813e87fceac976306aaa93f3e,ee895e8c27e7c09d97b91d951aeeaa5d6cf34ad8af9e7cf341d6b799c71bb586
subject_adapted,Table V,wbcic_2c,sub-005,SingLEM,MIRepNet,0.8714285714285714,0.8928571428571429,-0.021428571429,833cada00d5999bf5d921e6bf27ccab3516d49f58157b480d01f33b193e9b97e,ea3a4f67048f108777d279082a339f6562707c588f0c18008761d469d150f83c
subject_adapted,Table V,wbcic_2c,sub-006,SingLEM,MIRepNet,0.8714285714285714,0.7071428571428572,0.164285714286,9ccfd926229969fc03b3b98d5f50b6d2c1110f21a3ff2aac30bcb226480c42b3,3cd4a1c099884f8cd0e6de604082ad4cef5f2de6f3dbd02c911ab7d693aac41e
subject_adapted,Table V,wbcic_2c,sub-007,SingLEM,MIRepNet,0.7428571428571429,0.5,0.242857142857,e9fbd92efa3e0f179a2adb1866d74eebb700e24c20049e2b58c5e1185796d0e2,9866c821441b082dce6248bd617eb4929c48fcfa882a7266fe7a587164f2d3da
subject_adapted,Table V,wbcic_2c,sub-008,SingLEM,MIRepNet,0.9285714285714286,0.55,0.378571428571,aeca524ff5f4ee8397d0452d407555bff3e73c03504cd14aeecf9715b83fe97c,eb223ddd2fdca81b23550c7bb5e8789057ca08ae8ccaa1a0c6a2369c68f719a1
subject_adapted,Table V,wbcic_2c,sub-009,SingLEM,MIRepNet,0.8285714285714286,0.4928571428571429,0.335714285714,8c0f9be93d38b78e1e3329c6a0b9a7e422a531e90fb9b5d6f71c11ece33a0256,33db82e4dd057ed82abc6e9dfac123d1b51412bc0c14b96cc9fd891c5ef58fb6
subject_adapted,Table V,wbcic_2c,sub-010,SingLEM,MIRepNet,0.8285714285714286,0.4928571428571429,0.335714285714,aec237812a1e7607421a3e25d5321452dac9beea06f5046acd4e026b1dfe4c2c,348d28e58eb784a29e2891c2d630557054b705edf3d1011c6d4b5e69a3e79cd6
subject_adapted,Table V,wbcic_2c,sub-011,SingLEM,MIRepNet,0.8785714285714286,0.8214285714285714,0.057142857143,1204c8bb54c67ad53ed96398f25996cfb20ef769b3bf77b7e56345e1c9a6ce23,f0e43163fcea8e9e8024c1d908e8efbfcf5668fbf4eeefd0c0d8985356bf2b5a
subject_adapted,Table V,wbcic_2c,sub-012,SingLEM,MIRepNet,0.4714285714285714,0.5642857142857143,-0.092857142857,59f24c44f190580afe6721324eaf64f2536e560bb7c44a33be438e7049d1d991,2795bf99214d926233a2e75dc91a7305a3365b8c61ac44cadf87961cc3fd7540
subject_adapted,Table V,wbcic_2c,sub-013,SingLEM,MIRepNet,0.8428571428571429,0.6071428571428571,0.235714285714,02fe002f52b68fe0afe2b5e4d0e013c53d2ab942709fd124436df7683de346d4,269bc651a6ea2874e603a3d3a15bb89b12d76a4d7383c5231136e017dc271845
subject_adapted,Table V,wbcic_2c,sub-014,SingLEM,MIRepNet,0.65,0.5357142857142857,0.114285714286,3721c3221cbed522720dc77a5247e1d006409b41cae5a43d0a345533bdd6820c,738d0c513a528918a6c5eab7f23ebe94bdc2a485436ff2d97bfb2c46ac4d71f8
subject_adapted,Table V,wbcic_2c,sub-015,SingLEM,MIRepNet,0.8714285714285714,0.6857142857142857,0.185714285714,4efffdddaa64e9cc0cd61a053fcebe0daa288abece99c0662008353ab7483c11,7b42b95790fc2a6451adea7ce0ae6b030cf48f08a1b4069a6c24433d2d962919
subject_adapted,Table V,wbcic_2c,sub-016,SingLEM,MIRepNet,0.6785714285714286,0.5785714285714286,0.1,0e86e0b7e55e27661012d2e2514f3a9f40b95a0b26a1d8239504282e81bc98b2,d0c5d4b1d9a41ab0e13e995a20bab84accc6a45e715bc33d4783ce0f36b3d511
subject_adapted,Table V,wbcic_2c,sub-017,SingLEM,MIRepNet,0.7857142857142857,0.5857142857142857,0.2,4a3b6c1efef6b35e0acef2dc3203b32d368753943ba00f0ad11e53752f1d8d58,038146548b7754178e0468592535e013df3a85a29fa460d67dd0dd592f9312fb
subject_adapted,Table V,wbcic_2c,sub-018,SingLEM,MIRepNet,0.6428571428571429,0.4928571428571429,0.15,ec290e49b88bd90a3883ba50abe4cfedd154f3af155baff30beafcb31cb57279,5546dc83d2fa8331ebcd391507f329f16af8f2643eb9a20b662acb461374515e
subject_adapted,Table V,wbcic_2c,sub-019,SingLEM,MIRepNet,0.7642857142857142,0.6428571428571429,0.121428571429,21a82b184cc34963bb9273bb043e56ce2b999ae1d43f8e8a2d6cfcecd0905525,a95d37d5a67313c00b817582a41e23e4dad378f2a85f7818a5a24d4831c119cc
subject_adapted,Table V,wbcic_2c,sub-020,SingLEM,MIRepNet,0.9214285714285714,0.5071428571428571,0.414285714286,db27eb65223c25c0099729cd5ab990b85890ce01bd09277e4846e42e0f8c1727,f797550c22168bae8f5088322f1a2deafb8c4d54c74b67ddd10da0b3a9224389
subject_adapted,Table V,wbcic_2c,sub-021,SingLEM,MIRepNet,0.8785714285714286,0.6714285714285714,0.207142857143,1a02f43c3aaec47eb28fabba117245c45a6eeea2e8f45ec925c808276046f92b,3be575fd45a25ab77df7ad601a047292027cf2b24752e3f1bf020f3fde58475e
subject_adapted,Table V,wbcic_2c,sub-022,SingLEM,MIRepNet,0.75,0.5857142857142857,0.164285714286,4cb49b5f9e023dfb0adb386a22dccce7b7b1dfe6dac96ccece835385aa19dbf5,de8e644075f6520bcf242cb5ebfa8020b3d7017427d08be0b290d0017f8b5930
subject_adapted,Table V,wbcic_2c,sub-023,SingLEM,MIRepNet,0.8345323741007195,0.7697841726618705,0.064748201439,00bf8b8ff60e40a620dea1bf5efb7a2fc693bdee4f1beb96c453c1983b164b18,978acd3f59110749e3a6fa35067e93dee8352f634b242c670afebbe4925e3470
subject_adapted,Table V,wbcic_2c,sub-024,SingLEM,MIRepNet,0.9571428571428572,0.5928571428571429,0.364285714286,7edf3b596d2f2eda36c3e88170cb186410142e7860a19ae0344b88ad8b0c2d5f,a11b8c08f3dce8b2e9670e7644d93a0a831be1d4bf7c47727c30103f56926509
subject_adapted,Table V,wbcic_2c,sub-025,SingLEM,MIRepNet,0.9357142857142857,0.6642857142857143,0.271428571429,a56f86c40e24cb5467b4df62bb98e828381d1bed4f429b1fe442b80de2ceefbf,80531071e64c527454f0cf0a72ad3ca6b83de500bbf492a871fb9a33ea0b65e2
subject_adapted,Table V,wbcic_2c,sub-026,SingLEM,MIRepNet,0.9280575539568345,0.5179856115107914,0.410071942446,77d1f07e69c2df34e363bb04201831dca0418d714fe522b0839a55383005bf09,b97564f0e40ae1ae1ab84badbbb17acf75df4a2f35ea5bdc83dccd05bb94f70b
subject_adapted,Table V,wbcic_2c,sub-027,SingLEM,MIRepNet,0.6642857142857143,0.5357142857142857,0.128571428571,5a92f590725eb8455b51b4a6502e0f0ddd2171dec41b0ed27fdf74eafe1bf62e,5355efa94f23043b6264ff9f0a81ac3ed5243145e4a336ab3b7770fb78d5dc4d
subject_adapted,Table V,wbcic_2c,sub-028,SingLEM,MIRepNet,0.7857142857142857,0.8571428571428571,-0.071428571429,16c0e2b56dae3d4691eab48b1614b2504c4923d9a0aa0acd948915dacbb4cd88,7b252562dfcbfadcb10429c88af385a01cc47388b2b9d7a6d177bbe3df62ec29
subject_adapted,Table V,wbcic_2c,sub-029,SingLEM,MIRepNet,0.5357142857142857,0.9214285714285714,-0.385714285714,bb53e9997d5612f960d5073e01e1b6138e2afd78adaa307d90f85528fad2e846,1a14c6fe37c84c05ec1ec31d3966cdee893a6773ac30a2542437124f84ae3f56
subject_adapted,Table V,wbcic_2c,sub-030,SingLEM,MIRepNet,0.9142857142857143,0.5857142857142857,0.328571428571,5222a5855e9868ae9513d73ae9c2227483a05f5ddfe70409c108535ffb9e5c2f,ca1cdc4591abfcde9ccd5ec472131a48ef1266ba658e0c9e4bc25f16564f539d
subject_adapted,Table V,wbcic_2c,sub-031,SingLEM,MIRepNet,0.8571428571428571,0.6285714285714286,0.228571428571,3838997b4481fecd7204e18313f5cc2f97b44a5660efbd4d7970b269aa8f0032,ebe71dcce1bc54c1bcec4e01faf7eec43bf97a467e620635771972b9b715ca77
subject_adapted,Table V,wbcic_2c,sub-032,SingLEM,MIRepNet,0.6214285714285714,0.6357142857142857,-0.014285714286,aefa2d7b88c355f3172c5e34a1b471add119cb673eb2564cb3a25736f9871d92,b26bd5f5434f7aae5e231011fef006809413876d4eb2c5433891e81acff3e79b
subject_adapted,Table V,wbcic_2c,sub-033,SingLEM,MIRepNet,0.9357142857142857,0.7642857142857142,0.171428571429,0027fefc7a49e0d06f6c8c5541fdfbda4bd5fda677866e9ec6057e6c13e80ead,9351c11ae1244d3765914b490eb495458a98548fcf26f0748a2a46ea1d3deb1c
subject_adapted,Table V,wbcic_2c,sub-034,SingLEM,MIRepNet,0.6285714285714286,0.5928571428571429,0.035714285714,822b7bd7b2ba37d5c162a4708f511a6b1405870c524e1c558b825b242e28875a,9d013b94e175f58a13de4c5e8df3e68086ebc4aa9dc94c687aad7810c360538e
subject_adapted,Table V,wbcic_2c,sub-035,SingLEM,MIRepNet,0.9714285714285714,0.5142857142857142,0.457142857143,b53072f18facea2b9ac816a1461d433f6745ea34c5ddb0bb010755eca4199312,8fc23fce70f80e2de404e59208ad7ca8511ac86ffdcaea4135069d6d1cb7f4ff
subject_adapted,Table V,wbcic_2c,sub-036,SingLEM,MIRepNet,0.8714285714285714,0.7071428571428572,0.164285714286,122d2219d8ab597f0e9d2aee0d3e3725af134fef6ef83339c02ba20fc32b9296,01d9e6a960eb6de7baa1ec5afff91d5fedb353a013e1c7d521e2fa1220cbc23f
subject_adapted,Table V,wbcic_2c,sub-037,SingLEM,MIRepNet,0.9142857142857143,0.5857142857142857,0.328571428571,84885a259389078c95c133b69edc5f5d39142fc44a2d214df92bd8e9cda78d8b,84a32a425c749bd21ea5b3cd28b479eb795fa9b9f8f0494f069c376392675637
subject_adapted,Table V,wbcic_2c,sub-038,SingLEM,MIRepNet,0.5928571428571429,0.5285714285714286,0.064285714286,f0f505a3350c21e87219dcf5cafe0a20076437192c427067e6f7e38568283c6f,5bed51ac76912dea6d2ff53ab0547c2f6bdeb830305d43d92d0ded24992fd644
subject_adapted,Table V,wbcic_2c,sub-039,SingLEM,MIRepNet,0.5428571428571428,0.8071428571428572,-0.264285714286,403880041abfca0af6ef1f1d02202d9fd83911a0442b5fda36b269267c11df1c,52c2c1a0c2a7e1f67be3a554c65a6ad9ba7c0963b37d02b47483d1ed4f9c3ef0
subject_adapted,Table V,wbcic_2c,sub-040,SingLEM,MIRepNet,0.8428571428571429,0.6785714285714286,0.164285714286,5d9f42a2357afd3f89211929d0fac3787e3e847eb37f14e5a2728499bfe61503,d93e40f36e319ce7ec0e95119ad706afa3cb637ee18bc36089654fe079d43cef
subject_adapted,Table V,wbcic_2c,sub-041,SingLEM,MIRepNet,0.8857142857142857,0.7142857142857143,0.171428571429,1fa26c17e5e086111a692ca2f32c3b01876e976e921f2f2d45bfcfee27ffeccd,4fb40cc8a98bdeda652d1d1b0b9c0e0a1507f86574a05f036f0c40437daa5073
subject_adapted,Table V,wbcic_2c,sub-042,SingLEM,MIRepNet,0.8071428571428572,0.5214285714285715,0.285714285714,3660e0bab1f35d20f9e9356cf8908051f61f1af1d8c3a6a88a5adde82b5e33e7,da792081cf8d3d2a21331f9f6407b9d9a7e449344b62a6e4854c2e123380167c
subject_adapted,Table V,wbcic_2c,sub-043,SingLEM,MIRepNet,0.9857142857142858,0.6214285714285714,0.364285714286,0f81ae58f88ab9673bb4ca7581b8c2a781ed61d645979c8c12f49eb5ee5be238,4d5b8f3022a2b7a4fbd4f3dc69d83abb3ec71cc21b791219afe34bf534abda79
subject_adapted,Table V,wbcic_2c,sub-044,SingLEM,MIRepNet,0.7214285714285714,0.55,0.171428571429,c909fdee95a880c792c29caf33b28d7e4a7d602f86e5422574dc3f1a51b28da0,8f5c809b4efcadb51f61a4a2390a3d3e84f0321071e102339f9c1e6106dcac95
subject_adapted,Table V,wbcic_2c,sub-045,SingLEM,MIRepNet,0.8285714285714286,0.5071428571428571,0.321428571429,45aee6b88d4b135fb190e20aba63d48f9840ce33e2c1c40b90dd8daa6dc4456a,658324fa3c4e8ca5a70e9bdd51c4460b05b45843e531b234a559523250bfc63d
subject_adapted,Table V,wbcic_2c,sub-046,SingLEM,MIRepNet,0.9785714285714285,0.6714285714285714,0.307142857143,9decf8ec7fdee4e951145ff16d9576434ad22c43b409995f988126cffa4fb94f,fce79ff8e90d0034d6ebc920d8eec2d78cdc85f27c904062570cf1967fa04752
subject_adapted,Table V,wbcic_2c,sub-047,SingLEM,MIRepNet,0.8571428571428571,0.5071428571428571,0.35,47410c86f68e8cf26871d2c4f68f3046e64d0dd0575e2a6ae22e2e543d9c9508,006a4993e3ca815751a64d7552025dc061b0388955752f0cf03c26021c2c5844
subject_adapted,Table V,wbcic_2c,sub-048,SingLEM,MIRepNet,0.8285714285714286,0.6428571428571429,0.185714285714,9ef036a1c1c43865d9ac4a64be2fa19d95bb7cc5c3fd0439b2ef1f5a4892f020,f5cff70d88f2ccaadd516dc3981cb207e494fa9d02fd2653e1958c04f35b1838
subject_adapted,Table V,wbcic_2c,sub-049,SingLEM,MIRepNet,0.8714285714285714,0.5785714285714286,0.292857142857,d293e2828083fc089d716fc84e0f3c4ceb7ca8129d6f0434b71892daef128be9,995713dc681f1fbec5fe7bf943dd74e6806338a2b83d7255f70a78e080990a3e
subject_adapted,Table V,wbcic_2c,sub-050,SingLEM,MIRepNet,0.9,0.4785714285714286,0.421428571429,ba5e677fc4f4427eb4abf1f631ea4bb1ecd5cffc08f21255347667a9a0ee176b,5dce5f82d615d1310d09248e576323dc191e115666dd7921a94e1b5e51f7b789
subject_adapted,Table V,wbcic_2c,sub-051,SingLEM,MIRepNet,0.8285714285714286,0.5714285714285714,0.257142857143,e3d22e3218779f5f247b197f9e0c50aaf3127e8ee296845b9222072b621ec159,16a3269156a29b048b558fc8571b93a43f82d97d604f9ebae182a550603ae8a3
subject_adapted,Table V,wbcic_2c,sub-001,SingLEM,CSP,0.9071428571428571,0.5,0.407142857143,e0d20aa9e3e31b88cff003b19bb6dc5f75f46ff14a2f3c19c134113f3842d013,02dac67ba71632d9aa9235b47b37ee149f41ef9a851017933c6c38c4c410de47
subject_adapted,Table V,wbcic_2c,sub-002,SingLEM,CSP,0.6928571428571428,0.5714285714285714,0.121428571429,9181efc29f9f846c9dcfa468c29e98ffa0efa5fb45c914588c36d8e934da9f96,00f4db4695573e0e8e126508a03593eb305b28056f64a3c0b124a8ad07927e4e
subject_adapted,Table V,wbcic_2c,sub-003,SingLEM,CSP,0.95,0.4928571428571429,0.457142857143,d76e6f03b90a93ec6fd96e2dada0b08a58fefcb140732a30d23fc029583396bb,32e44fe56af38144ab545f6b43a740fb11a685abbf3739726ca6a28466c51eeb
subject_adapted,Table V,wbcic_2c,sub-004,SingLEM,CSP,0.5,0.4714285714285714,0.028571428571,dedf6dd54f289c51adff3793240b55a6e14ff1a813e87fceac976306aaa93f3e,ee895e8c27e7c09d97b91d951aeeaa5d6cf34ad8af9e7cf341d6b799c71bb586
subject_adapted,Table V,wbcic_2c,sub-005,SingLEM,CSP,0.8714285714285714,0.4928571428571429,0.378571428571,833cada00d5999bf5d921e6bf27ccab3516d49f58157b480d01f33b193e9b97e,ea3a4f67048f108777d279082a339f6562707c588f0c18008761d469d150f83c
subject_adapted,Table V,wbcic_2c,sub-006,SingLEM,CSP,0.8714285714285714,0.5214285714285715,0.35,9ccfd926229969fc03b3b98d5f50b6d2c1110f21a3ff2aac30bcb226480c42b3,3cd4a1c099884f8cd0e6de604082ad4cef5f2de6f3dbd02c911ab7d693aac41e
subject_adapted,Table V,wbcic_2c,sub-007,SingLEM,CSP,0.7428571428571429,0.5,0.242857142857,e9fbd92efa3e0f179a2adb1866d74eebb700e24c20049e2b58c5e1185796d0e2,9866c821441b082dce6248bd617eb4929c48fcfa882a7266fe7a587164f2d3da
subject_adapted,Table V,wbcic_2c,sub-008,SingLEM,CSP,0.9285714285714286,0.4785714285714286,0.45,aeca524ff5f4ee8397d0452d407555bff3e73c03504cd14aeecf9715b83fe97c,eb223ddd2fdca81b23550c7bb5e8789057ca08ae8ccaa1a0c6a2369c68f719a1
subject_adapted,Table V,wbcic_2c,sub-009,SingLEM,CSP,0.8285714285714286,0.5142857142857142,0.314285714286,8c0f9be93d38b78e1e3329c6a0b9a7e422a531e90fb9b5d6f71c11ece33a0256,33db82e4dd057ed82abc6e9dfac123d1b51412bc0c14b96cc9fd891c5ef58fb6
subject_adapted,Table V,wbcic_2c,sub-010,SingLEM,CSP,0.8285714285714286,0.5571428571428572,0.271428571429,aec237812a1e7607421a3e25d5321452dac9beea06f5046acd4e026b1dfe4c2c,348d28e58eb784a29e2891c2d630557054b705edf3d1011c6d4b5e69a3e79cd6
subject_adapted,Table V,wbcic_2c,sub-011,SingLEM,CSP,0.8785714285714286,0.4714285714285714,0.407142857143,1204c8bb54c67ad53ed96398f25996cfb20ef769b3bf77b7e56345e1c9a6ce23,f0e43163fcea8e9e8024c1d908e8efbfcf5668fbf4eeefd0c0d8985356bf2b5a
subject_adapted,Table V,wbcic_2c,sub-012,SingLEM,CSP,0.4714285714285714,0.5571428571428572,-0.085714285714,59f24c44f190580afe6721324eaf64f2536e560bb7c44a33be438e7049d1d991,2795bf99214d926233a2e75dc91a7305a3365b8c61ac44cadf87961cc3fd7540
subject_adapted,Table V,wbcic_2c,sub-013,SingLEM,CSP,0.8428571428571429,0.5,0.342857142857,02fe002f52b68fe0afe2b5e4d0e013c53d2ab942709fd124436df7683de346d4,269bc651a6ea2874e603a3d3a15bb89b12d76a4d7383c5231136e017dc271845
subject_adapted,Table V,wbcic_2c,sub-014,SingLEM,CSP,0.65,0.5071428571428571,0.142857142857,3721c3221cbed522720dc77a5247e1d006409b41cae5a43d0a345533bdd6820c,738d0c513a528918a6c5eab7f23ebe94bdc2a485436ff2d97bfb2c46ac4d71f8
subject_adapted,Table V,wbcic_2c,sub-015,SingLEM,CSP,0.8714285714285714,0.5,0.371428571429,4efffdddaa64e9cc0cd61a053fcebe0daa288abece99c0662008353ab7483c11,7b42b95790fc2a6451adea7ce0ae6b030cf48f08a1b4069a6c24433d2d962919
subject_adapted,Table V,wbcic_2c,sub-016,SingLEM,CSP,0.6785714285714286,0.5214285714285715,0.157142857143,0e86e0b7e55e27661012d2e2514f3a9f40b95a0b26a1d8239504282e81bc98b2,d0c5d4b1d9a41ab0e13e995a20bab84accc6a45e715bc33d4783ce0f36b3d511
subject_adapted,Table V,wbcic_2c,sub-017,SingLEM,CSP,0.7857142857142857,0.5142857142857142,0.271428571429,4a3b6c1efef6b35e0acef2dc3203b32d368753943ba00f0ad11e53752f1d8d58,038146548b7754178e0468592535e013df3a85a29fa460d67dd0dd592f9312fb
subject_adapted,Table V,wbcic_2c,sub-018,SingLEM,CSP,0.6428571428571429,0.5428571428571428,0.1,ec290e49b88bd90a3883ba50abe4cfedd154f3af155baff30beafcb31cb57279,5546dc83d2fa8331ebcd391507f329f16af8f2643eb9a20b662acb461374515e
subject_adapted,Table V,wbcic_2c,sub-019,SingLEM,CSP,0.7642857142857142,0.4857142857142857,0.278571428571,21a82b184cc34963bb9273bb043e56ce2b999ae1d43f8e8a2d6cfcecd0905525,a95d37d5a67313c00b817582a41e23e4dad378f2a85f7818a5a24d4831c119cc
subject_adapted,Table V,wbcic_2c,sub-020,SingLEM,CSP,0.9214285714285714,0.6214285714285714,0.3,db27eb65223c25c0099729cd5ab990b85890ce01bd09277e4846e42e0f8c1727,f797550c22168bae8f5088322f1a2deafb8c4d54c74b67ddd10da0b3a9224389
subject_adapted,Table V,wbcic_2c,sub-021,SingLEM,CSP,0.8785714285714286,0.4642857142857143,0.414285714286,1a02f43c3aaec47eb28fabba117245c45a6eeea2e8f45ec925c808276046f92b,3be575fd45a25ab77df7ad601a047292027cf2b24752e3f1bf020f3fde58475e
subject_adapted,Table V,wbcic_2c,sub-022,SingLEM,CSP,0.75,0.5,0.25,4cb49b5f9e023dfb0adb386a22dccce7b7b1dfe6dac96ccece835385aa19dbf5,de8e644075f6520bcf242cb5ebfa8020b3d7017427d08be0b290d0017f8b5930
subject_adapted,Table V,wbcic_2c,sub-023,SingLEM,CSP,0.8345323741007195,0.4460431654676259,0.388489208633,00bf8b8ff60e40a620dea1bf5efb7a2fc693bdee4f1beb96c453c1983b164b18,978acd3f59110749e3a6fa35067e93dee8352f634b242c670afebbe4925e3470
subject_adapted,Table V,wbcic_2c,sub-024,SingLEM,CSP,0.9571428571428572,0.5,0.457142857143,7edf3b596d2f2eda36c3e88170cb186410142e7860a19ae0344b88ad8b0c2d5f,a11b8c08f3dce8b2e9670e7644d93a0a831be1d4bf7c47727c30103f56926509
subject_adapted,Table V,wbcic_2c,sub-025,SingLEM,CSP,0.9357142857142857,0.5071428571428571,0.428571428571,a56f86c40e24cb5467b4df62bb98e828381d1bed4f429b1fe442b80de2ceefbf,80531071e64c527454f0cf0a72ad3ca6b83de500bbf492a871fb9a33ea0b65e2
subject_adapted,Table V,wbcic_2c,sub-026,SingLEM,CSP,0.9280575539568345,0.4892086330935252,0.438848920863,77d1f07e69c2df34e363bb04201831dca0418d714fe522b0839a55383005bf09,b97564f0e40ae1ae1ab84badbbb17acf75df4a2f35ea5bdc83dccd05bb94f70b
subject_adapted,Table V,wbcic_2c,sub-027,SingLEM,CSP,0.6642857142857143,0.5857142857142857,0.078571428571,5a92f590725eb8455b51b4a6502e0f0ddd2171dec41b0ed27fdf74eafe1bf62e,5355efa94f23043b6264ff9f0a81ac3ed5243145e4a336ab3b7770fb78d5dc4d
subject_adapted,Table V,wbcic_2c,sub-028,SingLEM,CSP,0.7857142857142857,0.5357142857142857,0.25,16c0e2b56dae3d4691eab48b1614b2504c4923d9a0aa0acd948915dacbb4cd88,7b252562dfcbfadcb10429c88af385a01cc47388b2b9d7a6d177bbe3df62ec29
subject_adapted,Table V,wbcic_2c,sub-029,SingLEM,CSP,0.5357142857142857,0.45714285714285713,0.078571428571,bb53e9997d5612f960d5073e01e1b6138e2afd78adaa307d90f85528fad2e846,1a14c6fe37c84c05ec1ec31d3966cdee893a6773ac30a2542437124f84ae3f56
subject_adapted,Table V,wbcic_2c,sub-030,SingLEM,CSP,0.9142857142857143,0.4785714285714286,0.435714285714,5222a5855e9868ae9513d73ae9c2227483a05f5ddfe70409c108535ffb9e5c2f,ca1cdc4591abfcde9ccd5ec472131a48ef1266ba658e0c9e4bc25f16564f539d
subject_adapted,Table V,wbcic_2c,sub-031,SingLEM,CSP,0.8571428571428571,0.4714285714285714,0.385714285714,3838997b4481fecd7204e18313f5cc2f97b44a5660efbd4d7970b269aa8f0032,ebe71dcce1bc54c1bcec4e01faf7eec43bf97a467e620635771972b9b715ca77
subject_adapted,Table V,wbcic_2c,sub-032,SingLEM,CSP,0.6214285714285714,0.5071428571428571,0.114285714286,aefa2d7b88c355f3172c5e34a1b471add119cb673eb2564cb3a25736f9871d92,b26bd5f5434f7aae5e231011fef006809413876d4eb2c5433891e81acff3e79b
subject_adapted,Table V,wbcic_2c,sub-033,SingLEM,CSP,0.9357142857142857,0.4857142857142857,0.45,0027fefc7a49e0d06f6c8c5541fdfbda4bd5fda677866e9ec6057e6c13e80ead,9351c11ae1244d3765914b490eb495458a98548fcf26f0748a2a46ea1d3deb1c
subject_adapted,Table V,wbcic_2c,sub-034,SingLEM,CSP,0.6285714285714286,0.5142857142857142,0.114285714286,822b7bd7b2ba37d5c162a4708f511a6b1405870c524e1c558b825b242e28875a,9d013b94e175f58a13de4c5e8df3e68086ebc4aa9dc94c687aad7810c360538e
subject_adapted,Table V,wbcic_2c,sub-035,SingLEM,CSP,0.9714285714285714,0.5,0.471428571429,b53072f18facea2b9ac816a1461d433f6745ea34c5ddb0bb010755eca4199312,8fc23fce70f80e2de404e59208ad7ca8511ac86ffdcaea4135069d6d1cb7f4ff
subject_adapted,Table V,wbcic_2c,sub-036,SingLEM,CSP,0.8714285714285714,0.4785714285714286,0.392857142857,122d2219d8ab597f0e9d2aee0d3e3725af134fef6ef83339c02ba20fc32b9296,01d9e6a960eb6de7baa1ec5afff91d5fedb353a013e1c7d521e2fa1220cbc23f
subject_adapted,Table V,wbcic_2c,sub-037,SingLEM,CSP,0.9142857142857143,0.5142857142857142,0.4,84885a259389078c95c133b69edc5f5d39142fc44a2d214df92bd8e9cda78d8b,84a32a425c749bd21ea5b3cd28b479eb795fa9b9f8f0494f069c376392675637
subject_adapted,Table V,wbcic_2c,sub-038,SingLEM,CSP,0.5928571428571429,0.5142857142857142,0.078571428571,f0f505a3350c21e87219dcf5cafe0a20076437192c427067e6f7e38568283c6f,5bed51ac76912dea6d2ff53ab0547c2f6bdeb830305d43d92d0ded24992fd644
subject_adapted,Table V,wbcic_2c,sub-039,SingLEM,CSP,0.5428571428571428,0.5357142857142857,0.007142857143,403880041abfca0af6ef1f1d02202d9fd83911a0442b5fda36b269267c11df1c,52c2c1a0c2a7e1f67be3a554c65a6ad9ba7c0963b37d02b47483d1ed4f9c3ef0
subject_adapted,Table V,wbcic_2c,sub-040,SingLEM,CSP,0.8428571428571429,0.45714285714285713,0.385714285714,5d9f42a2357afd3f89211929d0fac3787e3e847eb37f14e5a2728499bfe61503,d93e40f36e319ce7ec0e95119ad706afa3cb637ee18bc36089654fe079d43cef
subject_adapted,Table V,wbcic_2c,sub-041,SingLEM,CSP,0.8857142857142857,0.5214285714285715,0.364285714286,1fa26c17e5e086111a692ca2f32c3b01876e976e921f2f2d45bfcfee27ffeccd,4fb40cc8a98bdeda652d1d1b0b9c0e0a1507f86574a05f036f0c40437daa5073
subject_adapted,Table V,wbcic_2c,sub-042,SingLEM,CSP,0.8071428571428572,0.4642857142857143,0.342857142857,3660e0bab1f35d20f9e9356cf8908051f61f1af1d8c3a6a88a5adde82b5e33e7,da792081cf8d3d2a21331f9f6407b9d9a7e449344b62a6e4854c2e123380167c
subject_adapted,Table V,wbcic_2c,sub-043,SingLEM,CSP,0.9857142857142858,0.5071428571428571,0.478571428571,0f81ae58f88ab9673bb4ca7581b8c2a781ed61d645979c8c12f49eb5ee5be238,4d5b8f3022a2b7a4fbd4f3dc69d83abb3ec71cc21b791219afe34bf534abda79
subject_adapted,Table V,wbcic_2c,sub-044,SingLEM,CSP,0.7214285714285714,0.5357142857142857,0.185714285714,c909fdee95a880c792c29caf33b28d7e4a7d602f86e5422574dc3f1a51b28da0,8f5c809b4efcadb51f61a4a2390a3d3e84f0321071e102339f9c1e6106dcac95
subject_adapted,Table V,wbcic_2c,sub-045,SingLEM,CSP,0.8285714285714286,0.5285714285714286,0.3,45aee6b88d4b135fb190e20aba63d48f9840ce33e2c1c40b90dd8daa6dc4456a,658324fa3c4e8ca5a70e9bdd51c4460b05b45843e531b234a559523250bfc63d
subject_adapted,Table V,wbcic_2c,sub-046,SingLEM,CSP,0.9785714285714285,0.45,0.528571428571,9decf8ec7fdee4e951145ff16d9576434ad22c43b409995f988126cffa4fb94f,fce79ff8e90d0034d6ebc920d8eec2d78cdc85f27c904062570cf1967fa04752
subject_adapted,Table V,wbcic_2c,sub-047,SingLEM,CSP,0.8571428571428571,0.5785714285714286,0.278571428571,47410c86f68e8cf26871d2c4f68f3046e64d0dd0575e2a6ae22e2e543d9c9508,006a4993e3ca815751a64d7552025dc061b0388955752f0cf03c26021c2c5844
subject_adapted,Table V,wbcic_2c,sub-048,SingLEM,CSP,0.8285714285714286,0.4,0.428571428571,9ef036a1c1c43865d9ac4a64be2fa19d95bb7cc5c3fd0439b2ef1f5a4892f020,f5cff70d88f2ccaadd516dc3981cb207e494fa9d02fd2653e1958c04f35b1838
subject_adapted,Table V,wbcic_2c,sub-049,SingLEM,CSP,0.8714285714285714,0.4928571428571429,0.378571428571,d293e2828083fc089d716fc84e0f3c4ceb7ca8129d6f0434b71892daef128be9,995713dc681f1fbec5fe7bf943dd74e6806338a2b83d7255f70a78e080990a3e
subject_adapted,Table V,wbcic_2c,sub-050,SingLEM,CSP,0.9,0.5142857142857142,0.385714285714,ba5e677fc4f4427eb4abf1f631ea4bb1ecd5cffc08f21255347667a9a0ee176b,5dce5f82d615d1310d09248e576323dc191e115666dd7921a94e1b5e51f7b789
subject_adapted,Table V,wbcic_2c,sub-051,SingLEM,CSP,0.8285714285714286,0.5285714285714286,0.3,e3d22e3218779f5f247b197f9e0c50aaf3127e8ee296845b9222072b621ec159,16a3269156a29b048b558fc8571b93a43f82d97d604f9ebae182a550603ae8a3
subject_adapted,Table V,wbcic_2c,sub-001,SingLEM,Welch PSD,0.9071428571428571,0.5357142857142857,0.371428571429,e0d20aa9e3e31b88cff003b19bb6dc5f75f46ff14a2f3c19c134113f3842d013,02dac67ba71632d9aa9235b47b37ee149f41ef9a851017933c6c38c4c410de47
subject_adapted,Table V,wbcic_2c,sub-002,SingLEM,Welch PSD,0.6928571428571428,0.4142857142857143,0.278571428571,9181efc29f9f846c9dcfa468c29e98ffa0efa5fb45c914588c36d8e934da9f96,00f4db4695573e0e8e126508a03593eb305b28056f64a3c0b124a8ad07927e4e
subject_adapted,Table V,wbcic_2c,sub-003,SingLEM,Welch PSD,0.95,0.6142857142857143,0.335714285714,d76e6f03b90a93ec6fd96e2dada0b08a58fefcb140732a30d23fc029583396bb,32e44fe56af38144ab545f6b43a740fb11a685abbf3739726ca6a28466c51eeb
subject_adapted,Table V,wbcic_2c,sub-004,SingLEM,Welch PSD,0.5,0.44285714285714284,0.057142857143,dedf6dd54f289c51adff3793240b55a6e14ff1a813e87fceac976306aaa93f3e,ee895e8c27e7c09d97b91d951aeeaa5d6cf34ad8af9e7cf341d6b799c71bb586
subject_adapted,Table V,wbcic_2c,sub-005,SingLEM,Welch PSD,0.8714285714285714,0.6071428571428571,0.264285714286,833cada00d5999bf5d921e6bf27ccab3516d49f58157b480d01f33b193e9b97e,ea3a4f67048f108777d279082a339f6562707c588f0c18008761d469d150f83c
subject_adapted,Table V,wbcic_2c,sub-006,SingLEM,Welch PSD,0.8714285714285714,0.7642857142857142,0.107142857143,9ccfd926229969fc03b3b98d5f50b6d2c1110f21a3ff2aac30bcb226480c42b3,3cd4a1c099884f8cd0e6de604082ad4cef5f2de6f3dbd02c911ab7d693aac41e
subject_adapted,Table V,wbcic_2c,sub-007,SingLEM,Welch PSD,0.7428571428571429,0.42142857142857143,0.321428571429,e9fbd92efa3e0f179a2adb1866d74eebb700e24c20049e2b58c5e1185796d0e2,9866c821441b082dce6248bd617eb4929c48fcfa882a7266fe7a587164f2d3da
subject_adapted,Table V,wbcic_2c,sub-008,SingLEM,Welch PSD,0.9285714285714286,0.5214285714285715,0.407142857143,aeca524ff5f4ee8397d0452d407555bff3e73c03504cd14aeecf9715b83fe97c,eb223ddd2fdca81b23550c7bb5e8789057ca08ae8ccaa1a0c6a2369c68f719a1
subject_adapted,Table V,wbcic_2c,sub-009,SingLEM,Welch PSD,0.8285714285714286,0.5142857142857142,0.314285714286,8c0f9be93d38b78e1e3329c6a0b9a7e422a531e90fb9b5d6f71c11ece33a0256,33db82e4dd057ed82abc6e9dfac123d1b51412bc0c14b96cc9fd891c5ef58fb6
subject_adapted,Table V,wbcic_2c,sub-010,SingLEM,Welch PSD,0.8285714285714286,0.5,0.328571428571,aec237812a1e7607421a3e25d5321452dac9beea06f5046acd4e026b1dfe4c2c,348d28e58eb784a29e2891c2d630557054b705edf3d1011c6d4b5e69a3e79cd6
subject_adapted,Table V,wbcic_2c,sub-011,SingLEM,Welch PSD,0.8785714285714286,0.5857142857142857,0.292857142857,1204c8bb54c67ad53ed96398f25996cfb20ef769b3bf77b7e56345e1c9a6ce23,f0e43163fcea8e9e8024c1d908e8efbfcf5668fbf4eeefd0c0d8985356bf2b5a
subject_adapted,Table V,wbcic_2c,sub-012,SingLEM,Welch PSD,0.4714285714285714,0.5071428571428571,-0.035714285714,59f24c44f190580afe6721324eaf64f2536e560bb7c44a33be438e7049d1d991,2795bf99214d926233a2e75dc91a7305a3365b8c61ac44cadf87961cc3fd7540
subject_adapted,Table V,wbcic_2c,sub-013,SingLEM,Welch PSD,0.8428571428571429,0.5857142857142857,0.257142857143,02fe002f52b68fe0afe2b5e4d0e013c53d2ab942709fd124436df7683de346d4,269bc651a6ea2874e603a3d3a15bb89b12d76a4d7383c5231136e017dc271845
subject_adapted,Table V,wbcic_2c,sub-014,SingLEM,Welch PSD,0.65,0.5214285714285715,0.128571428571,3721c3221cbed522720dc77a5247e1d006409b41cae5a43d0a345533bdd6820c,738d0c513a528918a6c5eab7f23ebe94bdc2a485436ff2d97bfb2c46ac4d71f8
subject_adapted,Table V,wbcic_2c,sub-015,SingLEM,Welch PSD,0.8714285714285714,0.5357142857142857,0.335714285714,4efffdddaa64e9cc0cd61a053fcebe0daa288abece99c0662008353ab7483c11,7b42b95790fc2a6451adea7ce0ae6b030cf48f08a1b4069a6c24433d2d962919
subject_adapted,Table V,wbcic_2c,sub-016,SingLEM,Welch PSD,0.6785714285714286,0.4928571428571429,0.185714285714,0e86e0b7e55e27661012d2e2514f3a9f40b95a0b26a1d8239504282e81bc98b2,d0c5d4b1d9a41ab0e13e995a20bab84accc6a45e715bc33d4783ce0f36b3d511
subject_adapted,Table V,wbcic_2c,sub-017,SingLEM,Welch PSD,0.7857142857142857,0.5857142857142857,0.2,4a3b6c1efef6b35e0acef2dc3203b32d368753943ba00f0ad11e53752f1d8d58,038146548b7754178e0468592535e013df3a85a29fa460d67dd0dd592f9312fb
subject_adapted,Table V,wbcic_2c,sub-018,SingLEM,Welch PSD,0.6428571428571429,0.45714285714285713,0.185714285714,ec290e49b88bd90a3883ba50abe4cfedd154f3af155baff30beafcb31cb57279,5546dc83d2fa8331ebcd391507f329f16af8f2643eb9a20b662acb461374515e
subject_adapted,Table V,wbcic_2c,sub-019,SingLEM,Welch PSD,0.7642857142857142,0.5642857142857143,0.2,21a82b184cc34963bb9273bb043e56ce2b999ae1d43f8e8a2d6cfcecd0905525,a95d37d5a67313c00b817582a41e23e4dad378f2a85f7818a5a24d4831c119cc
subject_adapted,Table V,wbcic_2c,sub-020,SingLEM,Welch PSD,0.9214285714285714,0.5142857142857142,0.407142857143,db27eb65223c25c0099729cd5ab990b85890ce01bd09277e4846e42e0f8c1727,f797550c22168bae8f5088322f1a2deafb8c4d54c74b67ddd10da0b3a9224389
subject_adapted,Table V,wbcic_2c,sub-021,SingLEM,Welch PSD,0.8785714285714286,0.5857142857142857,0.292857142857,1a02f43c3aaec47eb28fabba117245c45a6eeea2e8f45ec925c808276046f92b,3be575fd45a25ab77df7ad601a047292027cf2b24752e3f1bf020f3fde58475e
subject_adapted,Table V,wbcic_2c,sub-022,SingLEM,Welch PSD,0.75,0.5571428571428572,0.192857142857,4cb49b5f9e023dfb0adb386a22dccce7b7b1dfe6dac96ccece835385aa19dbf5,de8e644075f6520bcf242cb5ebfa8020b3d7017427d08be0b290d0017f8b5930
subject_adapted,Table V,wbcic_2c,sub-023,SingLEM,Welch PSD,0.8345323741007195,0.49640287769784175,0.338129496403,00bf8b8ff60e40a620dea1bf5efb7a2fc693bdee4f1beb96c453c1983b164b18,978acd3f59110749e3a6fa35067e93dee8352f634b242c670afebbe4925e3470
subject_adapted,Table V,wbcic_2c,sub-024,SingLEM,Welch PSD,0.9571428571428572,0.5285714285714286,0.428571428571,7edf3b596d2f2eda36c3e88170cb186410142e7860a19ae0344b88ad8b0c2d5f,a11b8c08f3dce8b2e9670e7644d93a0a831be1d4bf7c47727c30103f56926509
subject_adapted,Table V,wbcic_2c,sub-025,SingLEM,Welch PSD,0.9357142857142857,0.6857142857142857,0.25,a56f86c40e24cb5467b4df62bb98e828381d1bed4f429b1fe442b80de2ceefbf,80531071e64c527454f0cf0a72ad3ca6b83de500bbf492a871fb9a33ea0b65e2
subject_adapted,Table V,wbcic_2c,sub-026,SingLEM,Welch PSD,0.9280575539568345,0.5467625899280576,0.381294964029,77d1f07e69c2df34e363bb04201831dca0418d714fe522b0839a55383005bf09,b97564f0e40ae1ae1ab84badbbb17acf75df4a2f35ea5bdc83dccd05bb94f70b
subject_adapted,Table V,wbcic_2c,sub-027,SingLEM,Welch PSD,0.6642857142857143,0.5285714285714286,0.135714285714,5a92f590725eb8455b51b4a6502e0f0ddd2171dec41b0ed27fdf74eafe1bf62e,5355efa94f23043b6264ff9f0a81ac3ed5243145e4a336ab3b7770fb78d5dc4d
subject_adapted,Table V,wbcic_2c,sub-028,SingLEM,Welch PSD,0.7857142857142857,0.6857142857142857,0.1,16c0e2b56dae3d4691eab48b1614b2504c4923d9a0aa0acd948915dacbb4cd88,7b252562dfcbfadcb10429c88af385a01cc47388b2b9d7a6d177bbe3df62ec29
subject_adapted,Table V,wbcic_2c,sub-029,SingLEM,Welch PSD,0.5357142857142857,0.6928571428571428,-0.157142857143,bb53e9997d5612f960d5073e01e1b6138e2afd78adaa307d90f85528fad2e846,1a14c6fe37c84c05ec1ec31d3966cdee893a6773ac30a2542437124f84ae3f56
subject_adapted,Table V,wbcic_2c,sub-030,SingLEM,Welch PSD,0.9142857142857143,0.6285714285714286,0.285714285714,5222a5855e9868ae9513d73ae9c2227483a05f5ddfe70409c108535ffb9e5c2f,ca1cdc4591abfcde9ccd5ec472131a48ef1266ba658e0c9e4bc25f16564f539d
subject_adapted,Table V,wbcic_2c,sub-031,SingLEM,Welch PSD,0.8571428571428571,0.5714285714285714,0.285714285714,3838997b4481fecd7204e18313f5cc2f97b44a5660efbd4d7970b269aa8f0032,ebe71dcce1bc54c1bcec4e01faf7eec43bf97a467e620635771972b9b715ca77
subject_adapted,Table V,wbcic_2c,sub-032,SingLEM,Welch PSD,0.6214285714285714,0.5285714285714286,0.092857142857,aefa2d7b88c355f3172c5e34a1b471add119cb673eb2564cb3a25736f9871d92,b26bd5f5434f7aae5e231011fef006809413876d4eb2c5433891e81acff3e79b
subject_adapted,Table V,wbcic_2c,sub-033,SingLEM,Welch PSD,0.9357142857142857,0.6,0.335714285714,0027fefc7a49e0d06f6c8c5541fdfbda4bd5fda677866e9ec6057e6c13e80ead,9351c11ae1244d3765914b490eb495458a98548fcf26f0748a2a46ea1d3deb1c
subject_adapted,Table V,wbcic_2c,sub-034,SingLEM,Welch PSD,0.6285714285714286,0.5,0.128571428571,822b7bd7b2ba37d5c162a4708f511a6b1405870c524e1c558b825b242e28875a,9d013b94e175f58a13de4c5e8df3e68086ebc4aa9dc94c687aad7810c360538e
subject_adapted,Table V,wbcic_2c,sub-035,SingLEM,Welch PSD,0.9714285714285714,0.5357142857142857,0.435714285714,b53072f18facea2b9ac816a1461d433f6745ea34c5ddb0bb010755eca4199312,8fc23fce70f80e2de404e59208ad7ca8511ac86ffdcaea4135069d6d1cb7f4ff
subject_adapted,Table V,wbcic_2c,sub-036,SingLEM,Welch PSD,0.8714285714285714,0.5285714285714286,0.342857142857,122d2219d8ab597f0e9d2aee0d3e3725af134fef6ef83339c02ba20fc32b9296,01d9e6a960eb6de7baa1ec5afff91d5fedb353a013e1c7d521e2fa1220cbc23f
subject_adapted,Table V,wbcic_2c,sub-037,SingLEM,Welch PSD,0.9142857142857143,0.5071428571428571,0.407142857143,84885a259389078c95c133b69edc5f5d39142fc44a2d214df92bd8e9cda78d8b,84a32a425c749bd21ea5b3cd28b479eb795fa9b9f8f0494f069c376392675637
subject_adapted,Table V,wbcic_2c,sub-038,SingLEM,Welch PSD,0.5928571428571429,0.5071428571428571,0.085714285714,f0f505a3350c21e87219dcf5cafe0a20076437192c427067e6f7e38568283c6f,5bed51ac76912dea6d2ff53ab0547c2f6bdeb830305d43d92d0ded24992fd644
subject_adapted,Table V,wbcic_2c,sub-039,SingLEM,Welch PSD,0.5428571428571428,0.6,-0.057142857143,403880041abfca0af6ef1f1d02202d9fd83911a0442b5fda36b269267c11df1c,52c2c1a0c2a7e1f67be3a554c65a6ad9ba7c0963b37d02b47483d1ed4f9c3ef0
subject_adapted,Table V,wbcic_2c,sub-040,SingLEM,Welch PSD,0.8428571428571429,0.5285714285714286,0.314285714286,5d9f42a2357afd3f89211929d0fac3787e3e847eb37f14e5a2728499bfe61503,d93e40f36e319ce7ec0e95119ad706afa3cb637ee18bc36089654fe079d43cef
subject_adapted,Table V,wbcic_2c,sub-041,SingLEM,Welch PSD,0.8857142857142857,0.65,0.235714285714,1fa26c17e5e086111a692ca2f32c3b01876e976e921f2f2d45bfcfee27ffeccd,4fb40cc8a98bdeda652d1d1b0b9c0e0a1507f86574a05f036f0c40437daa5073
subject_adapted,Table V,wbcic_2c,sub-042,SingLEM,Welch PSD,0.8071428571428572,0.5714285714285714,0.235714285714,3660e0bab1f35d20f9e9356cf8908051f61f1af1d8c3a6a88a5adde82b5e33e7,da792081cf8d3d2a21331f9f6407b9d9a7e449344b62a6e4854c2e123380167c
subject_adapted,Table V,wbcic_2c,sub-043,SingLEM,Welch PSD,0.9857142857142858,0.5428571428571428,0.442857142857,0f81ae58f88ab9673bb4ca7581b8c2a781ed61d645979c8c12f49eb5ee5be238,4d5b8f3022a2b7a4fbd4f3dc69d83abb3ec71cc21b791219afe34bf534abda79
subject_adapted,Table V,wbcic_2c,sub-044,SingLEM,Welch PSD,0.7214285714285714,0.5928571428571429,0.128571428571,c909fdee95a880c792c29caf33b28d7e4a7d602f86e5422574dc3f1a51b28da0,8f5c809b4efcadb51f61a4a2390a3d3e84f0321071e102339f9c1e6106dcac95
subject_adapted,Table V,wbcic_2c,sub-045,SingLEM,Welch PSD,0.8285714285714286,0.5714285714285714,0.257142857143,45aee6b88d4b135fb190e20aba63d48f9840ce33e2c1c40b90dd8daa6dc4456a,658324fa3c4e8ca5a70e9bdd51c4460b05b45843e531b234a559523250bfc63d
subject_adapted,Table V,wbcic_2c,sub-046,SingLEM,Welch PSD,0.9785714285714285,0.5285714285714286,0.45,9decf8ec7fdee4e951145ff16d9576434ad22c43b409995f988126cffa4fb94f,fce79ff8e90d0034d6ebc920d8eec2d78cdc85f27c904062570cf1967fa04752
subject_adapted,Table V,wbcic_2c,sub-047,SingLEM,Welch PSD,0.8571428571428571,0.5428571428571428,0.314285714286,47410c86f68e8cf26871d2c4f68f3046e64d0dd0575e2a6ae22e2e543d9c9508,006a4993e3ca815751a64d7552025dc061b0388955752f0cf03c26021c2c5844
subject_adapted,Table V,wbcic_2c,sub-048,SingLEM,Welch PSD,0.8285714285714286,0.5,0.328571428571,9ef036a1c1c43865d9ac4a64be2fa19d95bb7cc5c3fd0439b2ef1f5a4892f020,f5cff70d88f2ccaadd516dc3981cb207e494fa9d02fd2653e1958c04f35b1838
subject_adapted,Table V,wbcic_2c,sub-049,SingLEM,Welch PSD,0.8714285714285714,0.6428571428571429,0.228571428571,d293e2828083fc089d716fc84e0f3c4ceb7ca8129d6f0434b71892daef128be9,995713dc681f1fbec5fe7bf943dd74e6806338a2b83d7255f70a78e080990a3e
subject_adapted,Table V,wbcic_2c,sub-050,SingLEM,Welch PSD,0.9,0.6,0.3,ba5e677fc4f4427eb4abf1f631ea4bb1ecd5cffc08f21255347667a9a0ee176b,5dce5f82d615d1310d09248e576323dc191e115666dd7921a94e1b5e51f7b789
subject_adapted,Table V,wbcic_2c,sub-051,SingLEM,Welch PSD,0.8285714285714286,0.4785714285714286,0.35,e3d22e3218779f5f247b197f9e0c50aaf3127e8ee296845b9222072b621ec159,16a3269156a29b048b558fc8571b93a43f82d97d604f9ebae182a550603ae8a3
subject_adapted,Table V,wbcic_2c,sub-001,SingLEM,EEGNet,0.9071428571428571,0.8428571428571429,0.064285714286,e0d20aa9e3e31b88cff003b19bb6dc5f75f46ff14a2f3c19c134113f3842d013,02dac67ba71632d9aa9235b47b37ee149f41ef9a851017933c6c38c4c410de47
subject_adapted,Table V,wbcic_2c,sub-002,SingLEM,EEGNet,0.6928571428571428,0.6285714285714286,0.064285714286,9181efc29f9f846c9dcfa468c29e98ffa0efa5fb45c914588c36d8e934da9f96,00f4db4695573e0e8e126508a03593eb305b28056f64a3c0b124a8ad07927e4e
subject_adapted,Table V,wbcic_2c,sub-003,SingLEM,EEGNet,0.95,0.95,0.0,d76e6f03b90a93ec6fd96e2dada0b08a58fefcb140732a30d23fc029583396bb,32e44fe56af38144ab545f6b43a740fb11a685abbf3739726ca6a28466c51eeb
subject_adapted,Table V,wbcic_2c,sub-004,SingLEM,EEGNet,0.5,0.5857142857142857,-0.085714285714,dedf6dd54f289c51adff3793240b55a6e14ff1a813e87fceac976306aaa93f3e,ee895e8c27e7c09d97b91d951aeeaa5d6cf34ad8af9e7cf341d6b799c71bb586
subject_adapted,Table V,wbcic_2c,sub-005,SingLEM,EEGNet,0.8714285714285714,0.7928571428571428,0.078571428571,833cada00d5999bf5d921e6bf27ccab3516d49f58157b480d01f33b193e9b97e,ea3a4f67048f108777d279082a339f6562707c588f0c18008761d469d150f83c
subject_adapted,Table V,wbcic_2c,sub-006,SingLEM,EEGNet,0.8714285714285714,0.75,0.121428571429,9ccfd926229969fc03b3b98d5f50b6d2c1110f21a3ff2aac30bcb226480c42b3,3cd4a1c099884f8cd0e6de604082ad4cef5f2de6f3dbd02c911ab7d693aac41e
subject_adapted,Table V,wbcic_2c,sub-007,SingLEM,EEGNet,0.7428571428571429,0.6571428571428571,0.085714285714,e9fbd92efa3e0f179a2adb1866d74eebb700e24c20049e2b58c5e1185796d0e2,9866c821441b082dce6248bd617eb4929c48fcfa882a7266fe7a587164f2d3da
subject_adapted,Table V,wbcic_2c,sub-008,SingLEM,EEGNet,0.9285714285714286,0.8928571428571429,0.035714285714,aeca524ff5f4ee8397d0452d407555bff3e73c03504cd14aeecf9715b83fe97c,eb223ddd2fdca81b23550c7bb5e8789057ca08ae8ccaa1a0c6a2369c68f719a1
subject_adapted,Table V,wbcic_2c,sub-009,SingLEM,EEGNet,0.8285714285714286,0.7428571428571429,0.085714285714,8c0f9be93d38b78e1e3329c6a0b9a7e422a531e90fb9b5d6f71c11ece33a0256,33db82e4dd057ed82abc6e9dfac123d1b51412bc0c14b96cc9fd891c5ef58fb6
subject_adapted,Table V,wbcic_2c,sub-010,SingLEM,EEGNet,0.8285714285714286,0.8071428571428572,0.021428571429,aec237812a1e7607421a3e25d5321452dac9beea06f5046acd4e026b1dfe4c2c,348d28e58eb784a29e2891c2d630557054b705edf3d1011c6d4b5e69a3e79cd6
subject_adapted,Table V,wbcic_2c,sub-011,SingLEM,EEGNet,0.8785714285714286,0.9214285714285714,-0.042857142857,1204c8bb54c67ad53ed96398f25996cfb20ef769b3bf77b7e56345e1c9a6ce23,f0e43163fcea8e9e8024c1d908e8efbfcf5668fbf4eeefd0c0d8985356bf2b5a
subject_adapted,Table V,wbcic_2c,sub-012,SingLEM,EEGNet,0.4714285714285714,0.5571428571428572,-0.085714285714,59f24c44f190580afe6721324eaf64f2536e560bb7c44a33be438e7049d1d991,2795bf99214d926233a2e75dc91a7305a3365b8c61ac44cadf87961cc3fd7540
subject_adapted,Table V,wbcic_2c,sub-013,SingLEM,EEGNet,0.8428571428571429,0.7928571428571428,0.05,02fe002f52b68fe0afe2b5e4d0e013c53d2ab942709fd124436df7683de346d4,269bc651a6ea2874e603a3d3a15bb89b12d76a4d7383c5231136e017dc271845
subject_adapted,Table V,wbcic_2c,sub-014,SingLEM,EEGNet,0.65,0.5571428571428572,0.092857142857,3721c3221cbed522720dc77a5247e1d006409b41cae5a43d0a345533bdd6820c,738d0c513a528918a6c5eab7f23ebe94bdc2a485436ff2d97bfb2c46ac4d71f8
subject_adapted,Table V,wbcic_2c,sub-015,SingLEM,EEGNet,0.8714285714285714,0.8071428571428572,0.064285714286,4efffdddaa64e9cc0cd61a053fcebe0daa288abece99c0662008353ab7483c11,7b42b95790fc2a6451adea7ce0ae6b030cf48f08a1b4069a6c24433d2d962919
subject_adapted,Table V,wbcic_2c,sub-016,SingLEM,EEGNet,0.6785714285714286,0.7785714285714286,-0.1,0e86e0b7e55e27661012d2e2514f3a9f40b95a0b26a1d8239504282e81bc98b2,d0c5d4b1d9a41ab0e13e995a20bab84accc6a45e715bc33d4783ce0f36b3d511
subject_adapted,Table V,wbcic_2c,sub-017,SingLEM,EEGNet,0.7857142857142857,0.7142857142857143,0.071428571429,4a3b6c1efef6b35e0acef2dc3203b32d368753943ba00f0ad11e53752f1d8d58,038146548b7754178e0468592535e013df3a85a29fa460d67dd0dd592f9312fb
subject_adapted,Table V,wbcic_2c,sub-018,SingLEM,EEGNet,0.6428571428571429,0.7428571428571429,-0.1,ec290e49b88bd90a3883ba50abe4cfedd154f3af155baff30beafcb31cb57279,5546dc83d2fa8331ebcd391507f329f16af8f2643eb9a20b662acb461374515e
subject_adapted,Table V,wbcic_2c,sub-019,SingLEM,EEGNet,0.7642857142857142,0.7,0.064285714286,21a82b184cc34963bb9273bb043e56ce2b999ae1d43f8e8a2d6cfcecd0905525,a95d37d5a67313c00b817582a41e23e4dad378f2a85f7818a5a24d4831c119cc
subject_adapted,Table V,wbcic_2c,sub-020,SingLEM,EEGNet,0.9214285714285714,0.9357142857142857,-0.014285714286,db27eb65223c25c0099729cd5ab990b85890ce01bd09277e4846e42e0f8c1727,f797550c22168bae8f5088322f1a2deafb8c4d54c74b67ddd10da0b3a9224389
subject_adapted,Table V,wbcic_2c,sub-021,SingLEM,EEGNet,0.8785714285714286,0.8428571428571429,0.035714285714,1a02f43c3aaec47eb28fabba117245c45a6eeea2e8f45ec925c808276046f92b,3be575fd45a25ab77df7ad601a047292027cf2b24752e3f1bf020f3fde58475e
subject_adapted,Table V,wbcic_2c,sub-022,SingLEM,EEGNet,0.75,0.6571428571428571,0.092857142857,4cb49b5f9e023dfb0adb386a22dccce7b7b1dfe6dac96ccece835385aa19dbf5,de8e644075f6520bcf242cb5ebfa8020b3d7017427d08be0b290d0017f8b5930
subject_adapted,Table V,wbcic_2c,sub-023,SingLEM,EEGNet,0.8345323741007195,0.841726618705036,-0.007194244604,00bf8b8ff60e40a620dea1bf5efb7a2fc693bdee4f1beb96c453c1983b164b18,978acd3f59110749e3a6fa35067e93dee8352f634b242c670afebbe4925e3470
subject_adapted,Table V,wbcic_2c,sub-024,SingLEM,EEGNet,0.9571428571428572,0.8714285714285714,0.085714285714,7edf3b596d2f2eda36c3e88170cb186410142e7860a19ae0344b88ad8b0c2d5f,a11b8c08f3dce8b2e9670e7644d93a0a831be1d4bf7c47727c30103f56926509
subject_adapted,Table V,wbcic_2c,sub-025,SingLEM,EEGNet,0.9357142857142857,0.8285714285714286,0.107142857143,a56f86c40e24cb5467b4df62bb98e828381d1bed4f429b1fe442b80de2ceefbf,80531071e64c527454f0cf0a72ad3ca6b83de500bbf492a871fb9a33ea0b65e2
subject_adapted,Table V,wbcic_2c,sub-026,SingLEM,EEGNet,0.9280575539568345,0.9496402877697842,-0.021582733813,77d1f07e69c2df34e363bb04201831dca0418d714fe522b0839a55383005bf09,b97564f0e40ae1ae1ab84badbbb17acf75df4a2f35ea5bdc83dccd05bb94f70b
subject_adapted,Table V,wbcic_2c,sub-027,SingLEM,EEGNet,0.6642857142857143,0.7071428571428572,-0.042857142857,5a92f590725eb8455b51b4a6502e0f0ddd2171dec41b0ed27fdf74eafe1bf62e,5355efa94f23043b6264ff9f0a81ac3ed5243145e4a336ab3b7770fb78d5dc4d
subject_adapted,Table V,wbcic_2c,sub-028,SingLEM,EEGNet,0.7857142857142857,0.8428571428571429,-0.057142857143,16c0e2b56dae3d4691eab48b1614b2504c4923d9a0aa0acd948915dacbb4cd88,7b252562dfcbfadcb10429c88af385a01cc47388b2b9d7a6d177bbe3df62ec29
subject_adapted,Table V,wbcic_2c,sub-029,SingLEM,EEGNet,0.5357142857142857,0.42142857142857143,0.114285714286,bb53e9997d5612f960d5073e01e1b6138e2afd78adaa307d90f85528fad2e846,1a14c6fe37c84c05ec1ec31d3966cdee893a6773ac30a2542437124f84ae3f56
subject_adapted,Table V,wbcic_2c,sub-030,SingLEM,EEGNet,0.9142857142857143,0.6571428571428571,0.257142857143,5222a5855e9868ae9513d73ae9c2227483a05f5ddfe70409c108535ffb9e5c2f,ca1cdc4591abfcde9ccd5ec472131a48ef1266ba658e0c9e4bc25f16564f539d
subject_adapted,Table V,wbcic_2c,sub-031,SingLEM,EEGNet,0.8571428571428571,0.85,0.007142857143,3838997b4481fecd7204e18313f5cc2f97b44a5660efbd4d7970b269aa8f0032,ebe71dcce1bc54c1bcec4e01faf7eec43bf97a467e620635771972b9b715ca77
subject_adapted,Table V,wbcic_2c,sub-032,SingLEM,EEGNet,0.6214285714285714,0.5714285714285714,0.05,aefa2d7b88c355f3172c5e34a1b471add119cb673eb2564cb3a25736f9871d92,b26bd5f5434f7aae5e231011fef006809413876d4eb2c5433891e81acff3e79b
subject_adapted,Table V,wbcic_2c,sub-033,SingLEM,EEGNet,0.9357142857142857,0.85,0.085714285714,0027fefc7a49e0d06f6c8c5541fdfbda4bd5fda677866e9ec6057e6c13e80ead,9351c11ae1244d3765914b490eb495458a98548fcf26f0748a2a46ea1d3deb1c
subject_adapted,Table V,wbcic_2c,sub-034,SingLEM,EEGNet,0.6285714285714286,0.6571428571428571,-0.028571428571,822b7bd7b2ba37d5c162a4708f511a6b1405870c524e1c558b825b242e28875a,9d013b94e175f58a13de4c5e8df3e68086ebc4aa9dc94c687aad7810c360538e
subject_adapted,Table V,wbcic_2c,sub-035,SingLEM,EEGNet,0.9714285714285714,0.9142857142857143,0.057142857143,b53072f18facea2b9ac816a1461d433f6745ea34c5ddb0bb010755eca4199312,8fc23fce70f80e2de404e59208ad7ca8511ac86ffdcaea4135069d6d1cb7f4ff
subject_adapted,Table V,wbcic_2c,sub-036,SingLEM,EEGNet,0.8714285714285714,0.7214285714285714,0.15,122d2219d8ab597f0e9d2aee0d3e3725af134fef6ef83339c02ba20fc32b9296,01d9e6a960eb6de7baa1ec5afff91d5fedb353a013e1c7d521e2fa1220cbc23f
subject_adapted,Table V,wbcic_2c,sub-037,SingLEM,EEGNet,0.9142857142857143,0.8928571428571429,0.021428571429,84885a259389078c95c133b69edc5f5d39142fc44a2d214df92bd8e9cda78d8b,84a32a425c749bd21ea5b3cd28b479eb795fa9b9f8f0494f069c376392675637
subject_adapted,Table V,wbcic_2c,sub-038,SingLEM,EEGNet,0.5928571428571429,0.5714285714285714,0.021428571429,f0f505a3350c21e87219dcf5cafe0a20076437192c427067e6f7e38568283c6f,5bed51ac76912dea6d2ff53ab0547c2f6bdeb830305d43d92d0ded24992fd644
subject_adapted,Table V,wbcic_2c,sub-039,SingLEM,EEGNet,0.5428571428571428,0.5,0.042857142857,403880041abfca0af6ef1f1d02202d9fd83911a0442b5fda36b269267c11df1c,52c2c1a0c2a7e1f67be3a554c65a6ad9ba7c0963b37d02b47483d1ed4f9c3ef0
subject_adapted,Table V,wbcic_2c,sub-040,SingLEM,EEGNet,0.8428571428571429,0.6357142857142857,0.207142857143,5d9f42a2357afd3f89211929d0fac3787e3e847eb37f14e5a2728499bfe61503,d93e40f36e319ce7ec0e95119ad706afa3cb637ee18bc36089654fe079d43cef
subject_adapted,Table V,wbcic_2c,sub-041,SingLEM,EEGNet,0.8857142857142857,0.7357142857142858,0.15,1fa26c17e5e086111a692ca2f32c3b01876e976e921f2f2d45bfcfee27ffeccd,4fb40cc8a98bdeda652d1d1b0b9c0e0a1507f86574a05f036f0c40437daa5073
subject_adapted,Table V,wbcic_2c,sub-042,SingLEM,EEGNet,0.8071428571428572,0.75,0.057142857143,3660e0bab1f35d20f9e9356cf8908051f61f1af1d8c3a6a88a5adde82b5e33e7,da792081cf8d3d2a21331f9f6407b9d9a7e449344b62a6e4854c2e123380167c
subject_adapted,Table V,wbcic_2c,sub-043,SingLEM,EEGNet,0.9857142857142858,0.9571428571428572,0.028571428571,0f81ae58f88ab9673bb4ca7581b8c2a781ed61d645979c8c12f49eb5ee5be238,4d5b8f3022a2b7a4fbd4f3dc69d83abb3ec71cc21b791219afe34bf534abda79
subject_adapted,Table V,wbcic_2c,sub-044,SingLEM,EEGNet,0.7214285714285714,0.6857142857142857,0.035714285714,c909fdee95a880c792c29caf33b28d7e4a7d602f86e5422574dc3f1a51b28da0,8f5c809b4efcadb51f61a4a2390a3d3e84f0321071e102339f9c1e6106dcac95
subject_adapted,Table V,wbcic_2c,sub-045,SingLEM,EEGNet,0.8285714285714286,0.8285714285714286,0.0,45aee6b88d4b135fb190e20aba63d48f9840ce33e2c1c40b90dd8daa6dc4456a,658324fa3c4e8ca5a70e9bdd51c4460b05b45843e531b234a559523250bfc63d
subject_adapted,Table V,wbcic_2c,sub-046,SingLEM,EEGNet,0.9785714285714285,0.8642857142857143,0.114285714286,9decf8ec7fdee4e951145ff16d9576434ad22c43b409995f988126cffa4fb94f,fce79ff8e90d0034d6ebc920d8eec2d78cdc85f27c904062570cf1967fa04752
subject_adapted,Table V,wbcic_2c,sub-047,SingLEM,EEGNet,0.8571428571428571,0.8,0.057142857143,47410c86f68e8cf26871d2c4f68f3046e64d0dd0575e2a6ae22e2e543d9c9508,006a4993e3ca815751a64d7552025dc061b0388955752f0cf03c26021c2c5844
subject_adapted,Table V,wbcic_2c,sub-048,SingLEM,EEGNet,0.8285714285714286,0.8928571428571429,-0.064285714286,9ef036a1c1c43865d9ac4a64be2fa19d95bb7cc5c3fd0439b2ef1f5a4892f020,f5cff70d88f2ccaadd516dc3981cb207e494fa9d02fd2653e1958c04f35b1838
subject_adapted,Table V,wbcic_2c,sub-049,SingLEM,EEGNet,0.8714285714285714,0.85,0.021428571429,d293e2828083fc089d716fc84e0f3c4ceb7ca8129d6f0434b71892daef128be9,995713dc681f1fbec5fe7bf943dd74e6806338a2b83d7255f70a78e080990a3e
subject_adapted,Table V,wbcic_2c,sub-050,SingLEM,EEGNet,0.9,0.7857142857142857,0.114285714286,ba5e677fc4f4427eb4abf1f631ea4bb1ecd5cffc08f21255347667a9a0ee176b,5dce5f82d615d1310d09248e576323dc191e115666dd7921a94e1b5e51f7b789
subject_adapted,Table V,wbcic_2c,sub-051,SingLEM,EEGNet,0.8285714285714286,0.7928571428571428,0.035714285714,e3d22e3218779f5f247b197f9e0c50aaf3127e8ee296845b9222072b621ec159,16a3269156a29b048b558fc8571b93a43f82d97d604f9ebae182a550603ae8a3
subject_adapted,Table V,wbcic_2c,sub-001,SingLEM,EEGConformer,0.9071428571428571,0.7428571428571429,0.164285714286,e0d20aa9e3e31b88cff003b19bb6dc5f75f46ff14a2f3c19c134113f3842d013,02dac67ba71632d9aa9235b47b37ee149f41ef9a851017933c6c38c4c410de47
subject_adapted,Table V,wbcic_2c,sub-002,SingLEM,EEGConformer,0.6928571428571428,0.6642857142857143,0.028571428571,9181efc29f9f846c9dcfa468c29e98ffa0efa5fb45c914588c36d8e934da9f96,00f4db4695573e0e8e126508a03593eb305b28056f64a3c0b124a8ad07927e4e
subject_adapted,Table V,wbcic_2c,sub-003,SingLEM,EEGConformer,0.95,0.8714285714285714,0.078571428571,d76e6f03b90a93ec6fd96e2dada0b08a58fefcb140732a30d23fc029583396bb,32e44fe56af38144ab545f6b43a740fb11a685abbf3739726ca6a28466c51eeb
subject_adapted,Table V,wbcic_2c,sub-004,SingLEM,EEGConformer,0.5,0.5,0.0,dedf6dd54f289c51adff3793240b55a6e14ff1a813e87fceac976306aaa93f3e,ee895e8c27e7c09d97b91d951aeeaa5d6cf34ad8af9e7cf341d6b799c71bb586
subject_adapted,Table V,wbcic_2c,sub-005,SingLEM,EEGConformer,0.8714285714285714,0.65,0.221428571429,833cada00d5999bf5d921e6bf27ccab3516d49f58157b480d01f33b193e9b97e,ea3a4f67048f108777d279082a339f6562707c588f0c18008761d469d150f83c
subject_adapted,Table V,wbcic_2c,sub-006,SingLEM,EEGConformer,0.8714285714285714,0.7642857142857142,0.107142857143,9ccfd926229969fc03b3b98d5f50b6d2c1110f21a3ff2aac30bcb226480c42b3,3cd4a1c099884f8cd0e6de604082ad4cef5f2de6f3dbd02c911ab7d693aac41e
subject_adapted,Table V,wbcic_2c,sub-007,SingLEM,EEGConformer,0.7428571428571429,0.6285714285714286,0.114285714286,e9fbd92efa3e0f179a2adb1866d74eebb700e24c20049e2b58c5e1185796d0e2,9866c821441b082dce6248bd617eb4929c48fcfa882a7266fe7a587164f2d3da
subject_adapted,Table V,wbcic_2c,sub-008,SingLEM,EEGConformer,0.9285714285714286,0.9214285714285714,0.007142857143,aeca524ff5f4ee8397d0452d407555bff3e73c03504cd14aeecf9715b83fe97c,eb223ddd2fdca81b23550c7bb5e8789057ca08ae8ccaa1a0c6a2369c68f719a1
subject_adapted,Table V,wbcic_2c,sub-009,SingLEM,EEGConformer,0.8285714285714286,0.6642857142857143,0.164285714286,8c0f9be93d38b78e1e3329c6a0b9a7e422a531e90fb9b5d6f71c11ece33a0256,33db82e4dd057ed82abc6e9dfac123d1b51412bc0c14b96cc9fd891c5ef58fb6
subject_adapted,Table V,wbcic_2c,sub-010,SingLEM,EEGConformer,0.8285714285714286,0.7357142857142858,0.092857142857,aec237812a1e7607421a3e25d5321452dac9beea06f5046acd4e026b1dfe4c2c,348d28e58eb784a29e2891c2d630557054b705edf3d1011c6d4b5e69a3e79cd6
subject_adapted,Table V,wbcic_2c,sub-011,SingLEM,EEGConformer,0.8785714285714286,0.8642857142857143,0.014285714286,1204c8bb54c67ad53ed96398f25996cfb20ef769b3bf77b7e56345e1c9a6ce23,f0e43163fcea8e9e8024c1d908e8efbfcf5668fbf4eeefd0c0d8985356bf2b5a
subject_adapted,Table V,wbcic_2c,sub-012,SingLEM,EEGConformer,0.4714285714285714,0.4357142857142857,0.035714285714,59f24c44f190580afe6721324eaf64f2536e560bb7c44a33be438e7049d1d991,2795bf99214d926233a2e75dc91a7305a3365b8c61ac44cadf87961cc3fd7540
subject_adapted,Table V,wbcic_2c,sub-013,SingLEM,EEGConformer,0.8428571428571429,0.6785714285714286,0.164285714286,02fe002f52b68fe0afe2b5e4d0e013c53d2ab942709fd124436df7683de346d4,269bc651a6ea2874e603a3d3a15bb89b12d76a4d7383c5231136e017dc271845
subject_adapted,Table V,wbcic_2c,sub-014,SingLEM,EEGConformer,0.65,0.5214285714285715,0.128571428571,3721c3221cbed522720dc77a5247e1d006409b41cae5a43d0a345533bdd6820c,738d0c513a528918a6c5eab7f23ebe94bdc2a485436ff2d97bfb2c46ac4d71f8
subject_adapted,Table V,wbcic_2c,sub-015,SingLEM,EEGConformer,0.8714285714285714,0.7428571428571429,0.128571428571,4efffdddaa64e9cc0cd61a053fcebe0daa288abece99c0662008353ab7483c11,7b42b95790fc2a6451adea7ce0ae6b030cf48f08a1b4069a6c24433d2d962919
subject_adapted,Table V,wbcic_2c,sub-016,SingLEM,EEGConformer,0.6785714285714286,0.7428571428571429,-0.064285714286,0e86e0b7e55e27661012d2e2514f3a9f40b95a0b26a1d8239504282e81bc98b2,d0c5d4b1d9a41ab0e13e995a20bab84accc6a45e715bc33d4783ce0f36b3d511
subject_adapted,Table V,wbcic_2c,sub-017,SingLEM,EEGConformer,0.7857142857142857,0.6,0.185714285714,4a3b6c1efef6b35e0acef2dc3203b32d368753943ba00f0ad11e53752f1d8d58,038146548b7754178e0468592535e013df3a85a29fa460d67dd0dd592f9312fb
subject_adapted,Table V,wbcic_2c,sub-018,SingLEM,EEGConformer,0.6428571428571429,0.6214285714285714,0.021428571429,ec290e49b88bd90a3883ba50abe4cfedd154f3af155baff30beafcb31cb57279,5546dc83d2fa8331ebcd391507f329f16af8f2643eb9a20b662acb461374515e
subject_adapted,Table V,wbcic_2c,sub-019,SingLEM,EEGConformer,0.7642857142857142,0.7571428571428571,0.007142857143,21a82b184cc34963bb9273bb043e56ce2b999ae1d43f8e8a2d6cfcecd0905525,a95d37d5a67313c00b817582a41e23e4dad378f2a85f7818a5a24d4831c119cc
subject_adapted,Table V,wbcic_2c,sub-020,SingLEM,EEGConformer,0.9214285714285714,0.8214285714285714,0.1,db27eb65223c25c0099729cd5ab990b85890ce01bd09277e4846e42e0f8c1727,f797550c22168bae8f5088322f1a2deafb8c4d54c74b67ddd10da0b3a9224389
subject_adapted,Table V,wbcic_2c,sub-021,SingLEM,EEGConformer,0.8785714285714286,0.8,0.078571428571,1a02f43c3aaec47eb28fabba117245c45a6eeea2e8f45ec925c808276046f92b,3be575fd45a25ab77df7ad601a047292027cf2b24752e3f1bf020f3fde58475e
subject_adapted,Table V,wbcic_2c,sub-022,SingLEM,EEGConformer,0.75,0.6285714285714286,0.121428571429,4cb49b5f9e023dfb0adb386a22dccce7b7b1dfe6dac96ccece835385aa19dbf5,de8e644075f6520bcf242cb5ebfa8020b3d7017427d08be0b290d0017f8b5930
subject_adapted,Table V,wbcic_2c,sub-023,SingLEM,EEGConformer,0.8345323741007195,0.7553956834532374,0.079136690647,00bf8b8ff60e40a620dea1bf5efb7a2fc693bdee4f1beb96c453c1983b164b18,978acd3f59110749e3a6fa35067e93dee8352f634b242c670afebbe4925e3470
subject_adapted,Table V,wbcic_2c,sub-024,SingLEM,EEGConformer,0.9571428571428572,0.9142857142857143,0.042857142857,7edf3b596d2f2eda36c3e88170cb186410142e7860a19ae0344b88ad8b0c2d5f,a11b8c08f3dce8b2e9670e7644d93a0a831be1d4bf7c47727c30103f56926509
subject_adapted,Table V,wbcic_2c,sub-025,SingLEM,EEGConformer,0.9357142857142857,0.8285714285714286,0.107142857143,a56f86c40e24cb5467b4df62bb98e828381d1bed4f429b1fe442b80de2ceefbf,80531071e64c527454f0cf0a72ad3ca6b83de500bbf492a871fb9a33ea0b65e2
subject_adapted,Table V,wbcic_2c,sub-026,SingLEM,EEGConformer,0.9280575539568345,0.9136690647482014,0.014388489209,77d1f07e69c2df34e363bb04201831dca0418d714fe522b0839a55383005bf09,b97564f0e40ae1ae1ab84badbbb17acf75df4a2f35ea5bdc83dccd05bb94f70b
subject_adapted,Table V,wbcic_2c,sub-027,SingLEM,EEGConformer,0.6642857142857143,0.6214285714285714,0.042857142857,5a92f590725eb8455b51b4a6502e0f0ddd2171dec41b0ed27fdf74eafe1bf62e,5355efa94f23043b6264ff9f0a81ac3ed5243145e4a336ab3b7770fb78d5dc4d
subject_adapted,Table V,wbcic_2c,sub-028,SingLEM,EEGConformer,0.7857142857142857,0.7428571428571429,0.042857142857,16c0e2b56dae3d4691eab48b1614b2504c4923d9a0aa0acd948915dacbb4cd88,7b252562dfcbfadcb10429c88af385a01cc47388b2b9d7a6d177bbe3df62ec29
subject_adapted,Table V,wbcic_2c,sub-029,SingLEM,EEGConformer,0.5357142857142857,0.7142857142857143,-0.178571428571,bb53e9997d5612f960d5073e01e1b6138e2afd78adaa307d90f85528fad2e846,1a14c6fe37c84c05ec1ec31d3966cdee893a6773ac30a2542437124f84ae3f56
subject_adapted,Table V,wbcic_2c,sub-030,SingLEM,EEGConformer,0.9142857142857143,0.7071428571428572,0.207142857143,5222a5855e9868ae9513d73ae9c2227483a05f5ddfe70409c108535ffb9e5c2f,ca1cdc4591abfcde9ccd5ec472131a48ef1266ba658e0c9e4bc25f16564f539d
subject_adapted,Table V,wbcic_2c,sub-031,SingLEM,EEGConformer,0.8571428571428571,0.8214285714285714,0.035714285714,3838997b4481fecd7204e18313f5cc2f97b44a5660efbd4d7970b269aa8f0032,ebe71dcce1bc54c1bcec4e01faf7eec43bf97a467e620635771972b9b715ca77
subject_adapted,Table V,wbcic_2c,sub-032,SingLEM,EEGConformer,0.6214285714285714,0.55,0.071428571429,aefa2d7b88c355f3172c5e34a1b471add119cb673eb2564cb3a25736f9871d92,b26bd5f5434f7aae5e231011fef006809413876d4eb2c5433891e81acff3e79b
subject_adapted,Table V,wbcic_2c,sub-033,SingLEM,EEGConformer,0.9357142857142857,0.7857142857142857,0.15,0027fefc7a49e0d06f6c8c5541fdfbda4bd5fda677866e9ec6057e6c13e80ead,9351c11ae1244d3765914b490eb495458a98548fcf26f0748a2a46ea1d3deb1c
subject_adapted,Table V,wbcic_2c,sub-034,SingLEM,EEGConformer,0.6285714285714286,0.5071428571428571,0.121428571429,822b7bd7b2ba37d5c162a4708f511a6b1405870c524e1c558b825b242e28875a,9d013b94e175f58a13de4c5e8df3e68086ebc4aa9dc94c687aad7810c360538e
subject_adapted,Table V,wbcic_2c,sub-035,SingLEM,EEGConformer,0.9714285714285714,0.7928571428571428,0.178571428571,b53072f18facea2b9ac816a1461d433f6745ea34c5ddb0bb010755eca4199312,8fc23fce70f80e2de404e59208ad7ca8511ac86ffdcaea4135069d6d1cb7f4ff
subject_adapted,Table V,wbcic_2c,sub-036,SingLEM,EEGConformer,0.8714285714285714,0.7857142857142857,0.085714285714,122d2219d8ab597f0e9d2aee0d3e3725af134fef6ef83339c02ba20fc32b9296,01d9e6a960eb6de7baa1ec5afff91d5fedb353a013e1c7d521e2fa1220cbc23f
subject_adapted,Table V,wbcic_2c,sub-037,SingLEM,EEGConformer,0.9142857142857143,0.8,0.114285714286,84885a259389078c95c133b69edc5f5d39142fc44a2d214df92bd8e9cda78d8b,84a32a425c749bd21ea5b3cd28b479eb795fa9b9f8f0494f069c376392675637
subject_adapted,Table V,wbcic_2c,sub-038,SingLEM,EEGConformer,0.5928571428571429,0.45714285714285713,0.135714285714,f0f505a3350c21e87219dcf5cafe0a20076437192c427067e6f7e38568283c6f,5bed51ac76912dea6d2ff53ab0547c2f6bdeb830305d43d92d0ded24992fd644
subject_adapted,Table V,wbcic_2c,sub-039,SingLEM,EEGConformer,0.5428571428571428,0.7642857142857142,-0.221428571429,403880041abfca0af6ef1f1d02202d9fd83911a0442b5fda36b269267c11df1c,52c2c1a0c2a7e1f67be3a554c65a6ad9ba7c0963b37d02b47483d1ed4f9c3ef0
subject_adapted,Table V,wbcic_2c,sub-040,SingLEM,EEGConformer,0.8428571428571429,0.6928571428571428,0.15,5d9f42a2357afd3f89211929d0fac3787e3e847eb37f14e5a2728499bfe61503,d93e40f36e319ce7ec0e95119ad706afa3cb637ee18bc36089654fe079d43cef
subject_adapted,Table V,wbcic_2c,sub-041,SingLEM,EEGConformer,0.8857142857142857,0.8785714285714286,0.007142857143,1fa26c17e5e086111a692ca2f32c3b01876e976e921f2f2d45bfcfee27ffeccd,4fb40cc8a98bdeda652d1d1b0b9c0e0a1507f86574a05f036f0c40437daa5073
subject_adapted,Table V,wbcic_2c,sub-042,SingLEM,EEGConformer,0.8071428571428572,0.7071428571428572,0.1,3660e0bab1f35d20f9e9356cf8908051f61f1af1d8c3a6a88a5adde82b5e33e7,da792081cf8d3d2a21331f9f6407b9d9a7e449344b62a6e4854c2e123380167c
subject_adapted,Table V,wbcic_2c,sub-043,SingLEM,EEGConformer,0.9857142857142858,0.8642857142857143,0.121428571429,0f81ae58f88ab9673bb4ca7581b8c2a781ed61d645979c8c12f49eb5ee5be238,4d5b8f3022a2b7a4fbd4f3dc69d83abb3ec71cc21b791219afe34bf534abda79
subject_adapted,Table V,wbcic_2c,sub-044,SingLEM,EEGConformer,0.7214285714285714,0.6571428571428571,0.064285714286,c909fdee95a880c792c29caf33b28d7e4a7d602f86e5422574dc3f1a51b28da0,8f5c809b4efcadb51f61a4a2390a3d3e84f0321071e102339f9c1e6106dcac95
subject_adapted,Table V,wbcic_2c,sub-045,SingLEM,EEGConformer,0.8285714285714286,0.6785714285714286,0.15,45aee6b88d4b135fb190e20aba63d48f9840ce33e2c1c40b90dd8daa6dc4456a,658324fa3c4e8ca5a70e9bdd51c4460b05b45843e531b234a559523250bfc63d
subject_adapted,Table V,wbcic_2c,sub-046,SingLEM,EEGConformer,0.9785714285714285,0.8357142857142857,0.142857142857,9decf8ec7fdee4e951145ff16d9576434ad22c43b409995f988126cffa4fb94f,fce79ff8e90d0034d6ebc920d8eec2d78cdc85f27c904062570cf1967fa04752
subject_adapted,Table V,wbcic_2c,sub-047,SingLEM,EEGConformer,0.8571428571428571,0.7,0.157142857143,47410c86f68e8cf26871d2c4f68f3046e64d0dd0575e2a6ae22e2e543d9c9508,006a4993e3ca815751a64d7552025dc061b0388955752f0cf03c26021c2c5844
subject_adapted,Table V,wbcic_2c,sub-048,SingLEM,EEGConformer,0.8285714285714286,0.8642857142857143,-0.035714285714,9ef036a1c1c43865d9ac4a64be2fa19d95bb7cc5c3fd0439b2ef1f5a4892f020,f5cff70d88f2ccaadd516dc3981cb207e494fa9d02fd2653e1958c04f35b1838
subject_adapted,Table V,wbcic_2c,sub-049,SingLEM,EEGConformer,0.8714285714285714,0.4,0.471428571429,d293e2828083fc089d716fc84e0f3c4ceb7ca8129d6f0434b71892daef128be9,995713dc681f1fbec5fe7bf943dd74e6806338a2b83d7255f70a78e080990a3e
subject_adapted,Table V,wbcic_2c,sub-050,SingLEM,EEGConformer,0.9,0.7142857142857143,0.185714285714,ba5e677fc4f4427eb4abf1f631ea4bb1ecd5cffc08f21255347667a9a0ee176b,5dce5f82d615d1310d09248e576323dc191e115666dd7921a94e1b5e51f7b789
subject_adapted,Table V,wbcic_2c,sub-051,SingLEM,EEGConformer,0.8285714285714286,0.6785714285714286,0.15,e3d22e3218779f5f247b197f9e0c50aaf3127e8ee296845b9222072b621ec159,16a3269156a29b048b558fc8571b93a43f82d97d604f9ebae182a550603ae8a3
subject_adapted,Table V,wbcic_2c,sub-001,SingLEM,IFNetV2,0.9071428571428571,0.8357142857142857,0.071428571429,e0d20aa9e3e31b88cff003b19bb6dc5f75f46ff14a2f3c19c134113f3842d013,02dac67ba71632d9aa9235b47b37ee149f41ef9a851017933c6c38c4c410de47
subject_adapted,Table V,wbcic_2c,sub-002,SingLEM,IFNetV2,0.6928571428571428,0.6,0.092857142857,9181efc29f9f846c9dcfa468c29e98ffa0efa5fb45c914588c36d8e934da9f96,00f4db4695573e0e8e126508a03593eb305b28056f64a3c0b124a8ad07927e4e
subject_adapted,Table V,wbcic_2c,sub-003,SingLEM,IFNetV2,0.95,0.9,0.05,d76e6f03b90a93ec6fd96e2dada0b08a58fefcb140732a30d23fc029583396bb,32e44fe56af38144ab545f6b43a740fb11a685abbf3739726ca6a28466c51eeb
subject_adapted,Table V,wbcic_2c,sub-004,SingLEM,IFNetV2,0.5,0.5428571428571428,-0.042857142857,dedf6dd54f289c51adff3793240b55a6e14ff1a813e87fceac976306aaa93f3e,ee895e8c27e7c09d97b91d951aeeaa5d6cf34ad8af9e7cf341d6b799c71bb586
subject_adapted,Table V,wbcic_2c,sub-005,SingLEM,IFNetV2,0.8714285714285714,0.8857142857142857,-0.014285714286,833cada00d5999bf5d921e6bf27ccab3516d49f58157b480d01f33b193e9b97e,ea3a4f67048f108777d279082a339f6562707c588f0c18008761d469d150f83c
subject_adapted,Table V,wbcic_2c,sub-006,SingLEM,IFNetV2,0.8714285714285714,0.9285714285714286,-0.057142857143,9ccfd926229969fc03b3b98d5f50b6d2c1110f21a3ff2aac30bcb226480c42b3,3cd4a1c099884f8cd0e6de604082ad4cef5f2de6f3dbd02c911ab7d693aac41e
subject_adapted,Table V,wbcic_2c,sub-007,SingLEM,IFNetV2,0.7428571428571429,0.7285714285714285,0.014285714286,e9fbd92efa3e0f179a2adb1866d74eebb700e24c20049e2b58c5e1185796d0e2,9866c821441b082dce6248bd617eb4929c48fcfa882a7266fe7a587164f2d3da
subject_adapted,Table V,wbcic_2c,sub-008,SingLEM,IFNetV2,0.9285714285714286,0.9071428571428571,0.021428571429,aeca524ff5f4ee8397d0452d407555bff3e73c03504cd14aeecf9715b83fe97c,eb223ddd2fdca81b23550c7bb5e8789057ca08ae8ccaa1a0c6a2369c68f719a1
subject_adapted,Table V,wbcic_2c,sub-009,SingLEM,IFNetV2,0.8285714285714286,0.7857142857142857,0.042857142857,8c0f9be93d38b78e1e3329c6a0b9a7e422a531e90fb9b5d6f71c11ece33a0256,33db82e4dd057ed82abc6e9dfac123d1b51412bc0c14b96cc9fd891c5ef58fb6
subject_adapted,Table V,wbcic_2c,sub-010,SingLEM,IFNetV2,0.8285714285714286,0.7142857142857143,0.114285714286,aec237812a1e7607421a3e25d5321452dac9beea06f5046acd4e026b1dfe4c2c,348d28e58eb784a29e2891c2d630557054b705edf3d1011c6d4b5e69a3e79cd6
subject_adapted,Table V,wbcic_2c,sub-011,SingLEM,IFNetV2,0.8785714285714286,0.9357142857142857,-0.057142857143,1204c8bb54c67ad53ed96398f25996cfb20ef769b3bf77b7e56345e1c9a6ce23,f0e43163fcea8e9e8024c1d908e8efbfcf5668fbf4eeefd0c0d8985356bf2b5a
subject_adapted,Table V,wbcic_2c,sub-012,SingLEM,IFNetV2,0.4714285714285714,0.5428571428571428,-0.071428571429,59f24c44f190580afe6721324eaf64f2536e560bb7c44a33be438e7049d1d991,2795bf99214d926233a2e75dc91a7305a3365b8c61ac44cadf87961cc3fd7540
subject_adapted,Table V,wbcic_2c,sub-013,SingLEM,IFNetV2,0.8428571428571429,0.7357142857142858,0.107142857143,02fe002f52b68fe0afe2b5e4d0e013c53d2ab942709fd124436df7683de346d4,269bc651a6ea2874e603a3d3a15bb89b12d76a4d7383c5231136e017dc271845
subject_adapted,Table V,wbcic_2c,sub-014,SingLEM,IFNetV2,0.65,0.5785714285714286,0.071428571429,3721c3221cbed522720dc77a5247e1d006409b41cae5a43d0a345533bdd6820c,738d0c513a528918a6c5eab7f23ebe94bdc2a485436ff2d97bfb2c46ac4d71f8
subject_adapted,Table V,wbcic_2c,sub-015,SingLEM,IFNetV2,0.8714285714285714,0.7857142857142857,0.085714285714,4efffdddaa64e9cc0cd61a053fcebe0daa288abece99c0662008353ab7483c11,7b42b95790fc2a6451adea7ce0ae6b030cf48f08a1b4069a6c24433d2d962919
subject_adapted,Table V,wbcic_2c,sub-016,SingLEM,IFNetV2,0.6785714285714286,0.6571428571428571,0.021428571429,0e86e0b7e55e27661012d2e2514f3a9f40b95a0b26a1d8239504282e81bc98b2,d0c5d4b1d9a41ab0e13e995a20bab84accc6a45e715bc33d4783ce0f36b3d511
subject_adapted,Table V,wbcic_2c,sub-017,SingLEM,IFNetV2,0.7857142857142857,0.6357142857142857,0.15,4a3b6c1efef6b35e0acef2dc3203b32d368753943ba00f0ad11e53752f1d8d58,038146548b7754178e0468592535e013df3a85a29fa460d67dd0dd592f9312fb
subject_adapted,Table V,wbcic_2c,sub-018,SingLEM,IFNetV2,0.6428571428571429,0.5928571428571429,0.05,ec290e49b88bd90a3883ba50abe4cfedd154f3af155baff30beafcb31cb57279,5546dc83d2fa8331ebcd391507f329f16af8f2643eb9a20b662acb461374515e
subject_adapted,Table V,wbcic_2c,sub-019,SingLEM,IFNetV2,0.7642857142857142,0.6571428571428571,0.107142857143,21a82b184cc34963bb9273bb043e56ce2b999ae1d43f8e8a2d6cfcecd0905525,a95d37d5a67313c00b817582a41e23e4dad378f2a85f7818a5a24d4831c119cc
subject_adapted,Table V,wbcic_2c,sub-020,SingLEM,IFNetV2,0.9214285714285714,0.8785714285714286,0.042857142857,db27eb65223c25c0099729cd5ab990b85890ce01bd09277e4846e42e0f8c1727,f797550c22168bae8f5088322f1a2deafb8c4d54c74b67ddd10da0b3a9224389
subject_adapted,Table V,wbcic_2c,sub-021,SingLEM,IFNetV2,0.8785714285714286,0.8214285714285714,0.057142857143,1a02f43c3aaec47eb28fabba117245c45a6eeea2e8f45ec925c808276046f92b,3be575fd45a25ab77df7ad601a047292027cf2b24752e3f1bf020f3fde58475e
subject_adapted,Table V,wbcic_2c,sub-022,SingLEM,IFNetV2,0.75,0.6785714285714286,0.071428571429,4cb49b5f9e023dfb0adb386a22dccce7b7b1dfe6dac96ccece835385aa19dbf5,de8e644075f6520bcf242cb5ebfa8020b3d7017427d08be0b290d0017f8b5930
subject_adapted,Table V,wbcic_2c,sub-023,SingLEM,IFNetV2,0.8345323741007195,0.762589928057554,0.071942446043,00bf8b8ff60e40a620dea1bf5efb7a2fc693bdee4f1beb96c453c1983b164b18,978acd3f59110749e3a6fa35067e93dee8352f634b242c670afebbe4925e3470
subject_adapted,Table V,wbcic_2c,sub-024,SingLEM,IFNetV2,0.9571428571428572,0.7357142857142858,0.221428571429,7edf3b596d2f2eda36c3e88170cb186410142e7860a19ae0344b88ad8b0c2d5f,a11b8c08f3dce8b2e9670e7644d93a0a831be1d4bf7c47727c30103f56926509
subject_adapted,Table V,wbcic_2c,sub-025,SingLEM,IFNetV2,0.9357142857142857,0.8714285714285714,0.064285714286,a56f86c40e24cb5467b4df62bb98e828381d1bed4f429b1fe442b80de2ceefbf,80531071e64c527454f0cf0a72ad3ca6b83de500bbf492a871fb9a33ea0b65e2
subject_adapted,Table V,wbcic_2c,sub-026,SingLEM,IFNetV2,0.9280575539568345,0.9064748201438849,0.021582733813,77d1f07e69c2df34e363bb04201831dca0418d714fe522b0839a55383005bf09,b97564f0e40ae1ae1ab84badbbb17acf75df4a2f35ea5bdc83dccd05bb94f70b
subject_adapted,Table V,wbcic_2c,sub-027,SingLEM,IFNetV2,0.6642857142857143,0.5214285714285715,0.142857142857,5a92f590725eb8455b51b4a6502e0f0ddd2171dec41b0ed27fdf74eafe1bf62e,5355efa94f23043b6264ff9f0a81ac3ed5243145e4a336ab3b7770fb78d5dc4d
subject_adapted,Table V,wbcic_2c,sub-028,SingLEM,IFNetV2,0.7857142857142857,0.8571428571428571,-0.071428571429,16c0e2b56dae3d4691eab48b1614b2504c4923d9a0aa0acd948915dacbb4cd88,7b252562dfcbfadcb10429c88af385a01cc47388b2b9d7a6d177bbe3df62ec29
subject_adapted,Table V,wbcic_2c,sub-029,SingLEM,IFNetV2,0.5357142857142857,0.8142857142857143,-0.278571428571,bb53e9997d5612f960d5073e01e1b6138e2afd78adaa307d90f85528fad2e846,1a14c6fe37c84c05ec1ec31d3966cdee893a6773ac30a2542437124f84ae3f56
subject_adapted,Table V,wbcic_2c,sub-030,SingLEM,IFNetV2,0.9142857142857143,0.8785714285714286,0.035714285714,5222a5855e9868ae9513d73ae9c2227483a05f5ddfe70409c108535ffb9e5c2f,ca1cdc4591abfcde9ccd5ec472131a48ef1266ba658e0c9e4bc25f16564f539d
subject_adapted,Table V,wbcic_2c,sub-031,SingLEM,IFNetV2,0.8571428571428571,0.7142857142857143,0.142857142857,3838997b4481fecd7204e18313f5cc2f97b44a5660efbd4d7970b269aa8f0032,ebe71dcce1bc54c1bcec4e01faf7eec43bf97a467e620635771972b9b715ca77
subject_adapted,Table V,wbcic_2c,sub-032,SingLEM,IFNetV2,0.6214285714285714,0.7357142857142858,-0.114285714286,aefa2d7b88c355f3172c5e34a1b471add119cb673eb2564cb3a25736f9871d92,b26bd5f5434f7aae5e231011fef006809413876d4eb2c5433891e81acff3e79b
subject_adapted,Table V,wbcic_2c,sub-033,SingLEM,IFNetV2,0.9357142857142857,0.9642857142857143,-0.028571428571,0027fefc7a49e0d06f6c8c5541fdfbda4bd5fda677866e9ec6057e6c13e80ead,9351c11ae1244d3765914b490eb495458a98548fcf26f0748a2a46ea1d3deb1c
subject_adapted,Table V,wbcic_2c,sub-034,SingLEM,IFNetV2,0.6285714285714286,0.6214285714285714,0.007142857143,822b7bd7b2ba37d5c162a4708f511a6b1405870c524e1c558b825b242e28875a,9d013b94e175f58a13de4c5e8df3e68086ebc4aa9dc94c687aad7810c360538e
subject_adapted,Table V,wbcic_2c,sub-035,SingLEM,IFNetV2,0.9714285714285714,0.8642857142857143,0.107142857143,b53072f18facea2b9ac816a1461d433f6745ea34c5ddb0bb010755eca4199312,8fc23fce70f80e2de404e59208ad7ca8511ac86ffdcaea4135069d6d1cb7f4ff
subject_adapted,Table V,wbcic_2c,sub-036,SingLEM,IFNetV2,0.8714285714285714,0.8214285714285714,0.05,122d2219d8ab597f0e9d2aee0d3e3725af134fef6ef83339c02ba20fc32b9296,01d9e6a960eb6de7baa1ec5afff91d5fedb353a013e1c7d521e2fa1220cbc23f
subject_adapted,Table V,wbcic_2c,sub-037,SingLEM,IFNetV2,0.9142857142857143,0.8285714285714286,0.085714285714,84885a259389078c95c133b69edc5f5d39142fc44a2d214df92bd8e9cda78d8b,84a32a425c749bd21ea5b3cd28b479eb795fa9b9f8f0494f069c376392675637
subject_adapted,Table V,wbcic_2c,sub-038,SingLEM,IFNetV2,0.5928571428571429,0.5714285714285714,0.021428571429,f0f505a3350c21e87219dcf5cafe0a20076437192c427067e6f7e38568283c6f,5bed51ac76912dea6d2ff53ab0547c2f6bdeb830305d43d92d0ded24992fd644
subject_adapted,Table V,wbcic_2c,sub-039,SingLEM,IFNetV2,0.5428571428571428,0.6571428571428571,-0.114285714286,403880041abfca0af6ef1f1d02202d9fd83911a0442b5fda36b269267c11df1c,52c2c1a0c2a7e1f67be3a554c65a6ad9ba7c0963b37d02b47483d1ed4f9c3ef0
subject_adapted,Table V,wbcic_2c,sub-040,SingLEM,IFNetV2,0.8428571428571429,0.8428571428571429,0.0,5d9f42a2357afd3f89211929d0fac3787e3e847eb37f14e5a2728499bfe61503,d93e40f36e319ce7ec0e95119ad706afa3cb637ee18bc36089654fe079d43cef
subject_adapted,Table V,wbcic_2c,sub-041,SingLEM,IFNetV2,0.8857142857142857,0.8642857142857143,0.021428571429,1fa26c17e5e086111a692ca2f32c3b01876e976e921f2f2d45bfcfee27ffeccd,4fb40cc8a98bdeda652d1d1b0b9c0e0a1507f86574a05f036f0c40437daa5073
subject_adapted,Table V,wbcic_2c,sub-042,SingLEM,IFNetV2,0.8071428571428572,0.8214285714285714,-0.014285714286,3660e0bab1f35d20f9e9356cf8908051f61f1af1d8c3a6a88a5adde82b5e33e7,da792081cf8d3d2a21331f9f6407b9d9a7e449344b62a6e4854c2e123380167c
subject_adapted,Table V,wbcic_2c,sub-043,SingLEM,IFNetV2,0.9857142857142858,0.9357142857142857,0.05,0f81ae58f88ab9673bb4ca7581b8c2a781ed61d645979c8c12f49eb5ee5be238,4d5b8f3022a2b7a4fbd4f3dc69d83abb3ec71cc21b791219afe34bf534abda79
subject_adapted,Table V,wbcic_2c,sub-044,SingLEM,IFNetV2,0.7214285714285714,0.6642857142857143,0.057142857143,c909fdee95a880c792c29caf33b28d7e4a7d602f86e5422574dc3f1a51b28da0,8f5c809b4efcadb51f61a4a2390a3d3e84f0321071e102339f9c1e6106dcac95
subject_adapted,Table V,wbcic_2c,sub-045,SingLEM,IFNetV2,0.8285714285714286,0.8071428571428572,0.021428571429,45aee6b88d4b135fb190e20aba63d48f9840ce33e2c1c40b90dd8daa6dc4456a,658324fa3c4e8ca5a70e9bdd51c4460b05b45843e531b234a559523250bfc63d
subject_adapted,Table V,wbcic_2c,sub-046,SingLEM,IFNetV2,0.9785714285714285,0.9642857142857143,0.014285714286,9decf8ec7fdee4e951145ff16d9576434ad22c43b409995f988126cffa4fb94f,fce79ff8e90d0034d6ebc920d8eec2d78cdc85f27c904062570cf1967fa04752
subject_adapted,Table V,wbcic_2c,sub-047,SingLEM,IFNetV2,0.8571428571428571,0.8214285714285714,0.035714285714,47410c86f68e8cf26871d2c4f68f3046e64d0dd0575e2a6ae22e2e543d9c9508,006a4993e3ca815751a64d7552025dc061b0388955752f0cf03c26021c2c5844
subject_adapted,Table V,wbcic_2c,sub-048,SingLEM,IFNetV2,0.8285714285714286,0.8357142857142857,-0.007142857143,9ef036a1c1c43865d9ac4a64be2fa19d95bb7cc5c3fd0439b2ef1f5a4892f020,f5cff70d88f2ccaadd516dc3981cb207e494fa9d02fd2653e1958c04f35b1838
subject_adapted,Table V,wbcic_2c,sub-049,SingLEM,IFNetV2,0.8714285714285714,0.9214285714285714,-0.05,d293e2828083fc089d716fc84e0f3c4ceb7ca8129d6f0434b71892daef128be9,995713dc681f1fbec5fe7bf943dd74e6806338a2b83d7255f70a78e080990a3e
subject_adapted,Table V,wbcic_2c,sub-050,SingLEM,IFNetV2,0.9,0.85,0.05,ba5e677fc4f4427eb4abf1f631ea4bb1ecd5cffc08f21255347667a9a0ee176b,5dce5f82d615d1310d09248e576323dc191e115666dd7921a94e1b5e51f7b789
subject_adapted,Table V,wbcic_2c,sub-051,SingLEM,IFNetV2,0.8285714285714286,0.7642857142857142,0.064285714286,e3d22e3218779f5f247b197f9e0c50aaf3127e8ee296845b9222072b621ec159,16a3269156a29b048b558fc8571b93a43f82d97d604f9ebae182a550603ae8a3
subject_adapted,Table V,atten_nback,VP001,SingLEM,BENDR,0.6052631578947368,0.42105263157894735,0.184210526316,b61f49cca01b5a1c92b89480e838bd2147a355bfb4c594a8662511878c2cace1,8e7e6f87927b3c3b942458efefd2a2be71b2ec4ab956510a919e6761ac113053
subject_adapted,Table V,atten_nback,VP002,SingLEM,BENDR,0.7763157894736842,0.5526315789473685,0.223684210526,99689f39de2eb0f8379e2b78bbf0262bb50bf2205ef29638652c918f74b208be,e137269f8944e908861ca5b82057681d571c3353386bbadb8ea0cbd92485abb7
subject_adapted,Table V,atten_nback,VP003,SingLEM,BENDR,0.9078947368421053,0.5526315789473685,0.355263157895,8c53f344d1c034e553b4826684e5dd4110d8d10f73819d3f825f361af22e4cae,d70221205847962a91298be0189ab6e2cdee2fccb12c9f9cf56152812211a683
subject_adapted,Table V,atten_nback,VP004,SingLEM,BENDR,0.7763157894736842,0.618421052631579,0.157894736842,4c6c707699764ede1a786950dcf619052f4e54cafdad23916b286b23694b68ba,5cd1f9043659bcfcccfc66d69b29299c1154891945182ce8db4b201e95f3bb2d
subject_adapted,Table V,atten_nback,VP005,SingLEM,BENDR,0.8026315789473685,0.618421052631579,0.184210526316,f7a5e8407f67982104ea5780ccd5dc26e2b17d311e490b6a17044a250f19e7f9,862754acd8e9c11bfe20b6670ef66b308e8574920b5ed1775cc41f8623e7f427
subject_adapted,Table V,atten_nback,VP006,SingLEM,BENDR,0.881578947368421,0.5394736842105263,0.342105263158,3c1b3ccf801dab35404731ac91939293f1965cbb6fcdb5cabab1da89d2a7a336,b35909db3eabe8bf1943d67097d4f7afc7159b3febe5bb743824cf89e095e9c4
subject_adapted,Table V,atten_nback,VP007,SingLEM,BENDR,0.881578947368421,0.4342105263157895,0.447368421053,7173fc48466a263f4a3ba91c09728e40e74a45c69fa75ea351e3762a774c411d,8880f9ba7e9245d908133383bf4ac107083d3eed84c3f0b370e7e47bbeaee4bf
subject_adapted,Table V,atten_nback,VP008,SingLEM,BENDR,0.9078947368421053,0.6052631578947368,0.302631578947,d86222497b10c3ac5e2f97fbdb21c9853e3141724b78df29efd4d7a8590666f7,7cee56c9eba76ded053c7c1eca0a8659c030cc3509d662cdf3f7f9940a982b02
subject_adapted,Table V,atten_nback,VP009,SingLEM,BENDR,0.8552631578947368,0.7631578947368421,0.092105263158,5d2d8ee7dc449e1976eb414a5cc973be0df7c6fd8d20702e349652034e4d7e7f,2b9f4ad8a1a60449d4f44404a937171fc0190e6282caf8711283af0d61b91ce1
subject_adapted,Table V,atten_nback,VP010,SingLEM,BENDR,0.75,0.5,0.25,8638c53020fac8defc78af5dffd06fc3cdf9c4235ad43103c07b6aad7fa761d7,4dd101c5ef8d18fca906a64ce2f2b54a75bc80cb8ab25bfa3cfcd23a2304445d
subject_adapted,Table V,atten_nback,VP011,SingLEM,BENDR,0.7894736842105263,0.5921052631578947,0.197368421053,a430ba0c4b4d5b1f084dcfa5ae4cea0f4a751a470e32c770221938d875793043,fdfa42c4eb146c34684ae7d6b40c7c6a7719b0019868316c33ca82cbebe8ed2d
subject_adapted,Table V,atten_nback,VP012,SingLEM,BENDR,0.9473684210526315,0.5921052631578947,0.355263157895,dc4dcb7d6bc8b450560c989b7328a60fa7c27cadb151ef4387725447fcc0f04e,33b07c1fd2a96ab42238b9e65e50545bf25874afdb448bd9b223613f3654a4f8
subject_adapted,Table V,atten_nback,VP013,SingLEM,BENDR,0.8947368421052632,0.5789473684210527,0.315789473684,a095a2d2f9b93024261d428ca275ea4601c437793c9a2f5c8c7834a83bb85a5a,c9a31947e9b31f33e5f567f4fc95a0fc1dfa9651584ac00da44f782f2d287a11
subject_adapted,Table V,atten_nback,VP014,SingLEM,BENDR,0.9210526315789473,0.5657894736842105,0.355263157895,d6ec3f37f3a71ec25aaacdfd54e0b31f608d9a5e51a22d72b7f4e9cd6542f5ff,0da3210588aed9b4086aec52ef3f73d12d983f53c02e7187975cacc4d942c793
subject_adapted,Table V,atten_nback,VP015,SingLEM,BENDR,0.8157894736842105,0.5789473684210527,0.236842105263,41a0cf3a96fde1efcde1af2f0209a33e76ea213ccacbae76ad1590fb7c63c0a8,95d8cfa7960cab1b22ce3f17dc3afc01cc0b3066876e6144dd44e522c2974562
subject_adapted,Table V,atten_nback,VP016,SingLEM,BENDR,0.9078947368421053,0.5263157894736842,0.381578947368,67979bc0ebce2305c1c65bbf06fb2e80ca3e79d8b53b923a86642a5b6d9c2ef6,fa5e8048d3771864a0025c4b46378c879dc68e1cdc62cf1b1cbc63911d37c54b
subject_adapted,Table V,atten_nback,VP017,SingLEM,BENDR,0.8947368421052632,0.6447368421052632,0.25,0f75c923fb4e493433a29c2d000fc206cd2ace7c72694e287a2450136d5acb53,73399a7502519f61683de17ac2e849182916208ece519b106da2095807938603
subject_adapted,Table V,atten_nback,VP018,SingLEM,BENDR,0.8157894736842105,0.5526315789473685,0.263157894737,03d4943088823451c0ab531545937c1884ff1edb3d18d8685825ad18d56edb2d,2e990896a60679a6c8a8f126cb652a044849369e8d2e254eabbc7fbda9ea509b
subject_adapted,Table V,atten_nback,VP019,SingLEM,BENDR,0.881578947368421,0.5657894736842105,0.315789473684,e4eac33876f5b7531f05d05082d90f28e9d574165cc40d1ad0387a19305f249d,de033ebc5018477e5c279a2019d019e3f26519b44cb6996186fc0f1321ea8a1e
subject_adapted,Table V,atten_nback,VP020,SingLEM,BENDR,0.868421052631579,0.4473684210526316,0.421052631579,1f57ac6566c8a0780b2b9e17c4e686f79e0c2b333dc515ede5fe868f9a66f287,78a2a1a35ba00f3f90ad96e594a950444f54b693890cd0377387133c742de70f
subject_adapted,Table V,atten_nback,VP021,SingLEM,BENDR,0.868421052631579,0.6052631578947368,0.263157894737,ff83183ddcb36bde4b19718ba328642c9f1ba97e9a0ca678d96fafa079351a46,92884954f5cfe8106dd758ae67ab81ec79a6c5256a15830a06f450379eeb307a
subject_adapted,Table V,atten_nback,VP022,SingLEM,BENDR,0.8421052631578947,0.6578947368421053,0.184210526316,740ffa682b5aa8df18ac8ad7611a4e5d7cc76745d128a50ef0dc83f6e336d0f5,f2356f2888e50a9d4e0daf07fe36da9e5d028f27b7eb4cdf271d6d611832c0c4
subject_adapted,Table V,atten_nback,VP023,SingLEM,BENDR,0.8947368421052632,0.5263157894736842,0.368421052632,439f3f128bbf9b8689cc9ea23368f1634151a4ab991e24f0deb4e413cf78f82e,ff4aa49dd3cb8ca6132d76b2d9f958c1c5bad987c8135ec816b205a790958f20
subject_adapted,Table V,atten_nback,VP024,SingLEM,BENDR,0.7105263157894737,0.5657894736842105,0.144736842105,c1ccda764fc5f5ec882a6dd80d36e9a044db5de2434578dd2e5ada614ea2c9f9,21d7536d52ab136019f5304e65d5355ff0de3fe950cd486d46fe65fda5017674
subject_adapted,Table V,atten_nback,VP025,SingLEM,BENDR,0.9342105263157895,0.6052631578947368,0.328947368421,967211699f8e48b070ac73cab299d5861b625c90ba9aeecf57dd0be206cf8d62,1571bd1d1625224daec9bc320481a8fc27523c102d61e478c2a6aa86b0259ad6
subject_adapted,Table V,atten_nback,VP026,SingLEM,BENDR,0.8157894736842105,0.5394736842105263,0.276315789474,0e66f40171facd69eaf636d54cc283a8bd1047d0d3c7448661e02f55cc8920d1,079fb854d628df403d869fd4e7e5b9f4e24044068df7017a3f3dde69dc6f8030
subject_adapted,Table V,atten_nback,VP001,SingLEM,BIOT,0.6052631578947368,0.5789473684210527,0.026315789474,b61f49cca01b5a1c92b89480e838bd2147a355bfb4c594a8662511878c2cace1,8e7e6f87927b3c3b942458efefd2a2be71b2ec4ab956510a919e6761ac113053
subject_adapted,Table V,atten_nback,VP002,SingLEM,BIOT,0.7763157894736842,0.6052631578947368,0.171052631579,99689f39de2eb0f8379e2b78bbf0262bb50bf2205ef29638652c918f74b208be,e137269f8944e908861ca5b82057681d571c3353386bbadb8ea0cbd92485abb7
subject_adapted,Table V,atten_nback,VP003,SingLEM,BIOT,0.9078947368421053,0.618421052631579,0.289473684211,8c53f344d1c034e553b4826684e5dd4110d8d10f73819d3f825f361af22e4cae,d70221205847962a91298be0189ab6e2cdee2fccb12c9f9cf56152812211a683
subject_adapted,Table V,atten_nback,VP004,SingLEM,BIOT,0.7763157894736842,0.5657894736842105,0.210526315789,4c6c707699764ede1a786950dcf619052f4e54cafdad23916b286b23694b68ba,5cd1f9043659bcfcccfc66d69b29299c1154891945182ce8db4b201e95f3bb2d
subject_adapted,Table V,atten_nback,VP005,SingLEM,BIOT,0.8026315789473685,0.6842105263157895,0.118421052632,f7a5e8407f67982104ea5780ccd5dc26e2b17d311e490b6a17044a250f19e7f9,862754acd8e9c11bfe20b6670ef66b308e8574920b5ed1775cc41f8623e7f427
subject_adapted,Table V,atten_nback,VP006,SingLEM,BIOT,0.881578947368421,0.6052631578947368,0.276315789474,3c1b3ccf801dab35404731ac91939293f1965cbb6fcdb5cabab1da89d2a7a336,b35909db3eabe8bf1943d67097d4f7afc7159b3febe5bb743824cf89e095e9c4
subject_adapted,Table V,atten_nback,VP007,SingLEM,BIOT,0.881578947368421,0.5131578947368421,0.368421052632,7173fc48466a263f4a3ba91c09728e40e74a45c69fa75ea351e3762a774c411d,8880f9ba7e9245d908133383bf4ac107083d3eed84c3f0b370e7e47bbeaee4bf
subject_adapted,Table V,atten_nback,VP008,SingLEM,BIOT,0.9078947368421053,0.6578947368421053,0.25,d86222497b10c3ac5e2f97fbdb21c9853e3141724b78df29efd4d7a8590666f7,7cee56c9eba76ded053c7c1eca0a8659c030cc3509d662cdf3f7f9940a982b02
subject_adapted,Table V,atten_nback,VP009,SingLEM,BIOT,0.8552631578947368,0.6973684210526315,0.157894736842,5d2d8ee7dc449e1976eb414a5cc973be0df7c6fd8d20702e349652034e4d7e7f,2b9f4ad8a1a60449d4f44404a937171fc0190e6282caf8711283af0d61b91ce1
subject_adapted,Table V,atten_nback,VP010,SingLEM,BIOT,0.75,0.5394736842105263,0.210526315789,8638c53020fac8defc78af5dffd06fc3cdf9c4235ad43103c07b6aad7fa761d7,4dd101c5ef8d18fca906a64ce2f2b54a75bc80cb8ab25bfa3cfcd23a2304445d
subject_adapted,Table V,atten_nback,VP011,SingLEM,BIOT,0.7894736842105263,0.5,0.289473684211,a430ba0c4b4d5b1f084dcfa5ae4cea0f4a751a470e32c770221938d875793043,fdfa42c4eb146c34684ae7d6b40c7c6a7719b0019868316c33ca82cbebe8ed2d
subject_adapted,Table V,atten_nback,VP012,SingLEM,BIOT,0.9473684210526315,0.5526315789473685,0.394736842105,dc4dcb7d6bc8b450560c989b7328a60fa7c27cadb151ef4387725447fcc0f04e,33b07c1fd2a96ab42238b9e65e50545bf25874afdb448bd9b223613f3654a4f8
subject_adapted,Table V,atten_nback,VP013,SingLEM,BIOT,0.8947368421052632,0.8289473684210527,0.065789473684,a095a2d2f9b93024261d428ca275ea4601c437793c9a2f5c8c7834a83bb85a5a,c9a31947e9b31f33e5f567f4fc95a0fc1dfa9651584ac00da44f782f2d287a11
subject_adapted,Table V,atten_nback,VP014,SingLEM,BIOT,0.9210526315789473,0.5263157894736842,0.394736842105,d6ec3f37f3a71ec25aaacdfd54e0b31f608d9a5e51a22d72b7f4e9cd6542f5ff,0da3210588aed9b4086aec52ef3f73d12d983f53c02e7187975cacc4d942c793
subject_adapted,Table V,atten_nback,VP015,SingLEM,BIOT,0.8157894736842105,0.5789473684210527,0.236842105263,41a0cf3a96fde1efcde1af2f0209a33e76ea213ccacbae76ad1590fb7c63c0a8,95d8cfa7960cab1b22ce3f17dc3afc01cc0b3066876e6144dd44e522c2974562
subject_adapted,Table V,atten_nback,VP016,SingLEM,BIOT,0.9078947368421053,0.5657894736842105,0.342105263158,67979bc0ebce2305c1c65bbf06fb2e80ca3e79d8b53b923a86642a5b6d9c2ef6,fa5e8048d3771864a0025c4b46378c879dc68e1cdc62cf1b1cbc63911d37c54b
subject_adapted,Table V,atten_nback,VP017,SingLEM,BIOT,0.8947368421052632,0.6447368421052632,0.25,0f75c923fb4e493433a29c2d000fc206cd2ace7c72694e287a2450136d5acb53,73399a7502519f61683de17ac2e849182916208ece519b106da2095807938603
subject_adapted,Table V,atten_nback,VP018,SingLEM,BIOT,0.8157894736842105,0.5,0.315789473684,03d4943088823451c0ab531545937c1884ff1edb3d18d8685825ad18d56edb2d,2e990896a60679a6c8a8f126cb652a044849369e8d2e254eabbc7fbda9ea509b
subject_adapted,Table V,atten_nback,VP019,SingLEM,BIOT,0.881578947368421,0.7631578947368421,0.118421052632,e4eac33876f5b7531f05d05082d90f28e9d574165cc40d1ad0387a19305f249d,de033ebc5018477e5c279a2019d019e3f26519b44cb6996186fc0f1321ea8a1e
subject_adapted,Table V,atten_nback,VP020,SingLEM,BIOT,0.868421052631579,0.5131578947368421,0.355263157895,1f57ac6566c8a0780b2b9e17c4e686f79e0c2b333dc515ede5fe868f9a66f287,78a2a1a35ba00f3f90ad96e594a950444f54b693890cd0377387133c742de70f
subject_adapted,Table V,atten_nback,VP021,SingLEM,BIOT,0.868421052631579,0.5131578947368421,0.355263157895,ff83183ddcb36bde4b19718ba328642c9f1ba97e9a0ca678d96fafa079351a46,92884954f5cfe8106dd758ae67ab81ec79a6c5256a15830a06f450379eeb307a
subject_adapted,Table V,atten_nback,VP022,SingLEM,BIOT,0.8421052631578947,0.75,0.092105263158,740ffa682b5aa8df18ac8ad7611a4e5d7cc76745d128a50ef0dc83f6e336d0f5,f2356f2888e50a9d4e0daf07fe36da9e5d028f27b7eb4cdf271d6d611832c0c4
subject_adapted,Table V,atten_nback,VP023,SingLEM,BIOT,0.8947368421052632,0.6973684210526315,0.197368421053,439f3f128bbf9b8689cc9ea23368f1634151a4ab991e24f0deb4e413cf78f82e,ff4aa49dd3cb8ca6132d76b2d9f958c1c5bad987c8135ec816b205a790958f20
subject_adapted,Table V,atten_nback,VP024,SingLEM,BIOT,0.7105263157894737,0.5263157894736842,0.184210526316,c1ccda764fc5f5ec882a6dd80d36e9a044db5de2434578dd2e5ada614ea2c9f9,21d7536d52ab136019f5304e65d5355ff0de3fe950cd486d46fe65fda5017674
subject_adapted,Table V,atten_nback,VP025,SingLEM,BIOT,0.9342105263157895,0.6052631578947368,0.328947368421,967211699f8e48b070ac73cab299d5861b625c90ba9aeecf57dd0be206cf8d62,1571bd1d1625224daec9bc320481a8fc27523c102d61e478c2a6aa86b0259ad6
subject_adapted,Table V,atten_nback,VP026,SingLEM,BIOT,0.8157894736842105,0.5921052631578947,0.223684210526,0e66f40171facd69eaf636d54cc283a8bd1047d0d3c7448661e02f55cc8920d1,079fb854d628df403d869fd4e7e5b9f4e24044068df7017a3f3dde69dc6f8030
subject_adapted,Table V,atten_nback,VP001,SingLEM,LaBraM,0.6052631578947368,0.5526315789473685,0.052631578947,b61f49cca01b5a1c92b89480e838bd2147a355bfb4c594a8662511878c2cace1,8e7e6f87927b3c3b942458efefd2a2be71b2ec4ab956510a919e6761ac113053
subject_adapted,Table V,atten_nback,VP002,SingLEM,LaBraM,0.7763157894736842,0.6710526315789473,0.105263157895,99689f39de2eb0f8379e2b78bbf0262bb50bf2205ef29638652c918f74b208be,e137269f8944e908861ca5b82057681d571c3353386bbadb8ea0cbd92485abb7
subject_adapted,Table V,atten_nback,VP003,SingLEM,LaBraM,0.9078947368421053,0.6973684210526315,0.210526315789,8c53f344d1c034e553b4826684e5dd4110d8d10f73819d3f825f361af22e4cae,d70221205847962a91298be0189ab6e2cdee2fccb12c9f9cf56152812211a683
subject_adapted,Table V,atten_nback,VP004,SingLEM,LaBraM,0.7763157894736842,0.6973684210526315,0.078947368421,4c6c707699764ede1a786950dcf619052f4e54cafdad23916b286b23694b68ba,5cd1f9043659bcfcccfc66d69b29299c1154891945182ce8db4b201e95f3bb2d
subject_adapted,Table V,atten_nback,VP005,SingLEM,LaBraM,0.8026315789473685,0.7105263157894737,0.092105263158,f7a5e8407f67982104ea5780ccd5dc26e2b17d311e490b6a17044a250f19e7f9,862754acd8e9c11bfe20b6670ef66b308e8574920b5ed1775cc41f8623e7f427
subject_adapted,Table V,atten_nback,VP006,SingLEM,LaBraM,0.881578947368421,0.6578947368421053,0.223684210526,3c1b3ccf801dab35404731ac91939293f1965cbb6fcdb5cabab1da89d2a7a336,b35909db3eabe8bf1943d67097d4f7afc7159b3febe5bb743824cf89e095e9c4
subject_adapted,Table V,atten_nback,VP007,SingLEM,LaBraM,0.881578947368421,0.5526315789473685,0.328947368421,7173fc48466a263f4a3ba91c09728e40e74a45c69fa75ea351e3762a774c411d,8880f9ba7e9245d908133383bf4ac107083d3eed84c3f0b370e7e47bbeaee4bf
subject_adapted,Table V,atten_nback,VP008,SingLEM,LaBraM,0.9078947368421053,0.6447368421052632,0.263157894737,d86222497b10c3ac5e2f97fbdb21c9853e3141724b78df29efd4d7a8590666f7,7cee56c9eba76ded053c7c1eca0a8659c030cc3509d662cdf3f7f9940a982b02
subject_adapted,Table V,atten_nback,VP009,SingLEM,LaBraM,0.8552631578947368,0.7763157894736842,0.078947368421,5d2d8ee7dc449e1976eb414a5cc973be0df7c6fd8d20702e349652034e4d7e7f,2b9f4ad8a1a60449d4f44404a937171fc0190e6282caf8711283af0d61b91ce1
subject_adapted,Table V,atten_nback,VP010,SingLEM,LaBraM,0.75,0.618421052631579,0.131578947368,8638c53020fac8defc78af5dffd06fc3cdf9c4235ad43103c07b6aad7fa761d7,4dd101c5ef8d18fca906a64ce2f2b54a75bc80cb8ab25bfa3cfcd23a2304445d
subject_adapted,Table V,atten_nback,VP011,SingLEM,LaBraM,0.7894736842105263,0.5,0.289473684211,a430ba0c4b4d5b1f084dcfa5ae4cea0f4a751a470e32c770221938d875793043,fdfa42c4eb146c34684ae7d6b40c7c6a7719b0019868316c33ca82cbebe8ed2d
subject_adapted,Table V,atten_nback,VP012,SingLEM,LaBraM,0.9473684210526315,0.5131578947368421,0.434210526316,dc4dcb7d6bc8b450560c989b7328a60fa7c27cadb151ef4387725447fcc0f04e,33b07c1fd2a96ab42238b9e65e50545bf25874afdb448bd9b223613f3654a4f8
subject_adapted,Table V,atten_nback,VP013,SingLEM,LaBraM,0.8947368421052632,0.6052631578947368,0.289473684211,a095a2d2f9b93024261d428ca275ea4601c437793c9a2f5c8c7834a83bb85a5a,c9a31947e9b31f33e5f567f4fc95a0fc1dfa9651584ac00da44f782f2d287a11
subject_adapted,Table V,atten_nback,VP014,SingLEM,LaBraM,0.9210526315789473,0.6710526315789473,0.25,d6ec3f37f3a71ec25aaacdfd54e0b31f608d9a5e51a22d72b7f4e9cd6542f5ff,0da3210588aed9b4086aec52ef3f73d12d983f53c02e7187975cacc4d942c793
subject_adapted,Table V,atten_nback,VP015,SingLEM,LaBraM,0.8157894736842105,0.5789473684210527,0.236842105263,41a0cf3a96fde1efcde1af2f0209a33e76ea213ccacbae76ad1590fb7c63c0a8,95d8cfa7960cab1b22ce3f17dc3afc01cc0b3066876e6144dd44e522c2974562
subject_adapted,Table V,atten_nback,VP016,SingLEM,LaBraM,0.9078947368421053,0.5,0.407894736842,67979bc0ebce2305c1c65bbf06fb2e80ca3e79d8b53b923a86642a5b6d9c2ef6,fa5e8048d3771864a0025c4b46378c879dc68e1cdc62cf1b1cbc63911d37c54b
subject_adapted,Table V,atten_nback,VP017,SingLEM,LaBraM,0.8947368421052632,0.6710526315789473,0.223684210526,0f75c923fb4e493433a29c2d000fc206cd2ace7c72694e287a2450136d5acb53,73399a7502519f61683de17ac2e849182916208ece519b106da2095807938603
subject_adapted,Table V,atten_nback,VP018,SingLEM,LaBraM,0.8157894736842105,0.6052631578947368,0.210526315789,03d4943088823451c0ab531545937c1884ff1edb3d18d8685825ad18d56edb2d,2e990896a60679a6c8a8f126cb652a044849369e8d2e254eabbc7fbda9ea509b
subject_adapted,Table V,atten_nback,VP019,SingLEM,LaBraM,0.881578947368421,0.6973684210526315,0.184210526316,e4eac33876f5b7531f05d05082d90f28e9d574165cc40d1ad0387a19305f249d,de033ebc5018477e5c279a2019d019e3f26519b44cb6996186fc0f1321ea8a1e
subject_adapted,Table V,atten_nback,VP020,SingLEM,LaBraM,0.868421052631579,0.5789473684210527,0.289473684211,1f57ac6566c8a0780b2b9e17c4e686f79e0c2b333dc515ede5fe868f9a66f287,78a2a1a35ba00f3f90ad96e594a950444f54b693890cd0377387133c742de70f
subject_adapted,Table V,atten_nback,VP021,SingLEM,LaBraM,0.868421052631579,0.6447368421052632,0.223684210526,ff83183ddcb36bde4b19718ba328642c9f1ba97e9a0ca678d96fafa079351a46,92884954f5cfe8106dd758ae67ab81ec79a6c5256a15830a06f450379eeb307a
subject_adapted,Table V,atten_nback,VP022,SingLEM,LaBraM,0.8421052631578947,0.6973684210526315,0.144736842105,740ffa682b5aa8df18ac8ad7611a4e5d7cc76745d128a50ef0dc83f6e336d0f5,f2356f2888e50a9d4e0daf07fe36da9e5d028f27b7eb4cdf271d6d611832c0c4
subject_adapted,Table V,atten_nback,VP023,SingLEM,LaBraM,0.8947368421052632,0.5921052631578947,0.302631578947,439f3f128bbf9b8689cc9ea23368f1634151a4ab991e24f0deb4e413cf78f82e,ff4aa49dd3cb8ca6132d76b2d9f958c1c5bad987c8135ec816b205a790958f20
subject_adapted,Table V,atten_nback,VP024,SingLEM,LaBraM,0.7105263157894737,0.5263157894736842,0.184210526316,c1ccda764fc5f5ec882a6dd80d36e9a044db5de2434578dd2e5ada614ea2c9f9,21d7536d52ab136019f5304e65d5355ff0de3fe950cd486d46fe65fda5017674
subject_adapted,Table V,atten_nback,VP025,SingLEM,LaBraM,0.9342105263157895,0.5526315789473685,0.381578947368,967211699f8e48b070ac73cab299d5861b625c90ba9aeecf57dd0be206cf8d62,1571bd1d1625224daec9bc320481a8fc27523c102d61e478c2a6aa86b0259ad6
subject_adapted,Table V,atten_nback,VP026,SingLEM,LaBraM,0.8157894736842105,0.631578947368421,0.184210526316,0e66f40171facd69eaf636d54cc283a8bd1047d0d3c7448661e02f55cc8920d1,079fb854d628df403d869fd4e7e5b9f4e24044068df7017a3f3dde69dc6f8030
subject_adapted,Table V,atten_nback,VP001,SingLEM,CBraMod,0.6052631578947368,0.7763157894736842,-0.171052631579,b61f49cca01b5a1c92b89480e838bd2147a355bfb4c594a8662511878c2cace1,8e7e6f87927b3c3b942458efefd2a2be71b2ec4ab956510a919e6761ac113053
subject_adapted,Table V,atten_nback,VP002,SingLEM,CBraMod,0.7763157894736842,0.9210526315789473,-0.144736842105,99689f39de2eb0f8379e2b78bbf0262bb50bf2205ef29638652c918f74b208be,e137269f8944e908861ca5b82057681d571c3353386bbadb8ea0cbd92485abb7
subject_adapted,Table V,atten_nback,VP003,SingLEM,CBraMod,0.9078947368421053,0.9210526315789473,-0.013157894737,8c53f344d1c034e553b4826684e5dd4110d8d10f73819d3f825f361af22e4cae,d70221205847962a91298be0189ab6e2cdee2fccb12c9f9cf56152812211a683
subject_adapted,Table V,atten_nback,VP004,SingLEM,CBraMod,0.7763157894736842,0.7368421052631579,0.039473684211,4c6c707699764ede1a786950dcf619052f4e54cafdad23916b286b23694b68ba,5cd1f9043659bcfcccfc66d69b29299c1154891945182ce8db4b201e95f3bb2d
subject_adapted,Table V,atten_nback,VP005,SingLEM,CBraMod,0.8026315789473685,0.8552631578947368,-0.052631578947,f7a5e8407f67982104ea5780ccd5dc26e2b17d311e490b6a17044a250f19e7f9,862754acd8e9c11bfe20b6670ef66b308e8574920b5ed1775cc41f8623e7f427
subject_adapted,Table V,atten_nback,VP006,SingLEM,CBraMod,0.881578947368421,0.881578947368421,0.0,3c1b3ccf801dab35404731ac91939293f1965cbb6fcdb5cabab1da89d2a7a336,b35909db3eabe8bf1943d67097d4f7afc7159b3febe5bb743824cf89e095e9c4
subject_adapted,Table V,atten_nback,VP007,SingLEM,CBraMod,0.881578947368421,0.868421052631579,0.013157894737,7173fc48466a263f4a3ba91c09728e40e74a45c69fa75ea351e3762a774c411d,8880f9ba7e9245d908133383bf4ac107083d3eed84c3f0b370e7e47bbeaee4bf
subject_adapted,Table V,atten_nback,VP008,SingLEM,CBraMod,0.9078947368421053,0.9210526315789473,-0.013157894737,d86222497b10c3ac5e2f97fbdb21c9853e3141724b78df29efd4d7a8590666f7,7cee56c9eba76ded053c7c1eca0a8659c030cc3509d662cdf3f7f9940a982b02
subject_adapted,Table V,atten_nback,VP009,SingLEM,CBraMod,0.8552631578947368,0.8421052631578947,0.013157894737,5d2d8ee7dc449e1976eb414a5cc973be0df7c6fd8d20702e349652034e4d7e7f,2b9f4ad8a1a60449d4f44404a937171fc0190e6282caf8711283af0d61b91ce1
subject_adapted,Table V,atten_nback,VP010,SingLEM,CBraMod,0.75,0.6447368421052632,0.105263157895,8638c53020fac8defc78af5dffd06fc3cdf9c4235ad43103c07b6aad7fa761d7,4dd101c5ef8d18fca906a64ce2f2b54a75bc80cb8ab25bfa3cfcd23a2304445d
subject_adapted,Table V,atten_nback,VP011,SingLEM,CBraMod,0.7894736842105263,0.6578947368421053,0.131578947368,a430ba0c4b4d5b1f084dcfa5ae4cea0f4a751a470e32c770221938d875793043,fdfa42c4eb146c34684ae7d6b40c7c6a7719b0019868316c33ca82cbebe8ed2d
subject_adapted,Table V,atten_nback,VP012,SingLEM,CBraMod,0.9473684210526315,0.8026315789473685,0.144736842105,dc4dcb7d6bc8b450560c989b7328a60fa7c27cadb151ef4387725447fcc0f04e,33b07c1fd2a96ab42238b9e65e50545bf25874afdb448bd9b223613f3654a4f8
subject_adapted,Table V,atten_nback,VP013,SingLEM,CBraMod,0.8947368421052632,0.868421052631579,0.026315789474,a095a2d2f9b93024261d428ca275ea4601c437793c9a2f5c8c7834a83bb85a5a,c9a31947e9b31f33e5f567f4fc95a0fc1dfa9651584ac00da44f782f2d287a11
subject_adapted,Table V,atten_nback,VP014,SingLEM,CBraMod,0.9210526315789473,0.8026315789473685,0.118421052632,d6ec3f37f3a71ec25aaacdfd54e0b31f608d9a5e51a22d72b7f4e9cd6542f5ff,0da3210588aed9b4086aec52ef3f73d12d983f53c02e7187975cacc4d942c793
subject_adapted,Table V,atten_nback,VP015,SingLEM,CBraMod,0.8157894736842105,0.7631578947368421,0.052631578947,41a0cf3a96fde1efcde1af2f0209a33e76ea213ccacbae76ad1590fb7c63c0a8,95d8cfa7960cab1b22ce3f17dc3afc01cc0b3066876e6144dd44e522c2974562
subject_adapted,Table V,atten_nback,VP016,SingLEM,CBraMod,0.9078947368421053,0.7631578947368421,0.144736842105,67979bc0ebce2305c1c65bbf06fb2e80ca3e79d8b53b923a86642a5b6d9c2ef6,fa5e8048d3771864a0025c4b46378c879dc68e1cdc62cf1b1cbc63911d37c54b
subject_adapted,Table V,atten_nback,VP017,SingLEM,CBraMod,0.8947368421052632,0.881578947368421,0.013157894737,0f75c923fb4e493433a29c2d000fc206cd2ace7c72694e287a2450136d5acb53,73399a7502519f61683de17ac2e849182916208ece519b106da2095807938603
subject_adapted,Table V,atten_nback,VP018,SingLEM,CBraMod,0.8157894736842105,0.8157894736842105,0.0,03d4943088823451c0ab531545937c1884ff1edb3d18d8685825ad18d56edb2d,2e990896a60679a6c8a8f126cb652a044849369e8d2e254eabbc7fbda9ea509b
subject_adapted,Table V,atten_nback,VP019,SingLEM,CBraMod,0.881578947368421,0.7631578947368421,0.118421052632,e4eac33876f5b7531f05d05082d90f28e9d574165cc40d1ad0387a19305f249d,de033ebc5018477e5c279a2019d019e3f26519b44cb6996186fc0f1321ea8a1e
subject_adapted,Table V,atten_nback,VP020,SingLEM,CBraMod,0.868421052631579,0.6710526315789473,0.197368421053,1f57ac6566c8a0780b2b9e17c4e686f79e0c2b333dc515ede5fe868f9a66f287,78a2a1a35ba00f3f90ad96e594a950444f54b693890cd0377387133c742de70f
subject_adapted,Table V,atten_nback,VP021,SingLEM,CBraMod,0.868421052631579,0.7368421052631579,0.131578947368,ff83183ddcb36bde4b19718ba328642c9f1ba97e9a0ca678d96fafa079351a46,92884954f5cfe8106dd758ae67ab81ec79a6c5256a15830a06f450379eeb307a
subject_adapted,Table V,atten_nback,VP022,SingLEM,CBraMod,0.8421052631578947,0.7894736842105263,0.052631578947,740ffa682b5aa8df18ac8ad7611a4e5d7cc76745d128a50ef0dc83f6e336d0f5,f2356f2888e50a9d4e0daf07fe36da9e5d028f27b7eb4cdf271d6d611832c0c4
subject_adapted,Table V,atten_nback,VP023,SingLEM,CBraMod,0.8947368421052632,0.868421052631579,0.026315789474,439f3f128bbf9b8689cc9ea23368f1634151a4ab991e24f0deb4e413cf78f82e,ff4aa49dd3cb8ca6132d76b2d9f958c1c5bad987c8135ec816b205a790958f20
subject_adapted,Table V,atten_nback,VP024,SingLEM,CBraMod,0.7105263157894737,0.75,-0.039473684211,c1ccda764fc5f5ec882a6dd80d36e9a044db5de2434578dd2e5ada614ea2c9f9,21d7536d52ab136019f5304e65d5355ff0de3fe950cd486d46fe65fda5017674
subject_adapted,Table V,atten_nback,VP025,SingLEM,CBraMod,0.9342105263157895,0.9342105263157895,0.0,967211699f8e48b070ac73cab299d5861b625c90ba9aeecf57dd0be206cf8d62,1571bd1d1625224daec9bc320481a8fc27523c102d61e478c2a6aa86b0259ad6
subject_adapted,Table V,atten_nback,VP026,SingLEM,CBraMod,0.8157894736842105,0.8421052631578947,-0.026315789474,0e66f40171facd69eaf636d54cc283a8bd1047d0d3c7448661e02f55cc8920d1,079fb854d628df403d869fd4e7e5b9f4e24044068df7017a3f3dde69dc6f8030
subject_adapted,Table V,atten_nback,VP001,SingLEM,CodeBrain,0.6052631578947368,0.7368421052631579,-0.131578947368,b61f49cca01b5a1c92b89480e838bd2147a355bfb4c594a8662511878c2cace1,8e7e6f87927b3c3b942458efefd2a2be71b2ec4ab956510a919e6761ac113053
subject_adapted,Table V,atten_nback,VP002,SingLEM,CodeBrain,0.7763157894736842,0.881578947368421,-0.105263157895,99689f39de2eb0f8379e2b78bbf0262bb50bf2205ef29638652c918f74b208be,e137269f8944e908861ca5b82057681d571c3353386bbadb8ea0cbd92485abb7
subject_adapted,Table V,atten_nback,VP003,SingLEM,CodeBrain,0.9078947368421053,0.8157894736842105,0.092105263158,8c53f344d1c034e553b4826684e5dd4110d8d10f73819d3f825f361af22e4cae,d70221205847962a91298be0189ab6e2cdee2fccb12c9f9cf56152812211a683
subject_adapted,Table V,atten_nback,VP004,SingLEM,CodeBrain,0.7763157894736842,0.6578947368421053,0.118421052632,4c6c707699764ede1a786950dcf619052f4e54cafdad23916b286b23694b68ba,5cd1f9043659bcfcccfc66d69b29299c1154891945182ce8db4b201e95f3bb2d
subject_adapted,Table V,atten_nback,VP005,SingLEM,CodeBrain,0.8026315789473685,0.881578947368421,-0.078947368421,f7a5e8407f67982104ea5780ccd5dc26e2b17d311e490b6a17044a250f19e7f9,862754acd8e9c11bfe20b6670ef66b308e8574920b5ed1775cc41f8623e7f427
subject_adapted,Table V,atten_nback,VP006,SingLEM,CodeBrain,0.881578947368421,0.868421052631579,0.013157894737,3c1b3ccf801dab35404731ac91939293f1965cbb6fcdb5cabab1da89d2a7a336,b35909db3eabe8bf1943d67097d4f7afc7159b3febe5bb743824cf89e095e9c4
subject_adapted,Table V,atten_nback,VP007,SingLEM,CodeBrain,0.881578947368421,0.868421052631579,0.013157894737,7173fc48466a263f4a3ba91c09728e40e74a45c69fa75ea351e3762a774c411d,8880f9ba7e9245d908133383bf4ac107083d3eed84c3f0b370e7e47bbeaee4bf
subject_adapted,Table V,atten_nback,VP008,SingLEM,CodeBrain,0.9078947368421053,0.9473684210526315,-0.039473684211,d86222497b10c3ac5e2f97fbdb21c9853e3141724b78df29efd4d7a8590666f7,7cee56c9eba76ded053c7c1eca0a8659c030cc3509d662cdf3f7f9940a982b02
subject_adapted,Table V,atten_nback,VP009,SingLEM,CodeBrain,0.8552631578947368,0.9078947368421053,-0.052631578947,5d2d8ee7dc449e1976eb414a5cc973be0df7c6fd8d20702e349652034e4d7e7f,2b9f4ad8a1a60449d4f44404a937171fc0190e6282caf8711283af0d61b91ce1
subject_adapted,Table V,atten_nback,VP010,SingLEM,CodeBrain,0.75,0.618421052631579,0.131578947368,8638c53020fac8defc78af5dffd06fc3cdf9c4235ad43103c07b6aad7fa761d7,4dd101c5ef8d18fca906a64ce2f2b54a75bc80cb8ab25bfa3cfcd23a2304445d
subject_adapted,Table V,atten_nback,VP011,SingLEM,CodeBrain,0.7894736842105263,0.7631578947368421,0.026315789474,a430ba0c4b4d5b1f084dcfa5ae4cea0f4a751a470e32c770221938d875793043,fdfa42c4eb146c34684ae7d6b40c7c6a7719b0019868316c33ca82cbebe8ed2d
subject_adapted,Table V,atten_nback,VP012,SingLEM,CodeBrain,0.9473684210526315,0.881578947368421,0.065789473684,dc4dcb7d6bc8b450560c989b7328a60fa7c27cadb151ef4387725447fcc0f04e,33b07c1fd2a96ab42238b9e65e50545bf25874afdb448bd9b223613f3654a4f8
subject_adapted,Table V,atten_nback,VP013,SingLEM,CodeBrain,0.8947368421052632,0.9736842105263158,-0.078947368421,a095a2d2f9b93024261d428ca275ea4601c437793c9a2f5c8c7834a83bb85a5a,c9a31947e9b31f33e5f567f4fc95a0fc1dfa9651584ac00da44f782f2d287a11
subject_adapted,Table V,atten_nback,VP014,SingLEM,CodeBrain,0.9210526315789473,0.8552631578947368,0.065789473684,d6ec3f37f3a71ec25aaacdfd54e0b31f608d9a5e51a22d72b7f4e9cd6542f5ff,0da3210588aed9b4086aec52ef3f73d12d983f53c02e7187975cacc4d942c793
subject_adapted,Table V,atten_nback,VP015,SingLEM,CodeBrain,0.8157894736842105,0.7631578947368421,0.052631578947,41a0cf3a96fde1efcde1af2f0209a33e76ea213ccacbae76ad1590fb7c63c0a8,95d8cfa7960cab1b22ce3f17dc3afc01cc0b3066876e6144dd44e522c2974562
subject_adapted,Table V,atten_nback,VP016,SingLEM,CodeBrain,0.9078947368421053,0.868421052631579,0.039473684211,67979bc0ebce2305c1c65bbf06fb2e80ca3e79d8b53b923a86642a5b6d9c2ef6,fa5e8048d3771864a0025c4b46378c879dc68e1cdc62cf1b1cbc63911d37c54b
subject_adapted,Table V,atten_nback,VP017,SingLEM,CodeBrain,0.8947368421052632,0.868421052631579,0.026315789474,0f75c923fb4e493433a29c2d000fc206cd2ace7c72694e287a2450136d5acb53,73399a7502519f61683de17ac2e849182916208ece519b106da2095807938603
subject_adapted,Table V,atten_nback,VP018,SingLEM,CodeBrain,0.8157894736842105,0.8026315789473685,0.013157894737,03d4943088823451c0ab531545937c1884ff1edb3d18d8685825ad18d56edb2d,2e990896a60679a6c8a8f126cb652a044849369e8d2e254eabbc7fbda9ea509b
subject_adapted,Table V,atten_nback,VP019,SingLEM,CodeBrain,0.881578947368421,0.881578947368421,0.0,e4eac33876f5b7531f05d05082d90f28e9d574165cc40d1ad0387a19305f249d,de033ebc5018477e5c279a2019d019e3f26519b44cb6996186fc0f1321ea8a1e
subject_adapted,Table V,atten_nback,VP020,SingLEM,CodeBrain,0.868421052631579,0.8552631578947368,0.013157894737,1f57ac6566c8a0780b2b9e17c4e686f79e0c2b333dc515ede5fe868f9a66f287,78a2a1a35ba00f3f90ad96e594a950444f54b693890cd0377387133c742de70f
subject_adapted,Table V,atten_nback,VP021,SingLEM,CodeBrain,0.868421052631579,0.9210526315789473,-0.052631578947,ff83183ddcb36bde4b19718ba328642c9f1ba97e9a0ca678d96fafa079351a46,92884954f5cfe8106dd758ae67ab81ec79a6c5256a15830a06f450379eeb307a
subject_adapted,Table V,atten_nback,VP022,SingLEM,CodeBrain,0.8421052631578947,0.8421052631578947,0.0,740ffa682b5aa8df18ac8ad7611a4e5d7cc76745d128a50ef0dc83f6e336d0f5,f2356f2888e50a9d4e0daf07fe36da9e5d028f27b7eb4cdf271d6d611832c0c4
subject_adapted,Table V,atten_nback,VP023,SingLEM,CodeBrain,0.8947368421052632,0.8421052631578947,0.052631578947,439f3f128bbf9b8689cc9ea23368f1634151a4ab991e24f0deb4e413cf78f82e,ff4aa49dd3cb8ca6132d76b2d9f958c1c5bad987c8135ec816b205a790958f20
subject_adapted,Table V,atten_nback,VP024,SingLEM,CodeBrain,0.7105263157894737,0.8026315789473685,-0.092105263158,c1ccda764fc5f5ec882a6dd80d36e9a044db5de2434578dd2e5ada614ea2c9f9,21d7536d52ab136019f5304e65d5355ff0de3fe950cd486d46fe65fda5017674
subject_adapted,Table V,atten_nback,VP025,SingLEM,CodeBrain,0.9342105263157895,0.881578947368421,0.052631578947,967211699f8e48b070ac73cab299d5861b625c90ba9aeecf57dd0be206cf8d62,1571bd1d1625224daec9bc320481a8fc27523c102d61e478c2a6aa86b0259ad6
subject_adapted,Table V,atten_nback,VP026,SingLEM,CodeBrain,0.8157894736842105,0.8289473684210527,-0.013157894737,0e66f40171facd69eaf636d54cc283a8bd1047d0d3c7448661e02f55cc8920d1,079fb854d628df403d869fd4e7e5b9f4e24044068df7017a3f3dde69dc6f8030
subject_adapted,Table V,atten_nback,VP001,SingLEM,CSBrain,0.6052631578947368,0.6842105263157895,-0.078947368421,b61f49cca01b5a1c92b89480e838bd2147a355bfb4c594a8662511878c2cace1,8e7e6f87927b3c3b942458efefd2a2be71b2ec4ab956510a919e6761ac113053
subject_adapted,Table V,atten_nback,VP002,SingLEM,CSBrain,0.7763157894736842,0.7631578947368421,0.013157894737,99689f39de2eb0f8379e2b78bbf0262bb50bf2205ef29638652c918f74b208be,e137269f8944e908861ca5b82057681d571c3353386bbadb8ea0cbd92485abb7
subject_adapted,Table V,atten_nback,VP003,SingLEM,CSBrain,0.9078947368421053,0.868421052631579,0.039473684211,8c53f344d1c034e553b4826684e5dd4110d8d10f73819d3f825f361af22e4cae,d70221205847962a91298be0189ab6e2cdee2fccb12c9f9cf56152812211a683
subject_adapted,Table V,atten_nback,VP004,SingLEM,CSBrain,0.7763157894736842,0.7105263157894737,0.065789473684,4c6c707699764ede1a786950dcf619052f4e54cafdad23916b286b23694b68ba,5cd1f9043659bcfcccfc66d69b29299c1154891945182ce8db4b201e95f3bb2d
subject_adapted,Table V,atten_nback,VP005,SingLEM,CSBrain,0.8026315789473685,0.8421052631578947,-0.039473684211,f7a5e8407f67982104ea5780ccd5dc26e2b17d311e490b6a17044a250f19e7f9,862754acd8e9c11bfe20b6670ef66b308e8574920b5ed1775cc41f8623e7f427
subject_adapted,Table V,atten_nback,VP006,SingLEM,CSBrain,0.881578947368421,0.8026315789473685,0.078947368421,3c1b3ccf801dab35404731ac91939293f1965cbb6fcdb5cabab1da89d2a7a336,b35909db3eabe8bf1943d67097d4f7afc7159b3febe5bb743824cf89e095e9c4
subject_adapted,Table V,atten_nback,VP007,SingLEM,CSBrain,0.881578947368421,0.75,0.131578947368,7173fc48466a263f4a3ba91c09728e40e74a45c69fa75ea351e3762a774c411d,8880f9ba7e9245d908133383bf4ac107083d3eed84c3f0b370e7e47bbeaee4bf
subject_adapted,Table V,atten_nback,VP008,SingLEM,CSBrain,0.9078947368421053,0.9342105263157895,-0.026315789474,d86222497b10c3ac5e2f97fbdb21c9853e3141724b78df29efd4d7a8590666f7,7cee56c9eba76ded053c7c1eca0a8659c030cc3509d662cdf3f7f9940a982b02
subject_adapted,Table V,atten_nback,VP009,SingLEM,CSBrain,0.8552631578947368,0.8289473684210527,0.026315789474,5d2d8ee7dc449e1976eb414a5cc973be0df7c6fd8d20702e349652034e4d7e7f,2b9f4ad8a1a60449d4f44404a937171fc0190e6282caf8711283af0d61b91ce1
subject_adapted,Table V,atten_nback,VP010,SingLEM,CSBrain,0.75,0.7236842105263158,0.026315789474,8638c53020fac8defc78af5dffd06fc3cdf9c4235ad43103c07b6aad7fa761d7,4dd101c5ef8d18fca906a64ce2f2b54a75bc80cb8ab25bfa3cfcd23a2304445d
subject_adapted,Table V,atten_nback,VP011,SingLEM,CSBrain,0.7894736842105263,0.6973684210526315,0.092105263158,a430ba0c4b4d5b1f084dcfa5ae4cea0f4a751a470e32c770221938d875793043,fdfa42c4eb146c34684ae7d6b40c7c6a7719b0019868316c33ca82cbebe8ed2d
subject_adapted,Table V,atten_nback,VP012,SingLEM,CSBrain,0.9473684210526315,0.7894736842105263,0.157894736842,dc4dcb7d6bc8b450560c989b7328a60fa7c27cadb151ef4387725447fcc0f04e,33b07c1fd2a96ab42238b9e65e50545bf25874afdb448bd9b223613f3654a4f8
subject_adapted,Table V,atten_nback,VP013,SingLEM,CSBrain,0.8947368421052632,0.9473684210526315,-0.052631578947,a095a2d2f9b93024261d428ca275ea4601c437793c9a2f5c8c7834a83bb85a5a,c9a31947e9b31f33e5f567f4fc95a0fc1dfa9651584ac00da44f782f2d287a11
subject_adapted,Table V,atten_nback,VP014,SingLEM,CSBrain,0.9210526315789473,0.8421052631578947,0.078947368421,d6ec3f37f3a71ec25aaacdfd54e0b31f608d9a5e51a22d72b7f4e9cd6542f5ff,0da3210588aed9b4086aec52ef3f73d12d983f53c02e7187975cacc4d942c793
subject_adapted,Table V,atten_nback,VP015,SingLEM,CSBrain,0.8157894736842105,0.7631578947368421,0.052631578947,41a0cf3a96fde1efcde1af2f0209a33e76ea213ccacbae76ad1590fb7c63c0a8,95d8cfa7960cab1b22ce3f17dc3afc01cc0b3066876e6144dd44e522c2974562
subject_adapted,Table V,atten_nback,VP016,SingLEM,CSBrain,0.9078947368421053,0.7631578947368421,0.144736842105,67979bc0ebce2305c1c65bbf06fb2e80ca3e79d8b53b923a86642a5b6d9c2ef6,fa5e8048d3771864a0025c4b46378c879dc68e1cdc62cf1b1cbc63911d37c54b
subject_adapted,Table V,atten_nback,VP017,SingLEM,CSBrain,0.8947368421052632,0.868421052631579,0.026315789474,0f75c923fb4e493433a29c2d000fc206cd2ace7c72694e287a2450136d5acb53,73399a7502519f61683de17ac2e849182916208ece519b106da2095807938603
subject_adapted,Table V,atten_nback,VP018,SingLEM,CSBrain,0.8157894736842105,0.7894736842105263,0.026315789474,03d4943088823451c0ab531545937c1884ff1edb3d18d8685825ad18d56edb2d,2e990896a60679a6c8a8f126cb652a044849369e8d2e254eabbc7fbda9ea509b
subject_adapted,Table V,atten_nback,VP019,SingLEM,CSBrain,0.881578947368421,0.8421052631578947,0.039473684211,e4eac33876f5b7531f05d05082d90f28e9d574165cc40d1ad0387a19305f249d,de033ebc5018477e5c279a2019d019e3f26519b44cb6996186fc0f1321ea8a1e
subject_adapted,Table V,atten_nback,VP020,SingLEM,CSBrain,0.868421052631579,0.7894736842105263,0.078947368421,1f57ac6566c8a0780b2b9e17c4e686f79e0c2b333dc515ede5fe868f9a66f287,78a2a1a35ba00f3f90ad96e594a950444f54b693890cd0377387133c742de70f
subject_adapted,Table V,atten_nback,VP021,SingLEM,CSBrain,0.868421052631579,0.8289473684210527,0.039473684211,ff83183ddcb36bde4b19718ba328642c9f1ba97e9a0ca678d96fafa079351a46,92884954f5cfe8106dd758ae67ab81ec79a6c5256a15830a06f450379eeb307a
subject_adapted,Table V,atten_nback,VP022,SingLEM,CSBrain,0.8421052631578947,0.8026315789473685,0.039473684211,740ffa682b5aa8df18ac8ad7611a4e5d7cc76745d128a50ef0dc83f6e336d0f5,f2356f2888e50a9d4e0daf07fe36da9e5d028f27b7eb4cdf271d6d611832c0c4
subject_adapted,Table V,atten_nback,VP023,SingLEM,CSBrain,0.8947368421052632,0.6710526315789473,0.223684210526,439f3f128bbf9b8689cc9ea23368f1634151a4ab991e24f0deb4e413cf78f82e,ff4aa49dd3cb8ca6132d76b2d9f958c1c5bad987c8135ec816b205a790958f20
subject_adapted,Table V,atten_nback,VP024,SingLEM,CSBrain,0.7105263157894737,0.6973684210526315,0.013157894737,c1ccda764fc5f5ec882a6dd80d36e9a044db5de2434578dd2e5ada614ea2c9f9,21d7536d52ab136019f5304e65d5355ff0de3fe950cd486d46fe65fda5017674
subject_adapted,Table V,atten_nback,VP025,SingLEM,CSBrain,0.9342105263157895,0.868421052631579,0.065789473684,967211699f8e48b070ac73cab299d5861b625c90ba9aeecf57dd0be206cf8d62,1571bd1d1625224daec9bc320481a8fc27523c102d61e478c2a6aa86b0259ad6
subject_adapted,Table V,atten_nback,VP026,SingLEM,CSBrain,0.8157894736842105,0.7368421052631579,0.078947368421,0e66f40171facd69eaf636d54cc283a8bd1047d0d3c7448661e02f55cc8920d1,079fb854d628df403d869fd4e7e5b9f4e24044068df7017a3f3dde69dc6f8030
subject_adapted,Table V,atten_nback,VP001,SingLEM,LUNA,0.6052631578947368,0.6842105263157895,-0.078947368421,b61f49cca01b5a1c92b89480e838bd2147a355bfb4c594a8662511878c2cace1,8e7e6f87927b3c3b942458efefd2a2be71b2ec4ab956510a919e6761ac113053
subject_adapted,Table V,atten_nback,VP002,SingLEM,LUNA,0.7763157894736842,0.6973684210526315,0.078947368421,99689f39de2eb0f8379e2b78bbf0262bb50bf2205ef29638652c918f74b208be,e137269f8944e908861ca5b82057681d571c3353386bbadb8ea0cbd92485abb7
subject_adapted,Table V,atten_nback,VP003,SingLEM,LUNA,0.9078947368421053,0.7631578947368421,0.144736842105,8c53f344d1c034e553b4826684e5dd4110d8d10f73819d3f825f361af22e4cae,d70221205847962a91298be0189ab6e2cdee2fccb12c9f9cf56152812211a683
subject_adapted,Table V,atten_nback,VP004,SingLEM,LUNA,0.7763157894736842,0.5921052631578947,0.184210526316,4c6c707699764ede1a786950dcf619052f4e54cafdad23916b286b23694b68ba,5cd1f9043659bcfcccfc66d69b29299c1154891945182ce8db4b201e95f3bb2d
subject_adapted,Table V,atten_nback,VP005,SingLEM,LUNA,0.8026315789473685,0.8026315789473685,0.0,f7a5e8407f67982104ea5780ccd5dc26e2b17d311e490b6a17044a250f19e7f9,862754acd8e9c11bfe20b6670ef66b308e8574920b5ed1775cc41f8623e7f427
subject_adapted,Table V,atten_nback,VP006,SingLEM,LUNA,0.881578947368421,0.6842105263157895,0.197368421053,3c1b3ccf801dab35404731ac91939293f1965cbb6fcdb5cabab1da89d2a7a336,b35909db3eabe8bf1943d67097d4f7afc7159b3febe5bb743824cf89e095e9c4
subject_adapted,Table V,atten_nback,VP007,SingLEM,LUNA,0.881578947368421,0.5394736842105263,0.342105263158,7173fc48466a263f4a3ba91c09728e40e74a45c69fa75ea351e3762a774c411d,8880f9ba7e9245d908133383bf4ac107083d3eed84c3f0b370e7e47bbeaee4bf
subject_adapted,Table V,atten_nback,VP008,SingLEM,LUNA,0.9078947368421053,0.8026315789473685,0.105263157895,d86222497b10c3ac5e2f97fbdb21c9853e3141724b78df29efd4d7a8590666f7,7cee56c9eba76ded053c7c1eca0a8659c030cc3509d662cdf3f7f9940a982b02
subject_adapted,Table V,atten_nback,VP009,SingLEM,LUNA,0.8552631578947368,0.7368421052631579,0.118421052632,5d2d8ee7dc449e1976eb414a5cc973be0df7c6fd8d20702e349652034e4d7e7f,2b9f4ad8a1a60449d4f44404a937171fc0190e6282caf8711283af0d61b91ce1
subject_adapted,Table V,atten_nback,VP010,SingLEM,LUNA,0.75,0.5921052631578947,0.157894736842,8638c53020fac8defc78af5dffd06fc3cdf9c4235ad43103c07b6aad7fa761d7,4dd101c5ef8d18fca906a64ce2f2b54a75bc80cb8ab25bfa3cfcd23a2304445d
subject_adapted,Table V,atten_nback,VP011,SingLEM,LUNA,0.7894736842105263,0.5657894736842105,0.223684210526,a430ba0c4b4d5b1f084dcfa5ae4cea0f4a751a470e32c770221938d875793043,fdfa42c4eb146c34684ae7d6b40c7c6a7719b0019868316c33ca82cbebe8ed2d
subject_adapted,Table V,atten_nback,VP012,SingLEM,LUNA,0.9473684210526315,0.4868421052631579,0.460526315789,dc4dcb7d6bc8b450560c989b7328a60fa7c27cadb151ef4387725447fcc0f04e,33b07c1fd2a96ab42238b9e65e50545bf25874afdb448bd9b223613f3654a4f8
subject_adapted,Table V,atten_nback,VP013,SingLEM,LUNA,0.8947368421052632,0.631578947368421,0.263157894737,a095a2d2f9b93024261d428ca275ea4601c437793c9a2f5c8c7834a83bb85a5a,c9a31947e9b31f33e5f567f4fc95a0fc1dfa9651584ac00da44f782f2d287a11
subject_adapted,Table V,atten_nback,VP014,SingLEM,LUNA,0.9210526315789473,0.8421052631578947,0.078947368421,d6ec3f37f3a71ec25aaacdfd54e0b31f608d9a5e51a22d72b7f4e9cd6542f5ff,0da3210588aed9b4086aec52ef3f73d12d983f53c02e7187975cacc4d942c793
subject_adapted,Table V,atten_nback,VP015,SingLEM,LUNA,0.8157894736842105,0.5921052631578947,0.223684210526,41a0cf3a96fde1efcde1af2f0209a33e76ea213ccacbae76ad1590fb7c63c0a8,95d8cfa7960cab1b22ce3f17dc3afc01cc0b3066876e6144dd44e522c2974562
subject_adapted,Table V,atten_nback,VP016,SingLEM,LUNA,0.9078947368421053,0.47368421052631576,0.434210526316,67979bc0ebce2305c1c65bbf06fb2e80ca3e79d8b53b923a86642a5b6d9c2ef6,fa5e8048d3771864a0025c4b46378c879dc68e1cdc62cf1b1cbc63911d37c54b
subject_adapted,Table V,atten_nback,VP017,SingLEM,LUNA,0.8947368421052632,0.7236842105263158,0.171052631579,0f75c923fb4e493433a29c2d000fc206cd2ace7c72694e287a2450136d5acb53,73399a7502519f61683de17ac2e849182916208ece519b106da2095807938603
subject_adapted,Table V,atten_nback,VP018,SingLEM,LUNA,0.8157894736842105,0.5526315789473685,0.263157894737,03d4943088823451c0ab531545937c1884ff1edb3d18d8685825ad18d56edb2d,2e990896a60679a6c8a8f126cb652a044849369e8d2e254eabbc7fbda9ea509b
subject_adapted,Table V,atten_nback,VP019,SingLEM,LUNA,0.881578947368421,0.7105263157894737,0.171052631579,e4eac33876f5b7531f05d05082d90f28e9d574165cc40d1ad0387a19305f249d,de033ebc5018477e5c279a2019d019e3f26519b44cb6996186fc0f1321ea8a1e
subject_adapted,Table V,atten_nback,VP020,SingLEM,LUNA,0.868421052631579,0.5921052631578947,0.276315789474,1f57ac6566c8a0780b2b9e17c4e686f79e0c2b333dc515ede5fe868f9a66f287,78a2a1a35ba00f3f90ad96e594a950444f54b693890cd0377387133c742de70f
subject_adapted,Table V,atten_nback,VP021,SingLEM,LUNA,0.868421052631579,0.6578947368421053,0.210526315789,ff83183ddcb36bde4b19718ba328642c9f1ba97e9a0ca678d96fafa079351a46,92884954f5cfe8106dd758ae67ab81ec79a6c5256a15830a06f450379eeb307a
subject_adapted,Table V,atten_nback,VP022,SingLEM,LUNA,0.8421052631578947,0.7105263157894737,0.131578947368,740ffa682b5aa8df18ac8ad7611a4e5d7cc76745d128a50ef0dc83f6e336d0f5,f2356f2888e50a9d4e0daf07fe36da9e5d028f27b7eb4cdf271d6d611832c0c4
subject_adapted,Table V,atten_nback,VP023,SingLEM,LUNA,0.8947368421052632,0.5526315789473685,0.342105263158,439f3f128bbf9b8689cc9ea23368f1634151a4ab991e24f0deb4e413cf78f82e,ff4aa49dd3cb8ca6132d76b2d9f958c1c5bad987c8135ec816b205a790958f20
subject_adapted,Table V,atten_nback,VP024,SingLEM,LUNA,0.7105263157894737,0.4473684210526316,0.263157894737,c1ccda764fc5f5ec882a6dd80d36e9a044db5de2434578dd2e5ada614ea2c9f9,21d7536d52ab136019f5304e65d5355ff0de3fe950cd486d46fe65fda5017674
subject_adapted,Table V,atten_nback,VP025,SingLEM,LUNA,0.9342105263157895,0.6973684210526315,0.236842105263,967211699f8e48b070ac73cab299d5861b625c90ba9aeecf57dd0be206cf8d62,1571bd1d1625224daec9bc320481a8fc27523c102d61e478c2a6aa86b0259ad6
subject_adapted,Table V,atten_nback,VP026,SingLEM,LUNA,0.8157894736842105,0.6710526315789473,0.144736842105,0e66f40171facd69eaf636d54cc283a8bd1047d0d3c7448661e02f55cc8920d1,079fb854d628df403d869fd4e7e5b9f4e24044068df7017a3f3dde69dc6f8030
subject_adapted,Table V,atten_nback,VP001,SingLEM,CSP,0.6052631578947368,0.6842105263157895,-0.078947368421,b61f49cca01b5a1c92b89480e838bd2147a355bfb4c594a8662511878c2cace1,8e7e6f87927b3c3b942458efefd2a2be71b2ec4ab956510a919e6761ac113053
subject_adapted,Table V,atten_nback,VP002,SingLEM,CSP,0.7763157894736842,0.7105263157894737,0.065789473684,99689f39de2eb0f8379e2b78bbf0262bb50bf2205ef29638652c918f74b208be,e137269f8944e908861ca5b82057681d571c3353386bbadb8ea0cbd92485abb7
subject_adapted,Table V,atten_nback,VP003,SingLEM,CSP,0.9078947368421053,0.7105263157894737,0.197368421053,8c53f344d1c034e553b4826684e5dd4110d8d10f73819d3f825f361af22e4cae,d70221205847962a91298be0189ab6e2cdee2fccb12c9f9cf56152812211a683
subject_adapted,Table V,atten_nback,VP004,SingLEM,CSP,0.7763157894736842,0.6578947368421053,0.118421052632,4c6c707699764ede1a786950dcf619052f4e54cafdad23916b286b23694b68ba,5cd1f9043659bcfcccfc66d69b29299c1154891945182ce8db4b201e95f3bb2d
subject_adapted,Table V,atten_nback,VP005,SingLEM,CSP,0.8026315789473685,0.5,0.302631578947,f7a5e8407f67982104ea5780ccd5dc26e2b17d311e490b6a17044a250f19e7f9,862754acd8e9c11bfe20b6670ef66b308e8574920b5ed1775cc41f8623e7f427
subject_adapted,Table V,atten_nback,VP006,SingLEM,CSP,0.881578947368421,0.5263157894736842,0.355263157895,3c1b3ccf801dab35404731ac91939293f1965cbb6fcdb5cabab1da89d2a7a336,b35909db3eabe8bf1943d67097d4f7afc7159b3febe5bb743824cf89e095e9c4
subject_adapted,Table V,atten_nback,VP007,SingLEM,CSP,0.881578947368421,0.5,0.381578947368,7173fc48466a263f4a3ba91c09728e40e74a45c69fa75ea351e3762a774c411d,8880f9ba7e9245d908133383bf4ac107083d3eed84c3f0b370e7e47bbeaee4bf
subject_adapted,Table V,atten_nback,VP008,SingLEM,CSP,0.9078947368421053,0.5394736842105263,0.368421052632,d86222497b10c3ac5e2f97fbdb21c9853e3141724b78df29efd4d7a8590666f7,7cee56c9eba76ded053c7c1eca0a8659c030cc3509d662cdf3f7f9940a982b02
subject_adapted,Table V,atten_nback,VP009,SingLEM,CSP,0.8552631578947368,0.5657894736842105,0.289473684211,5d2d8ee7dc449e1976eb414a5cc973be0df7c6fd8d20702e349652034e4d7e7f,2b9f4ad8a1a60449d4f44404a937171fc0190e6282caf8711283af0d61b91ce1
subject_adapted,Table V,atten_nback,VP010,SingLEM,CSP,0.75,0.5263157894736842,0.223684210526,8638c53020fac8defc78af5dffd06fc3cdf9c4235ad43103c07b6aad7fa761d7,4dd101c5ef8d18fca906a64ce2f2b54a75bc80cb8ab25bfa3cfcd23a2304445d
subject_adapted,Table V,atten_nback,VP011,SingLEM,CSP,0.7894736842105263,0.5,0.289473684211,a430ba0c4b4d5b1f084dcfa5ae4cea0f4a751a470e32c770221938d875793043,fdfa42c4eb146c34684ae7d6b40c7c6a7719b0019868316c33ca82cbebe8ed2d
subject_adapted,Table V,atten_nback,VP012,SingLEM,CSP,0.9473684210526315,0.6973684210526315,0.25,dc4dcb7d6bc8b450560c989b7328a60fa7c27cadb151ef4387725447fcc0f04e,33b07c1fd2a96ab42238b9e65e50545bf25874afdb448bd9b223613f3654a4f8
subject_adapted,Table V,atten_nback,VP013,SingLEM,CSP,0.8947368421052632,0.5,0.394736842105,a095a2d2f9b93024261d428ca275ea4601c437793c9a2f5c8c7834a83bb85a5a,c9a31947e9b31f33e5f567f4fc95a0fc1dfa9651584ac00da44f782f2d287a11
subject_adapted,Table V,atten_nback,VP014,SingLEM,CSP,0.9210526315789473,0.5526315789473685,0.368421052632,d6ec3f37f3a71ec25aaacdfd54e0b31f608d9a5e51a22d72b7f4e9cd6542f5ff,0da3210588aed9b4086aec52ef3f73d12d983f53c02e7187975cacc4d942c793
subject_adapted,Table V,atten_nback,VP015,SingLEM,CSP,0.8157894736842105,0.5131578947368421,0.302631578947,41a0cf3a96fde1efcde1af2f0209a33e76ea213ccacbae76ad1590fb7c63c0a8,95d8cfa7960cab1b22ce3f17dc3afc01cc0b3066876e6144dd44e522c2974562
subject_adapted,Table V,atten_nback,VP016,SingLEM,CSP,0.9078947368421053,0.5,0.407894736842,67979bc0ebce2305c1c65bbf06fb2e80ca3e79d8b53b923a86642a5b6d9c2ef6,fa5e8048d3771864a0025c4b46378c879dc68e1cdc62cf1b1cbc63911d37c54b
subject_adapted,Table V,atten_nback,VP017,SingLEM,CSP,0.8947368421052632,0.881578947368421,0.013157894737,0f75c923fb4e493433a29c2d000fc206cd2ace7c72694e287a2450136d5acb53,73399a7502519f61683de17ac2e849182916208ece519b106da2095807938603
subject_adapted,Table V,atten_nback,VP018,SingLEM,CSP,0.8157894736842105,0.5,0.315789473684,03d4943088823451c0ab531545937c1884ff1edb3d18d8685825ad18d56edb2d,2e990896a60679a6c8a8f126cb652a044849369e8d2e254eabbc7fbda9ea509b
subject_adapted,Table V,atten_nback,VP019,SingLEM,CSP,0.881578947368421,0.7368421052631579,0.144736842105,e4eac33876f5b7531f05d05082d90f28e9d574165cc40d1ad0387a19305f249d,de033ebc5018477e5c279a2019d019e3f26519b44cb6996186fc0f1321ea8a1e
subject_adapted,Table V,atten_nback,VP020,SingLEM,CSP,0.868421052631579,0.4605263157894737,0.407894736842,1f57ac6566c8a0780b2b9e17c4e686f79e0c2b333dc515ede5fe868f9a66f287,78a2a1a35ba00f3f90ad96e594a950444f54b693890cd0377387133c742de70f
subject_adapted,Table V,atten_nback,VP021,SingLEM,CSP,0.868421052631579,0.5921052631578947,0.276315789474,ff83183ddcb36bde4b19718ba328642c9f1ba97e9a0ca678d96fafa079351a46,92884954f5cfe8106dd758ae67ab81ec79a6c5256a15830a06f450379eeb307a
subject_adapted,Table V,atten_nback,VP022,SingLEM,CSP,0.8421052631578947,0.7368421052631579,0.105263157895,740ffa682b5aa8df18ac8ad7611a4e5d7cc76745d128a50ef0dc83f6e336d0f5,f2356f2888e50a9d4e0daf07fe36da9e5d028f27b7eb4cdf271d6d611832c0c4
subject_adapted,Table V,atten_nback,VP023,SingLEM,CSP,0.8947368421052632,0.6842105263157895,0.210526315789,439f3f128bbf9b8689cc9ea23368f1634151a4ab991e24f0deb4e413cf78f82e,ff4aa49dd3cb8ca6132d76b2d9f958c1c5bad987c8135ec816b205a790958f20
subject_adapted,Table V,atten_nback,VP024,SingLEM,CSP,0.7105263157894737,0.5394736842105263,0.171052631579,c1ccda764fc5f5ec882a6dd80d36e9a044db5de2434578dd2e5ada614ea2c9f9,21d7536d52ab136019f5304e65d5355ff0de3fe950cd486d46fe65fda5017674
subject_adapted,Table V,atten_nback,VP025,SingLEM,CSP,0.9342105263157895,0.5657894736842105,0.368421052632,967211699f8e48b070ac73cab299d5861b625c90ba9aeecf57dd0be206cf8d62,1571bd1d1625224daec9bc320481a8fc27523c102d61e478c2a6aa86b0259ad6
subject_adapted,Table V,atten_nback,VP026,SingLEM,CSP,0.8157894736842105,0.8157894736842105,0.0,0e66f40171facd69eaf636d54cc283a8bd1047d0d3c7448661e02f55cc8920d1,079fb854d628df403d869fd4e7e5b9f4e24044068df7017a3f3dde69dc6f8030
subject_adapted,Table V,atten_nback,VP001,SingLEM,Welch PSD,0.6052631578947368,0.7894736842105263,-0.184210526316,b61f49cca01b5a1c92b89480e838bd2147a355bfb4c594a8662511878c2cace1,8e7e6f87927b3c3b942458efefd2a2be71b2ec4ab956510a919e6761ac113053
subject_adapted,Table V,atten_nback,VP002,SingLEM,Welch PSD,0.7763157894736842,0.8289473684210527,-0.052631578947,99689f39de2eb0f8379e2b78bbf0262bb50bf2205ef29638652c918f74b208be,e137269f8944e908861ca5b82057681d571c3353386bbadb8ea0cbd92485abb7
subject_adapted,Table V,atten_nback,VP003,SingLEM,Welch PSD,0.9078947368421053,0.881578947368421,0.026315789474,8c53f344d1c034e553b4826684e5dd4110d8d10f73819d3f825f361af22e4cae,d70221205847962a91298be0189ab6e2cdee2fccb12c9f9cf56152812211a683
subject_adapted,Table V,atten_nback,VP004,SingLEM,Welch PSD,0.7763157894736842,0.5263157894736842,0.25,4c6c707699764ede1a786950dcf619052f4e54cafdad23916b286b23694b68ba,5cd1f9043659bcfcccfc66d69b29299c1154891945182ce8db4b201e95f3bb2d
subject_adapted,Table V,atten_nback,VP005,SingLEM,Welch PSD,0.8026315789473685,0.8421052631578947,-0.039473684211,f7a5e8407f67982104ea5780ccd5dc26e2b17d311e490b6a17044a250f19e7f9,862754acd8e9c11bfe20b6670ef66b308e8574920b5ed1775cc41f8623e7f427
subject_adapted,Table V,atten_nback,VP006,SingLEM,Welch PSD,0.881578947368421,0.6052631578947368,0.276315789474,3c1b3ccf801dab35404731ac91939293f1965cbb6fcdb5cabab1da89d2a7a336,b35909db3eabe8bf1943d67097d4f7afc7159b3febe5bb743824cf89e095e9c4
subject_adapted,Table V,atten_nback,VP007,SingLEM,Welch PSD,0.881578947368421,0.6842105263157895,0.197368421053,7173fc48466a263f4a3ba91c09728e40e74a45c69fa75ea351e3762a774c411d,8880f9ba7e9245d908133383bf4ac107083d3eed84c3f0b370e7e47bbeaee4bf
subject_adapted,Table V,atten_nback,VP008,SingLEM,Welch PSD,0.9078947368421053,0.7894736842105263,0.118421052632,d86222497b10c3ac5e2f97fbdb21c9853e3141724b78df29efd4d7a8590666f7,7cee56c9eba76ded053c7c1eca0a8659c030cc3509d662cdf3f7f9940a982b02
subject_adapted,Table V,atten_nback,VP009,SingLEM,Welch PSD,0.8552631578947368,0.8157894736842105,0.039473684211,5d2d8ee7dc449e1976eb414a5cc973be0df7c6fd8d20702e349652034e4d7e7f,2b9f4ad8a1a60449d4f44404a937171fc0190e6282caf8711283af0d61b91ce1
subject_adapted,Table V,atten_nback,VP010,SingLEM,Welch PSD,0.75,0.6842105263157895,0.065789473684,8638c53020fac8defc78af5dffd06fc3cdf9c4235ad43103c07b6aad7fa761d7,4dd101c5ef8d18fca906a64ce2f2b54a75bc80cb8ab25bfa3cfcd23a2304445d
subject_adapted,Table V,atten_nback,VP011,SingLEM,Welch PSD,0.7894736842105263,0.7631578947368421,0.026315789474,a430ba0c4b4d5b1f084dcfa5ae4cea0f4a751a470e32c770221938d875793043,fdfa42c4eb146c34684ae7d6b40c7c6a7719b0019868316c33ca82cbebe8ed2d
subject_adapted,Table V,atten_nback,VP012,SingLEM,Welch PSD,0.9473684210526315,0.75,0.197368421053,dc4dcb7d6bc8b450560c989b7328a60fa7c27cadb151ef4387725447fcc0f04e,33b07c1fd2a96ab42238b9e65e50545bf25874afdb448bd9b223613f3654a4f8
subject_adapted,Table V,atten_nback,VP013,SingLEM,Welch PSD,0.8947368421052632,0.8947368421052632,0.0,a095a2d2f9b93024261d428ca275ea4601c437793c9a2f5c8c7834a83bb85a5a,c9a31947e9b31f33e5f567f4fc95a0fc1dfa9651584ac00da44f782f2d287a11
subject_adapted,Table V,atten_nback,VP014,SingLEM,Welch PSD,0.9210526315789473,0.6578947368421053,0.263157894737,d6ec3f37f3a71ec25aaacdfd54e0b31f608d9a5e51a22d72b7f4e9cd6542f5ff,0da3210588aed9b4086aec52ef3f73d12d983f53c02e7187975cacc4d942c793
subject_adapted,Table V,atten_nback,VP015,SingLEM,Welch PSD,0.8157894736842105,0.618421052631579,0.197368421053,41a0cf3a96fde1efcde1af2f0209a33e76ea213ccacbae76ad1590fb7c63c0a8,95d8cfa7960cab1b22ce3f17dc3afc01cc0b3066876e6144dd44e522c2974562
subject_adapted,Table V,atten_nback,VP016,SingLEM,Welch PSD,0.9078947368421053,0.8026315789473685,0.105263157895,67979bc0ebce2305c1c65bbf06fb2e80ca3e79d8b53b923a86642a5b6d9c2ef6,fa5e8048d3771864a0025c4b46378c879dc68e1cdc62cf1b1cbc63911d37c54b
subject_adapted,Table V,atten_nback,VP017,SingLEM,Welch PSD,0.8947368421052632,0.8421052631578947,0.052631578947,0f75c923fb4e493433a29c2d000fc206cd2ace7c72694e287a2450136d5acb53,73399a7502519f61683de17ac2e849182916208ece519b106da2095807938603
subject_adapted,Table V,atten_nback,VP018,SingLEM,Welch PSD,0.8157894736842105,0.8026315789473685,0.013157894737,03d4943088823451c0ab531545937c1884ff1edb3d18d8685825ad18d56edb2d,2e990896a60679a6c8a8f126cb652a044849369e8d2e254eabbc7fbda9ea509b
subject_adapted,Table V,atten_nback,VP019,SingLEM,Welch PSD,0.881578947368421,0.868421052631579,0.013157894737,e4eac33876f5b7531f05d05082d90f28e9d574165cc40d1ad0387a19305f249d,de033ebc5018477e5c279a2019d019e3f26519b44cb6996186fc0f1321ea8a1e
subject_adapted,Table V,atten_nback,VP020,SingLEM,Welch PSD,0.868421052631579,0.8421052631578947,0.026315789474,1f57ac6566c8a0780b2b9e17c4e686f79e0c2b333dc515ede5fe868f9a66f287,78a2a1a35ba00f3f90ad96e594a950444f54b693890cd0377387133c742de70f
subject_adapted,Table V,atten_nback,VP021,SingLEM,Welch PSD,0.868421052631579,0.7631578947368421,0.105263157895,ff83183ddcb36bde4b19718ba328642c9f1ba97e9a0ca678d96fafa079351a46,92884954f5cfe8106dd758ae67ab81ec79a6c5256a15830a06f450379eeb307a
subject_adapted,Table V,atten_nback,VP022,SingLEM,Welch PSD,0.8421052631578947,0.8947368421052632,-0.052631578947,740ffa682b5aa8df18ac8ad7611a4e5d7cc76745d128a50ef0dc83f6e336d0f5,f2356f2888e50a9d4e0daf07fe36da9e5d028f27b7eb4cdf271d6d611832c0c4
subject_adapted,Table V,atten_nback,VP023,SingLEM,Welch PSD,0.8947368421052632,0.7894736842105263,0.105263157895,439f3f128bbf9b8689cc9ea23368f1634151a4ab991e24f0deb4e413cf78f82e,ff4aa49dd3cb8ca6132d76b2d9f958c1c5bad987c8135ec816b205a790958f20
subject_adapted,Table V,atten_nback,VP024,SingLEM,Welch PSD,0.7105263157894737,0.7368421052631579,-0.026315789474,c1ccda764fc5f5ec882a6dd80d36e9a044db5de2434578dd2e5ada614ea2c9f9,21d7536d52ab136019f5304e65d5355ff0de3fe950cd486d46fe65fda5017674
subject_adapted,Table V,atten_nback,VP025,SingLEM,Welch PSD,0.9342105263157895,0.7763157894736842,0.157894736842,967211699f8e48b070ac73cab299d5861b625c90ba9aeecf57dd0be206cf8d62,1571bd1d1625224daec9bc320481a8fc27523c102d61e478c2a6aa86b0259ad6
subject_adapted,Table V,atten_nback,VP026,SingLEM,Welch PSD,0.8157894736842105,0.7763157894736842,0.039473684211,0e66f40171facd69eaf636d54cc283a8bd1047d0d3c7448661e02f55cc8920d1,079fb854d628df403d869fd4e7e5b9f4e24044068df7017a3f3dde69dc6f8030
subject_adapted,Table V,atten_nback,VP001,SingLEM,EEGNet,0.6052631578947368,0.618421052631579,-0.013157894737,b61f49cca01b5a1c92b89480e838bd2147a355bfb4c594a8662511878c2cace1,8e7e6f87927b3c3b942458efefd2a2be71b2ec4ab956510a919e6761ac113053
subject_adapted,Table V,atten_nback,VP002,SingLEM,EEGNet,0.7763157894736842,0.6710526315789473,0.105263157895,99689f39de2eb0f8379e2b78bbf0262bb50bf2205ef29638652c918f74b208be,e137269f8944e908861ca5b82057681d571c3353386bbadb8ea0cbd92485abb7
subject_adapted,Table V,atten_nback,VP003,SingLEM,EEGNet,0.9078947368421053,0.8552631578947368,0.052631578947,8c53f344d1c034e553b4826684e5dd4110d8d10f73819d3f825f361af22e4cae,d70221205847962a91298be0189ab6e2cdee2fccb12c9f9cf56152812211a683
subject_adapted,Table V,atten_nback,VP004,SingLEM,EEGNet,0.7763157894736842,0.5,0.276315789474,4c6c707699764ede1a786950dcf619052f4e54cafdad23916b286b23694b68ba,5cd1f9043659bcfcccfc66d69b29299c1154891945182ce8db4b201e95f3bb2d
subject_adapted,Table V,atten_nback,VP005,SingLEM,EEGNet,0.8026315789473685,0.7105263157894737,0.092105263158,f7a5e8407f67982104ea5780ccd5dc26e2b17d311e490b6a17044a250f19e7f9,862754acd8e9c11bfe20b6670ef66b308e8574920b5ed1775cc41f8623e7f427
subject_adapted,Table V,atten_nback,VP006,SingLEM,EEGNet,0.881578947368421,0.7105263157894737,0.171052631579,3c1b3ccf801dab35404731ac91939293f1965cbb6fcdb5cabab1da89d2a7a336,b35909db3eabe8bf1943d67097d4f7afc7159b3febe5bb743824cf89e095e9c4
subject_adapted,Table V,atten_nback,VP007,SingLEM,EEGNet,0.881578947368421,0.8289473684210527,0.052631578947,7173fc48466a263f4a3ba91c09728e40e74a45c69fa75ea351e3762a774c411d,8880f9ba7e9245d908133383bf4ac107083d3eed84c3f0b370e7e47bbeaee4bf
subject_adapted,Table V,atten_nback,VP008,SingLEM,EEGNet,0.9078947368421053,0.9210526315789473,-0.013157894737,d86222497b10c3ac5e2f97fbdb21c9853e3141724b78df29efd4d7a8590666f7,7cee56c9eba76ded053c7c1eca0a8659c030cc3509d662cdf3f7f9940a982b02
subject_adapted,Table V,atten_nback,VP009,SingLEM,EEGNet,0.8552631578947368,0.8421052631578947,0.013157894737,5d2d8ee7dc449e1976eb414a5cc973be0df7c6fd8d20702e349652034e4d7e7f,2b9f4ad8a1a60449d4f44404a937171fc0190e6282caf8711283af0d61b91ce1
subject_adapted,Table V,atten_nback,VP010,SingLEM,EEGNet,0.75,0.7236842105263158,0.026315789474,8638c53020fac8defc78af5dffd06fc3cdf9c4235ad43103c07b6aad7fa761d7,4dd101c5ef8d18fca906a64ce2f2b54a75bc80cb8ab25bfa3cfcd23a2304445d
subject_adapted,Table V,atten_nback,VP011,SingLEM,EEGNet,0.7894736842105263,0.6447368421052632,0.144736842105,a430ba0c4b4d5b1f084dcfa5ae4cea0f4a751a470e32c770221938d875793043,fdfa42c4eb146c34684ae7d6b40c7c6a7719b0019868316c33ca82cbebe8ed2d
subject_adapted,Table V,atten_nback,VP012,SingLEM,EEGNet,0.9473684210526315,0.8289473684210527,0.118421052632,dc4dcb7d6bc8b450560c989b7328a60fa7c27cadb151ef4387725447fcc0f04e,33b07c1fd2a96ab42238b9e65e50545bf25874afdb448bd9b223613f3654a4f8
subject_adapted,Table V,atten_nback,VP013,SingLEM,EEGNet,0.8947368421052632,0.868421052631579,0.026315789474,a095a2d2f9b93024261d428ca275ea4601c437793c9a2f5c8c7834a83bb85a5a,c9a31947e9b31f33e5f567f4fc95a0fc1dfa9651584ac00da44f782f2d287a11
subject_adapted,Table V,atten_nback,VP014,SingLEM,EEGNet,0.9210526315789473,0.7105263157894737,0.210526315789,d6ec3f37f3a71ec25aaacdfd54e0b31f608d9a5e51a22d72b7f4e9cd6542f5ff,0da3210588aed9b4086aec52ef3f73d12d983f53c02e7187975cacc4d942c793
subject_adapted,Table V,atten_nback,VP015,SingLEM,EEGNet,0.8157894736842105,0.6973684210526315,0.118421052632,41a0cf3a96fde1efcde1af2f0209a33e76ea213ccacbae76ad1590fb7c63c0a8,95d8cfa7960cab1b22ce3f17dc3afc01cc0b3066876e6144dd44e522c2974562
subject_adapted,Table V,atten_nback,VP016,SingLEM,EEGNet,0.9078947368421053,0.6710526315789473,0.236842105263,67979bc0ebce2305c1c65bbf06fb2e80ca3e79d8b53b923a86642a5b6d9c2ef6,fa5e8048d3771864a0025c4b46378c879dc68e1cdc62cf1b1cbc63911d37c54b
subject_adapted,Table V,atten_nback,VP017,SingLEM,EEGNet,0.8947368421052632,0.7105263157894737,0.184210526316,0f75c923fb4e493433a29c2d000fc206cd2ace7c72694e287a2450136d5acb53,73399a7502519f61683de17ac2e849182916208ece519b106da2095807938603
subject_adapted,Table V,atten_nback,VP018,SingLEM,EEGNet,0.8157894736842105,0.75,0.065789473684,03d4943088823451c0ab531545937c1884ff1edb3d18d8685825ad18d56edb2d,2e990896a60679a6c8a8f126cb652a044849369e8d2e254eabbc7fbda9ea509b
subject_adapted,Table V,atten_nback,VP019,SingLEM,EEGNet,0.881578947368421,0.8026315789473685,0.078947368421,e4eac33876f5b7531f05d05082d90f28e9d574165cc40d1ad0387a19305f249d,de033ebc5018477e5c279a2019d019e3f26519b44cb6996186fc0f1321ea8a1e
subject_adapted,Table V,atten_nback,VP020,SingLEM,EEGNet,0.868421052631579,0.7894736842105263,0.078947368421,1f57ac6566c8a0780b2b9e17c4e686f79e0c2b333dc515ede5fe868f9a66f287,78a2a1a35ba00f3f90ad96e594a950444f54b693890cd0377387133c742de70f
subject_adapted,Table V,atten_nback,VP021,SingLEM,EEGNet,0.868421052631579,0.7763157894736842,0.092105263158,ff83183ddcb36bde4b19718ba328642c9f1ba97e9a0ca678d96fafa079351a46,92884954f5cfe8106dd758ae67ab81ec79a6c5256a15830a06f450379eeb307a
subject_adapted,Table V,atten_nback,VP022,SingLEM,EEGNet,0.8421052631578947,0.7105263157894737,0.131578947368,740ffa682b5aa8df18ac8ad7611a4e5d7cc76745d128a50ef0dc83f6e336d0f5,f2356f2888e50a9d4e0daf07fe36da9e5d028f27b7eb4cdf271d6d611832c0c4
subject_adapted,Table V,atten_nback,VP023,SingLEM,EEGNet,0.8947368421052632,0.8157894736842105,0.078947368421,439f3f128bbf9b8689cc9ea23368f1634151a4ab991e24f0deb4e413cf78f82e,ff4aa49dd3cb8ca6132d76b2d9f958c1c5bad987c8135ec816b205a790958f20
subject_adapted,Table V,atten_nback,VP024,SingLEM,EEGNet,0.7105263157894737,0.7105263157894737,0.0,c1ccda764fc5f5ec882a6dd80d36e9a044db5de2434578dd2e5ada614ea2c9f9,21d7536d52ab136019f5304e65d5355ff0de3fe950cd486d46fe65fda5017674
subject_adapted,Table V,atten_nback,VP025,SingLEM,EEGNet,0.9342105263157895,0.8157894736842105,0.118421052632,967211699f8e48b070ac73cab299d5861b625c90ba9aeecf57dd0be206cf8d62,1571bd1d1625224daec9bc320481a8fc27523c102d61e478c2a6aa86b0259ad6
subject_adapted,Table V,atten_nback,VP026,SingLEM,EEGNet,0.8157894736842105,0.6447368421052632,0.171052631579,0e66f40171facd69eaf636d54cc283a8bd1047d0d3c7448661e02f55cc8920d1,079fb854d628df403d869fd4e7e5b9f4e24044068df7017a3f3dde69dc6f8030
subject_adapted,Table V,atten_nback,VP001,SingLEM,EEGConformer,0.6052631578947368,0.9473684210526315,-0.342105263158,b61f49cca01b5a1c92b89480e838bd2147a355bfb4c594a8662511878c2cace1,8e7e6f87927b3c3b942458efefd2a2be71b2ec4ab956510a919e6761ac113053
subject_adapted,Table V,atten_nback,VP002,SingLEM,EEGConformer,0.7763157894736842,0.8157894736842105,-0.039473684211,99689f39de2eb0f8379e2b78bbf0262bb50bf2205ef29638652c918f74b208be,e137269f8944e908861ca5b82057681d571c3353386bbadb8ea0cbd92485abb7
subject_adapted,Table V,atten_nback,VP003,SingLEM,EEGConformer,0.9078947368421053,0.9210526315789473,-0.013157894737,8c53f344d1c034e553b4826684e5dd4110d8d10f73819d3f825f361af22e4cae,d70221205847962a91298be0189ab6e2cdee2fccb12c9f9cf56152812211a683
subject_adapted,Table V,atten_nback,VP004,SingLEM,EEGConformer,0.7763157894736842,0.5131578947368421,0.263157894737,4c6c707699764ede1a786950dcf619052f4e54cafdad23916b286b23694b68ba,5cd1f9043659bcfcccfc66d69b29299c1154891945182ce8db4b201e95f3bb2d
subject_adapted,Table V,atten_nback,VP005,SingLEM,EEGConformer,0.8026315789473685,0.868421052631579,-0.065789473684,f7a5e8407f67982104ea5780ccd5dc26e2b17d311e490b6a17044a250f19e7f9,862754acd8e9c11bfe20b6670ef66b308e8574920b5ed1775cc41f8623e7f427
subject_adapted,Table V,atten_nback,VP006,SingLEM,EEGConformer,0.881578947368421,0.868421052631579,0.013157894737,3c1b3ccf801dab35404731ac91939293f1965cbb6fcdb5cabab1da89d2a7a336,b35909db3eabe8bf1943d67097d4f7afc7159b3febe5bb743824cf89e095e9c4
subject_adapted,Table V,atten_nback,VP007,SingLEM,EEGConformer,0.881578947368421,0.7894736842105263,0.092105263158,7173fc48466a263f4a3ba91c09728e40e74a45c69fa75ea351e3762a774c411d,8880f9ba7e9245d908133383bf4ac107083d3eed84c3f0b370e7e47bbeaee4bf
subject_adapted,Table V,atten_nback,VP008,SingLEM,EEGConformer,0.9078947368421053,0.7894736842105263,0.118421052632,d86222497b10c3ac5e2f97fbdb21c9853e3141724b78df29efd4d7a8590666f7,7cee56c9eba76ded053c7c1eca0a8659c030cc3509d662cdf3f7f9940a982b02
subject_adapted,Table V,atten_nback,VP009,SingLEM,EEGConformer,0.8552631578947368,0.6973684210526315,0.157894736842,5d2d8ee7dc449e1976eb414a5cc973be0df7c6fd8d20702e349652034e4d7e7f,2b9f4ad8a1a60449d4f44404a937171fc0190e6282caf8711283af0d61b91ce1
subject_adapted,Table V,atten_nback,VP010,SingLEM,EEGConformer,0.75,0.631578947368421,0.118421052632,8638c53020fac8defc78af5dffd06fc3cdf9c4235ad43103c07b6aad7fa761d7,4dd101c5ef8d18fca906a64ce2f2b54a75bc80cb8ab25bfa3cfcd23a2304445d
subject_adapted,Table V,atten_nback,VP011,SingLEM,EEGConformer,0.7894736842105263,0.6842105263157895,0.105263157895,a430ba0c4b4d5b1f084dcfa5ae4cea0f4a751a470e32c770221938d875793043,fdfa42c4eb146c34684ae7d6b40c7c6a7719b0019868316c33ca82cbebe8ed2d
subject_adapted,Table V,atten_nback,VP012,SingLEM,EEGConformer,0.9473684210526315,0.7236842105263158,0.223684210526,dc4dcb7d6bc8b450560c989b7328a60fa7c27cadb151ef4387725447fcc0f04e,33b07c1fd2a96ab42238b9e65e50545bf25874afdb448bd9b223613f3654a4f8
subject_adapted,Table V,atten_nback,VP013,SingLEM,EEGConformer,0.8947368421052632,0.8552631578947368,0.039473684211,a095a2d2f9b93024261d428ca275ea4601c437793c9a2f5c8c7834a83bb85a5a,c9a31947e9b31f33e5f567f4fc95a0fc1dfa9651584ac00da44f782f2d287a11
subject_adapted,Table V,atten_nback,VP014,SingLEM,EEGConformer,0.9210526315789473,0.7368421052631579,0.184210526316,d6ec3f37f3a71ec25aaacdfd54e0b31f608d9a5e51a22d72b7f4e9cd6542f5ff,0da3210588aed9b4086aec52ef3f73d12d983f53c02e7187975cacc4d942c793
subject_adapted,Table V,atten_nback,VP015,SingLEM,EEGConformer,0.8157894736842105,0.6447368421052632,0.171052631579,41a0cf3a96fde1efcde1af2f0209a33e76ea213ccacbae76ad1590fb7c63c0a8,95d8cfa7960cab1b22ce3f17dc3afc01cc0b3066876e6144dd44e522c2974562
subject_adapted,Table V,atten_nback,VP016,SingLEM,EEGConformer,0.9078947368421053,0.7763157894736842,0.131578947368,67979bc0ebce2305c1c65bbf06fb2e80ca3e79d8b53b923a86642a5b6d9c2ef6,fa5e8048d3771864a0025c4b46378c879dc68e1cdc62cf1b1cbc63911d37c54b
subject_adapted,Table V,atten_nback,VP017,SingLEM,EEGConformer,0.8947368421052632,0.8421052631578947,0.052631578947,0f75c923fb4e493433a29c2d000fc206cd2ace7c72694e287a2450136d5acb53,73399a7502519f61683de17ac2e849182916208ece519b106da2095807938603
subject_adapted,Table V,atten_nback,VP018,SingLEM,EEGConformer,0.8157894736842105,0.6973684210526315,0.118421052632,03d4943088823451c0ab531545937c1884ff1edb3d18d8685825ad18d56edb2d,2e990896a60679a6c8a8f126cb652a044849369e8d2e254eabbc7fbda9ea509b
subject_adapted,Table V,atten_nback,VP019,SingLEM,EEGConformer,0.881578947368421,0.7894736842105263,0.092105263158,e4eac33876f5b7531f05d05082d90f28e9d574165cc40d1ad0387a19305f249d,de033ebc5018477e5c279a2019d019e3f26519b44cb6996186fc0f1321ea8a1e
subject_adapted,Table V,atten_nback,VP020,SingLEM,EEGConformer,0.868421052631579,0.7894736842105263,0.078947368421,1f57ac6566c8a0780b2b9e17c4e686f79e0c2b333dc515ede5fe868f9a66f287,78a2a1a35ba00f3f90ad96e594a950444f54b693890cd0377387133c742de70f
subject_adapted,Table V,atten_nback,VP021,SingLEM,EEGConformer,0.868421052631579,0.6973684210526315,0.171052631579,ff83183ddcb36bde4b19718ba328642c9f1ba97e9a0ca678d96fafa079351a46,92884954f5cfe8106dd758ae67ab81ec79a6c5256a15830a06f450379eeb307a
subject_adapted,Table V,atten_nback,VP022,SingLEM,EEGConformer,0.8421052631578947,0.8552631578947368,-0.013157894737,740ffa682b5aa8df18ac8ad7611a4e5d7cc76745d128a50ef0dc83f6e336d0f5,f2356f2888e50a9d4e0daf07fe36da9e5d028f27b7eb4cdf271d6d611832c0c4
subject_adapted,Table V,atten_nback,VP023,SingLEM,EEGConformer,0.8947368421052632,0.8157894736842105,0.078947368421,439f3f128bbf9b8689cc9ea23368f1634151a4ab991e24f0deb4e413cf78f82e,ff4aa49dd3cb8ca6132d76b2d9f958c1c5bad987c8135ec816b205a790958f20
subject_adapted,Table V,atten_nback,VP024,SingLEM,EEGConformer,0.7105263157894737,0.8552631578947368,-0.144736842105,c1ccda764fc5f5ec882a6dd80d36e9a044db5de2434578dd2e5ada614ea2c9f9,21d7536d52ab136019f5304e65d5355ff0de3fe950cd486d46fe65fda5017674
subject_adapted,Table V,atten_nback,VP025,SingLEM,EEGConformer,0.9342105263157895,0.9736842105263158,-0.039473684211,967211699f8e48b070ac73cab299d5861b625c90ba9aeecf57dd0be206cf8d62,1571bd1d1625224daec9bc320481a8fc27523c102d61e478c2a6aa86b0259ad6
subject_adapted,Table V,atten_nback,VP026,SingLEM,EEGConformer,0.8157894736842105,0.7631578947368421,0.052631578947,0e66f40171facd69eaf636d54cc283a8bd1047d0d3c7448661e02f55cc8920d1,079fb854d628df403d869fd4e7e5b9f4e24044068df7017a3f3dde69dc6f8030
subject_adapted,Table V,atten_nback,VP001,SingLEM,IFNetV2,0.6052631578947368,0.8157894736842105,-0.210526315789,b61f49cca01b5a1c92b89480e838bd2147a355bfb4c594a8662511878c2cace1,8e7e6f87927b3c3b942458efefd2a2be71b2ec4ab956510a919e6761ac113053
subject_adapted,Table V,atten_nback,VP002,SingLEM,IFNetV2,0.7763157894736842,0.8289473684210527,-0.052631578947,99689f39de2eb0f8379e2b78bbf0262bb50bf2205ef29638652c918f74b208be,e137269f8944e908861ca5b82057681d571c3353386bbadb8ea0cbd92485abb7
subject_adapted,Table V,atten_nback,VP003,SingLEM,IFNetV2,0.9078947368421053,0.9342105263157895,-0.026315789474,8c53f344d1c034e553b4826684e5dd4110d8d10f73819d3f825f361af22e4cae,d70221205847962a91298be0189ab6e2cdee2fccb12c9f9cf56152812211a683
subject_adapted,Table V,atten_nback,VP004,SingLEM,IFNetV2,0.7763157894736842,0.8421052631578947,-0.065789473684,4c6c707699764ede1a786950dcf619052f4e54cafdad23916b286b23694b68ba,5cd1f9043659bcfcccfc66d69b29299c1154891945182ce8db4b201e95f3bb2d
subject_adapted,Table V,atten_nback,VP005,SingLEM,IFNetV2,0.8026315789473685,0.5921052631578947,0.210526315789,f7a5e8407f67982104ea5780ccd5dc26e2b17d311e490b6a17044a250f19e7f9,862754acd8e9c11bfe20b6670ef66b308e8574920b5ed1775cc41f8623e7f427
subject_adapted,Table V,atten_nback,VP006,SingLEM,IFNetV2,0.881578947368421,0.8157894736842105,0.065789473684,3c1b3ccf801dab35404731ac91939293f1965cbb6fcdb5cabab1da89d2a7a336,b35909db3eabe8bf1943d67097d4f7afc7159b3febe5bb743824cf89e095e9c4
subject_adapted,Table V,atten_nback,VP007,SingLEM,IFNetV2,0.881578947368421,0.5394736842105263,0.342105263158,7173fc48466a263f4a3ba91c09728e40e74a45c69fa75ea351e3762a774c411d,8880f9ba7e9245d908133383bf4ac107083d3eed84c3f0b370e7e47bbeaee4bf
subject_adapted,Table V,atten_nback,VP008,SingLEM,IFNetV2,0.9078947368421053,0.9078947368421053,0.0,d86222497b10c3ac5e2f97fbdb21c9853e3141724b78df29efd4d7a8590666f7,7cee56c9eba76ded053c7c1eca0a8659c030cc3509d662cdf3f7f9940a982b02
subject_adapted,Table V,atten_nback,VP009,SingLEM,IFNetV2,0.8552631578947368,0.7763157894736842,0.078947368421,5d2d8ee7dc449e1976eb414a5cc973be0df7c6fd8d20702e349652034e4d7e7f,2b9f4ad8a1a60449d4f44404a937171fc0190e6282caf8711283af0d61b91ce1
subject_adapted,Table V,atten_nback,VP010,SingLEM,IFNetV2,0.75,0.9473684210526315,-0.197368421053,8638c53020fac8defc78af5dffd06fc3cdf9c4235ad43103c07b6aad7fa761d7,4dd101c5ef8d18fca906a64ce2f2b54a75bc80cb8ab25bfa3cfcd23a2304445d
subject_adapted,Table V,atten_nback,VP011,SingLEM,IFNetV2,0.7894736842105263,0.6842105263157895,0.105263157895,a430ba0c4b4d5b1f084dcfa5ae4cea0f4a751a470e32c770221938d875793043,fdfa42c4eb146c34684ae7d6b40c7c6a7719b0019868316c33ca82cbebe8ed2d
subject_adapted,Table V,atten_nback,VP012,SingLEM,IFNetV2,0.9473684210526315,0.7105263157894737,0.236842105263,dc4dcb7d6bc8b450560c989b7328a60fa7c27cadb151ef4387725447fcc0f04e,33b07c1fd2a96ab42238b9e65e50545bf25874afdb448bd9b223613f3654a4f8
subject_adapted,Table V,atten_nback,VP013,SingLEM,IFNetV2,0.8947368421052632,0.8552631578947368,0.039473684211,a095a2d2f9b93024261d428ca275ea4601c437793c9a2f5c8c7834a83bb85a5a,c9a31947e9b31f33e5f567f4fc95a0fc1dfa9651584ac00da44f782f2d287a11
subject_adapted,Table V,atten_nback,VP014,SingLEM,IFNetV2,0.9210526315789473,0.75,0.171052631579,d6ec3f37f3a71ec25aaacdfd54e0b31f608d9a5e51a22d72b7f4e9cd6542f5ff,0da3210588aed9b4086aec52ef3f73d12d983f53c02e7187975cacc4d942c793
subject_adapted,Table V,atten_nback,VP015,SingLEM,IFNetV2,0.8157894736842105,0.6842105263157895,0.131578947368,41a0cf3a96fde1efcde1af2f0209a33e76ea213ccacbae76ad1590fb7c63c0a8,95d8cfa7960cab1b22ce3f17dc3afc01cc0b3066876e6144dd44e522c2974562
subject_adapted,Table V,atten_nback,VP016,SingLEM,IFNetV2,0.9078947368421053,0.6710526315789473,0.236842105263,67979bc0ebce2305c1c65bbf06fb2e80ca3e79d8b53b923a86642a5b6d9c2ef6,fa5e8048d3771864a0025c4b46378c879dc68e1cdc62cf1b1cbc63911d37c54b
subject_adapted,Table V,atten_nback,VP017,SingLEM,IFNetV2,0.8947368421052632,0.9078947368421053,-0.013157894737,0f75c923fb4e493433a29c2d000fc206cd2ace7c72694e287a2450136d5acb53,73399a7502519f61683de17ac2e849182916208ece519b106da2095807938603
subject_adapted,Table V,atten_nback,VP018,SingLEM,IFNetV2,0.8157894736842105,0.75,0.065789473684,03d4943088823451c0ab531545937c1884ff1edb3d18d8685825ad18d56edb2d,2e990896a60679a6c8a8f126cb652a044849369e8d2e254eabbc7fbda9ea509b
subject_adapted,Table V,atten_nback,VP019,SingLEM,IFNetV2,0.881578947368421,0.6710526315789473,0.210526315789,e4eac33876f5b7531f05d05082d90f28e9d574165cc40d1ad0387a19305f249d,de033ebc5018477e5c279a2019d019e3f26519b44cb6996186fc0f1321ea8a1e
subject_adapted,Table V,atten_nback,VP020,SingLEM,IFNetV2,0.868421052631579,0.631578947368421,0.236842105263,1f57ac6566c8a0780b2b9e17c4e686f79e0c2b333dc515ede5fe868f9a66f287,78a2a1a35ba00f3f90ad96e594a950444f54b693890cd0377387133c742de70f
subject_adapted,Table V,atten_nback,VP021,SingLEM,IFNetV2,0.868421052631579,0.8552631578947368,0.013157894737,ff83183ddcb36bde4b19718ba328642c9f1ba97e9a0ca678d96fafa079351a46,92884954f5cfe8106dd758ae67ab81ec79a6c5256a15830a06f450379eeb307a
subject_adapted,Table V,atten_nback,VP022,SingLEM,IFNetV2,0.8421052631578947,0.9210526315789473,-0.078947368421,740ffa682b5aa8df18ac8ad7611a4e5d7cc76745d128a50ef0dc83f6e336d0f5,f2356f2888e50a9d4e0daf07fe36da9e5d028f27b7eb4cdf271d6d611832c0c4
subject_adapted,Table V,atten_nback,VP023,SingLEM,IFNetV2,0.8947368421052632,0.9210526315789473,-0.026315789474,439f3f128bbf9b8689cc9ea23368f1634151a4ab991e24f0deb4e413cf78f82e,ff4aa49dd3cb8ca6132d76b2d9f958c1c5bad987c8135ec816b205a790958f20
subject_adapted,Table V,atten_nback,VP024,SingLEM,IFNetV2,0.7105263157894737,0.8157894736842105,-0.105263157895,c1ccda764fc5f5ec882a6dd80d36e9a044db5de2434578dd2e5ada614ea2c9f9,21d7536d52ab136019f5304e65d5355ff0de3fe950cd486d46fe65fda5017674
subject_adapted,Table V,atten_nback,VP025,SingLEM,IFNetV2,0.9342105263157895,0.9078947368421053,0.026315789474,967211699f8e48b070ac73cab299d5861b625c90ba9aeecf57dd0be206cf8d62,1571bd1d1625224daec9bc320481a8fc27523c102d61e478c2a6aa86b0259ad6
subject_adapted,Table V,atten_nback,VP026,SingLEM,IFNetV2,0.8157894736842105,0.8026315789473685,0.013157894737,0e66f40171facd69eaf636d54cc283a8bd1047d0d3c7448661e02f55cc8920d1,079fb854d628df403d869fd4e7e5b9f4e24044068df7017a3f3dde69dc6f8030
subject_adapted,Table V,atten_dsr,VP001,SingLEM,BENDR,0.62,0.52,0.1,69360891a0cacd5d6894cb8d8c09a22dde987e3e080efa1e5e51dab16b97bead,75876e0a471e94b5ebe3c4ba999dd1c3cec4621e0c066e18bf0ad2f4a702d20a
subject_adapted,Table V,atten_dsr,VP002,SingLEM,BENDR,0.68,0.56,0.12,2c032cacd1a632e66d83ae94d2336389d32929fe337a5fa5ca503accfd699036,f7e60a6d0f9dcd3e983ac771b689db6f8655ae58b5afa67e961f7261f5ff76b6
subject_adapted,Table V,atten_dsr,VP003,SingLEM,BENDR,0.88,0.42,0.46,6c5b42390293d38f42338e33874a93283d1dfce4e5b8802ee7f956d317b2bae2,5a223bc6d2fa3389229e67f450453d2be278eaa15e0752d61e30a03e053c97b1
subject_adapted,Table V,atten_dsr,VP004,SingLEM,BENDR,0.72,0.52,0.2,1ea1e29bdaa23df893cce1a3a3176451d096efe85d97e3a335b90fc9122fcbff,82b44ecb70461d8862c9fe963393833bcc6f12b59aed94e8f87ec4c377887043
subject_adapted,Table V,atten_dsr,VP005,SingLEM,BENDR,0.72,0.56,0.16,74f7b2e6f62741fb3963efaa9dd8936c8fb20b6a1b38fe53fb0901c12a2c5f7f,3161107878e24d546c9225eb97dbae8d4a003fec28615a56ce6722a05939e9fe
subject_adapted,Table V,atten_dsr,VP006,SingLEM,BENDR,0.78,0.62,0.16,fa0614c34ecb7126865e7ec0ff558db2fb2f9af24e9741145997ce9120bab331,ab348a61fc5a38042a58166dcee516a96c59aa4e8450ea93b215768c0c37ba8e
subject_adapted,Table V,atten_dsr,VP007,SingLEM,BENDR,0.82,0.52,0.3,2b2a61cd4bfe5ab37a2194342a4f90f71a1317b3ba67c07a865b6d39d1e27fc0,3b9efbfcbeecf8cf525b1cdca429b3472569ce7cf5bf6712751cb165910fa4bf
subject_adapted,Table V,atten_dsr,VP008,SingLEM,BENDR,0.96,0.58,0.38,c49e19d2eb6fccf937bf96fd5db0c392aa515a92d0f77d07f1bf42d074fda8e1,527508ca5cd2d08d7d0521cdcc60712d3750dd01730f2b16283af9ab9c081061
subject_adapted,Table V,atten_dsr,VP009,SingLEM,BENDR,0.94,0.48,0.46,07f895dca2c2ac6b95483bcbdaefb445d866aa66e9c63415d8a65724aef76db9,bcb8590559d0c05c5ad46339d5dff719979cbd1e7f0899955bec8e2d92873a7f
subject_adapted,Table V,atten_dsr,VP010,SingLEM,BENDR,0.84,0.5,0.34,0c4a4534c330631db6b0f770c7b3557c338185478aa242c339a4190e10c12e59,c6bdff98bd00fceccbb786197b2ff4e0eb0a349c2e9119872b6d41c3fddef63d
subject_adapted,Table V,atten_dsr,VP011,SingLEM,BENDR,0.72,0.46,0.26,024eed48bacf6e354da1af7225a924fe120f8f008f069d60cc687c282826dc43,6c3aae211f429df54bed1408c462cf833f7e575e61b3bbe1d41cc10d5d0ea6e8
subject_adapted,Table V,atten_dsr,VP012,SingLEM,BENDR,0.92,0.62,0.3,e87f5e1ee9a024700185ca6fe3ce436b9729b3e056adc9f69c82be9c4bbf383e,5e42e7113557ee6913d6e941a31e29054e9e62e991e7dd703791028dc8ec86f5
subject_adapted,Table V,atten_dsr,VP013,SingLEM,BENDR,0.9,0.62,0.28,1020a76c0249b5ec1eb34fcb4f0049b9ecdaef0c03f2f38e00f67e74903143a9,eb25dfbfbf2ee45478c83ba5a77a8fbb5c88f769b6f01dee7b8809517b3cd1b2
subject_adapted,Table V,atten_dsr,VP014,SingLEM,BENDR,0.98,0.68,0.3,435165c9f8eaaf2428fe14a48caf38043bbb33826251ab71444f62c742914017,f2953eddfa434dda30567febe7b2c51d816c720ebf7c722bdc98639be2bb1928
subject_adapted,Table V,atten_dsr,VP015,SingLEM,BENDR,0.86,0.62,0.24,d7b9e45c6ba9be3e6101a5a2cc45042862713382c366127754b52eed56b984a5,0ae5ec474aa4e100752ae86a417c0e872ece7d585b5eda158974e7c5c9b7dd5a
subject_adapted,Table V,atten_dsr,VP016,SingLEM,BENDR,0.92,0.6,0.32,c47938cab2aaecabe527dbe0b5bf08f5a63dfe51befc5526edc9dcd59c42b97e,fa9ca0f5ab535e51ec58b8e0c74d8f9e40840c4e8b72f737053c605712035770
subject_adapted,Table V,atten_dsr,VP017,SingLEM,BENDR,0.84,0.56,0.28,9f41ad23949e1be603d20c719207cdb04e37ca34212cb8b70ffeada065789952,2df09532a2631feab52bf4143bbda6510abc3709347199f8f894a5bc0bfbaa94
subject_adapted,Table V,atten_dsr,VP018,SingLEM,BENDR,0.86,0.4,0.46,e95f84184b2afc25bf58acc47d2e0eb05588a3d310633b97cc32d36ba86fa842,91970306dac728f6fce2532889418d5e56bf9f692725d4a4891ba7a5cdc86ae7
subject_adapted,Table V,atten_dsr,VP019,SingLEM,BENDR,0.84,0.5,0.34,4da2c830e0f20b8853691896779947cc308218109d5865caa5036ddabccfa971,560558d600a72165b5439944b1f1ab87583e4c991548db2c23b386d989bb49e7
subject_adapted,Table V,atten_dsr,VP020,SingLEM,BENDR,0.76,0.56,0.2,bb6c02f0136416ac638b0df555351ef5c7166458a65c97e7118c136dfda12911,c631214a6067b1befcee2e9a14532868e63dd6c2b7685a709d1f1f6cc048a1dc
subject_adapted,Table V,atten_dsr,VP021,SingLEM,BENDR,0.88,0.54,0.34,736610977bb6445efb65b2c042ee55242382dceb69123612f79c399daf21aa1d,12d33585467bccb68366efb69e8debb2883fcd21fd905053b454ade35526f948
subject_adapted,Table V,atten_dsr,VP022,SingLEM,BENDR,0.86,0.46,0.4,6c934ca8be4ef0d0976a2c0c354dedb0b5cab93e694152d89380c3dd740d6444,175fe6a837a3ce7e96fff3d51734a906f43593734345ca0e5dc8341b6dcf6322
subject_adapted,Table V,atten_dsr,VP023,SingLEM,BENDR,0.82,0.54,0.28,89ed76d166506988f28b3fea3c2128df407bff2bdbe7b0b8d429ffc7b2265696,638fc5c9b29e0919a8fb4ce10eaf0a0c0a1a91d3afd0dec33eb66f770cc4cade
subject_adapted,Table V,atten_dsr,VP024,SingLEM,BENDR,0.82,0.48,0.34,e7724ef4356edb323bc8e8ab32f3f8c3dfb325bf15eda548f970972b7b3d2759,54e4115c1c904fb75b901c8abd5af3ec0c3fb97056fe4add05bc23206ed58ded
subject_adapted,Table V,atten_dsr,VP025,SingLEM,BENDR,0.96,0.52,0.44,1acfcd14d6619c312041fe0df74626956d91c0507525fdb3c00954fcac77052e,8bc7c4085197f32c04c6c9034cc141f05606e798ffbe07544283861fc77865d1
subject_adapted,Table V,atten_dsr,VP026,SingLEM,BENDR,0.86,0.64,0.22,33e4caf608c72dd957b08bf7317839b4388fcd74417da68db0beaf313aa9f0d8,be7b9037d0f45aeff374a88a9d36151807565b24c796eddde12843349c75fb69
subject_adapted,Table V,atten_dsr,VP001,SingLEM,BIOT,0.62,0.56,0.06,69360891a0cacd5d6894cb8d8c09a22dde987e3e080efa1e5e51dab16b97bead,75876e0a471e94b5ebe3c4ba999dd1c3cec4621e0c066e18bf0ad2f4a702d20a
subject_adapted,Table V,atten_dsr,VP002,SingLEM,BIOT,0.68,0.54,0.14,2c032cacd1a632e66d83ae94d2336389d32929fe337a5fa5ca503accfd699036,f7e60a6d0f9dcd3e983ac771b689db6f8655ae58b5afa67e961f7261f5ff76b6
subject_adapted,Table V,atten_dsr,VP003,SingLEM,BIOT,0.88,0.56,0.32,6c5b42390293d38f42338e33874a93283d1dfce4e5b8802ee7f956d317b2bae2,5a223bc6d2fa3389229e67f450453d2be278eaa15e0752d61e30a03e053c97b1
subject_adapted,Table V,atten_dsr,VP004,SingLEM,BIOT,0.72,0.74,-0.02,1ea1e29bdaa23df893cce1a3a3176451d096efe85d97e3a335b90fc9122fcbff,82b44ecb70461d8862c9fe963393833bcc6f12b59aed94e8f87ec4c377887043
subject_adapted,Table V,atten_dsr,VP005,SingLEM,BIOT,0.72,0.54,0.18,74f7b2e6f62741fb3963efaa9dd8936c8fb20b6a1b38fe53fb0901c12a2c5f7f,3161107878e24d546c9225eb97dbae8d4a003fec28615a56ce6722a05939e9fe
subject_adapted,Table V,atten_dsr,VP006,SingLEM,BIOT,0.78,0.62,0.16,fa0614c34ecb7126865e7ec0ff558db2fb2f9af24e9741145997ce9120bab331,ab348a61fc5a38042a58166dcee516a96c59aa4e8450ea93b215768c0c37ba8e
subject_adapted,Table V,atten_dsr,VP007,SingLEM,BIOT,0.82,0.46,0.36,2b2a61cd4bfe5ab37a2194342a4f90f71a1317b3ba67c07a865b6d39d1e27fc0,3b9efbfcbeecf8cf525b1cdca429b3472569ce7cf5bf6712751cb165910fa4bf
subject_adapted,Table V,atten_dsr,VP008,SingLEM,BIOT,0.96,0.74,0.22,c49e19d2eb6fccf937bf96fd5db0c392aa515a92d0f77d07f1bf42d074fda8e1,527508ca5cd2d08d7d0521cdcc60712d3750dd01730f2b16283af9ab9c081061
subject_adapted,Table V,atten_dsr,VP009,SingLEM,BIOT,0.94,0.5,0.44,07f895dca2c2ac6b95483bcbdaefb445d866aa66e9c63415d8a65724aef76db9,bcb8590559d0c05c5ad46339d5dff719979cbd1e7f0899955bec8e2d92873a7f
subject_adapted,Table V,atten_dsr,VP010,SingLEM,BIOT,0.84,0.64,0.2,0c4a4534c330631db6b0f770c7b3557c338185478aa242c339a4190e10c12e59,c6bdff98bd00fceccbb786197b2ff4e0eb0a349c2e9119872b6d41c3fddef63d
subject_adapted,Table V,atten_dsr,VP011,SingLEM,BIOT,0.72,0.56,0.16,024eed48bacf6e354da1af7225a924fe120f8f008f069d60cc687c282826dc43,6c3aae211f429df54bed1408c462cf833f7e575e61b3bbe1d41cc10d5d0ea6e8
subject_adapted,Table V,atten_dsr,VP012,SingLEM,BIOT,0.92,0.54,0.38,e87f5e1ee9a024700185ca6fe3ce436b9729b3e056adc9f69c82be9c4bbf383e,5e42e7113557ee6913d6e941a31e29054e9e62e991e7dd703791028dc8ec86f5
subject_adapted,Table V,atten_dsr,VP013,SingLEM,BIOT,0.9,0.72,0.18,1020a76c0249b5ec1eb34fcb4f0049b9ecdaef0c03f2f38e00f67e74903143a9,eb25dfbfbf2ee45478c83ba5a77a8fbb5c88f769b6f01dee7b8809517b3cd1b2
subject_adapted,Table V,atten_dsr,VP014,SingLEM,BIOT,0.98,0.64,0.34,435165c9f8eaaf2428fe14a48caf38043bbb33826251ab71444f62c742914017,f2953eddfa434dda30567febe7b2c51d816c720ebf7c722bdc98639be2bb1928
subject_adapted,Table V,atten_dsr,VP015,SingLEM,BIOT,0.86,0.68,0.18,d7b9e45c6ba9be3e6101a5a2cc45042862713382c366127754b52eed56b984a5,0ae5ec474aa4e100752ae86a417c0e872ece7d585b5eda158974e7c5c9b7dd5a
subject_adapted,Table V,atten_dsr,VP016,SingLEM,BIOT,0.92,0.36,0.56,c47938cab2aaecabe527dbe0b5bf08f5a63dfe51befc5526edc9dcd59c42b97e,fa9ca0f5ab535e51ec58b8e0c74d8f9e40840c4e8b72f737053c605712035770
subject_adapted,Table V,atten_dsr,VP017,SingLEM,BIOT,0.84,0.6,0.24,9f41ad23949e1be603d20c719207cdb04e37ca34212cb8b70ffeada065789952,2df09532a2631feab52bf4143bbda6510abc3709347199f8f894a5bc0bfbaa94
subject_adapted,Table V,atten_dsr,VP018,SingLEM,BIOT,0.86,0.5,0.36,e95f84184b2afc25bf58acc47d2e0eb05588a3d310633b97cc32d36ba86fa842,91970306dac728f6fce2532889418d5e56bf9f692725d4a4891ba7a5cdc86ae7
subject_adapted,Table V,atten_dsr,VP019,SingLEM,BIOT,0.84,0.6,0.24,4da2c830e0f20b8853691896779947cc308218109d5865caa5036ddabccfa971,560558d600a72165b5439944b1f1ab87583e4c991548db2c23b386d989bb49e7
subject_adapted,Table V,atten_dsr,VP020,SingLEM,BIOT,0.76,0.6,0.16,bb6c02f0136416ac638b0df555351ef5c7166458a65c97e7118c136dfda12911,c631214a6067b1befcee2e9a14532868e63dd6c2b7685a709d1f1f6cc048a1dc
subject_adapted,Table V,atten_dsr,VP021,SingLEM,BIOT,0.88,0.52,0.36,736610977bb6445efb65b2c042ee55242382dceb69123612f79c399daf21aa1d,12d33585467bccb68366efb69e8debb2883fcd21fd905053b454ade35526f948
subject_adapted,Table V,atten_dsr,VP022,SingLEM,BIOT,0.86,0.56,0.3,6c934ca8be4ef0d0976a2c0c354dedb0b5cab93e694152d89380c3dd740d6444,175fe6a837a3ce7e96fff3d51734a906f43593734345ca0e5dc8341b6dcf6322
subject_adapted,Table V,atten_dsr,VP023,SingLEM,BIOT,0.82,0.54,0.28,89ed76d166506988f28b3fea3c2128df407bff2bdbe7b0b8d429ffc7b2265696,638fc5c9b29e0919a8fb4ce10eaf0a0c0a1a91d3afd0dec33eb66f770cc4cade
subject_adapted,Table V,atten_dsr,VP024,SingLEM,BIOT,0.82,0.54,0.28,e7724ef4356edb323bc8e8ab32f3f8c3dfb325bf15eda548f970972b7b3d2759,54e4115c1c904fb75b901c8abd5af3ec0c3fb97056fe4add05bc23206ed58ded
subject_adapted,Table V,atten_dsr,VP025,SingLEM,BIOT,0.96,0.8,0.16,1acfcd14d6619c312041fe0df74626956d91c0507525fdb3c00954fcac77052e,8bc7c4085197f32c04c6c9034cc141f05606e798ffbe07544283861fc77865d1
subject_adapted,Table V,atten_dsr,VP026,SingLEM,BIOT,0.86,0.84,0.02,33e4caf608c72dd957b08bf7317839b4388fcd74417da68db0beaf313aa9f0d8,be7b9037d0f45aeff374a88a9d36151807565b24c796eddde12843349c75fb69
subject_adapted,Table V,atten_dsr,VP001,SingLEM,LaBraM,0.62,0.46,0.16,69360891a0cacd5d6894cb8d8c09a22dde987e3e080efa1e5e51dab16b97bead,75876e0a471e94b5ebe3c4ba999dd1c3cec4621e0c066e18bf0ad2f4a702d20a
subject_adapted,Table V,atten_dsr,VP002,SingLEM,LaBraM,0.68,0.6,0.08,2c032cacd1a632e66d83ae94d2336389d32929fe337a5fa5ca503accfd699036,f7e60a6d0f9dcd3e983ac771b689db6f8655ae58b5afa67e961f7261f5ff76b6
subject_adapted,Table V,atten_dsr,VP003,SingLEM,LaBraM,0.88,0.54,0.34,6c5b42390293d38f42338e33874a93283d1dfce4e5b8802ee7f956d317b2bae2,5a223bc6d2fa3389229e67f450453d2be278eaa15e0752d61e30a03e053c97b1
subject_adapted,Table V,atten_dsr,VP004,SingLEM,LaBraM,0.72,0.6,0.12,1ea1e29bdaa23df893cce1a3a3176451d096efe85d97e3a335b90fc9122fcbff,82b44ecb70461d8862c9fe963393833bcc6f12b59aed94e8f87ec4c377887043
subject_adapted,Table V,atten_dsr,VP005,SingLEM,LaBraM,0.72,0.62,0.1,74f7b2e6f62741fb3963efaa9dd8936c8fb20b6a1b38fe53fb0901c12a2c5f7f,3161107878e24d546c9225eb97dbae8d4a003fec28615a56ce6722a05939e9fe
subject_adapted,Table V,atten_dsr,VP006,SingLEM,LaBraM,0.78,0.74,0.04,fa0614c34ecb7126865e7ec0ff558db2fb2f9af24e9741145997ce9120bab331,ab348a61fc5a38042a58166dcee516a96c59aa4e8450ea93b215768c0c37ba8e
subject_adapted,Table V,atten_dsr,VP007,SingLEM,LaBraM,0.82,0.46,0.36,2b2a61cd4bfe5ab37a2194342a4f90f71a1317b3ba67c07a865b6d39d1e27fc0,3b9efbfcbeecf8cf525b1cdca429b3472569ce7cf5bf6712751cb165910fa4bf
subject_adapted,Table V,atten_dsr,VP008,SingLEM,LaBraM,0.96,0.7,0.26,c49e19d2eb6fccf937bf96fd5db0c392aa515a92d0f77d07f1bf42d074fda8e1,527508ca5cd2d08d7d0521cdcc60712d3750dd01730f2b16283af9ab9c081061
subject_adapted,Table V,atten_dsr,VP009,SingLEM,LaBraM,0.94,0.58,0.36,07f895dca2c2ac6b95483bcbdaefb445d866aa66e9c63415d8a65724aef76db9,bcb8590559d0c05c5ad46339d5dff719979cbd1e7f0899955bec8e2d92873a7f
subject_adapted,Table V,atten_dsr,VP010,SingLEM,LaBraM,0.84,0.52,0.32,0c4a4534c330631db6b0f770c7b3557c338185478aa242c339a4190e10c12e59,c6bdff98bd00fceccbb786197b2ff4e0eb0a349c2e9119872b6d41c3fddef63d
subject_adapted,Table V,atten_dsr,VP011,SingLEM,LaBraM,0.72,0.7,0.02,024eed48bacf6e354da1af7225a924fe120f8f008f069d60cc687c282826dc43,6c3aae211f429df54bed1408c462cf833f7e575e61b3bbe1d41cc10d5d0ea6e8
subject_adapted,Table V,atten_dsr,VP012,SingLEM,LaBraM,0.92,0.6,0.32,e87f5e1ee9a024700185ca6fe3ce436b9729b3e056adc9f69c82be9c4bbf383e,5e42e7113557ee6913d6e941a31e29054e9e62e991e7dd703791028dc8ec86f5
subject_adapted,Table V,atten_dsr,VP013,SingLEM,LaBraM,0.9,0.78,0.12,1020a76c0249b5ec1eb34fcb4f0049b9ecdaef0c03f2f38e00f67e74903143a9,eb25dfbfbf2ee45478c83ba5a77a8fbb5c88f769b6f01dee7b8809517b3cd1b2
subject_adapted,Table V,atten_dsr,VP014,SingLEM,LaBraM,0.98,0.64,0.34,435165c9f8eaaf2428fe14a48caf38043bbb33826251ab71444f62c742914017,f2953eddfa434dda30567febe7b2c51d816c720ebf7c722bdc98639be2bb1928
subject_adapted,Table V,atten_dsr,VP015,SingLEM,LaBraM,0.86,0.6,0.26,d7b9e45c6ba9be3e6101a5a2cc45042862713382c366127754b52eed56b984a5,0ae5ec474aa4e100752ae86a417c0e872ece7d585b5eda158974e7c5c9b7dd5a
subject_adapted,Table V,atten_dsr,VP016,SingLEM,LaBraM,0.92,0.5,0.42,c47938cab2aaecabe527dbe0b5bf08f5a63dfe51befc5526edc9dcd59c42b97e,fa9ca0f5ab535e51ec58b8e0c74d8f9e40840c4e8b72f737053c605712035770
subject_adapted,Table V,atten_dsr,VP017,SingLEM,LaBraM,0.84,0.7,0.14,9f41ad23949e1be603d20c719207cdb04e37ca34212cb8b70ffeada065789952,2df09532a2631feab52bf4143bbda6510abc3709347199f8f894a5bc0bfbaa94
subject_adapted,Table V,atten_dsr,VP018,SingLEM,LaBraM,0.86,0.64,0.22,e95f84184b2afc25bf58acc47d2e0eb05588a3d310633b97cc32d36ba86fa842,91970306dac728f6fce2532889418d5e56bf9f692725d4a4891ba7a5cdc86ae7
subject_adapted,Table V,atten_dsr,VP019,SingLEM,LaBraM,0.84,0.7,0.14,4da2c830e0f20b8853691896779947cc308218109d5865caa5036ddabccfa971,560558d600a72165b5439944b1f1ab87583e4c991548db2c23b386d989bb49e7
subject_adapted,Table V,atten_dsr,VP020,SingLEM,LaBraM,0.76,0.58,0.18,bb6c02f0136416ac638b0df555351ef5c7166458a65c97e7118c136dfda12911,c631214a6067b1befcee2e9a14532868e63dd6c2b7685a709d1f1f6cc048a1dc
subject_adapted,Table V,atten_dsr,VP021,SingLEM,LaBraM,0.88,0.54,0.34,736610977bb6445efb65b2c042ee55242382dceb69123612f79c399daf21aa1d,12d33585467bccb68366efb69e8debb2883fcd21fd905053b454ade35526f948
subject_adapted,Table V,atten_dsr,VP022,SingLEM,LaBraM,0.86,0.48,0.38,6c934ca8be4ef0d0976a2c0c354dedb0b5cab93e694152d89380c3dd740d6444,175fe6a837a3ce7e96fff3d51734a906f43593734345ca0e5dc8341b6dcf6322
subject_adapted,Table V,atten_dsr,VP023,SingLEM,LaBraM,0.82,0.52,0.3,89ed76d166506988f28b3fea3c2128df407bff2bdbe7b0b8d429ffc7b2265696,638fc5c9b29e0919a8fb4ce10eaf0a0c0a1a91d3afd0dec33eb66f770cc4cade
subject_adapted,Table V,atten_dsr,VP024,SingLEM,LaBraM,0.82,0.52,0.3,e7724ef4356edb323bc8e8ab32f3f8c3dfb325bf15eda548f970972b7b3d2759,54e4115c1c904fb75b901c8abd5af3ec0c3fb97056fe4add05bc23206ed58ded
subject_adapted,Table V,atten_dsr,VP025,SingLEM,LaBraM,0.96,0.72,0.24,1acfcd14d6619c312041fe0df74626956d91c0507525fdb3c00954fcac77052e,8bc7c4085197f32c04c6c9034cc141f05606e798ffbe07544283861fc77865d1
subject_adapted,Table V,atten_dsr,VP026,SingLEM,LaBraM,0.86,0.7,0.16,33e4caf608c72dd957b08bf7317839b4388fcd74417da68db0beaf313aa9f0d8,be7b9037d0f45aeff374a88a9d36151807565b24c796eddde12843349c75fb69
subject_adapted,Table V,atten_dsr,VP001,SingLEM,CBraMod,0.62,0.66,-0.04,69360891a0cacd5d6894cb8d8c09a22dde987e3e080efa1e5e51dab16b97bead,75876e0a471e94b5ebe3c4ba999dd1c3cec4621e0c066e18bf0ad2f4a702d20a
subject_adapted,Table V,atten_dsr,VP002,SingLEM,CBraMod,0.68,0.66,0.02,2c032cacd1a632e66d83ae94d2336389d32929fe337a5fa5ca503accfd699036,f7e60a6d0f9dcd3e983ac771b689db6f8655ae58b5afa67e961f7261f5ff76b6
subject_adapted,Table V,atten_dsr,VP003,SingLEM,CBraMod,0.88,0.82,0.06,6c5b42390293d38f42338e33874a93283d1dfce4e5b8802ee7f956d317b2bae2,5a223bc6d2fa3389229e67f450453d2be278eaa15e0752d61e30a03e053c97b1
subject_adapted,Table V,atten_dsr,VP004,SingLEM,CBraMod,0.72,0.76,-0.04,1ea1e29bdaa23df893cce1a3a3176451d096efe85d97e3a335b90fc9122fcbff,82b44ecb70461d8862c9fe963393833bcc6f12b59aed94e8f87ec4c377887043
subject_adapted,Table V,atten_dsr,VP005,SingLEM,CBraMod,0.72,0.82,-0.1,74f7b2e6f62741fb3963efaa9dd8936c8fb20b6a1b38fe53fb0901c12a2c5f7f,3161107878e24d546c9225eb97dbae8d4a003fec28615a56ce6722a05939e9fe
subject_adapted,Table V,atten_dsr,VP006,SingLEM,CBraMod,0.78,0.68,0.1,fa0614c34ecb7126865e7ec0ff558db2fb2f9af24e9741145997ce9120bab331,ab348a61fc5a38042a58166dcee516a96c59aa4e8450ea93b215768c0c37ba8e
subject_adapted,Table V,atten_dsr,VP007,SingLEM,CBraMod,0.82,0.62,0.2,2b2a61cd4bfe5ab37a2194342a4f90f71a1317b3ba67c07a865b6d39d1e27fc0,3b9efbfcbeecf8cf525b1cdca429b3472569ce7cf5bf6712751cb165910fa4bf
subject_adapted,Table V,atten_dsr,VP008,SingLEM,CBraMod,0.96,0.94,0.02,c49e19d2eb6fccf937bf96fd5db0c392aa515a92d0f77d07f1bf42d074fda8e1,527508ca5cd2d08d7d0521cdcc60712d3750dd01730f2b16283af9ab9c081061
subject_adapted,Table V,atten_dsr,VP009,SingLEM,CBraMod,0.94,0.9,0.04,07f895dca2c2ac6b95483bcbdaefb445d866aa66e9c63415d8a65724aef76db9,bcb8590559d0c05c5ad46339d5dff719979cbd1e7f0899955bec8e2d92873a7f
subject_adapted,Table V,atten_dsr,VP010,SingLEM,CBraMod,0.84,0.74,0.1,0c4a4534c330631db6b0f770c7b3557c338185478aa242c339a4190e10c12e59,c6bdff98bd00fceccbb786197b2ff4e0eb0a349c2e9119872b6d41c3fddef63d
subject_adapted,Table V,atten_dsr,VP011,SingLEM,CBraMod,0.72,0.6,0.12,024eed48bacf6e354da1af7225a924fe120f8f008f069d60cc687c282826dc43,6c3aae211f429df54bed1408c462cf833f7e575e61b3bbe1d41cc10d5d0ea6e8
subject_adapted,Table V,atten_dsr,VP012,SingLEM,CBraMod,0.92,0.88,0.04,e87f5e1ee9a024700185ca6fe3ce436b9729b3e056adc9f69c82be9c4bbf383e,5e42e7113557ee6913d6e941a31e29054e9e62e991e7dd703791028dc8ec86f5
subject_adapted,Table V,atten_dsr,VP013,SingLEM,CBraMod,0.9,0.92,-0.02,1020a76c0249b5ec1eb34fcb4f0049b9ecdaef0c03f2f38e00f67e74903143a9,eb25dfbfbf2ee45478c83ba5a77a8fbb5c88f769b6f01dee7b8809517b3cd1b2
subject_adapted,Table V,atten_dsr,VP014,SingLEM,CBraMod,0.98,0.94,0.04,435165c9f8eaaf2428fe14a48caf38043bbb33826251ab71444f62c742914017,f2953eddfa434dda30567febe7b2c51d816c720ebf7c722bdc98639be2bb1928
subject_adapted,Table V,atten_dsr,VP015,SingLEM,CBraMod,0.86,0.78,0.08,d7b9e45c6ba9be3e6101a5a2cc45042862713382c366127754b52eed56b984a5,0ae5ec474aa4e100752ae86a417c0e872ece7d585b5eda158974e7c5c9b7dd5a
subject_adapted,Table V,atten_dsr,VP016,SingLEM,CBraMod,0.92,0.74,0.18,c47938cab2aaecabe527dbe0b5bf08f5a63dfe51befc5526edc9dcd59c42b97e,fa9ca0f5ab535e51ec58b8e0c74d8f9e40840c4e8b72f737053c605712035770
subject_adapted,Table V,atten_dsr,VP017,SingLEM,CBraMod,0.84,0.9,-0.06,9f41ad23949e1be603d20c719207cdb04e37ca34212cb8b70ffeada065789952,2df09532a2631feab52bf4143bbda6510abc3709347199f8f894a5bc0bfbaa94
subject_adapted,Table V,atten_dsr,VP018,SingLEM,CBraMod,0.86,0.92,-0.06,e95f84184b2afc25bf58acc47d2e0eb05588a3d310633b97cc32d36ba86fa842,91970306dac728f6fce2532889418d5e56bf9f692725d4a4891ba7a5cdc86ae7
subject_adapted,Table V,atten_dsr,VP019,SingLEM,CBraMod,0.84,0.88,-0.04,4da2c830e0f20b8853691896779947cc308218109d5865caa5036ddabccfa971,560558d600a72165b5439944b1f1ab87583e4c991548db2c23b386d989bb49e7
subject_adapted,Table V,atten_dsr,VP020,SingLEM,CBraMod,0.76,0.82,-0.06,bb6c02f0136416ac638b0df555351ef5c7166458a65c97e7118c136dfda12911,c631214a6067b1befcee2e9a14532868e63dd6c2b7685a709d1f1f6cc048a1dc
subject_adapted,Table V,atten_dsr,VP021,SingLEM,CBraMod,0.88,0.86,0.02,736610977bb6445efb65b2c042ee55242382dceb69123612f79c399daf21aa1d,12d33585467bccb68366efb69e8debb2883fcd21fd905053b454ade35526f948
subject_adapted,Table V,atten_dsr,VP022,SingLEM,CBraMod,0.86,0.74,0.12,6c934ca8be4ef0d0976a2c0c354dedb0b5cab93e694152d89380c3dd740d6444,175fe6a837a3ce7e96fff3d51734a906f43593734345ca0e5dc8341b6dcf6322
subject_adapted,Table V,atten_dsr,VP023,SingLEM,CBraMod,0.82,0.8,0.02,89ed76d166506988f28b3fea3c2128df407bff2bdbe7b0b8d429ffc7b2265696,638fc5c9b29e0919a8fb4ce10eaf0a0c0a1a91d3afd0dec33eb66f770cc4cade
subject_adapted,Table V,atten_dsr,VP024,SingLEM,CBraMod,0.82,0.72,0.1,e7724ef4356edb323bc8e8ab32f3f8c3dfb325bf15eda548f970972b7b3d2759,54e4115c1c904fb75b901c8abd5af3ec0c3fb97056fe4add05bc23206ed58ded
subject_adapted,Table V,atten_dsr,VP025,SingLEM,CBraMod,0.96,0.94,0.02,1acfcd14d6619c312041fe0df74626956d91c0507525fdb3c00954fcac77052e,8bc7c4085197f32c04c6c9034cc141f05606e798ffbe07544283861fc77865d1
subject_adapted,Table V,atten_dsr,VP026,SingLEM,CBraMod,0.86,0.9,-0.04,33e4caf608c72dd957b08bf7317839b4388fcd74417da68db0beaf313aa9f0d8,be7b9037d0f45aeff374a88a9d36151807565b24c796eddde12843349c75fb69
subject_adapted,Table V,atten_dsr,VP001,SingLEM,CodeBrain,0.62,0.62,0.0,69360891a0cacd5d6894cb8d8c09a22dde987e3e080efa1e5e51dab16b97bead,75876e0a471e94b5ebe3c4ba999dd1c3cec4621e0c066e18bf0ad2f4a702d20a
subject_adapted,Table V,atten_dsr,VP002,SingLEM,CodeBrain,0.68,0.72,-0.04,2c032cacd1a632e66d83ae94d2336389d32929fe337a5fa5ca503accfd699036,f7e60a6d0f9dcd3e983ac771b689db6f8655ae58b5afa67e961f7261f5ff76b6
subject_adapted,Table V,atten_dsr,VP003,SingLEM,CodeBrain,0.88,0.7,0.18,6c5b42390293d38f42338e33874a93283d1dfce4e5b8802ee7f956d317b2bae2,5a223bc6d2fa3389229e67f450453d2be278eaa15e0752d61e30a03e053c97b1
subject_adapted,Table V,atten_dsr,VP004,SingLEM,CodeBrain,0.72,0.72,0.0,1ea1e29bdaa23df893cce1a3a3176451d096efe85d97e3a335b90fc9122fcbff,82b44ecb70461d8862c9fe963393833bcc6f12b59aed94e8f87ec4c377887043
subject_adapted,Table V,atten_dsr,VP005,SingLEM,CodeBrain,0.72,0.82,-0.1,74f7b2e6f62741fb3963efaa9dd8936c8fb20b6a1b38fe53fb0901c12a2c5f7f,3161107878e24d546c9225eb97dbae8d4a003fec28615a56ce6722a05939e9fe
subject_adapted,Table V,atten_dsr,VP006,SingLEM,CodeBrain,0.78,0.78,0.0,fa0614c34ecb7126865e7ec0ff558db2fb2f9af24e9741145997ce9120bab331,ab348a61fc5a38042a58166dcee516a96c59aa4e8450ea93b215768c0c37ba8e
subject_adapted,Table V,atten_dsr,VP007,SingLEM,CodeBrain,0.82,0.7,0.12,2b2a61cd4bfe5ab37a2194342a4f90f71a1317b3ba67c07a865b6d39d1e27fc0,3b9efbfcbeecf8cf525b1cdca429b3472569ce7cf5bf6712751cb165910fa4bf
subject_adapted,Table V,atten_dsr,VP008,SingLEM,CodeBrain,0.96,0.94,0.02,c49e19d2eb6fccf937bf96fd5db0c392aa515a92d0f77d07f1bf42d074fda8e1,527508ca5cd2d08d7d0521cdcc60712d3750dd01730f2b16283af9ab9c081061
subject_adapted,Table V,atten_dsr,VP009,SingLEM,CodeBrain,0.94,0.9,0.04,07f895dca2c2ac6b95483bcbdaefb445d866aa66e9c63415d8a65724aef76db9,bcb8590559d0c05c5ad46339d5dff719979cbd1e7f0899955bec8e2d92873a7f
subject_adapted,Table V,atten_dsr,VP010,SingLEM,CodeBrain,0.84,0.74,0.1,0c4a4534c330631db6b0f770c7b3557c338185478aa242c339a4190e10c12e59,c6bdff98bd00fceccbb786197b2ff4e0eb0a349c2e9119872b6d41c3fddef63d
subject_adapted,Table V,atten_dsr,VP011,SingLEM,CodeBrain,0.72,0.68,0.04,024eed48bacf6e354da1af7225a924fe120f8f008f069d60cc687c282826dc43,6c3aae211f429df54bed1408c462cf833f7e575e61b3bbe1d41cc10d5d0ea6e8
subject_adapted,Table V,atten_dsr,VP012,SingLEM,CodeBrain,0.92,0.92,0.0,e87f5e1ee9a024700185ca6fe3ce436b9729b3e056adc9f69c82be9c4bbf383e,5e42e7113557ee6913d6e941a31e29054e9e62e991e7dd703791028dc8ec86f5
subject_adapted,Table V,atten_dsr,VP013,SingLEM,CodeBrain,0.9,0.96,-0.06,1020a76c0249b5ec1eb34fcb4f0049b9ecdaef0c03f2f38e00f67e74903143a9,eb25dfbfbf2ee45478c83ba5a77a8fbb5c88f769b6f01dee7b8809517b3cd1b2
subject_adapted,Table V,atten_dsr,VP014,SingLEM,CodeBrain,0.98,0.98,0.0,435165c9f8eaaf2428fe14a48caf38043bbb33826251ab71444f62c742914017,f2953eddfa434dda30567febe7b2c51d816c720ebf7c722bdc98639be2bb1928
subject_adapted,Table V,atten_dsr,VP015,SingLEM,CodeBrain,0.86,0.84,0.02,d7b9e45c6ba9be3e6101a5a2cc45042862713382c366127754b52eed56b984a5,0ae5ec474aa4e100752ae86a417c0e872ece7d585b5eda158974e7c5c9b7dd5a
subject_adapted,Table V,atten_dsr,VP016,SingLEM,CodeBrain,0.92,0.76,0.16,c47938cab2aaecabe527dbe0b5bf08f5a63dfe51befc5526edc9dcd59c42b97e,fa9ca0f5ab535e51ec58b8e0c74d8f9e40840c4e8b72f737053c605712035770
subject_adapted,Table V,atten_dsr,VP017,SingLEM,CodeBrain,0.84,0.9,-0.06,9f41ad23949e1be603d20c719207cdb04e37ca34212cb8b70ffeada065789952,2df09532a2631feab52bf4143bbda6510abc3709347199f8f894a5bc0bfbaa94
subject_adapted,Table V,atten_dsr,VP018,SingLEM,CodeBrain,0.86,0.9,-0.04,e95f84184b2afc25bf58acc47d2e0eb05588a3d310633b97cc32d36ba86fa842,91970306dac728f6fce2532889418d5e56bf9f692725d4a4891ba7a5cdc86ae7
subject_adapted,Table V,atten_dsr,VP019,SingLEM,CodeBrain,0.84,0.88,-0.04,4da2c830e0f20b8853691896779947cc308218109d5865caa5036ddabccfa971,560558d600a72165b5439944b1f1ab87583e4c991548db2c23b386d989bb49e7
subject_adapted,Table V,atten_dsr,VP020,SingLEM,CodeBrain,0.76,0.9,-0.14,bb6c02f0136416ac638b0df555351ef5c7166458a65c97e7118c136dfda12911,c631214a6067b1befcee2e9a14532868e63dd6c2b7685a709d1f1f6cc048a1dc
subject_adapted,Table V,atten_dsr,VP021,SingLEM,CodeBrain,0.88,0.88,0.0,736610977bb6445efb65b2c042ee55242382dceb69123612f79c399daf21aa1d,12d33585467bccb68366efb69e8debb2883fcd21fd905053b454ade35526f948
subject_adapted,Table V,atten_dsr,VP022,SingLEM,CodeBrain,0.86,0.78,0.08,6c934ca8be4ef0d0976a2c0c354dedb0b5cab93e694152d89380c3dd740d6444,175fe6a837a3ce7e96fff3d51734a906f43593734345ca0e5dc8341b6dcf6322
subject_adapted,Table V,atten_dsr,VP023,SingLEM,CodeBrain,0.82,0.84,-0.02,89ed76d166506988f28b3fea3c2128df407bff2bdbe7b0b8d429ffc7b2265696,638fc5c9b29e0919a8fb4ce10eaf0a0c0a1a91d3afd0dec33eb66f770cc4cade
subject_adapted,Table V,atten_dsr,VP024,SingLEM,CodeBrain,0.82,0.78,0.04,e7724ef4356edb323bc8e8ab32f3f8c3dfb325bf15eda548f970972b7b3d2759,54e4115c1c904fb75b901c8abd5af3ec0c3fb97056fe4add05bc23206ed58ded
subject_adapted,Table V,atten_dsr,VP025,SingLEM,CodeBrain,0.96,0.88,0.08,1acfcd14d6619c312041fe0df74626956d91c0507525fdb3c00954fcac77052e,8bc7c4085197f32c04c6c9034cc141f05606e798ffbe07544283861fc77865d1
subject_adapted,Table V,atten_dsr,VP026,SingLEM,CodeBrain,0.86,0.88,-0.02,33e4caf608c72dd957b08bf7317839b4388fcd74417da68db0beaf313aa9f0d8,be7b9037d0f45aeff374a88a9d36151807565b24c796eddde12843349c75fb69
subject_adapted,Table V,atten_dsr,VP001,SingLEM,CSBrain,0.62,0.52,0.1,69360891a0cacd5d6894cb8d8c09a22dde987e3e080efa1e5e51dab16b97bead,75876e0a471e94b5ebe3c4ba999dd1c3cec4621e0c066e18bf0ad2f4a702d20a
subject_adapted,Table V,atten_dsr,VP002,SingLEM,CSBrain,0.68,0.6,0.08,2c032cacd1a632e66d83ae94d2336389d32929fe337a5fa5ca503accfd699036,f7e60a6d0f9dcd3e983ac771b689db6f8655ae58b5afa67e961f7261f5ff76b6
subject_adapted,Table V,atten_dsr,VP003,SingLEM,CSBrain,0.88,0.64,0.24,6c5b42390293d38f42338e33874a93283d1dfce4e5b8802ee7f956d317b2bae2,5a223bc6d2fa3389229e67f450453d2be278eaa15e0752d61e30a03e053c97b1
subject_adapted,Table V,atten_dsr,VP004,SingLEM,CSBrain,0.72,0.66,0.06,1ea1e29bdaa23df893cce1a3a3176451d096efe85d97e3a335b90fc9122fcbff,82b44ecb70461d8862c9fe963393833bcc6f12b59aed94e8f87ec4c377887043
subject_adapted,Table V,atten_dsr,VP005,SingLEM,CSBrain,0.72,0.74,-0.02,74f7b2e6f62741fb3963efaa9dd8936c8fb20b6a1b38fe53fb0901c12a2c5f7f,3161107878e24d546c9225eb97dbae8d4a003fec28615a56ce6722a05939e9fe
subject_adapted,Table V,atten_dsr,VP006,SingLEM,CSBrain,0.78,0.66,0.12,fa0614c34ecb7126865e7ec0ff558db2fb2f9af24e9741145997ce9120bab331,ab348a61fc5a38042a58166dcee516a96c59aa4e8450ea93b215768c0c37ba8e
subject_adapted,Table V,atten_dsr,VP007,SingLEM,CSBrain,0.82,0.76,0.06,2b2a61cd4bfe5ab37a2194342a4f90f71a1317b3ba67c07a865b6d39d1e27fc0,3b9efbfcbeecf8cf525b1cdca429b3472569ce7cf5bf6712751cb165910fa4bf
subject_adapted,Table V,atten_dsr,VP008,SingLEM,CSBrain,0.96,0.92,0.04,c49e19d2eb6fccf937bf96fd5db0c392aa515a92d0f77d07f1bf42d074fda8e1,527508ca5cd2d08d7d0521cdcc60712d3750dd01730f2b16283af9ab9c081061
subject_adapted,Table V,atten_dsr,VP009,SingLEM,CSBrain,0.94,0.78,0.16,07f895dca2c2ac6b95483bcbdaefb445d866aa66e9c63415d8a65724aef76db9,bcb8590559d0c05c5ad46339d5dff719979cbd1e7f0899955bec8e2d92873a7f
subject_adapted,Table V,atten_dsr,VP010,SingLEM,CSBrain,0.84,0.68,0.16,0c4a4534c330631db6b0f770c7b3557c338185478aa242c339a4190e10c12e59,c6bdff98bd00fceccbb786197b2ff4e0eb0a349c2e9119872b6d41c3fddef63d
subject_adapted,Table V,atten_dsr,VP011,SingLEM,CSBrain,0.72,0.66,0.06,024eed48bacf6e354da1af7225a924fe120f8f008f069d60cc687c282826dc43,6c3aae211f429df54bed1408c462cf833f7e575e61b3bbe1d41cc10d5d0ea6e8
subject_adapted,Table V,atten_dsr,VP012,SingLEM,CSBrain,0.92,0.86,0.06,e87f5e1ee9a024700185ca6fe3ce436b9729b3e056adc9f69c82be9c4bbf383e,5e42e7113557ee6913d6e941a31e29054e9e62e991e7dd703791028dc8ec86f5
subject_adapted,Table V,atten_dsr,VP013,SingLEM,CSBrain,0.9,0.92,-0.02,1020a76c0249b5ec1eb34fcb4f0049b9ecdaef0c03f2f38e00f67e74903143a9,eb25dfbfbf2ee45478c83ba5a77a8fbb5c88f769b6f01dee7b8809517b3cd1b2
subject_adapted,Table V,atten_dsr,VP014,SingLEM,CSBrain,0.98,0.92,0.06,435165c9f8eaaf2428fe14a48caf38043bbb33826251ab71444f62c742914017,f2953eddfa434dda30567febe7b2c51d816c720ebf7c722bdc98639be2bb1928
subject_adapted,Table V,atten_dsr,VP015,SingLEM,CSBrain,0.86,0.8,0.06,d7b9e45c6ba9be3e6101a5a2cc45042862713382c366127754b52eed56b984a5,0ae5ec474aa4e100752ae86a417c0e872ece7d585b5eda158974e7c5c9b7dd5a
subject_adapted,Table V,atten_dsr,VP016,SingLEM,CSBrain,0.92,0.8,0.12,c47938cab2aaecabe527dbe0b5bf08f5a63dfe51befc5526edc9dcd59c42b97e,fa9ca0f5ab535e51ec58b8e0c74d8f9e40840c4e8b72f737053c605712035770
subject_adapted,Table V,atten_dsr,VP017,SingLEM,CSBrain,0.84,0.82,0.02,9f41ad23949e1be603d20c719207cdb04e37ca34212cb8b70ffeada065789952,2df09532a2631feab52bf4143bbda6510abc3709347199f8f894a5bc0bfbaa94
subject_adapted,Table V,atten_dsr,VP018,SingLEM,CSBrain,0.86,0.88,-0.02,e95f84184b2afc25bf58acc47d2e0eb05588a3d310633b97cc32d36ba86fa842,91970306dac728f6fce2532889418d5e56bf9f692725d4a4891ba7a5cdc86ae7
subject_adapted,Table V,atten_dsr,VP019,SingLEM,CSBrain,0.84,0.86,-0.02,4da2c830e0f20b8853691896779947cc308218109d5865caa5036ddabccfa971,560558d600a72165b5439944b1f1ab87583e4c991548db2c23b386d989bb49e7
subject_adapted,Table V,atten_dsr,VP020,SingLEM,CSBrain,0.76,0.76,0.0,bb6c02f0136416ac638b0df555351ef5c7166458a65c97e7118c136dfda12911,c631214a6067b1befcee2e9a14532868e63dd6c2b7685a709d1f1f6cc048a1dc
subject_adapted,Table V,atten_dsr,VP021,SingLEM,CSBrain,0.88,0.8,0.08,736610977bb6445efb65b2c042ee55242382dceb69123612f79c399daf21aa1d,12d33585467bccb68366efb69e8debb2883fcd21fd905053b454ade35526f948
subject_adapted,Table V,atten_dsr,VP022,SingLEM,CSBrain,0.86,0.8,0.06,6c934ca8be4ef0d0976a2c0c354dedb0b5cab93e694152d89380c3dd740d6444,175fe6a837a3ce7e96fff3d51734a906f43593734345ca0e5dc8341b6dcf6322
subject_adapted,Table V,atten_dsr,VP023,SingLEM,CSBrain,0.82,0.7,0.12,89ed76d166506988f28b3fea3c2128df407bff2bdbe7b0b8d429ffc7b2265696,638fc5c9b29e0919a8fb4ce10eaf0a0c0a1a91d3afd0dec33eb66f770cc4cade
subject_adapted,Table V,atten_dsr,VP024,SingLEM,CSBrain,0.82,0.68,0.14,e7724ef4356edb323bc8e8ab32f3f8c3dfb325bf15eda548f970972b7b3d2759,54e4115c1c904fb75b901c8abd5af3ec0c3fb97056fe4add05bc23206ed58ded
subject_adapted,Table V,atten_dsr,VP025,SingLEM,CSBrain,0.96,0.92,0.04,1acfcd14d6619c312041fe0df74626956d91c0507525fdb3c00954fcac77052e,8bc7c4085197f32c04c6c9034cc141f05606e798ffbe07544283861fc77865d1
subject_adapted,Table V,atten_dsr,VP026,SingLEM,CSBrain,0.86,0.8,0.06,33e4caf608c72dd957b08bf7317839b4388fcd74417da68db0beaf313aa9f0d8,be7b9037d0f45aeff374a88a9d36151807565b24c796eddde12843349c75fb69
subject_adapted,Table V,atten_dsr,VP001,SingLEM,LUNA,0.62,0.64,-0.02,69360891a0cacd5d6894cb8d8c09a22dde987e3e080efa1e5e51dab16b97bead,75876e0a471e94b5ebe3c4ba999dd1c3cec4621e0c066e18bf0ad2f4a702d20a
subject_adapted,Table V,atten_dsr,VP002,SingLEM,LUNA,0.68,0.64,0.04,2c032cacd1a632e66d83ae94d2336389d32929fe337a5fa5ca503accfd699036,f7e60a6d0f9dcd3e983ac771b689db6f8655ae58b5afa67e961f7261f5ff76b6
subject_adapted,Table V,atten_dsr,VP003,SingLEM,LUNA,0.88,0.5,0.38,6c5b42390293d38f42338e33874a93283d1dfce4e5b8802ee7f956d317b2bae2,5a223bc6d2fa3389229e67f450453d2be278eaa15e0752d61e30a03e053c97b1
subject_adapted,Table V,atten_dsr,VP004,SingLEM,LUNA,0.72,0.52,0.2,1ea1e29bdaa23df893cce1a3a3176451d096efe85d97e3a335b90fc9122fcbff,82b44ecb70461d8862c9fe963393833bcc6f12b59aed94e8f87ec4c377887043
subject_adapted,Table V,atten_dsr,VP005,SingLEM,LUNA,0.72,0.68,0.04,74f7b2e6f62741fb3963efaa9dd8936c8fb20b6a1b38fe53fb0901c12a2c5f7f,3161107878e24d546c9225eb97dbae8d4a003fec28615a56ce6722a05939e9fe
subject_adapted,Table V,atten_dsr,VP006,SingLEM,LUNA,0.78,0.64,0.14,fa0614c34ecb7126865e7ec0ff558db2fb2f9af24e9741145997ce9120bab331,ab348a61fc5a38042a58166dcee516a96c59aa4e8450ea93b215768c0c37ba8e
subject_adapted,Table V,atten_dsr,VP007,SingLEM,LUNA,0.82,0.48,0.34,2b2a61cd4bfe5ab37a2194342a4f90f71a1317b3ba67c07a865b6d39d1e27fc0,3b9efbfcbeecf8cf525b1cdca429b3472569ce7cf5bf6712751cb165910fa4bf
subject_adapted,Table V,atten_dsr,VP008,SingLEM,LUNA,0.96,0.8,0.16,c49e19d2eb6fccf937bf96fd5db0c392aa515a92d0f77d07f1bf42d074fda8e1,527508ca5cd2d08d7d0521cdcc60712d3750dd01730f2b16283af9ab9c081061
subject_adapted,Table V,atten_dsr,VP009,SingLEM,LUNA,0.94,0.64,0.3,07f895dca2c2ac6b95483bcbdaefb445d866aa66e9c63415d8a65724aef76db9,bcb8590559d0c05c5ad46339d5dff719979cbd1e7f0899955bec8e2d92873a7f
subject_adapted,Table V,atten_dsr,VP010,SingLEM,LUNA,0.84,0.5,0.34,0c4a4534c330631db6b0f770c7b3557c338185478aa242c339a4190e10c12e59,c6bdff98bd00fceccbb786197b2ff4e0eb0a349c2e9119872b6d41c3fddef63d
subject_adapted,Table V,atten_dsr,VP011,SingLEM,LUNA,0.72,0.62,0.1,024eed48bacf6e354da1af7225a924fe120f8f008f069d60cc687c282826dc43,6c3aae211f429df54bed1408c462cf833f7e575e61b3bbe1d41cc10d5d0ea6e8
subject_adapted,Table V,atten_dsr,VP012,SingLEM,LUNA,0.92,0.72,0.2,e87f5e1ee9a024700185ca6fe3ce436b9729b3e056adc9f69c82be9c4bbf383e,5e42e7113557ee6913d6e941a31e29054e9e62e991e7dd703791028dc8ec86f5
subject_adapted,Table V,atten_dsr,VP013,SingLEM,LUNA,0.9,0.74,0.16,1020a76c0249b5ec1eb34fcb4f0049b9ecdaef0c03f2f38e00f67e74903143a9,eb25dfbfbf2ee45478c83ba5a77a8fbb5c88f769b6f01dee7b8809517b3cd1b2
subject_adapted,Table V,atten_dsr,VP014,SingLEM,LUNA,0.98,0.76,0.22,435165c9f8eaaf2428fe14a48caf38043bbb33826251ab71444f62c742914017,f2953eddfa434dda30567febe7b2c51d816c720ebf7c722bdc98639be2bb1928
subject_adapted,Table V,atten_dsr,VP015,SingLEM,LUNA,0.86,0.72,0.14,d7b9e45c6ba9be3e6101a5a2cc45042862713382c366127754b52eed56b984a5,0ae5ec474aa4e100752ae86a417c0e872ece7d585b5eda158974e7c5c9b7dd5a
subject_adapted,Table V,atten_dsr,VP016,SingLEM,LUNA,0.92,0.52,0.4,c47938cab2aaecabe527dbe0b5bf08f5a63dfe51befc5526edc9dcd59c42b97e,fa9ca0f5ab535e51ec58b8e0c74d8f9e40840c4e8b72f737053c605712035770
subject_adapted,Table V,atten_dsr,VP017,SingLEM,LUNA,0.84,0.72,0.12,9f41ad23949e1be603d20c719207cdb04e37ca34212cb8b70ffeada065789952,2df09532a2631feab52bf4143bbda6510abc3709347199f8f894a5bc0bfbaa94
subject_adapted,Table V,atten_dsr,VP018,SingLEM,LUNA,0.86,0.62,0.24,e95f84184b2afc25bf58acc47d2e0eb05588a3d310633b97cc32d36ba86fa842,91970306dac728f6fce2532889418d5e56bf9f692725d4a4891ba7a5cdc86ae7
subject_adapted,Table V,atten_dsr,VP019,SingLEM,LUNA,0.84,0.8,0.04,4da2c830e0f20b8853691896779947cc308218109d5865caa5036ddabccfa971,560558d600a72165b5439944b1f1ab87583e4c991548db2c23b386d989bb49e7
subject_adapted,Table V,atten_dsr,VP020,SingLEM,LUNA,0.76,0.76,0.0,bb6c02f0136416ac638b0df555351ef5c7166458a65c97e7118c136dfda12911,c631214a6067b1befcee2e9a14532868e63dd6c2b7685a709d1f1f6cc048a1dc
subject_adapted,Table V,atten_dsr,VP021,SingLEM,LUNA,0.88,0.66,0.22,736610977bb6445efb65b2c042ee55242382dceb69123612f79c399daf21aa1d,12d33585467bccb68366efb69e8debb2883fcd21fd905053b454ade35526f948
subject_adapted,Table V,atten_dsr,VP022,SingLEM,LUNA,0.86,0.48,0.38,6c934ca8be4ef0d0976a2c0c354dedb0b5cab93e694152d89380c3dd740d6444,175fe6a837a3ce7e96fff3d51734a906f43593734345ca0e5dc8341b6dcf6322
subject_adapted,Table V,atten_dsr,VP023,SingLEM,LUNA,0.82,0.56,0.26,89ed76d166506988f28b3fea3c2128df407bff2bdbe7b0b8d429ffc7b2265696,638fc5c9b29e0919a8fb4ce10eaf0a0c0a1a91d3afd0dec33eb66f770cc4cade
subject_adapted,Table V,atten_dsr,VP024,SingLEM,LUNA,0.82,0.58,0.24,e7724ef4356edb323bc8e8ab32f3f8c3dfb325bf15eda548f970972b7b3d2759,54e4115c1c904fb75b901c8abd5af3ec0c3fb97056fe4add05bc23206ed58ded
subject_adapted,Table V,atten_dsr,VP025,SingLEM,LUNA,0.96,0.78,0.18,1acfcd14d6619c312041fe0df74626956d91c0507525fdb3c00954fcac77052e,8bc7c4085197f32c04c6c9034cc141f05606e798ffbe07544283861fc77865d1
subject_adapted,Table V,atten_dsr,VP026,SingLEM,LUNA,0.86,0.74,0.12,33e4caf608c72dd957b08bf7317839b4388fcd74417da68db0beaf313aa9f0d8,be7b9037d0f45aeff374a88a9d36151807565b24c796eddde12843349c75fb69
subject_adapted,Table V,atten_dsr,VP001,SingLEM,CSP,0.62,0.56,0.06,69360891a0cacd5d6894cb8d8c09a22dde987e3e080efa1e5e51dab16b97bead,75876e0a471e94b5ebe3c4ba999dd1c3cec4621e0c066e18bf0ad2f4a702d20a
subject_adapted,Table V,atten_dsr,VP002,SingLEM,CSP,0.68,0.5,0.18,2c032cacd1a632e66d83ae94d2336389d32929fe337a5fa5ca503accfd699036,f7e60a6d0f9dcd3e983ac771b689db6f8655ae58b5afa67e961f7261f5ff76b6
subject_adapted,Table V,atten_dsr,VP003,SingLEM,CSP,0.88,0.66,0.22,6c5b42390293d38f42338e33874a93283d1dfce4e5b8802ee7f956d317b2bae2,5a223bc6d2fa3389229e67f450453d2be278eaa15e0752d61e30a03e053c97b1
subject_adapted,Table V,atten_dsr,VP004,SingLEM,CSP,0.72,0.58,0.14,1ea1e29bdaa23df893cce1a3a3176451d096efe85d97e3a335b90fc9122fcbff,82b44ecb70461d8862c9fe963393833bcc6f12b59aed94e8f87ec4c377887043
subject_adapted,Table V,atten_dsr,VP005,SingLEM,CSP,0.72,0.58,0.14,74f7b2e6f62741fb3963efaa9dd8936c8fb20b6a1b38fe53fb0901c12a2c5f7f,3161107878e24d546c9225eb97dbae8d4a003fec28615a56ce6722a05939e9fe
subject_adapted,Table V,atten_dsr,VP006,SingLEM,CSP,0.78,0.6,0.18,fa0614c34ecb7126865e7ec0ff558db2fb2f9af24e9741145997ce9120bab331,ab348a61fc5a38042a58166dcee516a96c59aa4e8450ea93b215768c0c37ba8e
subject_adapted,Table V,atten_dsr,VP007,SingLEM,CSP,0.82,0.52,0.3,2b2a61cd4bfe5ab37a2194342a4f90f71a1317b3ba67c07a865b6d39d1e27fc0,3b9efbfcbeecf8cf525b1cdca429b3472569ce7cf5bf6712751cb165910fa4bf
subject_adapted,Table V,atten_dsr,VP008,SingLEM,CSP,0.96,0.6,0.36,c49e19d2eb6fccf937bf96fd5db0c392aa515a92d0f77d07f1bf42d074fda8e1,527508ca5cd2d08d7d0521cdcc60712d3750dd01730f2b16283af9ab9c081061
subject_adapted,Table V,atten_dsr,VP009,SingLEM,CSP,0.94,0.52,0.42,07f895dca2c2ac6b95483bcbdaefb445d866aa66e9c63415d8a65724aef76db9,bcb8590559d0c05c5ad46339d5dff719979cbd1e7f0899955bec8e2d92873a7f
subject_adapted,Table V,atten_dsr,VP010,SingLEM,CSP,0.84,0.7,0.14,0c4a4534c330631db6b0f770c7b3557c338185478aa242c339a4190e10c12e59,c6bdff98bd00fceccbb786197b2ff4e0eb0a349c2e9119872b6d41c3fddef63d
subject_adapted,Table V,atten_dsr,VP011,SingLEM,CSP,0.72,0.5,0.22,024eed48bacf6e354da1af7225a924fe120f8f008f069d60cc687c282826dc43,6c3aae211f429df54bed1408c462cf833f7e575e61b3bbe1d41cc10d5d0ea6e8
subject_adapted,Table V,atten_dsr,VP012,SingLEM,CSP,0.92,0.5,0.42,e87f5e1ee9a024700185ca6fe3ce436b9729b3e056adc9f69c82be9c4bbf383e,5e42e7113557ee6913d6e941a31e29054e9e62e991e7dd703791028dc8ec86f5
subject_adapted,Table V,atten_dsr,VP013,SingLEM,CSP,0.9,0.54,0.36,1020a76c0249b5ec1eb34fcb4f0049b9ecdaef0c03f2f38e00f67e74903143a9,eb25dfbfbf2ee45478c83ba5a77a8fbb5c88f769b6f01dee7b8809517b3cd1b2
subject_adapted,Table V,atten_dsr,VP014,SingLEM,CSP,0.98,0.64,0.34,435165c9f8eaaf2428fe14a48caf38043bbb33826251ab71444f62c742914017,f2953eddfa434dda30567febe7b2c51d816c720ebf7c722bdc98639be2bb1928
subject_adapted,Table V,atten_dsr,VP015,SingLEM,CSP,0.86,0.66,0.2,d7b9e45c6ba9be3e6101a5a2cc45042862713382c366127754b52eed56b984a5,0ae5ec474aa4e100752ae86a417c0e872ece7d585b5eda158974e7c5c9b7dd5a
subject_adapted,Table V,atten_dsr,VP016,SingLEM,CSP,0.92,0.5,0.42,c47938cab2aaecabe527dbe0b5bf08f5a63dfe51befc5526edc9dcd59c42b97e,fa9ca0f5ab535e51ec58b8e0c74d8f9e40840c4e8b72f737053c605712035770
subject_adapted,Table V,atten_dsr,VP017,SingLEM,CSP,0.84,0.84,0.0,9f41ad23949e1be603d20c719207cdb04e37ca34212cb8b70ffeada065789952,2df09532a2631feab52bf4143bbda6510abc3709347199f8f894a5bc0bfbaa94
subject_adapted,Table V,atten_dsr,VP018,SingLEM,CSP,0.86,0.5,0.36,e95f84184b2afc25bf58acc47d2e0eb05588a3d310633b97cc32d36ba86fa842,91970306dac728f6fce2532889418d5e56bf9f692725d4a4891ba7a5cdc86ae7
subject_adapted,Table V,atten_dsr,VP019,SingLEM,CSP,0.84,0.56,0.28,4da2c830e0f20b8853691896779947cc308218109d5865caa5036ddabccfa971,560558d600a72165b5439944b1f1ab87583e4c991548db2c23b386d989bb49e7
subject_adapted,Table V,atten_dsr,VP020,SingLEM,CSP,0.76,0.5,0.26,bb6c02f0136416ac638b0df555351ef5c7166458a65c97e7118c136dfda12911,c631214a6067b1befcee2e9a14532868e63dd6c2b7685a709d1f1f6cc048a1dc
subject_adapted,Table V,atten_dsr,VP021,SingLEM,CSP,0.88,0.5,0.38,736610977bb6445efb65b2c042ee55242382dceb69123612f79c399daf21aa1d,12d33585467bccb68366efb69e8debb2883fcd21fd905053b454ade35526f948
subject_adapted,Table V,atten_dsr,VP022,SingLEM,CSP,0.86,0.54,0.32,6c934ca8be4ef0d0976a2c0c354dedb0b5cab93e694152d89380c3dd740d6444,175fe6a837a3ce7e96fff3d51734a906f43593734345ca0e5dc8341b6dcf6322
subject_adapted,Table V,atten_dsr,VP023,SingLEM,CSP,0.82,0.68,0.14,89ed76d166506988f28b3fea3c2128df407bff2bdbe7b0b8d429ffc7b2265696,638fc5c9b29e0919a8fb4ce10eaf0a0c0a1a91d3afd0dec33eb66f770cc4cade
subject_adapted,Table V,atten_dsr,VP024,SingLEM,CSP,0.82,0.5,0.32,e7724ef4356edb323bc8e8ab32f3f8c3dfb325bf15eda548f970972b7b3d2759,54e4115c1c904fb75b901c8abd5af3ec0c3fb97056fe4add05bc23206ed58ded
subject_adapted,Table V,atten_dsr,VP025,SingLEM,CSP,0.96,0.8,0.16,1acfcd14d6619c312041fe0df74626956d91c0507525fdb3c00954fcac77052e,8bc7c4085197f32c04c6c9034cc141f05606e798ffbe07544283861fc77865d1
subject_adapted,Table V,atten_dsr,VP026,SingLEM,CSP,0.86,0.68,0.18,33e4caf608c72dd957b08bf7317839b4388fcd74417da68db0beaf313aa9f0d8,be7b9037d0f45aeff374a88a9d36151807565b24c796eddde12843349c75fb69
subject_adapted,Table V,atten_dsr,VP001,SingLEM,Welch PSD,0.62,0.74,-0.12,69360891a0cacd5d6894cb8d8c09a22dde987e3e080efa1e5e51dab16b97bead,75876e0a471e94b5ebe3c4ba999dd1c3cec4621e0c066e18bf0ad2f4a702d20a
subject_adapted,Table V,atten_dsr,VP002,SingLEM,Welch PSD,0.68,0.68,0.0,2c032cacd1a632e66d83ae94d2336389d32929fe337a5fa5ca503accfd699036,f7e60a6d0f9dcd3e983ac771b689db6f8655ae58b5afa67e961f7261f5ff76b6
subject_adapted,Table V,atten_dsr,VP003,SingLEM,Welch PSD,0.88,0.78,0.1,6c5b42390293d38f42338e33874a93283d1dfce4e5b8802ee7f956d317b2bae2,5a223bc6d2fa3389229e67f450453d2be278eaa15e0752d61e30a03e053c97b1
subject_adapted,Table V,atten_dsr,VP004,SingLEM,Welch PSD,0.72,0.52,0.2,1ea1e29bdaa23df893cce1a3a3176451d096efe85d97e3a335b90fc9122fcbff,82b44ecb70461d8862c9fe963393833bcc6f12b59aed94e8f87ec4c377887043
subject_adapted,Table V,atten_dsr,VP005,SingLEM,Welch PSD,0.72,0.82,-0.1,74f7b2e6f62741fb3963efaa9dd8936c8fb20b6a1b38fe53fb0901c12a2c5f7f,3161107878e24d546c9225eb97dbae8d4a003fec28615a56ce6722a05939e9fe
subject_adapted,Table V,atten_dsr,VP006,SingLEM,Welch PSD,0.78,0.62,0.16,fa0614c34ecb7126865e7ec0ff558db2fb2f9af24e9741145997ce9120bab331,ab348a61fc5a38042a58166dcee516a96c59aa4e8450ea93b215768c0c37ba8e
subject_adapted,Table V,atten_dsr,VP007,SingLEM,Welch PSD,0.82,0.64,0.18,2b2a61cd4bfe5ab37a2194342a4f90f71a1317b3ba67c07a865b6d39d1e27fc0,3b9efbfcbeecf8cf525b1cdca429b3472569ce7cf5bf6712751cb165910fa4bf
subject_adapted,Table V,atten_dsr,VP008,SingLEM,Welch PSD,0.96,0.8,0.16,c49e19d2eb6fccf937bf96fd5db0c392aa515a92d0f77d07f1bf42d074fda8e1,527508ca5cd2d08d7d0521cdcc60712d3750dd01730f2b16283af9ab9c081061
subject_adapted,Table V,atten_dsr,VP009,SingLEM,Welch PSD,0.94,0.5,0.44,07f895dca2c2ac6b95483bcbdaefb445d866aa66e9c63415d8a65724aef76db9,bcb8590559d0c05c5ad46339d5dff719979cbd1e7f0899955bec8e2d92873a7f
subject_adapted,Table V,atten_dsr,VP010,SingLEM,Welch PSD,0.84,0.66,0.18,0c4a4534c330631db6b0f770c7b3557c338185478aa242c339a4190e10c12e59,c6bdff98bd00fceccbb786197b2ff4e0eb0a349c2e9119872b6d41c3fddef63d
subject_adapted,Table V,atten_dsr,VP011,SingLEM,Welch PSD,0.72,0.58,0.14,024eed48bacf6e354da1af7225a924fe120f8f008f069d60cc687c282826dc43,6c3aae211f429df54bed1408c462cf833f7e575e61b3bbe1d41cc10d5d0ea6e8
subject_adapted,Table V,atten_dsr,VP012,SingLEM,Welch PSD,0.92,0.84,0.08,e87f5e1ee9a024700185ca6fe3ce436b9729b3e056adc9f69c82be9c4bbf383e,5e42e7113557ee6913d6e941a31e29054e9e62e991e7dd703791028dc8ec86f5
subject_adapted,Table V,atten_dsr,VP013,SingLEM,Welch PSD,0.9,0.78,0.12,1020a76c0249b5ec1eb34fcb4f0049b9ecdaef0c03f2f38e00f67e74903143a9,eb25dfbfbf2ee45478c83ba5a77a8fbb5c88f769b6f01dee7b8809517b3cd1b2
subject_adapted,Table V,atten_dsr,VP014,SingLEM,Welch PSD,0.98,0.68,0.3,435165c9f8eaaf2428fe14a48caf38043bbb33826251ab71444f62c742914017,f2953eddfa434dda30567febe7b2c51d816c720ebf7c722bdc98639be2bb1928
subject_adapted,Table V,atten_dsr,VP015,SingLEM,Welch PSD,0.86,0.68,0.18,d7b9e45c6ba9be3e6101a5a2cc45042862713382c366127754b52eed56b984a5,0ae5ec474aa4e100752ae86a417c0e872ece7d585b5eda158974e7c5c9b7dd5a
subject_adapted,Table V,atten_dsr,VP016,SingLEM,Welch PSD,0.92,0.62,0.3,c47938cab2aaecabe527dbe0b5bf08f5a63dfe51befc5526edc9dcd59c42b97e,fa9ca0f5ab535e51ec58b8e0c74d8f9e40840c4e8b72f737053c605712035770
subject_adapted,Table V,atten_dsr,VP017,SingLEM,Welch PSD,0.84,0.78,0.06,9f41ad23949e1be603d20c719207cdb04e37ca34212cb8b70ffeada065789952,2df09532a2631feab52bf4143bbda6510abc3709347199f8f894a5bc0bfbaa94
subject_adapted,Table V,atten_dsr,VP018,SingLEM,Welch PSD,0.86,0.64,0.22,e95f84184b2afc25bf58acc47d2e0eb05588a3d310633b97cc32d36ba86fa842,91970306dac728f6fce2532889418d5e56bf9f692725d4a4891ba7a5cdc86ae7
subject_adapted,Table V,atten_dsr,VP019,SingLEM,Welch PSD,0.84,0.74,0.1,4da2c830e0f20b8853691896779947cc308218109d5865caa5036ddabccfa971,560558d600a72165b5439944b1f1ab87583e4c991548db2c23b386d989bb49e7
subject_adapted,Table V,atten_dsr,VP020,SingLEM,Welch PSD,0.76,0.76,0.0,bb6c02f0136416ac638b0df555351ef5c7166458a65c97e7118c136dfda12911,c631214a6067b1befcee2e9a14532868e63dd6c2b7685a709d1f1f6cc048a1dc
subject_adapted,Table V,atten_dsr,VP021,SingLEM,Welch PSD,0.88,0.68,0.2,736610977bb6445efb65b2c042ee55242382dceb69123612f79c399daf21aa1d,12d33585467bccb68366efb69e8debb2883fcd21fd905053b454ade35526f948
subject_adapted,Table V,atten_dsr,VP022,SingLEM,Welch PSD,0.86,0.54,0.32,6c934ca8be4ef0d0976a2c0c354dedb0b5cab93e694152d89380c3dd740d6444,175fe6a837a3ce7e96fff3d51734a906f43593734345ca0e5dc8341b6dcf6322
subject_adapted,Table V,atten_dsr,VP023,SingLEM,Welch PSD,0.82,0.74,0.08,89ed76d166506988f28b3fea3c2128df407bff2bdbe7b0b8d429ffc7b2265696,638fc5c9b29e0919a8fb4ce10eaf0a0c0a1a91d3afd0dec33eb66f770cc4cade
subject_adapted,Table V,atten_dsr,VP024,SingLEM,Welch PSD,0.82,0.74,0.08,e7724ef4356edb323bc8e8ab32f3f8c3dfb325bf15eda548f970972b7b3d2759,54e4115c1c904fb75b901c8abd5af3ec0c3fb97056fe4add05bc23206ed58ded
subject_adapted,Table V,atten_dsr,VP025,SingLEM,Welch PSD,0.96,0.78,0.18,1acfcd14d6619c312041fe0df74626956d91c0507525fdb3c00954fcac77052e,8bc7c4085197f32c04c6c9034cc141f05606e798ffbe07544283861fc77865d1
subject_adapted,Table V,atten_dsr,VP026,SingLEM,Welch PSD,0.86,0.8,0.06,33e4caf608c72dd957b08bf7317839b4388fcd74417da68db0beaf313aa9f0d8,be7b9037d0f45aeff374a88a9d36151807565b24c796eddde12843349c75fb69
subject_adapted,Table V,atten_dsr,VP001,SingLEM,EEGNet,0.62,0.56,0.06,69360891a0cacd5d6894cb8d8c09a22dde987e3e080efa1e5e51dab16b97bead,75876e0a471e94b5ebe3c4ba999dd1c3cec4621e0c066e18bf0ad2f4a702d20a
subject_adapted,Table V,atten_dsr,VP002,SingLEM,EEGNet,0.68,0.66,0.02,2c032cacd1a632e66d83ae94d2336389d32929fe337a5fa5ca503accfd699036,f7e60a6d0f9dcd3e983ac771b689db6f8655ae58b5afa67e961f7261f5ff76b6
subject_adapted,Table V,atten_dsr,VP003,SingLEM,EEGNet,0.88,0.76,0.12,6c5b42390293d38f42338e33874a93283d1dfce4e5b8802ee7f956d317b2bae2,5a223bc6d2fa3389229e67f450453d2be278eaa15e0752d61e30a03e053c97b1
subject_adapted,Table V,atten_dsr,VP004,SingLEM,EEGNet,0.72,0.64,0.08,1ea1e29bdaa23df893cce1a3a3176451d096efe85d97e3a335b90fc9122fcbff,82b44ecb70461d8862c9fe963393833bcc6f12b59aed94e8f87ec4c377887043
subject_adapted,Table V,atten_dsr,VP005,SingLEM,EEGNet,0.72,0.78,-0.06,74f7b2e6f62741fb3963efaa9dd8936c8fb20b6a1b38fe53fb0901c12a2c5f7f,3161107878e24d546c9225eb97dbae8d4a003fec28615a56ce6722a05939e9fe
subject_adapted,Table V,atten_dsr,VP006,SingLEM,EEGNet,0.78,0.62,0.16,fa0614c34ecb7126865e7ec0ff558db2fb2f9af24e9741145997ce9120bab331,ab348a61fc5a38042a58166dcee516a96c59aa4e8450ea93b215768c0c37ba8e
subject_adapted,Table V,atten_dsr,VP007,SingLEM,EEGNet,0.82,0.72,0.1,2b2a61cd4bfe5ab37a2194342a4f90f71a1317b3ba67c07a865b6d39d1e27fc0,3b9efbfcbeecf8cf525b1cdca429b3472569ce7cf5bf6712751cb165910fa4bf
subject_adapted,Table V,atten_dsr,VP008,SingLEM,EEGNet,0.96,0.92,0.04,c49e19d2eb6fccf937bf96fd5db0c392aa515a92d0f77d07f1bf42d074fda8e1,527508ca5cd2d08d7d0521cdcc60712d3750dd01730f2b16283af9ab9c081061
subject_adapted,Table V,atten_dsr,VP009,SingLEM,EEGNet,0.94,0.78,0.16,07f895dca2c2ac6b95483bcbdaefb445d866aa66e9c63415d8a65724aef76db9,bcb8590559d0c05c5ad46339d5dff719979cbd1e7f0899955bec8e2d92873a7f
subject_adapted,Table V,atten_dsr,VP010,SingLEM,EEGNet,0.84,0.72,0.12,0c4a4534c330631db6b0f770c7b3557c338185478aa242c339a4190e10c12e59,c6bdff98bd00fceccbb786197b2ff4e0eb0a349c2e9119872b6d41c3fddef63d
subject_adapted,Table V,atten_dsr,VP011,SingLEM,EEGNet,0.72,0.62,0.1,024eed48bacf6e354da1af7225a924fe120f8f008f069d60cc687c282826dc43,6c3aae211f429df54bed1408c462cf833f7e575e61b3bbe1d41cc10d5d0ea6e8
subject_adapted,Table V,atten_dsr,VP012,SingLEM,EEGNet,0.92,0.86,0.06,e87f5e1ee9a024700185ca6fe3ce436b9729b3e056adc9f69c82be9c4bbf383e,5e42e7113557ee6913d6e941a31e29054e9e62e991e7dd703791028dc8ec86f5
subject_adapted,Table V,atten_dsr,VP013,SingLEM,EEGNet,0.9,0.96,-0.06,1020a76c0249b5ec1eb34fcb4f0049b9ecdaef0c03f2f38e00f67e74903143a9,eb25dfbfbf2ee45478c83ba5a77a8fbb5c88f769b6f01dee7b8809517b3cd1b2
subject_adapted,Table V,atten_dsr,VP014,SingLEM,EEGNet,0.98,0.9,0.08,435165c9f8eaaf2428fe14a48caf38043bbb33826251ab71444f62c742914017,f2953eddfa434dda30567febe7b2c51d816c720ebf7c722bdc98639be2bb1928
subject_adapted,Table V,atten_dsr,VP015,SingLEM,EEGNet,0.86,0.82,0.04,d7b9e45c6ba9be3e6101a5a2cc45042862713382c366127754b52eed56b984a5,0ae5ec474aa4e100752ae86a417c0e872ece7d585b5eda158974e7c5c9b7dd5a
subject_adapted,Table V,atten_dsr,VP016,SingLEM,EEGNet,0.92,0.8,0.12,c47938cab2aaecabe527dbe0b5bf08f5a63dfe51befc5526edc9dcd59c42b97e,fa9ca0f5ab535e51ec58b8e0c74d8f9e40840c4e8b72f737053c605712035770
subject_adapted,Table V,atten_dsr,VP017,SingLEM,EEGNet,0.84,0.7,0.14,9f41ad23949e1be603d20c719207cdb04e37ca34212cb8b70ffeada065789952,2df09532a2631feab52bf4143bbda6510abc3709347199f8f894a5bc0bfbaa94
subject_adapted,Table V,atten_dsr,VP018,SingLEM,EEGNet,0.86,0.92,-0.06,e95f84184b2afc25bf58acc47d2e0eb05588a3d310633b97cc32d36ba86fa842,91970306dac728f6fce2532889418d5e56bf9f692725d4a4891ba7a5cdc86ae7
subject_adapted,Table V,atten_dsr,VP019,SingLEM,EEGNet,0.84,0.82,0.02,4da2c830e0f20b8853691896779947cc308218109d5865caa5036ddabccfa971,560558d600a72165b5439944b1f1ab87583e4c991548db2c23b386d989bb49e7
subject_adapted,Table V,atten_dsr,VP020,SingLEM,EEGNet,0.76,0.86,-0.1,bb6c02f0136416ac638b0df555351ef5c7166458a65c97e7118c136dfda12911,c631214a6067b1befcee2e9a14532868e63dd6c2b7685a709d1f1f6cc048a1dc
subject_adapted,Table V,atten_dsr,VP021,SingLEM,EEGNet,0.88,0.86,0.02,736610977bb6445efb65b2c042ee55242382dceb69123612f79c399daf21aa1d,12d33585467bccb68366efb69e8debb2883fcd21fd905053b454ade35526f948
subject_adapted,Table V,atten_dsr,VP022,SingLEM,EEGNet,0.86,0.62,0.24,6c934ca8be4ef0d0976a2c0c354dedb0b5cab93e694152d89380c3dd740d6444,175fe6a837a3ce7e96fff3d51734a906f43593734345ca0e5dc8341b6dcf6322
subject_adapted,Table V,atten_dsr,VP023,SingLEM,EEGNet,0.82,0.78,0.04,89ed76d166506988f28b3fea3c2128df407bff2bdbe7b0b8d429ffc7b2265696,638fc5c9b29e0919a8fb4ce10eaf0a0c0a1a91d3afd0dec33eb66f770cc4cade
subject_adapted,Table V,atten_dsr,VP024,SingLEM,EEGNet,0.82,0.82,0.0,e7724ef4356edb323bc8e8ab32f3f8c3dfb325bf15eda548f970972b7b3d2759,54e4115c1c904fb75b901c8abd5af3ec0c3fb97056fe4add05bc23206ed58ded
subject_adapted,Table V,atten_dsr,VP025,SingLEM,EEGNet,0.96,0.92,0.04,1acfcd14d6619c312041fe0df74626956d91c0507525fdb3c00954fcac77052e,8bc7c4085197f32c04c6c9034cc141f05606e798ffbe07544283861fc77865d1
subject_adapted,Table V,atten_dsr,VP026,SingLEM,EEGNet,0.86,0.8,0.06,33e4caf608c72dd957b08bf7317839b4388fcd74417da68db0beaf313aa9f0d8,be7b9037d0f45aeff374a88a9d36151807565b24c796eddde12843349c75fb69
subject_adapted,Table V,atten_dsr,VP001,SingLEM,EEGConformer,0.62,0.9,-0.28,69360891a0cacd5d6894cb8d8c09a22dde987e3e080efa1e5e51dab16b97bead,75876e0a471e94b5ebe3c4ba999dd1c3cec4621e0c066e18bf0ad2f4a702d20a
subject_adapted,Table V,atten_dsr,VP002,SingLEM,EEGConformer,0.68,0.8,-0.12,2c032cacd1a632e66d83ae94d2336389d32929fe337a5fa5ca503accfd699036,f7e60a6d0f9dcd3e983ac771b689db6f8655ae58b5afa67e961f7261f5ff76b6
subject_adapted,Table V,atten_dsr,VP003,SingLEM,EEGConformer,0.88,0.72,0.16,6c5b42390293d38f42338e33874a93283d1dfce4e5b8802ee7f956d317b2bae2,5a223bc6d2fa3389229e67f450453d2be278eaa15e0752d61e30a03e053c97b1
subject_adapted,Table V,atten_dsr,VP004,SingLEM,EEGConformer,0.72,0.88,-0.16,1ea1e29bdaa23df893cce1a3a3176451d096efe85d97e3a335b90fc9122fcbff,82b44ecb70461d8862c9fe963393833bcc6f12b59aed94e8f87ec4c377887043
subject_adapted,Table V,atten_dsr,VP005,SingLEM,EEGConformer,0.72,0.7,0.02,74f7b2e6f62741fb3963efaa9dd8936c8fb20b6a1b38fe53fb0901c12a2c5f7f,3161107878e24d546c9225eb97dbae8d4a003fec28615a56ce6722a05939e9fe
subject_adapted,Table V,atten_dsr,VP006,SingLEM,EEGConformer,0.78,0.72,0.06,fa0614c34ecb7126865e7ec0ff558db2fb2f9af24e9741145997ce9120bab331,ab348a61fc5a38042a58166dcee516a96c59aa4e8450ea93b215768c0c37ba8e
subject_adapted,Table V,atten_dsr,VP007,SingLEM,EEGConformer,0.82,0.8,0.02,2b2a61cd4bfe5ab37a2194342a4f90f71a1317b3ba67c07a865b6d39d1e27fc0,3b9efbfcbeecf8cf525b1cdca429b3472569ce7cf5bf6712751cb165910fa4bf
subject_adapted,Table V,atten_dsr,VP008,SingLEM,EEGConformer,0.96,0.9,0.06,c49e19d2eb6fccf937bf96fd5db0c392aa515a92d0f77d07f1bf42d074fda8e1,527508ca5cd2d08d7d0521cdcc60712d3750dd01730f2b16283af9ab9c081061
subject_adapted,Table V,atten_dsr,VP009,SingLEM,EEGConformer,0.94,0.8,0.14,07f895dca2c2ac6b95483bcbdaefb445d866aa66e9c63415d8a65724aef76db9,bcb8590559d0c05c5ad46339d5dff719979cbd1e7f0899955bec8e2d92873a7f
subject_adapted,Table V,atten_dsr,VP010,SingLEM,EEGConformer,0.84,0.64,0.2,0c4a4534c330631db6b0f770c7b3557c338185478aa242c339a4190e10c12e59,c6bdff98bd00fceccbb786197b2ff4e0eb0a349c2e9119872b6d41c3fddef63d
subject_adapted,Table V,atten_dsr,VP011,SingLEM,EEGConformer,0.72,0.74,-0.02,024eed48bacf6e354da1af7225a924fe120f8f008f069d60cc687c282826dc43,6c3aae211f429df54bed1408c462cf833f7e575e61b3bbe1d41cc10d5d0ea6e8
subject_adapted,Table V,atten_dsr,VP012,SingLEM,EEGConformer,0.92,0.96,-0.04,e87f5e1ee9a024700185ca6fe3ce436b9729b3e056adc9f69c82be9c4bbf383e,5e42e7113557ee6913d6e941a31e29054e9e62e991e7dd703791028dc8ec86f5
subject_adapted,Table V,atten_dsr,VP013,SingLEM,EEGConformer,0.9,0.92,-0.02,1020a76c0249b5ec1eb34fcb4f0049b9ecdaef0c03f2f38e00f67e74903143a9,eb25dfbfbf2ee45478c83ba5a77a8fbb5c88f769b6f01dee7b8809517b3cd1b2
subject_adapted,Table V,atten_dsr,VP014,SingLEM,EEGConformer,0.98,0.68,0.3,435165c9f8eaaf2428fe14a48caf38043bbb33826251ab71444f62c742914017,f2953eddfa434dda30567febe7b2c51d816c720ebf7c722bdc98639be2bb1928
subject_adapted,Table V,atten_dsr,VP015,SingLEM,EEGConformer,0.86,0.66,0.2,d7b9e45c6ba9be3e6101a5a2cc45042862713382c366127754b52eed56b984a5,0ae5ec474aa4e100752ae86a417c0e872ece7d585b5eda158974e7c5c9b7dd5a
subject_adapted,Table V,atten_dsr,VP016,SingLEM,EEGConformer,0.92,0.72,0.2,c47938cab2aaecabe527dbe0b5bf08f5a63dfe51befc5526edc9dcd59c42b97e,fa9ca0f5ab535e51ec58b8e0c74d8f9e40840c4e8b72f737053c605712035770
subject_adapted,Table V,atten_dsr,VP017,SingLEM,EEGConformer,0.84,0.76,0.08,9f41ad23949e1be603d20c719207cdb04e37ca34212cb8b70ffeada065789952,2df09532a2631feab52bf4143bbda6510abc3709347199f8f894a5bc0bfbaa94
subject_adapted,Table V,atten_dsr,VP018,SingLEM,EEGConformer,0.86,0.82,0.04,e95f84184b2afc25bf58acc47d2e0eb05588a3d310633b97cc32d36ba86fa842,91970306dac728f6fce2532889418d5e56bf9f692725d4a4891ba7a5cdc86ae7
subject_adapted,Table V,atten_dsr,VP019,SingLEM,EEGConformer,0.84,0.78,0.06,4da2c830e0f20b8853691896779947cc308218109d5865caa5036ddabccfa971,560558d600a72165b5439944b1f1ab87583e4c991548db2c23b386d989bb49e7
subject_adapted,Table V,atten_dsr,VP020,SingLEM,EEGConformer,0.76,0.74,0.02,bb6c02f0136416ac638b0df555351ef5c7166458a65c97e7118c136dfda12911,c631214a6067b1befcee2e9a14532868e63dd6c2b7685a709d1f1f6cc048a1dc
subject_adapted,Table V,atten_dsr,VP021,SingLEM,EEGConformer,0.88,0.76,0.12,736610977bb6445efb65b2c042ee55242382dceb69123612f79c399daf21aa1d,12d33585467bccb68366efb69e8debb2883fcd21fd905053b454ade35526f948
subject_adapted,Table V,atten_dsr,VP022,SingLEM,EEGConformer,0.86,0.7,0.16,6c934ca8be4ef0d0976a2c0c354dedb0b5cab93e694152d89380c3dd740d6444,175fe6a837a3ce7e96fff3d51734a906f43593734345ca0e5dc8341b6dcf6322
subject_adapted,Table V,atten_dsr,VP023,SingLEM,EEGConformer,0.82,0.72,0.1,89ed76d166506988f28b3fea3c2128df407bff2bdbe7b0b8d429ffc7b2265696,638fc5c9b29e0919a8fb4ce10eaf0a0c0a1a91d3afd0dec33eb66f770cc4cade
subject_adapted,Table V,atten_dsr,VP024,SingLEM,EEGConformer,0.82,0.68,0.14,e7724ef4356edb323bc8e8ab32f3f8c3dfb325bf15eda548f970972b7b3d2759,54e4115c1c904fb75b901c8abd5af3ec0c3fb97056fe4add05bc23206ed58ded
subject_adapted,Table V,atten_dsr,VP025,SingLEM,EEGConformer,0.96,0.94,0.02,1acfcd14d6619c312041fe0df74626956d91c0507525fdb3c00954fcac77052e,8bc7c4085197f32c04c6c9034cc141f05606e798ffbe07544283861fc77865d1
subject_adapted,Table V,atten_dsr,VP026,SingLEM,EEGConformer,0.86,0.74,0.12,33e4caf608c72dd957b08bf7317839b4388fcd74417da68db0beaf313aa9f0d8,be7b9037d0f45aeff374a88a9d36151807565b24c796eddde12843349c75fb69
subject_adapted,Table V,atten_dsr,VP001,SingLEM,IFNetV2,0.62,0.54,0.08,69360891a0cacd5d6894cb8d8c09a22dde987e3e080efa1e5e51dab16b97bead,75876e0a471e94b5ebe3c4ba999dd1c3cec4621e0c066e18bf0ad2f4a702d20a
subject_adapted,Table V,atten_dsr,VP002,SingLEM,IFNetV2,0.68,0.62,0.06,2c032cacd1a632e66d83ae94d2336389d32929fe337a5fa5ca503accfd699036,f7e60a6d0f9dcd3e983ac771b689db6f8655ae58b5afa67e961f7261f5ff76b6
subject_adapted,Table V,atten_dsr,VP003,SingLEM,IFNetV2,0.88,0.76,0.12,6c5b42390293d38f42338e33874a93283d1dfce4e5b8802ee7f956d317b2bae2,5a223bc6d2fa3389229e67f450453d2be278eaa15e0752d61e30a03e053c97b1
subject_adapted,Table V,atten_dsr,VP004,SingLEM,IFNetV2,0.72,0.76,-0.04,1ea1e29bdaa23df893cce1a3a3176451d096efe85d97e3a335b90fc9122fcbff,82b44ecb70461d8862c9fe963393833bcc6f12b59aed94e8f87ec4c377887043
subject_adapted,Table V,atten_dsr,VP005,SingLEM,IFNetV2,0.72,0.84,-0.12,74f7b2e6f62741fb3963efaa9dd8936c8fb20b6a1b38fe53fb0901c12a2c5f7f,3161107878e24d546c9225eb97dbae8d4a003fec28615a56ce6722a05939e9fe
subject_adapted,Table V,atten_dsr,VP006,SingLEM,IFNetV2,0.78,0.68,0.1,fa0614c34ecb7126865e7ec0ff558db2fb2f9af24e9741145997ce9120bab331,ab348a61fc5a38042a58166dcee516a96c59aa4e8450ea93b215768c0c37ba8e
subject_adapted,Table V,atten_dsr,VP007,SingLEM,IFNetV2,0.82,0.76,0.06,2b2a61cd4bfe5ab37a2194342a4f90f71a1317b3ba67c07a865b6d39d1e27fc0,3b9efbfcbeecf8cf525b1cdca429b3472569ce7cf5bf6712751cb165910fa4bf
subject_adapted,Table V,atten_dsr,VP008,SingLEM,IFNetV2,0.96,0.98,-0.02,c49e19d2eb6fccf937bf96fd5db0c392aa515a92d0f77d07f1bf42d074fda8e1,527508ca5cd2d08d7d0521cdcc60712d3750dd01730f2b16283af9ab9c081061
subject_adapted,Table V,atten_dsr,VP009,SingLEM,IFNetV2,0.94,0.82,0.12,07f895dca2c2ac6b95483bcbdaefb445d866aa66e9c63415d8a65724aef76db9,bcb8590559d0c05c5ad46339d5dff719979cbd1e7f0899955bec8e2d92873a7f
subject_adapted,Table V,atten_dsr,VP010,SingLEM,IFNetV2,0.84,0.72,0.12,0c4a4534c330631db6b0f770c7b3557c338185478aa242c339a4190e10c12e59,c6bdff98bd00fceccbb786197b2ff4e0eb0a349c2e9119872b6d41c3fddef63d
subject_adapted,Table V,atten_dsr,VP011,SingLEM,IFNetV2,0.72,0.62,0.1,024eed48bacf6e354da1af7225a924fe120f8f008f069d60cc687c282826dc43,6c3aae211f429df54bed1408c462cf833f7e575e61b3bbe1d41cc10d5d0ea6e8
subject_adapted,Table V,atten_dsr,VP012,SingLEM,IFNetV2,0.92,0.82,0.1,e87f5e1ee9a024700185ca6fe3ce436b9729b3e056adc9f69c82be9c4bbf383e,5e42e7113557ee6913d6e941a31e29054e9e62e991e7dd703791028dc8ec86f5
subject_adapted,Table V,atten_dsr,VP013,SingLEM,IFNetV2,0.9,0.94,-0.04,1020a76c0249b5ec1eb34fcb4f0049b9ecdaef0c03f2f38e00f67e74903143a9,eb25dfbfbf2ee45478c83ba5a77a8fbb5c88f769b6f01dee7b8809517b3cd1b2
subject_adapted,Table V,atten_dsr,VP014,SingLEM,IFNetV2,0.98,0.88,0.1,435165c9f8eaaf2428fe14a48caf38043bbb33826251ab71444f62c742914017,f2953eddfa434dda30567febe7b2c51d816c720ebf7c722bdc98639be2bb1928
subject_adapted,Table V,atten_dsr,VP015,SingLEM,IFNetV2,0.86,0.76,0.1,d7b9e45c6ba9be3e6101a5a2cc45042862713382c366127754b52eed56b984a5,0ae5ec474aa4e100752ae86a417c0e872ece7d585b5eda158974e7c5c9b7dd5a
subject_adapted,Table V,atten_dsr,VP016,SingLEM,IFNetV2,0.92,0.68,0.24,c47938cab2aaecabe527dbe0b5bf08f5a63dfe51befc5526edc9dcd59c42b97e,fa9ca0f5ab535e51ec58b8e0c74d8f9e40840c4e8b72f737053c605712035770
subject_adapted,Table V,atten_dsr,VP017,SingLEM,IFNetV2,0.84,0.92,-0.08,9f41ad23949e1be603d20c719207cdb04e37ca34212cb8b70ffeada065789952,2df09532a2631feab52bf4143bbda6510abc3709347199f8f894a5bc0bfbaa94
subject_adapted,Table V,atten_dsr,VP018,SingLEM,IFNetV2,0.86,0.82,0.04,e95f84184b2afc25bf58acc47d2e0eb05588a3d310633b97cc32d36ba86fa842,91970306dac728f6fce2532889418d5e56bf9f692725d4a4891ba7a5cdc86ae7
subject_adapted,Table V,atten_dsr,VP019,SingLEM,IFNetV2,0.84,0.82,0.02,4da2c830e0f20b8853691896779947cc308218109d5865caa5036ddabccfa971,560558d600a72165b5439944b1f1ab87583e4c991548db2c23b386d989bb49e7
subject_adapted,Table V,atten_dsr,VP020,SingLEM,IFNetV2,0.76,0.8,-0.04,bb6c02f0136416ac638b0df555351ef5c7166458a65c97e7118c136dfda12911,c631214a6067b1befcee2e9a14532868e63dd6c2b7685a709d1f1f6cc048a1dc
subject_adapted,Table V,atten_dsr,VP021,SingLEM,IFNetV2,0.88,0.78,0.1,736610977bb6445efb65b2c042ee55242382dceb69123612f79c399daf21aa1d,12d33585467bccb68366efb69e8debb2883fcd21fd905053b454ade35526f948
subject_adapted,Table V,atten_dsr,VP022,SingLEM,IFNetV2,0.86,0.68,0.18,6c934ca8be4ef0d0976a2c0c354dedb0b5cab93e694152d89380c3dd740d6444,175fe6a837a3ce7e96fff3d51734a906f43593734345ca0e5dc8341b6dcf6322
subject_adapted,Table V,atten_dsr,VP023,SingLEM,IFNetV2,0.82,0.68,0.14,89ed76d166506988f28b3fea3c2128df407bff2bdbe7b0b8d429ffc7b2265696,638fc5c9b29e0919a8fb4ce10eaf0a0c0a1a91d3afd0dec33eb66f770cc4cade
subject_adapted,Table V,atten_dsr,VP024,SingLEM,IFNetV2,0.82,0.84,-0.02,e7724ef4356edb323bc8e8ab32f3f8c3dfb325bf15eda548f970972b7b3d2759,54e4115c1c904fb75b901c8abd5af3ec0c3fb97056fe4add05bc23206ed58ded
subject_adapted,Table V,atten_dsr,VP025,SingLEM,IFNetV2,0.96,0.88,0.08,1acfcd14d6619c312041fe0df74626956d91c0507525fdb3c00954fcac77052e,8bc7c4085197f32c04c6c9034cc141f05606e798ffbe07544283861fc77865d1
subject_adapted,Table V,atten_dsr,VP026,SingLEM,IFNetV2,0.86,0.8,0.06,33e4caf608c72dd957b08bf7317839b4388fcd74417da68db0beaf313aa9f0d8,be7b9037d0f45aeff374a88a9d36151807565b24c796eddde12843349c75fb69
subject_adapted,Table V,atten_word,VP001,SingLEM,BENDR,0.6904761904761905,0.5476190476190477,0.142857142857,9643b2f07c243ce6569fa1351b96ceabf6de296c16698d538dd33d1f86a2ca73,67104b816a81e09d4c3ed7e167ef0922365fcb53b3fe9827c248179f2c2dcdf4
subject_adapted,Table V,atten_word,VP002,SingLEM,BENDR,0.7857142857142857,0.5,0.285714285714,70ff5cb441e58e3d161dd466c1f2ffa8be5c630b5edc3563b8ca8b7a000f58b2,f03698bbbcc530cc6738870ceaa4adc76f80048a9b4ee5a8e71b37117a4057db
subject_adapted,Table V,atten_word,VP003,SingLEM,BENDR,0.6190476190476191,0.5,0.119047619048,7388c161e9a8cbb6d924c10ec802effa44527fff20704f196e59d799a95b3323,0ed6227932e92fc1ec78878d73a88efd210af26db96c7aba3f856c02ccea9d0d
subject_adapted,Table V,atten_word,VP004,SingLEM,BENDR,0.5952380952380952,0.5,0.095238095238,171caaaaba9b87d43dfd4bfdb9bb46848c9f8fd800738f9cda4210c0b9dac7eb,a63273fdf5e77da878ec3ed6d655bc2b0019be895483b23efb89cb7c8f38c43b
subject_adapted,Table V,atten_word,VP005,SingLEM,BENDR,0.6904761904761905,0.5,0.190476190476,4a501707f12fff0e8318f164828a11dca073b5ee1c2bb876978a7c1f69d09e2b,379d801915b0b610afad7a649e9cdf777e23e21d9de3e5664eedb8876d8c42a5
subject_adapted,Table V,atten_word,VP006,SingLEM,BENDR,0.8571428571428571,0.38095238095238093,0.47619047619,47ad2412a7062f23cbdfd17fb2606c8f8d57d98e16ddc2e49871394294033614,00896f2eb8764dd8bd0a2412a87c00b1dd6539af39b9eb1c483af36b773ab650
subject_adapted,Table V,atten_word,VP007,SingLEM,BENDR,0.7857142857142857,0.5238095238095238,0.261904761905,da2e97a59603c19b4c83e9100593a5fd12c09bd991f6ee85c426bcb775326f2f,5c61237f346fdea5a44fa613eeb1eb572d1d27d020bbf7d7837fea8611b7da92
subject_adapted,Table V,atten_word,VP008,SingLEM,BENDR,0.6666666666666666,0.5,0.166666666667,66f5352f72be3c20e9ab41f66c8b5e556a21fa29ac81748c34c931d5d1a61bce,bfc567202defdc7ff6f04e1fc98d4f50d46e5afcc8e9a2f2d746d6d050a63e1b
subject_adapted,Table V,atten_word,VP009,SingLEM,BENDR,0.6428571428571429,0.5,0.142857142857,e9589446afff7b21ef8d61a9dfc501e5c9b057acdc9c7b2fd199f02d96dccce0,dc3c95698f8f8f1571206a0fe8213daa1e47a400f5d63ef88c7b555457ddfe02
subject_adapted,Table V,atten_word,VP010,SingLEM,BENDR,0.5952380952380952,0.5,0.095238095238,2183f9368405ee3b9bf640cd9c3b9866e5bac07baac685d7d09f5d156802e5e0,064601c61a10fa3cfe3e59b31b3e8caf35a19adbeb7131a9655c4caec848a682
subject_adapted,Table V,atten_word,VP011,SingLEM,BENDR,0.5714285714285714,0.5,0.071428571429,028a859e7da3af5be32e0db694548aa25c48001d358d1cc9e1fa6c1153beb995,b566436b9e2cf0a7d06e1c7e5c0c08a62f58ba041b08bab4a7c422a5cf4f9d43
subject_adapted,Table V,atten_word,VP012,SingLEM,BENDR,0.6190476190476191,0.5476190476190477,0.071428571429,b1cb1488eaeb058ed16c24f4e2df5eb99040da6189d629ab37d7e132b1a27145,66ef94181c138c807be64a4f05b420afecfbf24e1d9d3e884dd5e1fba170ab02
subject_adapted,Table V,atten_word,VP013,SingLEM,BENDR,0.6190476190476191,0.42857142857142855,0.190476190476,f65c06bf066442d536f53007bd51b9e2152c7b7abfe028e945f9ad6c53dccb21,3d6cf9b23d0358a06b90579c2035752dc5a666e0988c9ad32729d3437f9005e6
subject_adapted,Table V,atten_word,VP014,SingLEM,BENDR,0.7380952380952381,0.5,0.238095238095,e94d5123a29432d3919e6a7c42c4cd301cbe0dbfb6ee7498fd6b1acc0cf5809e,94e8ed24ce3915cad04312fa3060acf82243ffaaaa699b3f6b6d05a4260bfa05
subject_adapted,Table V,atten_word,VP015,SingLEM,BENDR,0.5952380952380952,0.5,0.095238095238,9ccd5379a39f6fce45a005d48dfd51abc468db25ebb5f36185615641ca44ecf6,bdc31d0ac74eee5f8b4a867e534677435ddf20382de83f9ee71a944467c91e5b
subject_adapted,Table V,atten_word,VP016,SingLEM,BENDR,0.9047619047619048,0.5,0.404761904762,375452f0e85fabbea5e9059159ecdc3a80877ffefdc9e5214460147b8621a7cc,440db16b29b868d555267a520b656478619f5a257f366bee988fa0cfa2f6a073
subject_adapted,Table V,atten_word,VP017,SingLEM,BENDR,0.7380952380952381,0.5,0.238095238095,adfce3b798fec450a04ddf9de5be580394de6871ed4ce9478324fad8ce0e2a20,5fcf21e8e3352a6b1b5595ca2040de4df06aeb3807d9a96f925b1e4889e29e0b
subject_adapted,Table V,atten_word,VP018,SingLEM,BENDR,0.6428571428571429,0.5238095238095238,0.119047619048,4ceb69c50045a6ce91ecbf950c6583d020115e9c70a6a91a2ac1a3b2a3257168,e27546a3faa762b37f092154bf9e3cccab2cd4f97825939ba5d9d398c8d3a90e
subject_adapted,Table V,atten_word,VP019,SingLEM,BENDR,0.7380952380952381,0.5952380952380952,0.142857142857,dd94f47620bf04b0e95af955225d9d7e3eaa0946efaa7d18a4c6c7c02365b604,1738f5f9280a024ce5e1ae48ca77a59e7e874a24a537bdd0e9ebecb9f9f30777
subject_adapted,Table V,atten_word,VP020,SingLEM,BENDR,0.7142857142857143,0.5,0.214285714286,5bdc26996a8e04b60837ad996c7fae883d2449ed2eb0bc0b7f3415c568ddb125,b709921d504df3863880f95fe0297bfab47f3b8e2cf663c2ca893f3982879f95
subject_adapted,Table V,atten_word,VP021,SingLEM,BENDR,0.6904761904761905,0.6428571428571429,0.047619047619,a0f020555fd5132ba062be4e9d3e4869db9ed91133003acf959809081051e947,36bbeed1c39ee77aa8a214dc9eab21ce26425eb286bbcb5196f0ff5728a44eca
subject_adapted,Table V,atten_word,VP022,SingLEM,BENDR,0.7619047619047619,0.5,0.261904761905,12f0e884661f3041d3817496947ec0a1c34a650e02a8c5e4f85a201fa90717ec,c647d4d2868a5b15fcb54d6b2da956b9c6463cc0c091a35eab4eff4df5b1955d
subject_adapted,Table V,atten_word,VP023,SingLEM,BENDR,0.6904761904761905,0.5238095238095238,0.166666666667,47ddd71370649967e16413012f7bea2ee03744ee65a24a89df40cc82f6d0c9c6,f1077882c5edf54b602297c2ddd96203b47c1ecb1042c07ef4c98f7480775dc6
subject_adapted,Table V,atten_word,VP024,SingLEM,BENDR,0.7857142857142857,0.47619047619047616,0.309523809524,f9e3183af31ecdcc61e03fc1a3944fdd3b1bc836632973652c819f2d73b6d1c9,19e4ba8410f9b615611f5d2c8053fc104d3f84ca16cbe8c7c3ddbfebfa0e37c8
subject_adapted,Table V,atten_word,VP025,SingLEM,BENDR,0.6904761904761905,0.5,0.190476190476,eee003fec39522dda2314bf7b843772f7a291ceff5e46f2757a97814ee80099e,4f8793d64fcf17e6df0efbff1578d610df7f77d470437c8e0b496c67d81748ec
subject_adapted,Table V,atten_word,VP026,SingLEM,BENDR,0.7380952380952381,0.5476190476190477,0.190476190476,e625755f5c3893247b285521012b5ac0ddb3e82f783c44266ab0e613230200ef,10c49b2d41afc0d95eb641aff355b43e3402ca2d90bf8685e8a2142e4cb5c044
subject_adapted,Table V,atten_word,VP001,SingLEM,BIOT,0.6904761904761905,0.40476190476190477,0.285714285714,9643b2f07c243ce6569fa1351b96ceabf6de296c16698d538dd33d1f86a2ca73,67104b816a81e09d4c3ed7e167ef0922365fcb53b3fe9827c248179f2c2dcdf4
subject_adapted,Table V,atten_word,VP002,SingLEM,BIOT,0.7857142857142857,0.5476190476190477,0.238095238095,70ff5cb441e58e3d161dd466c1f2ffa8be5c630b5edc3563b8ca8b7a000f58b2,f03698bbbcc530cc6738870ceaa4adc76f80048a9b4ee5a8e71b37117a4057db
subject_adapted,Table V,atten_word,VP003,SingLEM,BIOT,0.6190476190476191,0.5238095238095238,0.095238095238,7388c161e9a8cbb6d924c10ec802effa44527fff20704f196e59d799a95b3323,0ed6227932e92fc1ec78878d73a88efd210af26db96c7aba3f856c02ccea9d0d
subject_adapted,Table V,atten_word,VP004,SingLEM,BIOT,0.5952380952380952,0.5238095238095238,0.071428571429,171caaaaba9b87d43dfd4bfdb9bb46848c9f8fd800738f9cda4210c0b9dac7eb,a63273fdf5e77da878ec3ed6d655bc2b0019be895483b23efb89cb7c8f38c43b
subject_adapted,Table V,atten_word,VP005,SingLEM,BIOT,0.6904761904761905,0.6190476190476191,0.071428571429,4a501707f12fff0e8318f164828a11dca073b5ee1c2bb876978a7c1f69d09e2b,379d801915b0b610afad7a649e9cdf777e23e21d9de3e5664eedb8876d8c42a5
subject_adapted,Table V,atten_word,VP006,SingLEM,BIOT,0.8571428571428571,0.47619047619047616,0.380952380952,47ad2412a7062f23cbdfd17fb2606c8f8d57d98e16ddc2e49871394294033614,00896f2eb8764dd8bd0a2412a87c00b1dd6539af39b9eb1c483af36b773ab650
subject_adapted,Table V,atten_word,VP007,SingLEM,BIOT,0.7857142857142857,0.5714285714285714,0.214285714286,da2e97a59603c19b4c83e9100593a5fd12c09bd991f6ee85c426bcb775326f2f,5c61237f346fdea5a44fa613eeb1eb572d1d27d020bbf7d7837fea8611b7da92
subject_adapted,Table V,atten_word,VP008,SingLEM,BIOT,0.6666666666666666,0.5952380952380952,0.071428571429,66f5352f72be3c20e9ab41f66c8b5e556a21fa29ac81748c34c931d5d1a61bce,bfc567202defdc7ff6f04e1fc98d4f50d46e5afcc8e9a2f2d746d6d050a63e1b
subject_adapted,Table V,atten_word,VP009,SingLEM,BIOT,0.6428571428571429,0.5476190476190477,0.095238095238,e9589446afff7b21ef8d61a9dfc501e5c9b057acdc9c7b2fd199f02d96dccce0,dc3c95698f8f8f1571206a0fe8213daa1e47a400f5d63ef88c7b555457ddfe02
subject_adapted,Table V,atten_word,VP010,SingLEM,BIOT,0.5952380952380952,0.30952380952380953,0.285714285714,2183f9368405ee3b9bf640cd9c3b9866e5bac07baac685d7d09f5d156802e5e0,064601c61a10fa3cfe3e59b31b3e8caf35a19adbeb7131a9655c4caec848a682
subject_adapted,Table V,atten_word,VP011,SingLEM,BIOT,0.5714285714285714,0.5,0.071428571429,028a859e7da3af5be32e0db694548aa25c48001d358d1cc9e1fa6c1153beb995,b566436b9e2cf0a7d06e1c7e5c0c08a62f58ba041b08bab4a7c422a5cf4f9d43
subject_adapted,Table V,atten_word,VP012,SingLEM,BIOT,0.6190476190476191,0.7142857142857143,-0.095238095238,b1cb1488eaeb058ed16c24f4e2df5eb99040da6189d629ab37d7e132b1a27145,66ef94181c138c807be64a4f05b420afecfbf24e1d9d3e884dd5e1fba170ab02
subject_adapted,Table V,atten_word,VP013,SingLEM,BIOT,0.6190476190476191,0.5714285714285714,0.047619047619,f65c06bf066442d536f53007bd51b9e2152c7b7abfe028e945f9ad6c53dccb21,3d6cf9b23d0358a06b90579c2035752dc5a666e0988c9ad32729d3437f9005e6
subject_adapted,Table V,atten_word,VP014,SingLEM,BIOT,0.7380952380952381,0.5714285714285714,0.166666666667,e94d5123a29432d3919e6a7c42c4cd301cbe0dbfb6ee7498fd6b1acc0cf5809e,94e8ed24ce3915cad04312fa3060acf82243ffaaaa699b3f6b6d05a4260bfa05
subject_adapted,Table V,atten_word,VP015,SingLEM,BIOT,0.5952380952380952,0.5476190476190477,0.047619047619,9ccd5379a39f6fce45a005d48dfd51abc468db25ebb5f36185615641ca44ecf6,bdc31d0ac74eee5f8b4a867e534677435ddf20382de83f9ee71a944467c91e5b
subject_adapted,Table V,atten_word,VP016,SingLEM,BIOT,0.9047619047619048,0.5952380952380952,0.309523809524,375452f0e85fabbea5e9059159ecdc3a80877ffefdc9e5214460147b8621a7cc,440db16b29b868d555267a520b656478619f5a257f366bee988fa0cfa2f6a073
subject_adapted,Table V,atten_word,VP017,SingLEM,BIOT,0.7380952380952381,0.38095238095238093,0.357142857143,adfce3b798fec450a04ddf9de5be580394de6871ed4ce9478324fad8ce0e2a20,5fcf21e8e3352a6b1b5595ca2040de4df06aeb3807d9a96f925b1e4889e29e0b
subject_adapted,Table V,atten_word,VP018,SingLEM,BIOT,0.6428571428571429,0.47619047619047616,0.166666666667,4ceb69c50045a6ce91ecbf950c6583d020115e9c70a6a91a2ac1a3b2a3257168,e27546a3faa762b37f092154bf9e3cccab2cd4f97825939ba5d9d398c8d3a90e
subject_adapted,Table V,atten_word,VP019,SingLEM,BIOT,0.7380952380952381,0.6428571428571429,0.095238095238,dd94f47620bf04b0e95af955225d9d7e3eaa0946efaa7d18a4c6c7c02365b604,1738f5f9280a024ce5e1ae48ca77a59e7e874a24a537bdd0e9ebecb9f9f30777
subject_adapted,Table V,atten_word,VP020,SingLEM,BIOT,0.7142857142857143,0.5714285714285714,0.142857142857,5bdc26996a8e04b60837ad996c7fae883d2449ed2eb0bc0b7f3415c568ddb125,b709921d504df3863880f95fe0297bfab47f3b8e2cf663c2ca893f3982879f95
subject_adapted,Table V,atten_word,VP021,SingLEM,BIOT,0.6904761904761905,0.5476190476190477,0.142857142857,a0f020555fd5132ba062be4e9d3e4869db9ed91133003acf959809081051e947,36bbeed1c39ee77aa8a214dc9eab21ce26425eb286bbcb5196f0ff5728a44eca
subject_adapted,Table V,atten_word,VP022,SingLEM,BIOT,0.7619047619047619,0.5238095238095238,0.238095238095,12f0e884661f3041d3817496947ec0a1c34a650e02a8c5e4f85a201fa90717ec,c647d4d2868a5b15fcb54d6b2da956b9c6463cc0c091a35eab4eff4df5b1955d
subject_adapted,Table V,atten_word,VP023,SingLEM,BIOT,0.6904761904761905,0.6904761904761905,0.0,47ddd71370649967e16413012f7bea2ee03744ee65a24a89df40cc82f6d0c9c6,f1077882c5edf54b602297c2ddd96203b47c1ecb1042c07ef4c98f7480775dc6
subject_adapted,Table V,atten_word,VP024,SingLEM,BIOT,0.7857142857142857,0.6904761904761905,0.095238095238,f9e3183af31ecdcc61e03fc1a3944fdd3b1bc836632973652c819f2d73b6d1c9,19e4ba8410f9b615611f5d2c8053fc104d3f84ca16cbe8c7c3ddbfebfa0e37c8
subject_adapted,Table V,atten_word,VP025,SingLEM,BIOT,0.6904761904761905,0.5952380952380952,0.095238095238,eee003fec39522dda2314bf7b843772f7a291ceff5e46f2757a97814ee80099e,4f8793d64fcf17e6df0efbff1578d610df7f77d470437c8e0b496c67d81748ec
subject_adapted,Table V,atten_word,VP026,SingLEM,BIOT,0.7380952380952381,0.5,0.238095238095,e625755f5c3893247b285521012b5ac0ddb3e82f783c44266ab0e613230200ef,10c49b2d41afc0d95eb641aff355b43e3402ca2d90bf8685e8a2142e4cb5c044
subject_adapted,Table V,atten_word,VP001,SingLEM,LaBraM,0.6904761904761905,0.6428571428571429,0.047619047619,9643b2f07c243ce6569fa1351b96ceabf6de296c16698d538dd33d1f86a2ca73,67104b816a81e09d4c3ed7e167ef0922365fcb53b3fe9827c248179f2c2dcdf4
subject_adapted,Table V,atten_word,VP002,SingLEM,LaBraM,0.7857142857142857,0.7142857142857143,0.071428571429,70ff5cb441e58e3d161dd466c1f2ffa8be5c630b5edc3563b8ca8b7a000f58b2,f03698bbbcc530cc6738870ceaa4adc76f80048a9b4ee5a8e71b37117a4057db
subject_adapted,Table V,atten_word,VP003,SingLEM,LaBraM,0.6190476190476191,0.5476190476190477,0.071428571429,7388c161e9a8cbb6d924c10ec802effa44527fff20704f196e59d799a95b3323,0ed6227932e92fc1ec78878d73a88efd210af26db96c7aba3f856c02ccea9d0d
subject_adapted,Table V,atten_word,VP004,SingLEM,LaBraM,0.5952380952380952,0.5238095238095238,0.071428571429,171caaaaba9b87d43dfd4bfdb9bb46848c9f8fd800738f9cda4210c0b9dac7eb,a63273fdf5e77da878ec3ed6d655bc2b0019be895483b23efb89cb7c8f38c43b
subject_adapted,Table V,atten_word,VP005,SingLEM,LaBraM,0.6904761904761905,0.4523809523809524,0.238095238095,4a501707f12fff0e8318f164828a11dca073b5ee1c2bb876978a7c1f69d09e2b,379d801915b0b610afad7a649e9cdf777e23e21d9de3e5664eedb8876d8c42a5
subject_adapted,Table V,atten_word,VP006,SingLEM,LaBraM,0.8571428571428571,0.7857142857142857,0.071428571429,47ad2412a7062f23cbdfd17fb2606c8f8d57d98e16ddc2e49871394294033614,00896f2eb8764dd8bd0a2412a87c00b1dd6539af39b9eb1c483af36b773ab650
subject_adapted,Table V,atten_word,VP007,SingLEM,LaBraM,0.7857142857142857,0.7142857142857143,0.071428571429,da2e97a59603c19b4c83e9100593a5fd12c09bd991f6ee85c426bcb775326f2f,5c61237f346fdea5a44fa613eeb1eb572d1d27d020bbf7d7837fea8611b7da92
subject_adapted,Table V,atten_word,VP008,SingLEM,LaBraM,0.6666666666666666,0.40476190476190477,0.261904761905,66f5352f72be3c20e9ab41f66c8b5e556a21fa29ac81748c34c931d5d1a61bce,bfc567202defdc7ff6f04e1fc98d4f50d46e5afcc8e9a2f2d746d6d050a63e1b
subject_adapted,Table V,atten_word,VP009,SingLEM,LaBraM,0.6428571428571429,0.6190476190476191,0.02380952381,e9589446afff7b21ef8d61a9dfc501e5c9b057acdc9c7b2fd199f02d96dccce0,dc3c95698f8f8f1571206a0fe8213daa1e47a400f5d63ef88c7b555457ddfe02
subject_adapted,Table V,atten_word,VP010,SingLEM,LaBraM,0.5952380952380952,0.4523809523809524,0.142857142857,2183f9368405ee3b9bf640cd9c3b9866e5bac07baac685d7d09f5d156802e5e0,064601c61a10fa3cfe3e59b31b3e8caf35a19adbeb7131a9655c4caec848a682
subject_adapted,Table V,atten_word,VP011,SingLEM,LaBraM,0.5714285714285714,0.5,0.071428571429,028a859e7da3af5be32e0db694548aa25c48001d358d1cc9e1fa6c1153beb995,b566436b9e2cf0a7d06e1c7e5c0c08a62f58ba041b08bab4a7c422a5cf4f9d43
subject_adapted,Table V,atten_word,VP012,SingLEM,LaBraM,0.6190476190476191,0.7857142857142857,-0.166666666667,b1cb1488eaeb058ed16c24f4e2df5eb99040da6189d629ab37d7e132b1a27145,66ef94181c138c807be64a4f05b420afecfbf24e1d9d3e884dd5e1fba170ab02
subject_adapted,Table V,atten_word,VP013,SingLEM,LaBraM,0.6190476190476191,0.5476190476190477,0.071428571429,f65c06bf066442d536f53007bd51b9e2152c7b7abfe028e945f9ad6c53dccb21,3d6cf9b23d0358a06b90579c2035752dc5a666e0988c9ad32729d3437f9005e6
subject_adapted,Table V,atten_word,VP014,SingLEM,LaBraM,0.7380952380952381,0.6428571428571429,0.095238095238,e94d5123a29432d3919e6a7c42c4cd301cbe0dbfb6ee7498fd6b1acc0cf5809e,94e8ed24ce3915cad04312fa3060acf82243ffaaaa699b3f6b6d05a4260bfa05
subject_adapted,Table V,atten_word,VP015,SingLEM,LaBraM,0.5952380952380952,0.6428571428571429,-0.047619047619,9ccd5379a39f6fce45a005d48dfd51abc468db25ebb5f36185615641ca44ecf6,bdc31d0ac74eee5f8b4a867e534677435ddf20382de83f9ee71a944467c91e5b
subject_adapted,Table V,atten_word,VP016,SingLEM,LaBraM,0.9047619047619048,0.6190476190476191,0.285714285714,375452f0e85fabbea5e9059159ecdc3a80877ffefdc9e5214460147b8621a7cc,440db16b29b868d555267a520b656478619f5a257f366bee988fa0cfa2f6a073
subject_adapted,Table V,atten_word,VP017,SingLEM,LaBraM,0.7380952380952381,0.47619047619047616,0.261904761905,adfce3b798fec450a04ddf9de5be580394de6871ed4ce9478324fad8ce0e2a20,5fcf21e8e3352a6b1b5595ca2040de4df06aeb3807d9a96f925b1e4889e29e0b
subject_adapted,Table V,atten_word,VP018,SingLEM,LaBraM,0.6428571428571429,0.5238095238095238,0.119047619048,4ceb69c50045a6ce91ecbf950c6583d020115e9c70a6a91a2ac1a3b2a3257168,e27546a3faa762b37f092154bf9e3cccab2cd4f97825939ba5d9d398c8d3a90e
subject_adapted,Table V,atten_word,VP019,SingLEM,LaBraM,0.7380952380952381,0.7857142857142857,-0.047619047619,dd94f47620bf04b0e95af955225d9d7e3eaa0946efaa7d18a4c6c7c02365b604,1738f5f9280a024ce5e1ae48ca77a59e7e874a24a537bdd0e9ebecb9f9f30777
subject_adapted,Table V,atten_word,VP020,SingLEM,LaBraM,0.7142857142857143,0.6904761904761905,0.02380952381,5bdc26996a8e04b60837ad996c7fae883d2449ed2eb0bc0b7f3415c568ddb125,b709921d504df3863880f95fe0297bfab47f3b8e2cf663c2ca893f3982879f95
subject_adapted,Table V,atten_word,VP021,SingLEM,LaBraM,0.6904761904761905,0.5952380952380952,0.095238095238,a0f020555fd5132ba062be4e9d3e4869db9ed91133003acf959809081051e947,36bbeed1c39ee77aa8a214dc9eab21ce26425eb286bbcb5196f0ff5728a44eca
subject_adapted,Table V,atten_word,VP022,SingLEM,LaBraM,0.7619047619047619,0.6428571428571429,0.119047619048,12f0e884661f3041d3817496947ec0a1c34a650e02a8c5e4f85a201fa90717ec,c647d4d2868a5b15fcb54d6b2da956b9c6463cc0c091a35eab4eff4df5b1955d
subject_adapted,Table V,atten_word,VP023,SingLEM,LaBraM,0.6904761904761905,0.7619047619047619,-0.071428571429,47ddd71370649967e16413012f7bea2ee03744ee65a24a89df40cc82f6d0c9c6,f1077882c5edf54b602297c2ddd96203b47c1ecb1042c07ef4c98f7480775dc6
subject_adapted,Table V,atten_word,VP024,SingLEM,LaBraM,0.7857142857142857,0.5,0.285714285714,f9e3183af31ecdcc61e03fc1a3944fdd3b1bc836632973652c819f2d73b6d1c9,19e4ba8410f9b615611f5d2c8053fc104d3f84ca16cbe8c7c3ddbfebfa0e37c8
subject_adapted,Table V,atten_word,VP025,SingLEM,LaBraM,0.6904761904761905,0.7142857142857143,-0.02380952381,eee003fec39522dda2314bf7b843772f7a291ceff5e46f2757a97814ee80099e,4f8793d64fcf17e6df0efbff1578d610df7f77d470437c8e0b496c67d81748ec
subject_adapted,Table V,atten_word,VP026,SingLEM,LaBraM,0.7380952380952381,0.47619047619047616,0.261904761905,e625755f5c3893247b285521012b5ac0ddb3e82f783c44266ab0e613230200ef,10c49b2d41afc0d95eb641aff355b43e3402ca2d90bf8685e8a2142e4cb5c044
subject_adapted,Table V,atten_word,VP001,SingLEM,CBraMod,0.6904761904761905,0.7857142857142857,-0.095238095238,9643b2f07c243ce6569fa1351b96ceabf6de296c16698d538dd33d1f86a2ca73,67104b816a81e09d4c3ed7e167ef0922365fcb53b3fe9827c248179f2c2dcdf4
subject_adapted,Table V,atten_word,VP002,SingLEM,CBraMod,0.7857142857142857,0.7142857142857143,0.071428571429,70ff5cb441e58e3d161dd466c1f2ffa8be5c630b5edc3563b8ca8b7a000f58b2,f03698bbbcc530cc6738870ceaa4adc76f80048a9b4ee5a8e71b37117a4057db
subject_adapted,Table V,atten_word,VP003,SingLEM,CBraMod,0.6190476190476191,0.7857142857142857,-0.166666666667,7388c161e9a8cbb6d924c10ec802effa44527fff20704f196e59d799a95b3323,0ed6227932e92fc1ec78878d73a88efd210af26db96c7aba3f856c02ccea9d0d
subject_adapted,Table V,atten_word,VP004,SingLEM,CBraMod,0.5952380952380952,0.5714285714285714,0.02380952381,171caaaaba9b87d43dfd4bfdb9bb46848c9f8fd800738f9cda4210c0b9dac7eb,a63273fdf5e77da878ec3ed6d655bc2b0019be895483b23efb89cb7c8f38c43b
subject_adapted,Table V,atten_word,VP005,SingLEM,CBraMod,0.6904761904761905,0.6666666666666666,0.02380952381,4a501707f12fff0e8318f164828a11dca073b5ee1c2bb876978a7c1f69d09e2b,379d801915b0b610afad7a649e9cdf777e23e21d9de3e5664eedb8876d8c42a5
subject_adapted,Table V,atten_word,VP006,SingLEM,CBraMod,0.8571428571428571,0.7857142857142857,0.071428571429,47ad2412a7062f23cbdfd17fb2606c8f8d57d98e16ddc2e49871394294033614,00896f2eb8764dd8bd0a2412a87c00b1dd6539af39b9eb1c483af36b773ab650
subject_adapted,Table V,atten_word,VP007,SingLEM,CBraMod,0.7857142857142857,0.6190476190476191,0.166666666667,da2e97a59603c19b4c83e9100593a5fd12c09bd991f6ee85c426bcb775326f2f,5c61237f346fdea5a44fa613eeb1eb572d1d27d020bbf7d7837fea8611b7da92
subject_adapted,Table V,atten_word,VP008,SingLEM,CBraMod,0.6666666666666666,0.5476190476190477,0.119047619048,66f5352f72be3c20e9ab41f66c8b5e556a21fa29ac81748c34c931d5d1a61bce,bfc567202defdc7ff6f04e1fc98d4f50d46e5afcc8e9a2f2d746d6d050a63e1b
subject_adapted,Table V,atten_word,VP009,SingLEM,CBraMod,0.6428571428571429,0.6666666666666666,-0.02380952381,e9589446afff7b21ef8d61a9dfc501e5c9b057acdc9c7b2fd199f02d96dccce0,dc3c95698f8f8f1571206a0fe8213daa1e47a400f5d63ef88c7b555457ddfe02
subject_adapted,Table V,atten_word,VP010,SingLEM,CBraMod,0.5952380952380952,0.6904761904761905,-0.095238095238,2183f9368405ee3b9bf640cd9c3b9866e5bac07baac685d7d09f5d156802e5e0,064601c61a10fa3cfe3e59b31b3e8caf35a19adbeb7131a9655c4caec848a682
subject_adapted,Table V,atten_word,VP011,SingLEM,CBraMod,0.5714285714285714,0.7142857142857143,-0.142857142857,028a859e7da3af5be32e0db694548aa25c48001d358d1cc9e1fa6c1153beb995,b566436b9e2cf0a7d06e1c7e5c0c08a62f58ba041b08bab4a7c422a5cf4f9d43
subject_adapted,Table V,atten_word,VP012,SingLEM,CBraMod,0.6190476190476191,0.7380952380952381,-0.119047619048,b1cb1488eaeb058ed16c24f4e2df5eb99040da6189d629ab37d7e132b1a27145,66ef94181c138c807be64a4f05b420afecfbf24e1d9d3e884dd5e1fba170ab02
subject_adapted,Table V,atten_word,VP013,SingLEM,CBraMod,0.6190476190476191,0.7857142857142857,-0.166666666667,f65c06bf066442d536f53007bd51b9e2152c7b7abfe028e945f9ad6c53dccb21,3d6cf9b23d0358a06b90579c2035752dc5a666e0988c9ad32729d3437f9005e6
subject_adapted,Table V,atten_word,VP014,SingLEM,CBraMod,0.7380952380952381,0.8571428571428571,-0.119047619048,e94d5123a29432d3919e6a7c42c4cd301cbe0dbfb6ee7498fd6b1acc0cf5809e,94e8ed24ce3915cad04312fa3060acf82243ffaaaa699b3f6b6d05a4260bfa05
subject_adapted,Table V,atten_word,VP015,SingLEM,CBraMod,0.5952380952380952,0.7619047619047619,-0.166666666667,9ccd5379a39f6fce45a005d48dfd51abc468db25ebb5f36185615641ca44ecf6,bdc31d0ac74eee5f8b4a867e534677435ddf20382de83f9ee71a944467c91e5b
subject_adapted,Table V,atten_word,VP016,SingLEM,CBraMod,0.9047619047619048,0.7857142857142857,0.119047619048,375452f0e85fabbea5e9059159ecdc3a80877ffefdc9e5214460147b8621a7cc,440db16b29b868d555267a520b656478619f5a257f366bee988fa0cfa2f6a073
subject_adapted,Table V,atten_word,VP017,SingLEM,CBraMod,0.7380952380952381,0.5952380952380952,0.142857142857,adfce3b798fec450a04ddf9de5be580394de6871ed4ce9478324fad8ce0e2a20,5fcf21e8e3352a6b1b5595ca2040de4df06aeb3807d9a96f925b1e4889e29e0b
subject_adapted,Table V,atten_word,VP018,SingLEM,CBraMod,0.6428571428571429,0.7142857142857143,-0.071428571429,4ceb69c50045a6ce91ecbf950c6583d020115e9c70a6a91a2ac1a3b2a3257168,e27546a3faa762b37f092154bf9e3cccab2cd4f97825939ba5d9d398c8d3a90e
subject_adapted,Table V,atten_word,VP019,SingLEM,CBraMod,0.7380952380952381,0.7857142857142857,-0.047619047619,dd94f47620bf04b0e95af955225d9d7e3eaa0946efaa7d18a4c6c7c02365b604,1738f5f9280a024ce5e1ae48ca77a59e7e874a24a537bdd0e9ebecb9f9f30777
subject_adapted,Table V,atten_word,VP020,SingLEM,CBraMod,0.7142857142857143,0.8095238095238095,-0.095238095238,5bdc26996a8e04b60837ad996c7fae883d2449ed2eb0bc0b7f3415c568ddb125,b709921d504df3863880f95fe0297bfab47f3b8e2cf663c2ca893f3982879f95
subject_adapted,Table V,atten_word,VP021,SingLEM,CBraMod,0.6904761904761905,0.6190476190476191,0.071428571429,a0f020555fd5132ba062be4e9d3e4869db9ed91133003acf959809081051e947,36bbeed1c39ee77aa8a214dc9eab21ce26425eb286bbcb5196f0ff5728a44eca
subject_adapted,Table V,atten_word,VP022,SingLEM,CBraMod,0.7619047619047619,0.8333333333333334,-0.071428571429,12f0e884661f3041d3817496947ec0a1c34a650e02a8c5e4f85a201fa90717ec,c647d4d2868a5b15fcb54d6b2da956b9c6463cc0c091a35eab4eff4df5b1955d
subject_adapted,Table V,atten_word,VP023,SingLEM,CBraMod,0.6904761904761905,0.7619047619047619,-0.071428571429,47ddd71370649967e16413012f7bea2ee03744ee65a24a89df40cc82f6d0c9c6,f1077882c5edf54b602297c2ddd96203b47c1ecb1042c07ef4c98f7480775dc6
subject_adapted,Table V,atten_word,VP024,SingLEM,CBraMod,0.7857142857142857,0.6428571428571429,0.142857142857,f9e3183af31ecdcc61e03fc1a3944fdd3b1bc836632973652c819f2d73b6d1c9,19e4ba8410f9b615611f5d2c8053fc104d3f84ca16cbe8c7c3ddbfebfa0e37c8
subject_adapted,Table V,atten_word,VP025,SingLEM,CBraMod,0.6904761904761905,0.8095238095238095,-0.119047619048,eee003fec39522dda2314bf7b843772f7a291ceff5e46f2757a97814ee80099e,4f8793d64fcf17e6df0efbff1578d610df7f77d470437c8e0b496c67d81748ec
subject_adapted,Table V,atten_word,VP026,SingLEM,CBraMod,0.7380952380952381,0.8333333333333334,-0.095238095238,e625755f5c3893247b285521012b5ac0ddb3e82f783c44266ab0e613230200ef,10c49b2d41afc0d95eb641aff355b43e3402ca2d90bf8685e8a2142e4cb5c044
subject_adapted,Table V,atten_word,VP001,SingLEM,CodeBrain,0.6904761904761905,0.7380952380952381,-0.047619047619,9643b2f07c243ce6569fa1351b96ceabf6de296c16698d538dd33d1f86a2ca73,67104b816a81e09d4c3ed7e167ef0922365fcb53b3fe9827c248179f2c2dcdf4
subject_adapted,Table V,atten_word,VP002,SingLEM,CodeBrain,0.7857142857142857,0.6904761904761905,0.095238095238,70ff5cb441e58e3d161dd466c1f2ffa8be5c630b5edc3563b8ca8b7a000f58b2,f03698bbbcc530cc6738870ceaa4adc76f80048a9b4ee5a8e71b37117a4057db
subject_adapted,Table V,atten_word,VP003,SingLEM,CodeBrain,0.6190476190476191,0.7380952380952381,-0.119047619048,7388c161e9a8cbb6d924c10ec802effa44527fff20704f196e59d799a95b3323,0ed6227932e92fc1ec78878d73a88efd210af26db96c7aba3f856c02ccea9d0d
subject_adapted,Table V,atten_word,VP004,SingLEM,CodeBrain,0.5952380952380952,0.6666666666666666,-0.071428571429,171caaaaba9b87d43dfd4bfdb9bb46848c9f8fd800738f9cda4210c0b9dac7eb,a63273fdf5e77da878ec3ed6d655bc2b0019be895483b23efb89cb7c8f38c43b
subject_adapted,Table V,atten_word,VP005,SingLEM,CodeBrain,0.6904761904761905,0.7142857142857143,-0.02380952381,4a501707f12fff0e8318f164828a11dca073b5ee1c2bb876978a7c1f69d09e2b,379d801915b0b610afad7a649e9cdf777e23e21d9de3e5664eedb8876d8c42a5
subject_adapted,Table V,atten_word,VP006,SingLEM,CodeBrain,0.8571428571428571,0.7857142857142857,0.071428571429,47ad2412a7062f23cbdfd17fb2606c8f8d57d98e16ddc2e49871394294033614,00896f2eb8764dd8bd0a2412a87c00b1dd6539af39b9eb1c483af36b773ab650
subject_adapted,Table V,atten_word,VP007,SingLEM,CodeBrain,0.7857142857142857,0.7380952380952381,0.047619047619,da2e97a59603c19b4c83e9100593a5fd12c09bd991f6ee85c426bcb775326f2f,5c61237f346fdea5a44fa613eeb1eb572d1d27d020bbf7d7837fea8611b7da92
subject_adapted,Table V,atten_word,VP008,SingLEM,CodeBrain,0.6666666666666666,0.5714285714285714,0.095238095238,66f5352f72be3c20e9ab41f66c8b5e556a21fa29ac81748c34c931d5d1a61bce,bfc567202defdc7ff6f04e1fc98d4f50d46e5afcc8e9a2f2d746d6d050a63e1b
subject_adapted,Table V,atten_word,VP009,SingLEM,CodeBrain,0.6428571428571429,0.7142857142857143,-0.071428571429,e9589446afff7b21ef8d61a9dfc501e5c9b057acdc9c7b2fd199f02d96dccce0,dc3c95698f8f8f1571206a0fe8213daa1e47a400f5d63ef88c7b555457ddfe02
subject_adapted,Table V,atten_word,VP010,SingLEM,CodeBrain,0.5952380952380952,0.6904761904761905,-0.095238095238,2183f9368405ee3b9bf640cd9c3b9866e5bac07baac685d7d09f5d156802e5e0,064601c61a10fa3cfe3e59b31b3e8caf35a19adbeb7131a9655c4caec848a682
subject_adapted,Table V,atten_word,VP011,SingLEM,CodeBrain,0.5714285714285714,0.6666666666666666,-0.095238095238,028a859e7da3af5be32e0db694548aa25c48001d358d1cc9e1fa6c1153beb995,b566436b9e2cf0a7d06e1c7e5c0c08a62f58ba041b08bab4a7c422a5cf4f9d43
subject_adapted,Table V,atten_word,VP012,SingLEM,CodeBrain,0.6190476190476191,0.5952380952380952,0.02380952381,b1cb1488eaeb058ed16c24f4e2df5eb99040da6189d629ab37d7e132b1a27145,66ef94181c138c807be64a4f05b420afecfbf24e1d9d3e884dd5e1fba170ab02
subject_adapted,Table V,atten_word,VP013,SingLEM,CodeBrain,0.6190476190476191,0.7380952380952381,-0.119047619048,f65c06bf066442d536f53007bd51b9e2152c7b7abfe028e945f9ad6c53dccb21,3d6cf9b23d0358a06b90579c2035752dc5a666e0988c9ad32729d3437f9005e6
subject_adapted,Table V,atten_word,VP014,SingLEM,CodeBrain,0.7380952380952381,0.8571428571428571,-0.119047619048,e94d5123a29432d3919e6a7c42c4cd301cbe0dbfb6ee7498fd6b1acc0cf5809e,94e8ed24ce3915cad04312fa3060acf82243ffaaaa699b3f6b6d05a4260bfa05
subject_adapted,Table V,atten_word,VP015,SingLEM,CodeBrain,0.5952380952380952,0.7142857142857143,-0.119047619048,9ccd5379a39f6fce45a005d48dfd51abc468db25ebb5f36185615641ca44ecf6,bdc31d0ac74eee5f8b4a867e534677435ddf20382de83f9ee71a944467c91e5b
subject_adapted,Table V,atten_word,VP016,SingLEM,CodeBrain,0.9047619047619048,0.7380952380952381,0.166666666667,375452f0e85fabbea5e9059159ecdc3a80877ffefdc9e5214460147b8621a7cc,440db16b29b868d555267a520b656478619f5a257f366bee988fa0cfa2f6a073
subject_adapted,Table V,atten_word,VP017,SingLEM,CodeBrain,0.7380952380952381,0.5714285714285714,0.166666666667,adfce3b798fec450a04ddf9de5be580394de6871ed4ce9478324fad8ce0e2a20,5fcf21e8e3352a6b1b5595ca2040de4df06aeb3807d9a96f925b1e4889e29e0b
subject_adapted,Table V,atten_word,VP018,SingLEM,CodeBrain,0.6428571428571429,0.6428571428571429,0.0,4ceb69c50045a6ce91ecbf950c6583d020115e9c70a6a91a2ac1a3b2a3257168,e27546a3faa762b37f092154bf9e3cccab2cd4f97825939ba5d9d398c8d3a90e
subject_adapted,Table V,atten_word,VP019,SingLEM,CodeBrain,0.7380952380952381,0.8095238095238095,-0.071428571429,dd94f47620bf04b0e95af955225d9d7e3eaa0946efaa7d18a4c6c7c02365b604,1738f5f9280a024ce5e1ae48ca77a59e7e874a24a537bdd0e9ebecb9f9f30777
subject_adapted,Table V,atten_word,VP020,SingLEM,CodeBrain,0.7142857142857143,0.7857142857142857,-0.071428571429,5bdc26996a8e04b60837ad996c7fae883d2449ed2eb0bc0b7f3415c568ddb125,b709921d504df3863880f95fe0297bfab47f3b8e2cf663c2ca893f3982879f95
subject_adapted,Table V,atten_word,VP021,SingLEM,CodeBrain,0.6904761904761905,0.5238095238095238,0.166666666667,a0f020555fd5132ba062be4e9d3e4869db9ed91133003acf959809081051e947,36bbeed1c39ee77aa8a214dc9eab21ce26425eb286bbcb5196f0ff5728a44eca
subject_adapted,Table V,atten_word,VP022,SingLEM,CodeBrain,0.7619047619047619,0.8095238095238095,-0.047619047619,12f0e884661f3041d3817496947ec0a1c34a650e02a8c5e4f85a201fa90717ec,c647d4d2868a5b15fcb54d6b2da956b9c6463cc0c091a35eab4eff4df5b1955d
subject_adapted,Table V,atten_word,VP023,SingLEM,CodeBrain,0.6904761904761905,0.6904761904761905,0.0,47ddd71370649967e16413012f7bea2ee03744ee65a24a89df40cc82f6d0c9c6,f1077882c5edf54b602297c2ddd96203b47c1ecb1042c07ef4c98f7480775dc6
subject_adapted,Table V,atten_word,VP024,SingLEM,CodeBrain,0.7857142857142857,0.7142857142857143,0.071428571429,f9e3183af31ecdcc61e03fc1a3944fdd3b1bc836632973652c819f2d73b6d1c9,19e4ba8410f9b615611f5d2c8053fc104d3f84ca16cbe8c7c3ddbfebfa0e37c8
subject_adapted,Table V,atten_word,VP025,SingLEM,CodeBrain,0.6904761904761905,0.5476190476190477,0.142857142857,eee003fec39522dda2314bf7b843772f7a291ceff5e46f2757a97814ee80099e,4f8793d64fcf17e6df0efbff1578d610df7f77d470437c8e0b496c67d81748ec
subject_adapted,Table V,atten_word,VP026,SingLEM,CodeBrain,0.7380952380952381,0.7142857142857143,0.02380952381,e625755f5c3893247b285521012b5ac0ddb3e82f783c44266ab0e613230200ef,10c49b2d41afc0d95eb641aff355b43e3402ca2d90bf8685e8a2142e4cb5c044
subject_adapted,Table V,atten_word,VP001,SingLEM,CSBrain,0.6904761904761905,0.7380952380952381,-0.047619047619,9643b2f07c243ce6569fa1351b96ceabf6de296c16698d538dd33d1f86a2ca73,67104b816a81e09d4c3ed7e167ef0922365fcb53b3fe9827c248179f2c2dcdf4
subject_adapted,Table V,atten_word,VP002,SingLEM,CSBrain,0.7857142857142857,0.7380952380952381,0.047619047619,70ff5cb441e58e3d161dd466c1f2ffa8be5c630b5edc3563b8ca8b7a000f58b2,f03698bbbcc530cc6738870ceaa4adc76f80048a9b4ee5a8e71b37117a4057db
subject_adapted,Table V,atten_word,VP003,SingLEM,CSBrain,0.6190476190476191,0.7619047619047619,-0.142857142857,7388c161e9a8cbb6d924c10ec802effa44527fff20704f196e59d799a95b3323,0ed6227932e92fc1ec78878d73a88efd210af26db96c7aba3f856c02ccea9d0d
subject_adapted,Table V,atten_word,VP004,SingLEM,CSBrain,0.5952380952380952,0.5,0.095238095238,171caaaaba9b87d43dfd4bfdb9bb46848c9f8fd800738f9cda4210c0b9dac7eb,a63273fdf5e77da878ec3ed6d655bc2b0019be895483b23efb89cb7c8f38c43b
subject_adapted,Table V,atten_word,VP005,SingLEM,CSBrain,0.6904761904761905,0.6904761904761905,0.0,4a501707f12fff0e8318f164828a11dca073b5ee1c2bb876978a7c1f69d09e2b,379d801915b0b610afad7a649e9cdf777e23e21d9de3e5664eedb8876d8c42a5
subject_adapted,Table V,atten_word,VP006,SingLEM,CSBrain,0.8571428571428571,0.7857142857142857,0.071428571429,47ad2412a7062f23cbdfd17fb2606c8f8d57d98e16ddc2e49871394294033614,00896f2eb8764dd8bd0a2412a87c00b1dd6539af39b9eb1c483af36b773ab650
subject_adapted,Table V,atten_word,VP007,SingLEM,CSBrain,0.7857142857142857,0.7142857142857143,0.071428571429,da2e97a59603c19b4c83e9100593a5fd12c09bd991f6ee85c426bcb775326f2f,5c61237f346fdea5a44fa613eeb1eb572d1d27d020bbf7d7837fea8611b7da92
subject_adapted,Table V,atten_word,VP008,SingLEM,CSBrain,0.6666666666666666,0.5714285714285714,0.095238095238,66f5352f72be3c20e9ab41f66c8b5e556a21fa29ac81748c34c931d5d1a61bce,bfc567202defdc7ff6f04e1fc98d4f50d46e5afcc8e9a2f2d746d6d050a63e1b
subject_adapted,Table V,atten_word,VP009,SingLEM,CSBrain,0.6428571428571429,0.7619047619047619,-0.119047619048,e9589446afff7b21ef8d61a9dfc501e5c9b057acdc9c7b2fd199f02d96dccce0,dc3c95698f8f8f1571206a0fe8213daa1e47a400f5d63ef88c7b555457ddfe02
subject_adapted,Table V,atten_word,VP010,SingLEM,CSBrain,0.5952380952380952,0.5952380952380952,0.0,2183f9368405ee3b9bf640cd9c3b9866e5bac07baac685d7d09f5d156802e5e0,064601c61a10fa3cfe3e59b31b3e8caf35a19adbeb7131a9655c4caec848a682
subject_adapted,Table V,atten_word,VP011,SingLEM,CSBrain,0.5714285714285714,0.5476190476190477,0.02380952381,028a859e7da3af5be32e0db694548aa25c48001d358d1cc9e1fa6c1153beb995,b566436b9e2cf0a7d06e1c7e5c0c08a62f58ba041b08bab4a7c422a5cf4f9d43
subject_adapted,Table V,atten_word,VP012,SingLEM,CSBrain,0.6190476190476191,0.7142857142857143,-0.095238095238,b1cb1488eaeb058ed16c24f4e2df5eb99040da6189d629ab37d7e132b1a27145,66ef94181c138c807be64a4f05b420afecfbf24e1d9d3e884dd5e1fba170ab02
subject_adapted,Table V,atten_word,VP013,SingLEM,CSBrain,0.6190476190476191,0.7380952380952381,-0.119047619048,f65c06bf066442d536f53007bd51b9e2152c7b7abfe028e945f9ad6c53dccb21,3d6cf9b23d0358a06b90579c2035752dc5a666e0988c9ad32729d3437f9005e6
subject_adapted,Table V,atten_word,VP014,SingLEM,CSBrain,0.7380952380952381,0.7857142857142857,-0.047619047619,e94d5123a29432d3919e6a7c42c4cd301cbe0dbfb6ee7498fd6b1acc0cf5809e,94e8ed24ce3915cad04312fa3060acf82243ffaaaa699b3f6b6d05a4260bfa05
subject_adapted,Table V,atten_word,VP015,SingLEM,CSBrain,0.5952380952380952,0.6190476190476191,-0.02380952381,9ccd5379a39f6fce45a005d48dfd51abc468db25ebb5f36185615641ca44ecf6,bdc31d0ac74eee5f8b4a867e534677435ddf20382de83f9ee71a944467c91e5b
subject_adapted,Table V,atten_word,VP016,SingLEM,CSBrain,0.9047619047619048,0.7619047619047619,0.142857142857,375452f0e85fabbea5e9059159ecdc3a80877ffefdc9e5214460147b8621a7cc,440db16b29b868d555267a520b656478619f5a257f366bee988fa0cfa2f6a073
subject_adapted,Table V,atten_word,VP017,SingLEM,CSBrain,0.7380952380952381,0.6666666666666666,0.071428571429,adfce3b798fec450a04ddf9de5be580394de6871ed4ce9478324fad8ce0e2a20,5fcf21e8e3352a6b1b5595ca2040de4df06aeb3807d9a96f925b1e4889e29e0b
subject_adapted,Table V,atten_word,VP018,SingLEM,CSBrain,0.6428571428571429,0.6190476190476191,0.02380952381,4ceb69c50045a6ce91ecbf950c6583d020115e9c70a6a91a2ac1a3b2a3257168,e27546a3faa762b37f092154bf9e3cccab2cd4f97825939ba5d9d398c8d3a90e
subject_adapted,Table V,atten_word,VP019,SingLEM,CSBrain,0.7380952380952381,0.6904761904761905,0.047619047619,dd94f47620bf04b0e95af955225d9d7e3eaa0946efaa7d18a4c6c7c02365b604,1738f5f9280a024ce5e1ae48ca77a59e7e874a24a537bdd0e9ebecb9f9f30777
subject_adapted,Table V,atten_word,VP020,SingLEM,CSBrain,0.7142857142857143,0.7857142857142857,-0.071428571429,5bdc26996a8e04b60837ad996c7fae883d2449ed2eb0bc0b7f3415c568ddb125,b709921d504df3863880f95fe0297bfab47f3b8e2cf663c2ca893f3982879f95
subject_adapted,Table V,atten_word,VP021,SingLEM,CSBrain,0.6904761904761905,0.6904761904761905,0.0,a0f020555fd5132ba062be4e9d3e4869db9ed91133003acf959809081051e947,36bbeed1c39ee77aa8a214dc9eab21ce26425eb286bbcb5196f0ff5728a44eca
subject_adapted,Table V,atten_word,VP022,SingLEM,CSBrain,0.7619047619047619,0.7142857142857143,0.047619047619,12f0e884661f3041d3817496947ec0a1c34a650e02a8c5e4f85a201fa90717ec,c647d4d2868a5b15fcb54d6b2da956b9c6463cc0c091a35eab4eff4df5b1955d
subject_adapted,Table V,atten_word,VP023,SingLEM,CSBrain,0.6904761904761905,0.6666666666666666,0.02380952381,47ddd71370649967e16413012f7bea2ee03744ee65a24a89df40cc82f6d0c9c6,f1077882c5edf54b602297c2ddd96203b47c1ecb1042c07ef4c98f7480775dc6
subject_adapted,Table V,atten_word,VP024,SingLEM,CSBrain,0.7857142857142857,0.5952380952380952,0.190476190476,f9e3183af31ecdcc61e03fc1a3944fdd3b1bc836632973652c819f2d73b6d1c9,19e4ba8410f9b615611f5d2c8053fc104d3f84ca16cbe8c7c3ddbfebfa0e37c8
subject_adapted,Table V,atten_word,VP025,SingLEM,CSBrain,0.6904761904761905,0.7619047619047619,-0.071428571429,eee003fec39522dda2314bf7b843772f7a291ceff5e46f2757a97814ee80099e,4f8793d64fcf17e6df0efbff1578d610df7f77d470437c8e0b496c67d81748ec
subject_adapted,Table V,atten_word,VP026,SingLEM,CSBrain,0.7380952380952381,0.8333333333333334,-0.095238095238,e625755f5c3893247b285521012b5ac0ddb3e82f783c44266ab0e613230200ef,10c49b2d41afc0d95eb641aff355b43e3402ca2d90bf8685e8a2142e4cb5c044
subject_adapted,Table V,atten_word,VP001,SingLEM,LUNA,0.6904761904761905,0.7380952380952381,-0.047619047619,9643b2f07c243ce6569fa1351b96ceabf6de296c16698d538dd33d1f86a2ca73,67104b816a81e09d4c3ed7e167ef0922365fcb53b3fe9827c248179f2c2dcdf4
subject_adapted,Table V,atten_word,VP002,SingLEM,LUNA,0.7857142857142857,0.5476190476190477,0.238095238095,70ff5cb441e58e3d161dd466c1f2ffa8be5c630b5edc3563b8ca8b7a000f58b2,f03698bbbcc530cc6738870ceaa4adc76f80048a9b4ee5a8e71b37117a4057db
subject_adapted,Table V,atten_word,VP003,SingLEM,LUNA,0.6190476190476191,0.5,0.119047619048,7388c161e9a8cbb6d924c10ec802effa44527fff20704f196e59d799a95b3323,0ed6227932e92fc1ec78878d73a88efd210af26db96c7aba3f856c02ccea9d0d
subject_adapted,Table V,atten_word,VP004,SingLEM,LUNA,0.5952380952380952,0.5238095238095238,0.071428571429,171caaaaba9b87d43dfd4bfdb9bb46848c9f8fd800738f9cda4210c0b9dac7eb,a63273fdf5e77da878ec3ed6d655bc2b0019be895483b23efb89cb7c8f38c43b
subject_adapted,Table V,atten_word,VP005,SingLEM,LUNA,0.6904761904761905,0.5238095238095238,0.166666666667,4a501707f12fff0e8318f164828a11dca073b5ee1c2bb876978a7c1f69d09e2b,379d801915b0b610afad7a649e9cdf777e23e21d9de3e5664eedb8876d8c42a5
subject_adapted,Table V,atten_word,VP006,SingLEM,LUNA,0.8571428571428571,0.7380952380952381,0.119047619048,47ad2412a7062f23cbdfd17fb2606c8f8d57d98e16ddc2e49871394294033614,00896f2eb8764dd8bd0a2412a87c00b1dd6539af39b9eb1c483af36b773ab650
subject_adapted,Table V,atten_word,VP007,SingLEM,LUNA,0.7857142857142857,0.6190476190476191,0.166666666667,da2e97a59603c19b4c83e9100593a5fd12c09bd991f6ee85c426bcb775326f2f,5c61237f346fdea5a44fa613eeb1eb572d1d27d020bbf7d7837fea8611b7da92
subject_adapted,Table V,atten_word,VP008,SingLEM,LUNA,0.6666666666666666,0.5,0.166666666667,66f5352f72be3c20e9ab41f66c8b5e556a21fa29ac81748c34c931d5d1a61bce,bfc567202defdc7ff6f04e1fc98d4f50d46e5afcc8e9a2f2d746d6d050a63e1b
subject_adapted,Table V,atten_word,VP009,SingLEM,LUNA,0.6428571428571429,0.5952380952380952,0.047619047619,e9589446afff7b21ef8d61a9dfc501e5c9b057acdc9c7b2fd199f02d96dccce0,dc3c95698f8f8f1571206a0fe8213daa1e47a400f5d63ef88c7b555457ddfe02
subject_adapted,Table V,atten_word,VP010,SingLEM,LUNA,0.5952380952380952,0.4523809523809524,0.142857142857,2183f9368405ee3b9bf640cd9c3b9866e5bac07baac685d7d09f5d156802e5e0,064601c61a10fa3cfe3e59b31b3e8caf35a19adbeb7131a9655c4caec848a682
subject_adapted,Table V,atten_word,VP011,SingLEM,LUNA,0.5714285714285714,0.5476190476190477,0.02380952381,028a859e7da3af5be32e0db694548aa25c48001d358d1cc9e1fa6c1153beb995,b566436b9e2cf0a7d06e1c7e5c0c08a62f58ba041b08bab4a7c422a5cf4f9d43
subject_adapted,Table V,atten_word,VP012,SingLEM,LUNA,0.6190476190476191,0.7380952380952381,-0.119047619048,b1cb1488eaeb058ed16c24f4e2df5eb99040da6189d629ab37d7e132b1a27145,66ef94181c138c807be64a4f05b420afecfbf24e1d9d3e884dd5e1fba170ab02
subject_adapted,Table V,atten_word,VP013,SingLEM,LUNA,0.6190476190476191,0.6904761904761905,-0.071428571429,f65c06bf066442d536f53007bd51b9e2152c7b7abfe028e945f9ad6c53dccb21,3d6cf9b23d0358a06b90579c2035752dc5a666e0988c9ad32729d3437f9005e6
subject_adapted,Table V,atten_word,VP014,SingLEM,LUNA,0.7380952380952381,0.6666666666666666,0.071428571429,e94d5123a29432d3919e6a7c42c4cd301cbe0dbfb6ee7498fd6b1acc0cf5809e,94e8ed24ce3915cad04312fa3060acf82243ffaaaa699b3f6b6d05a4260bfa05
subject_adapted,Table V,atten_word,VP015,SingLEM,LUNA,0.5952380952380952,0.5476190476190477,0.047619047619,9ccd5379a39f6fce45a005d48dfd51abc468db25ebb5f36185615641ca44ecf6,bdc31d0ac74eee5f8b4a867e534677435ddf20382de83f9ee71a944467c91e5b
subject_adapted,Table V,atten_word,VP016,SingLEM,LUNA,0.9047619047619048,0.6190476190476191,0.285714285714,375452f0e85fabbea5e9059159ecdc3a80877ffefdc9e5214460147b8621a7cc,440db16b29b868d555267a520b656478619f5a257f366bee988fa0cfa2f6a073
subject_adapted,Table V,atten_word,VP017,SingLEM,LUNA,0.7380952380952381,0.5,0.238095238095,adfce3b798fec450a04ddf9de5be580394de6871ed4ce9478324fad8ce0e2a20,5fcf21e8e3352a6b1b5595ca2040de4df06aeb3807d9a96f925b1e4889e29e0b
subject_adapted,Table V,atten_word,VP018,SingLEM,LUNA,0.6428571428571429,0.47619047619047616,0.166666666667,4ceb69c50045a6ce91ecbf950c6583d020115e9c70a6a91a2ac1a3b2a3257168,e27546a3faa762b37f092154bf9e3cccab2cd4f97825939ba5d9d398c8d3a90e
subject_adapted,Table V,atten_word,VP019,SingLEM,LUNA,0.7380952380952381,0.5952380952380952,0.142857142857,dd94f47620bf04b0e95af955225d9d7e3eaa0946efaa7d18a4c6c7c02365b604,1738f5f9280a024ce5e1ae48ca77a59e7e874a24a537bdd0e9ebecb9f9f30777
subject_adapted,Table V,atten_word,VP020,SingLEM,LUNA,0.7142857142857143,0.8095238095238095,-0.095238095238,5bdc26996a8e04b60837ad996c7fae883d2449ed2eb0bc0b7f3415c568ddb125,b709921d504df3863880f95fe0297bfab47f3b8e2cf663c2ca893f3982879f95
subject_adapted,Table V,atten_word,VP021,SingLEM,LUNA,0.6904761904761905,0.5,0.190476190476,a0f020555fd5132ba062be4e9d3e4869db9ed91133003acf959809081051e947,36bbeed1c39ee77aa8a214dc9eab21ce26425eb286bbcb5196f0ff5728a44eca
subject_adapted,Table V,atten_word,VP022,SingLEM,LUNA,0.7619047619047619,0.6190476190476191,0.142857142857,12f0e884661f3041d3817496947ec0a1c34a650e02a8c5e4f85a201fa90717ec,c647d4d2868a5b15fcb54d6b2da956b9c6463cc0c091a35eab4eff4df5b1955d
subject_adapted,Table V,atten_word,VP023,SingLEM,LUNA,0.6904761904761905,0.5476190476190477,0.142857142857,47ddd71370649967e16413012f7bea2ee03744ee65a24a89df40cc82f6d0c9c6,f1077882c5edf54b602297c2ddd96203b47c1ecb1042c07ef4c98f7480775dc6
subject_adapted,Table V,atten_word,VP024,SingLEM,LUNA,0.7857142857142857,0.5476190476190477,0.238095238095,f9e3183af31ecdcc61e03fc1a3944fdd3b1bc836632973652c819f2d73b6d1c9,19e4ba8410f9b615611f5d2c8053fc104d3f84ca16cbe8c7c3ddbfebfa0e37c8
subject_adapted,Table V,atten_word,VP025,SingLEM,LUNA,0.6904761904761905,0.7142857142857143,-0.02380952381,eee003fec39522dda2314bf7b843772f7a291ceff5e46f2757a97814ee80099e,4f8793d64fcf17e6df0efbff1578d610df7f77d470437c8e0b496c67d81748ec
subject_adapted,Table V,atten_word,VP026,SingLEM,LUNA,0.7380952380952381,0.5714285714285714,0.166666666667,e625755f5c3893247b285521012b5ac0ddb3e82f783c44266ab0e613230200ef,10c49b2d41afc0d95eb641aff355b43e3402ca2d90bf8685e8a2142e4cb5c044
subject_adapted,Table V,atten_word,VP001,SingLEM,CSP,0.6904761904761905,0.5238095238095238,0.166666666667,9643b2f07c243ce6569fa1351b96ceabf6de296c16698d538dd33d1f86a2ca73,67104b816a81e09d4c3ed7e167ef0922365fcb53b3fe9827c248179f2c2dcdf4
subject_adapted,Table V,atten_word,VP002,SingLEM,CSP,0.7857142857142857,0.6190476190476191,0.166666666667,70ff5cb441e58e3d161dd466c1f2ffa8be5c630b5edc3563b8ca8b7a000f58b2,f03698bbbcc530cc6738870ceaa4adc76f80048a9b4ee5a8e71b37117a4057db
subject_adapted,Table V,atten_word,VP003,SingLEM,CSP,0.6190476190476191,0.5952380952380952,0.02380952381,7388c161e9a8cbb6d924c10ec802effa44527fff20704f196e59d799a95b3323,0ed6227932e92fc1ec78878d73a88efd210af26db96c7aba3f856c02ccea9d0d
subject_adapted,Table V,atten_word,VP004,SingLEM,CSP,0.5952380952380952,0.5952380952380952,0.0,171caaaaba9b87d43dfd4bfdb9bb46848c9f8fd800738f9cda4210c0b9dac7eb,a63273fdf5e77da878ec3ed6d655bc2b0019be895483b23efb89cb7c8f38c43b
subject_adapted,Table V,atten_word,VP005,SingLEM,CSP,0.6904761904761905,0.7619047619047619,-0.071428571429,4a501707f12fff0e8318f164828a11dca073b5ee1c2bb876978a7c1f69d09e2b,379d801915b0b610afad7a649e9cdf777e23e21d9de3e5664eedb8876d8c42a5
subject_adapted,Table V,atten_word,VP006,SingLEM,CSP,0.8571428571428571,0.5476190476190477,0.309523809524,47ad2412a7062f23cbdfd17fb2606c8f8d57d98e16ddc2e49871394294033614,00896f2eb8764dd8bd0a2412a87c00b1dd6539af39b9eb1c483af36b773ab650
subject_adapted,Table V,atten_word,VP007,SingLEM,CSP,0.7857142857142857,0.5238095238095238,0.261904761905,da2e97a59603c19b4c83e9100593a5fd12c09bd991f6ee85c426bcb775326f2f,5c61237f346fdea5a44fa613eeb1eb572d1d27d020bbf7d7837fea8611b7da92
subject_adapted,Table V,atten_word,VP008,SingLEM,CSP,0.6666666666666666,0.5714285714285714,0.095238095238,66f5352f72be3c20e9ab41f66c8b5e556a21fa29ac81748c34c931d5d1a61bce,bfc567202defdc7ff6f04e1fc98d4f50d46e5afcc8e9a2f2d746d6d050a63e1b
subject_adapted,Table V,atten_word,VP009,SingLEM,CSP,0.6428571428571429,0.5714285714285714,0.071428571429,e9589446afff7b21ef8d61a9dfc501e5c9b057acdc9c7b2fd199f02d96dccce0,dc3c95698f8f8f1571206a0fe8213daa1e47a400f5d63ef88c7b555457ddfe02
subject_adapted,Table V,atten_word,VP010,SingLEM,CSP,0.5952380952380952,0.6190476190476191,-0.02380952381,2183f9368405ee3b9bf640cd9c3b9866e5bac07baac685d7d09f5d156802e5e0,064601c61a10fa3cfe3e59b31b3e8caf35a19adbeb7131a9655c4caec848a682
subject_adapted,Table V,atten_word,VP011,SingLEM,CSP,0.5714285714285714,0.5238095238095238,0.047619047619,028a859e7da3af5be32e0db694548aa25c48001d358d1cc9e1fa6c1153beb995,b566436b9e2cf0a7d06e1c7e5c0c08a62f58ba041b08bab4a7c422a5cf4f9d43
subject_adapted,Table V,atten_word,VP012,SingLEM,CSP,0.6190476190476191,0.7619047619047619,-0.142857142857,b1cb1488eaeb058ed16c24f4e2df5eb99040da6189d629ab37d7e132b1a27145,66ef94181c138c807be64a4f05b420afecfbf24e1d9d3e884dd5e1fba170ab02
subject_adapted,Table V,atten_word,VP013,SingLEM,CSP,0.6190476190476191,0.7380952380952381,-0.119047619048,f65c06bf066442d536f53007bd51b9e2152c7b7abfe028e945f9ad6c53dccb21,3d6cf9b23d0358a06b90579c2035752dc5a666e0988c9ad32729d3437f9005e6
subject_adapted,Table V,atten_word,VP014,SingLEM,CSP,0.7380952380952381,0.5476190476190477,0.190476190476,e94d5123a29432d3919e6a7c42c4cd301cbe0dbfb6ee7498fd6b1acc0cf5809e,94e8ed24ce3915cad04312fa3060acf82243ffaaaa699b3f6b6d05a4260bfa05
subject_adapted,Table V,atten_word,VP015,SingLEM,CSP,0.5952380952380952,0.4523809523809524,0.142857142857,9ccd5379a39f6fce45a005d48dfd51abc468db25ebb5f36185615641ca44ecf6,bdc31d0ac74eee5f8b4a867e534677435ddf20382de83f9ee71a944467c91e5b
subject_adapted,Table V,atten_word,VP016,SingLEM,CSP,0.9047619047619048,0.5,0.404761904762,375452f0e85fabbea5e9059159ecdc3a80877ffefdc9e5214460147b8621a7cc,440db16b29b868d555267a520b656478619f5a257f366bee988fa0cfa2f6a073
subject_adapted,Table V,atten_word,VP017,SingLEM,CSP,0.7380952380952381,0.5952380952380952,0.142857142857,adfce3b798fec450a04ddf9de5be580394de6871ed4ce9478324fad8ce0e2a20,5fcf21e8e3352a6b1b5595ca2040de4df06aeb3807d9a96f925b1e4889e29e0b
subject_adapted,Table V,atten_word,VP018,SingLEM,CSP,0.6428571428571429,0.5,0.142857142857,4ceb69c50045a6ce91ecbf950c6583d020115e9c70a6a91a2ac1a3b2a3257168,e27546a3faa762b37f092154bf9e3cccab2cd4f97825939ba5d9d398c8d3a90e
subject_adapted,Table V,atten_word,VP019,SingLEM,CSP,0.7380952380952381,0.5238095238095238,0.214285714286,dd94f47620bf04b0e95af955225d9d7e3eaa0946efaa7d18a4c6c7c02365b604,1738f5f9280a024ce5e1ae48ca77a59e7e874a24a537bdd0e9ebecb9f9f30777
subject_adapted,Table V,atten_word,VP020,SingLEM,CSP,0.7142857142857143,0.47619047619047616,0.238095238095,5bdc26996a8e04b60837ad996c7fae883d2449ed2eb0bc0b7f3415c568ddb125,b709921d504df3863880f95fe0297bfab47f3b8e2cf663c2ca893f3982879f95
subject_adapted,Table V,atten_word,VP021,SingLEM,CSP,0.6904761904761905,0.5,0.190476190476,a0f020555fd5132ba062be4e9d3e4869db9ed91133003acf959809081051e947,36bbeed1c39ee77aa8a214dc9eab21ce26425eb286bbcb5196f0ff5728a44eca
subject_adapted,Table V,atten_word,VP022,SingLEM,CSP,0.7619047619047619,0.7619047619047619,0.0,12f0e884661f3041d3817496947ec0a1c34a650e02a8c5e4f85a201fa90717ec,c647d4d2868a5b15fcb54d6b2da956b9c6463cc0c091a35eab4eff4df5b1955d
subject_adapted,Table V,atten_word,VP023,SingLEM,CSP,0.6904761904761905,0.5476190476190477,0.142857142857,47ddd71370649967e16413012f7bea2ee03744ee65a24a89df40cc82f6d0c9c6,f1077882c5edf54b602297c2ddd96203b47c1ecb1042c07ef4c98f7480775dc6
subject_adapted,Table V,atten_word,VP024,SingLEM,CSP,0.7857142857142857,0.5238095238095238,0.261904761905,f9e3183af31ecdcc61e03fc1a3944fdd3b1bc836632973652c819f2d73b6d1c9,19e4ba8410f9b615611f5d2c8053fc104d3f84ca16cbe8c7c3ddbfebfa0e37c8
subject_adapted,Table V,atten_word,VP025,SingLEM,CSP,0.6904761904761905,0.42857142857142855,0.261904761905,eee003fec39522dda2314bf7b843772f7a291ceff5e46f2757a97814ee80099e,4f8793d64fcf17e6df0efbff1578d610df7f77d470437c8e0b496c67d81748ec
subject_adapted,Table V,atten_word,VP026,SingLEM,CSP,0.7380952380952381,0.5238095238095238,0.214285714286,e625755f5c3893247b285521012b5ac0ddb3e82f783c44266ab0e613230200ef,10c49b2d41afc0d95eb641aff355b43e3402ca2d90bf8685e8a2142e4cb5c044
subject_adapted,Table V,atten_word,VP001,SingLEM,Welch PSD,0.6904761904761905,0.7619047619047619,-0.071428571429,9643b2f07c243ce6569fa1351b96ceabf6de296c16698d538dd33d1f86a2ca73,67104b816a81e09d4c3ed7e167ef0922365fcb53b3fe9827c248179f2c2dcdf4
subject_adapted,Table V,atten_word,VP002,SingLEM,Welch PSD,0.7857142857142857,0.8333333333333334,-0.047619047619,70ff5cb441e58e3d161dd466c1f2ffa8be5c630b5edc3563b8ca8b7a000f58b2,f03698bbbcc530cc6738870ceaa4adc76f80048a9b4ee5a8e71b37117a4057db
subject_adapted,Table V,atten_word,VP003,SingLEM,Welch PSD,0.6190476190476191,0.7857142857142857,-0.166666666667,7388c161e9a8cbb6d924c10ec802effa44527fff20704f196e59d799a95b3323,0ed6227932e92fc1ec78878d73a88efd210af26db96c7aba3f856c02ccea9d0d
subject_adapted,Table V,atten_word,VP004,SingLEM,Welch PSD,0.5952380952380952,0.7857142857142857,-0.190476190476,171caaaaba9b87d43dfd4bfdb9bb46848c9f8fd800738f9cda4210c0b9dac7eb,a63273fdf5e77da878ec3ed6d655bc2b0019be895483b23efb89cb7c8f38c43b
subject_adapted,Table V,atten_word,VP005,SingLEM,Welch PSD,0.6904761904761905,0.6904761904761905,0.0,4a501707f12fff0e8318f164828a11dca073b5ee1c2bb876978a7c1f69d09e2b,379d801915b0b610afad7a649e9cdf777e23e21d9de3e5664eedb8876d8c42a5
subject_adapted,Table V,atten_word,VP006,SingLEM,Welch PSD,0.8571428571428571,0.8571428571428571,0.0,47ad2412a7062f23cbdfd17fb2606c8f8d57d98e16ddc2e49871394294033614,00896f2eb8764dd8bd0a2412a87c00b1dd6539af39b9eb1c483af36b773ab650
subject_adapted,Table V,atten_word,VP007,SingLEM,Welch PSD,0.7857142857142857,0.5952380952380952,0.190476190476,da2e97a59603c19b4c83e9100593a5fd12c09bd991f6ee85c426bcb775326f2f,5c61237f346fdea5a44fa613eeb1eb572d1d27d020bbf7d7837fea8611b7da92
subject_adapted,Table V,atten_word,VP008,SingLEM,Welch PSD,0.6666666666666666,0.5476190476190477,0.119047619048,66f5352f72be3c20e9ab41f66c8b5e556a21fa29ac81748c34c931d5d1a61bce,bfc567202defdc7ff6f04e1fc98d4f50d46e5afcc8e9a2f2d746d6d050a63e1b
subject_adapted,Table V,atten_word,VP009,SingLEM,Welch PSD,0.6428571428571429,0.7380952380952381,-0.095238095238,e9589446afff7b21ef8d61a9dfc501e5c9b057acdc9c7b2fd199f02d96dccce0,dc3c95698f8f8f1571206a0fe8213daa1e47a400f5d63ef88c7b555457ddfe02
subject_adapted,Table V,atten_word,VP010,SingLEM,Welch PSD,0.5952380952380952,0.6666666666666666,-0.071428571429,2183f9368405ee3b9bf640cd9c3b9866e5bac07baac685d7d09f5d156802e5e0,064601c61a10fa3cfe3e59b31b3e8caf35a19adbeb7131a9655c4caec848a682
subject_adapted,Table V,atten_word,VP011,SingLEM,Welch PSD,0.5714285714285714,0.6666666666666666,-0.095238095238,028a859e7da3af5be32e0db694548aa25c48001d358d1cc9e1fa6c1153beb995,b566436b9e2cf0a7d06e1c7e5c0c08a62f58ba041b08bab4a7c422a5cf4f9d43
subject_adapted,Table V,atten_word,VP012,SingLEM,Welch PSD,0.6190476190476191,0.8095238095238095,-0.190476190476,b1cb1488eaeb058ed16c24f4e2df5eb99040da6189d629ab37d7e132b1a27145,66ef94181c138c807be64a4f05b420afecfbf24e1d9d3e884dd5e1fba170ab02
subject_adapted,Table V,atten_word,VP013,SingLEM,Welch PSD,0.6190476190476191,0.7380952380952381,-0.119047619048,f65c06bf066442d536f53007bd51b9e2152c7b7abfe028e945f9ad6c53dccb21,3d6cf9b23d0358a06b90579c2035752dc5a666e0988c9ad32729d3437f9005e6
subject_adapted,Table V,atten_word,VP014,SingLEM,Welch PSD,0.7380952380952381,0.6428571428571429,0.095238095238,e94d5123a29432d3919e6a7c42c4cd301cbe0dbfb6ee7498fd6b1acc0cf5809e,94e8ed24ce3915cad04312fa3060acf82243ffaaaa699b3f6b6d05a4260bfa05
subject_adapted,Table V,atten_word,VP015,SingLEM,Welch PSD,0.5952380952380952,0.6666666666666666,-0.071428571429,9ccd5379a39f6fce45a005d48dfd51abc468db25ebb5f36185615641ca44ecf6,bdc31d0ac74eee5f8b4a867e534677435ddf20382de83f9ee71a944467c91e5b
subject_adapted,Table V,atten_word,VP016,SingLEM,Welch PSD,0.9047619047619048,0.7619047619047619,0.142857142857,375452f0e85fabbea5e9059159ecdc3a80877ffefdc9e5214460147b8621a7cc,440db16b29b868d555267a520b656478619f5a257f366bee988fa0cfa2f6a073
subject_adapted,Table V,atten_word,VP017,SingLEM,Welch PSD,0.7380952380952381,0.6904761904761905,0.047619047619,adfce3b798fec450a04ddf9de5be580394de6871ed4ce9478324fad8ce0e2a20,5fcf21e8e3352a6b1b5595ca2040de4df06aeb3807d9a96f925b1e4889e29e0b
subject_adapted,Table V,atten_word,VP018,SingLEM,Welch PSD,0.6428571428571429,0.5952380952380952,0.047619047619,4ceb69c50045a6ce91ecbf950c6583d020115e9c70a6a91a2ac1a3b2a3257168,e27546a3faa762b37f092154bf9e3cccab2cd4f97825939ba5d9d398c8d3a90e
subject_adapted,Table V,atten_word,VP019,SingLEM,Welch PSD,0.7380952380952381,0.7142857142857143,0.02380952381,dd94f47620bf04b0e95af955225d9d7e3eaa0946efaa7d18a4c6c7c02365b604,1738f5f9280a024ce5e1ae48ca77a59e7e874a24a537bdd0e9ebecb9f9f30777
subject_adapted,Table V,atten_word,VP020,SingLEM,Welch PSD,0.7142857142857143,0.7619047619047619,-0.047619047619,5bdc26996a8e04b60837ad996c7fae883d2449ed2eb0bc0b7f3415c568ddb125,b709921d504df3863880f95fe0297bfab47f3b8e2cf663c2ca893f3982879f95
subject_adapted,Table V,atten_word,VP021,SingLEM,Welch PSD,0.6904761904761905,0.5238095238095238,0.166666666667,a0f020555fd5132ba062be4e9d3e4869db9ed91133003acf959809081051e947,36bbeed1c39ee77aa8a214dc9eab21ce26425eb286bbcb5196f0ff5728a44eca
subject_adapted,Table V,atten_word,VP022,SingLEM,Welch PSD,0.7619047619047619,0.8095238095238095,-0.047619047619,12f0e884661f3041d3817496947ec0a1c34a650e02a8c5e4f85a201fa90717ec,c647d4d2868a5b15fcb54d6b2da956b9c6463cc0c091a35eab4eff4df5b1955d
subject_adapted,Table V,atten_word,VP023,SingLEM,Welch PSD,0.6904761904761905,0.8571428571428571,-0.166666666667,47ddd71370649967e16413012f7bea2ee03744ee65a24a89df40cc82f6d0c9c6,f1077882c5edf54b602297c2ddd96203b47c1ecb1042c07ef4c98f7480775dc6
subject_adapted,Table V,atten_word,VP024,SingLEM,Welch PSD,0.7857142857142857,0.7619047619047619,0.02380952381,f9e3183af31ecdcc61e03fc1a3944fdd3b1bc836632973652c819f2d73b6d1c9,19e4ba8410f9b615611f5d2c8053fc104d3f84ca16cbe8c7c3ddbfebfa0e37c8
subject_adapted,Table V,atten_word,VP025,SingLEM,Welch PSD,0.6904761904761905,0.6428571428571429,0.047619047619,eee003fec39522dda2314bf7b843772f7a291ceff5e46f2757a97814ee80099e,4f8793d64fcf17e6df0efbff1578d610df7f77d470437c8e0b496c67d81748ec
subject_adapted,Table V,atten_word,VP026,SingLEM,Welch PSD,0.7380952380952381,0.6666666666666666,0.071428571429,e625755f5c3893247b285521012b5ac0ddb3e82f783c44266ab0e613230200ef,10c49b2d41afc0d95eb641aff355b43e3402ca2d90bf8685e8a2142e4cb5c044
subject_adapted,Table V,atten_word,VP001,SingLEM,EEGNet,0.6904761904761905,0.47619047619047616,0.214285714286,9643b2f07c243ce6569fa1351b96ceabf6de296c16698d538dd33d1f86a2ca73,67104b816a81e09d4c3ed7e167ef0922365fcb53b3fe9827c248179f2c2dcdf4
subject_adapted,Table V,atten_word,VP002,SingLEM,EEGNet,0.7857142857142857,0.6428571428571429,0.142857142857,70ff5cb441e58e3d161dd466c1f2ffa8be5c630b5edc3563b8ca8b7a000f58b2,f03698bbbcc530cc6738870ceaa4adc76f80048a9b4ee5a8e71b37117a4057db
subject_adapted,Table V,atten_word,VP003,SingLEM,EEGNet,0.6190476190476191,0.6666666666666666,-0.047619047619,7388c161e9a8cbb6d924c10ec802effa44527fff20704f196e59d799a95b3323,0ed6227932e92fc1ec78878d73a88efd210af26db96c7aba3f856c02ccea9d0d
subject_adapted,Table V,atten_word,VP004,SingLEM,EEGNet,0.5952380952380952,0.6428571428571429,-0.047619047619,171caaaaba9b87d43dfd4bfdb9bb46848c9f8fd800738f9cda4210c0b9dac7eb,a63273fdf5e77da878ec3ed6d655bc2b0019be895483b23efb89cb7c8f38c43b
subject_adapted,Table V,atten_word,VP005,SingLEM,EEGNet,0.6904761904761905,0.6428571428571429,0.047619047619,4a501707f12fff0e8318f164828a11dca073b5ee1c2bb876978a7c1f69d09e2b,379d801915b0b610afad7a649e9cdf777e23e21d9de3e5664eedb8876d8c42a5
subject_adapted,Table V,atten_word,VP006,SingLEM,EEGNet,0.8571428571428571,0.8809523809523809,-0.02380952381,47ad2412a7062f23cbdfd17fb2606c8f8d57d98e16ddc2e49871394294033614,00896f2eb8764dd8bd0a2412a87c00b1dd6539af39b9eb1c483af36b773ab650
subject_adapted,Table V,atten_word,VP007,SingLEM,EEGNet,0.7857142857142857,0.7857142857142857,0.0,da2e97a59603c19b4c83e9100593a5fd12c09bd991f6ee85c426bcb775326f2f,5c61237f346fdea5a44fa613eeb1eb572d1d27d020bbf7d7837fea8611b7da92
subject_adapted,Table V,atten_word,VP008,SingLEM,EEGNet,0.6666666666666666,0.6666666666666666,0.0,66f5352f72be3c20e9ab41f66c8b5e556a21fa29ac81748c34c931d5d1a61bce,bfc567202defdc7ff6f04e1fc98d4f50d46e5afcc8e9a2f2d746d6d050a63e1b
subject_adapted,Table V,atten_word,VP009,SingLEM,EEGNet,0.6428571428571429,0.6428571428571429,0.0,e9589446afff7b21ef8d61a9dfc501e5c9b057acdc9c7b2fd199f02d96dccce0,dc3c95698f8f8f1571206a0fe8213daa1e47a400f5d63ef88c7b555457ddfe02
subject_adapted,Table V,atten_word,VP010,SingLEM,EEGNet,0.5952380952380952,0.5952380952380952,0.0,2183f9368405ee3b9bf640cd9c3b9866e5bac07baac685d7d09f5d156802e5e0,064601c61a10fa3cfe3e59b31b3e8caf35a19adbeb7131a9655c4caec848a682
subject_adapted,Table V,atten_word,VP011,SingLEM,EEGNet,0.5714285714285714,0.5238095238095238,0.047619047619,028a859e7da3af5be32e0db694548aa25c48001d358d1cc9e1fa6c1153beb995,b566436b9e2cf0a7d06e1c7e5c0c08a62f58ba041b08bab4a7c422a5cf4f9d43
subject_adapted,Table V,atten_word,VP012,SingLEM,EEGNet,0.6190476190476191,0.5952380952380952,0.02380952381,b1cb1488eaeb058ed16c24f4e2df5eb99040da6189d629ab37d7e132b1a27145,66ef94181c138c807be64a4f05b420afecfbf24e1d9d3e884dd5e1fba170ab02
subject_adapted,Table V,atten_word,VP013,SingLEM,EEGNet,0.6190476190476191,0.8809523809523809,-0.261904761905,f65c06bf066442d536f53007bd51b9e2152c7b7abfe028e945f9ad6c53dccb21,3d6cf9b23d0358a06b90579c2035752dc5a666e0988c9ad32729d3437f9005e6
subject_adapted,Table V,atten_word,VP014,SingLEM,EEGNet,0.7380952380952381,0.7857142857142857,-0.047619047619,e94d5123a29432d3919e6a7c42c4cd301cbe0dbfb6ee7498fd6b1acc0cf5809e,94e8ed24ce3915cad04312fa3060acf82243ffaaaa699b3f6b6d05a4260bfa05
subject_adapted,Table V,atten_word,VP015,SingLEM,EEGNet,0.5952380952380952,0.7857142857142857,-0.190476190476,9ccd5379a39f6fce45a005d48dfd51abc468db25ebb5f36185615641ca44ecf6,bdc31d0ac74eee5f8b4a867e534677435ddf20382de83f9ee71a944467c91e5b
subject_adapted,Table V,atten_word,VP016,SingLEM,EEGNet,0.9047619047619048,0.8095238095238095,0.095238095238,375452f0e85fabbea5e9059159ecdc3a80877ffefdc9e5214460147b8621a7cc,440db16b29b868d555267a520b656478619f5a257f366bee988fa0cfa2f6a073
subject_adapted,Table V,atten_word,VP017,SingLEM,EEGNet,0.7380952380952381,0.6190476190476191,0.119047619048,adfce3b798fec450a04ddf9de5be580394de6871ed4ce9478324fad8ce0e2a20,5fcf21e8e3352a6b1b5595ca2040de4df06aeb3807d9a96f925b1e4889e29e0b
subject_adapted,Table V,atten_word,VP018,SingLEM,EEGNet,0.6428571428571429,0.6666666666666666,-0.02380952381,4ceb69c50045a6ce91ecbf950c6583d020115e9c70a6a91a2ac1a3b2a3257168,e27546a3faa762b37f092154bf9e3cccab2cd4f97825939ba5d9d398c8d3a90e
subject_adapted,Table V,atten_word,VP019,SingLEM,EEGNet,0.7380952380952381,0.7380952380952381,0.0,dd94f47620bf04b0e95af955225d9d7e3eaa0946efaa7d18a4c6c7c02365b604,1738f5f9280a024ce5e1ae48ca77a59e7e874a24a537bdd0e9ebecb9f9f30777
subject_adapted,Table V,atten_word,VP020,SingLEM,EEGNet,0.7142857142857143,0.8095238095238095,-0.095238095238,5bdc26996a8e04b60837ad996c7fae883d2449ed2eb0bc0b7f3415c568ddb125,b709921d504df3863880f95fe0297bfab47f3b8e2cf663c2ca893f3982879f95
subject_adapted,Table V,atten_word,VP021,SingLEM,EEGNet,0.6904761904761905,0.6666666666666666,0.02380952381,a0f020555fd5132ba062be4e9d3e4869db9ed91133003acf959809081051e947,36bbeed1c39ee77aa8a214dc9eab21ce26425eb286bbcb5196f0ff5728a44eca
subject_adapted,Table V,atten_word,VP022,SingLEM,EEGNet,0.7619047619047619,0.6904761904761905,0.071428571429,12f0e884661f3041d3817496947ec0a1c34a650e02a8c5e4f85a201fa90717ec,c647d4d2868a5b15fcb54d6b2da956b9c6463cc0c091a35eab4eff4df5b1955d
subject_adapted,Table V,atten_word,VP023,SingLEM,EEGNet,0.6904761904761905,0.6428571428571429,0.047619047619,47ddd71370649967e16413012f7bea2ee03744ee65a24a89df40cc82f6d0c9c6,f1077882c5edf54b602297c2ddd96203b47c1ecb1042c07ef4c98f7480775dc6
subject_adapted,Table V,atten_word,VP024,SingLEM,EEGNet,0.7857142857142857,0.6904761904761905,0.095238095238,f9e3183af31ecdcc61e03fc1a3944fdd3b1bc836632973652c819f2d73b6d1c9,19e4ba8410f9b615611f5d2c8053fc104d3f84ca16cbe8c7c3ddbfebfa0e37c8
subject_adapted,Table V,atten_word,VP025,SingLEM,EEGNet,0.6904761904761905,0.6666666666666666,0.02380952381,eee003fec39522dda2314bf7b843772f7a291ceff5e46f2757a97814ee80099e,4f8793d64fcf17e6df0efbff1578d610df7f77d470437c8e0b496c67d81748ec
subject_adapted,Table V,atten_word,VP026,SingLEM,EEGNet,0.7380952380952381,0.6904761904761905,0.047619047619,e625755f5c3893247b285521012b5ac0ddb3e82f783c44266ab0e613230200ef,10c49b2d41afc0d95eb641aff355b43e3402ca2d90bf8685e8a2142e4cb5c044
subject_adapted,Table V,atten_word,VP001,SingLEM,EEGConformer,0.6904761904761905,0.6904761904761905,0.0,9643b2f07c243ce6569fa1351b96ceabf6de296c16698d538dd33d1f86a2ca73,67104b816a81e09d4c3ed7e167ef0922365fcb53b3fe9827c248179f2c2dcdf4
subject_adapted,Table V,atten_word,VP002,SingLEM,EEGConformer,0.7857142857142857,0.6904761904761905,0.095238095238,70ff5cb441e58e3d161dd466c1f2ffa8be5c630b5edc3563b8ca8b7a000f58b2,f03698bbbcc530cc6738870ceaa4adc76f80048a9b4ee5a8e71b37117a4057db
subject_adapted,Table V,atten_word,VP003,SingLEM,EEGConformer,0.6190476190476191,0.7857142857142857,-0.166666666667,7388c161e9a8cbb6d924c10ec802effa44527fff20704f196e59d799a95b3323,0ed6227932e92fc1ec78878d73a88efd210af26db96c7aba3f856c02ccea9d0d
subject_adapted,Table V,atten_word,VP004,SingLEM,EEGConformer,0.5952380952380952,0.7380952380952381,-0.142857142857,171caaaaba9b87d43dfd4bfdb9bb46848c9f8fd800738f9cda4210c0b9dac7eb,a63273fdf5e77da878ec3ed6d655bc2b0019be895483b23efb89cb7c8f38c43b
subject_adapted,Table V,atten_word,VP005,SingLEM,EEGConformer,0.6904761904761905,0.4523809523809524,0.238095238095,4a501707f12fff0e8318f164828a11dca073b5ee1c2bb876978a7c1f69d09e2b,379d801915b0b610afad7a649e9cdf777e23e21d9de3e5664eedb8876d8c42a5
subject_adapted,Table V,atten_word,VP006,SingLEM,EEGConformer,0.8571428571428571,0.5952380952380952,0.261904761905,47ad2412a7062f23cbdfd17fb2606c8f8d57d98e16ddc2e49871394294033614,00896f2eb8764dd8bd0a2412a87c00b1dd6539af39b9eb1c483af36b773ab650
subject_adapted,Table V,atten_word,VP007,SingLEM,EEGConformer,0.7857142857142857,0.6904761904761905,0.095238095238,da2e97a59603c19b4c83e9100593a5fd12c09bd991f6ee85c426bcb775326f2f,5c61237f346fdea5a44fa613eeb1eb572d1d27d020bbf7d7837fea8611b7da92
subject_adapted,Table V,atten_word,VP008,SingLEM,EEGConformer,0.6666666666666666,0.5,0.166666666667,66f5352f72be3c20e9ab41f66c8b5e556a21fa29ac81748c34c931d5d1a61bce,bfc567202defdc7ff6f04e1fc98d4f50d46e5afcc8e9a2f2d746d6d050a63e1b
subject_adapted,Table V,atten_word,VP009,SingLEM,EEGConformer,0.6428571428571429,0.5,0.142857142857,e9589446afff7b21ef8d61a9dfc501e5c9b057acdc9c7b2fd199f02d96dccce0,dc3c95698f8f8f1571206a0fe8213daa1e47a400f5d63ef88c7b555457ddfe02
subject_adapted,Table V,atten_word,VP010,SingLEM,EEGConformer,0.5952380952380952,0.5714285714285714,0.02380952381,2183f9368405ee3b9bf640cd9c3b9866e5bac07baac685d7d09f5d156802e5e0,064601c61a10fa3cfe3e59b31b3e8caf35a19adbeb7131a9655c4caec848a682
subject_adapted,Table V,atten_word,VP011,SingLEM,EEGConformer,0.5714285714285714,0.5,0.071428571429,028a859e7da3af5be32e0db694548aa25c48001d358d1cc9e1fa6c1153beb995,b566436b9e2cf0a7d06e1c7e5c0c08a62f58ba041b08bab4a7c422a5cf4f9d43
subject_adapted,Table V,atten_word,VP012,SingLEM,EEGConformer,0.6190476190476191,0.5238095238095238,0.095238095238,b1cb1488eaeb058ed16c24f4e2df5eb99040da6189d629ab37d7e132b1a27145,66ef94181c138c807be64a4f05b420afecfbf24e1d9d3e884dd5e1fba170ab02
subject_adapted,Table V,atten_word,VP013,SingLEM,EEGConformer,0.6190476190476191,0.6190476190476191,0.0,f65c06bf066442d536f53007bd51b9e2152c7b7abfe028e945f9ad6c53dccb21,3d6cf9b23d0358a06b90579c2035752dc5a666e0988c9ad32729d3437f9005e6
subject_adapted,Table V,atten_word,VP014,SingLEM,EEGConformer,0.7380952380952381,0.6190476190476191,0.119047619048,e94d5123a29432d3919e6a7c42c4cd301cbe0dbfb6ee7498fd6b1acc0cf5809e,94e8ed24ce3915cad04312fa3060acf82243ffaaaa699b3f6b6d05a4260bfa05
subject_adapted,Table V,atten_word,VP015,SingLEM,EEGConformer,0.5952380952380952,0.6666666666666666,-0.071428571429,9ccd5379a39f6fce45a005d48dfd51abc468db25ebb5f36185615641ca44ecf6,bdc31d0ac74eee5f8b4a867e534677435ddf20382de83f9ee71a944467c91e5b
subject_adapted,Table V,atten_word,VP016,SingLEM,EEGConformer,0.9047619047619048,0.5238095238095238,0.380952380952,375452f0e85fabbea5e9059159ecdc3a80877ffefdc9e5214460147b8621a7cc,440db16b29b868d555267a520b656478619f5a257f366bee988fa0cfa2f6a073
subject_adapted,Table V,atten_word,VP017,SingLEM,EEGConformer,0.7380952380952381,0.5,0.238095238095,adfce3b798fec450a04ddf9de5be580394de6871ed4ce9478324fad8ce0e2a20,5fcf21e8e3352a6b1b5595ca2040de4df06aeb3807d9a96f925b1e4889e29e0b
subject_adapted,Table V,atten_word,VP018,SingLEM,EEGConformer,0.6428571428571429,0.5238095238095238,0.119047619048,4ceb69c50045a6ce91ecbf950c6583d020115e9c70a6a91a2ac1a3b2a3257168,e27546a3faa762b37f092154bf9e3cccab2cd4f97825939ba5d9d398c8d3a90e
subject_adapted,Table V,atten_word,VP019,SingLEM,EEGConformer,0.7380952380952381,0.47619047619047616,0.261904761905,dd94f47620bf04b0e95af955225d9d7e3eaa0946efaa7d18a4c6c7c02365b604,1738f5f9280a024ce5e1ae48ca77a59e7e874a24a537bdd0e9ebecb9f9f30777
subject_adapted,Table V,atten_word,VP020,SingLEM,EEGConformer,0.7142857142857143,0.7380952380952381,-0.02380952381,5bdc26996a8e04b60837ad996c7fae883d2449ed2eb0bc0b7f3415c568ddb125,b709921d504df3863880f95fe0297bfab47f3b8e2cf663c2ca893f3982879f95
subject_adapted,Table V,atten_word,VP021,SingLEM,EEGConformer,0.6904761904761905,0.5714285714285714,0.119047619048,a0f020555fd5132ba062be4e9d3e4869db9ed91133003acf959809081051e947,36bbeed1c39ee77aa8a214dc9eab21ce26425eb286bbcb5196f0ff5728a44eca
subject_adapted,Table V,atten_word,VP022,SingLEM,EEGConformer,0.7619047619047619,0.6190476190476191,0.142857142857,12f0e884661f3041d3817496947ec0a1c34a650e02a8c5e4f85a201fa90717ec,c647d4d2868a5b15fcb54d6b2da956b9c6463cc0c091a35eab4eff4df5b1955d
subject_adapted,Table V,atten_word,VP023,SingLEM,EEGConformer,0.6904761904761905,0.6666666666666666,0.02380952381,47ddd71370649967e16413012f7bea2ee03744ee65a24a89df40cc82f6d0c9c6,f1077882c5edf54b602297c2ddd96203b47c1ecb1042c07ef4c98f7480775dc6
subject_adapted,Table V,atten_word,VP024,SingLEM,EEGConformer,0.7857142857142857,0.5,0.285714285714,f9e3183af31ecdcc61e03fc1a3944fdd3b1bc836632973652c819f2d73b6d1c9,19e4ba8410f9b615611f5d2c8053fc104d3f84ca16cbe8c7c3ddbfebfa0e37c8
subject_adapted,Table V,atten_word,VP025,SingLEM,EEGConformer,0.6904761904761905,0.6904761904761905,0.0,eee003fec39522dda2314bf7b843772f7a291ceff5e46f2757a97814ee80099e,4f8793d64fcf17e6df0efbff1578d610df7f77d470437c8e0b496c67d81748ec
subject_adapted,Table V,atten_word,VP026,SingLEM,EEGConformer,0.7380952380952381,0.7380952380952381,0.0,e625755f5c3893247b285521012b5ac0ddb3e82f783c44266ab0e613230200ef,10c49b2d41afc0d95eb641aff355b43e3402ca2d90bf8685e8a2142e4cb5c044
subject_adapted,Table V,atten_word,VP001,SingLEM,IFNetV2,0.6904761904761905,0.9047619047619048,-0.214285714286,9643b2f07c243ce6569fa1351b96ceabf6de296c16698d538dd33d1f86a2ca73,67104b816a81e09d4c3ed7e167ef0922365fcb53b3fe9827c248179f2c2dcdf4
subject_adapted,Table V,atten_word,VP002,SingLEM,IFNetV2,0.7857142857142857,0.9047619047619048,-0.119047619048,70ff5cb441e58e3d161dd466c1f2ffa8be5c630b5edc3563b8ca8b7a000f58b2,f03698bbbcc530cc6738870ceaa4adc76f80048a9b4ee5a8e71b37117a4057db
subject_adapted,Table V,atten_word,VP003,SingLEM,IFNetV2,0.6190476190476191,0.8333333333333334,-0.214285714286,7388c161e9a8cbb6d924c10ec802effa44527fff20704f196e59d799a95b3323,0ed6227932e92fc1ec78878d73a88efd210af26db96c7aba3f856c02ccea9d0d
subject_adapted,Table V,atten_word,VP004,SingLEM,IFNetV2,0.5952380952380952,0.7619047619047619,-0.166666666667,171caaaaba9b87d43dfd4bfdb9bb46848c9f8fd800738f9cda4210c0b9dac7eb,a63273fdf5e77da878ec3ed6d655bc2b0019be895483b23efb89cb7c8f38c43b
subject_adapted,Table V,atten_word,VP005,SingLEM,IFNetV2,0.6904761904761905,0.7857142857142857,-0.095238095238,4a501707f12fff0e8318f164828a11dca073b5ee1c2bb876978a7c1f69d09e2b,379d801915b0b610afad7a649e9cdf777e23e21d9de3e5664eedb8876d8c42a5
subject_adapted,Table V,atten_word,VP006,SingLEM,IFNetV2,0.8571428571428571,0.9285714285714286,-0.071428571429,47ad2412a7062f23cbdfd17fb2606c8f8d57d98e16ddc2e49871394294033614,00896f2eb8764dd8bd0a2412a87c00b1dd6539af39b9eb1c483af36b773ab650
subject_adapted,Table V,atten_word,VP007,SingLEM,IFNetV2,0.7857142857142857,0.9047619047619048,-0.119047619048,da2e97a59603c19b4c83e9100593a5fd12c09bd991f6ee85c426bcb775326f2f,5c61237f346fdea5a44fa613eeb1eb572d1d27d020bbf7d7837fea8611b7da92
subject_adapted,Table V,atten_word,VP008,SingLEM,IFNetV2,0.6666666666666666,0.5,0.166666666667,66f5352f72be3c20e9ab41f66c8b5e556a21fa29ac81748c34c931d5d1a61bce,bfc567202defdc7ff6f04e1fc98d4f50d46e5afcc8e9a2f2d746d6d050a63e1b
subject_adapted,Table V,atten_word,VP009,SingLEM,IFNetV2,0.6428571428571429,0.8095238095238095,-0.166666666667,e9589446afff7b21ef8d61a9dfc501e5c9b057acdc9c7b2fd199f02d96dccce0,dc3c95698f8f8f1571206a0fe8213daa1e47a400f5d63ef88c7b555457ddfe02
subject_adapted,Table V,atten_word,VP010,SingLEM,IFNetV2,0.5952380952380952,0.7619047619047619,-0.166666666667,2183f9368405ee3b9bf640cd9c3b9866e5bac07baac685d7d09f5d156802e5e0,064601c61a10fa3cfe3e59b31b3e8caf35a19adbeb7131a9655c4caec848a682
subject_adapted,Table V,atten_word,VP011,SingLEM,IFNetV2,0.5714285714285714,0.7619047619047619,-0.190476190476,028a859e7da3af5be32e0db694548aa25c48001d358d1cc9e1fa6c1153beb995,b566436b9e2cf0a7d06e1c7e5c0c08a62f58ba041b08bab4a7c422a5cf4f9d43
subject_adapted,Table V,atten_word,VP012,SingLEM,IFNetV2,0.6190476190476191,0.8809523809523809,-0.261904761905,b1cb1488eaeb058ed16c24f4e2df5eb99040da6189d629ab37d7e132b1a27145,66ef94181c138c807be64a4f05b420afecfbf24e1d9d3e884dd5e1fba170ab02
subject_adapted,Table V,atten_word,VP013,SingLEM,IFNetV2,0.6190476190476191,0.7857142857142857,-0.166666666667,f65c06bf066442d536f53007bd51b9e2152c7b7abfe028e945f9ad6c53dccb21,3d6cf9b23d0358a06b90579c2035752dc5a666e0988c9ad32729d3437f9005e6
subject_adapted,Table V,atten_word,VP014,SingLEM,IFNetV2,0.7380952380952381,0.7380952380952381,0.0,e94d5123a29432d3919e6a7c42c4cd301cbe0dbfb6ee7498fd6b1acc0cf5809e,94e8ed24ce3915cad04312fa3060acf82243ffaaaa699b3f6b6d05a4260bfa05
subject_adapted,Table V,atten_word,VP015,SingLEM,IFNetV2,0.5952380952380952,0.7142857142857143,-0.119047619048,9ccd5379a39f6fce45a005d48dfd51abc468db25ebb5f36185615641ca44ecf6,bdc31d0ac74eee5f8b4a867e534677435ddf20382de83f9ee71a944467c91e5b
subject_adapted,Table V,atten_word,VP016,SingLEM,IFNetV2,0.9047619047619048,0.7380952380952381,0.166666666667,375452f0e85fabbea5e9059159ecdc3a80877ffefdc9e5214460147b8621a7cc,440db16b29b868d555267a520b656478619f5a257f366bee988fa0cfa2f6a073
subject_adapted,Table V,atten_word,VP017,SingLEM,IFNetV2,0.7380952380952381,0.6904761904761905,0.047619047619,adfce3b798fec450a04ddf9de5be580394de6871ed4ce9478324fad8ce0e2a20,5fcf21e8e3352a6b1b5595ca2040de4df06aeb3807d9a96f925b1e4889e29e0b
subject_adapted,Table V,atten_word,VP018,SingLEM,IFNetV2,0.6428571428571429,0.5714285714285714,0.071428571429,4ceb69c50045a6ce91ecbf950c6583d020115e9c70a6a91a2ac1a3b2a3257168,e27546a3faa762b37f092154bf9e3cccab2cd4f97825939ba5d9d398c8d3a90e
subject_adapted,Table V,atten_word,VP019,SingLEM,IFNetV2,0.7380952380952381,0.5476190476190477,0.190476190476,dd94f47620bf04b0e95af955225d9d7e3eaa0946efaa7d18a4c6c7c02365b604,1738f5f9280a024ce5e1ae48ca77a59e7e874a24a537bdd0e9ebecb9f9f30777
subject_adapted,Table V,atten_word,VP020,SingLEM,IFNetV2,0.7142857142857143,0.7619047619047619,-0.047619047619,5bdc26996a8e04b60837ad996c7fae883d2449ed2eb0bc0b7f3415c568ddb125,b709921d504df3863880f95fe0297bfab47f3b8e2cf663c2ca893f3982879f95
subject_adapted,Table V,atten_word,VP021,SingLEM,IFNetV2,0.6904761904761905,0.5952380952380952,0.095238095238,a0f020555fd5132ba062be4e9d3e4869db9ed91133003acf959809081051e947,36bbeed1c39ee77aa8a214dc9eab21ce26425eb286bbcb5196f0ff5728a44eca
subject_adapted,Table V,atten_word,VP022,SingLEM,IFNetV2,0.7619047619047619,0.9047619047619048,-0.142857142857,12f0e884661f3041d3817496947ec0a1c34a650e02a8c5e4f85a201fa90717ec,c647d4d2868a5b15fcb54d6b2da956b9c6463cc0c091a35eab4eff4df5b1955d
subject_adapted,Table V,atten_word,VP023,SingLEM,IFNetV2,0.6904761904761905,0.5714285714285714,0.119047619048,47ddd71370649967e16413012f7bea2ee03744ee65a24a89df40cc82f6d0c9c6,f1077882c5edf54b602297c2ddd96203b47c1ecb1042c07ef4c98f7480775dc6
subject_adapted,Table V,atten_word,VP024,SingLEM,IFNetV2,0.7857142857142857,0.5476190476190477,0.238095238095,f9e3183af31ecdcc61e03fc1a3944fdd3b1bc836632973652c819f2d73b6d1c9,19e4ba8410f9b615611f5d2c8053fc104d3f84ca16cbe8c7c3ddbfebfa0e37c8
subject_adapted,Table V,atten_word,VP025,SingLEM,IFNetV2,0.6904761904761905,0.6428571428571429,0.047619047619,eee003fec39522dda2314bf7b843772f7a291ceff5e46f2757a97814ee80099e,4f8793d64fcf17e6df0efbff1578d610df7f77d470437c8e0b496c67d81748ec
subject_adapted,Table V,atten_word,VP026,SingLEM,IFNetV2,0.7380952380952381,0.7380952380952381,0.0,e625755f5c3893247b285521012b5ac0ddb3e82f783c44266ab0e613230200ef,10c49b2d41afc0d95eb641aff355b43e3402ca2d90bf8685e8a2142e4cb5c044
