evaluation_setting,manuscript_table,dataset,published_dataset,task,primary,baseline,baseline_family,baseline_model,selected_method,primary_published_mean_abs_error_percent,baseline_published_mean_abs_error_percent,n_subjects,primary_mean_accuracy,primary_sd_accuracy,baseline_mean_accuracy,baseline_sd_accuracy,mean_difference,sd_difference,median_difference,q1_difference,q3_difference,min_difference,max_difference,n_exact_zero_before_rounding,n_created_zero_by_rounding,n_zero,n_positive,n_negative,n_nonzero,n_unique_abs_nonzero,n_tied_abs_groups,n_nonzero_in_tied_abs_groups,largest_abs_tie_group,positive_rank_sum,negative_rank_sum,wilcoxon_statistic,z_statistic,p_value_raw,p_value_method,rank_biserial_effect,cohen_dz,common_language_singlem_win_rate_excluding_zeros,holm_rank,holm_multiplier,p_value_holm,holm_family_size,significant_holm_0_05,direction
strict_svm,Tables II-III,dreyer,Dreyer-MI-2C,motor_imagery,SingLEM,BENDR,foundation,bendr,one_row_per_subject,0.0033333333333303017,0.0021428571428643295,21,0.7458333333333333,0.08149801889207696,0.5223214285714286,0.027068448290530855,0.22351190476190474,0.07890621316595085,0.24375,0.1625,0.25625,0.05625,0.34375,0,0,0,21,0,21,16,3,8,3,231.0,0.0,0.0,-4.017239426711178,5.8883889405769755e-05,asymptotic,1.0,2.8326274420472797,1.0,1,10,0.0005888388940576975,10,True,singlem_higher
strict_svm,Tables II-III,dreyer,Dreyer-MI-2C,motor_imagery,SingLEM,BIOT,foundation,biot,one_row_per_subject,0.0033333333333303017,0.002619047619042192,21,0.7458333333333333,0.08149801889207696,0.5282738095238095,0.06045462682675251,0.21755952380952384,0.09365868568777753,0.225,0.16875,0.29375,0.00625,0.3875,0,0,0,21,0,21,16,4,9,3,231.0,0.0,0.0,-4.016632088371218,5.9035780495879955e-05,asymptotic,1.0,2.3228974676709067,1.0,2,9,0.0005888388940576975,10,True,singlem_higher
strict_svm,Tables II-III,dreyer,Dreyer-MI-2C,motor_imagery,SingLEM,LaBraM,foundation,labram,one_row_per_subject,0.0033333333333303017,7.105427357601002e-15,21,0.7458333333333333,0.08149801889207696,0.55,0.06558034194787339,0.19583333333333333,0.06790196671182164,0.19375,0.13125,0.25625,0.0875,0.3125,0,0,0,21,0,21,19,2,4,2,231.0,0.0,0.0,-4.015114946829515,5.941682973416533e-05,asymptotic,1.0,2.8840598117644656,1.0,4,7,0.0005888388940576975,10,True,singlem_higher
strict_svm,Tables II-III,dreyer,Dreyer-MI-2C,motor_imagery,SingLEM,CBraMod,foundation,cbramod,one_row_per_subject,0.0033333333333303017,0.0007142857142810044,21,0.7458333333333333,0.08149801889207696,0.7116071428571428,0.08885745506950203,0.03422619047619048,0.0640013136955946,0.01875,-0.01875,0.09375,-0.1,0.125,0,0,0,14,7,21,13,4,12,4,172.5,58.5,58.5,-1.9844852778949553,0.04720176769014221,asymptotic,0.4935064935064935,0.5347732491707646,0.6666666666666666,9,2,0.09440353538028443,10,False,not_significant
strict_svm,Tables II-III,dreyer,Dreyer-MI-2C,motor_imagery,SingLEM,CodeBrain,foundation,codebrain,one_row_per_subject,0.0033333333333303017,0.0007142857142810044,21,0.7458333333333333,0.08149801889207696,0.6508928571428572,0.06864439941778623,0.0949404761904762,0.06509065335946403,0.10625,0.0375,0.1375,-0.00625,0.2125,1,0,1,19,1,20,16,3,7,3,209.0,1.0,1.0,-3.884628467788394,0.00010248649056818514,asymptotic,0.9904761904761905,1.4585884653233716,0.95,6,5,0.0005888388940576975,10,True,singlem_higher
strict_svm,Tables II-III,dreyer,Dreyer-MI-2C,motor_imagery,SingLEM,CSBrain,foundation,csbrain,one_row_per_subject,0.0033333333333303017,0.00166666666665094,21,0.7458333333333333,0.08149801889207696,0.6895833333333334,0.11941153454894268,0.05625000000000001,0.08284492289814747,0.03125,0.00625,0.10625,-0.05,0.3,0,0,0,16,5,21,16,3,8,4,194.5,36.5,36.5,-2.748345672115171,0.005989682468269955,asymptotic,0.683982683982684,0.6789794477708161,0.7619047619047619,7,4,0.02395872987307982,10,True,singlem_higher
strict_svm,Tables II-III,dreyer,Dreyer-MI-2C,motor_imagery,SingLEM,LUNA,foundation,luna_large,one_row_per_subject,0.0033333333333303017,0.0033333333333445125,21,0.7458333333333333,0.08149801889207696,0.5958333333333334,0.07030439768132102,0.15000000000000002,0.07167090588237322,0.14375,0.10625,0.1875,0.0375,0.3,0,0,0,21,0,21,16,4,9,3,231.0,0.0,0.0,-4.016632088371218,5.9035780495879955e-05,asymptotic,1.0,2.0928994569453474,1.0,3,8,0.0005888388940576975,10,True,singlem_higher
strict_svm,Tables II-III,dreyer,Dreyer-MI-2C,motor_imagery,SingLEM,MIRepNet,foundation,mirepnet,one_row_per_subject,0.0033333333333303017,0.0014285714285620088,21,0.7458333333333333,0.08149801889207696,0.7267857142857145,0.17397178804540203,0.019047619047619053,0.1956407360930939,0.025,-0.1625,0.18125,-0.28125,0.3125,0,0,0,11,10,21,18,3,6,2,129.5,101.5,101.5,-0.48671736213413436,0.6264586395938297,asymptotic,0.12121212121212122,0.09736018902809389,0.5238095238095238,10,1,0.6264586395938297,10,False,not_significant
strict_svm,Tables II-III,dreyer,Dreyer-MI-2C,motor_imagery,SingLEM,CSP,classical,csp,one_row_per_subject,0.0033333333333303017,0.0004761904761920732,21,0.7458333333333333,0.08149801889207696,0.6255952380952381,0.1427260373099123,0.12023809523809528,0.16207763333103825,0.1625,0.01875,0.24375,-0.25,0.38125,0,0,0,16,5,21,18,2,5,3,191.5,39.5,39.5,-2.642579237496395,0.008227721098429243,asymptotic,0.658008658008658,0.7418549541164198,0.7619047619047619,8,3,0.024683163295287726,10,True,singlem_higher
strict_svm,Tables II-III,dreyer,Dreyer-MI-2C,motor_imagery,SingLEM,Welch PSD,classical,welch_psd,one_row_per_subject,0.0033333333333303017,0.002142857142871435,21,0.7458333333333333,0.08149801889207696,0.5598214285714287,0.07396608778931832,0.18601190476190474,0.10989883064068733,0.19375,0.15,0.24375,-0.04375,0.40625,0,0,0,20,1,21,16,5,10,2,228.5,2.5,2.5,-3.9290980768038506,8.52650609696652e-05,asymptotic,0.9783549783549783,1.6925740126395705,0.9523809523809523,5,6,0.0005888388940576975,10,True,singlem_higher
strict_svm,Tables II-III,wbcic_3c,WBCIC-MI-3C,motor_imagery,SingLEM,BENDR,foundation,bendr,one_row_per_subject,0.0016844025539626273,0.0035978514239403125,11,0.6814168440255396,0.12951948245477046,0.3549640214857606,0.027620707802051565,0.32645282253981817,0.12054116429813674,0.336666666667,0.2971571906355,0.39666666666649997,0.07,0.51,0,0,0,11,0,11,11,0,0,1,66.0,0.0,0.0,nan,0.0009765625,exact,1.0,2.7082268902961335,1.0,1,10,0.009765625,10,True,singlem_higher
strict_svm,Tables II-III,wbcic_3c,WBCIC-MI-3C,motor_imagery,SingLEM,BIOT,foundation,biot,one_row_per_subject,0.0016844025539626273,0.0007753116448796504,11,0.6814168440255396,0.12951948245477046,0.35949224688355125,0.043572581670217096,0.321924597142,0.15098483131152704,0.351170568562,0.281666666667,0.39666666666649997,-0.04,0.513333333333,0,0,0,10,1,11,11,0,0,1,65.0,1.0,1.0,nan,0.001953125,exact,0.9696969696969697,2.1321651608681993,0.9090909090909091,5,6,0.01171875,10,True,singlem_higher
strict_svm,Tables II-III,wbcic_3c,WBCIC-MI-3C,motor_imagery,SingLEM,LaBraM,foundation,labram,one_row_per_subject,0.0016844025539626273,0.0002401945880308176,11,0.6814168440255396,0.12951948245477046,0.3989024019458803,0.058153620162527835,0.2825144420796364,0.10780025765098912,0.32,0.2416666666665,0.34833333333350003,0.03,0.386666666667,0,0,0,11,0,11,11,0,0,1,66.0,0.0,0.0,nan,0.0009765625,exact,1.0,2.6207213993337257,1.0,2,9,0.009765625,10,True,singlem_higher
strict_svm,Tables II-III,wbcic_3c,WBCIC-MI-3C,motor_imagery,SingLEM,CBraMod,foundation,cbramod,one_row_per_subject,0.0016844025539626273,0.00016215668389918392,11,0.6814168440255396,0.12951948245477046,0.602001621566839,0.10759807272320335,0.07941522245863637,0.07660319824350213,0.070234113712,0.0166666666665,0.14500000000000002,-0.02,0.19,0,0,0,9,2,11,11,0,0,1,61.0,5.0,5.0,nan,0.009765625,exact,0.8484848484848485,1.036708966200021,0.8181818181818182,8,3,0.029296875,10,True,singlem_higher
strict_svm,Tables II-III,wbcic_3c,WBCIC-MI-3C,motor_imagery,SingLEM,CodeBrain,foundation,codebrain,one_row_per_subject,0.0016844025539626273,5.168744299766104e-05,11,0.6814168440255396,0.12951948245477046,0.5152994831255701,0.09537410919783151,0.16611736090000004,0.0629813363015161,0.1872909699,0.13,0.21000000000000002,0.04,0.23,0,0,0,11,0,11,11,0,0,1,66.0,0.0,0.0,nan,0.0009765625,exact,1.0,2.6375648827889546,1.0,3,8,0.009765625,10,True,singlem_higher
strict_svm,Tables II-III,wbcic_3c,WBCIC-MI-3C,motor_imagery,SingLEM,CSBrain,foundation,csbrain,one_row_per_subject,0.0016844025539626273,0.0023664741056137473,11,0.6814168440255396,0.12951948245477046,0.6304763352589439,0.13805197822152862,0.05094050876663636,0.06740798472244108,0.053333333333,0.013333333333500001,0.08499999999999999,-0.05,0.186666666667,0,0,0,9,2,11,10,1,2,2,57.5,8.5,8.5,nan,0.025390625,exhaustive_permutation,0.7424242424242424,0.7557043720619872,0.8181818181818182,10,1,0.048828125,10,True,singlem_higher
strict_svm,Tables II-III,wbcic_3c,WBCIC-MI-3C,motor_imagery,SingLEM,LUNA,foundation,luna_large,one_row_per_subject,0.0016844025539626273,0.003491436100141243,11,0.6814168440255396,0.12951948245477046,0.4534650856389986,0.06297225543866414,0.22795175838654547,0.08177441505073381,0.240802675585,0.195,0.28500000000000003,0.046666666667,0.316666666667,0,0,0,11,0,11,10,1,2,2,66.0,0.0,0.0,nan,0.0009765625,exhaustive_permutation,1.0,2.7875681928769716,1.0,4,7,0.009765625,10,True,singlem_higher
strict_svm,Tables II-III,wbcic_3c,WBCIC-MI-3C,motor_imagery,SingLEM,MIRepNet,foundation,mirepnet,one_row_per_subject,0.0016844025539626273,0.004787676092028903,11,0.6814168440255396,0.12951948245477046,0.4828478767609203,0.12637347398836363,0.19856896726454545,0.20398207685962005,0.253333333333,0.1216666666665,0.29712931995549996,-0.306666666667,0.473333333333,0,0,0,10,1,11,11,0,0,1,58.0,8.0,8.0,nan,0.0244140625,exact,0.7575757575757576,0.9734628175258756,0.9090909090909091,9,2,0.048828125,10,True,singlem_higher
strict_svm,Tables II-III,wbcic_3c,WBCIC-MI-3C,motor_imagery,SingLEM,CSP,classical,csp,one_row_per_subject,0.0016844025539626273,0.001884057971018649,11,0.6814168440255396,0.12951948245477046,0.3476811594202899,0.022805995298387984,0.3337356846054546,0.14117615521688434,0.346666666667,0.296666666667,0.4133333333335,-0.01,0.536666666667,0,0,0,10,1,11,10,1,2,2,65.0,1.0,1.0,nan,0.001953125,exhaustive_permutation,0.9696969696969697,2.3639663801068056,0.9090909090909091,6,5,0.01171875,10,True,singlem_higher
strict_svm,Tables II-III,wbcic_3c,WBCIC-MI-3C,motor_imagery,SingLEM,Welch PSD,classical,welch_psd,one_row_per_subject,0.0016844025539626273,0.0030961791831387586,11,0.6814168440255396,0.12951948245477046,0.37646903820816857,0.05506381597730257,0.3049478058173637,0.16608938556840636,0.327759197324,0.2583333333335,0.3716666666665,-0.113333333333,0.53,0,0,0,10,1,11,9,2,4,2,65.0,1.0,1.0,nan,0.001953125,exhaustive_permutation,0.9696969696969697,1.8360463239342075,0.9090909090909091,7,4,0.01171875,10,True,singlem_higher
strict_svm,Tables II-III,wbcic_2c,WBCIC-MI-2C,motor_imagery,SingLEM,BENDR,foundation,bendr,one_row_per_subject,0.004156074490083483,0.0011735146319935552,51,0.7968415607449009,0.13418964789368518,0.5108882648536801,0.03708436722196381,0.28595329589123525,0.1298257271756145,0.32,0.1975,0.3834547738695,-0.015,0.47,0,0,0,49,2,51,39,12,24,2,1323.0,3.0,3.0,-6.186895840451618,6.136047922720797e-10,asymptotic,0.995475113122172,2.202593446708971,0.9607843137254902,2,9,6.125479469644924e-09,10,True,singlem_higher
strict_svm,Tables II-III,wbcic_2c,WBCIC-MI-2C,motor_imagery,SingLEM,BIOT,foundation,biot,one_row_per_subject,0.004156074490083483,0.0030870036456818184,51,0.7968415607449009,0.13418964789368518,0.5083308700364568,0.03528291692210564,0.2885106907084314,0.14244181794744068,0.325,0.2025,0.3875,-0.035,0.52,1,0,1,47,3,50,41,8,17,3,1266.0,9.0,9.0,-6.067474373503987,1.2993734260717952e-09,asymptotic,0.9858823529411764,2.025463412822268,0.94,6,5,7.675260932166015e-09,10,True,singlem_higher
strict_svm,Tables II-III,wbcic_2c,WBCIC-MI-2C,motor_imagery,SingLEM,LaBraM,foundation,labram,one_row_per_subject,0.004156074490083483,0.0031786382894907206,51,0.7968415607449009,0.13418964789368518,0.5723682136171051,0.05968474788969734,0.22447334712780392,0.11148466648767479,0.24,0.155,0.3,-0.07,0.455,0,0,0,48,3,51,35,13,29,4,1318.0,8.0,8.0,-6.140463844921544,8.228086156029572e-10,asymptotic,0.9879336349924586,2.0134907714203067,0.9411764705882353,3,8,6.5824689248236575e-09,10,True,singlem_higher
strict_svm,Tables II-III,wbcic_2c,WBCIC-MI-2C,motor_imagery,SingLEM,CBraMod,foundation,cbramod,one_row_per_subject,0.004156074490083483,0.0035116760272018155,51,0.7968415607449009,0.13418964789368518,0.781435116760272,0.1113893074077541,0.015406443984627451,0.060848296663382796,0.02,-0.015,0.042499999999999996,-0.185,0.16,3,0,3,31,17,48,21,10,37,7,825.5,350.5,350.5,-2.437966016411494,0.01477016248180425,asymptotic,0.4039115646258503,0.2531943345901204,0.6458333333333334,9,2,0.0295403249636085,10,True,singlem_higher
strict_svm,Tables II-III,wbcic_2c,WBCIC-MI-2C,motor_imagery,SingLEM,CodeBrain,foundation,codebrain,one_row_per_subject,0.004156074490083483,0.0030219726081242015,51,0.7968415607449009,0.13418964789368518,0.7417302197260813,0.11941486222814496,0.055111341018823534,0.06727019766829537,0.05,0.02,0.1,-0.13,0.2,0,0,0,43,8,51,26,12,37,6,1163.0,163.0,163.0,-4.68925765619049,2.7419795672410315e-06,asymptotic,0.7541478129713424,0.8192534425210655,0.8431372549019608,8,3,8.225938701723094e-06,10,True,singlem_higher
strict_svm,Tables II-III,wbcic_2c,WBCIC-MI-2C,motor_imagery,SingLEM,CSBrain,foundation,csbrain,one_row_per_subject,0.004156074490083483,0.0014080204946225194,51,0.7968415607449009,0.13418964789368518,0.7929140802049464,0.12759612258204467,0.003927480539941176,0.07886406617124311,0.005,-0.03,0.0325,-0.3,0.24,3,0,3,27,21,48,23,8,33,7,650.0,526.0,526.0,-0.636450018992969,0.5244831480379373,asymptotic,0.1054421768707483,0.04980063456800667,0.5625,10,1,0.5244831480379373,10,False,not_significant
strict_svm,Tables II-III,wbcic_2c,WBCIC-MI-2C,motor_imagery,SingLEM,LUNA,foundation,luna_large,one_row_per_subject,0.004156074490083483,0.003027884520648172,51,0.7968415607449009,0.13418964789368518,0.6226697211547936,0.09000147088842594,0.17417183959011762,0.1029657329998153,0.2,0.10250000000000001,0.2425,-0.04,0.41,0,0,0,49,2,51,40,9,20,3,1314.5,11.5,11.5,-6.107316747948423,1.0132003806185388e-09,asymptotic,0.9826546003016591,1.6915514950049453,0.9607843137254902,4,7,7.092402664329772e-09,10,True,singlem_higher
strict_svm,Tables II-III,wbcic_2c,WBCIC-MI-2C,motor_imagery,SingLEM,MIRepNet,foundation,mirepnet,one_row_per_subject,0.004156074490083483,0.001846487338646341,51,0.7968415607449009,0.13418964789368518,0.6125815351266135,0.1086749580398606,0.18426002561829413,0.15807217804606685,0.22,0.11,0.28822864321599995,-0.45,0.45,0,0,0,47,4,51,40,10,21,3,1241.5,84.5,84.5,-5.422937728353295,5.8627421052973697e-08,asymptotic,0.8725490196078431,1.1656701887450136,0.9215686274509803,7,4,2.3450968421189479e-07,10,True,singlem_higher
strict_svm,Tables II-III,wbcic_2c,WBCIC-MI-2C,motor_imagery,SingLEM,CSP,classical,csp,one_row_per_subject,0.004156074490083483,0.0049551679968402595,51,0.7968415607449009,0.13418964789368518,0.4970504483200316,0.03660941047173924,0.2997911124248627,0.14500381999342235,0.325,0.21,0.415,-0.01,0.515,0,0,0,49,2,51,37,11,25,3,1323.0,3.0,3.0,-6.187167690346974,6.125479469644924e-10,asymptotic,0.995475113122172,2.067470446216257,0.9607843137254902,1,10,6.125479469644924e-09,10,True,singlem_higher
strict_svm,Tables II-III,wbcic_2c,WBCIC-MI-2C,motor_imagery,SingLEM,Welch PSD,classical,welch_psd,one_row_per_subject,0.004156074490083483,0.0037777120898567773,51,0.7968415607449009,0.13418964789368518,0.5434377771208986,0.05031092404942651,0.25340378362399996,0.13479230472777962,0.285,0.185,0.345,-0.09,0.475,0,0,0,47,4,51,37,11,25,3,1310.5,15.5,15.5,-6.0699864840904025,1.2792101553610024e-09,asymptotic,0.9766214177978884,1.8799573472370152,0.9215686274509803,5,6,7.675260932166015e-09,10,True,singlem_higher
strict_svm,Tables II-III,atten_nback,N-back-2C,cognitive,SingLEM,BENDR,foundation,bendr,one_row_per_subject,0.002421652421617182,0.0007122507122474531,26,0.8415242165242163,0.09337913790343816,0.6274928774928775,0.05685563338296269,0.21403133903126925,0.07703912582097906,0.222222222222,0.185185185185,0.25694444444425,-0.055555555556,0.361111111111,0,0,0,25,1,26,15,8,19,3,350.0,1.0,1.0,-4.434987696258795,9.20775474830175e-06,asymptotic,0.9943019943019943,2.7782160915043104,0.9615384615384616,3,7,7.399702601113059e-05,9,True,singlem_higher
strict_svm,Tables II-III,atten_nback,N-back-2C,cognitive,SingLEM,BIOT,foundation,biot,one_row_per_subject,0.002421652421617182,8.547008546599955e-05,26,0.8415242165242163,0.09337913790343816,0.6047008547008547,0.09780755827239195,0.23682336182342306,0.11037326235713754,0.2453703703705,0.159722222222,0.31481481481475004,0.018518518519,0.435185185185,0,0,0,26,0,26,22,4,8,2,351.0,0.0,0.0,-4.45806399349448,8.270321439039442e-06,asymptotic,1.0,2.1456588014688536,1.0,2,8,7.399702601113059e-05,9,True,singlem_higher
strict_svm,Tables II-III,atten_nback,N-back-2C,cognitive,SingLEM,LaBraM,foundation,labram,one_row_per_subject,0.002421652421617182,0.0007122507122616639,26,0.8415242165242163,0.09337913790343816,0.6225071225071226,0.08446993167625733,0.21901709401696154,0.09221933312787453,0.212962962963,0.185185185185,0.24768518518525,0.037037037037,0.472222222222,0,0,0,26,0,26,19,5,12,3,351.0,0.0,0.0,-4.4593230541782125,8.22189177901451e-06,asymptotic,1.0,2.3749585535742797,1.0,1,9,7.399702601113059e-05,9,True,singlem_higher
strict_svm,Tables II-III,atten_nback,N-back-2C,cognitive,SingLEM,CBraMod,foundation,cbramod,one_row_per_subject,0.002421652421617182,0.0029344729344700227,26,0.8415242165242163,0.09337913790343816,0.7802706552706553,0.09977882579076808,0.061253561253576914,0.07205949964356492,0.046296296296,0.020833333333750002,0.083333333333,-0.037037037037,0.268518518519,2,0,2,21,3,24,15,6,15,4,285.5,14.5,14.5,-3.874988870259242,0.00010662957291202542,asymptotic,0.9033333333333333,0.8500414457019755,0.875,7,3,0.00031988871873607624,9,True,singlem_higher
strict_svm,Tables II-III,atten_nback,N-back-2C,cognitive,SingLEM,CodeBrain,foundation,codebrain,one_row_per_subject,0.002421652421617182,0.0017948717948570447,26,0.8415242165242163,0.09337913790343816,0.8012820512820513,0.10328057757349511,0.040242165242192304,0.0606289795940699,0.046296296296500006,0.00231481481475,0.083333333333,-0.101851851852,0.138888888889,1,0,1,19,6,25,12,7,20,5,267.0,58.0,58.0,-2.81661950595687,0.004853198376180354,asymptotic,0.6430769230769231,0.6637447226000878,0.76,9,1,0.004853198376180354,9,True,singlem_higher
strict_svm,Tables II-III,atten_nback,N-back-2C,cognitive,SingLEM,CSBrain,foundation,csbrain,one_row_per_subject,0.002421652421617182,0.0039031339031367907,26,0.8415242165242163,0.09337913790343816,0.7813390313390313,0.08376746682614902,0.060185185185230756,0.06548594337068267,0.074074074074,0.02546296296325,0.10879629629625,-0.111111111111,0.166666666667,1,0,1,21,4,25,14,5,16,5,288.5,36.5,36.5,-3.3953446443179858,0.0006854226046202322,asymptotic,0.7753846153846153,0.919055022916185,0.84,8,2,0.0013708452092404645,9,True,singlem_higher
strict_svm,Tables II-III,atten_nback,N-back-2C,cognitive,SingLEM,LUNA,foundation,luna_large,one_row_per_subject,0.002421652421617182,0.0032193732193803726,26,0.8415242165242163,0.09337913790343816,0.6937321937321939,0.09565036485628502,0.14779202279203846,0.09730528265790397,0.12962962963,0.085648148148,0.19212962962925,-0.046296296296,0.435185185185,0,0,0,25,1,26,18,5,13,3,349.0,2.0,2.0,-4.4090383289460755,1.0383064953402329e-05,asymptotic,0.9886039886039886,1.5188489129786575,0.9615384615384616,4,6,7.399702601113059e-05,9,True,singlem_higher
strict_svm,Tables II-III,atten_nback,N-back-2C,cognitive,SingLEM,CSP,classical,csp,one_row_per_subject,0.002421652421617182,0.0010541310541185567,26,0.8415242165242163,0.09337913790343816,0.5836894586894588,0.08439572868805133,0.25783475783480775,0.12927709490904332,0.27314814814849997,0.18749999999974998,0.342592592593,-0.148148148148,0.527777777778,0,0,0,25,1,26,21,5,10,2,348.0,3.0,3.0,-4.382034498390387,1.1757618576094965e-05,asymptotic,0.9829059829059829,1.994434961709303,0.9615384615384616,5,5,7.399702601113059e-05,9,True,singlem_higher
strict_svm,Tables II-III,atten_nback,N-back-2C,cognitive,SingLEM,Welch PSD,classical,welch_psd,one_row_per_subject,0.002421652421617182,0.000797720797720558,26,0.8415242165242163,0.09337913790343816,0.6477920227920227,0.08672049488677515,0.19373219373219228,0.11776156063873906,0.20833333333350001,0.12962962963,0.259259259259,-0.092592592593,0.407407407407,0,0,0,24,2,26,20,5,11,3,346.0,5.0,5.0,-4.331752462139867,1.4792719921693911e-05,asymptotic,0.9715099715099715,1.6451225058617454,0.9230769230769231,6,4,7.399702601113059e-05,9,True,singlem_higher
strict_svm,Tables II-III,atten_dsr,DSR-2C,cognitive,SingLEM,BENDR,foundation,bendr,one_row_per_subject,0.0037606837606602994,0.004615384615384244,26,0.8568376068376067,0.08746862142558934,0.5961538461538461,0.07358994212625967,0.2606837606836923,0.08600420714561889,0.25,0.19791666666625,0.31249999999975,0.083333333333,0.416666666667,0,0,0,26,0,26,14,6,18,4,351.0,0.0,0.0,-4.462745889353202,8.091599091922526e-06,asymptotic,1.0,3.0310582393058163,1.0,1,9,7.282439182730273e-05,9,True,singlem_higher
strict_svm,Tables II-III,atten_dsr,DSR-2C,cognitive,SingLEM,BIOT,foundation,biot,one_row_per_subject,0.0037606837606602994,0.001282051282053942,26,0.8568376068376067,0.08746862142558934,0.6169871794871795,0.09036731260297896,0.23985042735038464,0.11101090566971962,0.2430555555555,0.17361111111125,0.32638888888875,0.013888888889,0.430555555556,0,0,0,26,0,26,17,6,15,4,351.0,0.0,0.0,-4.460583182228687,8.173692556520414e-06,asymptotic,1.0,2.1606023831927756,1.0,2,8,7.282439182730273e-05,9,True,singlem_higher
strict_svm,Tables II-III,atten_dsr,DSR-2C,cognitive,SingLEM,LaBraM,foundation,labram,one_row_per_subject,0.0037606837606602994,8.54700854802104e-05,26,0.8568376068376067,0.08746862142558934,0.6672008547008548,0.1195723326486639,0.1896367521368077,0.11914965610859951,0.1597222222225,0.10763888888875,0.27430555555575,0.013888888889,0.486111111111,0,0,0,26,0,26,20,4,10,4,351.0,0.0,0.0,-4.459682981783156,8.20809709421595e-06,asymptotic,1.0,1.591584552824579,1.0,3,7,7.282439182730273e-05,9,True,singlem_higher
strict_svm,Tables II-III,atten_dsr,DSR-2C,cognitive,SingLEM,CBraMod,foundation,cbramod,one_row_per_subject,0.0037606837606602994,0.0003418803418924199,26,0.8568376068376067,0.08746862142558934,0.7938034188034189,0.09842057552468228,0.06303418803415385,0.07568929842150694,0.069444444444,0.00347222222225,0.111111111111,-0.083333333333,0.222222222222,1,0,1,19,6,25,13,8,20,4,287.0,38.0,38.0,-3.353402298232588,0.0007982459011420259,asymptotic,0.7661538461538462,0.8328018537458504,0.76,8,2,0.0015964918022840517,9,True,singlem_higher
strict_svm,Tables II-III,atten_dsr,DSR-2C,cognitive,SingLEM,CodeBrain,foundation,codebrain,one_row_per_subject,0.0037606837606602994,0.0021367521367494646,26,0.8568376068376067,0.08746862142558934,0.8199786324786326,0.09537780376530024,0.036858974359,0.07717447641586182,0.041666666667,-0.02430555555575,0.065972222222,-0.083333333333,0.208333333333,1,0,1,16,9,25,10,5,20,5,244.0,81.0,81.0,-2.1982912772953145,0.027928355606078075,asymptotic,0.5015384615384615,0.4776057586757311,0.64,9,1,0.027928355606078075,9,True,singlem_higher
strict_svm,Tables II-III,atten_dsr,DSR-2C,cognitive,SingLEM,CSBrain,foundation,csbrain,one_row_per_subject,0.0037606837606602994,0.0023076923076956746,26,0.8568376068376067,0.08746862142558934,0.7644230769230769,0.1091833298867835,0.09241452991450003,0.06430328262020497,0.097222222222,0.055555555556,0.125,-0.027777777778,0.222222222222,2,0,2,23,1,24,12,7,19,5,297.0,3.0,3.0,-4.206873981686247,2.5892743028788883e-05,asymptotic,0.98,1.4371665978598442,0.9583333333333334,7,3,7.767822908636665e-05,9,True,singlem_higher
strict_svm,Tables II-III,atten_dsr,DSR-2C,cognitive,SingLEM,LUNA,foundation,luna_large,one_row_per_subject,0.0037606837606602994,0.0035042735042907225,26,0.8568376068376067,0.08746862142558934,0.7072649572649572,0.08809743806996846,0.14957264957276922,0.09397823594805027,0.138888888889,0.097222222222,0.190972222222,0.0,0.388888888889,1,0,1,25,0,25,15,6,16,4,325.0,0.0,0.0,-4.377129188300479,1.2025270456350779e-05,asymptotic,1.0,1.591566899121736,1.0,6,4,7.282439182730273e-05,9,True,singlem_higher
strict_svm,Tables II-III,atten_dsr,DSR-2C,cognitive,SingLEM,CSP,classical,csp,one_row_per_subject,0.0037606837606602994,0.0002564102564122095,26,0.8568376068376067,0.08746862142558934,0.5641025641025641,0.08562379341106457,0.2927350427350769,0.10779231552316956,0.277777777778,0.20138888888849998,0.388888888889,0.083333333333,0.5,0,0,0,26,0,26,17,7,16,3,351.0,0.0,0.0,-4.459682981783156,8.20809709421595e-06,asymptotic,1.0,2.715732019618361,1.0,4,6,7.282439182730273e-05,9,True,singlem_higher
strict_svm,Tables II-III,atten_dsr,DSR-2C,cognitive,SingLEM,Welch PSD,classical,welch_psd,one_row_per_subject,0.0037606837606602994,0.0036752136752227216,26,0.8568376068376067,0.08746862142558934,0.6228632478632478,0.09531399600666124,0.23397435897446156,0.1141725672773808,0.236111111111,0.17013888888925,0.277777777778,-0.027777777778,0.486111111111,0,0,0,25,1,26,14,10,22,3,349.5,1.5,1.5,-4.422101472224208,9.774552899267587e-06,asymptotic,0.9914529914529915,2.0493045269449346,0.9615384615384616,5,5,7.282439182730273e-05,9,True,singlem_higher
strict_svm,Tables II-III,atten_word,WG-2C,cognitive,SingLEM,BENDR,foundation,bendr,one_row_per_subject,0.003589743589756722,7.105427357601002e-15,26,0.7025641025641025,0.0825553427428208,0.49999999999999994,0.09128709291752769,0.20256410256407695,0.12235579336894822,0.216666666667,0.116666666667,0.27083333333299997,0.033333333333,0.466666666667,0,0,0,26,0,26,17,6,15,4,351.0,0.0,0.0,-4.460583182228687,8.173692556520414e-06,asymptotic,1.0,1.655533399659065,1.0,1,9,7.356323300868372e-05,9,True,singlem_higher
strict_svm,Tables II-III,atten_word,WG-2C,cognitive,SingLEM,BIOT,foundation,biot,one_row_per_subject,0.003589743589756722,0.000512820512824419,26,0.7025641025641025,0.0825553427428208,0.5717948717948718,0.07856621139300006,0.13076923076926922,0.09805806756913386,0.1583333333335,0.0708333333335,0.19166666666675,-0.066666666667,0.333333333333,0,0,0,23,3,26,12,6,20,6,337.0,14.0,14.0,-4.110399568823524,3.949750447895491e-05,asymptotic,0.9202279202279202,1.3335897189394743,0.8846153846153846,2,8,0.0003159800358316393,9,True,singlem_higher
strict_svm,Tables II-III,atten_word,WG-2C,cognitive,SingLEM,LaBraM,foundation,labram,one_row_per_subject,0.003589743589756722,0.001538461538459046,26,0.7025641025641025,0.0825553427428208,0.6153846153846154,0.08868459429324387,0.08717948717949998,0.11569189852630397,0.066666666667,0.0208333333335,0.16250000000025,-0.1,0.333333333333,1,0,1,20,5,25,14,7,18,4,282.0,43.0,43.0,-3.218581569503907,0.001288263237758127,asymptotic,0.7353846153846154,0.7535487643473899,0.8,6,4,0.005761702496678976,9,True,singlem_higher
strict_svm,Tables II-III,atten_word,WG-2C,cognitive,SingLEM,CBraMod,foundation,cbramod,one_row_per_subject,0.003589743589756722,0.0041025641025385085,26,0.7025641025641025,0.0825553427428208,0.6993589743589745,0.08346400012124579,0.0032051282051538464,0.08340253536901662,-0.016666666667,-0.04583333333325,0.033333333333,-0.15,0.166666666667,1,0,1,10,15,25,8,7,24,7,154.0,171.0,154.0,-0.22961444827236543,0.8183913787271759,asymptotic,-0.052307692307692305,0.038429625562012903,0.4,9,1,0.8183913787271759,9,False,not_significant
strict_svm,Tables II-III,atten_word,WG-2C,cognitive,SingLEM,CodeBrain,foundation,codebrain,one_row_per_subject,0.003589743589756722,0.00384615384614051,26,0.7025641025641025,0.0825553427428208,0.6634615384615385,0.09649631320179264,0.03910256410246153,0.11144927173807055,0.025,-0.0583333333335,0.11250000000025,-0.2,0.233333333333,2,0,2,14,10,24,11,7,20,5,204.5,95.5,95.5,-1.5599309396926337,0.11877620202694127,asymptotic,0.36333333333333334,0.35085526798560746,0.5833333333333334,8,2,0.23755240405388253,9,False,not_significant
strict_svm,Tables II-III,atten_word,WG-2C,cognitive,SingLEM,CSBrain,foundation,csbrain,one_row_per_subject,0.003589743589756722,0.0028205128205058827,26,0.7025641025641025,0.0825553427428208,0.6801282051282052,0.07674188060841511,0.02243589743588462,0.0684660999153295,0.033333333333,-0.01250000000025,0.05,-0.116666666667,0.166666666667,3,0,3,16,7,23,8,4,19,7,199.0,77.0,77.0,-1.8646065984214732,0.062236567289821694,asymptotic,0.4420289855072464,0.3276935222486836,0.6956521739130435,7,3,0.1867097018694651,9,False,not_significant
strict_svm,Tables II-III,atten_word,WG-2C,cognitive,SingLEM,LUNA,foundation,luna_large,one_row_per_subject,0.003589743589756722,0.0002564102564122095,26,0.7025641025641025,0.0825553427428208,0.5858974358974359,0.09634340289844076,0.1166666666666923,0.11343133018113354,0.10833333333350001,0.016666666667,0.1791666666665,-0.033333333333,0.4,3,0,3,21,2,23,15,5,13,4,268.0,8.0,8.0,-3.957835936405373,7.563187552530302e-05,asymptotic,0.9420289855072463,1.0285224239228474,0.9130434782608695,3,7,0.0005294231286771212,9,True,singlem_higher
strict_svm,Tables II-III,atten_word,WG-2C,cognitive,SingLEM,CSP,classical,csp,one_row_per_subject,0.003589743589756722,0.004358974358964929,26,0.7025641025641025,0.0825553427428208,0.5352564102564104,0.10014732737066515,0.16730769230776923,0.15849856425779627,0.175,0.10416666666675001,0.266666666667,-0.2,0.466666666667,0,0,0,23,3,26,18,6,14,3,320.0,31.0,31.0,-3.6717845272026794,0.0002408627222787548,asymptotic,0.8233618233618234,1.0555785984007087,0.8846153846153846,4,6,0.0014451763336725287,9,True,singlem_higher
strict_svm,Tables II-III,atten_word,WG-2C,cognitive,SingLEM,Welch PSD,classical,welch_psd,one_row_per_subject,0.003589743589756722,0.004358974358964929,26,0.7025641025641025,0.0825553427428208,0.6147435897435897,0.08331025321410497,0.08782051282053846,0.10848017661276609,0.1,0.00416666666675,0.16250000000025,-0.183333333333,0.266666666667,4,0,4,19,3,22,12,6,16,3,226.5,26.5,26.5,-3.2504215663846083,0.0011523404993357953,asymptotic,0.7905138339920948,0.809553556812735,0.8636363636363636,5,5,0.005761702496678976,9,True,singlem_higher
strict_mlp_neural,Table IV,dreyer,Dreyer-MI-2C,motor_imagery,SingLEM,BENDR,foundation,bendr,one_row_per_subject,0.0009523809523841464,0.004047619047611306,21,0.7363095238095239,0.08806999718838364,0.49494047619047615,0.015260632515132022,0.2413690476190476,0.08894951584493094,0.225,0.18125,0.31875,0.05,0.375,0,0,0,21,0,21,14,4,11,4,231.0,0.0,0.0,-4.019367282483481,5.8354642040861466e-05,asymptotic,1.0,2.713550999421238,1.0,1,13,0.0007586103465311991,13,True,singlem_higher
strict_mlp_neural,Table IV,dreyer,Dreyer-MI-2C,motor_imagery,SingLEM,BIOT,foundation,biot,one_row_per_subject,0.0009523809523841464,0.0014285714285620088,21,0.7363095238095239,0.08806999718838364,0.5017857142857144,0.05307508158933235,0.23452380952380952,0.11106056638052007,0.24375,0.14375,0.30625,-0.025,0.425,0,0,0,20,1,21,17,4,8,2,230.0,1.0,1.0,-3.980953444767303,6.863939305012668e-05,asymptotic,0.9913419913419913,2.1116748920609214,0.9523809523809523,4,10,0.0007586103465311991,13,True,singlem_higher
strict_mlp_neural,Table IV,dreyer,Dreyer-MI-2C,motor_imagery,SingLEM,LaBraM,foundation,labram,one_row_per_subject,0.0009523809523841464,0.0026190476190492973,21,0.7363095238095239,0.08806999718838364,0.5467261904761905,0.05689282164528233,0.18958333333333335,0.07195195156028315,0.18125,0.14375,0.25,0.05,0.29375,0,0,0,21,0,21,16,4,9,3,231.0,0.0,0.0,-4.016632088371218,5.9035780495879955e-05,asymptotic,1.0,2.6348601979822,1.0,2,12,0.0007586103465311991,13,True,singlem_higher
strict_mlp_neural,Table IV,dreyer,Dreyer-MI-2C,motor_imagery,SingLEM,CBraMod,foundation,cbramod,one_row_per_subject,0.0009523809523841464,0.004523809523803379,21,0.7363095238095239,0.08806999718838364,0.705654761904762,0.0848920445400538,0.030654761904761907,0.06416241482511764,0.04375,0.0,0.075,-0.11875,0.13125,2,0,2,14,5,19,13,5,11,3,146.5,43.5,43.5,-2.0741525204336075,0.038065148169641155,asymptotic,0.5421052631578948,0.4777682072645666,0.7368421052631579,10,4,0.15226059267856462,13,False,not_significant
strict_mlp_neural,Table IV,dreyer,Dreyer-MI-2C,motor_imagery,SingLEM,CodeBrain,foundation,codebrain,one_row_per_subject,0.0009523809523841464,0.004047619047625517,21,0.7363095238095239,0.08806999718838364,0.6574404761904762,0.07359674350650242,0.07886904761904762,0.06276432202332484,0.075,0.05625,0.1125,-0.025,0.1875,0,0,0,17,4,21,11,7,17,4,220.0,11.0,11.0,-3.637396422388676,0.0002754078864150778,asymptotic,0.9047619047619048,1.2565904494234454,0.8095238095238095,6,8,0.0022032630913206225,13,True,singlem_higher
strict_mlp_neural,Table IV,dreyer,Dreyer-MI-2C,motor_imagery,SingLEM,CSBrain,foundation,csbrain,one_row_per_subject,0.0009523809523841464,0.0028571428571382285,21,0.7363095238095239,0.08806999718838364,0.6839285714285713,0.1115685647611241,0.052380952380952375,0.07854825821778366,0.05625,0.00625,0.0875,-0.0875,0.2125,0,0,0,16,5,21,15,4,10,3,189.0,42.0,42.0,-2.5566183994983214,0.010569509476640282,asymptotic,0.6363636363636364,0.666863321599321,0.7619047619047619,8,6,0.06363996301023299,13,False,not_significant
strict_mlp_neural,Table IV,dreyer,Dreyer-MI-2C,motor_imagery,SingLEM,LUNA,foundation,luna_large,one_row_per_subject,0.0009523809523841464,0.0021428571428643295,21,0.7363095238095239,0.08806999718838364,0.5723214285714286,0.07734792106357573,0.16398809523809524,0.08687061054344258,0.1625,0.10625,0.225,0.01875,0.35625,0,0,0,21,0,21,17,4,8,2,231.0,0.0,0.0,-4.015721597123349,5.9264183246226055e-05,asymptotic,1.0,1.8877281305175984,1.0,3,11,0.0007586103465311991,13,True,singlem_higher
strict_mlp_neural,Table IV,dreyer,Dreyer-MI-2C,motor_imagery,SingLEM,MIRepNet,foundation,mirepnet,one_row_per_subject,0.0009523809523841464,0.004285714285714448,21,0.7363095238095239,0.08806999718838364,0.7303571428571429,0.1761157036479955,0.005952380952380952,0.20496261273473176,-0.01875,-0.19375,0.15,-0.28125,0.325,0,0,0,10,11,21,19,2,4,2,120.5,110.5,110.5,-0.17381449986274955,0.8620112486109536,asymptotic,0.04329004329004329,0.029041301108337678,0.47619047619047616,12,2,1.0,13,False,not_significant
strict_mlp_neural,Table IV,dreyer,Dreyer-MI-2C,motor_imagery,SingLEM,CSP,classical,csp,one_row_per_subject,0.0009523809523841464,0.004047619047625517,21,0.7363095238095239,0.08806999718838364,0.6449404761904762,0.13931499615892723,0.09136904761904763,0.16234940366089315,0.075,-0.03125,0.19375,-0.21875,0.34375,0,0,0,14,7,21,17,3,7,3,179.0,52.0,52.0,-2.2081113521857887,0.027236511849879044,asymptotic,0.5497835497835498,0.5627926284835296,0.6666666666666666,9,5,0.1361825592493952,13,False,not_significant
strict_mlp_neural,Table IV,dreyer,Dreyer-MI-2C,motor_imagery,SingLEM,Welch PSD,classical,welch_psd,one_row_per_subject,0.0009523809523841464,0.0004761904761920732,21,0.7363095238095239,0.08806999718838364,0.5619047619047619,0.0752055714438131,0.1744047619047619,0.12038195660559134,0.18125,0.125,0.24375,-0.1625,0.36875,0,0,0,19,2,21,18,2,5,3,223.0,8.0,8.0,-3.7378587898797697,0.00018559413043658886,asymptotic,0.9307359307359307,1.4487616485264982,0.9047619047619048,5,9,0.0016703471739292998,13,True,singlem_higher
strict_mlp_neural,Table IV,dreyer,Dreyer-MI-2C,motor_imagery,SingLEM,EEGNet,neural,eegnet,one_row_per_subject,0.0009523809523841464,0.0047619047618781,21,0.7363095238095239,0.08806999718838364,0.7309523809523811,0.1049828146367186,0.005357142857142856,0.04934277881745789,-0.0125,-0.025,0.025,-0.05,0.16875,1,0,1,8,12,20,10,6,16,4,103.5,106.5,103.5,-0.0561017236116809,0.9552607708594819,asymptotic,-0.014285714285714285,0.10856994651560756,0.4,13,1,1.0,13,False,not_significant
strict_mlp_neural,Table IV,dreyer,Dreyer-MI-2C,motor_imagery,SingLEM,EEGConformer,neural,eegconformer,one_row_per_subject,0.0009523809523841464,0.0014285714285620088,21,0.7363095238095239,0.08806999718838364,0.7017857142857145,0.09593582769598794,0.034523809523809526,0.05609767735621418,0.0375,0.00625,0.06875,-0.11875,0.11875,0,0,0,16,5,21,14,6,13,3,190.5,40.5,40.5,-2.608597030331934,0.009091423287176142,asymptotic,0.6493506493506493,0.615423153878316,0.7619047619047619,7,7,0.06363996301023299,13,False,not_significant
strict_mlp_neural,Table IV,dreyer,Dreyer-MI-2C,motor_imagery,SingLEM,IFNetV2,neural,ifnetv2,one_row_per_subject,0.0009523809523841464,0.0023809523809461552,21,0.7363095238095239,0.08806999718838364,0.6845238095238095,0.17260208763152868,0.05178571428571428,0.19478697155024072,0.1,-0.09375,0.18125,-0.275,0.325,0,0,0,12,9,21,17,4,8,2,152.0,79.0,79.0,-1.2690375609956903,0.20442766786414546,asymptotic,0.31601731601731603,0.26585820331601273,0.5714285714285714,11,3,0.6132830035924364,13,False,not_significant
strict_mlp_neural,Table IV,wbcic_3c,WBCIC-MI-3C,motor_imagery,SingLEM,BENDR,foundation,bendr,one_row_per_subject,0.0031944866727400267,0.004681260768215623,11,0.6744319448667274,0.13566885226788103,0.35434681260768214,0.029212533632504367,0.320085132259,0.1340453044283307,0.31,0.283801560758,0.405,0.013333333333,0.51,0,0,0,11,0,11,11,0,0,1,66.0,0.0,0.0,nan,0.0009765625,exact,1.0,2.3878876893456438,1.0,1,13,0.0126953125,13,True,singlem_higher
strict_mlp_neural,Table IV,wbcic_3c,WBCIC-MI-3C,motor_imagery,SingLEM,BIOT,foundation,biot,one_row_per_subject,0.0031944866727400267,0.0023857302118130974,11,0.6744319448667274,0.13566885226788103,0.35617614269788184,0.02669259057652329,0.3182558021688182,0.14630188361652788,0.323333333333,0.273740245262,0.391666666667,-0.003333333333,0.553333333333,0,0,0,10,1,11,10,1,2,2,65.0,1.0,1.0,nan,0.001953125,exhaustive_permutation,0.9696969696969697,2.1753363271999904,0.9090909090909091,6,8,0.015625,13,True,singlem_higher
strict_mlp_neural,Table IV,wbcic_3c,WBCIC-MI-3C,motor_imagery,SingLEM,LaBraM,foundation,labram,one_row_per_subject,0.0031944866727400267,0.004917401439143987,11,0.6744319448667274,0.13566885226788103,0.37555082598560857,0.042235190345154085,0.298881118881,0.1275237932822764,0.313333333333,0.2366666666665,0.371666666667,0.013333333333,0.493333333333,0,0,0,11,0,11,11,0,0,1,66.0,0.0,0.0,nan,0.0009765625,exact,1.0,2.34372826582582,1.0,2,12,0.0126953125,13,True,singlem_higher
strict_mlp_neural,Table IV,wbcic_3c,WBCIC-MI-3C,motor_imagery,SingLEM,CBraMod,foundation,cbramod,one_row_per_subject,0.0031944866727400267,0.0037772372554911726,11,0.6744319448667274,0.13566885226788103,0.6080622276274451,0.10237853308627239,0.06636971723927272,0.07505813474738286,0.046666666667,0.015033444816,0.088333333333,-0.013333333333,0.243333333333,0,0,0,9,2,11,9,2,4,2,61.5,4.5,4.5,nan,0.0078125,exhaustive_permutation,0.8636363636363636,0.8842441590461574,0.8181818181818182,10,4,0.0341796875,13,True,singlem_higher
strict_mlp_neural,Table IV,wbcic_3c,WBCIC-MI-3C,motor_imagery,SingLEM,CodeBrain,foundation,codebrain,one_row_per_subject,0.0031944866727400267,0.002578291273941602,11,0.6744319448667274,0.13566885226788103,0.5368257829127394,0.09029611766665488,0.137606161954,0.06497802093566668,0.156666666667,0.1051672240805,0.175,-0.003333333333,0.23,0,0,0,10,1,11,11,0,0,1,65.0,1.0,1.0,nan,0.001953125,exact,0.9696969696969697,2.117733965616479,0.9090909090909091,7,7,0.015625,13,True,singlem_higher
strict_mlp_neural,Table IV,wbcic_3c,WBCIC-MI-3C,motor_imagery,SingLEM,CSBrain,foundation,csbrain,one_row_per_subject,0.0031944866727400267,6.08087564444304e-05,11,0.6744319448667274,0.13566885226788103,0.6420006080875645,0.14351907284448143,0.032431336779181814,0.06113786440933158,0.026666666667,0.01,0.0433333333335,-0.046666666667,0.186666666667,0,0,0,9,2,11,9,2,4,2,51.5,14.5,14.5,nan,0.1064453125,exhaustive_permutation,0.5606060606060606,0.5304623753627835,0.8181818181818182,13,1,0.107421875,13,False,not_significant
strict_mlp_neural,Table IV,wbcic_3c,WBCIC-MI-3C,motor_imagery,SingLEM,LUNA,foundation,luna_large,one_row_per_subject,0.0031944866727400267,0.0007499746630301729,11,0.6744319448667274,0.13566885226788103,0.41800749974663026,0.05397632766616712,0.25642444512009094,0.11225051071890393,0.246666666667,0.203667781494,0.35,0.013333333333,0.41,0,0,0,11,0,11,11,0,0,1,66.0,0.0,0.0,nan,0.0009765625,exact,1.0,2.284394462687348,1.0,3,11,0.0126953125,13,True,singlem_higher
strict_mlp_neural,Table IV,wbcic_3c,WBCIC-MI-3C,motor_imagery,SingLEM,MIRepNet,foundation,mirepnet,one_row_per_subject,0.0031944866727400267,5.776831864068299e-05,11,0.6744319448667274,0.13566885226788103,0.4870994223168136,0.12410383863815923,0.1873325225500909,0.1965671611349644,0.197324414716,0.15833333333350003,0.2883333333335,-0.313333333333,0.446666666667,0,0,0,10,1,11,11,0,0,1,57.0,9.0,9.0,nan,0.0322265625,exact,0.7272727272727273,0.9530204407920765,0.9090909090909091,11,3,0.0966796875,13,False,not_significant
strict_mlp_neural,Table IV,wbcic_3c,WBCIC-MI-3C,motor_imagery,SingLEM,CSP,classical,csp,one_row_per_subject,0.0031944866727400267,0.0006759906759796763,11,0.6744319448667274,0.13566885226788103,0.35009324009324017,0.025649043035611278,0.3243387047733637,0.13109296693831626,0.323333333333,0.28,0.375,0.04,0.57,0,0,0,11,0,11,11,0,0,1,66.0,0.0,0.0,nan,0.0009765625,exact,1.0,2.474112169007329,1.0,4,10,0.0126953125,13,True,singlem_higher
strict_mlp_neural,Table IV,wbcic_3c,WBCIC-MI-3C,motor_imagery,SingLEM,Welch PSD,classical,welch_psd,one_row_per_subject,0.0031944866727400267,0.003064761325624943,11,0.6744319448667274,0.13566885226788103,0.38283064761325625,0.05388255379697969,0.29160129725345457,0.16666468392322312,0.306666666667,0.248333333333,0.365,-0.113333333333,0.54,0,0,0,10,1,11,11,0,0,1,65.0,1.0,1.0,nan,0.001953125,exact,0.9696969696969697,1.7496285979085144,0.9090909090909091,8,6,0.015625,13,True,singlem_higher
strict_mlp_neural,Table IV,wbcic_3c,WBCIC-MI-3C,motor_imagery,SingLEM,EEGNet,neural,eegnet,one_row_per_subject,0.0031944866727400267,0.0034954900172294856,11,0.6744319448667274,0.13566885226788103,0.6053349549001723,0.11163631441243003,0.06909698996645454,0.10137713484881085,0.05,0.0167001114825,0.138333333333,-0.086666666667,0.24,0,0,0,9,2,11,11,0,0,1,55.0,11.0,11.0,nan,0.0537109375,exact,0.6666666666666666,0.6815835747331248,0.8181818181818182,12,2,0.107421875,13,False,not_significant
strict_mlp_neural,Table IV,wbcic_3c,WBCIC-MI-3C,motor_imagery,SingLEM,EEGConformer,neural,eegconformer,one_row_per_subject,0.0031944866727400267,0.004087361913462928,11,0.6744319448667274,0.13566885226788103,0.5198591263808654,0.08671503547569914,0.15457281848581816,0.07975696246832749,0.14,0.090150501672,0.195,0.04,0.306666666667,0,0,0,11,0,11,10,1,2,2,66.0,0.0,0.0,nan,0.0009765625,exhaustive_permutation,1.0,1.9380479609814756,1.0,5,9,0.0126953125,13,True,singlem_higher
strict_mlp_neural,Table IV,wbcic_3c,WBCIC-MI-3C,motor_imagery,SingLEM,IFNetV2,neural,ifnetv2,one_row_per_subject,0.0031944866727400267,5.472788082272473e-05,11,0.6744319448667274,0.13566885226788103,0.5438005472788082,0.05249332058823305,0.1306313975879091,0.1095103809263659,0.16,0.0951393534005,0.1783333333335,-0.12,0.316666666667,0,0,0,10,1,11,11,0,0,1,62.0,4.0,4.0,nan,0.0068359375,exact,0.8787878787878788,1.1928677124750833,0.9090909090909091,9,5,0.0341796875,13,True,singlem_higher
strict_mlp_neural,Table IV,wbcic_2c,WBCIC-MI-2C,motor_imagery,SingLEM,BENDR,foundation,bendr,one_row_per_subject,0.0007715045817349164,0.004022071140020955,51,0.7983077150458173,0.13667822677326935,0.5082402207114002,0.03762001189979385,0.2900674943344118,0.13597192781847414,0.33,0.20500000000000002,0.39,-0.03,0.5,1,0,1,48,2,50,37,9,22,3,1272.0,3.0,3.0,-6.125754583453235,9.025483138453983e-10,asymptotic,0.9952941176470588,2.133289561957664,0.96,4,10,9.038213386691797e-09,13,True,singlem_higher
strict_mlp_neural,Table IV,wbcic_2c,WBCIC-MI-2C,motor_imagery,SingLEM,BIOT,foundation,biot,one_row_per_subject,0.0007715045817349164,0.0027904227017430117,51,0.7983077150458173,0.13667822677326935,0.49822790422701746,0.041906129535639436,0.3000798108188039,0.14498711919809765,0.36,0.2,0.408530150754,-0.045,0.495,0,0,0,49,2,51,35,12,28,3,1319.5,6.5,6.5,-6.154492170096223,7.531844488909831e-10,asymptotic,0.9901960784313726,2.0696997945645177,0.9607843137254902,2,12,9.038213386691797e-09,13,True,singlem_higher
strict_mlp_neural,Table IV,wbcic_2c,WBCIC-MI-2C,motor_imagery,SingLEM,LaBraM,foundation,labram,one_row_per_subject,0.0007715045817349164,0.0007793871317431922,51,0.7983077150458173,0.13667822677326935,0.5158922061286826,0.030398516088338035,0.2824155089171373,0.13189148026729172,0.31,0.21,0.3825,-0.005,0.47,1,0,1,49,1,50,40,6,16,5,1274.0,1.0,1.0,-6.145314105935067,7.980542829448365e-10,asymptotic,0.9984313725490196,2.141271811831917,0.98,3,11,9.038213386691797e-09,13,True,singlem_higher
strict_mlp_neural,Table IV,wbcic_2c,WBCIC-MI-2C,motor_imagery,SingLEM,CBraMod,foundation,cbramod,one_row_per_subject,0.0007715045817349164,0.0023164843826890547,51,0.7983077150458173,0.13667822677326935,0.784876835156173,0.11538205467628943,0.01343087988964706,0.04929004699175296,0.02,-0.007512562814,0.042499999999999996,-0.135,0.115,1,0,1,32,18,50,20,11,41,6,871.0,404.0,404.0,-2.255564938435444,0.02409789109179726,asymptotic,0.36627450980392157,0.2724866521611202,0.64,12,2,0.04819578218359452,13,True,singlem_higher
strict_mlp_neural,Table IV,wbcic_2c,WBCIC-MI-2C,motor_imagery,SingLEM,CodeBrain,foundation,codebrain,one_row_per_subject,0.0007715045817349164,0.0015518770322131559,51,0.7983077150458173,0.13667822677326935,0.7425155187703222,0.12226873346001456,0.0557921962755098,0.06386970658718182,0.06,0.02,0.0952386934675,-0.115,0.24,1,0,1,42,8,50,27,15,38,4,1136.0,139.0,139.0,-4.813421110210495,1.4836818668530597e-06,asymptotic,0.7819607843137255,0.8735314322973089,0.84,8,6,8.902091201118359e-06,13,True,singlem_higher
strict_mlp_neural,Table IV,wbcic_2c,WBCIC-MI-2C,motor_imagery,SingLEM,CSBrain,foundation,csbrain,one_row_per_subject,0.0007715045817349164,0.0007744605379826908,51,0.7983077150458173,0.13667822677326935,0.7936077446053799,0.12808011013687168,0.004699970440431371,0.06661481788282554,0.02,-0.025,0.035087939698500006,-0.22,0.15,2,0,2,28,21,49,25,8,32,7,722.5,502.5,502.5,-1.0952731434721124,0.2733969897153796,asymptotic,0.17959183673469387,0.07055442902656506,0.5714285714285714,13,1,0.2733969897153796,13,False,not_significant
strict_mlp_neural,Table IV,wbcic_2c,WBCIC-MI-2C,motor_imagery,SingLEM,LUNA,foundation,luna_large,one_row_per_subject,0.0007715045817349164,0.0004985712878067261,51,0.7983077150458173,0.13667822677326935,0.5956049857128781,0.08212701775515688,0.20270272933294117,0.1129814316614843,0.22,0.1325,0.275,-0.045,0.465,1,0,1,49,1,50,42,7,15,3,1269.0,6.0,6.0,-6.096400554459169,1.0848338350344042e-09,asymptotic,0.9905882352941177,1.7941242764588115,0.98,5,9,9.763504515309637e-09,13,True,singlem_higher
strict_mlp_neural,Table IV,wbcic_2c,WBCIC-MI-2C,motor_imagery,SingLEM,MIRepNet,foundation,mirepnet,one_row_per_subject,0.0007715045817349164,0.001553847669711672,51,0.7983077150458173,0.13667822677326935,0.6172844615233029,0.10874461526803345,0.18102325352250978,0.16597014761306314,0.225,0.08499999999999999,0.3125,-0.42,0.435,0,0,0,46,5,51,40,7,18,5,1231.0,95.0,95.0,-5.32497724929131,1.0096567574041035e-07,asymptotic,0.8567119155354449,1.0906976713941408,0.9019607843137255,7,7,7.067597301828725e-07,13,True,singlem_higher
strict_mlp_neural,Table IV,wbcic_2c,WBCIC-MI-2C,motor_imagery,SingLEM,CSP,classical,csp,one_row_per_subject,0.0007715045817349164,0.0023036752389344883,51,0.7983077150458173,0.13667822677326935,0.5011769632476106,0.026102675093617887,0.2971307517981961,0.14073480413282397,0.335,0.1875,0.405,0.025,0.525,0,0,0,51,0,51,41,9,19,3,1326.0,0.0,0.0,-6.215018094271853,5.131873597230234e-10,asymptotic,1.0,2.111281240124279,1.0,1,13,6.671435676399304e-09,13,True,singlem_higher
strict_mlp_neural,Table IV,wbcic_2c,WBCIC-MI-2C,motor_imagery,SingLEM,Welch PSD,classical,welch_psd,one_row_per_subject,0.0007715045817349164,0.004658587052915664,51,0.7983077150458173,0.13667822677326935,0.5478465858705291,0.05097209479677538,0.2504611291752941,0.1364197196566687,0.28,0.1475,0.33999999999999997,-0.11,0.47,1,0,1,48,2,50,45,5,10,2,1266.0,9.0,9.0,-6.0672623315540894,1.3010894741902813e-09,asymptotic,0.9858823529411764,1.835959858337465,0.96,6,8,1.040871579352225e-08,13,True,singlem_higher
strict_mlp_neural,Table IV,wbcic_2c,WBCIC-MI-2C,motor_imagery,SingLEM,EEGNet,neural,eegnet,one_row_per_subject,0.0007715045817349164,0.0021667159326170804,51,0.7983077150458173,0.13667822677326935,0.7300783328406739,0.1334852594983707,0.06822938220513726,0.10683470401652154,0.07,0.0075,0.095,-0.125,0.39,0,0,0,40,11,51,30,11,32,6,1107.5,218.5,218.5,-4.168085627907292,3.07168550305495e-05,asymptotic,0.6704374057315233,0.6386443696664884,0.7843137254901961,10,4,0.000122867420122198,13,True,singlem_higher
strict_mlp_neural,Table IV,wbcic_2c,WBCIC-MI-2C,motor_imagery,SingLEM,EEGConformer,neural,eegconformer,one_row_per_subject,0.0007715045817349164,0.0014375800571571062,51,0.7983077150458173,0.13667822677326935,0.7190856241994285,0.11938065607071115,0.07922209084639216,0.09844036912822575,0.095,0.03,0.13,-0.21,0.41,3,0,3,42,6,48,30,13,31,3,1041.0,135.0,135.0,-4.647070518520693,3.3668209557756514e-06,asymptotic,0.7704081632653061,0.8047723870600243,0.875,9,5,1.6834104778878257e-05,13,True,singlem_higher
strict_mlp_neural,Table IV,wbcic_2c,WBCIC-MI-2C,motor_imagery,SingLEM,IFNetV2,neural,ifnetv2,one_row_per_subject,0.0007715045817349164,0.00335599566459166,51,0.7983077150458173,0.13667822677326935,0.7393664400433541,0.12221342816991486,0.05894127500247061,0.09461092279405707,0.055,-0.005,0.125,-0.185,0.315,1,0,1,36,14,50,28,16,38,5,1044.5,230.5,230.5,-3.9298916272280913,8.49841559809242e-05,asymptotic,0.6384313725490196,0.6229859435022123,0.72,11,3,0.0002549524679427726,13,True,singlem_higher
strict_mlp_neural,Table IV,atten_nback,N-back-2C,cognitive,SingLEM,BENDR,foundation,bendr,one_row_per_subject,0.0008547008546884172,0.0032193732193803726,26,0.827991452991453,0.09952469611431435,0.5687321937321937,0.060698555637979386,0.25925925925923077,0.08586683792132378,0.259259259259,0.21527777777774998,0.32175925925925003,0.009259259259,0.407407407407,0,0,0,26,0,26,19,5,12,3,351.0,0.0,0.0,-4.4593230541782125,8.22189177901451e-06,asymptotic,1.0,3.0193176496935785,1.0,1,12,9.866270134817412e-05,12,True,singlem_higher
strict_mlp_neural,Table IV,atten_nback,N-back-2C,cognitive,SingLEM,BIOT,foundation,biot,one_row_per_subject,0.0008547008546884172,0.0003418803418711036,26,0.827991452991453,0.09952469611431435,0.5811965811965812,0.08463217000432659,0.24679487179488463,0.11224551486952324,0.2546296296295,0.1828703703705,0.33101851851825004,-0.037037037037,0.388888888889,0,0,0,25,1,26,17,7,16,3,350.0,1.0,1.0,-4.434271682741656,9.238406601660837e-06,asymptotic,0.9943019943019943,2.1987058643881197,0.9615384615384616,2,11,0.00010162247261826921,12,True,singlem_higher
strict_mlp_neural,Table IV,atten_nback,N-back-2C,cognitive,SingLEM,LaBraM,foundation,labram,one_row_per_subject,0.0008547008546884172,0.0033903133903052662,26,0.827991452991453,0.09952469611431435,0.5968660968660969,0.07707934954584991,0.23112535612534615,0.1087237589308014,0.222222222222,0.175925925926,0.2916666666665,0.0,0.435185185185,1,0,1,25,0,25,19,5,11,3,325.0,0.0,0.0,-4.373956780427078,1.220145455994324e-05,asymptotic,1.0,2.125803581464184,1.0,3,10,0.0001220145455994324,12,True,singlem_higher
strict_mlp_neural,Table IV,atten_nback,N-back-2C,cognitive,SingLEM,CBraMod,foundation,cbramod,one_row_per_subject,0.0008547008546884172,0.0047008547008715595,26,0.827991452991453,0.09952469611431435,0.7585470085470086,0.11076870317485411,0.06944444444446153,0.1078614286549301,0.0694444444445,0.020833333333750002,0.12731481481499998,-0.175925925926,0.25,0,0,0,21,5,26,18,6,14,4,289.5,61.5,61.5,-2.8971219464803193,0.0037660333528828182,asymptotic,0.6495726495726496,0.6438301931511398,0.8076923076923077,10,3,0.014710568950682904,12,True,singlem_higher
strict_mlp_neural,Table IV,atten_nback,N-back-2C,cognitive,SingLEM,CodeBrain,foundation,codebrain,one_row_per_subject,0.0008547008546884172,0.0019658119658032547,26,0.827991452991453,0.09952469611431435,0.7831196581196581,0.11331678277007302,0.044871794871884606,0.08864520253258233,0.046296296296500006,-0.006944444444250001,0.0856481481485,-0.138888888889,0.333333333333,1,0,1,18,7,25,14,6,17,4,257.5,67.5,67.5,-2.559285258111496,0.01048876350935658,asymptotic,0.5846153846153846,0.5061954126100798,0.72,12,1,0.014710568950682904,12,True,singlem_higher
strict_mlp_neural,Table IV,atten_nback,N-back-2C,cognitive,SingLEM,CSBrain,foundation,csbrain,one_row_per_subject,0.0008547008546884172,0.00410256410256693,26,0.827991452991453,0.09952469611431435,0.7756410256410257,0.08128375387545583,0.05235042735046154,0.07434867193473962,0.055555555556,0.018518518519,0.09953703703725,-0.101851851852,0.194444444444,0,0,0,21,5,26,14,9,21,3,292.5,58.5,58.5,-2.973722121485791,0.002942113790136581,asymptotic,0.6666666666666666,0.7041205442971827,0.8076923076923077,8,5,0.014710568950682904,12,True,singlem_higher
strict_mlp_neural,Table IV,atten_nback,N-back-2C,cognitive,SingLEM,LUNA,foundation,luna_large,one_row_per_subject,0.0008547008546884172,0.003475783475771266,26,0.827991452991453,0.09952469611431435,0.6328347578347577,0.10488553783659758,0.19515669515665385,0.1337166064597038,0.185185185185,0.138888888889,0.277777777778,-0.138888888889,0.416666666667,0,0,0,24,2,26,17,6,15,4,341.5,9.5,9.5,-4.2191271125353955,2.4524998049800395e-05,asymptotic,0.9458689458689459,1.4594798680855348,0.9230769230769231,5,8,0.00019619998439840316,12,True,singlem_higher
strict_mlp_neural,Table IV,atten_nback,N-back-2C,cognitive,SingLEM,CSP,classical,csp,one_row_per_subject,0.0008547008546884172,0.001595441595441116,26,0.827991452991453,0.09952469611431435,0.5794159544159544,0.10146975726148276,0.24857549857553843,0.14290951571673566,0.2962962962965,0.17592592592625,0.36111111111075,-0.101851851852,0.407407407407,0,0,0,24,2,26,19,6,13,3,344.5,6.5,6.5,-4.293816428012444,1.7562770550488544e-05,asymptotic,0.9629629629629629,1.7393908119333763,0.9230769230769231,4,9,0.00015806493495439689,12,True,singlem_higher
strict_mlp_neural,Table IV,atten_nback,N-back-2C,cognitive,SingLEM,Welch PSD,classical,welch_psd,one_row_per_subject,0.0008547008546884172,0.001766381766387326,26,0.827991452991453,0.09952469611431435,0.6638176638176638,0.08609694151715996,0.16417378917373077,0.12648453692719594,0.1712962962965,0.10416666666675001,0.2430555555555,-0.212962962963,0.37962962963,0,0,0,24,2,26,21,5,10,2,332.0,19.0,19.0,-3.9755849217280894,7.020648511732644e-05,asymptotic,0.8917378917378918,1.2979751767461396,0.9230769230769231,7,6,0.00042123891070395864,12,True,singlem_higher
strict_mlp_neural,Table IV,atten_nback,N-back-2C,cognitive,SingLEM,EEGNet,neural,eegnet,one_row_per_subject,0.0008547008546884172,0.0011111111111148375,26,0.827991452991453,0.09952469611431435,0.7361111111111112,0.09505070482821362,0.0918803418805,0.06803750463164907,0.0972222222225,0.055555555556,0.12962962963,-0.046296296296,0.240740740741,1,0,1,23,2,25,16,7,16,4,317.0,8.0,8.0,-4.1601308173684,3.1806536264692625e-05,asymptotic,0.9507692307692308,1.35043668015067,0.92,6,7,0.00022264575385284838,12,True,singlem_higher
strict_mlp_neural,Table IV,atten_nback,N-back-2C,cognitive,SingLEM,EEGConformer,neural,eegconformer,one_row_per_subject,0.0008547008546884172,0.0034472934472944416,26,0.827991452991453,0.09952469611431435,0.777065527065527,0.10108882799240017,0.05092592592592307,0.11884359354067747,0.08796296296299999,-0.018518518519,0.13657407407424998,-0.361111111111,0.212962962963,0,0,0,17,9,26,16,8,18,3,281.0,70.0,70.0,-2.681000251895164,0.007340246068911146,asymptotic,0.6011396011396012,0.4285121680412018,0.6538461538461539,11,2,0.014710568950682904,12,True,singlem_higher
strict_mlp_neural,Table IV,atten_nback,N-back-2C,cognitive,SingLEM,IFNetV2,neural,ifnetv2,one_row_per_subject,0.0008547008546884172,0.004159544159534789,26,0.827991452991453,0.09952469611431435,0.7204415954415955,0.11932650596515454,0.10754985754976924,0.1587648856328746,0.10185185185199999,0.032407407407500005,0.22916666666625002,-0.277777777778,0.37962962963,0,0,0,21,5,26,18,7,15,3,291.0,60.0,60.0,-2.9346497476498854,0.0033392438236173475,asymptotic,0.6581196581196581,0.6774158978608521,0.8076923076923077,9,4,0.014710568950682904,12,True,singlem_higher
strict_mlp_neural,Table IV,atten_dsr,DSR-2C,cognitive,SingLEM,BENDR,foundation,bendr,one_row_per_subject,0.0024786324786418845,0.0037606837606816157,26,0.8386752136752136,0.09230225134328489,0.5443376068376068,0.06597081644926002,0.2943376068375385,0.08810585934057523,0.2916666666665,0.22569444444425,0.361111111111,0.152777777778,0.486111111111,0,0,0,26,0,26,15,8,19,3,351.0,0.0,0.0,-4.460403098529619,8.180564082211692e-06,asymptotic,1.0,3.3407268147714184,1.0,1,12,9.81667689865403e-05,12,True,singlem_higher
strict_mlp_neural,Table IV,atten_dsr,DSR-2C,cognitive,SingLEM,BIOT,foundation,biot,one_row_per_subject,0.0024786324786418845,0.00196581196581036,26,0.8386752136752136,0.09230225134328489,0.5956196581196581,0.09617105733902276,0.24305555555546152,0.11360058359273839,0.2152777777775,0.194444444444,0.3090277777775,0.0,0.541666666667,1,0,1,25,0,25,17,4,12,4,325.0,0.0,0.0,-4.376137069430032,1.2080106561372081e-05,asymptotic,1.0,2.1395625609356306,1.0,4,9,0.00010872095905234873,12,True,singlem_higher
strict_mlp_neural,Table IV,atten_dsr,DSR-2C,cognitive,SingLEM,LaBraM,foundation,labram,one_row_per_subject,0.0024786324786418845,0.00034188034188531446,26,0.8386752136752136,0.09230225134328489,0.6063034188034189,0.09051825302696763,0.2323717948717308,0.11409586154649888,0.24305555555549999,0.13541666666675,0.32986111111075,0.069444444444,0.458333333333,0,0,0,26,0,26,17,6,15,3,351.0,0.0,0.0,-4.460042996555228,8.194321201616957e-06,asymptotic,1.0,2.036636489019626,1.0,2,11,9.81667689865403e-05,12,True,singlem_higher
strict_mlp_neural,Table IV,atten_dsr,DSR-2C,cognitive,SingLEM,CBraMod,foundation,cbramod,one_row_per_subject,0.0024786324786418845,0.002222222222215464,26,0.8386752136752136,0.09230225134328489,0.7777777777777778,0.09844469525927417,0.060897435897500005,0.09718863888839308,0.055555555556,0.0,0.097222222222,-0.138888888889,0.305555555556,4,0,4,18,4,22,13,5,14,3,216.0,37.0,37.0,-2.9089352232568624,0.003626619944203412,asymptotic,0.7075098814229249,0.626590068489711,0.8181818181818182,11,2,0.008759817270812473,12,True,singlem_higher
strict_mlp_neural,Table IV,atten_dsr,DSR-2C,cognitive,SingLEM,CodeBrain,foundation,codebrain,one_row_per_subject,0.0024786324786418845,0.0010256410256204163,26,0.8386752136752136,0.09230225134328489,0.8189102564102563,0.09690271063100003,0.019764957264999997,0.07382548208023641,0.013888888889,-0.0347222222225,0.055555555556,-0.111111111111,0.166666666667,1,0,1,14,11,25,10,6,21,7,201.5,123.5,123.5,-1.0533329716806108,0.2921884125030997,asymptotic,0.24,0.26772540738059347,0.56,12,1,0.2921884125030997,12,False,not_significant
strict_mlp_neural,Table IV,atten_dsr,DSR-2C,cognitive,SingLEM,CSBrain,foundation,csbrain,one_row_per_subject,0.0024786324786418845,0.0012820512820468366,26,0.8386752136752136,0.09230225134328489,0.7580128205128205,0.10723611574659841,0.08066239316234616,0.07637820438095934,0.083333333333,0.027777777778,0.13541666666675,-0.055555555556,0.236111111111,0,0,0,22,4,26,13,6,19,5,332.5,18.5,18.5,-3.9939284125250287,6.49874922376967e-05,asymptotic,0.8945868945868946,1.0560917714171196,0.8461538461538461,7,6,0.00038992495342618017,12,True,singlem_higher
strict_mlp_neural,Table IV,atten_dsr,DSR-2C,cognitive,SingLEM,LUNA,foundation,luna_large,one_row_per_subject,0.0024786324786418845,0.003247863247864302,26,0.8386752136752136,0.09230225134328489,0.6463675213675213,0.10238142563614579,0.19230769230776923,0.12364651850521619,0.1944444444445,0.111111111111,0.277777777778,-0.111111111111,0.430555555556,1,0,1,24,1,25,17,6,14,3,319.0,6.0,6.0,-4.213220033140159,2.5175559218511594e-05,asymptotic,0.963076923076923,1.5553021195631682,0.96,6,7,0.00018599794253408377,12,True,singlem_higher
strict_mlp_neural,Table IV,atten_dsr,DSR-2C,cognitive,SingLEM,CSP,classical,csp,one_row_per_subject,0.0024786324786418845,0.0011111111111148375,26,0.8386752136752136,0.09230225134328489,0.5763888888888888,0.08391004148329563,0.2622863247863077,0.11029750194976151,0.2847222222225,0.19791666666625,0.34374999999975,0.027777777778,0.458333333333,0,0,0,26,0,26,20,5,11,3,351.0,0.0,0.0,-4.458783326132238,8.242619083189183e-06,asymptotic,1.0,2.377989711007003,1.0,3,10,9.81667689865403e-05,12,True,singlem_higher
strict_mlp_neural,Table IV,atten_dsr,DSR-2C,cognitive,SingLEM,Welch PSD,classical,welch_psd,one_row_per_subject,0.0024786324786418845,0.003589743589756722,26,0.8386752136752136,0.09230225134328489,0.6474358974358976,0.09977419901068675,0.1912393162393462,0.12725179740588313,0.20138888888849998,0.14583333333350001,0.263888888889,-0.125,0.430555555556,0,0,0,24,2,26,16,8,18,3,342.0,9.0,9.0,-4.231152056308481,2.324974281676047e-05,asymptotic,0.9487179487179487,1.5028417683513584,0.9230769230769231,5,8,0.00018599794253408377,12,True,singlem_higher
strict_mlp_neural,Table IV,atten_dsr,DSR-2C,cognitive,SingLEM,EEGNet,neural,eegnet,one_row_per_subject,0.0024786324786418845,0.0048717948718177695,26,0.8386752136752136,0.09230225134328489,0.7804487179487182,0.09828932087612874,0.05822649572642307,0.05957918669448199,0.0625,0.01736111111125,0.09374999999975,-0.055555555556,0.194444444444,1,0,1,22,3,25,11,7,21,6,300.5,24.5,24.5,-3.7220908332489304,0.00019757991661331734,asymptotic,0.8492307692307692,0.9772959141756092,0.88,8,5,0.0009878995830665867,12,True,singlem_higher
strict_mlp_neural,Table IV,atten_dsr,DSR-2C,cognitive,SingLEM,EEGConformer,neural,eegconformer,one_row_per_subject,0.0024786324786418845,0.0024786324786418845,26,0.8386752136752136,0.09230225134328489,0.7761752136752136,0.09055103286907455,0.06250000000003847,0.11812906208309115,0.0625,-0.01041666666675,0.12152777777775,-0.333333333333,0.25,1,0,1,18,7,25,15,6,16,4,273.0,52.0,52.0,-2.9760430084920197,0.0029199390902708245,asymptotic,0.68,0.5290823350148705,0.72,10,3,0.008759817270812473,12,True,singlem_higher
strict_mlp_neural,Table IV,atten_dsr,DSR-2C,cognitive,SingLEM,IFNetV2,neural,ifnetv2,one_row_per_subject,0.0024786324786418845,0.00452991452992535,26,0.8386752136752136,0.09230225134328489,0.7366452991452992,0.10126367985857282,0.10202991452996155,0.10348423179326909,0.1319444444445,0.04861111111125,0.166666666667,-0.180555555556,0.291666666667,2,0,2,20,4,24,13,6,17,5,272.0,28.0,28.0,-3.491240519416853,0.000480783224450421,asymptotic,0.8133333333333334,0.9859464844246723,0.8333333333333334,9,4,0.001923132897801684,12,True,singlem_higher
strict_mlp_neural,Table IV,atten_word,WG-2C,cognitive,SingLEM,BENDR,foundation,bendr,one_row_per_subject,0.0020512820512692542,0.003846153846161826,26,0.6878205128205127,0.07739619461040019,0.5115384615384616,0.044414519840358206,0.17628205128215385,0.0814006656978464,0.166666666667,0.116666666667,0.216666666667,0.05,0.383333333333,0,0,0,26,0,26,16,4,14,5,351.0,0.0,0.0,-4.463647946219559,8.057591670866209e-06,asymptotic,1.0,2.165609455044269,1.0,1,12,9.669110005039451e-05,12,True,singlem_higher
strict_mlp_neural,Table IV,atten_word,WG-2C,cognitive,SingLEM,BIOT,foundation,biot,one_row_per_subject,0.0020512820512692542,0.004358974358964929,26,0.6878205128205127,0.07739619461040019,0.5352564102564104,0.08747404987600266,0.15256410256415384,0.12478357332177585,0.125,0.066666666667,0.25,-0.1,0.35,1,0,1,23,2,25,16,6,15,4,311.5,13.5,13.5,-4.012399201619208,6.010474613349798e-05,asymptotic,0.916923076923077,1.222629697987099,0.92,3,10,0.0006476780456126599,12,True,singlem_higher
strict_mlp_neural,Table IV,atten_word,WG-2C,cognitive,SingLEM,LaBraM,foundation,labram,one_row_per_subject,0.0020512820512692542,0.0002564102564122095,26,0.6878205128205127,0.07739619461040019,0.610897435897436,0.12292204464549496,0.07692307692315385,0.13897057426959686,0.083333333333,-0.02499999999975,0.204166666667,-0.2,0.3,1,0,1,18,7,25,12,8,21,4,255.0,70.0,70.0,-2.492161743742378,0.012696820361102186,asymptotic,0.5692307692307692,0.5535206091465552,0.72,7,6,0.07618092216661311,12,False,not_significant
strict_mlp_neural,Table IV,atten_word,WG-2C,cognitive,SingLEM,CBraMod,foundation,cbramod,one_row_per_subject,0.0020512820512692542,0.0012820512820752583,26,0.6878205128205127,0.07739619461040019,0.7044871794871793,0.07938061508505746,-0.016666666666730768,0.07930251502241556,-0.016666666667,-0.066666666667,0.029166666666500002,-0.133333333333,0.183333333333,1,0,1,8,17,25,9,8,24,6,115.0,210.0,115.0,-1.281387517774632,0.20005758627284753,asymptotic,-0.2923076923076923,-0.21016567585554868,0.32,9,4,0.8002303450913901,12,False,not_significant
strict_mlp_neural,Table IV,atten_word,WG-2C,cognitive,SingLEM,CodeBrain,foundation,codebrain,one_row_per_subject,0.0020512820512692542,0.0005128205128386298,26,0.6878205128205127,0.07739619461040019,0.6717948717948717,0.09366242348268367,0.016025641025576923,0.0914671488362978,-0.016666666667,-0.05,0.066666666667,-0.133333333333,0.216666666667,2,0,2,10,14,24,10,5,19,6,170.0,130.0,130.0,-0.5731859161352904,0.5665188193290125,asymptotic,0.13333333333333333,0.17520652200779335,0.4166666666666667,10,3,1.0,12,False,not_significant
strict_mlp_neural,Table IV,atten_word,WG-2C,cognitive,SingLEM,CSBrain,foundation,csbrain,one_row_per_subject,0.0020512820512692542,0.004615384615391349,26,0.6878205128205127,0.07739619461040019,0.6538461538461539,0.08223377142265312,0.03397435897446154,0.07964933831503115,0.05,-0.01250000000025,0.066666666667,-0.1,0.25,1,0,1,18,7,25,9,6,22,6,235.5,89.5,89.5,-1.9705454722122728,0.048775888891314206,asymptotic,0.4492307692307692,0.4265491678045744,0.72,8,5,0.24387944445657103,12,False,not_significant
strict_mlp_neural,Table IV,atten_word,WG-2C,cognitive,SingLEM,LUNA,foundation,luna_large,one_row_per_subject,0.0020512820512692542,0.000512820512824419,26,0.6878205128205127,0.07739619461040019,0.5967948717948718,0.09321650196889088,0.09102564102561538,0.09021342216355954,0.0916666666665,0.05,0.133333333333,-0.1,0.3,0,0,0,22,4,26,13,6,19,6,324.0,27.0,27.0,-3.77953149207612,0.00015712372100125556,asymptotic,0.8461538461538461,1.0090033039715893,0.8461538461538461,4,9,0.0014141134890113,12,True,singlem_higher
strict_mlp_neural,Table IV,atten_word,WG-2C,cognitive,SingLEM,CSP,classical,csp,one_row_per_subject,0.0020512820512692542,0.0035897435897496166,26,0.6878205128205127,0.07739619461040019,0.5474358974358975,0.0911277866749407,0.14038461538457694,0.11748977042215512,0.1416666666665,0.083333333333,0.2375,-0.1,0.35,0,0,0,23,3,26,15,6,17,4,333.5,17.5,17.5,-4.017255709354762,5.887982232842362e-05,asymptotic,0.9002849002849003,1.194866709502945,0.8846153846153846,2,11,0.0006476780456126599,12,True,singlem_higher
strict_mlp_neural,Table IV,atten_word,WG-2C,cognitive,SingLEM,Welch PSD,classical,welch_psd,one_row_per_subject,0.0020512820512692542,0.0020512820512905705,26,0.6878205128205127,0.07739619461040019,0.6121794871794871,0.10848017661282044,0.07564102564107691,0.13591098142460634,0.0916666666665,-0.0083333333335,0.16250000000025,-0.25,0.316666666667,0,0,0,19,7,26,14,6,18,4,278.5,72.5,72.5,-2.6194790140014947,0.008806419102263924,asymptotic,0.5868945868945868,0.5565482998372514,0.7307692307692307,6,7,0.06164493371584747,12,False,not_significant
strict_mlp_neural,Table IV,atten_word,WG-2C,cognitive,SingLEM,EEGNet,neural,eegnet,one_row_per_subject,0.0020512820512692542,0.0033333333333303017,26,0.6878205128205127,0.07739619461040019,0.6833333333333333,0.09626352718795768,0.004487179487153845,0.07402067163332192,0.0,-0.033333333333,0.05,-0.15,0.15,2,0,2,12,12,24,8,7,23,6,160.5,139.5,139.5,-0.3010617323470289,0.7633674211783985,asymptotic,0.07,0.06062062648366797,0.5,12,1,1.0,12,False,not_significant
strict_mlp_neural,Table IV,atten_word,WG-2C,cognitive,SingLEM,EEGConformer,neural,eegconformer,one_row_per_subject,0.0020512820512692542,0.004615384615377138,26,0.6878205128205127,0.07739619461040019,0.6038461538461538,0.10091885544641983,0.08397435897446154,0.13161228997251173,0.10833333333350001,0.0,0.166666666667,-0.133333333333,0.333333333333,3,0,3,17,6,23,10,7,20,7,228.0,48.0,48.0,-2.7476913508479517,0.006001647691278906,asymptotic,0.6521739130434783,0.6380434455779187,0.7391304347826086,5,8,0.04801318153023125,12,True,singlem_higher
strict_mlp_neural,Table IV,atten_word,WG-2C,cognitive,SingLEM,IFNetV2,neural,ifnetv2,one_row_per_subject,0.0020512820512692542,0.00410256410256693,26,0.6878205128205127,0.07739619461040019,0.6756410256410257,0.13167559203763443,0.012179487179461537,0.13379567276750864,0.016666666667,-0.11250000000025,0.11250000000025,-0.266666666667,0.283333333333,0,0,0,15,11,26,10,5,21,8,192.5,158.5,158.5,-0.4337461598004891,0.6644727826702486,asymptotic,0.09686609686609686,0.09103050141707753,0.5769230769230769,11,2,1.0,12,False,not_significant
subject_adapted,Table V,dreyer,Dreyer-MI-2C,motor_imagery,SingLEM,BENDR,foundation,bendr,pooled_refit,0.0029251700680106296,0.004965986394559252,21,0.7393707482993198,0.0897141083342412,0.5008503401360545,0.02221488176464818,0.2385204081632381,0.0985037478381983,0.232142857143,0.1875,0.294642857143,0.008928571429,0.410714285714,0,0,0,21,0,21,18,3,6,2,231.0,0.0,0.0,-4.0154182376066085,5.9340468658409374e-05,asymptotic,1.0,2.421434852966512,1.0,2,12,0.0007674651464464394,13,True,singlem_higher
subject_adapted,Table V,dreyer,Dreyer-MI-2C,motor_imagery,SingLEM,BIOT,foundation,biot,pooled_refit,0.0029251700680106296,0.00013605442177322402,21,0.7393707482993198,0.0897141083342412,0.5034013605442178,0.05810272165193716,0.23596938775519044,0.10962785744625354,0.25,0.169642857143,0.321428571429,0.008928571429,0.392857142857,0,0,0,21,0,21,16,4,9,3,231.0,0.0,0.0,-4.016632088371218,5.9035780495879955e-05,asymptotic,1.0,2.152458264277193,1.0,1,13,0.0007674651464464394,13,True,singlem_higher
subject_adapted,Table V,dreyer,Dreyer-MI-2C,motor_imagery,SingLEM,LaBraM,foundation,labram,pooled_refit,0.0029251700680106296,0.004353741496593955,21,0.7393707482993198,0.0897141083342412,0.546343537414966,0.07135146773888876,0.1930272108842857,0.08363723134724703,0.178571428571,0.125,0.267857142857,0.080357142857,0.330357142857,0,0,0,21,0,21,18,3,6,2,231.0,0.0,0.0,-4.0154182376066085,5.9340468658409374e-05,asymptotic,1.0,2.307910099066656,1.0,3,11,0.0007674651464464394,13,True,singlem_higher
subject_adapted,Table V,dreyer,Dreyer-MI-2C,motor_imagery,SingLEM,CBraMod,foundation,cbramod,pooled_refit,0.0029251700680106296,0.0034693877551035257,21,0.7393707482993198,0.0897141083342412,0.7117346938775511,0.08414404602257705,0.02763605442171428,0.07012793303830542,0.008928571429,-0.035714285714,0.080357142857,-0.071428571429,0.133928571429,1,0,1,12,8,20,10,7,17,3,149.0,61.0,61.0,-1.64493165200333,0.09998390670536615,asymptotic,0.41904761904761906,0.3940805499945202,0.6,9,5,0.4999195335268308,13,False,not_significant
subject_adapted,Table V,dreyer,Dreyer-MI-2C,motor_imagery,SingLEM,CodeBrain,foundation,codebrain,pooled_refit,0.0029251700680106296,0.0015646258503494437,21,0.7393707482993198,0.0897141083342412,0.6641156462585035,0.08185490048097453,0.07525510204080951,0.08161571093323164,0.089285714286,0.008928571429,0.142857142857,-0.071428571429,0.205357142857,2,0,2,16,3,19,17,2,4,2,174.5,15.5,15.5,-3.1999012742972384,0.0013747466917638986,asymptotic,0.8368421052631579,0.9220663666383347,0.8421052631578947,6,8,0.010997973534111189,13,True,singlem_higher
subject_adapted,Table V,dreyer,Dreyer-MI-2C,motor_imagery,SingLEM,CSBrain,foundation,csbrain,pooled_refit,0.0029251700680106296,0.0008163265306109224,21,0.7393707482993198,0.0897141083342412,0.7079081632653061,0.11531839717038873,0.031462585034,0.09242770925591101,0.026785714286,-0.017857142857,0.0625,-0.107142857143,0.3125,1,0,1,13,7,20,10,5,15,5,144.5,65.5,65.5,-1.478509212727161,0.13927153304599468,asymptotic,0.3761904761904762,0.34040208599011534,0.65,10,4,0.5570861321839787,13,False,not_significant
subject_adapted,Table V,dreyer,Dreyer-MI-2C,motor_imagery,SingLEM,LUNA,foundation,luna_large,pooled_refit,0.0029251700680106296,0.0006802721088448038,21,0.7393707482993198,0.0897141083342412,0.5795068027210885,0.07469670615624766,0.15986394557814282,0.09252622878200165,0.142857142857,0.116071428571,0.223214285714,-0.026785714286,0.366071428571,0,0,0,20,1,21,17,4,8,2,229.0,2.0,2.0,-3.9461852924112564,7.940617241431468e-05,asymptotic,0.9826839826839827,1.7277689546257593,0.9523809523809523,4,10,0.0007940617241431468,13,True,singlem_higher
subject_adapted,Table V,dreyer,Dreyer-MI-2C,motor_imagery,SingLEM,MIRepNet,foundation,mirepnet,pooled_refit,0.0029251700680106296,0.0019047619047682929,21,0.7393707482993198,0.0897141083342412,0.7351190476190477,0.17813189955607553,0.0042517006802380896,0.20826013048242545,-0.026785714286,-0.214285714286,0.178571428571,-0.276785714286,0.321428571429,0,0,0,10,11,21,16,4,9,3,118.0,113.0,113.0,-0.08694008849288351,0.9307191341326531,asymptotic,0.021645021645021644,0.020415336677208507,0.47619047619047616,13,1,1.0,13,False,not_significant
subject_adapted,Table V,dreyer,Dreyer-MI-2C,motor_imagery,SingLEM,CSP,classical,csp,pooled_refit,0.0029251700680106296,0.0010204081632707585,21,0.7393707482993198,0.0897141083342412,0.6505102040816327,0.1513988166280861,0.08886054421771428,0.17876052912651635,0.142857142857,-0.071428571429,0.25,-0.223214285714,0.330357142857,0,0,0,12,9,21,18,3,6,2,173.5,57.5,57.5,-2.0164005002699854,0.04375811325058713,asymptotic,0.5021645021645021,0.49709264484680465,0.5714285714285714,8,6,0.3050843382382418,13,False,not_significant
subject_adapted,Table V,dreyer,Dreyer-MI-2C,motor_imagery,SingLEM,Welch PSD,classical,welch_psd,pooled_refit,0.0029251700680106296,0.0012244897959092782,21,0.7393707482993198,0.0897141083342412,0.5931122448979591,0.10040461147691826,0.14625850340142854,0.1270707369213887,0.160714285714,0.089285714286,0.205357142857,-0.169642857143,0.375,0,0,0,18,3,21,16,5,10,2,215.5,15.5,15.5,-3.477077944074204,0.0005069104315848037,asymptotic,0.8658008658008658,1.1510006705313294,0.8571428571428571,5,9,0.004562193884263233,13,True,singlem_higher
subject_adapted,Table V,dreyer,Dreyer-MI-2C,motor_imagery,SingLEM,EEGNet,neural,eegnet,existing_head_adaptation,0.0029251700680106296,0.0015646258503352328,21,0.7393707482993198,0.0897141083342412,0.7266156462585033,0.1076800591609863,0.012755102040809525,0.06310747057642059,0.008928571429,-0.035714285714,0.044642857143,-0.0625,0.178571428571,0,0,0,11,10,21,10,8,19,3,132.0,99.0,99.0,-0.5742387911405565,0.5658062227263421,asymptotic,0.14285714285714285,0.20211714911570752,0.5238095238095238,12,2,1.0,13,False,not_significant
subject_adapted,Table V,dreyer,Dreyer-MI-2C,motor_imagery,SingLEM,EEGConformer,neural,eegconformer,existing_head_adaptation,0.0029251700680106296,0.004285714285714448,21,0.7393707482993198,0.0897141083342412,0.7053571428571429,0.10073866219691668,0.03401360544214286,0.06844313750072802,0.035714285714,-0.017857142857,0.089285714286,-0.089285714286,0.169642857143,1,0,1,12,8,20,12,6,14,3,159.0,51.0,51.0,-2.0180747504302268,0.043583476891177406,asymptotic,0.5142857142857142,0.496961517022522,0.6,7,7,0.3050843382382418,13,False,not_significant
subject_adapted,Table V,dreyer,Dreyer-MI-2C,motor_imagery,SingLEM,IFNetV2,neural,ifnetv2,existing_head_adaptation,0.0029251700680106296,0.0016326530612360557,21,0.7393707482993198,0.0897141083342412,0.7091836734693877,0.17829378926800896,0.03018707483,0.20706733903731264,0.044642857143,-0.151785714286,0.223214285714,-0.294642857143,0.321428571429,1,0,1,12,8,20,17,2,5,3,120.5,89.5,89.5,-0.5789085723455261,0.5626508656896176,asymptotic,0.14761904761904762,0.14578385451971457,0.6,11,3,1.0,13,False,not_significant
subject_adapted,Table V,wbcic_3c,WBCIC-MI-3C,motor_imagery,SingLEM,BENDR,foundation,bendr,pooled_refit,0.003425713042929601,0.004038401789600243,11,0.7059342571304293,0.1277915920231916,0.354259615982104,0.021421428788866055,0.35167464114836355,0.12586304560559516,0.368421052632,0.3,0.4166666666665,0.080952380952,0.561904761905,0,0,0,11,0,11,11,0,0,1,66.0,0.0,0.0,nan,0.0009765625,exact,1.0,2.794105604677423,1.0,1,13,0.0126953125,13,True,singlem_higher
subject_adapted,Table V,wbcic_3c,WBCIC-MI-3C,motor_imagery,SingLEM,BIOT,foundation,biot,pooled_refit,0.003425713042929601,0.002697031835786845,11,0.7059342571304293,0.1277915920231916,0.36987302968164215,0.04463724745058385,0.33606122744899997,0.12751115678718417,0.319047619048,0.2983367509685,0.4261904761905,0.02380952381,0.485714285714,0,0,0,11,0,11,11,0,0,1,66.0,0.0,0.0,nan,0.0009765625,exact,1.0,2.635543711754458,1.0,2,12,0.0126953125,13,True,singlem_higher
subject_adapted,Table V,wbcic_3c,WBCIC-MI-3C,motor_imagery,SingLEM,LaBraM,foundation,labram,pooled_refit,0.003425713042929601,0.002207585078402019,11,0.7059342571304293,0.1277915920231916,0.39017792414921604,0.05329248872723687,0.31575633298118183,0.11525000891568055,0.314285714286,0.27142857142849997,0.4009455456825,0.052380952381,0.461904761905,0,0,0,11,0,11,10,1,2,2,66.0,0.0,0.0,nan,0.0009765625,exhaustive_permutation,1.0,2.739751050363876,1.0,3,11,0.0126953125,13,True,singlem_higher
subject_adapted,Table V,wbcic_3c,WBCIC-MI-3C,motor_imagery,SingLEM,CBraMod,foundation,cbramod,pooled_refit,0.003425713042929601,0.004242217113045399,11,0.7059342571304293,0.1277915920231916,0.6561424221711304,0.11060806102185246,0.049791834959454544,0.09214600144474241,0.02380952381,-0.014285714285500002,0.1261904761905,-0.07619047619,0.22380952381,0,0,0,8,3,11,11,0,0,1,49.0,17.0,17.0,nan,0.1748046875,exact,0.48484848484848486,0.5403580641457723,0.7272727272727273,13,1,0.25390625,13,False,not_significant
subject_adapted,Table V,wbcic_3c,WBCIC-MI-3C,motor_imagery,SingLEM,CodeBrain,foundation,codebrain,pooled_refit,0.003425713042929601,0.004003604051455056,11,0.7059342571304293,0.1277915920231916,0.5950599639594855,0.1001470222215061,0.1108742931709091,0.06677895388650698,0.11961722488,0.066666666667,0.1761904761905,0.004761904762,0.190476190476,0,0,0,11,0,11,11,0,0,1,66.0,0.0,0.0,nan,0.0009765625,exact,1.0,1.660317910330605,1.0,4,10,0.0126953125,13,True,singlem_higher
subject_adapted,Table V,wbcic_3c,WBCIC-MI-3C,motor_imagery,SingLEM,CSBrain,foundation,csbrain,pooled_refit,0.003425713042929601,0.001388388326176937,11,0.7059342571304293,0.1277915920231916,0.6743138838832619,0.1321352941835256,0.03162037324727273,0.06530498321251582,0.014285714286,0.0,0.0690476190475,-0.085714285714,0.152380952381,0,0,0,8,3,11,9,2,4,2,50.5,15.5,15.5,nan,0.126953125,exhaustive_permutation,0.5303030303030303,0.4841954119239805,0.7272727272727273,12,2,0.25390625,13,False,not_significant
subject_adapted,Table V,wbcic_3c,WBCIC-MI-3C,motor_imagery,SingLEM,LUNA,foundation,luna_large,pooled_refit,0.003425713042929601,0.004450589283138129,11,0.7059342571304293,0.1277915920231916,0.43525549410716863,0.05661025305707325,0.2706787630231818,0.10333731810093834,0.252380952381,0.238095238095,0.3238095238095,0.038095238095,0.409523809524,0,0,0,11,0,11,10,1,2,2,66.0,0.0,0.0,nan,0.0009765625,exhaustive_permutation,1.0,2.6193708913442753,1.0,5,9,0.0126953125,13,True,singlem_higher
subject_adapted,Table V,wbcic_3c,WBCIC-MI-3C,motor_imagery,SingLEM,MIRepNet,foundation,mirepnet,pooled_refit,0.003425713042929601,0.0033743449532792624,11,0.7059342571304293,0.1277915920231916,0.48286625655046717,0.14017686458975115,0.22306800058009094,0.20983353619928347,0.261904761905,0.1880952380955,0.30306447938049996,-0.285714285714,0.528571428571,0,0,0,10,1,11,10,1,2,2,59.0,7.0,7.0,nan,0.0166015625,exhaustive_permutation,0.7878787878787878,1.06307125457886,0.9090909090909091,10,4,0.06640625,13,False,not_significant
subject_adapted,Table V,wbcic_3c,WBCIC-MI-3C,motor_imagery,SingLEM,CSP,classical,csp,pooled_refit,0.003425713042929601,0.00044242838502128734,11,0.7059342571304293,0.1277915920231916,0.36160442428385015,0.038559690486918846,0.34432983284654545,0.1449040293489845,0.342857142857,0.290476190476,0.40333789018,0.019047619048,0.6,0,0,0,11,0,11,11,0,0,1,66.0,0.0,0.0,nan,0.0009765625,exact,1.0,2.376261270259553,1.0,6,8,0.0126953125,13,True,singlem_higher
subject_adapted,Table V,wbcic_3c,WBCIC-MI-3C,motor_imagery,SingLEM,Welch PSD,classical,welch_psd,pooled_refit,0.003425713042929601,0.0004998032270719932,11,0.7059342571304293,0.1277915920231916,0.42530499803227073,0.07199105919626553,0.28062925909818176,0.1620305575498549,0.3,0.2410799726585,0.357142857143,-0.128571428571,0.504761904762,0,0,0,10,1,11,11,0,0,1,65.0,1.0,1.0,nan,0.001953125,exact,0.9696969696969697,1.7319526843684125,0.9090909090909091,8,6,0.0126953125,13,True,singlem_higher
subject_adapted,Table V,wbcic_3c,WBCIC-MI-3C,motor_imagery,SingLEM,EEGNet,neural,eegnet,existing_head_adaptation,0.003425713042929601,0.00034010646450610693,11,0.7059342571304293,0.1277915920231916,0.6202034010646451,0.1139200282881886,0.08573085606581819,0.10436326516089711,0.080952380952,0.0381863750285,0.15000000000000002,-0.085714285714,0.261904761905,0,0,0,9,2,11,10,1,2,2,56.5,9.5,9.5,nan,0.0341796875,exhaustive_permutation,0.7121212121212122,0.821465828360647,0.8181818181818182,11,3,0.1025390625,13,False,not_significant
subject_adapted,Table V,wbcic_3c,WBCIC-MI-3C,motor_imagery,SingLEM,EEGConformer,neural,eegconformer,existing_head_adaptation,0.003425713042929601,0.004813479980946056,11,0.7059342571304293,0.1277915920231916,0.5240518652001905,0.08964685334353528,0.18188239193027272,0.07501361739570164,0.161904761905,0.14559125085449998,0.204761904762,0.085714285714,0.32380952381,0,0,0,11,0,11,9,2,4,2,66.0,0.0,0.0,nan,0.0009765625,exhaustive_permutation,1.0,2.4246583253122087,1.0,7,7,0.0126953125,13,True,singlem_higher
subject_adapted,Table V,wbcic_3c,WBCIC-MI-3C,motor_imagery,SingLEM,IFNetV2,neural,ifnetv2,existing_head_adaptation,0.003425713042929601,0.0005097454379736632,11,0.7059342571304293,0.1277915920231916,0.6058949025456203,0.08689957128630348,0.10003935458481816,0.09037141648709485,0.114285714286,0.064502164502,0.15,-0.109523809524,0.204761904762,0,0,0,10,1,11,11,0,0,1,61.0,5.0,5.0,nan,0.009765625,exact,0.8484848484848485,1.1069800438405644,0.9090909090909091,9,5,0.048828125,13,True,singlem_higher
subject_adapted,Table V,wbcic_2c,WBCIC-MI-2C,motor_imagery,SingLEM,BENDR,foundation,bendr,pooled_refit,0.0031009813997542324,0.002906918162942418,51,0.8055689901860025,0.13249869735479458,0.5025290691816294,0.03923471593171773,0.3030399210043333,0.12260323145486592,0.335714285714,0.2321428571425,0.392857142857,-0.035714285714,0.492857142857,1,0,1,49,1,50,32,14,32,3,1274.0,1.0,1.0,-6.14524250183938,7.984143909679698e-10,asymptotic,0.9984313725490196,2.4717123472874514,0.98,5,9,9.246435780684572e-09,13,True,singlem_higher
subject_adapted,Table V,wbcic_2c,WBCIC-MI-2C,motor_imagery,SingLEM,BIOT,foundation,biot,pooled_refit,0.0031009813997542324,0.0001902343671389417,51,0.8055689901860025,0.13249869735479458,0.49720190234367134,0.04365914691068075,0.3083670878422941,0.1447798469151167,0.342857142857,0.207142857143,0.4178571428575,-0.057142857143,0.528571428571,0,0,0,49,2,51,38,12,25,3,1320.5,5.5,5.5,-6.163562182311725,7.112642908218901e-10,asymptotic,0.9917043740573153,2.1299033975570327,0.9607843137254902,1,13,9.246435780684572e-09,13,True,singlem_higher
subject_adapted,Table V,wbcic_2c,WBCIC-MI-2C,motor_imagery,SingLEM,LaBraM,foundation,labram,pooled_refit,0.0031009813997542324,0.00024545069825876453,51,0.8055689901860025,0.13249869735479458,0.5234024545069826,0.038731318674650066,0.2821665356790196,0.13331109960930074,0.314285714286,0.2035714285715,0.392857142857,-0.057142857143,0.45,0,0,0,48,3,51,39,7,19,4,1320.0,6.0,6.0,-6.159213352844969,7.310717921469959e-10,asymptotic,0.9909502262443439,2.1166019671728344,0.9411764705882353,2,12,9.246435780684572e-09,13,True,singlem_higher
subject_adapted,Table V,wbcic_2c,WBCIC-MI-2C,motor_imagery,SingLEM,CBraMod,foundation,cbramod,pooled_refit,0.0031009813997542324,0.0005572012977808072,51,0.8055689901860025,0.13249869735479458,0.7945055720129779,0.11750633756609448,0.011063418172941175,0.05361437082871766,0.021428571429,-0.021428571429,0.05,-0.135714285714,0.085714285714,4,0,4,30,17,47,15,11,43,6,715.5,412.5,412.5,-1.6045902101640361,0.10858401730068025,asymptotic,0.26861702127659576,0.20635172999204976,0.6382978723404256,12,2,0.2171680346013605,13,False,not_significant
subject_adapted,Table V,wbcic_2c,WBCIC-MI-2C,motor_imagery,SingLEM,CodeBrain,foundation,codebrain,pooled_refit,0.0031009813997542324,0.001554118050080433,51,0.8055689901860025,0.13249869735479458,0.7643844588194991,0.11539408563589881,0.041184531366568626,0.06894020584699251,0.05,-0.0035714285715,0.092857142857,-0.121428571429,0.171428571429,1,0,1,37,13,50,21,13,42,5,1021.0,254.0,254.0,-3.7039096099657565,0.00021230193286226137,asymptotic,0.6015686274509804,0.5973949578562984,0.74,9,5,0.001061509664311307,13,True,singlem_higher
subject_adapted,Table V,wbcic_2c,WBCIC-MI-2C,motor_imagery,SingLEM,CSBrain,foundation,csbrain,pooled_refit,0.0031009813997542324,0.003884892086333025,51,0.8055689901860025,0.13249869735479458,0.7985611510791367,0.1276096630708486,0.007007839106764703,0.06960292018296647,0.021428571429,-0.017908530319,0.050179856115000004,-0.2,0.142857142857,1,0,1,29,21,50,21,13,42,7,774.5,500.5,500.5,-1.3234707482676855,0.18567887779930903,asymptotic,0.21490196078431373,0.10068311916142408,0.58,13,1,0.2171680346013605,13,False,not_significant
subject_adapted,Table V,wbcic_2c,WBCIC-MI-2C,motor_imagery,SingLEM,LUNA,foundation,luna_large,pooled_refit,0.0031009813997542324,0.0018906555428088723,51,0.8055689901860025,0.13249869735479458,0.606618906555428,0.08273314651835786,0.1989500836305686,0.10848644998066913,0.221428571429,0.135714285714,0.2607142857145,-0.042857142857,0.507142857143,0,0,0,49,2,51,33,11,29,5,1318.5,7.5,7.5,-6.1457251296750846,7.959902439255215e-10,asymptotic,0.9886877828054299,1.8338703466287165,0.9607843137254902,4,10,9.246435780684572e-09,13,True,singlem_higher
subject_adapted,Table V,wbcic_2c,WBCIC-MI-2C,motor_imagery,SingLEM,MIRepNet,foundation,mirepnet,pooled_refit,0.0031009813997542324,0.0026858513189438327,51,0.8055689901860025,0.13249869735479458,0.6164268585131895,0.11138325795717867,0.18914213167284316,0.17058617412051574,0.185714285714,0.1178571428575,0.325,-0.385714285714,0.457142857143,1,0,1,44,6,50,39,7,18,4,1181.0,94.0,94.0,-5.247321039822195,1.5432683810970032e-07,asymptotic,0.8525490196078431,1.108777617224817,0.88,7,7,1.0802878667679022e-06,13,True,singlem_higher
subject_adapted,Table V,wbcic_2c,WBCIC-MI-2C,motor_imagery,SingLEM,CSP,classical,csp,pooled_refit,0.0031009813997542324,0.0006827479193063368,51,0.8055689901860025,0.13249869735479458,0.5055931725208069,0.0386120644278962,0.29997581766513726,0.14534737744550788,0.342857142857,0.2142857142855,0.407142857143,-0.085714285714,0.528571428571,0,0,0,50,1,51,35,13,29,3,1320.0,6.0,6.0,-6.159111859972843,7.315404256711995e-10,asymptotic,0.9909502262443439,2.0638543531863935,0.9803921568627451,3,11,9.246435780684572e-09,13,True,singlem_higher
subject_adapted,Table V,wbcic_2c,WBCIC-MI-2C,motor_imagery,SingLEM,Welch PSD,classical,welch_psd,pooled_refit,0.0031009813997542324,0.002761421115209828,51,0.8055689901860025,0.13249869735479458,0.5539276142111521,0.06893570955632577,0.2516413759747647,0.13310425715215898,0.285714285714,0.185714285714,0.335714285714,-0.157142857143,0.45,0,0,0,48,3,51,35,12,28,3,1310.5,15.5,15.5,-6.070119847886222,1.2781482899173407e-09,asymptotic,0.9766214177978884,1.8905584341085293,0.9411764705882353,6,8,1.0225186319338725e-08,13,True,singlem_higher
subject_adapted,Table V,wbcic_2c,WBCIC-MI-2C,motor_imagery,SingLEM,EEGNet,neural,eegnet,existing_head_adaptation,0.0031009813997542324,0.0035765673175802704,51,0.8055689901860025,0.13249869735479458,0.7624357656731757,0.12623878380645528,0.04313322451288235,0.07358469738608056,0.05,0.0,0.085714285714,-0.1,0.257142857143,2,0,2,37,12,49,22,12,39,6,977.0,248.0,248.0,-3.6279883387042093,0.00028563815901356046,asymptotic,0.5951020408163266,0.5861711204243061,0.7551020408163265,10,4,0.0011425526360542418,13,True,singlem_higher
subject_adapted,Table V,wbcic_2c,WBCIC-MI-2C,motor_imagery,SingLEM,EEGConformer,neural,eegconformer,existing_head_adaptation,0.0031009813997542324,1.3098764682695219e-05,51,0.8055689901860025,0.13249869735479458,0.7154998690123532,0.12596494458128088,0.09006912117366667,0.10219830373430527,0.1,0.035714285714,0.15,-0.221428571429,0.471428571429,1,0,1,46,4,50,28,15,37,4,1159.5,115.5,115.5,-5.040156421074812,4.651515019039369e-07,asymptotic,0.8188235294117647,0.88131718318758,0.92,8,6,2.790909011423621e-06,13,True,singlem_higher
subject_adapted,Table V,wbcic_2c,WBCIC-MI-2C,motor_imagery,SingLEM,IFNetV2,neural,ifnetv2,existing_head_adaptation,0.0031009813997542324,0.004384660338942581,51,0.8055689901860025,0.13249869735479458,0.7754438466033895,0.12270700954669674,0.030125143582666672,0.08002176184050419,0.042857142857,-0.0035714285715,0.071428571429,-0.278571428571,0.221428571429,1,0,1,37,13,50,20,13,43,6,956.0,319.0,319.0,-3.076576765421127,0.00209392378110746,asymptotic,0.4996078431372549,0.37646188848866846,0.74,11,3,0.00628177134332238,13,True,singlem_higher
subject_adapted,Table V,atten_nback,N-back-2C,cognitive,SingLEM,BENDR,foundation,bendr,pooled_refit,0.0029554655870356328,0.000769230769229523,26,0.8441295546558704,0.0775036687267025,0.5673076923076923,0.07132762798194534,0.2768218623482308,0.08997389350748715,0.2697368421055,0.20394736842125,0.35197368421075004,0.092105263158,0.447368421053,0,0,0,26,0,26,19,5,12,3,351.0,0.0,0.0,-4.4593230541782125,8.22189177901451e-06,asymptotic,1.0,3.076690932855931,1.0,2,11,9.841448160095575e-05,12,True,singlem_higher
subject_adapted,Table V,atten_nback,N-back-2C,cognitive,SingLEM,BIOT,foundation,biot,pooled_refit,0.0029554655870356328,0.004291497975714265,26,0.8441295546558704,0.0775036687267025,0.6047570850202428,0.0884211128783292,0.23937246963569228,0.10340593372608438,0.2434210526315,0.17434210526325,0.32565789473675,0.026315789474,0.394736842105,0,0,0,26,0,26,20,6,12,2,351.0,0.0,0.0,-4.458423616291297,8.256460831710365e-06,asymptotic,1.0,2.3148813710224254,1.0,3,10,9.841448160095575e-05,12,True,singlem_higher
subject_adapted,Table V,atten_nback,N-back-2C,cognitive,SingLEM,LaBraM,foundation,labram,pooled_refit,0.0029554655870356328,0.004858299595134952,26,0.8441295546558704,0.0775036687267025,0.6209514170040487,0.07330912339525711,0.22317813765176922,0.10161308188617525,0.223684210526,0.15460526315775,0.289473684211,0.052631578947,0.434210526316,0,0,0,26,0,26,18,5,13,3,351.0,0.0,0.0,-4.459862978271102,8.201206800079646e-06,asymptotic,1.0,2.1963524135776975,1.0,1,12,9.841448160095575e-05,12,True,singlem_higher
subject_adapted,Table V,atten_nback,N-back-2C,cognitive,SingLEM,CBraMod,foundation,cbramod,pooled_refit,0.0029554655870356328,0.002874493927151889,26,0.8441295546558704,0.0775036687267025,0.8107287449392714,0.08230381887964525,0.03340080971661538,0.08721854370531476,0.019736842105500002,-0.009868421052750001,0.11513157894775,-0.171052631579,0.197368421053,3,0,3,16,7,23,10,7,20,5,199.5,76.5,76.5,-1.8743163156182272,0.060886840039593826,asymptotic,0.44565217391304346,0.38295537047106265,0.6956521739130435,10,3,0.18266052011878148,12,False,not_significant
subject_adapted,Table V,atten_nback,N-back-2C,cognitive,SingLEM,CodeBrain,foundation,codebrain,pooled_refit,0.0029554655870356328,0.003117408906874175,26,0.8441295546558704,0.0775036687267025,0.8390688259109312,0.08027891927279493,0.005060728744961539,0.06822613156818595,0.013157894737,-0.049342105262999994,0.052631578947,-0.131578947368,0.131578947368,2,0,2,15,9,24,10,8,22,5,165.5,134.5,134.5,-0.44390017479554394,0.6571147581743391,asymptotic,0.10333333333333333,0.07417581253165131,0.625,12,1,0.6571147581743391,12,False,not_significant
subject_adapted,Table V,atten_nback,N-back-2C,cognitive,SingLEM,CSBrain,foundation,csbrain,pooled_refit,0.0029554655870356328,0.0010121457489873364,26,0.8441295546558704,0.0775036687267025,0.7925101214574899,0.07352498701919657,0.051619433198423076,0.06614881620518301,0.039473684211,0.026315789474,0.078947368421,-0.078947368421,0.223684210526,0,0,0,22,4,26,11,6,21,5,303.5,47.5,47.5,-3.2592297886370316,0.0011171514309620421,asymptotic,0.7293447293447294,0.7803530911015533,0.8461538461538461,7,6,0.006702908585772252,12,True,singlem_higher
subject_adapted,Table V,atten_nback,N-back-2C,cognitive,SingLEM,LUNA,foundation,luna_large,pooled_refit,0.0029554655870356328,0.004493927125494679,26,0.8441295546558704,0.0775036687267025,0.646255060728745,0.10475713391616141,0.19787449392711542,0.12010387754808917,0.1907894736845,0.13486842105225,0.263157894737,-0.078947368421,0.460526315789,1,0,1,24,1,25,17,6,14,3,323.0,2.0,2.0,-4.320906168172495,1.5538974521434624e-05,asymptotic,0.9876923076923076,1.6475279397027558,0.96,4,9,0.00013985077069291163,12,True,singlem_higher
subject_adapted,Table V,atten_nback,N-back-2C,cognitive,SingLEM,CSP,classical,csp,pooled_refit,0.0029554655870356328,0.00449392712550889,26,0.8441295546558704,0.0775036687267025,0.603744939271255,0.11387939646891174,0.24038461538465386,0.13767749522431136,0.2828947368425,0.1513157894735,0.36513157894775,-0.078947368421,0.407894736842,1,0,1,24,1,25,20,4,9,3,322.0,3.0,3.0,-4.2930124188033325,1.7626514317925736e-05,asymptotic,0.9815384615384616,1.745997884352898,0.96,5,8,0.00014101211454340589,12,True,singlem_higher
subject_adapted,Table V,atten_nback,N-back-2C,cognitive,SingLEM,Welch PSD,classical,welch_psd,pooled_refit,0.0029554655870356328,0.004291497975714265,26,0.8441295546558704,0.0775036687267025,0.7702429149797572,0.09298309270782533,0.07388663967626924,0.11128044250783627,0.046052631579,0.013157894737,0.1480263157895,-0.184210526316,0.276315789474,1,0,1,20,5,25,13,6,18,4,271.5,53.5,53.5,-2.9364430856226638,0.0033199973618887484,asymptotic,0.6707692307692308,0.663967881607464,0.8,8,5,0.016599986809443742,12,True,singlem_higher
subject_adapted,Table V,atten_nback,N-back-2C,cognitive,SingLEM,EEGNet,neural,eegnet,existing_head_adaptation,0.0029554655870356328,0.0021052631578868386,26,0.8441295546558704,0.0775036687267025,0.7434210526315789,0.09276082490533984,0.1007085020243077,0.07599226412120307,0.092105263158,0.052631578947,0.14144736842075,-0.013157894737,0.276315789474,1,0,1,23,2,25,15,7,17,3,321.0,4.0,4.0,-4.267836469598003,1.9737792984468218e-05,asymptotic,0.9753846153846154,1.3252467627979043,0.92,6,7,0.00014101211454340589,12,True,singlem_higher
subject_adapted,Table V,atten_nback,N-back-2C,cognitive,SingLEM,EEGConformer,neural,eegconformer,existing_head_adaptation,0.0029554655870356328,0.0011336032388697959,26,0.8441295546558704,0.0775036687267025,0.7823886639676112,0.10415407623321342,0.06174089068826923,0.12498028823913844,0.0855263157895,-0.0065789473685,0.128289473684,-0.342105263158,0.263157894737,0,0,0,19,7,26,16,7,17,3,283.0,68.0,68.0,-2.7320454497936915,0.0062942457449890795,asymptotic,0.6125356125356125,0.49400502717783495,0.7307692307692307,9,4,0.025176982979956318,12,True,singlem_higher
subject_adapted,Table V,atten_nback,N-back-2C,cognitive,SingLEM,IFNetV2,neural,ifnetv2,existing_head_adaptation,0.0029554655870356328,0.002024291497960462,26,0.8441295546558704,0.0775036687267025,0.7899797570850203,0.11382792872475053,0.05414979757080769,0.1388679459550963,0.0328947368425,-0.026315789474,0.16118421052624998,-0.210526315789,0.342105263158,1,0,1,16,9,25,13,7,19,3,230.0,95.0,95.0,-1.8180272463724998,0.06905996850384107,asymptotic,0.4153846153846154,0.3899373408195821,0.64,11,2,0.18266052011878148,12,False,not_significant
subject_adapted,Table V,atten_dsr,DSR-2C,cognitive,SingLEM,BENDR,foundation,bendr,pooled_refit,0.0023076923076956746,0.0038461538461547207,26,0.8369230769230769,0.09116004522900285,0.5415384615384615,0.06949488082973063,0.2953846153846154,0.10265401187409168,0.3,0.225,0.34,0.1,0.46,0,0,0,26,0,26,15,6,17,4,351.0,0.0,0.0,-4.46166414266676,8.132561729060181e-06,asymptotic,1.0,2.8774775577881337,1.0,1,12,9.759074074872217e-05,12,True,singlem_higher
subject_adapted,Table V,atten_dsr,DSR-2C,cognitive,SingLEM,BIOT,foundation,biot,pooled_refit,0.0023076923076956746,0.004615384615384244,26,0.8369230769230769,0.09116004522900285,0.5961538461538461,0.1074830934827212,0.24076923076923076,0.13041236373666654,0.22999999999999998,0.16,0.335,-0.02,0.56,0,0,0,25,1,26,16,6,16,4,349.5,1.5,1.5,-4.422994302993512,9.734230920927823e-06,asymptotic,0.9914529914529915,1.8462147596327667,0.9615384615384616,3,10,9.759074074872217e-05,12,True,singlem_higher
subject_adapted,Table V,atten_dsr,DSR-2C,cognitive,SingLEM,LaBraM,foundation,labram,pooled_refit,0.0023076923076956746,0.001538461538459046,26,0.8369230769230769,0.09116004522900285,0.6053846153846154,0.09166158494072722,0.23153846153846155,0.11470631395672368,0.25,0.14,0.335,0.02,0.42,0,0,0,26,0,26,17,8,17,3,351.0,0.0,0.0,-4.4593230541782125,8.22189177901451e-06,asymptotic,1.0,2.0185328387922588,1.0,2,11,9.759074074872217e-05,12,True,singlem_higher
subject_adapted,Table V,atten_dsr,DSR-2C,cognitive,SingLEM,CBraMod,foundation,cbramod,pooled_refit,0.0023076923076956746,0.001538461538459046,26,0.8369230769230769,0.09116004522900285,0.8053846153846155,0.10576316066497897,0.03153846153846154,0.07739210852237106,0.02,-0.04,0.095,-0.1,0.2,0,0,0,17,9,26,8,5,23,7,240.5,110.5,110.5,-1.6583737267011107,0.09724205624231387,asymptotic,0.37037037037037035,0.40751521234681176,0.6538461538461539,11,2,0.19448411248462774,12,False,not_significant
subject_adapted,Table V,atten_dsr,DSR-2C,cognitive,SingLEM,CodeBrain,foundation,codebrain,pooled_refit,0.0023076923076956746,0.0023076923077098854,26,0.8369230769230769,0.09116004522900285,0.8230769230769229,0.09661342477189103,0.013846153846153843,0.07435465946808839,0.0,-0.035,0.04,-0.14,0.18,6,0,6,11,9,20,9,5,16,6,126.0,84.0,84.0,-0.7872847562482979,0.43111519118957287,asymptotic,0.2,0.1862177023633112,0.55,12,1,0.43111519118957287,12,False,not_significant
subject_adapted,Table V,atten_dsr,DSR-2C,cognitive,SingLEM,CSBrain,foundation,csbrain,pooled_refit,0.0023076923076956746,0.0023076923076956746,26,0.8369230769230769,0.09116004522900285,0.7669230769230769,0.10806550719889232,0.07,0.06356099432828281,0.06,0.04,0.11499999999999999,-0.02,0.24,1,0,1,21,4,25,9,6,22,8,313.0,12.0,12.0,-4.069983815735987,4.701640380342579e-05,asymptotic,0.9261538461538461,1.1013043571732173,0.84,6,7,0.0003291148266239805,12,True,singlem_higher
subject_adapted,Table V,atten_dsr,DSR-2C,cognitive,SingLEM,LUNA,foundation,luna_large,pooled_refit,0.0023076923076956746,0.0023076923076956746,26,0.8369230769230769,0.09116004522900285,0.6469230769230769,0.10383715060687021,0.19,0.11963277142990544,0.19,0.12,0.255,-0.02,0.4,1,0,1,24,1,25,15,9,19,3,324.0,1.0,1.0,-4.347827701930579,1.3749254671677017e-05,asymptotic,0.9938461538461538,1.588193583823507,0.96,5,8,0.00010999403737341613,12,True,singlem_higher
subject_adapted,Table V,atten_dsr,DSR-2C,cognitive,SingLEM,CSP,classical,csp,pooled_refit,0.0023076923076956746,0.00230769230770278,26,0.8369230769230769,0.09116004522900285,0.586923076923077,0.09565643651189315,0.25,0.11582745788456207,0.24,0.165,0.355,0.0,0.42,1,0,1,25,0,25,14,6,17,4,325.0,0.0,0.0,-4.377129188300479,1.2025270456350779e-05,asymptotic,1.0,2.158382861593658,1.0,4,9,0.000108227434107157,12,True,singlem_higher
subject_adapted,Table V,atten_dsr,DSR-2C,cognitive,SingLEM,Welch PSD,classical,welch_psd,pooled_refit,0.0023076923076956746,0.0007692307692224176,26,0.8369230769230769,0.09116004522900285,0.6976923076923077,0.09488130236491032,0.13923076923076924,0.124255320269937,0.15000000000000002,0.08,0.195,-0.12,0.44,2,0,2,22,2,24,12,8,20,4,283.5,16.5,16.5,-3.8187695558291774,0.0001341189777431214,asymptotic,0.89,1.120521591576916,0.9166666666666666,7,6,0.0008047138664587284,12,True,singlem_higher
subject_adapted,Table V,atten_dsr,DSR-2C,cognitive,SingLEM,EEGNet,neural,eegnet,existing_head_adaptation,0.0023076923076956746,0.0007692307692224176,26,0.8369230769230769,0.09116004522900285,0.7776923076923078,0.1101746864686328,0.05923076923076923,0.07807294419569825,0.06,0.02,0.11499999999999999,-0.1,0.24,1,0,1,21,4,25,9,7,23,6,276.5,48.5,48.5,-3.0756098343207663,0.0021007254038631767,asymptotic,0.7015384615384616,0.7586593517249832,0.84,9,4,0.009866435214486628,12,True,singlem_higher
subject_adapted,Table V,atten_dsr,DSR-2C,cognitive,SingLEM,EEGConformer,neural,eegconformer,existing_head_adaptation,0.0023076923076956746,0.004615384615391349,26,0.8369230769230769,0.09116004522900285,0.7761538461538462,0.0906896652580402,0.06076923076923077,0.12399751858559355,0.06,0.02,0.14,-0.28,0.3,0,0,0,20,6,26,11,7,22,6,276.5,74.5,74.5,-2.570694521230308,0.010149480973638266,asymptotic,0.5754985754985755,0.49008424896247194,0.7692307692307693,10,3,0.0304484429209148,12,True,singlem_higher
subject_adapted,Table V,atten_dsr,DSR-2C,cognitive,SingLEM,IFNetV2,neural,ifnetv2,existing_head_adaptation,0.0023076923076956746,0.0023076923076956746,26,0.8369230769230769,0.09116004522900285,0.7769230769230769,0.10456650441778113,0.06000000000000001,0.0827526434623088,0.08,-0.01,0.1,-0.12,0.24,0,0,0,19,7,26,9,6,23,6,297.0,54.0,54.0,-3.0942236021400484,0.0019732870428973257,asymptotic,0.6923076923076923,0.7250523667842479,0.7307692307692307,8,5,0.009866435214486628,12,True,singlem_higher
subject_adapted,Table V,atten_word,WG-2C,cognitive,SingLEM,BENDR,foundation,bendr,pooled_refit,0.0017948717948712556,0.004249084249089208,26,0.6987179487179488,0.08382638025622975,0.5091575091575091,0.047177439493251115,0.1895604395604615,0.10201613167317844,0.1785714285715,0.119047619048,0.238095238095,0.047619047619,0.47619047619,0,0,0,26,0,26,14,8,20,4,351.0,0.0,0.0,-4.461483928018896,8.139405173268125e-06,asymptotic,1.0,1.8581418100398308,1.0,1,12,9.767286207921751e-05,12,True,singlem_higher
subject_adapted,Table V,atten_word,WG-2C,cognitive,SingLEM,BIOT,foundation,biot,pooled_refit,0.0017948717948712556,0.0019047619047611875,26,0.6987179487179488,0.08382638025622975,0.5476190476190476,0.09233675918888246,0.15109890109892307,0.1148680220094173,0.1190476190475,0.071428571429,0.238095238095,-0.095238095238,0.380952380952,1,0,1,24,1,25,11,7,21,6,315.5,9.5,9.5,-4.126665923819466,3.680604724093387e-05,asymptotic,0.9415384615384615,1.3154131015378276,0.96,2,11,0.00040486651965027256,12,True,singlem_higher
subject_adapted,Table V,atten_word,WG-2C,cognitive,SingLEM,LaBraM,foundation,labram,pooled_refit,0.0017948717948712556,0.0027106227106301617,26,0.6987179487179488,0.08382638025622975,0.6062271062271063,0.11551536286609142,0.09249084249096154,0.11786593003837405,0.071428571429,0.02976190476225,0.13690476190474998,-0.166666666667,0.285714285714,0,0,0,21,5,26,10,7,23,8,308.5,42.5,42.5,-3.391494541817864,0.0006951254766284389,asymptotic,0.7578347578347578,0.7847122782711591,0.8076923076923077,5,8,0.005561003813027511,12,True,singlem_higher
subject_adapted,Table V,atten_word,WG-2C,cognitive,SingLEM,CBraMod,foundation,cbramod,pooled_refit,0.0017948717948712556,0.0009523809523841464,26,0.6987179487179488,0.08382638025622975,0.7261904761904762,0.08709210075319943,-0.02747252747253846,0.10852386336806659,-0.071428571429,-0.1130952380955,0.071428571429,-0.166666666667,0.166666666667,0,0,0,10,16,26,7,6,25,6,127.0,224.0,127.0,-1.2359446003434418,0.2164791570178246,asymptotic,-0.27635327635327633,-0.2531473412383356,0.38461538461538464,8,5,1.0,12,False,not_significant
subject_adapted,Table V,atten_word,WG-2C,cognitive,SingLEM,CodeBrain,foundation,codebrain,pooled_refit,0.0017948717948712556,0.0017948717948712556,26,0.6987179487179488,0.08382638025622975,0.6987179487179488,0.08382638025622975,-3.8462155469090386e-14,0.097124181211498,-0.011904761905,-0.071428571429,0.071428571429,-0.119047619048,0.166666666667,2,0,2,11,13,24,7,6,23,6,147.0,153.0,147.0,-0.08600879962817708,0.931459422058486,asymptotic,-0.02,-3.960100871824602e-13,0.4583333333333333,12,1,1.0,12,False,not_significant
subject_adapted,Table V,atten_word,WG-2C,cognitive,SingLEM,CSBrain,foundation,csbrain,pooled_refit,0.0017948717948712556,0.003919413919419412,26,0.6987179487179488,0.08382638025622975,0.6941391941391941,0.08402901660917021,0.004578754578769231,0.08492206131202772,0.011904761905,-0.0654761904765,0.0654761904765,-0.142857142857,0.190476190476,3,0,3,13,10,23,7,6,22,5,142.0,134.0,134.0,-0.12209827906550136,0.9028211847896511,asymptotic,0.028985507246376812,0.053917138939263254,0.5652173913043478,11,2,1.0,12,False,not_significant
subject_adapted,Table V,atten_word,WG-2C,cognitive,SingLEM,LUNA,foundation,luna_large,pooled_refit,0.0017948717948712556,0.0006593406593253803,26,0.6987179487179488,0.08382638025622975,0.5934065934065933,0.0959315413794236,0.10531135531138462,0.10862427221170799,0.142857142857,0.047619047619,0.166666666667,-0.119047619048,0.285714285714,0,0,0,21,5,26,10,7,23,5,318.5,32.5,32.5,-3.6388123170775675,0.00027389831637874174,asymptotic,0.8148148148148148,0.9695011360456665,0.8076923076923077,3,10,0.002738983163787417,12,True,singlem_higher
subject_adapted,Table V,atten_word,WG-2C,cognitive,SingLEM,CSP,classical,csp,pooled_refit,0.0017948717948712556,0.001282051282053942,26,0.6987179487179488,0.08382638025622975,0.5705128205128205,0.09318763390335941,0.12820512820515384,0.134699955991469,0.142857142857,0.02976190476225,0.214285714286,-0.142857142857,0.404761904762,2,0,2,20,4,24,13,7,18,5,277.0,23.0,23.0,-3.63395217815513,0.0002791126174332855,asymptotic,0.8466666666666667,0.9517829999385709,0.8333333333333334,4,9,0.002738983163787417,12,True,singlem_higher
subject_adapted,Table V,atten_word,WG-2C,cognitive,SingLEM,Welch PSD,classical,welch_psd,pooled_refit,0.0017948717948712556,0.0014285714285762197,26,0.6987179487179488,0.08382638025622975,0.7142857142857143,0.09085135251589958,-0.015567765567769232,0.1089929802172189,-0.0238095238095,-0.08928571428575,0.047619047619,-0.190476190476,0.190476190476,2,0,2,11,13,24,8,7,23,6,121.5,178.5,121.5,-0.8167480040532934,0.41407245206545007,asymptotic,-0.19,-0.1428327359866962,0.4583333333333333,10,3,1.0,12,False,not_significant
subject_adapted,Table V,atten_word,WG-2C,cognitive,SingLEM,EEGNet,neural,eegnet,existing_head_adaptation,0.0017948717948712556,0.004468864468861966,26,0.6987179487179488,0.08382638025622975,0.6886446886446886,0.09826685794641592,0.010073260073307692,0.09669670584716426,0.011904761905,-0.02380952381,0.047619047619,-0.261904761905,0.214285714286,5,0,5,13,8,21,9,3,15,7,143.0,88.0,88.0,-0.9616619162098248,0.3362194585760455,asymptotic,0.23809523809523808,0.10417376667649016,0.6190476190476191,9,4,1.0,12,False,not_significant
subject_adapted,Table V,atten_word,WG-2C,cognitive,SingLEM,EEGConformer,neural,eegconformer,existing_head_adaptation,0.0017948717948712556,0.0020146520146582247,26,0.6987179487179488,0.08382638025622975,0.6034798534798534,0.09804027764376981,0.09523809523811538,0.13265131692555962,0.095238095238,0.0,0.1607142857145,-0.166666666667,0.380952380952,4,0,4,18,4,22,10,8,20,3,218.0,35.0,35.0,-2.974528591804259,0.0029343910817063467,asymptotic,0.7233201581027668,0.7179581586179085,0.8181818181818182,6,7,0.020540737571944426,12,True,singlem_higher
subject_adapted,Table V,atten_word,WG-2C,cognitive,SingLEM,IFNetV2,neural,ifnetv2,existing_head_adaptation,0.0017948717948712556,0.0041758241758458325,26,0.6987179487179488,0.08382638025622975,0.7417582417582417,0.12736511832024697,-0.043040293040384626,0.14428166437347548,-0.0833333333335,-0.166666666667,0.0654761904765,-0.261904761905,0.238095238095,2,0,2,9,15,24,10,7,21,6,98.0,202.0,98.0,-1.4897481476576055,0.136290469623429,asymptotic,-0.3466666666666667,-0.2983074337774072,0.375,7,6,0.817742817740574,12,False,not_significant
