channel,subject,best_params,validation_f1_macro,accuracy,f1_macro,precision_macro,recall_macro,kappa,valid,invalid_reason
FP1,VP001_C1,"{""C"": 0.6158482110660264, ""gamma"": ""auto""}",0.69245854876092,0.65,0.6499027507641011,0.6501668520578421,,0.30000000000000004,True,
FP1,VP002_C1,"{""C"": 1.2742749857031335, ""gamma"": ""auto""}",0.6435616929698709,0.5333333333333333,0.5286195286195287,0.5347222222222222,,0.06666666666666665,True,
FP1,VP003_C1,"{""C"": 0.20691380811147894, ""gamma"": ""auto""}",0.7037037037037037,0.6833333333333333,0.6789636722050126,0.6938895417156287,,0.3666666666666667,True,
FP1,VP004_C1,"{""C"": 0.14384498882876628, ""gamma"": ""auto""}",0.6532027743778049,0.65,0.6491228070175439,0.6515151515151515,,0.30000000000000004,True,
FP1,VP005_C1,"{""C"": 0.6158482110660264, ""gamma"": ""auto""}",0.6736026111791106,0.65,0.6499027507641011,0.6501668520578421,,0.30000000000000004,True,
FP1,VP006_C1,"{""C"": 0.42813323987193935, ""gamma"": ""scale""}",0.6785714285714286,0.8166666666666667,0.8166157265907197,0.8170189098998888,,0.6333333333333333,True,
FP1,VP007_C1,"{""C"": 0.6158482110660264, ""gamma"": ""scale""}",0.6645195920558239,0.7,0.699666295884316,0.7008928571428572,,0.4,True,
FP1,VP008_C1,"{""C"": 0.42813323987193935, ""gamma"": ""scale""}",0.6558061821219716,0.5666666666666667,0.5417156286721504,0.5852272727272727,,0.1333333333333333,True,
FP1,VP009_C1,"{""C"": 0.42813323987193935, ""gamma"": ""auto""}",0.6363636363636364,0.6166666666666667,0.607843137254902,0.6282051282051282,,0.23333333333333328,True,
FP1,VP010_C1,"{""C"": 0.6158482110660264, ""gamma"": ""auto""}",0.660979020979021,0.5666666666666667,0.5334928229665072,0.5931677018633541,,0.1333333333333333,True,
FP1,VP011_C1,"{""C"": 1.2742749857031335, ""gamma"": ""scale""}",0.67003367003367,0.6,0.5885714285714285,0.6125,,0.19999999999999996,True,
FP1,VP012_C1,"{""C"": 1.2742749857031335, ""gamma"": ""scale""}",0.6546366979244671,0.5166666666666667,0.49985628054038517,0.5192554557124518,,0.033333333333333326,True,
FP1,VP013_C1,"{""C"": 0.29763514416313175, ""gamma"": ""auto""}",0.6740262795308667,0.7,0.6945701357466063,0.715311004784689,,0.4,True,
FP1,VP014_C1,"{""C"": 1.8329807108324356, ""gamma"": ""auto""}",0.6659391563850162,0.7333333333333333,0.7306397306397306,0.7430555555555556,,0.4666666666666667,True,
FP1,VP015_C1,"{""C"": 2.636650898730358, ""gamma"": ""scale""}",0.66996699669967,0.6166666666666667,0.6157059314954052,0.6178451178451179,,0.23333333333333328,True,
FP1,VP016_C1,"{""C"": 0.42813323987193935, ""gamma"": ""auto""}",0.660979020979021,0.7333333333333333,0.7257142857142858,0.7625,,0.4666666666666667,True,
FP1,VP017_C1,"{""C"": 0.8858667904100825, ""gamma"": ""scale""}",0.6517857142857143,0.6833333333333333,0.6832453459294248,0.6835372636262513,,0.3666666666666667,True,
FP1,VP018_C1,"{""C"": 0.42813323987193935, ""gamma"": ""scale""}",0.6790871813157426,0.6,0.5885714285714285,0.6125,,0.19999999999999996,True,
FP1,VP019_C1,"{""C"": 0.6158482110660264, ""gamma"": ""scale""}",0.6929922135706341,0.6666666666666666,0.6632996632996633,0.6736111111111112,,0.33333333333333337,True,
FP1,VP020_C1,"{""C"": 0.6158482110660264, ""gamma"": ""auto""}",0.6637190185577282,0.6833333333333333,0.6832453459294248,0.6835372636262513,,0.3666666666666667,True,
FP1,VP021_C1,"{""C"": 1.8329807108324356, ""gamma"": ""scale""}",0.6383928571428572,0.7166666666666667,0.7146853146853147,0.7228571428571429,,0.43333333333333335,True,
FP1,VP022_C1,"{""C"": 0.29763514416313175, ""gamma"": ""auto""}",0.6846484165324745,0.5333333333333333,0.4444444444444444,0.5925925925925926,,0.06666666666666665,True,
FP1,VP023_C1,"{""C"": 1.8329807108324356, ""gamma"": ""auto""}",0.6552839723780943,0.55,0.5343489508479448,0.5577663671373556,,0.09999999999999998,True,
FP1,VP024_C1,"{""C"": 3.79269019073225, ""gamma"": ""auto""}",0.6922253445737989,0.6666666666666666,0.6411483253588517,0.7329192546583851,,0.33333333333333337,True,
FP1,VP025_C1,"{""C"": 1.8329807108324356, ""gamma"": ""auto""}",0.6632996632996633,0.6833333333333333,0.6789636722050126,0.6938895417156287,,0.3666666666666667,True,
FP1,VP026_C1,"{""C"": 1.8329807108324356, ""gamma"": ""auto""}",0.6418969421791854,0.5333333333333333,0.49760765550239233,0.5465838509316769,,0.06666666666666665,True,
AFF5,VP001_C1,"{""C"": 0.6158482110660264, ""gamma"": ""scale""}",0.6301111908177905,0.6666666666666666,0.6666666666666666,0.6666666666666666,,0.33333333333333337,True,
AFF5,VP002_C1,"{""C"": 1.2742749857031335, ""gamma"": ""auto""}",0.672706414279448,0.6,0.5982142857142857,0.6018099547511313,,0.19999999999999996,True,
AFF5,VP003_C1,"{""C"": 1.8329807108324356, ""gamma"": ""auto""}",0.7040889526542324,0.7,0.696969696969697,0.7083333333333333,,0.4,True,
AFF5,VP004_C1,"{""C"": 0.8858667904100825, ""gamma"": ""auto""}",0.6722050126724866,0.6166666666666667,0.6157059314954052,0.6178451178451179,,0.23333333333333328,True,
AFF5,VP005_C1,"{""C"": 0.09999999999999999, ""gamma"": ""auto""}",0.6464028287773698,0.6,0.5885714285714285,0.6125,,0.19999999999999996,True,
AFF5,VP006_C1,"{""C"": 1.8329807108324356, ""gamma"": ""auto""}",0.6192030463756291,0.8,0.7997775305895439,0.8013392857142857,,0.6,True,
AFF5,VP007_C1,"{""C"": 0.6158482110660264, ""gamma"": ""auto""}",0.6956894918125982,0.7,0.6945701357466063,0.715311004784689,,0.4,True,
AFF5,VP008_C1,"{""C"": 0.8858667904100825, ""gamma"": ""scale""}",0.64793061438902,0.6166666666666667,0.6157059314954052,0.6178451178451179,,0.23333333333333328,True,
AFF5,VP009_C1,"{""C"": 1.2742749857031335, ""gamma"": ""auto""}",0.660157695801882,0.6,0.5885714285714285,0.6125,,0.19999999999999996,True,
AFF5,VP010_C1,"{""C"": 0.42813323987193935, ""gamma"": ""auto""}",0.6977296135417133,0.5833333333333334,0.5368941031182464,0.6391465677179963,,0.16666666666666663,True,
AFF5,VP011_C1,"{""C"": 0.29763514416313175, ""gamma"": ""scale""}",0.7146853146853147,0.5666666666666667,0.5542857142857143,0.575,,0.1333333333333333,True,
AFF5,VP012_C1,"{""C"": 48.32930238571752, ""gamma"": ""scale""}",0.6466038406827881,0.55,0.5498749652681301,0.550055617352614,,0.09999999999999998,True,
AFF5,VP013_C1,"{""C"": 0.8858667904100825, ""gamma"": ""auto""}",0.660157695801882,0.7333333333333333,0.7330367074527253,0.734375,,0.4666666666666667,True,
AFF5,VP014_C1,"{""C"": 0.8858667904100825, ""gamma"": ""auto""}",0.6498316498316499,0.7166666666666667,0.7146853146853147,0.7228571428571429,,0.43333333333333335,True,
AFF5,VP015_C1,"{""C"": 0.29763514416313175, ""gamma"": ""scale""}",0.6445938779885142,0.65,0.6419437340153453,0.6648351648351649,,0.30000000000000004,True,
AFF5,VP016_C1,"{""C"": 0.42813323987193935, ""gamma"": ""scale""}",0.6348775667437108,0.8,0.7991071428571428,0.8054298642533937,,0.6,True,
AFF5,VP017_C1,"{""C"": 0.6158482110660264, ""gamma"": ""auto""}",0.6358521173894794,0.6666666666666666,0.6632996632996633,0.6736111111111112,,0.33333333333333337,True,
AFF5,VP018_C1,"{""C"": 11.288378916846883, ""gamma"": ""scale""}",0.6266666666666667,0.5166666666666667,0.49985628054038517,0.5192554557124518,,0.033333333333333326,True,
AFF5,VP019_C1,"{""C"": 1.8329807108324356, ""gamma"": ""scale""}",0.6661324786324787,0.6666666666666666,0.6662958843159066,0.6674107142857143,,0.33333333333333337,True,
AFF5,VP020_C1,"{""C"": 0.20691380811147894, ""gamma"": ""scale""}",0.6740262795308667,0.6833333333333333,0.6811188811188811,0.6885714285714286,,0.3666666666666667,True,
AFF5,VP021_C1,"{""C"": 5.455594781168517, ""gamma"": ""auto""}",0.6394230769230769,0.7,0.7,0.7,,0.4,True,
AFF5,VP022_C1,"{""C"": 0.42813323987193935, ""gamma"": ""auto""}",0.7127569698676429,0.55,0.45546218487394957,0.6636363636363636,,0.09999999999999998,True,
AFF5,VP023_C1,"{""C"": 0.6158482110660264, ""gamma"": ""scale""}",0.6708611347454212,0.6,0.5927601809954751,0.6076555023923444,,0.19999999999999996,True,
AFF5,VP024_C1,"{""C"": 0.42813323987193935, ""gamma"": ""auto""}",0.6487638533674339,0.6666666666666666,0.6411483253588517,0.7329192546583851,,0.33333333333333337,True,
AFF5,VP025_C1,"{""C"": 0.8858667904100825, ""gamma"": ""scale""}",0.6645195920558239,0.6666666666666666,0.6662958843159066,0.6674107142857143,,0.33333333333333337,True,
AFF5,VP026_C1,"{""C"": 0.6158482110660264, ""gamma"": ""scale""}",0.6637374461979914,0.5833333333333334,0.546964663243733,0.6227495908346972,,0.16666666666666663,True,
AFz,VP001_C1,"{""C"": 1.2742749857031335, ""gamma"": ""auto""}",0.6708611347454212,0.5333333333333333,0.5286195286195287,0.5347222222222222,,0.06666666666666665,True,
AFz,VP002_C1,"{""C"": 1.2742749857031335, ""gamma"": ""auto""}",0.6113770768797522,0.6166666666666667,0.6157059314954052,0.6178451178451179,,0.23333333333333328,True,
AFz,VP003_C1,"{""C"": 1.2742749857031335, ""gamma"": ""auto""}",0.6450892857142857,0.7,0.6945701357466063,0.715311004784689,,0.4,True,
AFz,VP004_C1,"{""C"": 1.8329807108324356, ""gamma"": ""auto""}",0.7021385780742757,0.5,0.4994438264738599,0.5,,0.0,True,
AFz,VP005_C1,"{""C"": 0.6158482110660264, ""gamma"": ""auto""}",0.6363636363636364,0.7166666666666667,0.7165879410947485,0.7169076751946608,,0.43333333333333335,True,
AFz,VP006_C1,"{""C"": 0.8858667904100825, ""gamma"": ""auto""}",0.6233859397417504,0.8333333333333334,0.8333333333333334,0.8333333333333334,,0.6666666666666667,True,
AFz,VP007_C1,"{""C"": 0.6158482110660264, ""gamma"": ""auto""}",0.6357560568086884,0.6666666666666666,0.6651785714285714,0.6696832579185521,,0.33333333333333337,True,
AFz,VP008_C1,"{""C"": 0.29763514416313175, ""gamma"": ""scale""}",0.6828644501278772,0.6,0.5995550611790879,0.6004464285714286,,0.19999999999999996,True,
AFz,VP009_C1,"{""C"": 0.20691380811147894, ""gamma"": ""scale""}",0.6187198434389445,0.55,0.5488721804511278,0.5505050505050505,,0.09999999999999998,True,
AFz,VP010_C1,"{""C"": 1.2742749857031335, ""gamma"": ""scale""}",0.6341258741258742,0.5166666666666667,0.5055413469735721,0.5183150183150182,,0.033333333333333326,True,
AFz,VP011_C1,"{""C"": 0.8858667904100825, ""gamma"": ""auto""}",0.6435616929698709,0.5666666666666667,0.5417156286721504,0.5852272727272727,,0.1333333333333333,True,
AFz,VP012_C1,"{""C"": 1.2742749857031335, ""gamma"": ""scale""}",0.6715670941507663,0.55,0.5396419437340154,0.554945054945055,,0.09999999999999998,True,
AFz,VP013_C1,"{""C"": 0.6158482110660264, ""gamma"": ""scale""}",0.6740262795308667,0.75,0.7482517482517483,0.7571428571428571,,0.5,True,
AFz,VP014_C1,"{""C"": 0.6158482110660264, ""gamma"": ""auto""}",0.6632996632996633,0.7333333333333333,0.7321428571428572,0.7375565610859729,,0.4666666666666667,True,
AFz,VP015_C1,"{""C"": 1.8329807108324356, ""gamma"": ""auto""}",0.6753645176764578,0.65,0.6419437340153453,0.6648351648351649,,0.30000000000000004,True,
AFz,VP016_C1,"{""C"": 0.6158482110660264, ""gamma"": ""auto""}",0.6616755434964661,0.8,0.7991071428571428,0.8054298642533937,,0.6,True,
AFz,VP017_C1,"{""C"": 1.2742749857031335, ""gamma"": ""scale""}",0.6674208144796381,0.65,0.6419437340153453,0.6648351648351649,,0.30000000000000004,True,
AFz,VP018_C1,"{""C"": 0.29763514416313175, ""gamma"": ""scale""}",0.6426002517532818,0.5833333333333334,0.5688416211555045,0.5962772785622593,,0.16666666666666663,True,
AFz,VP019_C1,"{""C"": 0.8858667904100825, ""gamma"": ""auto""}",0.6507097756482021,0.6666666666666666,0.6651785714285714,0.6696832579185521,,0.33333333333333337,True,
AFz,VP020_C1,"{""C"": 0.42813323987193935, ""gamma"": ""auto""}",0.6628304261823413,0.6666666666666666,0.6662958843159066,0.6674107142857143,,0.33333333333333337,True,
AFz,VP021_C1,"{""C"": 1.2742749857031335, ""gamma"": ""scale""}",0.6426623326023311,0.7166666666666667,0.7146853146853147,0.7228571428571429,,0.43333333333333335,True,
AFz,VP022_C1,"{""C"": 2.636650898730358, ""gamma"": ""scale""}",0.6285099119802764,0.5666666666666667,0.5125,0.62,,0.1333333333333333,True,
AFz,VP023_C1,"{""C"": 0.20691380811147894, ""gamma"": ""auto""}",0.6668026655786754,0.5333333333333333,0.513888888888889,0.5396825396825398,,0.06666666666666665,True,
AFz,VP024_C1,"{""C"": 0.29763514416313175, ""gamma"": ""auto""}",0.6061598876699505,0.65,0.6194503171247357,0.720949263502455,,0.30000000000000004,True,
AFz,VP025_C1,"{""C"": 0.29763514416313175, ""gamma"": ""auto""}",0.6378242375692478,0.7166666666666667,0.706812302385743,0.7503209242618742,,0.43333333333333335,True,
AFz,VP026_C1,"{""C"": 1.8329807108324356, ""gamma"": ""auto""}",0.6716724396655798,0.55,0.5278344505974935,0.5615595075239398,,0.09999999999999998,True,
F1,VP001_C1,"{""C"": 1.8329807108324356, ""gamma"": ""scale""}",0.6564796389145201,0.5333333333333333,0.5248868778280543,0.5358851674641147,,0.06666666666666665,True,
F1,VP002_C1,"{""C"": 0.8858667904100825, ""gamma"": ""auto""}",0.6310545971499815,0.6333333333333333,0.6296296296296295,0.6388888888888888,,0.2666666666666667,True,
F1,VP003_C1,"{""C"": 0.14384498882876628, ""gamma"": ""scale""}",0.6632148093841642,0.65,0.6378269617706237,0.6732991014120667,,0.30000000000000004,True,
F1,VP004_C1,"{""C"": 0.20691380811147894, ""gamma"": ""scale""}",0.6353158344964207,0.5,0.4909502262443439,0.5,,0.0,True,
F1,VP005_C1,"{""C"": 23.357214690901213, ""gamma"": ""scale""}",0.6465252767773777,0.5333333333333333,0.53125,0.5339366515837104,,0.06666666666666665,True,
F1,VP006_C1,"{""C"": 0.8858667904100825, ""gamma"": ""scale""}",0.660584064253789,0.75,0.7482517482517483,0.7571428571428571,,0.5,True,
F1,VP007_C1,"{""C"": 0.29763514416313175, ""gamma"": ""auto""}",0.6192030463756291,0.6833333333333333,0.6723196320781835,0.7118100128369704,,0.3666666666666667,True,
F1,VP008_C1,"{""C"": 0.6158482110660264, ""gamma"": ""scale""}",0.6238412968519099,0.5833333333333334,0.5775837792171219,0.5881316098707403,,0.16666666666666663,True,
F1,VP009_C1,"{""C"": 0.29763514416313175, ""gamma"": ""scale""}",0.6297142857142857,0.6166666666666667,0.6113770768797522,0.6233842538190364,,0.23333333333333328,True,
F1,VP010_C1,"{""C"": 0.6158482110660264, ""gamma"": ""scale""}",0.672809829059829,0.48333333333333334,0.47972027972027975,0.4828571428571429,,-0.03333333333333344,True,
F1,VP011_C1,"{""C"": 1.2742749857031335, ""gamma"": ""scale""}",0.6205790686119517,0.5333333333333333,0.52,0.5375000000000001,,0.06666666666666665,True,
F1,VP012_C1,"{""C"": 3.79269019073225, ""gamma"": ""auto""}",0.6408391608391608,0.5166666666666667,0.5132867132867133,0.5171428571428571,,0.033333333333333326,True,
F1,VP013_C1,"{""C"": 0.8858667904100825, ""gamma"": ""scale""}",0.6771879483500718,0.7,0.6986607142857143,0.7036199095022624,,0.4,True,
F1,VP014_C1,"{""C"": 0.6158482110660264, ""gamma"": ""scale""}",0.6368364418938307,0.7666666666666667,0.765625,0.7714932126696833,,0.5333333333333333,True,
F1,VP015_C1,"{""C"": 7.847599703514611, ""gamma"": ""auto""}",0.6533179252411219,0.6333333333333333,0.6266968325791855,0.6435406698564593,,0.2666666666666667,True,
F1,VP016_C1,"{""C"": 0.6158482110660264, ""gamma"": ""auto""}",0.6199095022624435,0.75,0.7499305362600722,0.7502780867630701,,0.5,True,
F1,VP017_C1,"{""C"": 23.357214690901213, ""gamma"": ""scale""}",0.5974235104669887,0.5333333333333333,0.5286195286195287,0.5347222222222222,,0.06666666666666665,True,
F1,VP018_C1,"{""C"": 0.6158482110660264, ""gamma"": ""scale""}",0.6641440150463481,0.5,0.4791666666666667,0.5,,0.0,True,
F1,VP019_C1,"{""C"": 0.8858667904100825, ""gamma"": ""auto""}",0.614448051948052,0.65,0.6491228070175439,0.6515151515151515,,0.30000000000000004,True,
F1,VP020_C1,"{""C"": 0.6158482110660264, ""gamma"": ""auto""}",0.6426623326023311,0.6333333333333333,0.6316964285714286,0.6357466063348416,,0.2666666666666667,True,
F1,VP021_C1,"{""C"": 0.42813323987193935, ""gamma"": ""scale""}",0.6065092703748166,0.8,0.8,0.8,,0.6,True,
F1,VP022_C1,"{""C"": 0.8858667904100825, ""gamma"": ""scale""}",0.6632996632996633,0.6,0.5604395604395604,0.65625,,0.19999999999999996,True,
F1,VP023_C1,"{""C"": 3.79269019073225, ""gamma"": ""auto""}",0.6507097756482021,0.48333333333333334,0.4762038862292312,0.48237367802585196,,-0.03333333333333344,True,
F1,VP024_C1,"{""C"": 0.42813323987193935, ""gamma"": ""scale""}",0.6593386627906976,0.6166666666666667,0.6113770768797522,0.6233842538190364,,0.23333333333333328,True,
F1,VP025_C1,"{""C"": 0.8858667904100825, ""gamma"": ""scale""}",0.6502869440459111,0.6,0.5927601809954751,0.6076555023923444,,0.19999999999999996,True,
F1,VP026_C1,"{""C"": 0.42813323987193935, ""gamma"": ""auto""}",0.641504329004329,0.55,0.5278344505974935,0.5615595075239398,,0.09999999999999998,True,
FC5,VP001_C1,"{""C"": 0.14384498882876628, ""gamma"": ""auto""}",0.6313322106413,0.5166666666666667,0.49985628054038517,0.5192554557124518,,0.033333333333333326,True,
FC5,VP002_C1,"{""C"": 0.42813323987193935, ""gamma"": ""scale""}",0.6746538202490896,0.7333333333333333,0.7321428571428572,0.7375565610859729,,0.4666666666666667,True,
FC5,VP003_C1,"{""C"": 0.09999999999999999, ""gamma"": ""scale""}",0.6439833180754755,0.6333333333333333,0.6180555555555556,0.6587301587301587,,0.2666666666666667,True,
FC5,VP004_C1,"{""C"": 3.79269019073225, ""gamma"": ""scale""}",0.6866109530583215,0.48333333333333334,0.4762038862292312,0.48237367802585196,,-0.03333333333333344,True,
FC5,VP005_C1,"{""C"": 1.8329807108324356, ""gamma"": ""scale""}",0.6790871813157426,0.6666666666666666,0.6662958843159066,0.6674107142857143,,0.33333333333333337,True,
FC5,VP006_C1,"{""C"": 7.847599703514611, ""gamma"": ""auto""}",0.6590301301479764,0.7333333333333333,0.7321428571428572,0.7375565610859729,,0.4666666666666667,True,
FC5,VP007_C1,"{""C"": 1.8329807108324356, ""gamma"": ""scale""}",0.6558061821219716,0.6333333333333333,0.6316964285714286,0.6357466063348416,,0.2666666666666667,True,
FC5,VP008_C1,"{""C"": 7.847599703514611, ""gamma"": ""scale""}",0.6399359886201992,0.5666666666666667,0.5647321428571428,0.5678733031674208,,0.1333333333333333,True,
FC5,VP009_C1,"{""C"": 0.6158482110660264, ""gamma"": ""scale""}",0.6560207500751412,0.5666666666666667,0.5588235294117647,0.5717703349282297,,0.1333333333333333,True,
FC5,VP010_C1,"{""C"": 0.09999999999999999, ""gamma"": ""auto""}",0.67003367003367,0.5166666666666667,0.4334093129273852,0.5404312668463611,,0.033333333333333326,True,
FC5,VP011_C1,"{""C"": 1.2742749857031335, ""gamma"": ""scale""}",0.6316530554773303,0.5666666666666667,0.5588235294117647,0.5717703349282297,,0.1333333333333333,True,
FC5,VP012_C1,"{""C"": 2.636650898730358, ""gamma"": ""auto""}",0.6623294763855747,0.5333333333333333,0.5286195286195287,0.5347222222222222,,0.06666666666666665,True,
FC5,VP013_C1,"{""C"": 5.455594781168517, ""gamma"": ""auto""}",0.6475524475524476,0.7,0.6986607142857143,0.7036199095022624,,0.4,True,
FC5,VP014_C1,"{""C"": 0.42813323987193935, ""gamma"": ""auto""}",0.66,0.7,0.699666295884316,0.7008928571428572,,0.4,True,
FC5,VP015_C1,"{""C"": 0.20691380811147894, ""gamma"": ""auto""}",0.6501319081964243,0.6166666666666667,0.613986013986014,0.62,,0.23333333333333328,True,
FC5,VP016_C1,"{""C"": 48.32930238571752, ""gamma"": ""auto""}",0.6598639455782312,0.6333333333333333,0.6316964285714286,0.6357466063348416,,0.2666666666666667,True,
FC5,VP017_C1,"{""C"": 0.8858667904100825, ""gamma"": ""auto""}",0.6461004273504274,0.6833333333333333,0.6832453459294248,0.6835372636262513,,0.3666666666666667,True,
FC5,VP018_C1,"{""C"": 0.8858667904100825, ""gamma"": ""scale""}",0.649341541338736,0.6,0.5833333333333333,0.6190476190476191,,0.19999999999999996,True,
FC5,VP019_C1,"{""C"": 69.51927961775604, ""gamma"": ""auto""}",0.6322873952576217,0.5666666666666667,0.5647321428571428,0.5678733031674208,,0.1333333333333333,True,
FC5,VP020_C1,"{""C"": 0.14384498882876628, ""gamma"": ""scale""}",0.6131884324921717,0.6166666666666667,0.6165601555987774,0.6167964404894327,,0.23333333333333328,True,
FC5,VP021_C1,"{""C"": 1.2742749857031335, ""gamma"": ""auto""}",0.6823132057384267,0.7333333333333333,0.7321428571428572,0.7375565610859729,,0.4666666666666667,True,
FC5,VP022_C1,"{""C"": 1.8329807108324356, ""gamma"": ""scale""}",0.6624895572263994,0.6833333333333333,0.6622222222222223,0.7444444444444445,,0.3666666666666667,True,
FC5,VP023_C1,"{""C"": 1.2742749857031335, ""gamma"": ""scale""}",0.692664023874215,0.5833333333333334,0.5804195804195804,0.5857142857142856,,0.16666666666666663,True,
FC5,VP024_C1,"{""C"": 0.8858667904100825, ""gamma"": ""auto""}",0.66996699669967,0.5666666666666667,0.5542857142857143,0.575,,0.1333333333333333,True,
FC5,VP025_C1,"{""C"": 0.8858667904100825, ""gamma"": ""scale""}",0.629303915129521,0.5833333333333334,0.5832175604334537,0.5834260289210234,,0.16666666666666663,True,
FC5,VP026_C1,"{""C"": 0.42813323987193935, ""gamma"": ""scale""}",0.6617965367965368,0.55,0.52,0.5666666666666667,,0.09999999999999998,True,
FC1,VP001_C1,"{""C"": 23.357214690901213, ""gamma"": ""auto""}",0.6394230769230769,0.5333333333333333,0.5286195286195287,0.5347222222222222,,0.06666666666666665,True,
FC1,VP002_C1,"{""C"": 0.8858667904100825, ""gamma"": ""scale""}",0.6399359886201992,0.6833333333333333,0.6811188811188811,0.6885714285714286,,0.3666666666666667,True,
FC1,VP003_C1,"{""C"": 100.0, ""gamma"": ""auto""}",0.6798719487795117,0.5166666666666667,0.5099971838918614,0.517626321974148,,0.033333333333333326,True,
FC1,VP004_C1,"{""C"": 1.8329807108324356, ""gamma"": ""scale""}",0.622826244172721,0.4,0.3973214285714286,0.3981900452488688,,-0.19999999999999996,True,
FC1,VP005_C1,"{""C"": 1.2742749857031335, ""gamma"": ""auto""}",0.6599395448079659,0.7333333333333333,0.7330367074527253,0.734375,,0.4666666666666667,True,
FC1,VP006_C1,"{""C"": 3.79269019073225, ""gamma"": ""scale""}",0.653271692745377,0.75,0.7413049726933026,0.788831835686778,,0.5,True,
FC1,VP007_C1,"{""C"": 0.42813323987193935, ""gamma"": ""auto""}",0.614448051948052,0.7166666666666667,0.7159565580618212,0.7188552188552189,,0.43333333333333335,True,
FC1,VP008_C1,"{""C"": 0.42813323987193935, ""gamma"": ""scale""}",0.6363636363636364,0.6333333333333333,0.6296296296296295,0.6388888888888888,,0.2666666666666667,True,
FC1,VP009_C1,"{""C"": 0.6158482110660264, ""gamma"": ""auto""}",0.633317036312725,0.5833333333333334,0.5804195804195804,0.5857142857142856,,0.16666666666666663,True,
FC1,VP010_C1,"{""C"": 0.42813323987193935, ""gamma"": ""auto""}",0.6197803923327987,0.5,0.49776785714285715,0.5,,0.0,True,
FC1,VP011_C1,"{""C"": 1.2742749857031335, ""gamma"": ""scale""}",0.66996699669967,0.55,0.5343489508479448,0.5577663671373556,,0.09999999999999998,True,
FC1,VP012_C1,"{""C"": 1.2742749857031335, ""gamma"": ""auto""}",0.7027752112299763,0.5666666666666667,0.5588235294117647,0.5717703349282297,,0.1333333333333333,True,
FC1,VP013_C1,"{""C"": 1.2742749857031335, ""gamma"": ""scale""}",0.6366303296996366,0.6833333333333333,0.6825396825396826,0.6851851851851851,,0.3666666666666667,True,
FC1,VP014_C1,"{""C"": 0.42813323987193935, ""gamma"": ""scale""}",0.6291134688005755,0.75,0.7499305362600722,0.7502780867630701,,0.5,True,
FC1,VP015_C1,"{""C"": 0.42813323987193935, ""gamma"": ""auto""}",0.6424394319131161,0.5833333333333334,0.5737425404944586,0.5915750915750916,,0.16666666666666663,True,
FC1,VP016_C1,"{""C"": 3.79269019073225, ""gamma"": ""auto""}",0.60996099609961,0.7333333333333333,0.7321428571428572,0.7375565610859729,,0.4666666666666667,True,
FC1,VP017_C1,"{""C"": 0.8858667904100825, ""gamma"": ""auto""}",0.609266288920306,0.6333333333333333,0.6329254727474972,0.6339285714285714,,0.2666666666666667,True,
FC1,VP018_C1,"{""C"": 16.23776739188721, ""gamma"": ""auto""}",0.6471418489767113,0.4,0.3828571428571429,0.38749999999999996,,-0.19999999999999996,True,
FC1,VP019_C1,"{""C"": 3.79269019073225, ""gamma"": ""scale""}",0.6531946111778044,0.5666666666666667,0.5542857142857143,0.575,,0.1333333333333333,True,
FC1,VP020_C1,"{""C"": 2.636650898730358, ""gamma"": ""scale""}",0.6432342317310364,0.5333333333333333,0.5333333333333333,0.5333333333333333,,0.06666666666666665,True,
FC1,VP021_C1,"{""C"": 0.8858667904100825, ""gamma"": ""auto""}",0.6432342317310364,0.7333333333333333,0.7330367074527253,0.734375,,0.4666666666666667,True,
FC1,VP022_C1,"{""C"": 0.6158482110660264, ""gamma"": ""scale""}",0.6189160278124443,0.6333333333333333,0.6180555555555556,0.6587301587301587,,0.2666666666666667,True,
FC1,VP023_C1,"{""C"": 1.8329807108324356, ""gamma"": ""scale""}",0.6394230769230769,0.55,0.5468531468531468,0.5514285714285714,,0.09999999999999998,True,
FC1,VP024_C1,"{""C"": 2.636650898730358, ""gamma"": ""scale""}",0.653271692745377,0.5833333333333334,0.5832175604334537,0.5834260289210234,,0.16666666666666663,True,
FC1,VP025_C1,"{""C"": 0.6158482110660264, ""gamma"": ""scale""}",0.6211062802472309,0.6166666666666667,0.5911111111111111,0.6555555555555554,,0.23333333333333328,True,
FC1,VP026_C1,"{""C"": 0.6158482110660264, ""gamma"": ""scale""}",0.6570121951219512,0.5833333333333334,0.5628096764791606,0.6025991792065664,,0.16666666666666663,True,
T7,VP001_C1,"{""C"": 0.8858667904100825, ""gamma"": ""scale""}",0.6760583762843562,0.7,0.6914285714285715,0.7250000000000001,,0.4,True,
T7,VP002_C1,"{""C"": 7.847599703514611, ""gamma"": ""scale""}",0.6499961110679008,0.5666666666666667,0.5661846496106786,0.5669642857142857,,0.1333333333333333,True,
T7,VP003_C1,"{""C"": 3.79269019073225, ""gamma"": ""auto""}",0.6632996632996633,0.5833333333333334,0.5804195804195804,0.5857142857142856,,0.16666666666666663,True,
T7,VP004_C1,"{""C"": 16.23776739188721, ""gamma"": ""auto""}",0.6560207500751412,0.5666666666666667,0.548611111111111,0.5793650793650794,,0.1333333333333333,True,
T7,VP005_C1,"{""C"": 16.23776739188721, ""gamma"": ""auto""}",0.6624895572263994,0.6333333333333333,0.6316964285714286,0.6357466063348416,,0.2666666666666667,True,
T7,VP006_C1,"{""C"": 0.42813323987193935, ""gamma"": ""auto""}",0.6031172527264844,0.6666666666666666,0.6527777777777778,0.6984126984126984,,0.33333333333333337,True,
T7,VP007_C1,"{""C"": 33.59818286283781, ""gamma"": ""scale""}",0.6398559423769508,0.6333333333333333,0.6296296296296295,0.6388888888888888,,0.2666666666666667,True,
T7,VP008_C1,"{""C"": 1.8329807108324356, ""gamma"": ""auto""}",0.6329254727474972,0.6333333333333333,0.6333333333333333,0.6333333333333333,,0.2666666666666667,True,
T7,VP009_C1,"{""C"": 0.6158482110660264, ""gamma"": ""auto""}",0.6199831103604605,0.5833333333333334,0.5832175604334537,0.5834260289210234,,0.16666666666666663,True,
T7,VP010_C1,"{""C"": 1.2742749857031335, ""gamma"": ""auto""}",0.60996099609961,0.5166666666666667,0.5154553049289892,0.5168350168350169,,0.033333333333333326,True,
T7,VP011_C1,"{""C"": 1.2742749857031335, ""gamma"": ""auto""}",0.6731769224721751,0.6,0.5995550611790879,0.6004464285714286,,0.19999999999999996,True,
T7,VP012_C1,"{""C"": 48.32930238571752, ""gamma"": ""auto""}",0.6329254727474972,0.5166666666666667,0.5165323701028064,0.5166852057842046,,0.033333333333333326,True,
T7,VP013_C1,"{""C"": 3.79269019073225, ""gamma"": ""auto""}",0.6399359886201992,0.65,0.6475524475524476,0.6542857142857144,,0.30000000000000004,True,
T7,VP014_C1,"{""C"": 2.636650898730358, ""gamma"": ""auto""}",0.6322873952576217,0.7166666666666667,0.7165879410947485,0.7169076751946608,,0.43333333333333335,True,
T7,VP015_C1,"{""C"": 1.2742749857031335, ""gamma"": ""scale""}",0.6191706382789185,0.6333333333333333,0.6296296296296295,0.6388888888888888,,0.2666666666666667,True,
T7,VP016_C1,"{""C"": 2.636650898730358, ""gamma"": ""auto""}",0.6392142888958176,0.7,0.6945701357466063,0.715311004784689,,0.4,True,
T7,VP017_C1,"{""C"": 2.636650898730358, ""gamma"": ""scale""}",0.6833016634996834,0.5666666666666667,0.5647321428571428,0.5678733031674208,,0.1333333333333333,True,
T7,VP018_C1,"{""C"": 69.51927961775604, ""gamma"": ""auto""}",0.643992655949129,0.5,0.4909502262443439,0.5,,0.0,True,
T7,VP019_C1,"{""C"": 1.2742749857031335, ""gamma"": ""scale""}",0.6392142888958176,0.65,0.6475524475524476,0.6542857142857144,,0.30000000000000004,True,
T7,VP020_C1,"{""C"": 1.2742749857031335, ""gamma"": ""scale""}",0.6394230769230769,0.6666666666666666,0.6651785714285714,0.6696832579185521,,0.33333333333333337,True,
T7,VP021_C1,"{""C"": 0.42813323987193935, ""gamma"": ""scale""}",0.6664294609500089,0.6166666666666667,0.6157059314954052,0.6178451178451179,,0.23333333333333328,True,
T7,VP022_C1,"{""C"": 1.8329807108324356, ""gamma"": ""scale""}",0.6426623326023311,0.6166666666666667,0.6033342914630642,0.634788189987163,,0.23333333333333328,True,
T7,VP023_C1,"{""C"": 11.288378916846883, ""gamma"": ""auto""}",0.6450892857142857,0.5166666666666667,0.5165323701028064,0.5166852057842046,,0.033333333333333326,True,
T7,VP024_C1,"{""C"": 0.8858667904100825, ""gamma"": ""auto""}",0.6197295854830102,0.6,0.5995550611790879,0.6004464285714286,,0.19999999999999996,True,
T7,VP025_C1,"{""C"": 5.455594781168517, ""gamma"": ""auto""}",0.5732574679943101,0.6,0.5995550611790879,0.6004464285714286,,0.19999999999999996,True,
T7,VP026_C1,"{""C"": 5.455594781168517, ""gamma"": ""auto""}",0.6296667000300271,0.55,0.5343489508479448,0.5577663671373556,,0.09999999999999998,True,
C3,VP001_C1,"{""C"": 33.59818286283781, ""gamma"": ""auto""}",0.6482765551200884,0.4166666666666667,0.4125874125874126,0.41428571428571426,,-0.16666666666666674,True,
C3,VP002_C1,"{""C"": 3.79269019073225, ""gamma"": ""scale""}",0.6366303296996366,0.75,0.7493734335839599,0.7525252525252526,,0.5,True,
C3,VP003_C1,"{""C"": 1.8329807108324356, ""gamma"": ""scale""}",0.6657158138705652,0.5666666666666667,0.5588235294117647,0.5717703349282297,,0.1333333333333333,True,
C3,VP004_C1,"{""C"": 2.636650898730358, ""gamma"": ""auto""}",0.6466985946455209,0.5166666666666667,0.5165323701028064,0.5166852057842046,,0.033333333333333326,True,
C3,VP005_C1,"{""C"": 0.42813323987193935, ""gamma"": ""scale""}",0.6493436432296349,0.7,0.6875,0.7380952380952381,,0.4,True,
C3,VP006_C1,"{""C"": 0.6158482110660264, ""gamma"": ""scale""}",0.6488226554409977,0.7833333333333333,0.7783461210571185,0.8113553113553114,,0.5666666666666667,True,
C3,VP007_C1,"{""C"": 0.8858667904100825, ""gamma"": ""scale""}",0.7064480210547626,0.7166666666666667,0.7159565580618212,0.7188552188552189,,0.43333333333333335,True,
C3,VP008_C1,"{""C"": 0.29763514416313175, ""gamma"": ""scale""}",0.6840996840996841,0.55,0.5437904815544916,0.5528789659224442,,0.09999999999999998,True,
C3,VP009_C1,"{""C"": 2.636650898730358, ""gamma"": ""auto""}",0.6831608320085379,0.7166666666666667,0.7159565580618212,0.7188552188552189,,0.43333333333333335,True,
C3,VP010_C1,"{""C"": 0.6158482110660264, ""gamma"": ""scale""}",0.660584064253789,0.5666666666666667,0.5588235294117647,0.5717703349282297,,0.1333333333333333,True,
C3,VP011_C1,"{""C"": 1.2742749857031335, ""gamma"": ""scale""}",0.5982142857142857,0.6,0.5769682726204466,0.6278409090909092,,0.19999999999999996,True,
C3,VP012_C1,"{""C"": 0.42813323987193935, ""gamma"": ""scale""}",0.6525767226404169,0.48333333333333334,0.4578839988341591,0.4794801641586867,,-0.03333333333333344,True,
C3,VP013_C1,"{""C"": 0.6158482110660264, ""gamma"": ""scale""}",0.6415770609318996,0.7166666666666667,0.7165879410947485,0.7169076751946608,,0.43333333333333335,True,
C3,VP014_C1,"{""C"": 0.20691380811147894, ""gamma"": ""scale""}",0.6273544423867383,0.7666666666666667,0.7666666666666667,0.7666666666666667,,0.5333333333333333,True,
C3,VP015_C1,"{""C"": 1.2742749857031335, ""gamma"": ""auto""}",0.6431390423675112,0.6166666666666667,0.6113770768797522,0.6233842538190364,,0.23333333333333328,True,
C3,VP016_C1,"{""C"": 0.8858667904100825, ""gamma"": ""scale""}",0.6476805637110981,0.7666666666666667,0.7643097643097643,0.7777777777777778,,0.5333333333333333,True,
C3,VP017_C1,"{""C"": 16.23776739188721, ""gamma"": ""auto""}",0.6527777777777777,0.6666666666666666,0.6662958843159066,0.6674107142857143,,0.33333333333333337,True,
C3,VP018_C1,"{""C"": 0.6158482110660264, ""gamma"": ""scale""}",0.679985777145651,0.5333333333333333,0.5064629847238543,0.5426136363636364,,0.06666666666666665,True,
C3,VP019_C1,"{""C"": 5.455594781168517, ""gamma"": ""auto""}",0.6590301301479764,0.5666666666666667,0.5622895622895623,0.5694444444444444,,0.1333333333333333,True,
C3,VP020_C1,"{""C"": 1.2742749857031335, ""gamma"": ""scale""}",0.6731769224721751,0.6666666666666666,0.6662958843159066,0.6674107142857143,,0.33333333333333337,True,
C3,VP021_C1,"{""C"": 0.6158482110660264, ""gamma"": ""scale""}",0.7050806559721168,0.7833333333333333,0.7827903091060986,0.7861952861952861,,0.5666666666666667,True,
C3,VP022_C1,"{""C"": 0.8858667904100825, ""gamma"": ""scale""}",0.6562044526530113,0.6833333333333333,0.6789636722050126,0.6938895417156287,,0.3666666666666667,True,
C3,VP023_C1,"{""C"": 0.8858667904100825, ""gamma"": ""scale""}",0.6542657342657343,0.5333333333333333,0.5064629847238543,0.5426136363636364,,0.06666666666666665,True,
C3,VP024_C1,"{""C"": 0.6158482110660264, ""gamma"": ""scale""}",0.6430976430976432,0.6166666666666667,0.6157059314954052,0.6178451178451179,,0.23333333333333328,True,
C3,VP025_C1,"{""C"": 5.455594781168517, ""gamma"": ""auto""}",0.6733188141695187,0.7166666666666667,0.7159565580618212,0.7188552188552189,,0.43333333333333335,True,
C3,VP026_C1,"{""C"": 1.2742749857031335, ""gamma"": ""scale""}",0.643329370326337,0.5666666666666667,0.5542857142857143,0.575,,0.1333333333333333,True,
Cz,VP001_C1,"{""C"": 5.455594781168517, ""gamma"": ""scale""}",0.6331866079765239,0.4166666666666667,0.3657505285412262,0.3772504091653028,,-0.16666666666666674,True,
Cz,VP002_C1,"{""C"": 100.0, ""gamma"": ""scale""}",0.6592579395127165,0.6166666666666667,0.6113770768797522,0.6233842538190364,,0.23333333333333328,True,
Cz,VP003_C1,"{""C"": 1.8329807108324356, ""gamma"": ""auto""}",0.6664294609500089,0.5,0.4909502262443439,0.5,,0.0,True,
Cz,VP004_C1,"{""C"": 16.23776739188721, ""gamma"": ""auto""}",0.6496847162446202,0.48333333333333334,0.48203842940685043,0.48316498316498313,,-0.03333333333333344,True,
Cz,VP005_C1,"{""C"": 0.20691380811147894, ""gamma"": ""scale""}",0.6450892857142857,0.6333333333333333,0.6122209165687427,0.6704545454545454,,0.2666666666666667,True,
Cz,VP006_C1,"{""C"": 69.51927961775604, ""gamma"": ""auto""}",0.5866666666666667,0.75,0.7465502675302731,0.7643948296122209,,0.5,True,
Cz,VP007_C1,"{""C"": 7.847599703514611, ""gamma"": ""auto""}",0.6466038406827881,0.7,0.7,0.7,,0.4,True,
Cz,VP008_C1,"{""C"": 0.42813323987193935, ""gamma"": ""scale""}",0.6466509622649895,0.5833333333333334,0.5822890559732665,0.5841750841750841,,0.16666666666666663,True,
Cz,VP009_C1,"{""C"": 1.8329807108324356, ""gamma"": ""auto""}",0.6298971936649069,0.6833333333333333,0.6825396825396826,0.6851851851851851,,0.3666666666666667,True,
Cz,VP010_C1,"{""C"": 3.79269019073225, ""gamma"": ""scale""}",0.6357560568086884,0.5833333333333334,0.5822890559732665,0.5841750841750841,,0.16666666666666663,True,
Cz,VP011_C1,"{""C"": 2.636650898730358, ""gamma"": ""auto""}",0.6161506024766631,0.5833333333333334,0.5737425404944586,0.5915750915750916,,0.16666666666666663,True,
Cz,VP012_C1,"{""C"": 23.357214690901213, ""gamma"": ""auto""}",0.6965823839955543,0.5166666666666667,0.5165323701028064,0.5166852057842046,,0.033333333333333326,True,
Cz,VP013_C1,"{""C"": 1.8329807108324356, ""gamma"": ""scale""}",0.639599555061179,0.65,0.6451703745423825,0.6586368977673325,,0.30000000000000004,True,
Cz,VP014_C1,"{""C"": 0.8858667904100825, ""gamma"": ""scale""}",0.6366303296996366,0.7,0.6986607142857143,0.7036199095022624,,0.4,True,
Cz,VP015_C1,"{""C"": 5.455594781168517, ""gamma"": ""auto""}",0.6098916365657128,0.5833333333333334,0.5804195804195804,0.5857142857142856,,0.16666666666666663,True,
Cz,VP016_C1,"{""C"": 0.8858667904100825, ""gamma"": ""scale""}",0.6316964285714286,0.7166666666666667,0.7165879410947485,0.7169076751946608,,0.43333333333333335,True,
Cz,VP017_C1,"{""C"": 0.42813323987193935, ""gamma"": ""scale""}",0.6274125874125873,0.6,0.5995550611790879,0.6004464285714286,,0.19999999999999996,True,
Cz,VP018_C1,"{""C"": 0.14384498882876628, ""gamma"": ""scale""}",0.6304207778116842,0.5166666666666667,0.48444444444444446,0.5222222222222221,,0.033333333333333326,True,
Cz,VP019_C1,"{""C"": 33.59818286283781, ""gamma"": ""auto""}",0.6392142888958176,0.6166666666666667,0.613986013986014,0.62,,0.23333333333333328,True,
Cz,VP020_C1,"{""C"": 7.847599703514611, ""gamma"": ""scale""}",0.5995550611790879,0.5666666666666667,0.5647321428571428,0.5678733031674208,,0.1333333333333333,True,
Cz,VP021_C1,"{""C"": 0.6158482110660264, ""gamma"": ""scale""}",0.6430120441730891,0.75,0.7493734335839599,0.7525252525252526,,0.5,True,
Cz,VP022_C1,"{""C"": 3.79269019073225, ""gamma"": ""scale""}",0.6458955057681173,0.6833333333333333,0.6760443307757886,0.7014652014652014,,0.3666666666666667,True,
Cz,VP023_C1,"{""C"": 1.8329807108324356, ""gamma"": ""auto""}",0.6733188141695187,0.6666666666666666,0.6662958843159066,0.6674107142857143,,0.33333333333333337,True,
Cz,VP024_C1,"{""C"": 16.23776739188721, ""gamma"": ""auto""}",0.6299958888432093,0.65,0.6499027507641011,0.6501668520578421,,0.30000000000000004,True,
Cz,VP025_C1,"{""C"": 1.2742749857031335, ""gamma"": ""auto""}",0.6330724070450098,0.75,0.7493734335839599,0.7525252525252526,,0.5,True,
Cz,VP026_C1,"{""C"": 0.8858667904100825, ""gamma"": ""scale""}",0.6760583762843562,0.6166666666666667,0.6157059314954052,0.6178451178451179,,0.23333333333333328,True,
CP5,VP001_C1,"{""C"": 48.32930238571752, ""gamma"": ""auto""}",0.6332681365576103,0.65,0.6451703745423825,0.6586368977673325,,0.30000000000000004,True,
CP5,VP002_C1,"{""C"": 1.8329807108324356, ""gamma"": ""scale""}",0.6763754045307443,0.7166666666666667,0.7159565580618212,0.7188552188552189,,0.43333333333333335,True,
CP5,VP003_C1,"{""C"": 0.6158482110660264, ""gamma"": ""scale""}",0.7232564601278133,0.5833333333333334,0.5688416211555045,0.5962772785622593,,0.16666666666666663,True,
CP5,VP004_C1,"{""C"": 3.79269019073225, ""gamma"": ""auto""}",0.653271692745377,0.5833333333333334,0.5832175604334537,0.5834260289210234,,0.16666666666666663,True,
CP5,VP005_C1,"{""C"": 1.2742749857031335, ""gamma"": ""scale""}",0.6404207413381725,0.75,0.7499305362600722,0.7502780867630701,,0.5,True,
CP5,VP006_C1,"{""C"": 23.357214690901213, ""gamma"": ""auto""}",0.6533179252411219,0.7166666666666667,0.7159565580618212,0.7188552188552189,,0.43333333333333335,True,
CP5,VP007_C1,"{""C"": 69.51927961775604, ""gamma"": ""auto""}",0.6633295925510283,0.6,0.6,0.6,,0.19999999999999996,True,
CP5,VP008_C1,"{""C"": 1.8329807108324356, ""gamma"": ""scale""}",0.6731008717310087,0.6333333333333333,0.6329254727474972,0.6339285714285714,,0.2666666666666667,True,
CP5,VP009_C1,"{""C"": 3.79269019073225, ""gamma"": ""scale""}",0.6665332799786581,0.5833333333333334,0.5832175604334537,0.5834260289210234,,0.16666666666666663,True,
CP5,VP010_C1,"{""C"": 0.8858667904100825, ""gamma"": ""scale""}",0.6811188811188811,0.6333333333333333,0.6316964285714286,0.6357466063348416,,0.2666666666666667,True,
CP5,VP011_C1,"{""C"": 5.455594781168517, ""gamma"": ""auto""}",0.6793015901296156,0.5833333333333334,0.5804195804195804,0.5857142857142856,,0.16666666666666663,True,
CP5,VP012_C1,"{""C"": 1.2742749857031335, ""gamma"": ""scale""}",0.699786514855008,0.5166666666666667,0.5132867132867133,0.5171428571428571,,0.033333333333333326,True,
CP5,VP013_C1,"{""C"": 33.59818286283781, ""gamma"": ""auto""}",0.6564796389145201,0.7,0.699666295884316,0.7008928571428572,,0.4,True,
CP5,VP014_C1,"{""C"": 0.8858667904100825, ""gamma"": ""scale""}",0.6645195920558239,0.75,0.7493734335839599,0.7525252525252526,,0.5,True,
CP5,VP015_C1,"{""C"": 33.59818286283781, ""gamma"": ""auto""}",0.6565712697971658,0.6,0.5885714285714285,0.6125,,0.19999999999999996,True,
CP5,VP016_C1,"{""C"": 1.2742749857031335, ""gamma"": ""auto""}",0.6533179252411219,0.7,0.6875,0.7380952380952381,,0.4,True,
CP5,VP017_C1,"{""C"": 1.8329807108324356, ""gamma"": ""auto""}",0.6820580327759123,0.6166666666666667,0.6033342914630642,0.634788189987163,,0.23333333333333328,True,
CP5,VP018_C1,"{""C"": 1.2742749857031335, ""gamma"": ""scale""}",0.7097387648883995,0.5,0.4949494949494949,0.5,,0.0,True,
CP5,VP019_C1,"{""C"": 0.8858667904100825, ""gamma"": ""scale""}",0.6744055944055944,0.6333333333333333,0.6316964285714286,0.6357466063348416,,0.2666666666666667,True,
CP5,VP020_C1,"{""C"": 7.847599703514611, ""gamma"": ""auto""}",0.6932106175803654,0.5333333333333333,0.5286195286195287,0.5347222222222222,,0.06666666666666665,True,
CP5,VP021_C1,"{""C"": 11.288378916846883, ""gamma"": ""auto""}",0.6496847162446202,0.7666666666666667,0.7664071190211346,0.7678571428571428,,0.5333333333333333,True,
CP5,VP022_C1,"{""C"": 0.6158482110660264, ""gamma"": ""scale""}",0.6552839723780943,0.6833333333333333,0.6789636722050126,0.6938895417156287,,0.3666666666666667,True,
CP5,VP023_C1,"{""C"": 0.8858667904100825, ""gamma"": ""scale""}",0.6651785714285714,0.5333333333333333,0.5248868778280543,0.5358851674641147,,0.06666666666666665,True,
CP5,VP024_C1,"{""C"": 0.8858667904100825, ""gamma"": ""scale""}",0.6998799519807923,0.55,0.5468531468531468,0.5514285714285714,,0.09999999999999998,True,
CP5,VP025_C1,"{""C"": 1.2742749857031335, ""gamma"": ""scale""}",0.6661324786324787,0.6666666666666666,0.660633484162896,0.6794258373205742,,0.33333333333333337,True,
CP5,VP026_C1,"{""C"": 0.6158482110660264, ""gamma"": ""scale""}",0.6592097715693221,0.5666666666666667,0.5542857142857143,0.575,,0.1333333333333333,True,
CP1,VP001_C1,"{""C"": 0.8858667904100825, ""gamma"": ""scale""}",0.6699083078632954,0.5,0.46172248803827753,0.5,,0.0,True,
CP1,VP002_C1,"{""C"": 0.8858667904100825, ""gamma"": ""scale""}",0.6262513904338154,0.7333333333333333,0.7321428571428572,0.7375565610859729,,0.4666666666666667,True,
CP1,VP003_C1,"{""C"": 0.14384498882876628, ""gamma"": ""scale""}",0.6760583762843562,0.5166666666666667,0.5154553049289892,0.5168350168350169,,0.033333333333333326,True,
CP1,VP004_C1,"{""C"": 3.79269019073225, ""gamma"": ""auto""}",0.6566323298996566,0.55,0.5498749652681301,0.550055617352614,,0.09999999999999998,True,
CP1,VP005_C1,"{""C"": 1.8329807108324356, ""gamma"": ""auto""}",0.6352034270797309,0.7333333333333333,0.7321428571428572,0.7375565610859729,,0.4666666666666667,True,
CP1,VP006_C1,"{""C"": 5.455594781168517, ""gamma"": ""auto""}",0.6562044526530113,0.7333333333333333,0.7321428571428572,0.7375565610859729,,0.4666666666666667,True,
CP1,VP007_C1,"{""C"": 2.636650898730358, ""gamma"": ""scale""}",0.6799431009957326,0.7,0.699666295884316,0.7008928571428572,,0.4,True,
CP1,VP008_C1,"{""C"": 1.8329807108324356, ""gamma"": ""scale""}",0.6253178107854944,0.65,0.6499027507641011,0.6501668520578421,,0.30000000000000004,True,
CP1,VP009_C1,"{""C"": 2.636650898730358, ""gamma"": ""auto""}",0.6366626295847732,0.7,0.699666295884316,0.7008928571428572,,0.4,True,
CP1,VP010_C1,"{""C"": 1.8329807108324356, ""gamma"": ""auto""}",0.6297984458205023,0.6166666666666667,0.607843137254902,0.6282051282051282,,0.23333333333333328,True,
CP1,VP011_C1,"{""C"": 100.0, ""gamma"": ""scale""}",0.5866482954797991,0.6,0.5982142857142857,0.6018099547511313,,0.19999999999999996,True,
CP1,VP012_C1,"{""C"": 0.8858667904100825, ""gamma"": ""scale""}",0.6592579395127165,0.4666666666666667,0.4666666666666667,0.4666666666666667,,-0.06666666666666665,True,
CP1,VP013_C1,"{""C"": 1.2742749857031335, ""gamma"": ""scale""}",0.6898311302820425,0.6,0.595959595959596,0.6041666666666667,,0.19999999999999996,True,
CP1,VP014_C1,"{""C"": 69.51927961775604, ""gamma"": ""auto""}",0.6166283294996167,0.65,0.6499027507641011,0.6501668520578421,,0.30000000000000004,True,
CP1,VP015_C1,"{""C"": 0.42813323987193935, ""gamma"": ""scale""}",0.6570121951219512,0.5666666666666667,0.548611111111111,0.5793650793650794,,0.1333333333333333,True,
CP1,VP016_C1,"{""C"": 0.6158482110660264, ""gamma"": ""scale""}",0.6499961110679008,0.7833333333333333,0.7818181818181819,0.7914285714285714,,0.5666666666666667,True,
CP1,VP017_C1,"{""C"": 48.32930238571752, ""gamma"": ""auto""}",0.6631499371880245,0.5166666666666667,0.5099971838918614,0.517626321974148,,0.033333333333333326,True,
CP1,VP018_C1,"{""C"": 0.8858667904100825, ""gamma"": ""scale""}",0.6916752312435765,0.45,0.42290877295249196,0.4384404924760602,,-0.10000000000000009,True,
CP1,VP019_C1,"{""C"": 2.636650898730358, ""gamma"": ""scale""}",0.6566323298996566,0.6666666666666666,0.6632996632996633,0.6736111111111112,,0.33333333333333337,True,
CP1,VP020_C1,"{""C"": 1.8329807108324356, ""gamma"": ""scale""}",0.6831608320085379,0.6333333333333333,0.6329254727474972,0.6339285714285714,,0.2666666666666667,True,
CP1,VP021_C1,"{""C"": 69.51927961775604, ""gamma"": ""auto""}",0.6699083078632954,0.7333333333333333,0.7333333333333333,0.7333333333333333,,0.4666666666666667,True,
CP1,VP022_C1,"{""C"": 0.29763514416313175, ""gamma"": ""scale""}",0.6316964285714286,0.6833333333333333,0.6789636722050126,0.6938895417156287,,0.3666666666666667,True,
CP1,VP023_C1,"{""C"": 3.79269019073225, ""gamma"": ""scale""}",0.7399884439308414,0.6833333333333333,0.6789636722050126,0.6938895417156287,,0.3666666666666667,True,
CP1,VP024_C1,"{""C"": 3.79269019073225, ""gamma"": ""auto""}",0.6498093406410157,0.5666666666666667,0.5622895622895623,0.5694444444444444,,0.1333333333333333,True,
CP1,VP025_C1,"{""C"": 11.288378916846883, ""gamma"": ""auto""}",0.6290726817042607,0.7,0.7,0.7,,0.4,True,
CP1,VP026_C1,"{""C"": 0.8858667904100825, ""gamma"": ""scale""}",0.6830480766022754,0.65,0.6491228070175439,0.6515151515151515,,0.30000000000000004,True,
P7,VP001_C1,"{""C"": 2.636650898730358, ""gamma"": ""scale""}",0.6361775275648371,0.5333333333333333,0.513888888888889,0.5396825396825398,,0.06666666666666665,True,
P7,VP002_C1,"{""C"": 33.59818286283781, ""gamma"": ""auto""}",0.6424394319131161,0.75,0.7482517482517483,0.7571428571428571,,0.5,True,
P7,VP003_C1,"{""C"": 3.79269019073225, ""gamma"": ""scale""}",0.6465252767773777,0.5833333333333334,0.5822890559732665,0.5841750841750841,,0.16666666666666663,True,
P7,VP004_C1,"{""C"": 5.455594781168517, ""gamma"": ""auto""}",0.6296667000300271,0.5833333333333334,0.5737425404944586,0.5915750915750916,,0.16666666666666663,True,
P7,VP005_C1,"{""C"": 2.636650898730358, ""gamma"": ""scale""}",0.6496847162446202,0.7666666666666667,0.765625,0.7714932126696833,,0.5333333333333333,True,
P7,VP006_C1,"{""C"": 69.51927961775604, ""gamma"": ""auto""}",0.6159454976567109,0.55,0.5498749652681301,0.550055617352614,,0.09999999999999998,True,
P7,VP007_C1,"{""C"": 11.288378916846883, ""gamma"": ""auto""}",0.6899138649624896,0.6666666666666666,0.6666666666666666,0.6666666666666666,,0.33333333333333337,True,
P7,VP008_C1,"{""C"": 1.8329807108324356, ""gamma"": ""scale""}",0.6466509622649895,0.6166666666666667,0.6157059314954052,0.6178451178451179,,0.23333333333333328,True,
P7,VP009_C1,"{""C"": 0.29763514416313175, ""gamma"": ""scale""}",0.6072727272727273,0.7,0.6986607142857143,0.7036199095022624,,0.4,True,
P7,VP010_C1,"{""C"": 1.2742749857031335, ""gamma"": ""scale""}",0.7061965811965811,0.6666666666666666,0.6662958843159066,0.6674107142857143,,0.33333333333333337,True,
P7,VP011_C1,"{""C"": 0.29763514416313175, ""gamma"": ""scale""}",0.6389730789802104,0.5833333333333334,0.5251661918328585,0.6633986928104576,,0.16666666666666663,True,
P7,VP012_C1,"{""C"": 3.79269019073225, ""gamma"": ""scale""}",0.6830480766022754,0.5333333333333333,0.5328142380422691,0.5334821428571428,,0.06666666666666665,True,
P7,VP013_C1,"{""C"": 7.847599703514611, ""gamma"": ""scale""}",0.6233291481016456,0.5833333333333334,0.5822890559732665,0.5841750841750841,,0.16666666666666663,True,
P7,VP014_C1,"{""C"": 0.8858667904100825, ""gamma"": ""scale""}",0.6399839992888572,0.6333333333333333,0.6266968325791855,0.6435406698564593,,0.2666666666666667,True,
P7,VP015_C1,"{""C"": 23.357214690901213, ""gamma"": ""auto""}",0.6666518511933863,0.48333333333333334,0.47972027972027975,0.4828571428571429,,-0.03333333333333344,True,
P7,VP016_C1,"{""C"": 0.6158482110660264, ""gamma"": ""scale""}",0.6365657126979717,0.8166666666666667,0.8141368628555337,0.8349001175088131,,0.6333333333333333,True,
P7,VP017_C1,"{""C"": 0.8858667904100825, ""gamma"": ""scale""}",0.6797722825120085,0.55,0.5396419437340154,0.554945054945055,,0.09999999999999998,True,
P7,VP018_C1,"{""C"": 16.23776739188721, ""gamma"": ""auto""}",0.6432976630996432,0.4166666666666667,0.41650458460683526,0.41657397107897665,,-0.16666666666666674,True,
P7,VP019_C1,"{""C"": 16.23776739188721, ""gamma"": ""auto""}",0.6665332799786581,0.6833333333333333,0.6825396825396826,0.6851851851851851,,0.3666666666666667,True,
P7,VP020_C1,"{""C"": 7.847599703514611, ""gamma"": ""scale""}",0.6721530844373076,0.48333333333333334,0.47972027972027975,0.4828571428571429,,-0.03333333333333344,True,
P7,VP021_C1,"{""C"": 7.847599703514611, ""gamma"": ""auto""}",0.6594551282051282,0.7333333333333333,0.7321428571428572,0.7375565610859729,,0.4666666666666667,True,
P7,VP022_C1,"{""C"": 7.847599703514611, ""gamma"": ""auto""}",0.6296667000300271,0.65,0.6419437340153453,0.6648351648351649,,0.30000000000000004,True,
P7,VP023_C1,"{""C"": 2.636650898730358, ""gamma"": ""scale""}",0.6265172735760971,0.5833333333333334,0.5832175604334537,0.5834260289210234,,0.16666666666666663,True,
P7,VP024_C1,"{""C"": 1.2742749857031335, ""gamma"": ""scale""}",0.6299958888432093,0.5666666666666667,0.5666666666666667,0.5666666666666667,,0.1333333333333333,True,
P7,VP025_C1,"{""C"": 33.59818286283781, ""gamma"": ""auto""}",0.679985777145651,0.6,0.5982142857142857,0.6018099547511313,,0.19999999999999996,True,
P7,VP026_C1,"{""C"": 5.455594781168517, ""gamma"": ""scale""}",0.6760583762843562,0.6666666666666666,0.6651785714285714,0.6696832579185521,,0.33333333333333337,True,
P3,VP001_C1,"{""C"": 3.79269019073225, ""gamma"": ""scale""}",0.7,0.4166666666666667,0.3516517443655449,0.3608534322820037,,-0.16666666666666674,True,
P3,VP002_C1,"{""C"": 5.455594781168517, ""gamma"": ""scale""}",0.6296667000300271,0.7166666666666667,0.706812302385743,0.7503209242618742,,0.43333333333333335,True,
P3,VP003_C1,"{""C"": 0.6158482110660264, ""gamma"": ""scale""}",0.6552839723780943,0.5333333333333333,0.5248868778280543,0.5358851674641147,,0.06666666666666665,True,
P3,VP004_C1,"{""C"": 0.8858667904100825, ""gamma"": ""scale""}",0.6763754045307443,0.6333333333333333,0.6122209165687427,0.6704545454545454,,0.2666666666666667,True,
P3,VP005_C1,"{""C"": 3.79269019073225, ""gamma"": ""auto""}",0.6832453459294248,0.7333333333333333,0.7330367074527253,0.734375,,0.4666666666666667,True,
P3,VP006_C1,"{""C"": 1.8329807108324356, ""gamma"": ""scale""}",0.6699083078632954,0.7333333333333333,0.7321428571428572,0.7375565610859729,,0.4666666666666667,True,
P3,VP007_C1,"{""C"": 0.8858667904100825, ""gamma"": ""scale""}",0.6596218020022246,0.7,0.6945701357466063,0.715311004784689,,0.4,True,
P3,VP008_C1,"{""C"": 0.42813323987193935, ""gamma"": ""scale""}",0.677938808373591,0.6,0.5982142857142857,0.6018099547511313,,0.19999999999999996,True,
P3,VP009_C1,"{""C"": 33.59818286283781, ""gamma"": ""auto""}",0.6695557360451273,0.7,0.6986607142857143,0.7036199095022624,,0.4,True,
P3,VP010_C1,"{""C"": 69.51927961775604, ""gamma"": ""auto""}",0.62640099626401,0.6333333333333333,0.6316964285714286,0.6357466063348416,,0.2666666666666667,True,
P3,VP011_C1,"{""C"": 23.357214690901213, ""gamma"": ""auto""}",0.6456587627027991,0.6333333333333333,0.6329254727474972,0.6339285714285714,,0.2666666666666667,True,
P3,VP012_C1,"{""C"": 0.8858667904100825, ""gamma"": ""scale""}",0.6560207500751412,0.48333333333333334,0.4831897749374826,0.4833147942157954,,-0.03333333333333344,True,
P3,VP013_C1,"{""C"": 0.6158482110660264, ""gamma"": ""scale""}",0.6594551282051282,0.7166666666666667,0.7165879410947485,0.7169076751946608,,0.43333333333333335,True,
P3,VP014_C1,"{""C"": 11.288378916846883, ""gamma"": ""auto""}",0.699666295884316,0.5833333333333334,0.5832175604334537,0.5834260289210234,,0.16666666666666663,True,
P3,VP015_C1,"{""C"": 0.29763514416313175, ""gamma"": ""scale""}",0.672809829059829,0.6,0.5885714285714285,0.6125,,0.19999999999999996,True,
P3,VP016_C1,"{""C"": 2.636650898730358, ""gamma"": ""scale""}",0.6624895572263994,0.8666666666666667,0.8666666666666667,0.8666666666666667,,0.7333333333333334,True,
P3,VP017_C1,"{""C"": 1.2742749857031335, ""gamma"": ""scale""}",0.653271692745377,0.6333333333333333,0.6316964285714286,0.6357466063348416,,0.2666666666666667,True,
P3,VP018_C1,"{""C"": 1.2742749857031335, ""gamma"": ""scale""}",0.6697027324592133,0.43333333333333335,0.41714285714285715,0.42500000000000004,,-0.1333333333333333,True,
P3,VP019_C1,"{""C"": 100.0, ""gamma"": ""auto""}",0.639599555061179,0.6666666666666666,0.6662958843159066,0.6674107142857143,,0.33333333333333337,True,
P3,VP020_C1,"{""C"": 0.09999999999999999, ""gamma"": ""scale""}",0.6399839992888572,0.5666666666666667,0.5417156286721504,0.5852272727272727,,0.1333333333333333,True,
P3,VP021_C1,"{""C"": 1.8329807108324356, ""gamma"": ""scale""}",0.6564796389145201,0.75,0.7499305362600722,0.7502780867630701,,0.5,True,
P3,VP022_C1,"{""C"": 16.23776739188721, ""gamma"": ""scale""}",0.6163213558869649,0.75,0.7499305362600722,0.7502780867630701,,0.5,True,
P3,VP023_C1,"{""C"": 0.20691380811147894, ""gamma"": ""scale""}",0.6956894918125982,0.6833333333333333,0.6811188811188811,0.6885714285714286,,0.3666666666666667,True,
P3,VP024_C1,"{""C"": 3.79269019073225, ""gamma"": ""scale""}",0.6895826611333014,0.5166666666666667,0.5154553049289892,0.5168350168350169,,0.033333333333333326,True,
P3,VP025_C1,"{""C"": 1.8329807108324356, ""gamma"": ""scale""}",0.6087436323304833,0.6833333333333333,0.6832453459294248,0.6835372636262513,,0.3666666666666667,True,
P3,VP026_C1,"{""C"": 1.8329807108324356, ""gamma"": ""scale""}",0.6389730789802104,0.6833333333333333,0.6825396825396826,0.6851851851851851,,0.3666666666666667,True,
Pz,VP001_C1,"{""C"": 0.6158482110660264, ""gamma"": ""scale""}",0.6431390423675112,0.5166666666666667,0.46279715961716583,0.5278293135435992,,0.033333333333333326,True,
Pz,VP002_C1,"{""C"": 0.20691380811147894, ""gamma"": ""scale""}",0.639599555061179,0.6333333333333333,0.6266968325791855,0.6435406698564593,,0.2666666666666667,True,
Pz,VP003_C1,"{""C"": 1.8329807108324356, ""gamma"": ""scale""}",0.6354962044788265,0.45,0.4461538461538462,0.44857142857142857,,-0.10000000000000009,True,
Pz,VP004_C1,"{""C"": 0.6158482110660264, ""gamma"": ""scale""}",0.5997153531400107,0.36666666666666664,0.34857142857142853,0.35,,-0.2666666666666666,True,
Pz,VP005_C1,"{""C"": 2.636650898730358, ""gamma"": ""scale""}",0.6833298147757197,0.6666666666666666,0.6662958843159066,0.6674107142857143,,0.33333333333333337,True,
Pz,VP006_C1,"{""C"": 3.79269019073225, ""gamma"": ""scale""}",0.6131786047752434,0.7,0.7,0.7,,0.4,True,
Pz,VP007_C1,"{""C"": 0.6158482110660264, ""gamma"": ""scale""}",0.625601711535033,0.7666666666666667,0.7624434389140271,0.7870813397129186,,0.5333333333333333,True,
Pz,VP008_C1,"{""C"": 3.79269019073225, ""gamma"": ""auto""}",0.6333333333333333,0.6,0.595959595959596,0.6041666666666667,,0.19999999999999996,True,
Pz,VP009_C1,"{""C"": 0.20691380811147894, ""gamma"": ""scale""}",0.643329370326337,0.7166666666666667,0.7165879410947485,0.7169076751946608,,0.43333333333333335,True,
Pz,VP010_C1,"{""C"": 0.8858667904100825, ""gamma"": ""scale""}",0.6764905337350335,0.6166666666666667,0.6157059314954052,0.6178451178451179,,0.23333333333333328,True,
Pz,VP011_C1,"{""C"": 0.8858667904100825, ""gamma"": ""scale""}",0.6659391563850162,0.6,0.569377990430622,0.639751552795031,,0.19999999999999996,True,
Pz,VP012_C1,"{""C"": 1.2742749857031335, ""gamma"": ""scale""}",0.6466038406827881,0.48333333333333334,0.4831897749374826,0.4833147942157954,,-0.03333333333333344,True,
Pz,VP013_C1,"{""C"": 0.42813323987193935, ""gamma"": ""scale""}",0.6689369196642552,0.5666666666666667,0.5661846496106786,0.5669642857142857,,0.1333333333333333,True,
Pz,VP014_C1,"{""C"": 1.2742749857031335, ""gamma"": ""auto""}",0.5899954443938267,0.48333333333333334,0.4762038862292312,0.48237367802585196,,-0.03333333333333344,True,
Pz,VP015_C1,"{""C"": 5.455594781168517, ""gamma"": ""auto""}",0.6599395448079659,0.5166666666666667,0.5055413469735721,0.5183150183150182,,0.033333333333333326,True,
Pz,VP016_C1,"{""C"": 11.288378916846883, ""gamma"": ""auto""}",0.639599555061179,0.7833333333333333,0.7818181818181819,0.7914285714285714,,0.5666666666666667,True,
Pz,VP017_C1,"{""C"": 1.2742749857031335, ""gamma"": ""scale""}",0.6297984458205023,0.6166666666666667,0.6113770768797522,0.6233842538190364,,0.23333333333333328,True,
Pz,VP018_C1,"{""C"": 0.42813323987193935, ""gamma"": ""scale""}",0.6831608320085379,0.4166666666666667,0.3657505285412262,0.3772504091653028,,-0.16666666666666674,True,
Pz,VP019_C1,"{""C"": 1.8329807108324356, ""gamma"": ""scale""}",0.6232956628996233,0.6833333333333333,0.6825396825396826,0.6851851851851851,,0.3666666666666667,True,
Pz,VP020_C1,"{""C"": 1.2742749857031335, ""gamma"": ""scale""}",0.6666073968705548,0.6,0.5927601809954751,0.6076555023923444,,0.19999999999999996,True,
Pz,VP021_C1,"{""C"": 11.288378916846883, ""gamma"": ""auto""}",0.6399359886201992,0.6666666666666666,0.6651785714285714,0.6696832579185521,,0.33333333333333337,True,
Pz,VP022_C1,"{""C"": 0.42813323987193935, ""gamma"": ""scale""}",0.6659391563850162,0.6666666666666666,0.660633484162896,0.6794258373205742,,0.33333333333333337,True,
Pz,VP023_C1,"{""C"": 0.6158482110660264, ""gamma"": ""scale""}",0.6129032258064516,0.6333333333333333,0.6296296296296295,0.6388888888888888,,0.2666666666666667,True,
Pz,VP024_C1,"{""C"": 2.636650898730358, ""gamma"": ""scale""}",0.6531946111778044,0.5666666666666667,0.5647321428571428,0.5678733031674208,,0.1333333333333333,True,
Pz,VP025_C1,"{""C"": 1.2742749857031335, ""gamma"": ""scale""}",0.6633295925510283,0.6166666666666667,0.6157059314954052,0.6178451178451179,,0.23333333333333328,True,
Pz,VP026_C1,"{""C"": 7.847599703514611, ""gamma"": ""scale""}",0.6327457264957266,0.6666666666666666,0.6666666666666666,0.6666666666666666,,0.33333333333333337,True,
POz,VP001_C1,"{""C"": 5.455594781168517, ""gamma"": ""scale""}",0.6098916365657128,0.5166666666666667,0.4334093129273852,0.5404312668463611,,0.033333333333333326,True,
POz,VP002_C1,"{""C"": 7.847599703514611, ""gamma"": ""scale""}",0.6161506024766631,0.48333333333333334,0.4653636102328256,0.4807445442875481,,-0.03333333333333344,True,
POz,VP003_C1,"{""C"": 5.455594781168517, ""gamma"": ""auto""}",0.6325330720235178,0.5,0.4994438264738599,0.5,,0.0,True,
POz,VP004_C1,"{""C"": 69.51927961775604, ""gamma"": ""scale""}",0.6364687440940067,0.4166666666666667,0.3516517443655449,0.3608534322820037,,-0.16666666666666674,True,
POz,VP005_C1,"{""C"": 1.8329807108324356, ""gamma"": ""auto""}",0.6080795899909557,0.6666666666666666,0.6632996632996633,0.6736111111111112,,0.33333333333333337,True,
POz,VP006_C1,"{""C"": 0.42813323987193935, ""gamma"": ""scale""}",0.6144001967117837,0.6,0.595959595959596,0.6041666666666667,,0.19999999999999996,True,
POz,VP007_C1,"{""C"": 1.2742749857031335, ""gamma"": ""scale""}",0.6525767226404169,0.6333333333333333,0.6296296296296295,0.6388888888888888,,0.2666666666666667,True,
POz,VP008_C1,"{""C"": 0.42813323987193935, ""gamma"": ""scale""}",0.5824915824915825,0.5833333333333334,0.5737425404944586,0.5915750915750916,,0.16666666666666663,True,
POz,VP009_C1,"{""C"": 0.6158482110660264, ""gamma"": ""scale""}",0.6151228817813674,0.6166666666666667,0.6157059314954052,0.6178451178451179,,0.23333333333333328,True,
POz,VP010_C1,"{""C"": 0.8858667904100825, ""gamma"": ""scale""}",0.6364687440940067,0.65,0.6499027507641011,0.6501668520578421,,0.30000000000000004,True,
POz,VP011_C1,"{""C"": 0.8858667904100825, ""gamma"": ""scale""}",0.6199324324324325,0.48333333333333334,0.4488888888888889,0.47777777777777775,,-0.03333333333333344,True,
POz,VP012_C1,"{""C"": 1.2742749857031335, ""gamma"": ""scale""}",0.6181357364122781,0.5833333333333334,0.5822890559732665,0.5841750841750841,,0.16666666666666663,True,
POz,VP013_C1,"{""C"": 48.32930238571752, ""gamma"": ""scale""}",0.60993543758967,0.5,0.4909502262443439,0.5,,0.0,True,
POz,VP014_C1,"{""C"": 0.29763514416313175, ""gamma"": ""scale""}",0.5933333333333334,0.48333333333333334,0.48203842940685043,0.48316498316498313,,-0.03333333333333344,True,
POz,VP015_C1,"{""C"": 48.32930238571752, ""gamma"": ""auto""}",0.6223893065998329,0.48333333333333334,0.4714407502131287,0.48168498168498164,,-0.03333333333333344,True,
POz,VP016_C1,"{""C"": 3.79269019073225, ""gamma"": ""scale""}",0.6033289258769542,0.7333333333333333,0.7333333333333333,0.7333333333333333,,0.4666666666666667,True,
POz,VP017_C1,"{""C"": 100.0, ""gamma"": ""scale""}",0.6529477196885428,0.5833333333333334,0.5688416211555045,0.5962772785622593,,0.16666666666666663,True,
POz,VP018_C1,"{""C"": 0.42813323987193935, ""gamma"": ""scale""}",0.64793061438902,0.4166666666666667,0.3516517443655449,0.3608534322820037,,-0.16666666666666674,True,
POz,VP019_C1,"{""C"": 0.42813323987193935, ""gamma"": ""scale""}",0.6013800958027669,0.7,0.6945701357466063,0.715311004784689,,0.4,True,
POz,VP020_C1,"{""C"": 0.8858667904100825, ""gamma"": ""scale""}",0.6164578492734933,0.55,0.5343489508479448,0.5577663671373556,,0.09999999999999998,True,
POz,VP021_C1,"{""C"": 0.6158482110660264, ""gamma"": ""scale""}",0.6298971936649069,0.75,0.7482517482517483,0.7571428571428571,,0.5,True,
POz,VP022_C1,"{""C"": 2.636650898730358, ""gamma"": ""scale""}",0.5898860794665185,0.6333333333333333,0.6329254727474972,0.6339285714285714,,0.2666666666666667,True,
POz,VP023_C1,"{""C"": 69.51927961775604, ""gamma"": ""auto""}",0.6327457264957266,0.5833333333333334,0.5832175604334537,0.5834260289210234,,0.16666666666666663,True,
POz,VP024_C1,"{""C"": 0.42813323987193935, ""gamma"": ""scale""}",0.6666518511933863,0.45,0.44862155388471175,0.4494949494949495,,-0.10000000000000009,True,
POz,VP025_C1,"{""C"": 2.636650898730358, ""gamma"": ""scale""}",0.6562044526530113,0.48333333333333334,0.48203842940685043,0.48316498316498313,,-0.03333333333333344,True,
POz,VP026_C1,"{""C"": 48.32930238571752, ""gamma"": ""auto""}",0.5988589766446781,0.6666666666666666,0.6632996632996633,0.6736111111111112,,0.33333333333333337,True,
O1,VP001_C1,"{""C"": 0.8858667904100825, ""gamma"": ""scale""}",0.6198479391756703,0.5333333333333333,0.52,0.5375000000000001,,0.06666666666666665,True,
O1,VP002_C1,"{""C"": 2.636650898730358, ""gamma"": ""scale""}",0.6159454976567109,0.5,0.46172248803827753,0.5,,0.0,True,
O1,VP003_C1,"{""C"": 3.79269019073225, ""gamma"": ""scale""}",0.5865931721194879,0.4166666666666667,0.4125874125874126,0.41428571428571426,,-0.16666666666666674,True,
O1,VP004_C1,"{""C"": 5.455594781168517, ""gamma"": ""scale""}",0.5647332725984411,0.48333333333333334,0.37478991596638656,0.44545454545454544,,-0.03333333333333344,True,
O1,VP005_C1,"{""C"": 3.79269019073225, ""gamma"": ""auto""}",0.5805626598465473,0.6666666666666666,0.660633484162896,0.6794258373205742,,0.33333333333333337,True,
O1,VP006_C1,"{""C"": 0.8858667904100825, ""gamma"": ""scale""}",0.5959078714474959,0.65,0.6499027507641011,0.6501668520578421,,0.30000000000000004,True,
O1,VP007_C1,"{""C"": 5.455594781168517, ""gamma"": ""scale""}",0.5762853234577787,0.5666666666666667,0.5661846496106786,0.5669642857142857,,0.1333333333333333,True,
O1,VP008_C1,"{""C"": 100.0, ""gamma"": ""scale""}",0.6195773081201335,0.5333333333333333,0.53125,0.5339366515837104,,0.06666666666666665,True,
O1,VP009_C1,"{""C"": 3.79269019073225, ""gamma"": ""auto""}",0.6171241771528369,0.5666666666666667,0.5417156286721504,0.5852272727272727,,0.1333333333333333,True,
O1,VP010_C1,"{""C"": 100.0, ""gamma"": ""scale""}",0.5733143695275345,0.6166666666666667,0.6157059314954052,0.6178451178451179,,0.23333333333333328,True,
O1,VP011_C1,"{""C"": 1.8329807108324356, ""gamma"": ""scale""}",0.5666474065514022,0.5166666666666667,0.49285922471582627,0.5205198358413132,,0.033333333333333326,True,
O1,VP012_C1,"{""C"": 0.8858667904100825, ""gamma"": ""scale""}",0.5633284814275714,0.55,0.5437904815544916,0.5528789659224442,,0.09999999999999998,True,
O1,VP013_C1,"{""C"": 0.20691380811147894, ""gamma"": ""scale""}",0.6165601555987774,0.5333333333333333,0.5333333333333333,0.5333333333333333,,0.06666666666666665,True,
O1,VP014_C1,"{""C"": 2.636650898730358, ""gamma"": ""scale""}",0.6195773081201335,0.6,0.6,0.6,,0.19999999999999996,True,
O1,VP015_C1,"{""C"": 5.455594781168517, ""gamma"": ""auto""}",0.634129816161525,0.43333333333333335,0.43270300333704115,0.4330357142857143,,-0.1333333333333333,True,
O1,VP016_C1,"{""C"": 23.357214690901213, ""gamma"": ""auto""}",0.5528364849833147,0.75,0.7482517482517483,0.7571428571428571,,0.5,True,
O1,VP017_C1,"{""C"": 1.8329807108324356, ""gamma"": ""scale""}",0.6332681365576103,0.65,0.6475524475524476,0.6542857142857144,,0.30000000000000004,True,
O1,VP018_C1,"{""C"": 7.847599703514611, ""gamma"": ""auto""}",0.6157059314954052,0.4166666666666667,0.4152046783625731,0.4158249158249158,,-0.16666666666666674,True,
O1,VP019_C1,"{""C"": 1.2742749857031335, ""gamma"": ""scale""}",0.6193910256410255,0.6166666666666667,0.6157059314954052,0.6178451178451179,,0.23333333333333328,True,
O1,VP020_C1,"{""C"": 23.357214690901213, ""gamma"": ""auto""}",0.6119363040278335,0.5333333333333333,0.5064629847238543,0.5426136363636364,,0.06666666666666665,True,
O1,VP021_C1,"{""C"": 3.79269019073225, ""gamma"": ""auto""}",0.5965545984995833,0.65,0.6451703745423825,0.6586368977673325,,0.30000000000000004,True,
O1,VP022_C1,"{""C"": 11.288378916846883, ""gamma"": ""auto""}",0.6023391812865497,0.5166666666666667,0.5165323701028064,0.5166852057842046,,0.033333333333333326,True,
O1,VP023_C1,"{""C"": 1.2742749857031335, ""gamma"": ""scale""}",0.6197295854830102,0.5833333333333334,0.5822890559732665,0.5841750841750841,,0.16666666666666663,True,
O1,VP024_C1,"{""C"": 69.51927961775604, ""gamma"": ""auto""}",0.5833287036522627,0.4666666666666667,0.4612794612794613,0.4652777777777778,,-0.06666666666666665,True,
O1,VP025_C1,"{""C"": 100.0, ""gamma"": ""auto""}",0.6097875509999889,0.4,0.3993325917686318,0.3995535714285714,,-0.19999999999999996,True,
O1,VP026_C1,"{""C"": 100.0, ""gamma"": ""auto""}",0.6466038406827881,0.6,0.5982142857142857,0.6018099547511313,,0.19999999999999996,True,
FP2,VP001_C1,"{""C"": 2.636650898730358, ""gamma"": ""scale""}",0.6525767226404169,0.5666666666666667,0.5661846496106786,0.5669642857142857,,0.1333333333333333,True,
FP2,VP002_C1,"{""C"": 0.8858667904100825, ""gamma"": ""scale""}",0.6924809912700647,0.6666666666666666,0.6651785714285714,0.6696832579185521,,0.33333333333333337,True,
FP2,VP003_C1,"{""C"": 0.09999999999999999, ""gamma"": ""scale""}",0.6354962044788265,0.6166666666666667,0.607843137254902,0.6282051282051282,,0.23333333333333328,True,
FP2,VP004_C1,"{""C"": 1.2742749857031335, ""gamma"": ""auto""}",0.6430976430976432,0.6166666666666667,0.6157059314954052,0.6178451178451179,,0.23333333333333328,True,
FP2,VP005_C1,"{""C"": 0.6158482110660264, ""gamma"": ""auto""}",0.64793061438902,0.6666666666666666,0.6651785714285714,0.6696832579185521,,0.33333333333333337,True,
FP2,VP006_C1,"{""C"": 3.79269019073225, ""gamma"": ""auto""}",0.6763754045307443,0.8333333333333334,0.8331479421579533,0.8348214285714286,,0.6666666666666667,True,
FP2,VP007_C1,"{""C"": 1.8329807108324356, ""gamma"": ""auto""}",0.6578099838969405,0.6333333333333333,0.6316964285714286,0.6357466063348416,,0.2666666666666667,True,
FP2,VP008_C1,"{""C"": 1.8329807108324356, ""gamma"": ""scale""}",0.620257418422556,0.5833333333333334,0.5628096764791606,0.6025991792065664,,0.16666666666666663,True,
FP2,VP009_C1,"{""C"": 0.6158482110660264, ""gamma"": ""auto""}",0.6430976430976432,0.6166666666666667,0.607843137254902,0.6282051282051282,,0.23333333333333328,True,
FP2,VP010_C1,"{""C"": 1.8329807108324356, ""gamma"": ""auto""}",0.7114868491680086,0.5666666666666667,0.5334928229665072,0.5931677018633541,,0.1333333333333333,True,
FP2,VP011_C1,"{""C"": 0.6158482110660264, ""gamma"": ""scale""}",0.649341541338736,0.5333333333333333,0.52,0.5375000000000001,,0.06666666666666665,True,
FP2,VP012_C1,"{""C"": 0.6158482110660264, ""gamma"": ""auto""}",0.6616755434964661,0.55,0.52,0.5666666666666667,,0.09999999999999998,True,
FP2,VP013_C1,"{""C"": 1.2742749857031335, ""gamma"": ""scale""}",0.6278123637826782,0.7833333333333333,0.7783461210571185,0.8113553113553114,,0.5666666666666667,True,
FP2,VP014_C1,"{""C"": 0.8858667904100825, ""gamma"": ""scale""}",0.6695738176586945,0.7166666666666667,0.7146853146853147,0.7228571428571429,,0.43333333333333335,True,
FP2,VP015_C1,"{""C"": 2.636650898730358, ""gamma"": ""auto""}",0.6558061821219716,0.65,0.6451703745423825,0.6586368977673325,,0.30000000000000004,True,
FP2,VP016_C1,"{""C"": 2.636650898730358, ""gamma"": ""auto""}",0.6274125874125873,0.7666666666666667,0.7664071190211346,0.7678571428571428,,0.5333333333333333,True,
FP2,VP017_C1,"{""C"": 0.42813323987193935, ""gamma"": ""scale""}",0.6775782544444942,0.7333333333333333,0.7330367074527253,0.734375,,0.4666666666666667,True,
FP2,VP018_C1,"{""C"": 0.6158482110660264, ""gamma"": ""auto""}",0.6674208144796381,0.55,0.5396419437340154,0.554945054945055,,0.09999999999999998,True,
FP2,VP019_C1,"{""C"": 0.14384498882876628, ""gamma"": ""scale""}",0.6921182266009853,0.7166666666666667,0.7159565580618212,0.7188552188552189,,0.43333333333333335,True,
FP2,VP020_C1,"{""C"": 1.2742749857031335, ""gamma"": ""auto""}",0.6590301301479764,0.6666666666666666,0.6662958843159066,0.6674107142857143,,0.33333333333333337,True,
FP2,VP021_C1,"{""C"": 0.6158482110660264, ""gamma"": ""scale""}",0.6327457264957266,0.7166666666666667,0.7165879410947485,0.7169076751946608,,0.43333333333333335,True,
FP2,VP022_C1,"{""C"": 2.636650898730358, ""gamma"": ""auto""}",0.6767676767676768,0.55,0.4998456313677061,0.5834879406307978,,0.09999999999999998,True,
FP2,VP023_C1,"{""C"": 2.636650898730358, ""gamma"": ""scale""}",0.6354962044788265,0.5833333333333334,0.5775837792171219,0.5881316098707403,,0.16666666666666663,True,
FP2,VP024_C1,"{""C"": 0.42813323987193935, ""gamma"": ""scale""}",0.6645195920558239,0.65,0.6194503171247357,0.720949263502455,,0.30000000000000004,True,
FP2,VP025_C1,"{""C"": 0.29763514416313175, ""gamma"": ""auto""}",0.6457131288591963,0.65,0.6327601282424948,0.6846785225718194,,0.30000000000000004,True,
FP2,VP026_C1,"{""C"": 0.42813323987193935, ""gamma"": ""scale""}",0.6721530844373076,0.5666666666666667,0.548611111111111,0.5793650793650794,,0.1333333333333333,True,
AFF6,VP001_C1,"{""C"": 1.8329807108324356, ""gamma"": ""auto""}",0.6578099838969405,0.5166666666666667,0.5099971838918614,0.517626321974148,,0.033333333333333326,True,
AFF6,VP002_C1,"{""C"": 1.2742749857031335, ""gamma"": ""auto""}",0.6538629566152502,0.5833333333333334,0.5775837792171219,0.5881316098707403,,0.16666666666666663,True,
AFF6,VP003_C1,"{""C"": 2.636650898730358, ""gamma"": ""auto""}",0.6418969421791854,0.6833333333333333,0.6811188811188811,0.6885714285714286,,0.3666666666666667,True,
AFF6,VP004_C1,"{""C"": 1.8329807108324356, ""gamma"": ""auto""}",0.6419437340153453,0.5166666666666667,0.5165323701028064,0.5166852057842046,,0.033333333333333326,True,
AFF6,VP005_C1,"{""C"": 3.79269019073225, ""gamma"": ""auto""}",0.6817740260610323,0.7,0.6945701357466063,0.715311004784689,,0.4,True,
AFF6,VP006_C1,"{""C"": 0.20691380811147894, ""gamma"": ""scale""}",0.6433383530157724,0.85,0.8499583217560434,0.850389321468298,,0.7,True,
AFF6,VP007_C1,"{""C"": 0.42813323987193935, ""gamma"": ""scale""}",0.6560870347059882,0.6666666666666666,0.660633484162896,0.6794258373205742,,0.33333333333333337,True,
AFF6,VP008_C1,"{""C"": 1.8329807108324356, ""gamma"": ""scale""}",0.6147790841791445,0.6166666666666667,0.6113770768797522,0.6233842538190364,,0.23333333333333328,True,
AFF6,VP009_C1,"{""C"": 0.29763514416313175, ""gamma"": ""scale""}",0.6825396825396826,0.6333333333333333,0.6296296296296295,0.6388888888888888,,0.2666666666666667,True,
AFF6,VP010_C1,"{""C"": 0.20691380811147894, ""gamma"": ""scale""}",0.6322873952576217,0.5666666666666667,0.5334928229665072,0.5931677018633541,,0.1333333333333333,True,
AFF6,VP011_C1,"{""C"": 0.6158482110660264, ""gamma"": ""scale""}",0.6269785260610949,0.5,0.46172248803827753,0.5,,0.0,True,
AFF6,VP012_C1,"{""C"": 0.20691380811147894, ""gamma"": ""scale""}",0.6368364418938307,0.5166666666666667,0.48444444444444446,0.5222222222222221,,0.033333333333333326,True,
AFF6,VP013_C1,"{""C"": 0.8858667904100825, ""gamma"": ""scale""}",0.6616755434964661,0.7333333333333333,0.7257142857142858,0.7625,,0.4666666666666667,True,
AFF6,VP014_C1,"{""C"": 0.14384498882876628, ""gamma"": ""auto""}",0.6209969981107801,0.7666666666666667,0.7643097643097643,0.7777777777777778,,0.5333333333333333,True,
AFF6,VP015_C1,"{""C"": 0.29763514416313175, ""gamma"": ""auto""}",0.6396028831769346,0.6,0.5833333333333333,0.6190476190476191,,0.19999999999999996,True,
AFF6,VP016_C1,"{""C"": 0.29763514416313175, ""gamma"": ""auto""}",0.6952020000228313,0.8,0.797979797979798,0.8125,,0.6,True,
AFF6,VP017_C1,"{""C"": 0.42813323987193935, ""gamma"": ""scale""}",0.6814610320662562,0.6166666666666667,0.607843137254902,0.6282051282051282,,0.23333333333333328,True,
AFF6,VP018_C1,"{""C"": 1.8329807108324356, ""gamma"": ""scale""}",0.7065492863812192,0.5333333333333333,0.5064629847238543,0.5426136363636364,,0.06666666666666665,True,
AFF6,VP019_C1,"{""C"": 2.636650898730358, ""gamma"": ""scale""}",0.6502869440459111,0.6,0.5927601809954751,0.6076555023923444,,0.19999999999999996,True,
AFF6,VP020_C1,"{""C"": 0.6158482110660264, ""gamma"": ""auto""}",0.6222391124320767,0.6666666666666666,0.6666666666666666,0.6666666666666666,,0.33333333333333337,True,
AFF6,VP021_C1,"{""C"": 0.6158482110660264, ""gamma"": ""auto""}",0.6763172091350476,0.7666666666666667,0.7664071190211346,0.7678571428571428,,0.5333333333333333,True,
AFF6,VP022_C1,"{""C"": 0.6158482110660264, ""gamma"": ""auto""}",0.6747820588102443,0.5166666666666667,0.3939393939393939,0.5877192982456141,,0.033333333333333326,True,
AFF6,VP023_C1,"{""C"": 0.29763514416313175, ""gamma"": ""auto""}",0.6513635184077806,0.5333333333333333,0.4871794871794872,0.5520833333333334,,0.06666666666666665,True,
AFF6,VP024_C1,"{""C"": 0.6158482110660264, ""gamma"": ""scale""}",0.6830606006114008,0.6333333333333333,0.6052631578947368,0.6863354037267081,,0.2666666666666667,True,
AFF6,VP025_C1,"{""C"": 7.847599703514611, ""gamma"": ""auto""}",0.6211062802472309,0.6166666666666667,0.6157059314954052,0.6178451178451179,,0.23333333333333328,True,
AFF6,VP026_C1,"{""C"": 1.8329807108324356, ""gamma"": ""auto""}",0.6343588750555296,0.6,0.5927601809954751,0.6076555023923444,,0.19999999999999996,True,
F2,VP001_C1,"{""C"": 0.29763514416313175, ""gamma"": ""scale""}",0.613986013986014,0.4666666666666667,0.4258373205741627,0.45341614906832295,,-0.06666666666666665,True,
F2,VP002_C1,"{""C"": 0.6158482110660264, ""gamma"": ""scale""}",0.6523444464253878,0.6166666666666667,0.6157059314954052,0.6178451178451179,,0.23333333333333328,True,
F2,VP003_C1,"{""C"": 0.29763514416313175, ""gamma"": ""auto""}",0.600252947287592,0.6333333333333333,0.6228571428571429,0.6499999999999999,,0.2666666666666667,True,
F2,VP004_C1,"{""C"": 0.8858667904100825, ""gamma"": ""scale""}",0.6520808243008163,0.4666666666666667,0.4612794612794613,0.4652777777777778,,-0.06666666666666665,True,
F2,VP005_C1,"{""C"": 1.2742749857031335, ""gamma"": ""auto""}",0.643992655949129,0.7333333333333333,0.7330367074527253,0.734375,,0.4666666666666667,True,
F2,VP006_C1,"{""C"": 0.8858667904100825, ""gamma"": ""scale""}",0.6386993175431553,0.8,0.7991071428571428,0.8054298642533937,,0.6,True,
F2,VP007_C1,"{""C"": 0.29763514416313175, ""gamma"": ""auto""}",0.6467980977884482,0.6333333333333333,0.6266968325791855,0.6435406698564593,,0.2666666666666667,True,
F2,VP008_C1,"{""C"": 2.636650898730358, ""gamma"": ""auto""}",0.6331866079765239,0.5666666666666667,0.5647321428571428,0.5678733031674208,,0.1333333333333333,True,
F2,VP009_C1,"{""C"": 2.636650898730358, ""gamma"": ""auto""}",0.6775782544444942,0.6333333333333333,0.6266968325791855,0.6435406698564593,,0.2666666666666667,True,
F2,VP010_C1,"{""C"": 0.8858667904100825, ""gamma"": ""auto""}",0.6409051899363114,0.5166666666666667,0.5055413469735721,0.5183150183150182,,0.033333333333333326,True,
F2,VP011_C1,"{""C"": 1.2742749857031335, ""gamma"": ""auto""}",0.6297512426544685,0.6333333333333333,0.6180555555555556,0.6587301587301587,,0.2666666666666667,True,
F2,VP012_C1,"{""C"": 0.42813323987193935, ""gamma"": ""scale""}",0.6347402597402598,0.5333333333333333,0.513888888888889,0.5396825396825398,,0.06666666666666665,True,
F2,VP013_C1,"{""C"": 0.42813323987193935, ""gamma"": ""auto""}",0.6175153163114486,0.7833333333333333,0.7827903091060986,0.7861952861952861,,0.5666666666666667,True,
F2,VP014_C1,"{""C"": 2.636650898730358, ""gamma"": ""scale""}",0.6329254727474972,0.8,0.7991071428571428,0.8054298642533937,,0.6,True,
F2,VP015_C1,"{""C"": 1.8329807108324356, ""gamma"": ""auto""}",0.5836671142151166,0.6,0.5833333333333333,0.6190476190476191,,0.19999999999999996,True,
F2,VP016_C1,"{""C"": 0.6158482110660264, ""gamma"": ""auto""}",0.6266968325791855,0.8,0.7991071428571428,0.8054298642533937,,0.6,True,
F2,VP017_C1,"{""C"": 0.42813323987193935, ""gamma"": ""auto""}",0.6695738176586945,0.6166666666666667,0.5977849023608277,0.6436388508891929,,0.23333333333333328,True,
F2,VP018_C1,"{""C"": 3.79269019073225, ""gamma"": ""auto""}",0.6233291481016456,0.5,0.4791666666666667,0.5,,0.0,True,
F2,VP019_C1,"{""C"": 5.455594781168517, ""gamma"": ""scale""}",0.6533179252411219,0.5833333333333334,0.5688416211555045,0.5962772785622593,,0.16666666666666663,True,
F2,VP020_C1,"{""C"": 0.29763514416313175, ""gamma"": ""auto""}",0.689034183458441,0.6,0.595959595959596,0.6041666666666667,,0.19999999999999996,True,
F2,VP021_C1,"{""C"": 1.2742749857031335, ""gamma"": ""scale""}",0.6691729323308271,0.7666666666666667,0.765625,0.7714932126696833,,0.5333333333333333,True,
F2,VP022_C1,"{""C"": 1.2742749857031335, ""gamma"": ""scale""}",0.6502869440459111,0.5833333333333334,0.5368941031182464,0.6391465677179963,,0.16666666666666663,True,
F2,VP023_C1,"{""C"": 0.8858667904100825, ""gamma"": ""auto""}",0.6161616161616161,0.5333333333333333,0.52,0.5375000000000001,,0.06666666666666665,True,
F2,VP024_C1,"{""C"": 0.29763514416313175, ""gamma"": ""auto""}",0.6086261074746742,0.5833333333333334,0.546964663243733,0.6227495908346972,,0.16666666666666663,True,
F2,VP025_C1,"{""C"": 0.42813323987193935, ""gamma"": ""auto""}",0.6439833180754755,0.6833333333333333,0.667735354124162,0.725718194254446,,0.3666666666666667,True,
F2,VP026_C1,"{""C"": 0.20691380811147894, ""gamma"": ""auto""}",0.6168582375478927,0.5666666666666667,0.5588235294117647,0.5717703349282297,,0.1333333333333333,True,
FC2,VP001_C1,"{""C"": 2.636650898730358, ""gamma"": ""scale""}",0.6632397888302306,0.4,0.3973214285714286,0.3981900452488688,,-0.19999999999999996,True,
FC2,VP002_C1,"{""C"": 0.42813323987193935, ""gamma"": ""scale""}",0.5995475113122172,0.6333333333333333,0.6329254727474972,0.6339285714285714,,0.2666666666666667,True,
FC2,VP003_C1,"{""C"": 1.2742749857031335, ""gamma"": ""auto""}",0.6186270574066639,0.55,0.5396419437340154,0.554945054945055,,0.09999999999999998,True,
FC2,VP004_C1,"{""C"": 0.14384498882876628, ""gamma"": ""scale""}",0.6154326099533755,0.35,0.3483709273182957,0.3484848484848485,,-0.30000000000000004,True,
FC2,VP005_C1,"{""C"": 1.2742749857031335, ""gamma"": ""auto""}",0.6394230769230769,0.7166666666666667,0.7165879410947485,0.7169076751946608,,0.43333333333333335,True,
FC2,VP006_C1,"{""C"": 1.2742749857031335, ""gamma"": ""scale""}",0.6309715512614064,0.7833333333333333,0.7783461210571185,0.8113553113553114,,0.5666666666666667,True,
FC2,VP007_C1,"{""C"": 1.8329807108324356, ""gamma"": ""auto""}",0.6122303440898555,0.6833333333333333,0.6789636722050126,0.6938895417156287,,0.3666666666666667,True,
FC2,VP008_C1,"{""C"": 0.8858667904100825, ""gamma"": ""auto""}",0.6156266858478691,0.5333333333333333,0.5248868778280543,0.5358851674641147,,0.06666666666666665,True,
FC2,VP009_C1,"{""C"": 0.8858667904100825, ""gamma"": ""auto""}",0.628178072555522,0.6166666666666667,0.6113770768797522,0.6233842538190364,,0.23333333333333328,True,
FC2,VP010_C1,"{""C"": 3.79269019073225, ""gamma"": ""auto""}",0.6523444464253878,0.48333333333333334,0.48203842940685043,0.48316498316498313,,-0.03333333333333344,True,
FC2,VP011_C1,"{""C"": 48.32930238571752, ""gamma"": ""auto""}",0.62996299629963,0.5166666666666667,0.5154553049289892,0.5168350168350169,,0.033333333333333326,True,
FC2,VP012_C1,"{""C"": 0.6158482110660264, ""gamma"": ""scale""}",0.6596218020022246,0.48333333333333334,0.4714407502131287,0.48168498168498164,,-0.03333333333333344,True,
FC2,VP013_C1,"{""C"": 1.8329807108324356, ""gamma"": ""auto""}",0.6278123637826782,0.7,0.696969696969697,0.7083333333333333,,0.4,True,
FC2,VP014_C1,"{""C"": 1.2742749857031335, ""gamma"": ""auto""}",0.6195773081201335,0.7,0.699666295884316,0.7008928571428572,,0.4,True,
FC2,VP015_C1,"{""C"": 7.847599703514611, ""gamma"": ""auto""}",0.6590301301479764,0.5833333333333334,0.5737425404944586,0.5915750915750916,,0.16666666666666663,True,
FC2,VP016_C1,"{""C"": 0.8858667904100825, ""gamma"": ""auto""}",0.6368364418938307,0.7666666666666667,0.7666666666666667,0.7666666666666667,,0.5333333333333333,True,
FC2,VP017_C1,"{""C"": 1.8329807108324356, ""gamma"": ""auto""}",0.6689369196642552,0.6333333333333333,0.6329254727474972,0.6339285714285714,,0.2666666666666667,True,
FC2,VP018_C1,"{""C"": 0.8858667904100825, ""gamma"": ""auto""}",0.6322164861490704,0.43333333333333335,0.4230769230769231,0.42822966507177035,,-0.1333333333333333,True,
FC2,VP019_C1,"{""C"": 1.8329807108324356, ""gamma"": ""scale""}",0.6295018858687791,0.6166666666666667,0.607843137254902,0.6282051282051282,,0.23333333333333328,True,
FC2,VP020_C1,"{""C"": 5.455594781168517, ""gamma"": ""auto""}",0.6386993175431553,0.5166666666666667,0.5132867132867133,0.5171428571428571,,0.033333333333333326,True,
FC2,VP021_C1,"{""C"": 11.288378916846883, ""gamma"": ""auto""}",0.6332681365576103,0.7333333333333333,0.7321428571428572,0.7375565610859729,,0.4666666666666667,True,
FC2,VP022_C1,"{""C"": 3.79269019073225, ""gamma"": ""scale""}",0.6233291481016456,0.6666666666666666,0.6527777777777778,0.6984126984126984,,0.33333333333333337,True,
FC2,VP023_C1,"{""C"": 33.59818286283781, ""gamma"": ""auto""}",0.5898860794665185,0.5,0.4949494949494949,0.5,,0.0,True,
FC2,VP024_C1,"{""C"": 1.8329807108324356, ""gamma"": ""auto""}",0.6258518551512182,0.4666666666666667,0.4666666666666667,0.4666666666666667,,-0.06666666666666665,True,
FC2,VP025_C1,"{""C"": 0.6158482110660264, ""gamma"": ""scale""}",0.6322164861490704,0.7,0.6945701357466063,0.715311004784689,,0.4,True,
FC2,VP026_C1,"{""C"": 1.2742749857031335, ""gamma"": ""auto""}",0.6664294609500089,0.6,0.5885714285714285,0.6125,,0.19999999999999996,True,
FC6,VP001_C1,"{""C"": 0.6158482110660264, ""gamma"": ""scale""}",0.6623294763855747,0.7166666666666667,0.7159565580618212,0.7188552188552189,,0.43333333333333335,True,
FC6,VP002_C1,"{""C"": 23.357214690901213, ""gamma"": ""scale""}",0.6397438178260095,0.5166666666666667,0.5154553049289892,0.5168350168350169,,0.033333333333333326,True,
FC6,VP003_C1,"{""C"": 2.636650898730358, ""gamma"": ""scale""}",0.5965545984995833,0.5333333333333333,0.53125,0.5339366515837104,,0.06666666666666665,True,
FC6,VP004_C1,"{""C"": 1.2742749857031335, ""gamma"": ""auto""}",0.6575458583392669,0.43333333333333335,0.41714285714285715,0.42500000000000004,,-0.1333333333333333,True,
FC6,VP005_C1,"{""C"": 0.8858667904100825, ""gamma"": ""scale""}",0.6456587627027991,0.6833333333333333,0.6825396825396826,0.6851851851851851,,0.3666666666666667,True,
FC6,VP006_C1,"{""C"": 3.79269019073225, ""gamma"": ""scale""}",0.5733333333333334,0.8166666666666667,0.8124467178175618,0.847985347985348,,0.6333333333333333,True,
FC6,VP007_C1,"{""C"": 0.8858667904100825, ""gamma"": ""scale""}",0.6453900709219857,0.6166666666666667,0.6157059314954052,0.6178451178451179,,0.23333333333333328,True,
FC6,VP008_C1,"{""C"": 1.8329807108324356, ""gamma"": ""scale""}",0.6453900709219857,0.55,0.5498749652681301,0.550055617352614,,0.09999999999999998,True,
FC6,VP009_C1,"{""C"": 0.8858667904100825, ""gamma"": ""scale""}",0.6029760117439029,0.6166666666666667,0.607843137254902,0.6282051282051282,,0.23333333333333328,True,
FC6,VP010_C1,"{""C"": 0.6158482110660264, ""gamma"": ""scale""}",0.6929922135706341,0.5666666666666667,0.5542857142857143,0.575,,0.1333333333333333,True,
FC6,VP011_C1,"{""C"": 3.79269019073225, ""gamma"": ""auto""}",0.6278123637826782,0.6,0.5833333333333333,0.6190476190476191,,0.19999999999999996,True,
FC6,VP012_C1,"{""C"": 0.29763514416313175, ""gamma"": ""scale""}",0.6127136752136753,0.45,0.42290877295249196,0.4384404924760602,,-0.10000000000000009,True,
FC6,VP013_C1,"{""C"": 5.455594781168517, ""gamma"": ""auto""}",0.6775782544444942,0.6333333333333333,0.6266968325791855,0.6435406698564593,,0.2666666666666667,True,
FC6,VP014_C1,"{""C"": 0.20691380811147894, ""gamma"": ""scale""}",0.6457131288591963,0.75,0.7465502675302731,0.7643948296122209,,0.5,True,
FC6,VP015_C1,"{""C"": 2.636650898730358, ""gamma"": ""auto""}",0.6313508199651459,0.5666666666666667,0.5417156286721504,0.5852272727272727,,0.1333333333333333,True,
FC6,VP016_C1,"{""C"": 0.8858667904100825, ""gamma"": ""scale""}",0.6499027507641011,0.75,0.7493734335839599,0.7525252525252526,,0.5,True,
FC6,VP017_C1,"{""C"": 1.8329807108324356, ""gamma"": ""auto""}",0.6389648075041334,0.5666666666666667,0.5417156286721504,0.5852272727272727,,0.1333333333333333,True,
FC6,VP018_C1,"{""C"": 0.6158482110660264, ""gamma"": ""scale""}",0.6697027324592133,0.5166666666666667,0.5132867132867133,0.5171428571428571,,0.033333333333333326,True,
FC6,VP019_C1,"{""C"": 5.455594781168517, ""gamma"": ""auto""}",0.5934775735128055,0.55,0.5437904815544916,0.5528789659224442,,0.09999999999999998,True,
FC6,VP020_C1,"{""C"": 0.42813323987193935, ""gamma"": ""scale""}",0.6823132057384267,0.7,0.6986607142857143,0.7036199095022624,,0.4,True,
FC6,VP021_C1,"{""C"": 0.8858667904100825, ""gamma"": ""scale""}",0.6157059314954052,0.7333333333333333,0.7330367074527253,0.734375,,0.4666666666666667,True,
FC6,VP022_C1,"{""C"": 0.8858667904100825, ""gamma"": ""scale""}",0.6316964285714286,0.5333333333333333,0.4444444444444444,0.5925925925925926,,0.06666666666666665,True,
FC6,VP023_C1,"{""C"": 0.6158482110660264, ""gamma"": ""scale""}",0.6297984458205023,0.5666666666666667,0.548611111111111,0.5793650793650794,,0.1333333333333333,True,
FC6,VP024_C1,"{""C"": 0.6158482110660264, ""gamma"": ""scale""}",0.6586876936074345,0.5333333333333333,0.5248868778280543,0.5358851674641147,,0.06666666666666665,True,
FC6,VP025_C1,"{""C"": 0.29763514416313175, ""gamma"": ""scale""}",0.6032231175326479,0.6666666666666666,0.6651785714285714,0.6696832579185521,,0.33333333333333337,True,
FC6,VP026_C1,"{""C"": 23.357214690901213, ""gamma"": ""scale""}",0.6232286746318423,0.7,0.699666295884316,0.7008928571428572,,0.4,True,
C4,VP001_C1,"{""C"": 0.29763514416313175, ""gamma"": ""scale""}",0.6590301301479764,0.55,0.5278344505974935,0.5615595075239398,,0.09999999999999998,True,
C4,VP002_C1,"{""C"": 0.42813323987193935, ""gamma"": ""scale""}",0.6260683760683761,0.55,0.5468531468531468,0.5514285714285714,,0.09999999999999998,True,
C4,VP003_C1,"{""C"": 0.8858667904100825, ""gamma"": ""scale""}",0.6766630740341559,0.5,0.4857142857142857,0.5,,0.0,True,
C4,VP004_C1,"{""C"": 0.8858667904100825, ""gamma"": ""scale""}",0.6397438178260095,0.3333333333333333,0.3142857142857143,0.3125,,-0.33333333333333326,True,
C4,VP005_C1,"{""C"": 0.8858667904100825, ""gamma"": ""auto""}",0.6119715220838816,0.75,0.7482517482517483,0.7571428571428571,,0.5,True,
C4,VP006_C1,"{""C"": 1.8329807108324356, ""gamma"": ""auto""}",0.6530866393880093,0.75,0.7482517482517483,0.7571428571428571,,0.5,True,
C4,VP007_C1,"{""C"": 1.2742749857031335, ""gamma"": ""auto""}",0.6507097756482021,0.6833333333333333,0.6811188811188811,0.6885714285714286,,0.3666666666666667,True,
C4,VP008_C1,"{""C"": 0.42813323987193935, ""gamma"": ""auto""}",0.6493436432296349,0.5333333333333333,0.52,0.5375000000000001,,0.06666666666666665,True,
C4,VP009_C1,"{""C"": 3.79269019073225, ""gamma"": ""auto""}",0.6127136752136753,0.6166666666666667,0.607843137254902,0.6282051282051282,,0.23333333333333328,True,
C4,VP010_C1,"{""C"": 0.42813323987193935, ""gamma"": ""scale""}",0.6464152286070095,0.5,0.4994438264738599,0.5,,0.0,True,
C4,VP011_C1,"{""C"": 0.09999999999999999, ""gamma"": ""scale""}",0.6301111908177905,0.6333333333333333,0.6266968325791855,0.6435406698564593,,0.2666666666666667,True,
C4,VP012_C1,"{""C"": 1.8329807108324356, ""gamma"": ""auto""}",0.6421843475159121,0.48333333333333334,0.4762038862292312,0.48237367802585196,,-0.03333333333333344,True,
C4,VP013_C1,"{""C"": 0.42813323987193935, ""gamma"": ""scale""}",0.6693791675479511,0.7,0.696969696969697,0.7083333333333333,,0.4,True,
C4,VP014_C1,"{""C"": 0.8858667904100825, ""gamma"": ""scale""}",0.636339372101558,0.7,0.699666295884316,0.7008928571428572,,0.4,True,
C4,VP015_C1,"{""C"": 1.2742749857031335, ""gamma"": ""auto""}",0.6533179252411219,0.55,0.5278344505974935,0.5615595075239398,,0.09999999999999998,True,
C4,VP016_C1,"{""C"": 2.636650898730358, ""gamma"": ""auto""}",0.6242619431025228,0.8333333333333334,0.8333333333333334,0.8333333333333334,,0.6666666666666667,True,
C4,VP017_C1,"{""C"": 16.23776739188721, ""gamma"": ""auto""}",0.6657158138705652,0.65,0.6491228070175439,0.6515151515151515,,0.30000000000000004,True,
C4,VP018_C1,"{""C"": 1.2742749857031335, ""gamma"": ""scale""}",0.6796440489432702,0.5,0.4994438264738599,0.5,,0.0,True,
C4,VP019_C1,"{""C"": 1.2742749857031335, ""gamma"": ""scale""}",0.6133161473843283,0.6333333333333333,0.6296296296296295,0.6388888888888888,,0.2666666666666667,True,
C4,VP020_C1,"{""C"": 48.32930238571752, ""gamma"": ""auto""}",0.6332681365576103,0.5666666666666667,0.5647321428571428,0.5678733031674208,,0.1333333333333333,True,
C4,VP021_C1,"{""C"": 0.6158482110660264, ""gamma"": ""auto""}",0.6683750376846548,0.7833333333333333,0.783273131425396,0.7836484983314794,,0.5666666666666667,True,
C4,VP022_C1,"{""C"": 0.8858667904100825, ""gamma"": ""auto""}",0.64793061438902,0.5333333333333333,0.475,0.56,,0.06666666666666665,True,
C4,VP023_C1,"{""C"": 1.8329807108324356, ""gamma"": ""auto""}",0.6206993006993007,0.55,0.5396419437340154,0.554945054945055,,0.09999999999999998,True,
C4,VP024_C1,"{""C"": 0.6158482110660264, ""gamma"": ""scale""}",0.6664294609500089,0.5666666666666667,0.5647321428571428,0.5678733031674208,,0.1333333333333333,True,
C4,VP025_C1,"{""C"": 0.14384498882876628, ""gamma"": ""auto""}",0.6376811594202898,0.6833333333333333,0.6723196320781835,0.7118100128369704,,0.3666666666666667,True,
C4,VP026_C1,"{""C"": 33.59818286283781, ""gamma"": ""auto""}",0.6166283294996167,0.6,0.5995550611790879,0.6004464285714286,,0.19999999999999996,True,
T8,VP001_C1,"{""C"": 3.79269019073225, ""gamma"": ""auto""}",0.6119363040278335,0.48333333333333334,0.48203842940685043,0.48316498316498313,,-0.03333333333333344,True,
T8,VP002_C1,"{""C"": 0.8858667904100825, ""gamma"": ""scale""}",0.6032936626996033,0.4,0.3891402714932127,0.3923444976076555,,-0.19999999999999996,True,
T8,VP003_C1,"{""C"": 3.79269019073225, ""gamma"": ""auto""}",0.6363636363636364,0.4,0.375,0.38095238095238093,,-0.19999999999999996,True,
T8,VP004_C1,"{""C"": 16.23776739188721, ""gamma"": ""scale""}",0.635983123865926,0.4,0.3891402714932127,0.3923444976076555,,-0.19999999999999996,True,
T8,VP005_C1,"{""C"": 0.29763514416313175, ""gamma"": ""scale""}",0.6065092703748166,0.6666666666666666,0.6527777777777778,0.6984126984126984,,0.33333333333333337,True,
T8,VP006_C1,"{""C"": 11.288378916846883, ""gamma"": ""scale""}",0.5930439423590108,0.7666666666666667,0.765625,0.7714932126696833,,0.5333333333333333,True,
T8,VP007_C1,"{""C"": 69.51927961775604, ""gamma"": ""scale""}",0.5930439423590108,0.55,0.5468531468531468,0.5514285714285714,,0.09999999999999998,True,
T8,VP008_C1,"{""C"": 0.8858667904100825, ""gamma"": ""scale""}",0.6253178107854944,0.5166666666666667,0.5154553049289892,0.5168350168350169,,0.033333333333333326,True,
T8,VP009_C1,"{""C"": 1.8329807108324356, ""gamma"": ""scale""}",0.6661324786324787,0.5666666666666667,0.5622895622895623,0.5694444444444444,,0.1333333333333333,True,
T8,VP010_C1,"{""C"": 5.455594781168517, ""gamma"": ""auto""}",0.5860042735042734,0.5666666666666667,0.5334928229665072,0.5931677018633541,,0.1333333333333333,True,
T8,VP011_C1,"{""C"": 3.79269019073225, ""gamma"": ""auto""}",0.6310545971499815,0.6166666666666667,0.6033342914630642,0.634788189987163,,0.23333333333333328,True,
T8,VP012_C1,"{""C"": 2.636650898730358, ""gamma"": ""scale""}",0.565720903300521,0.5333333333333333,0.52,0.5375000000000001,,0.06666666666666665,True,
T8,VP013_C1,"{""C"": 48.32930238571752, ""gamma"": ""auto""}",0.5886792032192262,0.5666666666666667,0.5661846496106786,0.5669642857142857,,0.1333333333333333,True,
T8,VP014_C1,"{""C"": 1.8329807108324356, ""gamma"": ""scale""}",0.6013800958027669,0.6333333333333333,0.6316964285714286,0.6357466063348416,,0.2666666666666667,True,
T8,VP015_C1,"{""C"": 16.23776739188721, ""gamma"": ""scale""}",0.6265172735760971,0.43333333333333335,0.41714285714285715,0.42500000000000004,,-0.1333333333333333,True,
T8,VP016_C1,"{""C"": 23.357214690901213, ""gamma"": ""scale""}",0.6327457264957266,0.6,0.5885714285714285,0.6125,,0.19999999999999996,True,
T8,VP017_C1,"{""C"": 1.2742749857031335, ""gamma"": ""scale""}",0.5930439423590108,0.48333333333333334,0.4831897749374826,0.4833147942157954,,-0.03333333333333344,True,
T8,VP018_C1,"{""C"": 1.2742749857031335, ""gamma"": ""scale""}",0.6246481076008759,0.6,0.5885714285714285,0.6125,,0.19999999999999996,True,
T8,VP019_C1,"{""C"": 0.20691380811147894, ""gamma"": ""scale""}",0.6242619431025228,0.6,0.5833333333333333,0.6190476190476191,,0.19999999999999996,True,
T8,VP020_C1,"{""C"": 0.20691380811147894, ""gamma"": ""scale""}",0.5985547972701726,0.6666666666666666,0.6571428571428571,0.6875,,0.33333333333333337,True,
T8,VP021_C1,"{""C"": 11.288378916846883, ""gamma"": ""auto""}",0.5832175604334537,0.7833333333333333,0.783273131425396,0.7836484983314794,,0.5666666666666667,True,
T8,VP022_C1,"{""C"": 5.455594781168517, ""gamma"": ""auto""}",0.6232286746318423,0.45,0.3732193732193732,0.4019607843137255,,-0.10000000000000009,True,
T8,VP023_C1,"{""C"": 69.51927961775604, ""gamma"": ""auto""}",0.6412245308535727,0.5666666666666667,0.5588235294117647,0.5717703349282297,,0.1333333333333333,True,
T8,VP024_C1,"{""C"": 1.8329807108324356, ""gamma"": ""scale""}",0.5669930069930069,0.48333333333333334,0.4831897749374826,0.4833147942157954,,-0.03333333333333344,True,
T8,VP025_C1,"{""C"": 2.636650898730358, ""gamma"": ""scale""}",0.5832916624995833,0.5666666666666667,0.5622895622895623,0.5694444444444444,,0.1333333333333333,True,
T8,VP026_C1,"{""C"": 0.20691380811147894, ""gamma"": ""scale""}",0.6072727272727273,0.6833333333333333,0.6480395183698673,0.8061224489795918,,0.3666666666666667,True,
CP2,VP001_C1,"{""C"": 3.79269019073225, ""gamma"": ""auto""}",0.659758050169009,0.5,0.4909502262443439,0.5,,0.0,True,
CP2,VP002_C1,"{""C"": 1.8329807108324356, ""gamma"": ""scale""}",0.6131786047752434,0.6166666666666667,0.6113770768797522,0.6233842538190364,,0.23333333333333328,True,
CP2,VP003_C1,"{""C"": 33.59818286283781, ""gamma"": ""auto""}",0.6458955057681173,0.4666666666666667,0.4612794612794613,0.4652777777777778,,-0.06666666666666665,True,
CP2,VP004_C1,"{""C"": 1.2742749857031335, ""gamma"": ""scale""}",0.6965823839955543,0.38333333333333336,0.37482399324134047,0.3766157461809636,,-0.2333333333333334,True,
CP2,VP005_C1,"{""C"": 0.42813323987193935, ""gamma"": ""auto""}",0.5865931721194879,0.7166666666666667,0.7159565580618212,0.7188552188552189,,0.43333333333333335,True,
CP2,VP006_C1,"{""C"": 23.357214690901213, ""gamma"": ""auto""}",0.6129032258064516,0.7,0.696969696969697,0.7083333333333333,,0.4,True,
CP2,VP007_C1,"{""C"": 100.0, ""gamma"": ""auto""}",0.636339372101558,0.7666666666666667,0.7664071190211346,0.7678571428571428,,0.5333333333333333,True,
CP2,VP008_C1,"{""C"": 5.455594781168517, ""gamma"": ""auto""}",0.6133161473843283,0.6166666666666667,0.6165601555987774,0.6167964404894327,,0.23333333333333328,True,
CP2,VP009_C1,"{""C"": 1.8329807108324356, ""gamma"": ""scale""}",0.6533179252411219,0.6333333333333333,0.6329254727474972,0.6339285714285714,,0.2666666666666667,True,
CP2,VP010_C1,"{""C"": 0.29763514416313175, ""gamma"": ""scale""}",0.6564796389145201,0.6333333333333333,0.6333333333333333,0.6333333333333333,,0.2666666666666667,True,
CP2,VP011_C1,"{""C"": 0.6158482110660264, ""gamma"": ""scale""}",0.6464152286070095,0.6,0.5885714285714285,0.6125,,0.19999999999999996,True,
CP2,VP012_C1,"{""C"": 5.455594781168517, ""gamma"": ""auto""}",0.6666073968705548,0.5166666666666667,0.5165323701028064,0.5166852057842046,,0.033333333333333326,True,
CP2,VP013_C1,"{""C"": 1.8329807108324356, ""gamma"": ""scale""}",0.6566323298996566,0.6166666666666667,0.6113770768797522,0.6233842538190364,,0.23333333333333328,True,
CP2,VP014_C1,"{""C"": 0.6158482110660264, ""gamma"": ""auto""}",0.5757575757575757,0.5833333333333334,0.5804195804195804,0.5857142857142856,,0.16666666666666663,True,
CP2,VP015_C1,"{""C"": 69.51927961775604, ""gamma"": ""auto""}",0.6461004273504274,0.5333333333333333,0.52,0.5375000000000001,,0.06666666666666665,True,
CP2,VP016_C1,"{""C"": 5.455594781168517, ""gamma"": ""scale""}",0.6461004273504274,0.7333333333333333,0.7306397306397306,0.7430555555555556,,0.4666666666666667,True,
CP2,VP017_C1,"{""C"": 23.357214690901213, ""gamma"": ""auto""}",0.6466666666666666,0.6,0.5927601809954751,0.6076555023923444,,0.19999999999999996,True,
CP2,VP018_C1,"{""C"": 1.2742749857031335, ""gamma"": ""auto""}",0.6466509622649895,0.36666666666666664,0.36666666666666664,0.36666666666666664,,-0.2666666666666666,True,
CP2,VP019_C1,"{""C"": 33.59818286283781, ""gamma"": ""auto""}",0.6332681365576103,0.6666666666666666,0.660633484162896,0.6794258373205742,,0.33333333333333337,True,
CP2,VP020_C1,"{""C"": 0.8858667904100825, ""gamma"": ""scale""}",0.6630300603876822,0.5666666666666667,0.5588235294117647,0.5717703349282297,,0.1333333333333333,True,
CP2,VP021_C1,"{""C"": 5.455594781168517, ""gamma"": ""auto""}",0.6357560568086884,0.75,0.7499305362600722,0.7502780867630701,,0.5,True,
CP2,VP022_C1,"{""C"": 0.42813323987193935, ""gamma"": ""scale""}",0.6399839992888572,0.6666666666666666,0.6571428571428571,0.6875,,0.33333333333333337,True,
CP2,VP023_C1,"{""C"": 0.6158482110660264, ""gamma"": ""auto""}",0.6389730789802104,0.5833333333333334,0.5832175604334537,0.5834260289210234,,0.16666666666666663,True,
CP2,VP024_C1,"{""C"": 16.23776739188721, ""gamma"": ""auto""}",0.6329254727474972,0.6666666666666666,0.6666666666666666,0.6666666666666666,,0.33333333333333337,True,
CP2,VP025_C1,"{""C"": 100.0, ""gamma"": ""auto""}",0.6965823839955543,0.7833333333333333,0.783273131425396,0.7836484983314794,,0.5666666666666667,True,
CP2,VP026_C1,"{""C"": 7.847599703514611, ""gamma"": ""auto""}",0.6499961110679008,0.6,0.6,0.6,,0.19999999999999996,True,
CP6,VP001_C1,"{""C"": 0.8858667904100825, ""gamma"": ""auto""}",0.6066666666666667,0.5,0.4909502262443439,0.5,,0.0,True,
CP6,VP002_C1,"{""C"": 7.847599703514611, ""gamma"": ""scale""}",0.6049107142857143,0.5,0.4909502262443439,0.5,,0.0,True,
CP6,VP003_C1,"{""C"": 1.2742749857031335, ""gamma"": ""scale""}",0.646273637374861,0.36666666666666664,0.3602693602693603,0.3611111111111111,,-0.2666666666666666,True,
CP6,VP004_C1,"{""C"": 5.455594781168517, ""gamma"": ""scale""}",0.6566323298996566,0.35,0.3179830953074905,0.31532147742818056,,-0.30000000000000004,True,
CP6,VP005_C1,"{""C"": 0.8858667904100825, ""gamma"": ""auto""}",0.6697027324592133,0.7333333333333333,0.7333333333333333,0.7333333333333333,,0.4666666666666667,True,
CP6,VP006_C1,"{""C"": 11.288378916846883, ""gamma"": ""auto""}",0.6285099119802764,0.7333333333333333,0.7321428571428572,0.7375565610859729,,0.4666666666666667,True,
CP6,VP007_C1,"{""C"": 1.8329807108324356, ""gamma"": ""auto""}",0.6233291481016456,0.6666666666666666,0.6651785714285714,0.6696832579185521,,0.33333333333333337,True,
CP6,VP008_C1,"{""C"": 0.8858667904100825, ""gamma"": ""scale""}",0.66,0.5833333333333334,0.5804195804195804,0.5857142857142856,,0.16666666666666663,True,
CP6,VP009_C1,"{""C"": 48.32930238571752, ""gamma"": ""auto""}",0.6798719487795117,0.65,0.6491228070175439,0.6515151515151515,,0.30000000000000004,True,
CP6,VP010_C1,"{""C"": 1.2742749857031335, ""gamma"": ""auto""}",0.6354962044788265,0.65,0.6451703745423825,0.6586368977673325,,0.30000000000000004,True,
CP6,VP011_C1,"{""C"": 23.357214690901213, ""gamma"": ""auto""}",0.6563573883161512,0.6333333333333333,0.6266968325791855,0.6435406698564593,,0.2666666666666667,True,
CP6,VP012_C1,"{""C"": 7.847599703514611, ""gamma"": ""auto""}",0.6499027507641011,0.5,0.4949494949494949,0.5,,0.0,True,
CP6,VP013_C1,"{""C"": 1.2742749857031335, ""gamma"": ""auto""}",0.6507097756482021,0.6833333333333333,0.6825396825396826,0.6851851851851851,,0.3666666666666667,True,
CP6,VP014_C1,"{""C"": 2.636650898730358, ""gamma"": ""auto""}",0.6161506024766631,0.6333333333333333,0.6329254727474972,0.6339285714285714,,0.2666666666666667,True,
CP6,VP015_C1,"{""C"": 3.79269019073225, ""gamma"": ""auto""}",0.6613427814599144,0.5833333333333334,0.5555555555555556,0.6111111111111112,,0.16666666666666663,True,
CP6,VP016_C1,"{""C"": 5.455594781168517, ""gamma"": ""auto""}",0.6499961110679008,0.8333333333333334,0.8331479421579533,0.8348214285714286,,0.6666666666666667,True,
CP6,VP017_C1,"{""C"": 69.51927961775604, ""gamma"": ""auto""}",0.6296667000300271,0.5833333333333334,0.5822890559732665,0.5841750841750841,,0.16666666666666663,True,
CP6,VP018_C1,"{""C"": 1.2742749857031335, ""gamma"": ""auto""}",0.619267961230472,0.48333333333333334,0.4831897749374826,0.4833147942157954,,-0.03333333333333344,True,
CP6,VP019_C1,"{""C"": 7.847599703514611, ""gamma"": ""auto""}",0.6458955057681173,0.7166666666666667,0.7159565580618212,0.7188552188552189,,0.43333333333333335,True,
CP6,VP020_C1,"{""C"": 0.29763514416313175, ""gamma"": ""auto""}",0.6560207500751412,0.6333333333333333,0.6329254727474972,0.6339285714285714,,0.2666666666666667,True,
CP6,VP021_C1,"{""C"": 16.23776739188721, ""gamma"": ""auto""}",0.6062291434927698,0.7666666666666667,0.7666666666666667,0.7666666666666667,,0.5333333333333333,True,
CP6,VP022_C1,"{""C"": 2.636650898730358, ""gamma"": ""scale""}",0.6731008717310087,0.5833333333333334,0.5737425404944586,0.5915750915750916,,0.16666666666666663,True,
CP6,VP023_C1,"{""C"": 33.59818286283781, ""gamma"": ""auto""}",0.6765768268963601,0.48333333333333334,0.4762038862292312,0.48237367802585196,,-0.03333333333333344,True,
CP6,VP024_C1,"{""C"": 16.23776739188721, ""gamma"": ""auto""}",0.6960960024935713,0.5166666666666667,0.5154553049289892,0.5168350168350169,,0.033333333333333326,True,
CP6,VP025_C1,"{""C"": 2.636650898730358, ""gamma"": ""scale""}",0.6566323298996566,0.6666666666666666,0.6662958843159066,0.6674107142857143,,0.33333333333333337,True,
CP6,VP026_C1,"{""C"": 1.2742749857031335, ""gamma"": ""auto""}",0.6432976630996432,0.65,0.6499027507641011,0.6501668520578421,,0.30000000000000004,True,
P4,VP001_C1,"{""C"": 3.79269019073225, ""gamma"": ""scale""}",0.6032936626996033,0.5,0.42233632862644416,0.5,,0.0,True,
P4,VP002_C1,"{""C"": 0.42813323987193935, ""gamma"": ""scale""}",0.622826244172721,0.5833333333333334,0.5822890559732665,0.5841750841750841,,0.16666666666666663,True,
P4,VP003_C1,"{""C"": 48.32930238571752, ""gamma"": ""auto""}",0.6262513904338154,0.43333333333333335,0.4230769230769231,0.42822966507177035,,-0.1333333333333333,True,
P4,VP004_C1,"{""C"": 100.0, ""gamma"": ""auto""}",0.622119918404655,0.4166666666666667,0.41650458460683526,0.41657397107897665,,-0.16666666666666674,True,
P4,VP005_C1,"{""C"": 100.0, ""gamma"": ""auto""}",0.6097875509999889,0.7166666666666667,0.7159565580618212,0.7188552188552189,,0.43333333333333335,True,
P4,VP006_C1,"{""C"": 23.357214690901213, ""gamma"": ""auto""}",0.6165601555987774,0.6833333333333333,0.6811188811188811,0.6885714285714286,,0.3666666666666667,True,
P4,VP007_C1,"{""C"": 2.636650898730358, ""gamma"": ""scale""}",0.5799813325036669,0.7666666666666667,0.7664071190211346,0.7678571428571428,,0.5333333333333333,True,
P4,VP008_C1,"{""C"": 16.23776739188721, ""gamma"": ""auto""}",0.6590301301479764,0.55,0.5498749652681301,0.550055617352614,,0.09999999999999998,True,
P4,VP009_C1,"{""C"": 3.79269019073225, ""gamma"": ""scale""}",0.592880978865406,0.7166666666666667,0.7165879410947485,0.7169076751946608,,0.43333333333333335,True,
P4,VP010_C1,"{""C"": 33.59818286283781, ""gamma"": ""auto""}",0.6666666666666666,0.6166666666666667,0.6157059314954052,0.6178451178451179,,0.23333333333333328,True,
P4,VP011_C1,"{""C"": 0.8858667904100825, ""gamma"": ""auto""}",0.6404207413381725,0.6,0.595959595959596,0.6041666666666667,,0.19999999999999996,True,
P4,VP012_C1,"{""C"": 5.455594781168517, ""gamma"": ""auto""}",0.643329370326337,0.45,0.44984717977215893,0.449944382647386,,-0.10000000000000009,True,
P4,VP013_C1,"{""C"": 100.0, ""gamma"": ""auto""}",0.6296667000300271,0.6833333333333333,0.6811188811188811,0.6885714285714286,,0.3666666666666667,True,
P4,VP014_C1,"{""C"": 1.2742749857031335, ""gamma"": ""scale""}",0.609266288920306,0.6333333333333333,0.6296296296296295,0.6388888888888888,,0.2666666666666667,True,
P4,VP015_C1,"{""C"": 0.29763514416313175, ""gamma"": ""scale""}",0.6753645176764578,0.55,0.52,0.5666666666666667,,0.09999999999999998,True,
P4,VP016_C1,"{""C"": 0.42813323987193935, ""gamma"": ""scale""}",0.6341258741258742,0.85,0.8499583217560434,0.850389321468298,,0.7,True,
P4,VP017_C1,"{""C"": 2.636650898730358, ""gamma"": ""auto""}",0.6628800943490694,0.5666666666666667,0.5622895622895623,0.5694444444444444,,0.1333333333333333,True,
P4,VP018_C1,"{""C"": 1.2742749857031335, ""gamma"": ""scale""}",0.679985777145651,0.31666666666666665,0.31495405179615704,0.31481481481481477,,-0.3666666666666667,True,
P4,VP019_C1,"{""C"": 23.357214690901213, ""gamma"": ""auto""}",0.6662958843159066,0.75,0.7499305362600722,0.7502780867630701,,0.5,True,
P4,VP020_C1,"{""C"": 1.2742749857031335, ""gamma"": ""scale""}",0.6298971936649069,0.5666666666666667,0.5622895622895623,0.5694444444444444,,0.1333333333333333,True,
P4,VP021_C1,"{""C"": 5.455594781168517, ""gamma"": ""auto""}",0.6564796389145201,0.6833333333333333,0.6832453459294248,0.6835372636262513,,0.3666666666666667,True,
P4,VP022_C1,"{""C"": 69.51927961775604, ""gamma"": ""auto""}",0.6361775275648371,0.6333333333333333,0.6228571428571429,0.6499999999999999,,0.2666666666666667,True,
P4,VP023_C1,"{""C"": 69.51927961775604, ""gamma"": ""auto""}",0.6218163968808219,0.6,0.595959595959596,0.6041666666666667,,0.19999999999999996,True,
P4,VP024_C1,"{""C"": 1.2742749857031335, ""gamma"": ""scale""}",0.6332681365576103,0.55,0.5488721804511278,0.5505050505050505,,0.09999999999999998,True,
P4,VP025_C1,"{""C"": 1.2742749857031335, ""gamma"": ""auto""}",0.6165601555987774,0.6666666666666666,0.6632996632996633,0.6736111111111112,,0.33333333333333337,True,
P4,VP026_C1,"{""C"": 2.636650898730358, ""gamma"": ""auto""}",0.6566628518094646,0.6333333333333333,0.6329254727474972,0.6339285714285714,,0.2666666666666667,True,
P8,VP001_C1,"{""C"": 16.23776739188721, ""gamma"": ""auto""}",0.6523444464253878,0.6,0.5982142857142857,0.6018099547511313,,0.19999999999999996,True,
P8,VP002_C1,"{""C"": 100.0, ""gamma"": ""auto""}",0.6096486838154338,0.6333333333333333,0.6316964285714286,0.6357466063348416,,0.2666666666666667,True,
P8,VP003_C1,"{""C"": 2.636650898730358, ""gamma"": ""auto""}",0.6285099119802764,0.4166666666666667,0.3963782696177062,0.4037227214377407,,-0.16666666666666674,True,
P8,VP004_C1,"{""C"": 0.6158482110660264, ""gamma"": ""scale""}",0.6063867639210105,0.38333333333333336,0.3146032726150046,0.3051948051948052,,-0.2333333333333334,True,
P8,VP005_C1,"{""C"": 100.0, ""gamma"": ""auto""}",0.5933333333333334,0.6833333333333333,0.6789636722050126,0.6938895417156287,,0.3666666666666667,True,
P8,VP006_C1,"{""C"": 1.2742749857031335, ""gamma"": ""scale""}",0.6119363040278335,0.75,0.7499305362600722,0.7502780867630701,,0.5,True,
P8,VP007_C1,"{""C"": 0.6158482110660264, ""gamma"": ""auto""}",0.5817142857142857,0.6,0.5995550611790879,0.6004464285714286,,0.19999999999999996,True,
P8,VP008_C1,"{""C"": 0.8858667904100825, ""gamma"": ""scale""}",0.629303915129521,0.5333333333333333,0.5328142380422691,0.5334821428571428,,0.06666666666666665,True,
P8,VP009_C1,"{""C"": 100.0, ""gamma"": ""auto""}",0.6031172527264844,0.6166666666666667,0.6165601555987774,0.6167964404894327,,0.23333333333333328,True,
P8,VP010_C1,"{""C"": 11.288378916846883, ""gamma"": ""auto""}",0.6266666666666667,0.6666666666666666,0.6632996632996633,0.6736111111111112,,0.33333333333333337,True,
P8,VP011_C1,"{""C"": 48.32930238571752, ""gamma"": ""auto""}",0.6531946111778044,0.5,0.4909502262443439,0.5,,0.0,True,
P8,VP012_C1,"{""C"": 48.32930238571752, ""gamma"": ""auto""}",0.6157059314954052,0.5,0.4712103407755582,0.5,,0.0,True,
P8,VP013_C1,"{""C"": 0.8858667904100825, ""gamma"": ""scale""}",0.6065092703748166,0.6666666666666666,0.660633484162896,0.6794258373205742,,0.33333333333333337,True,
P8,VP014_C1,"{""C"": 69.51927961775604, ""gamma"": ""auto""}",0.6233291481016456,0.5666666666666667,0.5647321428571428,0.5678733031674208,,0.1333333333333333,True,
P8,VP015_C1,"{""C"": 7.847599703514611, ""gamma"": ""auto""}",0.6398559423769508,0.55,0.52,0.5666666666666667,,0.09999999999999998,True,
P8,VP016_C1,"{""C"": 5.455594781168517, ""gamma"": ""scale""}",0.6199831103604605,0.7333333333333333,0.7285067873303167,0.7511961722488039,,0.4666666666666667,True,
P8,VP017_C1,"{""C"": 48.32930238571752, ""gamma"": ""auto""}",0.6399839992888572,0.5833333333333334,0.5822890559732665,0.5841750841750841,,0.16666666666666663,True,
P8,VP018_C1,"{""C"": 2.636650898730358, ""gamma"": ""auto""}",0.619267961230472,0.5,0.4949494949494949,0.5,,0.0,True,
P8,VP019_C1,"{""C"": 7.847599703514611, ""gamma"": ""auto""}",0.6165601555987774,0.7666666666666667,0.7624434389140271,0.7870813397129186,,0.5333333333333333,True,
P8,VP020_C1,"{""C"": 7.847599703514611, ""gamma"": ""auto""}",0.6199324324324325,0.6166666666666667,0.6113770768797522,0.6233842538190364,,0.23333333333333328,True,
P8,VP021_C1,"{""C"": 69.51927961775604, ""gamma"": ""auto""}",0.622624706393116,0.6666666666666666,0.6662958843159066,0.6674107142857143,,0.33333333333333337,True,
P8,VP022_C1,"{""C"": 48.32930238571752, ""gamma"": ""auto""}",0.6295018858687791,0.55,0.5468531468531468,0.5514285714285714,,0.09999999999999998,True,
P8,VP023_C1,"{""C"": 1.8329807108324356, ""gamma"": ""scale""}",0.6299958888432093,0.48333333333333334,0.4653636102328256,0.4807445442875481,,-0.03333333333333344,True,
P8,VP024_C1,"{""C"": 48.32930238571752, ""gamma"": ""scale""}",0.6333333333333333,0.5333333333333333,0.5328142380422691,0.5334821428571428,,0.06666666666666665,True,
P8,VP025_C1,"{""C"": 11.288378916846883, ""gamma"": ""scale""}",0.5993589743589745,0.5333333333333333,0.5328142380422691,0.5334821428571428,,0.06666666666666665,True,
P8,VP026_C1,"{""C"": 69.51927961775604, ""gamma"": ""auto""}",0.5825494539746858,0.6833333333333333,0.6832453459294248,0.6835372636262513,,0.3666666666666667,True,
O2,VP001_C1,"{""C"": 5.455594781168517, ""gamma"": ""scale""}",0.576549041400389,0.5166666666666667,0.41512605042016804,0.5545454545454545,,0.033333333333333326,True,
O2,VP002_C1,"{""C"": 2.636650898730358, ""gamma"": ""auto""}",0.5865012671735361,0.7,0.699666295884316,0.7008928571428572,,0.4,True,
O2,VP003_C1,"{""C"": 5.455594781168517, ""gamma"": ""scale""}",0.6052455506490031,0.43333333333333335,0.43270300333704115,0.4330357142857143,,-0.1333333333333333,True,
O2,VP004_C1,"{""C"": 1.2742749857031335, ""gamma"": ""scale""}",0.6428531692608952,0.43333333333333335,0.3625,0.38,,-0.1333333333333333,True,
O2,VP005_C1,"{""C"": 11.288378916846883, ""gamma"": ""auto""}",0.6066491844081959,0.5166666666666667,0.5165323701028064,0.5166852057842046,,0.033333333333333326,True,
O2,VP006_C1,"{""C"": 0.6158482110660264, ""gamma"": ""scale""}",0.5699569956995699,0.65,0.6491228070175439,0.6515151515151515,,0.30000000000000004,True,
O2,VP007_C1,"{""C"": 7.847599703514611, ""gamma"": ""scale""}",0.5930439423590108,0.5666666666666667,0.5661846496106786,0.5669642857142857,,0.1333333333333333,True,
O2,VP008_C1,"{""C"": 0.6158482110660264, ""gamma"": ""scale""}",0.6163213558869649,0.55,0.5488721804511278,0.5505050505050505,,0.09999999999999998,True,
O2,VP009_C1,"{""C"": 1.8329807108324356, ""gamma"": ""auto""}",0.5950131025172715,0.48333333333333334,0.4714407502131287,0.48168498168498164,,-0.03333333333333344,True,
O2,VP010_C1,"{""C"": 1.8329807108324356, ""gamma"": ""auto""}",0.5653589999887689,0.6666666666666666,0.660633484162896,0.6794258373205742,,0.33333333333333337,True,
O2,VP011_C1,"{""C"": 1.2742749857031335, ""gamma"": ""scale""}",0.5933333333333334,0.5333333333333333,0.53125,0.5339366515837104,,0.06666666666666665,True,
O2,VP012_C1,"{""C"": 0.20691380811147894, ""gamma"": ""scale""}",0.5907139023081052,0.5166666666666667,0.44919278252611583,0.5326797385620915,,0.033333333333333326,True,
O2,VP013_C1,"{""C"": 48.32930238571752, ""gamma"": ""auto""}",0.6065967283072546,0.5,0.4994438264738599,0.5,,0.0,True,
O2,VP014_C1,"{""C"": 0.14384498882876628, ""gamma"": ""scale""}",0.5659722222222223,0.5666666666666667,0.5417156286721504,0.5852272727272727,,0.1333333333333333,True,
O2,VP015_C1,"{""C"": 5.455594781168517, ""gamma"": ""auto""}",0.5793269230769231,0.4666666666666667,0.4660734149054505,0.46651785714285715,,-0.06666666666666665,True,
O2,VP016_C1,"{""C"": 1.2742749857031335, ""gamma"": ""scale""}",0.6320085641643249,0.75,0.7499305362600722,0.7502780867630701,,0.5,True,
O2,VP017_C1,"{""C"": 0.42813323987193935, ""gamma"": ""scale""}",0.6298971936649069,0.7,0.6986607142857143,0.7036199095022624,,0.4,True,
O2,VP018_C1,"{""C"": 48.32930238571752, ""gamma"": ""auto""}",0.6566628518094646,0.4166666666666667,0.4152046783625731,0.4158249158249158,,-0.16666666666666674,True,
O2,VP019_C1,"{""C"": 0.42813323987193935, ""gamma"": ""scale""}",0.6023391812865497,0.6833333333333333,0.6789636722050126,0.6938895417156287,,0.3666666666666667,True,
O2,VP020_C1,"{""C"": 2.636650898730358, ""gamma"": ""scale""}",0.6533333333333333,0.55,0.5278344505974935,0.5615595075239398,,0.09999999999999998,True,
O2,VP021_C1,"{""C"": 100.0, ""gamma"": ""auto""}",0.576661962910699,0.65,0.6499027507641011,0.6501668520578421,,0.30000000000000004,True,
O2,VP022_C1,"{""C"": 3.79269019073225, ""gamma"": ""auto""}",0.6163213558869649,0.6166666666666667,0.6157059314954052,0.6178451178451179,,0.23333333333333328,True,
O2,VP023_C1,"{""C"": 7.847599703514611, ""gamma"": ""scale""}",0.6195773081201335,0.55,0.5437904815544916,0.5528789659224442,,0.09999999999999998,True,
O2,VP024_C1,"{""C"": 0.6158482110660264, ""gamma"": ""scale""}",0.6426623326023311,0.45,0.44862155388471175,0.4494949494949495,,-0.10000000000000009,True,
O2,VP025_C1,"{""C"": 16.23776739188721, ""gamma"": ""auto""}",0.6266666666666667,0.45,0.4461538461538462,0.44857142857142857,,-0.10000000000000009,True,
O2,VP026_C1,"{""C"": 3.79269019073225, ""gamma"": ""scale""}",0.62,0.7166666666666667,0.7101449275362319,0.7380952380952381,,0.43333333333333335,True,
