channel,subject,best_params,validation_f1_macro,accuracy,f1_macro,precision_macro,recall_macro,kappa
Fpz,sub-001,"{""C"": 11.288378916846883, ""gamma"": ""scale""}",0.5923751648942488,0.605,0.6049111049986247,0.6050945851266138,0.605,0.20999999999999996
Fp1,sub-001,"{""C"": 2.636650898730358, ""gamma"": ""scale""}",0.6361156471523046,0.67,0.6698679471788715,0.6702724358974359,0.6699999999999999,0.33999999999999997
Fp2,sub-001,"{""C"": 3.79269019073225, ""gamma"": ""auto""}",0.6223087938268749,0.685,0.6849291090495362,0.6851666499849864,0.685,0.37
AF3,sub-001,"{""C"": 2.636650898730358, ""gamma"": ""auto""}",0.6415092261305728,0.64,0.63996399639964,0.6400560224089635,0.64,0.28
AF4,sub-001,"{""C"": 1.2742749857031335, ""gamma"": ""scale""}",0.6239864635126864,0.665,0.6631049654305469,0.6687979539641944,0.665,0.32999999999999996
AF7,sub-001,"{""C"": 3.79269019073225, ""gamma"": ""auto""}",0.6694711538461539,0.77,0.7691690084303493,0.7739448051948052,0.77,0.54
AF8,sub-001,"{""C"": 1.8329807108324356, ""gamma"": ""auto""}",0.6808723489395758,0.785,0.7849946248656217,0.785028502850285,0.785,0.5700000000000001
Fz,sub-001,"{""C"": 33.59818286283781, ""gamma"": ""auto""}",0.6129534260640772,0.65,0.6457131288591963,0.6576292559899117,0.65,0.30000000000000004
F1,sub-001,"{""C"": 0.6158482110660264, ""gamma"": ""scale""}",0.6429967869710826,0.75,0.7493734335839599,0.7525252525252526,0.75,0.5
F2,sub-001,"{""C"": 0.6158482110660264, ""gamma"": ""scale""}",0.6559996559996559,0.665,0.6649246080368083,0.6651486337703933,0.665,0.32999999999999996
F3,sub-001,"{""C"": 0.42813323987193935, ""gamma"": ""scale""}",0.6734999183749796,0.735,0.7330714411623983,0.7419936154875914,0.735,0.47
F4,sub-001,"{""C"": 23.357214690901213, ""gamma"": ""auto""}",0.6767815042969048,0.69,0.6897207486738064,0.690686471296668,0.69,0.38
F5,sub-001,"{""C"": 2.636650898730358, ""gamma"": ""auto""}",0.6858036272670418,0.75,0.748389694041868,0.756568144499179,0.75,0.5
F6,sub-001,"{""C"": 0.8858667904100825, ""gamma"": ""auto""}",0.7044999261249816,0.815,0.8147730970438787,0.8165511003919204,0.815,0.63
F7,sub-001,"{""C"": 0.8858667904100825, ""gamma"": ""scale""}",0.6983967762966876,0.725,0.7224955220868337,0.7334267040149394,0.725,0.44999999999999996
F8,sub-001,"{""C"": 0.8858667904100825, ""gamma"": ""scale""}",0.7189898836358108,0.805,0.804995124878122,0.8050305030503051,0.805,0.61
FCz,sub-001,"{""C"": 0.42813323987193935, ""gamma"": ""scale""}",0.6414798332406197,0.67,0.6673051718923279,0.6756924348904505,0.6699999999999999,0.33999999999999997
FC1,sub-001,"{""C"": 48.32930238571752, ""gamma"": ""auto""}",0.6601838860600073,0.685,0.683218101822753,0.6892583120204603,0.685,0.37
FC2,sub-001,"{""C"": 1.2742749857031335, ""gamma"": ""auto""}",0.6634978968618555,0.675,0.6743405395926751,0.6764290755116443,0.675,0.35
FC3,sub-001,"{""C"": 33.59818286283781, ""gamma"": ""auto""}",0.6903568674619843,0.72,0.7186212440960708,0.7243982048143616,0.72,0.43999999999999995
FC4,sub-001,"{""C"": 33.59818286283781, ""gamma"": ""auto""}",0.6729839762148345,0.705,0.7044014128610436,0.706674059885069,0.7050000000000001,0.41000000000000003
FC5,sub-001,"{""C"": 1.8329807108324356, ""gamma"": ""auto""}",0.7008276767418034,0.765,0.7632897685779759,0.7728864174647307,0.765,0.53
FC6,sub-001,"{""C"": 0.8858667904100825, ""gamma"": ""auto""}",0.7119953919262708,0.79,0.7894736842105263,0.7929292929292929,0.79,0.5800000000000001
FT7,sub-001,"{""C"": 0.8858667904100825, ""gamma"": ""auto""}",0.7159118665417079,0.775,0.7729508817074093,0.7852993049071479,0.775,0.55
FT8,sub-001,"{""C"": 1.8329807108324356, ""gamma"": ""auto""}",0.7299392363281738,0.825,0.8247853620685339,0.8266003416742036,0.825,0.65
Cz,sub-001,"{""C"": 0.6158482110660264, ""gamma"": ""scale""}",0.6582450633449289,0.67,0.6697027324592133,0.6706142111601766,0.6699999999999999,0.33999999999999997
C1,sub-001,"{""C"": 100.0, ""gamma"": ""auto""}",0.6528163398437774,0.685,0.6849921248031201,0.6850185018501851,0.685,0.37
C2,sub-001,"{""C"": 3.79269019073225, ""gamma"": ""scale""}",0.6482888854034634,0.7,0.6998799519807923,0.7003205128205128,0.7,0.4
C3,sub-001,"{""C"": 2.636650898730358, ""gamma"": ""auto""}",0.6599234827836262,0.685,0.683218101822753,0.6892583120204603,0.685,0.37
C4,sub-001,"{""C"": 1.8329807108324356, ""gamma"": ""scale""}",0.665,0.715,0.714935860568628,0.7151936743068762,0.715,0.43000000000000005
C5,sub-001,"{""C"": 0.8858667904100825, ""gamma"": ""scale""}",0.6809613963289558,0.74,0.7373737373737375,0.75,0.74,0.48
C6,sub-001,"{""C"": 1.2742749857031335, ""gamma"": ""auto""}",0.6889950239203828,0.775,0.7749493636068115,0.7752477229506556,0.775,0.55
T7,sub-001,"{""C"": 0.29763514416313175, ""gamma"": ""scale""}",0.6909950559208948,0.755,0.7522687631133245,0.7667643058897374,0.755,0.51
T8,sub-001,"{""C"": 7.847599703514611, ""gamma"": ""auto""}",0.6908636708788576,0.8,0.7999799979998,0.8001200480192077,0.8,0.6
CP1,sub-001,"{""C"": 2.636650898730358, ""gamma"": ""auto""}",0.5962576536566073,0.575,0.5719070282793182,0.5772320049428483,0.575,0.15000000000000002
CP2,sub-001,"{""C"": 1.2742749857031335, ""gamma"": ""auto""}",0.6179336822004416,0.625,0.6249906247656192,0.6250125012501251,0.625,0.25
CP3,sub-001,"{""C"": 1.2742749857031335, ""gamma"": ""scale""}",0.6406546691370407,0.71,0.7070707070707071,0.71875,0.71,0.42000000000000004
CP4,sub-001,"{""C"": 33.59818286283781, ""gamma"": ""auto""}",0.6484682742617521,0.72,0.719551282051282,0.7214170692431562,0.72,0.43999999999999995
CP5,sub-001,"{""C"": 1.2742749857031335, ""gamma"": ""auto""}",0.6539415161162236,0.75,0.7479584635547938,0.7583712277800745,0.75,0.5
CP6,sub-001,"{""C"": 100.0, ""gamma"": ""auto""}",0.6648226912036468,0.705,0.6986644194182691,0.7238235615241838,0.7050000000000001,0.41000000000000003
TP7,sub-001,"{""C"": 0.29763514416313175, ""gamma"": ""scale""}",0.637963796379638,0.775,0.7737272155876807,0.7813299232736572,0.7749999999999999,0.55
TP8,sub-001,"{""C"": 69.51927961775606, ""gamma"": ""auto""}",0.6669147301709237,0.72,0.7159090909090908,0.733446519524618,0.72,0.43999999999999995
Pz,sub-001,"{""C"": 1.2742749857031335, ""gamma"": ""auto""}",0.6403013564240851,0.71,0.7098839535814325,0.7103365384615384,0.71,0.42000000000000004
P3,sub-001,"{""C"": 0.42813323987193935, ""gamma"": ""auto""}",0.6522912878455293,0.68,0.6784242789669379,0.6835985312117503,0.6799999999999999,0.36
P4,sub-001,"{""C"": 2.636650898730358, ""gamma"": ""auto""}",0.6769883715813769,0.715,0.7129258895520133,0.7213984141694985,0.7150000000000001,0.43000000000000005
P5,sub-001,"{""C"": 69.51927961775606, ""gamma"": ""auto""}",0.6332974885380451,0.725,0.7246627118219819,0.7261079288513717,0.725,0.44999999999999996
P6,sub-001,"{""C"": 1.8329807108324356, ""gamma"": ""auto""}",0.6774999193749798,0.725,0.7213143827113577,0.7375673107380425,0.725,0.44999999999999996
P7,sub-001,"{""C"": 5.455594781168517, ""gamma"": ""auto""}",0.6279270737064464,0.73,0.7297567811029927,0.7308309915696507,0.73,0.45999999999999996
P8,sub-001,"{""C"": 48.32930238571752, ""gamma"": ""auto""}",0.6574279742315822,0.685,0.678234888531372,0.7019871164974343,0.685,0.37
POz,sub-001,"{""C"": 2.636650898730358, ""gamma"": ""auto""}",0.6516206148495711,0.715,0.714935860568628,0.7151936743068762,0.715,0.43000000000000005
PO3,sub-001,"{""C"": 1.2742749857031335, ""gamma"": ""scale""}",0.6349941599065585,0.69,0.6897207486738064,0.690686471296668,0.69,0.38
PO4,sub-001,"{""C"": 16.23776739188721, ""gamma"": ""auto""}",0.683277581681736,0.695,0.6946259167480163,0.6959602050045222,0.6950000000000001,0.39
PO5,sub-001,"{""C"": 0.8858667904100825, ""gamma"": ""scale""}",0.6373475953269361,0.71,0.7097387648883995,0.7107587314331594,0.71,0.42000000000000004
PO6,sub-001,"{""C"": 7.847599703514611, ""gamma"": ""auto""}",0.6644086352509471,0.675,0.6743405395926751,0.6764290755116443,0.675,0.35
PO7,sub-001,"{""C"": 2.636650898730358, ""gamma"": ""scale""}",0.6248345520374485,0.675,0.6740138920233707,0.6771434355704019,0.675,0.35
PO8,sub-001,"{""C"": 48.32930238571752, ""gamma"": ""auto""}",0.6484928819808602,0.68,0.6760805749569794,0.6891551071878941,0.6799999999999999,0.36
Oz,sub-001,"{""C"": 11.288378916846883, ""gamma"": ""auto""}",0.6035940803382664,0.675,0.6749268585431722,0.6751576418776899,0.675,0.35
O1,sub-001,"{""C"": 0.14384498882876628, ""gamma"": ""scale""}",0.6007300935432353,0.675,0.6740138920233707,0.6771434355704019,0.675,0.35
O2,sub-001,"{""C"": 16.23776739188721, ""gamma"": ""auto""}",0.6373621069411644,0.71,0.7085720028137876,0.7141982864137086,0.71,0.42000000000000004
Fpz,sub-002,"{""C"": 0.29763514416313175, ""gamma"": ""scale""}",0.5968834993313068,0.56,0.5596036432789511,0.5602167804094741,0.56,0.12
Fp1,sub-002,"{""C"": 0.29763514416313175, ""gamma"": ""scale""}",0.6379768305171531,0.595,0.5949898747468687,0.595009500950095,0.595,0.18999999999999995
Fp2,sub-002,"{""C"": 0.29763514416313175, ""gamma"": ""auto""}",0.6053175580412045,0.525,0.5235587652649264,0.525306205081486,0.5249999999999999,0.050000000000000044
AF3,sub-002,"{""C"": 0.8858667904100825, ""gamma"": ""scale""}",0.63996399639964,0.575,0.5749043534795328,0.5750675608047242,0.575,0.15000000000000002
AF4,sub-002,"{""C"": 0.42813323987193935, ""gamma"": ""auto""}",0.631499907874977,0.53,0.5276856597326902,0.5305997552019583,0.53,0.06000000000000005
AF7,sub-002,"{""C"": 1.8329807108324356, ""gamma"": ""scale""}",0.680450070323488,0.63,0.6262626262626263,0.6354166666666666,0.63,0.26
AF8,sub-002,"{""C"": 0.8858667904100825, ""gamma"": ""auto""}",0.6804992811233825,0.545,0.544897601960441,0.5450405364828346,0.545,0.08999999999999997
Fz,sub-002,"{""C"": 0.14384498882876628, ""gamma"": ""scale""}",0.6119530463186045,0.55,0.5483741469289443,0.5507305194805194,0.55,0.09999999999999998
F1,sub-002,"{""C"": 0.42813323987193935, ""gamma"": ""scale""}",0.6434977718610742,0.635,0.6349908747718693,0.635013501350135,0.635,0.27
F2,sub-002,"{""C"": 16.23776739188721, ""gamma"": ""auto""}",0.6462126362137646,0.595,0.5949088544922607,0.5950855770193173,0.595,0.18999999999999995
F3,sub-002,"{""C"": 1.2742749857031335, ""gamma"": ""auto""}",0.6743201432991369,0.605,0.6049901247531189,0.605010501050105,0.605,0.20999999999999996
F4,sub-002,"{""C"": 0.42813323987193935, ""gamma"": ""auto""}",0.6684760473944242,0.545,0.54242614707731,0.5460358056265985,0.5449999999999999,0.08999999999999997
F5,sub-002,"{""C"": 7.847599703514611, ""gamma"": ""auto""}",0.700397461031038,0.625,0.6247654784240151,0.62531328320802,0.625,0.25
F6,sub-002,"{""C"": 2.636650898730358, ""gamma"": ""auto""}",0.703999703999704,0.605,0.6049901247531189,0.605010501050105,0.605,0.20999999999999996
F7,sub-002,"{""C"": 7.847599703514611, ""gamma"": ""auto""}",0.7133135821567975,0.63,0.6269785260610949,0.6343530384456387,0.63,0.26
F8,sub-002,"{""C"": 3.79269019073225, ""gamma"": ""auto""}",0.7229930748268707,0.61,0.609375,0.6107085346215781,0.61,0.21999999999999997
FCz,sub-002,"{""C"": 0.20691380811147897, ""gamma"": ""scale""}",0.6488300337363284,0.605,0.6049901247531189,0.605010501050105,0.605,0.20999999999999996
FC1,sub-002,"{""C"": 1.2742749857031335, ""gamma"": ""auto""}",0.6527079273669156,0.565,0.5644664714274987,0.5653200683348407,0.565,0.13
FC2,sub-002,"{""C"": 100.0, ""gamma"": ""auto""}",0.6673981406805835,0.6,0.5999599959995999,0.6000400160064026,0.6,0.19999999999999996
FC3,sub-002,"{""C"": 1.8329807108324356, ""gamma"": ""scale""}",0.6849193393508739,0.62,0.6198479391756703,0.6201923076923077,0.62,0.24
FC4,sub-002,"{""C"": 33.59818286283781, ""gamma"": ""auto""}",0.6819949119185906,0.59,0.5879811074263892,0.5917992656058751,0.5900000000000001,0.18000000000000005
FC5,sub-002,"{""C"": 1.8329807108324356, ""gamma"": ""scale""}",0.7073647293461403,0.595,0.5927089880578253,0.5971867007672634,0.595,0.18999999999999995
FC6,sub-002,"{""C"": 0.8858667904100825, ""gamma"": ""auto""}",0.7104391198249431,0.64,0.63996399639964,0.6400560224089635,0.64,0.28
FT7,sub-002,"{""C"": 16.23776739188721, ""gamma"": ""auto""}",0.7302490641919646,0.615,0.6133664733499034,0.6169769097752009,0.615,0.22999999999999998
FT8,sub-002,"{""C"": 1.8329807108324356, ""gamma"": ""auto""}",0.7324999331249833,0.635,0.6345523266000851,0.635664757310823,0.635,0.27
Cz,sub-002,"{""C"": 2.636650898730358, ""gamma"": ""scale""}",0.6552930896770787,0.645,0.6449201070240804,0.6451306175558003,0.645,0.29000000000000004
C1,sub-002,"{""C"": 1.2742749857031335, ""gamma"": ""scale""}",0.6423776037348783,0.625,0.6245400615754299,0.6256155160285398,0.625,0.25
C2,sub-002,"{""C"": 69.51927961775606, ""gamma"": ""auto""}",0.6644958900746534,0.615,0.6147592245153221,0.6152882205513786,0.615,0.22999999999999998
C3,sub-002,"{""C"": 0.29763514416313175, ""gamma"": ""auto""}",0.6522557966331857,0.615,0.614990374759369,0.6150115011501149,0.615,0.22999999999999998
C4,sub-002,"{""C"": 0.8858667904100825, ""gamma"": ""auto""}",0.655965596559656,0.6,0.5989974937343359,0.601010101010101,0.6000000000000001,0.19999999999999996
C5,sub-002,"{""C"": 23.357214690901213, ""gamma"": ""auto""}",0.6883815070680627,0.58,0.5796216594935442,0.5802890405459655,0.5800000000000001,0.16000000000000003
C6,sub-002,"{""C"": 48.32930238571752, ""gamma"": ""auto""}",0.6869846622484501,0.64,0.6376811594202898,0.6436781609195402,0.64,0.28
T7,sub-002,"{""C"": 1.8329807108324356, ""gamma"": ""auto""}",0.6974405676095099,0.595,0.5945032665014642,0.5954677921816902,0.595,0.18999999999999995
T8,sub-002,"{""C"": 69.51927961775606, ""gamma"": ""auto""}",0.6954993148734585,0.595,0.5947467166979362,0.5952380952380952,0.595,0.18999999999999995
CP1,sub-002,"{""C"": 0.8858667904100825, ""gamma"": ""scale""}",0.6116022807354731,0.555,0.5549888747218681,0.555005500550055,0.555,0.10999999999999999
CP2,sub-002,"{""C"": 0.14384498882876628, ""gamma"": ""scale""}",0.6220236553116065,0.59,0.5879811074263892,0.5917992656058751,0.5900000000000001,0.18000000000000005
CP3,sub-002,"{""C"": 3.79269019073225, ""gamma"": ""auto""}",0.6573950772424055,0.54,0.5388471177944862,0.5404040404040404,0.54,0.07999999999999996
CP4,sub-002,"{""C"": 69.51927961775606, ""gamma"": ""auto""}",0.6564277639373678,0.56,0.5564068958564372,0.5620090946672178,0.56,0.12
CP5,sub-002,"{""C"": 1.2742749857031335, ""gamma"": ""scale""}",0.6672103898417598,0.545,0.5447154471544715,0.5451127819548872,0.5449999999999999,0.08999999999999997
CP6,sub-002,"{""C"": 11.288378916846883, ""gamma"": ""auto""}",0.6653975279929478,0.585,0.5826524198617222,0.5869565217391304,0.585,0.17000000000000004
TP7,sub-002,"{""C"": 0.14384498882876628, ""gamma"": ""scale""}",0.6474637924282834,0.58,0.5793269230769231,0.5805152979066023,0.5800000000000001,0.16000000000000003
TP8,sub-002,"{""C"": 5.455594781168517, ""gamma"": ""auto""}",0.6704900323234777,0.62,0.6196576919227305,0.6204335608189482,0.62,0.24
Pz,sub-002,"{""C"": 0.6158482110660264, ""gamma"": ""scale""}",0.66302613049601,0.605,0.6033240440862644,0.6068050045773574,0.605,0.20999999999999996
P3,sub-002,"{""C"": 33.59818286283781, ""gamma"": ""auto""}",0.6709259583406266,0.59,0.5899589958995899,0.5900360144057624,0.59,0.18000000000000005
P4,sub-002,"{""C"": 16.23776739188721, ""gamma"": ""auto""}",0.6839288839988997,0.62,0.6198479391756703,0.6201923076923077,0.62,0.24
P5,sub-002,"{""C"": 48.32930238571752, ""gamma"": ""auto""}",0.6424741687586928,0.545,0.5447154471544715,0.5451127819548872,0.5449999999999999,0.08999999999999997
P6,sub-002,"{""C"": 1.2742749857031335, ""gamma"": ""scale""}",0.6757636316875002,0.665,0.6647904940587868,0.6654135338345865,0.665,0.32999999999999996
P7,sub-002,"{""C"": 69.51927961775606, ""gamma"": ""auto""}",0.6534805082785906,0.57,0.5693108974358975,0.570450885668277,0.5700000000000001,0.14
P8,sub-002,"{""C"": 1.2742749857031335, ""gamma"": ""scale""}",0.6512906872350128,0.655,0.6549913747843696,0.6550155015501551,0.655,0.31000000000000005
POz,sub-002,"{""C"": 1.8329807108324356, ""gamma"": ""scale""}",0.670439937678642,0.63,0.6296667000300271,0.6304696908871938,0.63,0.26
PO3,sub-002,"{""C"": 11.288378916846883, ""gamma"": ""auto""}",0.661890452506612,0.6,0.5980303487086724,0.601999184006528,0.6000000000000001,0.19999999999999996
PO4,sub-002,"{""C"": 1.2742749857031335, ""gamma"": ""auto""}",0.6814578728036782,0.65,0.6482765551200884,0.652998776009792,0.6499999999999999,0.30000000000000004
PO5,sub-002,"{""C"": 0.8858667904100825, ""gamma"": ""scale""}",0.6618779379355948,0.605,0.6049901247531189,0.605010501050105,0.605,0.20999999999999996
PO6,sub-002,"{""C"": 33.59818286283781, ""gamma"": ""auto""}",0.6708258668835814,0.62,0.62,0.62,0.62,0.24
PO7,sub-002,"{""C"": 2.636650898730358, ""gamma"": ""scale""}",0.640474024248252,0.58,0.5796216594935442,0.5802890405459655,0.5800000000000001,0.16000000000000003
PO8,sub-002,"{""C"": 1.8329807108324356, ""gamma"": ""scale""}",0.6624188961397975,0.63,0.6296667000300271,0.6304696908871938,0.63,0.26
Oz,sub-002,"{""C"": 5.455594781168517, ""gamma"": ""scale""}",0.6244315526504706,0.605,0.6049111049986247,0.6050945851266138,0.605,0.20999999999999996
O1,sub-002,"{""C"": 5.455594781168517, ""gamma"": ""scale""}",0.6184991416230687,0.565,0.5636801324005115,0.5657961332118635,0.565,0.13
O2,sub-002,"{""C"": 2.636650898730358, ""gamma"": ""scale""}",0.6423904820851386,0.62,0.6198479391756703,0.6201923076923077,0.62,0.24
Fpz,sub-003,"{""C"": 3.79269019073225, ""gamma"": ""scale""}",0.5878182278384768,0.55,0.5498199279711885,0.5500801282051282,0.55,0.09999999999999998
Fp1,sub-003,"{""C"": 0.42813323987193935, ""gamma"": ""scale""}",0.6482529856591792,0.61,0.5969408846630839,0.6263786764705883,0.61,0.21999999999999997
Fp2,sub-003,"{""C"": 0.8858667904100825, ""gamma"": ""scale""}",0.6134975843599022,0.605,0.5997061133490411,0.6108647450110865,0.605,0.20999999999999996
AF3,sub-003,"{""C"": 1.8329807108324356, ""gamma"": ""auto""}",0.6403036278234662,0.705,0.7049926248156204,0.705020502050205,0.705,0.41000000000000003
AF4,sub-003,"{""C"": 0.20691380811147897, ""gamma"": ""scale""}",0.6274258743189978,0.595,0.5836652874508493,0.6066098081023454,0.595,0.18999999999999995
AF7,sub-003,"{""C"": 0.8858667904100825, ""gamma"": ""auto""}",0.6738247356589981,0.785,0.7849946248656217,0.785028502850285,0.785,0.5700000000000001
AF8,sub-003,"{""C"": 3.79269019073225, ""gamma"": ""scale""}",0.6844961350776546,0.745,0.7439180537772088,0.7492116773471671,0.7450000000000001,0.49
Fz,sub-003,"{""C"": 16.23776739188721, ""gamma"": ""auto""}",0.6019647102112595,0.645,0.6449201070240804,0.6451306175558003,0.645,0.29000000000000004
F1,sub-003,"{""C"": 0.42813323987193935, ""gamma"": ""auto""}",0.6430607316351358,0.685,0.684044233807267,0.6872659176029963,0.685,0.37
F2,sub-003,"{""C"": 1.2742749857031335, ""gamma"": ""scale""}",0.6504957185725525,0.665,0.664320248503219,0.6663474140538361,0.665,0.32999999999999996
F3,sub-003,"{""C"": 1.2742749857031335, ""gamma"": ""scale""}",0.6659435444590136,0.725,0.7238331952499311,0.72886786695148,0.7250000000000001,0.44999999999999996
F4,sub-003,"{""C"": 2.636650898730358, ""gamma"": ""auto""}",0.673967396739674,0.63,0.6286631874749097,0.6318993506493507,0.6299999999999999,0.26
F5,sub-003,"{""C"": 2.636650898730358, ""gamma"": ""auto""}",0.6856148782258267,0.765,0.7648530331457161,0.7656641604010025,0.765,0.53
F6,sub-003,"{""C"": 1.8329807108324356, ""gamma"": ""scale""}",0.6999807987711213,0.825,0.8247853620685339,0.8266003416742036,0.825,0.65
F7,sub-003,"{""C"": 2.636650898730358, ""gamma"": ""auto""}",0.6968663180462584,0.855,0.8547057792028858,0.8578989817521927,0.855,0.71
F8,sub-003,"{""C"": 2.636650898730358, ""gamma"": ""auto""}",0.719498246864043,0.83,0.8297275641025641,0.8321256038647343,0.8300000000000001,0.6599999999999999
FCz,sub-003,"{""C"": 3.79269019073225, ""gamma"": ""scale""}",0.6343880313345962,0.675,0.67499187479687,0.675017501750175,0.675,0.35
FC1,sub-003,"{""C"": 69.51927961775606, ""gamma"": ""auto""}",0.650536792033041,0.695,0.6940745755911633,0.6973883996355906,0.6950000000000001,0.39
FC2,sub-003,"{""C"": 0.42813323987193935, ""gamma"": ""scale""}",0.6501304502881169,0.705,0.7041049173750595,0.707510881668185,0.7050000000000001,0.41000000000000003
FC3,sub-003,"{""C"": 2.636650898730358, ""gamma"": ""auto""}",0.6851466558345103,0.745,0.7439180537772088,0.7492116773471671,0.7450000000000001,0.49
FC4,sub-003,"{""C"": 0.8858667904100825, ""gamma"": ""auto""}",0.6816941080378243,0.735,0.7338756245135698,0.7390397721493236,0.7350000000000001,0.47
FC5,sub-003,"{""C"": 0.6158482110660264, ""gamma"": ""auto""}",0.6941965665431524,0.895,0.894681411269089,0.8998380402874785,0.895,0.79
FC6,sub-003,"{""C"": 11.288378916846883, ""gamma"": ""auto""}",0.7064940565046443,0.805,0.8047608320192235,0.8065018591096372,0.8049999999999999,0.61
FT7,sub-003,"{""C"": 33.59818286283781, ""gamma"": ""auto""}",0.7171826081820323,0.855,0.8545600441335038,0.8593481121571009,0.855,0.71
FT8,sub-003,"{""C"": 16.23776739188721, ""gamma"": ""auto""}",0.7129586660479108,0.845,0.8446854881134297,0.8478173202943845,0.845,0.69
Cz,sub-003,"{""C"": 0.8858667904100825, ""gamma"": ""scale""}",0.6432776372153611,0.65,0.6494391025641025,0.6509661835748792,0.6499999999999999,0.30000000000000004
C1,sub-003,"{""C"": 0.42813323987193935, ""gamma"": ""scale""}",0.646283724542198,0.73,0.7290244881573664,0.7333603896103896,0.73,0.45999999999999996
C2,sub-003,"{""C"": 1.8329807108324356, ""gamma"": ""auto""}",0.6500078235017994,0.635,0.6316758747697975,0.6400560224089635,0.635,0.27
C3,sub-003,"{""C"": 5.455594781168517, ""gamma"": ""auto""}",0.6584896693124966,0.82,0.818840579710145,0.8284072249589491,0.8200000000000001,0.64
C4,sub-003,"{""C"": 69.51927961775606, ""gamma"": ""auto""}",0.6609986439945761,0.7,0.6995192307692308,0.7012882447665056,0.7,0.4
C5,sub-003,"{""C"": 3.79269019073225, ""gamma"": ""auto""}",0.6703331061349809,0.845,0.8446854881134297,0.8478173202943845,0.845,0.69
C6,sub-003,"{""C"": 1.2742749857031335, ""gamma"": ""auto""}",0.6764934489923421,0.765,0.7645231593977806,0.7671640286319186,0.765,0.53
T7,sub-003,"{""C"": 0.20691380811147897, ""gamma"": ""scale""}",0.6784413959444109,0.87,0.8697916666666667,0.8723832528180354,0.87,0.74
T8,sub-003,"{""C"": 0.8858667904100825, ""gamma"": ""auto""}",0.6843673553810989,0.72,0.7186212440960708,0.7243982048143616,0.72,0.43999999999999995
CP1,sub-003,"{""C"": 1.2742749857031335, ""gamma"": ""scale""}",0.5894457041943797,0.74,0.7398959583833533,0.7403846153846154,0.74,0.48
CP2,sub-003,"{""C"": 7.847599703514611, ""gamma"": ""auto""}",0.6289866435191667,0.495,0.4948863494286215,0.4949954959463517,0.495,-0.010000000000000009
CP3,sub-003,"{""C"": 2.636650898730358, ""gamma"": ""scale""}",0.628311832865388,0.785,0.7843476516462298,0.7884907379289402,0.7849999999999999,0.5700000000000001
CP4,sub-003,"{""C"": 23.357214690901213, ""gamma"": ""auto""}",0.655239274701493,0.635,0.6345523266000851,0.635664757310823,0.635,0.27
CP5,sub-003,"{""C"": 1.2742749857031335, ""gamma"": ""scale""}",0.633906280007682,0.86,0.859873886497848,0.8613006824568447,0.86,0.72
CP6,sub-003,"{""C"": 1.2742749857031335, ""gamma"": ""auto""}",0.6624553597213232,0.65,0.64996499649965,0.6500600240096038,0.65,0.30000000000000004
TP7,sub-003,"{""C"": 0.20691380811147897, ""gamma"": ""scale""}",0.6368398463722502,0.845,0.8449961249031226,0.845034503450345,0.845,0.69
TP8,sub-003,"{""C"": 0.8858667904100825, ""gamma"": ""scale""}",0.665914474105371,0.62,0.6193910256410255,0.6207729468599035,0.62,0.24
Pz,sub-003,"{""C"": 69.51927961775606, ""gamma"": ""auto""}",0.6669804061787403,0.725,0.7249931248281207,0.725022502250225,0.725,0.44999999999999996
P3,sub-003,"{""C"": 0.6158482110660264, ""gamma"": ""auto""}",0.6504999126249782,0.75,0.7498999599839936,0.750400641025641,0.75,0.5
P4,sub-003,"{""C"": 1.8329807108324356, ""gamma"": ""auto""}",0.6814960983272045,0.765,0.7649941248531213,0.765026502650265,0.765,0.53
P5,sub-003,"{""C"": 0.14384498882876628, ""gamma"": ""scale""}",0.6260017408192063,0.73,0.7298919567827131,0.7303685897435898,0.73,0.45999999999999996
P6,sub-003,"{""C"": 11.288378916846883, ""gamma"": ""auto""}",0.6859971739745658,0.745,0.744993624840621,0.7450245024502451,0.745,0.49
P7,sub-003,"{""C"": 0.14384498882876628, ""gamma"": ""auto""}",0.6183693869226743,0.735,0.7346749768466372,0.7361571701336549,0.735,0.47
P8,sub-003,"{""C"": 0.8858667904100825, ""gamma"": ""auto""}",0.6634857822743011,0.72,0.7198879551820728,0.7203525641025641,0.72,0.43999999999999995
POz,sub-003,"{""C"": 100.0, ""gamma"": ""auto""}",0.6582125216498813,0.835,0.8348968105065666,0.8358395989974937,0.835,0.6699999999999999
PO3,sub-003,"{""C"": 0.29763514416313175, ""gamma"": ""auto""}",0.6559721337428331,0.74,0.7399739973997399,0.7400960384153662,0.74,0.48
PO4,sub-003,"{""C"": 48.32930238571752, ""gamma"": ""auto""}",0.678180674774545,0.815,0.8148843026891808,0.8157894736842106,0.815,0.63
PO5,sub-003,"{""C"": 0.20691380811147897, ""gamma"": ""auto""}",0.637999637999638,0.705,0.7048155096935584,0.7055137844611529,0.7050000000000001,0.41000000000000003
PO6,sub-003,"{""C"": 11.288378916846883, ""gamma"": ""auto""}",0.6729790706605223,0.805,0.804172629359042,0.8102431085342284,0.8049999999999999,0.61
PO7,sub-003,"{""C"": 69.51927961775606, ""gamma"": ""auto""}",0.6244210345225083,0.765,0.7647117719206027,0.7663048939805044,0.765,0.53
PO8,sub-003,"{""C"": 33.59818286283781, ""gamma"": ""auto""}",0.6584548306513536,0.805,0.8049561151259033,0.8052747472725452,0.8049999999999999,0.61
Oz,sub-003,"{""C"": 0.29763514416313175, ""gamma"": ""auto""}",0.6180064347367503,0.765,0.7649941248531213,0.765026502650265,0.765,0.53
O1,sub-003,"{""C"": 0.8858667904100825, ""gamma"": ""scale""}",0.6119984479937919,0.735,0.7349403615813558,0.7352116905214694,0.735,0.47
O2,sub-003,"{""C"": 0.42813323987193935, ""gamma"": ""scale""}",0.6393765766333528,0.77,0.7685185185185186,0.7770935960591132,0.77,0.54
Fpz,sub-004,"{""C"": 2.636650898730358, ""gamma"": ""auto""}",0.6031776810714503,0.46,0.45559028127835466,0.4586606035551881,0.46,-0.08000000000000007
Fp1,sub-004,"{""C"": 1.2742749857031335, ""gamma"": ""auto""}",0.6428571428571428,0.515,0.5105830116804158,0.5155617802676626,0.515,0.030000000000000027
Fp2,sub-004,"{""C"": 0.8858667904100825, ""gamma"": ""auto""}",0.6187804175204918,0.53,0.52995299529953,0.5300120048019208,0.53,0.06000000000000005
AF3,sub-004,"{""C"": 3.79269019073225, ""gamma"": ""scale""}",0.6494999123749781,0.54,0.5392628205128205,0.5402576489533011,0.54,0.07999999999999996
AF4,sub-004,"{""C"": 7.847599703514611, ""gamma"": ""auto""}",0.6484155318315226,0.51,0.5098039215686274,0.5100160256410255,0.51,0.020000000000000018
AF7,sub-004,"{""C"": 1.2742749857031335, ""gamma"": ""auto""}",0.675727286648071,0.54,0.5332792207792207,0.5424448217317488,0.54,0.07999999999999996
AF8,sub-004,"{""C"": 2.636650898730358, ""gamma"": ""auto""}",0.6974999243749811,0.49,0.4897959183673469,0.48998397435897434,0.49,-0.020000000000000018
Fz,sub-004,"{""C"": 0.8858667904100825, ""gamma"": ""scale""}",0.6134573836765503,0.495,0.4928573221862369,0.49491404740107825,0.495,-0.010000000000000009
F1,sub-004,"{""C"": 1.8329807108324356, ""gamma"": ""scale""}",0.656485486511805,0.51,0.5095586027424682,0.5100361300682457,0.51,0.020000000000000018
F2,sub-004,"{""C"": 0.8858667904100825, ""gamma"": ""scale""}",0.6678535234038211,0.515,0.5148908504413493,0.5150135121609448,0.515,0.030000000000000027
F3,sub-004,"{""C"": 5.455594781168517, ""gamma"": ""auto""}",0.6679149862364766,0.54,0.537037037037037,0.5410509031198687,0.54,0.07999999999999996
F4,sub-004,"{""C"": 16.23776739188721, ""gamma"": ""auto""}",0.6819885515878572,0.505,0.5034980816971338,0.5050612410162971,0.505,0.010000000000000009
F5,sub-004,"{""C"": 0.8858667904100825, ""gamma"": ""auto""}",0.6791399147693499,0.53,0.5219204557013528,0.5321750321750323,0.53,0.06000000000000005
F6,sub-004,"{""C"": 7.847599703514611, ""gamma"": ""auto""}",0.7104008847027896,0.465,0.4648795979095296,0.46496847162446203,0.46499999999999997,-0.07000000000000006
F7,sub-004,"{""C"": 7.847599703514611, ""gamma"": ""auto""}",0.7023749230614165,0.545,0.5399277029247453,0.5470760539805419,0.545,0.08999999999999997
F8,sub-004,"{""C"": 1.2742749857031335, ""gamma"": ""auto""}",0.7179658738707384,0.495,0.49346773991323756,0.49493875898370276,0.495,-0.010000000000000009
FCz,sub-004,"{""C"": 2.636650898730358, ""gamma"": ""scale""}",0.6457959784836065,0.505,0.5043928812795675,0.5050246206411415,0.505,0.010000000000000009
FC1,sub-004,"{""C"": 1.8329807108324356, ""gamma"": ""scale""}",0.6629878675632324,0.525,0.5247029393370857,0.525062656641604,0.525,0.050000000000000044
FC2,sub-004,"{""C"": 3.79269019073225, ""gamma"": ""auto""}",0.6649517530524396,0.49,0.48994899489948995,0.4899959983993597,0.49,-0.020000000000000018
FC3,sub-004,"{""C"": 1.8329807108324356, ""gamma"": ""scale""}",0.683998735994944,0.545,0.543619448832719,0.5455511691466748,0.5449999999999999,0.08999999999999997
FC4,sub-004,"{""C"": 48.32930238571752, ""gamma"": ""auto""}",0.6849886595917454,0.48,0.47953157842057853,0.4799277398635087,0.48,-0.040000000000000036
FC5,sub-004,"{""C"": 2.636650898730358, ""gamma"": ""auto""}",0.6953317469572572,0.53,0.5269726247987118,0.5307881773399015,0.53,0.06000000000000005
FC6,sub-004,"{""C"": 16.23776739188721, ""gamma"": ""auto""}",0.7089764270905944,0.475,0.4743560862056019,0.474876896794292,0.475,-0.050000000000000044
FT7,sub-004,"{""C"": 7.847599703514611, ""gamma"": ""auto""}",0.712176990627732,0.56,0.5555555555555556,0.5625,0.56,0.12
FT8,sub-004,"{""C"": 11.288378916846883, ""gamma"": ""auto""}",0.7294073896791178,0.475,0.4743560862056019,0.474876896794292,0.475,-0.050000000000000044
Cz,sub-004,"{""C"": 0.14384498882876628, ""gamma"": ""scale""}",0.6438970862579285,0.52,0.5195676108497648,0.5200722601364913,0.52,0.040000000000000036
C1,sub-004,"{""C"": 0.29763514416313175, ""gamma"": ""scale""}",0.6402840805193317,0.525,0.5244174113288779,0.525123103205708,0.525,0.050000000000000044
C2,sub-004,"{""C"": 0.42813323987193935, ""gamma"": ""scale""}",0.6462876841824305,0.505,0.5048885999349854,0.5050045040536483,0.505,0.010000000000000009
C3,sub-004,"{""C"": 3.79269019073225, ""gamma"": ""auto""}",0.6649517530524396,0.55,0.5492788461538461,0.5503220611916264,0.55,0.09999999999999998
C4,sub-004,"{""C"": 3.79269019073225, ""gamma"": ""auto""}",0.6623439184763157,0.455,0.4546591619762351,0.4548872180451128,0.45499999999999996,-0.09000000000000008
C5,sub-004,"{""C"": 1.8329807108324356, ""gamma"": ""scale""}",0.6871695728613347,0.53,0.5242433444680635,0.5315258511979823,0.53,0.06000000000000005
C6,sub-004,"{""C"": 0.29763514416313175, ""gamma"": ""scale""}",0.675254411148431,0.47,0.4578005115089514,0.46703296703296704,0.47,-0.06000000000000005
T7,sub-004,"{""C"": 0.8858667904100825, ""gamma"": ""scale""}",0.6829844662388458,0.555,0.5454429377665415,0.5600502238235615,0.5549999999999999,0.10999999999999999
T8,sub-004,"{""C"": 23.357214690901213, ""gamma"": ""auto""}",0.700855213923539,0.45,0.44911858974358976,0.4496779388083736,0.44999999999999996,-0.10000000000000009
CP1,sub-004,"{""C"": 0.20691380811147897, ""gamma"": ""scale""}",0.5924876727521007,0.55,0.5483741469289443,0.5507305194805194,0.55,0.09999999999999998
CP2,sub-004,"{""C"": 5.455594781168517, ""gamma"": ""auto""}",0.6164193521687935,0.47,0.469150641025641,0.46980676328502413,0.47,-0.06000000000000005
CP3,sub-004,"{""C"": 48.32930238571752, ""gamma"": ""auto""}",0.6534978343614648,0.565,0.563154327031709,0.5661173837859831,0.565,0.13
CP4,sub-004,"{""C"": 0.6158482110660264, ""gamma"": ""scale""}",0.6644475699328021,0.465,0.457829799093005,0.4630450849963045,0.46499999999999997,-0.07000000000000006
CP5,sub-004,"{""C"": 0.8858667904100825, ""gamma"": ""auto""}",0.6624992406232915,0.55,0.5492788461538461,0.5503220611916264,0.55,0.09999999999999998
CP6,sub-004,"{""C"": 11.288378916846883, ""gamma"": ""auto""}",0.6688092341188525,0.425,0.4232553474259635,0.4240813847555421,0.425,-0.1499999999999999
TP7,sub-004,"{""C"": 16.23776739188721, ""gamma"": ""auto""}",0.656499227123261,0.59,0.5879811074263892,0.5917992656058751,0.5900000000000001,0.18000000000000005
TP8,sub-004,"{""C"": 16.23776739188721, ""gamma"": ""auto""}",0.6604809020507403,0.465,0.46273003439532023,0.4643983318075475,0.465,-0.07000000000000006
Pz,sub-004,"{""C"": 0.6158482110660264, ""gamma"": ""auto""}",0.6683606285541499,0.55,0.5483741469289443,0.5507305194805194,0.55,0.09999999999999998
P3,sub-004,"{""C"": 69.51927961775606, ""gamma"": ""auto""}",0.6933159128767042,0.525,0.5247029393370857,0.525062656641604,0.525,0.050000000000000044
P4,sub-004,"{""C"": 69.51927961775606, ""gamma"": ""auto""}",0.6990991248090268,0.5,0.4975379358858406,0.5,0.5,0.0
P5,sub-004,"{""C"": 1.8329807108324356, ""gamma"": ""auto""}",0.6613841087112065,0.515,0.5148908504413493,0.5150135121609448,0.515,0.030000000000000027
P6,sub-004,"{""C"": 100.0, ""gamma"": ""auto""}",0.6983605671721753,0.485,0.48498712467811694,0.484998499849985,0.485,-0.030000000000000027
P7,sub-004,"{""C"": 100.0, ""gamma"": ""auto""}",0.6633847934455568,0.585,0.5849066039858968,0.5850765689120208,0.585,0.17000000000000004
P8,sub-004,"{""C"": 69.51927961775606, ""gamma"": ""auto""}",0.6774766976914082,0.51,0.51,0.51,0.51,0.020000000000000018
POz,sub-004,"{""C"": 16.23776739188721, ""gamma"": ""auto""}",0.679146751637458,0.47,0.46567194273616297,0.4689954526663911,0.47000000000000003,-0.06000000000000005
PO3,sub-004,"{""C"": 69.51927961775606, ""gamma"": ""auto""}",0.6816533204659875,0.52,0.51995199519952,0.5200080032012806,0.52,0.040000000000000036
PO4,sub-004,"{""C"": 69.51927961775606, ""gamma"": ""auto""}",0.7009413845113642,0.495,0.4948863494286215,0.4949954959463517,0.495,-0.010000000000000009
PO5,sub-004,"{""C"": 33.59818286283781, ""gamma"": ""auto""}",0.6788445607674114,0.51,0.5098039215686274,0.5100160256410255,0.51,0.020000000000000018
PO6,sub-004,"{""C"": 7.847599703514611, ""gamma"": ""auto""}",0.6858036272670418,0.48,0.47953157842057853,0.4799277398635087,0.48,-0.040000000000000036
PO7,sub-004,"{""C"": 0.8858667904100825, ""gamma"": ""scale""}",0.6659248330874448,0.525,0.5248931009477132,0.5250225202682415,0.525,0.050000000000000044
PO8,sub-004,"{""C"": 48.32930238571752, ""gamma"": ""auto""}",0.6764494452258165,0.505,0.5046904315196998,0.5050125313283208,0.505,0.010000000000000009
Oz,sub-004,"{""C"": 7.847599703514611, ""gamma"": ""auto""}",0.6290509803921569,0.5,0.4981934965877158,0.5,0.5,0.0
O1,sub-004,"{""C"": 1.8329807108324356, ""gamma"": ""scale""}",0.6337890625,0.525,0.5244174113288779,0.525123103205708,0.525,0.050000000000000044
O2,sub-004,"{""C"": 0.6158482110660264, ""gamma"": ""scale""}",0.6603708560180008,0.47,0.46952257031328193,0.46989160979526295,0.47,-0.06000000000000005
Fpz,sub-005,"{""C"": 23.357214690901213, ""gamma"": ""scale""}",0.5956113825386196,0.56,0.5598239295718287,0.5600961538461539,0.56,0.12
Fp1,sub-005,"{""C"": 0.29763514416313175, ""gamma"": ""scale""}",0.6379942079073265,0.58,0.5757575757575757,0.5833333333333333,0.5800000000000001,0.16000000000000003
Fp2,sub-005,"{""C"": 5.455594781168517, ""gamma"": ""scale""}",0.6219905497637441,0.56,0.5596036432789511,0.5602167804094741,0.56,0.12
AF3,sub-005,"{""C"": 0.6158482110660264, ""gamma"": ""scale""}",0.6489968409715687,0.65,0.64996499649965,0.6500600240096038,0.65,0.30000000000000004
AF4,sub-005,"{""C"": 2.636650898730358, ""gamma"": ""auto""}",0.6334001932025994,0.575,0.5744787364521539,0.575369309617124,0.575,0.15000000000000002
AF7,sub-005,"{""C"": 1.2742749857031335, ""gamma"": ""scale""}",0.6742164868977227,0.635,0.6338925248877856,0.6366535074400244,0.635,0.27
AF8,sub-005,"{""C"": 1.2742749857031335, ""gamma"": ""auto""}",0.6794768422018491,0.685,0.6848030018761726,0.6854636591478698,0.685,0.37
Fz,sub-005,"{""C"": 0.14384498882876628, ""gamma"": ""scale""}",0.6139347549735905,0.62,0.6193910256410255,0.6207729468599035,0.62,0.24
F1,sub-005,"{""C"": 11.288378916846883, ""gamma"": ""auto""}",0.6519569658559767,0.71,0.7092731829573935,0.7121212121212122,0.71,0.42000000000000004
F2,sub-005,"{""C"": 1.2742749857031335, ""gamma"": ""auto""}",0.65846917684321,0.605,0.6047529706066291,0.6052631578947368,0.605,0.20999999999999996
F3,sub-005,"{""C"": 1.8329807108324356, ""gamma"": ""auto""}",0.670777445553194,0.765,0.7648530331457161,0.7656641604010025,0.765,0.53
F4,sub-005,"{""C"": 33.59818286283781, ""gamma"": ""auto""}",0.6694860357850119,0.56,0.5598239295718287,0.5600961538461539,0.56,0.12
F5,sub-005,"{""C"": 2.636650898730358, ""gamma"": ""auto""}",0.684354092679341,0.755,0.7545028683083244,0.7570823671741103,0.755,0.51
F6,sub-005,"{""C"": 7.847599703514611, ""gamma"": ""auto""}",0.7029239485308238,0.67,0.6697027324592133,0.6706142111601766,0.6699999999999999,0.33999999999999997
F7,sub-005,"{""C"": 5.455594781168517, ""gamma"": ""scale""}",0.7113787069015753,0.69,0.6880032206119162,0.694991789819376,0.69,0.38
F8,sub-005,"{""C"": 2.636650898730358, ""gamma"": ""scale""}",0.7117740308401788,0.74,0.7395833333333333,0.7415458937198067,0.74,0.48
FCz,sub-005,"{""C"": 100.0, ""gamma"": ""auto""}",0.6566910219197277,0.595,0.5932816148226256,0.5966330993795138,0.595,0.18999999999999995
FC1,sub-005,"{""C"": 16.23776739188721, ""gamma"": ""auto""}",0.6648226912036468,0.71,0.7097387648883995,0.7107587314331594,0.71,0.42000000000000004
FC2,sub-005,"{""C"": 0.6158482110660264, ""gamma"": ""scale""}",0.658,0.675,0.674601386698706,0.6758617224399558,0.675,0.35
FC3,sub-005,"{""C"": 2.636650898730358, ""gamma"": ""auto""}",0.6814999203749801,0.765,0.7645231593977806,0.7671640286319186,0.765,0.53
FC4,sub-005,"{""C"": 0.8858667904100825, ""gamma"": ""scale""}",0.6784864160510782,0.65,0.6471418489767113,0.6550227366680447,0.65,0.30000000000000004
FC5,sub-005,"{""C"": 0.29763514416313175, ""gamma"": ""auto""}",0.7033628794910447,0.7,0.6995192307692308,0.7012882447665056,0.7,0.4
FC6,sub-005,"{""C"": 3.79269019073225, ""gamma"": ""auto""}",0.718999718999719,0.675,0.6736210489317367,0.6780083409622623,0.675,0.35
FT7,sub-005,"{""C"": 0.8858667904100825, ""gamma"": ""scale""}",0.7229758009593654,0.735,0.7335009428032684,0.7404092071611253,0.7350000000000001,0.47
FT8,sub-005,"{""C"": 5.455594781168517, ""gamma"": ""auto""}",0.7209193456909047,0.675,0.672040162466258,0.6815541031227306,0.675,0.35
Cz,sub-005,"{""C"": 0.6158482110660264, ""gamma"": ""scale""}",0.6436575549102688,0.705,0.7049926248156204,0.705020502050205,0.705,0.41000000000000003
C1,sub-005,"{""C"": 48.32930238571752, ""gamma"": ""auto""}",0.6654390262625363,0.745,0.744993624840621,0.7450245024502451,0.745,0.49
C2,sub-005,"{""C"": 100.0, ""gamma"": ""auto""}",0.6364977281108006,0.64,0.6390977443609023,0.6414141414141414,0.6399999999999999,0.28
C3,sub-005,"{""C"": 0.6158482110660264, ""gamma"": ""scale""}",0.6549340055025255,0.675,0.6743405395926751,0.6764290755116443,0.675,0.35
C4,sub-005,"{""C"": 11.288378916846883, ""gamma"": ""auto""}",0.6624992406232915,0.63,0.6276167471819646,0.6334154351395731,0.63,0.26
C5,sub-005,"{""C"": 11.288378916846883, ""gamma"": ""auto""}",0.68147698671229,0.74,0.7395833333333333,0.7415458937198067,0.74,0.48
C6,sub-005,"{""C"": 1.2742749857031335, ""gamma"": ""auto""}",0.6798844382822199,0.64,0.6328029375764994,0.6519097222222222,0.64,0.28
T7,sub-005,"{""C"": 3.79269019073225, ""gamma"": ""auto""}",0.6922999180216935,0.735,0.7341959427267484,0.7378783277659682,0.7350000000000001,0.47
T8,sub-005,"{""C"": 23.357214690901213, ""gamma"": ""auto""}",0.6831228369566877,0.64,0.6305418719211823,0.6559714795008913,0.64,0.28
CP1,sub-005,"{""C"": 2.636650898730358, ""gamma"": ""auto""}",0.601315708186109,0.535,0.534429676353533,0.5351723444879911,0.5349999999999999,0.06999999999999995
CP2,sub-005,"{""C"": 1.8329807108324356, ""gamma"": ""auto""}",0.6169138056062614,0.71,0.7095352564102564,0.711352657004831,0.71,0.42000000000000004
CP3,sub-005,"{""C"": 0.8858667904100825, ""gamma"": ""auto""}",0.6354124078309814,0.62,0.6186270574066639,0.6217532467532467,0.6200000000000001,0.24
CP4,sub-005,"{""C"": 3.79269019073225, ""gamma"": ""auto""}",0.670387190015783,0.75,0.74997499749975,0.7501000400160064,0.75,0.5
CP5,sub-005,"{""C"": 1.2742749857031335, ""gamma"": ""scale""}",0.6467965548155737,0.66,0.6578099838969405,0.6642036124794746,0.6599999999999999,0.31999999999999995
CP6,sub-005,"{""C"": 1.2742749857031335, ""gamma"": ""scale""}",0.6774979843624023,0.66,0.6591478696741855,0.6616161616161617,0.6599999999999999,0.31999999999999995
TP7,sub-005,"{""C"": 23.357214690901213, ""gamma"": ""auto""}",0.6561588235927098,0.65,0.6439833180754755,0.6608751608751608,0.65,0.30000000000000004
TP8,sub-005,"{""C"": 16.23776739188721, ""gamma"": ""auto""}",0.6669147301709237,0.59,0.5829518868884143,0.5965250965250966,0.59,0.18000000000000005
Pz,sub-005,"{""C"": 1.8329807108324356, ""gamma"": ""auto""}",0.6489968409715687,0.76,0.7599039615846338,0.7604166666666667,0.76,0.52
P3,sub-005,"{""C"": 1.8329807108324356, ""gamma"": ""scale""}",0.6514685450361895,0.695,0.6948092557848655,0.6954887218045113,0.6950000000000001,0.39
P4,sub-005,"{""C"": 0.8858667904100825, ""gamma"": ""scale""}",0.6924722456201672,0.8,0.7999199679871949,0.8004807692307692,0.8,0.6
P5,sub-005,"{""C"": 33.59818286283781, ""gamma"": ""auto""}",0.6258787847262512,0.71,0.7095352564102564,0.711352657004831,0.71,0.42000000000000004
P6,sub-005,"{""C"": 33.59818286283781, ""gamma"": ""auto""}",0.6839617593728842,0.755,0.7546995068959474,0.7562556526982213,0.755,0.51
P7,sub-005,"{""C"": 23.357214690901213, ""gamma"": ""auto""}",0.6514162527547243,0.58,0.5748557546310356,0.5840689365279529,0.58,0.16000000000000003
P8,sub-005,"{""C"": 11.288378916846883, ""gamma"": ""auto""}",0.6609986439945761,0.65,0.648735447611401,0.6521915584415584,0.6499999999999999,0.30000000000000004
POz,sub-005,"{""C"": 23.357214690901213, ""gamma"": ""auto""}",0.6620978119206385,0.765,0.7648530331457161,0.7656641604010025,0.765,0.53
PO3,sub-005,"{""C"": 1.2742749857031335, ""gamma"": ""scale""}",0.6459911497787445,0.71,0.7099709970997099,0.7100840336134454,0.71,0.42000000000000004
PO4,sub-005,"{""C"": 16.23776739188721, ""gamma"": ""auto""}",0.6854980343627148,0.79,0.78997899789979,0.7901160464185675,0.79,0.5800000000000001
PO5,sub-005,"{""C"": 48.32930238571752, ""gamma"": ""auto""}",0.6509410090305261,0.695,0.6949923748093703,0.695019501950195,0.695,0.39
PO6,sub-005,"{""C"": 100.0, ""gamma"": ""auto""}",0.673496000326004,0.81,0.81,0.81,0.81,0.62
PO7,sub-005,"{""C"": 100.0, ""gamma"": ""auto""}",0.6322969359828965,0.625,0.6245400615754299,0.6256155160285398,0.625,0.25
PO8,sub-005,"{""C"": 48.32930238571752, ""gamma"": ""auto""}",0.66499865999464,0.695,0.6949923748093703,0.695019501950195,0.695,0.39
Oz,sub-005,"{""C"": 23.357214690901213, ""gamma"": ""auto""}",0.6146668133170949,0.68,0.67996799679968,0.6800720288115246,0.6799999999999999,0.36
O1,sub-005,"{""C"": 0.6158482110660264, ""gamma"": ""scale""}",0.6164976031100194,0.66,0.6598639455782312,0.6602564102564102,0.66,0.31999999999999995
O2,sub-005,"{""C"": 48.32930238571752, ""gamma"": ""auto""}",0.6404243992299381,0.725,0.7241656009428521,0.7277558457333738,0.7250000000000001,0.44999999999999996
Fpz,sub-006,"{""C"": 23.357214690901213, ""gamma"": ""scale""}",0.5898014639085317,0.6,0.5985547972701726,0.601461038961039,0.6000000000000001,0.19999999999999996
Fp1,sub-006,"{""C"": 1.8329807108324356, ""gamma"": ""auto""}",0.6381851306099133,0.59,0.5893429487179487,0.5905797101449275,0.5900000000000001,0.18000000000000005
Fp2,sub-006,"{""C"": 3.79269019073225, ""gamma"": ""auto""}",0.6114835851814739,0.65,0.6382802811078958,0.6723345588235294,0.6499999999999999,0.30000000000000004
AF3,sub-006,"{""C"": 1.2742749857031335, ""gamma"": ""scale""}",0.6369560716846738,0.62,0.6124031007751938,0.6302083333333333,0.62,0.24
AF4,sub-006,"{""C"": 3.79269019073225, ""gamma"": ""scale""}",0.6269697845525488,0.615,0.607853123169769,0.6240427138388522,0.615,0.22999999999999998
AF7,sub-006,"{""C"": 0.8858667904100825, ""gamma"": ""scale""}",0.6754408490947474,0.72,0.7177134791813691,0.7273666804464655,0.72,0.43999999999999995
AF8,sub-006,"{""C"": 1.8329807108324356, ""gamma"": ""scale""}",0.7024963555803558,0.705,0.6967438513530878,0.730052743799798,0.7050000000000001,0.41000000000000003
Fz,sub-006,"{""C"": 23.357214690901213, ""gamma"": ""auto""}",0.5986027361244493,0.56,0.5596036432789511,0.5602167804094741,0.56,0.12
F1,sub-006,"{""C"": 11.288378916846883, ""gamma"": ""auto""}",0.6433194304616712,0.635,0.6349908747718693,0.635013501350135,0.635,0.27
F2,sub-006,"{""C"": 0.42813323987193935, ""gamma"": ""scale""}",0.6458438171233514,0.63,0.6254681647940075,0.6366120218579234,0.63,0.26
F3,sub-006,"{""C"": 7.847599703514611, ""gamma"": ""auto""}",0.6818969346068127,0.74,0.7355304648560675,0.7574002574002574,0.74,0.48
F4,sub-006,"{""C"": 0.8858667904100825, ""gamma"": ""scale""}",0.6719051805971926,0.675,0.6680201230879236,0.6910688939840595,0.675,0.35
F5,sub-006,"{""C"": 7.847599703514611, ""gamma"": ""auto""}",0.6914437656262854,0.76,0.7570604312177346,0.7732240437158471,0.76,0.52
F6,sub-006,"{""C"": 2.636650898730358, ""gamma"": ""auto""}",0.7124838272152809,0.735,0.7293087157486147,0.7565782290643084,0.735,0.47
F7,sub-006,"{""C"": 3.79269019073225, ""gamma"": ""auto""}",0.7069340601635368,0.67,0.6673051718923279,0.6756924348904505,0.6699999999999999,0.33999999999999997
F8,sub-006,"{""C"": 0.6158482110660264, ""gamma"": ""auto""}",0.726,0.785,0.7810088869649359,0.8074102038615036,0.785,0.5700000000000001
FCz,sub-006,"{""C"": 3.79269019073225, ""gamma"": ""auto""}",0.6324116869077796,0.59,0.5899589958995899,0.5900360144057624,0.59,0.18000000000000005
FC1,sub-006,"{""C"": 33.59818286283781, ""gamma"": ""auto""}",0.6678923971366723,0.695,0.6940745755911633,0.6973883996355906,0.6950000000000001,0.39
FC2,sub-006,"{""C"": 11.288378916846883, ""gamma"": ""auto""}",0.6488595438175271,0.67,0.6624040920716112,0.6868131868131868,0.6699999999999999,0.33999999999999997
FC3,sub-006,"{""C"": 11.288378916846883, ""gamma"": ""auto""}",0.6954725163946046,0.75,0.7457023700539112,0.7681252681252682,0.75,0.5
FC4,sub-006,"{""C"": 0.20691380811147897, ""gamma"": ""scale""}",0.6715743603710409,0.715,0.7097094548139848,0.7319059432639413,0.715,0.43000000000000005
FC5,sub-006,"{""C"": 33.59818286283781, ""gamma"": ""auto""}",0.713455227379278,0.75,0.743431855500821,0.7785204991087344,0.75,0.5
FC6,sub-006,"{""C"": 0.20691380811147897, ""gamma"": ""auto""}",0.7044461353081599,0.79,0.7874278773155178,0.8047498949138294,0.79,0.5800000000000001
FT7,sub-006,"{""C"": 0.42813323987193935, ""gamma"": ""scale""}",0.7387522436092706,0.745,0.7359633454997282,0.783860502838605,0.7450000000000001,0.49
FT8,sub-006,"{""C"": 23.357214690901213, ""gamma"": ""auto""}",0.7328707094233609,0.775,0.7729508817074093,0.7852993049071479,0.775,0.55
Cz,sub-006,"{""C"": 48.32930238571752, ""gamma"": ""auto""}",0.6308046956840168,0.67,0.6683750376846548,0.6733986128110976,0.6699999999999999,0.33999999999999997
C1,sub-006,"{""C"": 23.357214690901213, ""gamma"": ""auto""}",0.6504747468004564,0.74,0.7390606182256123,0.7435064935064934,0.74,0.48
C2,sub-006,"{""C"": 0.42813323987193935, ""gamma"": ""scale""}",0.6244315526504706,0.735,0.7221566931404158,0.7883081830450251,0.735,0.47
C3,sub-006,"{""C"": 100.0, ""gamma"": ""auto""}",0.6619239328848991,0.73,0.7237851662404092,0.7527472527472527,0.73,0.45999999999999996
C4,sub-006,"{""C"": 0.8858667904100825, ""gamma"": ""scale""}",0.6654557565238003,0.74,0.7331691297208538,0.767379679144385,0.74,0.48
C5,sub-006,"{""C"": 33.59818286283781, ""gamma"": ""auto""}",0.6928230660860656,0.745,0.73786332913572,0.7749410840534171,0.745,0.49
C6,sub-006,"{""C"": 1.8329807108324356, ""gamma"": ""auto""}",0.6864773479883921,0.71,0.7092731829573935,0.7121212121212122,0.71,0.42000000000000004
T7,sub-006,"{""C"": 0.20691380811147897, ""gamma"": ""scale""}",0.7046783947719066,0.785,0.7789828069183522,0.8198294243070363,0.7849999999999999,0.5700000000000001
T8,sub-006,"{""C"": 0.6158482110660264, ""gamma"": ""scale""}",0.6937599077676899,0.705,0.7048155096935584,0.7055137844611529,0.7050000000000001,0.41000000000000003
CP1,sub-006,"{""C"": 0.8858667904100825, ""gamma"": ""scale""}",0.6131401235999789,0.655,0.6453445041247976,0.6739423184827741,0.655,0.31000000000000005
CP2,sub-006,"{""C"": 1.2742749857031335, ""gamma"": ""scale""}",0.624999624999625,0.57,0.562608076492727,0.575075075075075,0.57,0.14
CP3,sub-006,"{""C"": 48.32930238571752, ""gamma"": ""auto""}",0.6589781746031746,0.7,0.6744791666666667,0.7913752913752914,0.7,0.4
CP4,sub-006,"{""C"": 16.23776739188721, ""gamma"": ""auto""}",0.645391401116592,0.67,0.66996699669967,0.6700680272108843,0.67,0.33999999999999997
CP5,sub-006,"{""C"": 69.51927961775606, ""gamma"": ""auto""}",0.668,0.72,0.7028862478777589,0.7858627858627859,0.72,0.43999999999999995
CP6,sub-006,"{""C"": 0.8858667904100825, ""gamma"": ""auto""}",0.667456021058785,0.61,0.6032956972841013,0.6179751179751181,0.61,0.21999999999999997
TP7,sub-006,"{""C"": 0.29763514416313175, ""gamma"": ""scale""}",0.673215615889728,0.71,0.6906666666666667,0.78,0.71,0.42000000000000004
TP8,sub-006,"{""C"": 0.14384498882876628, ""gamma"": ""auto""}",0.6574807332912476,0.565,0.5601506610379433,0.5679987446385606,0.5650000000000001,0.13
Pz,sub-006,"{""C"": 16.23776739188721, ""gamma"": ""auto""}",0.6434294871794872,0.895,0.8949973749343734,0.8950395039503951,0.895,0.79
P3,sub-006,"{""C"": 16.23776739188721, ""gamma"": ""auto""}",0.6497632399502062,0.83,0.8279178054458953,0.8467843631778058,0.83,0.6599999999999999
P4,sub-006,"{""C"": 33.59818286283781, ""gamma"": ""auto""}",0.6859971739745658,0.84,0.8389694041867954,0.8489326765188834,0.8400000000000001,0.6799999999999999
P5,sub-006,"{""C"": 48.32930238571752, ""gamma"": ""auto""}",0.6409910247756194,0.755,0.7504519874716712,0.7750512350339769,0.755,0.51
P6,sub-006,"{""C"": 2.636650898730358, ""gamma"": ""scale""}",0.6814234619867423,0.765,0.7648530331457161,0.7656641604010025,0.765,0.53
P7,sub-006,"{""C"": 33.59818286283781, ""gamma"": ""auto""}",0.643452846638968,0.71,0.69662098545873,0.7549781447304517,0.71,0.42000000000000004
P8,sub-006,"{""C"": 1.2742749857031335, ""gamma"": ""auto""}",0.6479911997799945,0.59,0.5873590982286634,0.5923645320197044,0.5900000000000001,0.18000000000000005
POz,sub-006,"{""C"": 0.6158482110660264, ""gamma"": ""scale""}",0.6570176811140667,0.88,0.87998799879988,0.8801520608243297,0.88,0.76
PO3,sub-006,"{""C"": 2.636650898730358, ""gamma"": ""auto""}",0.6540640341990994,0.85,0.8487750781328763,0.8617197188921042,0.85,0.7
PO4,sub-006,"{""C"": 2.636650898730358, ""gamma"": ""auto""}",0.6723190381888398,0.845,0.8446854881134297,0.8478173202943845,0.845,0.69
PO5,sub-006,"{""C"": 23.357214690901213, ""gamma"": ""auto""}",0.6503929328356809,0.81,0.8087761674718197,0.8181444991789819,0.81,0.62
PO6,sub-006,"{""C"": 23.357214690901213, ""gamma"": ""auto""}",0.6694562855937698,0.8,0.7987117552334944,0.8078817733990147,0.8,0.6
PO7,sub-006,"{""C"": 16.23776739188721, ""gamma"": ""auto""}",0.6469714046837793,0.765,0.7606376206360927,0.7858375579764858,0.765,0.53
PO8,sub-006,"{""C"": 7.847599703514611, ""gamma"": ""auto""}",0.6534992203732458,0.765,0.7636706473915776,0.7710997442455243,0.7649999999999999,0.53
Oz,sub-006,"{""C"": 5.455594781168517, ""gamma"": ""auto""}",0.6158699306537548,0.795,0.7949538646195394,0.7952657391652487,0.795,0.5900000000000001
O1,sub-006,"{""C"": 2.636650898730358, ""gamma"": ""auto""}",0.618323570070265,0.71,0.7099709970997099,0.7100840336134454,0.71,0.42000000000000004
O2,sub-006,"{""C"": 100.0, ""gamma"": ""auto""}",0.6346927766251418,0.785,0.7847363019699132,0.7864033765450709,0.7849999999999999,0.5700000000000001
Fpz,sub-007,"{""C"": 0.29763514416313175, ""gamma"": ""scale""}",0.5899196242463522,0.525,0.5041624259505728,0.5300516889049165,0.525,0.050000000000000044
Fp1,sub-007,"{""C"": 1.2742749857031335, ""gamma"": ""auto""}",0.6470799368948892,0.58,0.5765702187720536,0.5826787928896238,0.5800000000000001,0.16000000000000003
Fp2,sub-007,"{""C"": 3.79269019073225, ""gamma"": ""scale""}",0.6104391311142365,0.505,0.5049876246906173,0.5050005000500051,0.505,0.010000000000000009
AF3,sub-007,"{""C"": 1.8329807108324356, ""gamma"": ""scale""}",0.6409192068215348,0.52,0.5198079231692677,0.5200320512820513,0.52,0.040000000000000036
AF4,sub-007,"{""C"": 0.6158482110660264, ""gamma"": ""scale""}",0.6290057429009799,0.52,0.4613399169565705,0.5354358610914245,0.52,0.040000000000000036
AF7,sub-007,"{""C"": 2.636650898730358, ""gamma"": ""scale""}",0.678290808598291,0.5,0.5,0.5,0.5,0.0
AF8,sub-007,"{""C"": 5.455594781168517, ""gamma"": ""auto""}",0.6919691969196919,0.505,0.5028997514498756,0.5050859525989218,0.505,0.010000000000000009
Fz,sub-007,"{""C"": 0.6158482110660264, ""gamma"": ""scale""}",0.6056210017827133,0.49,0.4498975299320462,0.4858836815358555,0.49,-0.020000000000000018
F1,sub-007,"{""C"": 1.8329807108324356, ""gamma"": ""auto""}",0.6448585257120674,0.53,0.5288220551378446,0.5303030303030303,0.53,0.06000000000000005
F2,sub-007,"{""C"": 1.2742749857031335, ""gamma"": ""scale""}",0.6504362920142196,0.485,0.4812520460325854,0.48455359901143036,0.485,-0.030000000000000027
F3,sub-007,"{""C"": 0.8858667904100825, ""gamma"": ""scale""}",0.6744217798326048,0.575,0.5741376286981137,0.5756124609335619,0.575,0.15000000000000002
F4,sub-007,"{""C"": 1.8329807108324356, ""gamma"": ""scale""}",0.676431969821655,0.51,0.5015766453056658,0.5107250107250108,0.51,0.020000000000000018
F5,sub-007,"{""C"": 1.8329807108324356, ""gamma"": ""auto""}",0.6980754185573463,0.565,0.5649021029731689,0.5650585526974277,0.565,0.13
F6,sub-007,"{""C"": 0.8858667904100825, ""gamma"": ""scale""}",0.7149817588325653,0.555,0.5540970465192014,0.5554491380179454,0.5549999999999999,0.10999999999999999
F7,sub-007,"{""C"": 1.8329807108324356, ""gamma"": ""auto""}",0.7181035831638242,0.585,0.5812205151492217,0.5881834215167548,0.585,0.17000000000000004
F8,sub-007,"{""C"": 0.6158482110660264, ""gamma"": ""scale""}",0.7347283618425268,0.535,0.5263680578543963,0.5377521302987811,0.535,0.06999999999999995
FCz,sub-007,"{""C"": 0.20691380811147897, ""gamma"": ""scale""}",0.64845350797643,0.55,0.5349317899958661,0.5574448529411764,0.55,0.09999999999999998
FC1,sub-007,"{""C"": 0.8858667904100825, ""gamma"": ""scale""}",0.6579011334275606,0.595,0.5920525798897031,0.5978272062609412,0.595,0.18999999999999995
FC2,sub-007,"{""C"": 0.8858667904100825, ""gamma"": ""scale""}",0.6549002661769252,0.59,0.5849782366636299,0.594577553593947,0.59,0.18000000000000005
FC3,sub-007,"{""C"": 48.32930238571752, ""gamma"": ""auto""}",0.6858866050644282,0.625,0.6234089026135422,0.6271488149730444,0.625,0.25
FC4,sub-007,"{""C"": 5.455594781168517, ""gamma"": ""scale""}",0.6814935502443924,0.52,0.5198079231692677,0.5200320512820513,0.52,0.040000000000000036
FC5,sub-007,"{""C"": 0.8858667904100825, ""gamma"": ""auto""}",0.7105820805242771,0.61,0.6052232007288187,0.6155947877259353,0.61,0.21999999999999997
FC6,sub-007,"{""C"": 1.2742749857031335, ""gamma"": ""scale""}",0.7154686304165034,0.515,0.5129421807135146,0.5152578577967654,0.515,0.030000000000000027
FT7,sub-007,"{""C"": 2.636650898730358, ""gamma"": ""auto""}",0.7245810878345964,0.58,0.5703324808184143,0.5879120879120879,0.58,0.16000000000000003
FT8,sub-007,"{""C"": 1.8329807108324356, ""gamma"": ""auto""}",0.7354999338749835,0.61,0.6068152031454783,0.6136833402232327,0.61,0.21999999999999997
Cz,sub-007,"{""C"": 1.2742749857031335, ""gamma"": ""scale""}",0.6557300923924356,0.6,0.5989974937343359,0.601010101010101,0.6000000000000001,0.19999999999999996
C1,sub-007,"{""C"": 0.29763514416313175, ""gamma"": ""scale""}",0.64593060239807,0.605,0.6047529706066291,0.6052631578947368,0.605,0.20999999999999996
C2,sub-007,"{""C"": 48.32930238571752, ""gamma"": ""auto""}",0.643930210321223,0.605,0.6027655562539284,0.6074168797953965,0.605,0.20999999999999996
C3,sub-007,"{""C"": 1.2742749857031335, ""gamma"": ""scale""}",0.6621208150847289,0.6,0.5974235104669887,0.6026272577996716,0.6000000000000001,0.19999999999999996
C4,sub-007,"{""C"": 0.8858667904100825, ""gamma"": ""scale""}",0.6584548306513536,0.6,0.5989974937343359,0.601010101010101,0.6000000000000001,0.19999999999999996
C5,sub-007,"{""C"": 5.455594781168517, ""gamma"": ""auto""}",0.6891716875950222,0.6,0.5941558441558441,0.6061120543293719,0.6,0.19999999999999996
C6,sub-007,"{""C"": 1.8329807108324356, ""gamma"": ""scale""}",0.68147698671229,0.575,0.5711294432251066,0.5778089013383131,0.575,0.15000000000000002
T7,sub-007,"{""C"": 0.1, ""gamma"": ""auto""}",0.7016945352040489,0.585,0.5718891038039975,0.5968660968660968,0.585,0.17000000000000004
T8,sub-007,"{""C"": 0.42813323987193935, ""gamma"": ""auto""}",0.6964361757059421,0.515,0.5084999113273035,0.5158378207158695,0.515,0.030000000000000027
CP1,sub-007,"{""C"": 23.357214690901213, ""gamma"": ""auto""}",0.592908404390988,0.535,0.5340564643402891,0.5352858151023289,0.5349999999999999,0.06999999999999995
CP2,sub-007,"{""C"": 1.2742749857031335, ""gamma"": ""scale""}",0.60999843999376,0.7,0.6995192307692308,0.7012882447665056,0.7,0.4
CP3,sub-007,"{""C"": 69.51927961775606, ""gamma"": ""auto""}",0.6389480085132259,0.61,0.6060606060606061,0.6145833333333333,0.61,0.21999999999999997
CP4,sub-007,"{""C"": 23.357214690901213, ""gamma"": ""auto""}",0.6459773425499232,0.73,0.7290244881573664,0.7333603896103896,0.73,0.45999999999999996
CP5,sub-007,"{""C"": 0.14384498882876628, ""gamma"": ""auto""}",0.6657740632667684,0.635,0.6301081806896203,0.6425403864428254,0.635,0.27
CP6,sub-007,"{""C"": 0.6158482110660264, ""gamma"": ""scale""}",0.6748699479791918,0.655,0.6547842401500938,0.6553884711779449,0.655,0.31000000000000005
TP7,sub-007,"{""C"": 7.847599703514611, ""gamma"": ""auto""}",0.6489648964896491,0.605,0.6005965772643393,0.6098441259545978,0.605,0.20999999999999996
TP8,sub-007,"{""C"": 69.51927961775606, ""gamma"": ""auto""}",0.6734992653733471,0.59,0.59,0.59,0.59,0.18000000000000005
Pz,sub-007,"{""C"": 0.42813323987193935, ""gamma"": ""auto""}",0.6604625659979013,0.695,0.6932746700188561,0.6994884910485933,0.6950000000000001,0.39
P3,sub-007,"{""C"": 11.288378916846883, ""gamma"": ""auto""}",0.6589126816465015,0.715,0.7146504467973267,0.7160586875690885,0.7150000000000001,0.43000000000000005
P4,sub-007,"{""C"": 23.357214690901213, ""gamma"": ""auto""}",0.6854772757331717,0.775,0.7749493636068115,0.7752477229506556,0.775,0.55
P5,sub-007,"{""C"": 1.2742749857031335, ""gamma"": ""scale""}",0.6399996399996399,0.68,0.67996799679968,0.6800720288115246,0.6799999999999999,0.36
P6,sub-007,"{""C"": 1.2742749857031335, ""gamma"": ""scale""}",0.6777099389450505,0.765,0.7628598097832942,0.7749247847287063,0.765,0.53
P7,sub-007,"{""C"": 7.847599703514611, ""gamma"": ""auto""}",0.6439943039088625,0.685,0.6849291090495362,0.6851666499849864,0.685,0.37
P8,sub-007,"{""C"": 3.79269019073225, ""gamma"": ""scale""}",0.6723996723996724,0.695,0.6915998887737304,0.7039962339156816,0.6950000000000001,0.39
POz,sub-007,"{""C"": 23.357214690901213, ""gamma"": ""auto""}",0.6548766208964942,0.735,0.7341959427267484,0.7378783277659682,0.7350000000000001,0.47
PO3,sub-007,"{""C"": 1.2742749857031335, ""gamma"": ""auto""}",0.6543817121409803,0.8,0.7999799979998,0.8001200480192077,0.8,0.6
PO4,sub-007,"{""C"": 16.23776739188721, ""gamma"": ""auto""}",0.6634931857370112,0.82,0.8199279711884754,0.8205128205128205,0.8200000000000001,0.64
PO5,sub-007,"{""C"": 0.1, ""gamma"": ""scale""}",0.6498970351688195,0.72,0.7177134791813691,0.7273666804464655,0.72,0.43999999999999995
PO6,sub-007,"{""C"": 48.32930238571752, ""gamma"": ""auto""}",0.6649916247906198,0.805,0.804995124878122,0.8050305030503051,0.805,0.61
PO7,sub-007,"{""C"": 0.42813323987193935, ""gamma"": ""scale""}",0.6354977218607616,0.735,0.7344622861294121,0.7369190442584939,0.735,0.47
PO8,sub-007,"{""C"": 33.59818286283781, ""gamma"": ""auto""}",0.6494978093613085,0.78,0.7799119647859143,0.780448717948718,0.78,0.56
Oz,sub-007,"{""C"": 0.42813323987193935, ""gamma"": ""scale""}",0.615091137335432,0.725,0.7238331952499311,0.72886786695148,0.7250000000000001,0.44999999999999996
O1,sub-007,"{""C"": 48.32930238571752, ""gamma"": ""auto""}",0.6074056792144313,0.71,0.7098839535814325,0.7103365384615384,0.71,0.42000000000000004
O2,sub-007,"{""C"": 2.636650898730358, ""gamma"": ""scale""}",0.6359767025089605,0.7,0.6985227615315044,0.7039983680130559,0.7,0.4
Fpz,sub-008,"{""C"": 0.29763514416313175, ""gamma"": ""scale""}",0.5829061538846241,0.565,0.5649021029731689,0.5650585526974277,0.565,0.13
Fp1,sub-008,"{""C"": 0.42813323987193935, ""gamma"": ""auto""}",0.6337747825130715,0.815,0.8149953748843721,0.815031503150315,0.815,0.63
Fp2,sub-008,"{""C"": 3.79269019073225, ""gamma"": ""scale""}",0.5979597959795979,0.52,0.5151515151515151,0.5208333333333334,0.52,0.040000000000000036
AF3,sub-008,"{""C"": 2.636650898730358, ""gamma"": ""auto""}",0.6391860016179081,0.68,0.67996799679968,0.6800720288115246,0.6799999999999999,0.36
AF4,sub-008,"{""C"": 0.42813323987193935, ""gamma"": ""auto""}",0.6123673327196233,0.66,0.6558356108917907,0.6681378730559059,0.66,0.31999999999999995
AF7,sub-008,"{""C"": 0.8858667904100825, ""gamma"": ""scale""}",0.6748561338590744,0.82,0.81998199819982,0.8201280512204883,0.8200000000000001,0.64
AF8,sub-008,"{""C"": 0.42813323987193935, ""gamma"": ""scale""}",0.6727434308497862,0.765,0.7647117719206027,0.7663048939805044,0.765,0.53
Fz,sub-008,"{""C"": 1.2742749857031335, ""gamma"": ""scale""}",0.5984760134533094,0.635,0.6342593752348505,0.6361024296804114,0.635,0.27
F1,sub-008,"{""C"": 2.636650898730358, ""gamma"": ""auto""}",0.6371640259157099,0.755,0.7548467792370231,0.7556390977443609,0.755,0.51
F2,sub-008,"{""C"": 3.79269019073225, ""gamma"": ""auto""}",0.6358820257763516,0.74,0.7390606182256123,0.7435064935064934,0.74,0.48
F3,sub-008,"{""C"": 0.6158482110660264, ""gamma"": ""scale""}",0.6724488201281451,0.77,0.7699769976997699,0.7701080432172869,0.77,0.54
F4,sub-008,"{""C"": 1.8329807108324356, ""gamma"": ""auto""}",0.6579969219722978,0.775,0.7740453415681253,0.7797273929406978,0.7749999999999999,0.55
F5,sub-008,"{""C"": 0.8858667904100825, ""gamma"": ""auto""}",0.6934847478611545,0.805,0.804995124878122,0.8050305030503051,0.805,0.61
F6,sub-008,"{""C"": 1.2742749857031335, ""gamma"": ""scale""}",0.6879622434314552,0.785,0.7845637415766928,0.787327351547535,0.7849999999999999,0.5700000000000001
F7,sub-008,"{""C"": 0.8858667904100825, ""gamma"": ""auto""}",0.6966493266215745,0.805,0.8049561151259033,0.8052747472725452,0.8049999999999999,0.61
F8,sub-008,"{""C"": 0.8858667904100825, ""gamma"": ""scale""}",0.7139653898121673,0.86,0.8599859985998599,0.8601440576230492,0.86,0.72
FCz,sub-008,"{""C"": 23.357214690901213, ""gamma"": ""auto""}",0.6386064424157908,0.685,0.6807782929239188,0.6953331221623904,0.685,0.37
FC1,sub-008,"{""C"": 48.32930238571752, ""gamma"": ""auto""}",0.6638786601963309,0.74,0.7393483709273183,0.7424242424242424,0.74,0.48
FC2,sub-008,"{""C"": 0.6158482110660264, ""gamma"": ""scale""}",0.6456140737262879,0.695,0.6946259167480163,0.6959602050045222,0.6950000000000001,0.39
FC3,sub-008,"{""C"": 0.29763514416313175, ""gamma"": ""scale""}",0.6919889116008175,0.815,0.8149583656322672,0.8152837553798418,0.815,0.63
FC4,sub-008,"{""C"": 7.847599703514611, ""gamma"": ""auto""}",0.6589126816465015,0.765,0.7649941248531213,0.765026502650265,0.765,0.53
FC5,sub-008,"{""C"": 0.20691380811147897, ""gamma"": ""scale""}",0.6964938540005435,0.845,0.844965117151359,0.8453107797017315,0.845,0.69
FC6,sub-008,"{""C"": 1.2742749857031335, ""gamma"": ""auto""}",0.7059503056016467,0.835,0.8347976270931892,0.8366495829564868,0.835,0.6699999999999999
FT7,sub-008,"{""C"": 3.79269019073225, ""gamma"": ""auto""}",0.708897344727923,0.82,0.8195488721804511,0.8232323232323232,0.8200000000000001,0.64
FT8,sub-008,"{""C"": 0.6158482110660264, ""gamma"": ""scale""}",0.7194325936806318,0.88,0.87998799879988,0.8801520608243297,0.88,0.76
Cz,sub-008,"{""C"": 48.32930238571752, ""gamma"": ""auto""}",0.6367729831144465,0.7,0.6956168831168831,0.7122241086587436,0.7,0.4
C1,sub-008,"{""C"": 100.0, ""gamma"": ""auto""}",0.632549873595154,0.775,0.7747240369452579,0.7763541352627876,0.775,0.55
C2,sub-008,"{""C"": 0.20691380811147897, ""gamma"": ""scale""}",0.6207147847831974,0.725,0.7234443746071653,0.7301790281329923,0.7250000000000001,0.44999999999999996
C3,sub-008,"{""C"": 0.1, ""gamma"": ""scale""}",0.6534749635661177,0.825,0.8249956248906223,0.825032503250325,0.825,0.65
C4,sub-008,"{""C"": 1.2742749857031335, ""gamma"": ""scale""}",0.6434999108749777,0.705,0.7028531137468208,0.7111008135104521,0.7050000000000001,0.41000000000000003
C5,sub-008,"{""C"": 11.288378916846883, ""gamma"": ""auto""}",0.6703476181865067,0.775,0.7740453415681253,0.7797273929406978,0.7749999999999999,0.55
C6,sub-008,"{""C"": 0.8858667904100825, ""gamma"": ""auto""}",0.6777986241400875,0.825,0.8249606161386311,0.8252927634871384,0.825,0.65
T7,sub-008,"{""C"": 1.2742749857031335, ""gamma"": ""auto""}",0.6757989963799225,0.73,0.7260551948051948,0.7440577249575552,0.73,0.45999999999999996
T8,sub-008,"{""C"": 0.6158482110660264, ""gamma"": ""scale""}",0.6847869159551857,0.72,0.7151866544603804,0.7359502359502359,0.72,0.43999999999999995
CP1,sub-008,"{""C"": 1.8329807108324356, ""gamma"": ""scale""}",0.5809492948646786,0.69,0.689875950380152,0.6903044871794872,0.69,0.38
CP2,sub-008,"{""C"": 5.455594781168517, ""gamma"": ""auto""}",0.6065715564249468,0.635,0.6323436831104732,0.639017608897127,0.635,0.27
CP3,sub-008,"{""C"": 2.636650898730358, ""gamma"": ""scale""}",0.644342389077404,0.69,0.689875950380152,0.6903044871794872,0.69,0.38
CP4,sub-008,"{""C"": 0.42813323987193935, ""gamma"": ""scale""}",0.6410664137421433,0.75,0.7479584635547938,0.7583712277800745,0.75,0.5
CP5,sub-008,"{""C"": 0.42813323987193935, ""gamma"": ""scale""}",0.6441689882012742,0.765,0.7640029123044865,0.7695554877428543,0.7649999999999999,0.53
CP6,sub-008,"{""C"": 0.8858667904100825, ""gamma"": ""scale""}",0.663676793398456,0.74,0.7390606182256123,0.7435064935064934,0.74,0.48
TP7,sub-008,"{""C"": 1.2742749857031335, ""gamma"": ""scale""}",0.6514364742974408,0.705,0.7028531137468208,0.7111008135104521,0.7050000000000001,0.41000000000000003
TP8,sub-008,"{""C"": 16.23776739188721, ""gamma"": ""auto""}",0.6599333469359994,0.72,0.7197477729956961,0.720794861501405,0.72,0.43999999999999995
Pz,sub-008,"{""C"": 1.2742749857031335, ""gamma"": ""auto""}",0.6598040471311475,0.8,0.7998198378540686,0.8010839020473706,0.8,0.6
P3,sub-008,"{""C"": 16.23776739188721, ""gamma"": ""auto""}",0.6619661966196619,0.835,0.8348968105065666,0.8358395989974937,0.835,0.6699999999999999
P4,sub-008,"{""C"": 23.357214690901213, ""gamma"": ""auto""}",0.6814330212927268,0.81,0.8095238095238095,0.8131313131313131,0.81,0.62
P5,sub-008,"{""C"": 7.847599703514611, ""gamma"": ""auto""}",0.6354845992243172,0.835,0.8349958748968724,0.835033503350335,0.835,0.6699999999999999
P6,sub-008,"{""C"": 3.79269019073225, ""gamma"": ""auto""}",0.6819796466973886,0.815,0.8144386769979186,0.8188581840267233,0.815,0.63
P7,sub-008,"{""C"": 1.8329807108324356, ""gamma"": ""scale""}",0.6424991956231901,0.78,0.7798018216394755,0.7810116419108792,0.78,0.56
P8,sub-008,"{""C"": 0.29763514416313175, ""gamma"": ""scale""}",0.6608591301137025,0.76,0.75997599759976,0.7601040416166467,0.76,0.52
POz,sub-008,"{""C"": 48.32930238571752, ""gamma"": ""auto""}",0.6647435776971793,0.82,0.8198378540686617,0.8211561621838619,0.8200000000000001,0.64
PO3,sub-008,"{""C"": 33.59818286283781, ""gamma"": ""auto""}",0.6609969489725407,0.81,0.8096955128205128,0.8119967793880838,0.81,0.62
PO4,sub-008,"{""C"": 2.636650898730358, ""gamma"": ""auto""}",0.683458137338663,0.855,0.8549963749093727,0.855035503550355,0.855,0.71
PO5,sub-008,"{""C"": 100.0, ""gamma"": ""auto""}",0.6459943359093745,0.79,0.7896634615384616,0.7918679549114331,0.79,0.5800000000000001
PO6,sub-008,"{""C"": 11.288378916846883, ""gamma"": ""auto""}",0.6769948319173107,0.865,0.8649696181640869,0.8653287959163247,0.865,0.73
PO7,sub-008,"{""C"": 33.59818286283781, ""gamma"": ""auto""}",0.6409080724665515,0.81,0.8099809980998101,0.810124049619848,0.81,0.62
PO8,sub-008,"{""C"": 0.8858667904100825, ""gamma"": ""scale""}",0.6606946251626464,0.83,0.8299829982998299,0.8301320528211285,0.83,0.6599999999999999
Oz,sub-008,"{""C"": 69.51927961775606, ""gamma"": ""auto""}",0.6063794537076981,0.83,0.8299829982998299,0.8301320528211285,0.83,0.6599999999999999
O1,sub-008,"{""C"": 7.847599703514611, ""gamma"": ""auto""}",0.605998423993696,0.845,0.8449030644152595,0.8458646616541354,0.845,0.69
O2,sub-008,"{""C"": 5.455594781168517, ""gamma"": ""scale""}",0.64,0.815,0.8149583656322672,0.8152837553798418,0.815,0.63
Fpz,sub-009,"{""C"": 1.2742749857031335, ""gamma"": ""auto""}",0.579340557411365,0.575,0.5702621400945423,0.5784600899675698,0.575,0.15000000000000002
Fp1,sub-009,"{""C"": 2.636650898730358, ""gamma"": ""auto""}",0.645169919317445,0.565,0.5512572533849129,0.5740740740740741,0.565,0.13
Fp2,sub-009,"{""C"": 11.288378916846883, ""gamma"": ""auto""}",0.6169862115036141,0.555,0.5547217010631644,0.5551378446115288,0.5549999999999999,0.10999999999999999
AF3,sub-009,"{""C"": 1.2742749857031335, ""gamma"": ""scale""}",0.6481938406898604,0.565,0.5556577032099901,0.5709684463369363,0.565,0.13
AF4,sub-009,"{""C"": 2.636650898730358, ""gamma"": ""scale""}",0.6284999071249768,0.54,0.5388471177944862,0.5404040404040404,0.54,0.07999999999999996
AF7,sub-009,"{""C"": 0.6158482110660264, ""gamma"": ""auto""}",0.6712105765944032,0.62,0.6072757337742869,0.6378676470588236,0.62,0.24
AF8,sub-009,"{""C"": 0.6158482110660264, ""gamma"": ""auto""}",0.6944993126234533,0.66,0.6578099838969405,0.6642036124794746,0.6599999999999999,0.31999999999999995
Fz,sub-009,"{""C"": 0.8858667904100825, ""gamma"": ""scale""}",0.6091391113089419,0.525,0.5244174113288779,0.525123103205708,0.525,0.050000000000000044
F1,sub-009,"{""C"": 0.8858667904100825, ""gamma"": ""scale""}",0.6446361073739509,0.525,0.5161824246899748,0.5269658073562722,0.525,0.050000000000000044
F2,sub-009,"{""C"": 5.455594781168517, ""gamma"": ""scale""}",0.6549720527362717,0.56,0.56,0.56,0.56,0.12
F3,sub-009,"{""C"": 1.8329807108324356, ""gamma"": ""auto""}",0.6779182398206761,0.595,0.5863019995403356,0.6037231138770609,0.595,0.18999999999999995
F4,sub-009,"{""C"": 0.29763514416313175, ""gamma"": ""scale""}",0.6795847418254057,0.635,0.6301081806896203,0.6425403864428254,0.635,0.27
F5,sub-009,"{""C"": 0.8858667904100825, ""gamma"": ""auto""}",0.6974914831832311,0.665,0.6596825396825396,0.6759999999999999,0.665,0.32999999999999996
F6,sub-009,"{""C"": 5.455594781168517, ""gamma"": ""auto""}",0.7124395404133719,0.695,0.6949923748093703,0.695019501950195,0.695,0.39
F7,sub-009,"{""C"": 1.2742749857031335, ""gamma"": ""scale""}",0.7128963555843659,0.655,0.6475905922010265,0.6692324489573098,0.655,0.31000000000000005
F8,sub-009,"{""C"": 3.79269019073225, ""gamma"": ""auto""}",0.7373155298308237,0.68,0.68,0.68,0.68,0.36
FCz,sub-009,"{""C"": 7.847599703514611, ""gamma"": ""scale""}",0.6341596770395661,0.455,0.4548773474031657,0.45495946351716543,0.45499999999999996,-0.09000000000000008
FC1,sub-009,"{""C"": 0.6158482110660264, ""gamma"": ""scale""}",0.6665184526456203,0.555,0.5454429377665415,0.5600502238235615,0.5549999999999999,0.10999999999999999
FC2,sub-009,"{""C"": 7.847599703514611, ""gamma"": ""auto""}",0.6609783026113671,0.59,0.5898359343737495,0.5901442307692308,0.59,0.18000000000000005
FC3,sub-009,"{""C"": 0.29763514416313175, ""gamma"": ""scale""}",0.6949951199219188,0.6,0.5967335416876701,0.6033484911120297,0.6,0.19999999999999996
FC4,sub-009,"{""C"": 1.2742749857031335, ""gamma"": ""auto""}",0.6859971739745658,0.58,0.5784825371336813,0.5811688311688312,0.5800000000000001,0.16000000000000003
FC5,sub-009,"{""C"": 0.29763514416313175, ""gamma"": ""auto""}",0.7170806427827647,0.61,0.59375,0.6309523809523809,0.61,0.21999999999999997
FC6,sub-009,"{""C"": 0.29763514416313175, ""gamma"": ""scale""}",0.718271165754384,0.72,0.7192982456140351,0.7222222222222222,0.72,0.43999999999999995
FT7,sub-009,"{""C"": 0.6158482110660264, ""gamma"": ""auto""}",0.7367465026772881,0.675,0.6689669221562986,0.6887606514939058,0.675,0.35
FT8,sub-009,"{""C"": 0.8858667904100825, ""gamma"": ""auto""}",0.7389906036617317,0.72,0.7197477729956961,0.720794861501405,0.72,0.43999999999999995
Cz,sub-009,"{""C"": 1.8329807108324356, ""gamma"": ""scale""}",0.6540281651158103,0.56,0.5588972431077694,0.5606060606060606,0.56,0.12
C1,sub-009,"{""C"": 0.6158482110660264, ""gamma"": ""scale""}",0.6557300923924356,0.5,0.4995495946351717,0.5,0.5,0.0
C2,sub-009,"{""C"": 1.8329807108324356, ""gamma"": ""scale""}",0.6434029164440018,0.545,0.5440767554297452,0.5453674765601371,0.5449999999999999,0.08999999999999997
C3,sub-009,"{""C"": 0.6158482110660264, ""gamma"": ""auto""}",0.6704636686194653,0.58,0.5757575757575757,0.5833333333333333,0.5800000000000001,0.16000000000000003
C4,sub-009,"{""C"": 0.20691380811147897, ""gamma"": ""scale""}",0.6754005914311259,0.61,0.6080795899909557,0.6121991024071807,0.6100000000000001,0.21999999999999997
C5,sub-009,"{""C"": 16.23776739188721, ""gamma"": ""auto""}",0.7032417461295692,0.66,0.6583257964023717,0.6631986944104447,0.6599999999999999,0.31999999999999995
C6,sub-009,"{""C"": 1.2742749857031335, ""gamma"": ""auto""}",0.6914937527484932,0.665,0.6625620105260508,0.6699104108742664,0.665,0.32999999999999996
T7,sub-009,"{""C"": 0.6158482110660264, ""gamma"": ""auto""}",0.7092137138823378,0.73,0.7297567811029927,0.7308309915696507,0.73,0.45999999999999996
T8,sub-009,"{""C"": 1.2742749857031335, ""gamma"": ""auto""}",0.7079646637243107,0.695,0.6893381884851417,0.7103332973789235,0.6950000000000001,0.39
CP1,sub-009,"{""C"": 7.847599703514611, ""gamma"": ""auto""}",0.6178314636754809,0.495,0.49498737468436715,0.49499949994999504,0.495,-0.010000000000000009
CP2,sub-009,"{""C"": 11.288378916846883, ""gamma"": ""auto""}",0.629312339371807,0.635,0.634771732332708,0.6353383458646616,0.635,0.27
CP3,sub-009,"{""C"": 100.0, ""gamma"": ""auto""}",0.6654999163749791,0.6,0.5974235104669887,0.6026272577996716,0.6000000000000001,0.19999999999999996
CP4,sub-009,"{""C"": 16.23776739188721, ""gamma"": ""auto""}",0.6679149862364766,0.585,0.5844910014768091,0.5854185508994071,0.585,0.17000000000000004
CP5,sub-009,"{""C"": 23.357214690901213, ""gamma"": ""auto""}",0.6629241579355355,0.65,0.6477455716586151,0.6539408866995073,0.6499999999999999,0.30000000000000004
CP6,sub-009,"{""C"": 0.42813323987193935, ""gamma"": ""auto""}",0.6784227410635405,0.61,0.6032956972841013,0.6179751179751181,0.61,0.21999999999999997
TP7,sub-009,"{""C"": 16.23776739188721, ""gamma"": ""auto""}",0.6699917497937449,0.67,0.6666666666666666,0.6770833333333334,0.6699999999999999,0.33999999999999997
TP8,sub-009,"{""C"": 1.8329807108324356, ""gamma"": ""scale""}",0.6654477262072198,0.565,0.5647279549718573,0.5651629072681704,0.565,0.13
Pz,sub-009,"{""C"": 3.79269019073225, ""gamma"": ""auto""}",0.6670770369655128,0.565,0.5644664714274987,0.5653200683348407,0.565,0.13
P3,sub-009,"{""C"": 16.23776739188721, ""gamma"": ""auto""}",0.6706835268693214,0.555,0.551761476668933,0.5566368036247555,0.5549999999999999,0.10999999999999999
P4,sub-009,"{""C"": 69.51927961775606, ""gamma"": ""auto""}",0.6944064119636639,0.59,0.5898359343737495,0.5901442307692308,0.59,0.18000000000000005
P5,sub-009,"{""C"": 100.0, ""gamma"": ""auto""}",0.6384521853015062,0.6,0.5951007186962243,0.6050861706599411,0.6,0.19999999999999996
P6,sub-009,"{""C"": 2.636650898730358, ""gamma"": ""auto""}",0.6869971829746468,0.605,0.6047529706066291,0.6052631578947368,0.605,0.20999999999999996
P7,sub-009,"{""C"": 1.8329807108324356, ""gamma"": ""scale""}",0.6474928617304501,0.6,0.5951007186962243,0.6050861706599411,0.6,0.19999999999999996
P8,sub-009,"{""C"": 5.455594781168517, ""gamma"": ""scale""}",0.6644757583735426,0.59,0.5898359343737495,0.5901442307692308,0.59,0.18000000000000005
POz,sub-009,"{""C"": 33.59818286283781, ""gamma"": ""auto""}",0.6718185467683662,0.59,0.5899589958995899,0.5900360144057624,0.59,0.18000000000000005
PO3,sub-009,"{""C"": 23.357214690901213, ""gamma"": ""auto""}",0.6569091117176558,0.6,0.5967335416876701,0.6033484911120297,0.6,0.19999999999999996
PO4,sub-009,"{""C"": 7.847599703514611, ""gamma"": ""auto""}",0.6853262214057714,0.615,0.614990374759369,0.6150115011501149,0.615,0.22999999999999998
PO5,sub-009,"{""C"": 0.29763514416313175, ""gamma"": ""auto""}",0.6494452258165339,0.565,0.5636801324005115,0.5657961332118635,0.565,0.13
PO6,sub-009,"{""C"": 33.59818286283781, ""gamma"": ""auto""}",0.6833669349544147,0.62,0.6199619961996199,0.6200480192076832,0.62,0.24
PO7,sub-009,"{""C"": 33.59818286283781, ""gamma"": ""auto""}",0.6322608776356826,0.6,0.5951007186962243,0.6050861706599411,0.6,0.19999999999999996
PO8,sub-009,"{""C"": 11.288378916846883, ""gamma"": ""auto""}",0.6644958900746534,0.625,0.6249906247656192,0.6250125012501251,0.625,0.25
Oz,sub-009,"{""C"": 3.79269019073225, ""gamma"": ""scale""}",0.6119907880396912,0.535,0.534429676353533,0.5351723444879911,0.5349999999999999,0.06999999999999995
O1,sub-009,"{""C"": 1.8329807108324356, ""gamma"": ""auto""}",0.612865001819234,0.585,0.5849066039858968,0.5850765689120208,0.585,0.17000000000000004
O2,sub-009,"{""C"": 3.79269019073225, ""gamma"": ""scale""}",0.6493666716769051,0.58,0.58,0.58,0.58,0.16000000000000003
Fpz,sub-010,"{""C"": 0.42813323987193935, ""gamma"": ""scale""}",0.6021991631171073,0.535,0.5250134068796446,0.538213778796812,0.535,0.06999999999999995
Fp1,sub-010,"{""C"": 1.8329807108324356, ""gamma"": ""scale""}",0.648404278064703,0.57,0.568922305764411,0.5707070707070707,0.5700000000000001,0.14
Fp2,sub-010,"{""C"": 1.8329807108324356, ""gamma"": ""auto""}",0.6194405375839975,0.52,0.5117485505035093,0.5214500214500215,0.52,0.040000000000000036
AF3,sub-010,"{""C"": 3.79269019073225, ""gamma"": ""scale""}",0.6507988601434427,0.585,0.5849896247406186,0.5850085008500849,0.585,0.17000000000000004
AF4,sub-010,"{""C"": 0.8858667904100825, ""gamma"": ""auto""}",0.6438276125644813,0.535,0.5276190476190477,0.5373333333333333,0.535,0.06999999999999995
AF7,sub-010,"{""C"": 1.8329807108324356, ""gamma"": ""scale""}",0.681908071432644,0.68,0.6791979949874687,0.6818181818181819,0.6799999999999999,0.36
AF8,sub-010,"{""C"": 2.636650898730358, ""gamma"": ""scale""}",0.6864980406127539,0.635,0.6329352608422376,0.6381074168797953,0.635,0.27
Fz,sub-010,"{""C"": 5.455594781168517, ""gamma"": ""auto""}",0.6238272260577093,0.53,0.5288220551378446,0.5303030303030303,0.53,0.06000000000000005
F1,sub-010,"{""C"": 23.357214690901213, ""gamma"": ""auto""}",0.6670998379618488,0.615,0.6142187930559382,0.6159391067647948,0.615,0.22999999999999998
F2,sub-010,"{""C"": 3.79269019073225, ""gamma"": ""auto""}",0.6683168279682454,0.595,0.5885714285714285,0.6013333333333333,0.595,0.18999999999999995
F3,sub-010,"{""C"": 5.455594781168517, ""gamma"": ""auto""}",0.6862080950804486,0.605,0.6038014995360967,0.6062860613422412,0.605,0.20999999999999996
F4,sub-010,"{""C"": 0.6158482110660264, ""gamma"": ""auto""}",0.671979006656426,0.625,0.6190476190476191,0.6333333333333333,0.625,0.25
F5,sub-010,"{""C"": 5.455594781168517, ""gamma"": ""auto""}",0.7013057740795952,0.655,0.6518580186180276,0.660805062765847,0.655,0.31000000000000005
F6,sub-010,"{""C"": 7.847599703514611, ""gamma"": ""auto""}",0.7098465088031569,0.7,0.6992481203007519,0.702020202020202,0.7,0.4
F7,sub-010,"{""C"": 0.8858667904100825, ""gamma"": ""scale""}",0.716998867995472,0.66,0.6565656565656566,0.6666666666666666,0.66,0.31999999999999995
F8,sub-010,"{""C"": 0.6158482110660264, ""gamma"": ""scale""}",0.7319868673565004,0.715,0.7137907659862921,0.7186959617536364,0.7150000000000001,0.43000000000000005
FCz,sub-010,"{""C"": 0.29763514416313175, ""gamma"": ""auto""}",0.658999658999659,0.57,0.567230273752013,0.5718390804597702,0.5700000000000001,0.14
FC1,sub-010,"{""C"": 69.51927961775606, ""gamma"": ""auto""}",0.6767465693103394,0.58,0.5798319327731092,0.5801282051282051,0.5800000000000001,0.16000000000000003
FC2,sub-010,"{""C"": 1.8329807108324356, ""gamma"": ""auto""}",0.6624857400225159,0.55,0.5444883085332524,0.5525430853299707,0.55,0.09999999999999998
FC3,sub-010,"{""C"": 16.23776739188721, ""gamma"": ""auto""}",0.705308376771996,0.655,0.6542999574137629,0.6562657525960278,0.655,0.31000000000000005
FC4,sub-010,"{""C"": 0.8858667904100825, ""gamma"": ""auto""}",0.6779455728018036,0.665,0.6578053576444751,0.6801506714706846,0.665,0.32999999999999996
FC5,sub-010,"{""C"": 0.6158482110660264, ""gamma"": ""scale""}",0.7053761843414694,0.71,0.7070707070707071,0.71875,0.71,0.42000000000000004
FC6,sub-010,"{""C"": 0.42813323987193935, ""gamma"": ""auto""}",0.7069425607419054,0.705,0.7033312382149592,0.7097186700767264,0.7050000000000001,0.41000000000000003
FT7,sub-010,"{""C"": 7.847599703514611, ""gamma"": ""auto""}",0.727336333634264,0.725,0.7219343259435274,0.7353802699027094,0.725,0.44999999999999996
FT8,sub-010,"{""C"": 33.59818286283781, ""gamma"": ""auto""}",0.7329035781917272,0.715,0.7149928748218706,0.715021502150215,0.715,0.43000000000000005
Cz,sub-010,"{""C"": 0.29763514416313175, ""gamma"": ""scale""}",0.6634062486225702,0.605,0.6033240440862644,0.6068050045773574,0.605,0.20999999999999996
C1,sub-010,"{""C"": 1.8329807108324356, ""gamma"": ""scale""}",0.6699947199155186,0.565,0.562539283469516,0.5664961636828645,0.565,0.13
C2,sub-010,"{""C"": 3.79269019073225, ""gamma"": ""auto""}",0.6524748913108972,0.63,0.6254681647940075,0.6366120218579234,0.63,0.26
C3,sub-010,"{""C"": 1.8329807108324356, ""gamma"": ""scale""}",0.669661733615222,0.685,0.6827075621364358,0.6905056121923592,0.685,0.37
C4,sub-010,"{""C"": 0.8858667904100825, ""gamma"": ""scale""}",0.6749606702410992,0.63,0.6245941558441559,0.6379456706281834,0.63,0.26
C5,sub-010,"{""C"": 16.23776739188721, ""gamma"": ""auto""}",0.6994909096000154,0.705,0.7023133782386034,0.7126776636580558,0.7050000000000001,0.41000000000000003
C6,sub-010,"{""C"": 0.42813323987193935, ""gamma"": ""auto""}",0.6829949279188468,0.67,0.6643271284711627,0.6823251823251824,0.67,0.33999999999999997
T7,sub-010,"{""C"": 2.636650898730358, ""gamma"": ""auto""}",0.7047342608347513,0.71,0.7064480210547626,0.7206809583858764,0.71,0.42000000000000004
T8,sub-010,"{""C"": 1.2742749857031335, ""gamma"": ""auto""}",0.6987466459292264,0.725,0.7241656009428521,0.7277558457333738,0.7250000000000001,0.44999999999999996
CP1,sub-010,"{""C"": 100.0, ""gamma"": ""auto""}",0.5894916872066659,0.595,0.5927089880578253,0.5971867007672634,0.595,0.18999999999999995
CP2,sub-010,"{""C"": 11.288378916846883, ""gamma"": ""auto""}",0.6259985039940159,0.645,0.6442796663243067,0.6461840911382195,0.645,0.29000000000000004
CP3,sub-010,"{""C"": 0.8858667904100825, ""gamma"": ""scale""}",0.6489101209909737,0.67,0.6688077077478924,0.6724837662337663,0.6699999999999999,0.33999999999999997
CP4,sub-010,"{""C"": 1.8329807108324356, ""gamma"": ""auto""}",0.659356844713991,0.715,0.7129258895520133,0.7213984141694985,0.7150000000000001,0.43000000000000005
CP5,sub-010,"{""C"": 0.20691380811147897, ""gamma"": ""scale""}",0.655040427609683,0.64,0.6396757081373237,0.6405058209554395,0.64,0.28
CP6,sub-010,"{""C"": 0.8858667904100825, ""gamma"": ""scale""}",0.6643448434038635,0.705,0.7033312382149592,0.7097186700767264,0.7050000000000001,0.41000000000000003
TP7,sub-010,"{""C"": 0.8858667904100825, ""gamma"": ""auto""}",0.6508310022050673,0.63,0.6296667000300271,0.6304696908871938,0.63,0.26
TP8,sub-010,"{""C"": 1.2742749857031335, ""gamma"": ""auto""}",0.6684634480951526,0.64,0.6355906468266019,0.6471206389239177,0.64,0.28
Pz,sub-010,"{""C"": 0.6158482110660264, ""gamma"": ""auto""}",0.6624325491150624,0.605,0.6005965772643393,0.6098441259545978,0.605,0.20999999999999996
P3,sub-010,"{""C"": 16.23776739188721, ""gamma"": ""auto""}",0.663998655994624,0.64,0.6394230769230769,0.6409017713365539,0.64,0.28
P4,sub-010,"{""C"": 69.51927961775606, ""gamma"": ""auto""}",0.7034607826885106,0.595,0.5874818568409259,0.6024700679538345,0.595,0.18999999999999995
P5,sub-010,"{""C"": 1.2742749857031335, ""gamma"": ""auto""}",0.6389638963896389,0.665,0.664320248503219,0.6663474140538361,0.665,0.32999999999999996
P6,sub-010,"{""C"": 48.32930238571752, ""gamma"": ""auto""}",0.6844992901234028,0.635,0.6282243894986123,0.6456153597238701,0.635,0.27
P7,sub-010,"{""C"": 0.42813323987193935, ""gamma"": ""scale""}",0.642479889493784,0.65,0.648735447611401,0.6521915584415584,0.6499999999999999,0.30000000000000004
P8,sub-010,"{""C"": 2.636650898730358, ""gamma"": ""auto""}",0.6704636686194653,0.655,0.6518580186180276,0.660805062765847,0.655,0.31000000000000005
POz,sub-010,"{""C"": 7.847599703514611, ""gamma"": ""auto""}",0.6654647435897436,0.61,0.6085909273384182,0.6116071428571428,0.6100000000000001,0.21999999999999997
PO3,sub-010,"{""C"": 0.29763514416313175, ""gamma"": ""auto""}",0.6614694476176475,0.605,0.6033240440862644,0.6068050045773574,0.605,0.20999999999999996
PO4,sub-010,"{""C"": 7.847599703514611, ""gamma"": ""auto""}",0.6789178029575571,0.615,0.6142187930559382,0.6159391067647948,0.615,0.22999999999999998
PO5,sub-010,"{""C"": 0.20691380811147897, ""gamma"": ""auto""}",0.6471272781875856,0.615,0.6114937309215671,0.61930698205208,0.615,0.22999999999999998
PO6,sub-010,"{""C"": 33.59818286283781, ""gamma"": ""auto""}",0.6804232216790084,0.615,0.6114937309215671,0.61930698205208,0.615,0.22999999999999998
PO7,sub-010,"{""C"": 48.32930238571752, ""gamma"": ""auto""}",0.6424677327128774,0.625,0.6228786926461345,0.6278772378516624,0.625,0.25
PO8,sub-010,"{""C"": 1.8329807108324356, ""gamma"": ""scale""}",0.6699442205732768,0.63,0.6245941558441559,0.6379456706281834,0.63,0.26
Oz,sub-010,"{""C"": 1.8329807108324356, ""gamma"": ""auto""}",0.6289210240277393,0.58,0.58,0.58,0.58,0.16000000000000003
O1,sub-010,"{""C"": 0.6158482110660264, ""gamma"": ""auto""}",0.6274924567222486,0.6,0.5996396757081373,0.6003613006824569,0.6,0.19999999999999996
O2,sub-010,"{""C"": 1.2742749857031335, ""gamma"": ""scale""}",0.6499968499716497,0.57,0.567230273752013,0.5718390804597702,0.5700000000000001,0.14
Fpz,sub-011,"{""C"": 5.455594781168517, ""gamma"": ""scale""}",0.5976845847144161,0.615,0.6142187930559382,0.6159391067647948,0.615,0.22999999999999998
Fp1,sub-011,"{""C"": 1.2742749857031335, ""gamma"": ""scale""}",0.6378084006439406,0.735,0.730080721142828,0.753478589148959,0.735,0.47
Fp2,sub-011,"{""C"": 16.23776739188721, ""gamma"": ""scale""}",0.608999608999609,0.585,0.5849066039858968,0.5850765689120208,0.585,0.17000000000000004
AF3,sub-011,"{""C"": 0.6158482110660264, ""gamma"": ""scale""}",0.6319907997699943,0.72,0.7135549872122762,0.7417582417582418,0.72,0.43999999999999995
AF4,sub-011,"{""C"": 0.29763514416313175, ""gamma"": ""scale""}",0.6305474205902231,0.665,0.6649916247906198,0.665016501650165,0.665,0.32999999999999996
AF7,sub-011,"{""C"": 2.636650898730358, ""gamma"": ""auto""}",0.666840260425708,0.755,0.7497382466355116,0.778414674091058,0.755,0.51
AF8,sub-011,"{""C"": 2.636650898730358, ""gamma"": ""scale""}",0.6834992878733976,0.715,0.7146504467973267,0.7160586875690885,0.7150000000000001,0.43000000000000005
Fz,sub-011,"{""C"": 1.8329807108324356, ""gamma"": ""scale""}",0.613874895466131,0.655,0.6535361904044588,0.6576645305665751,0.655,0.31000000000000005
F1,sub-011,"{""C"": 1.8329807108324356, ""gamma"": ""auto""}",0.6368127589431101,0.685,0.67915255532072,0.6995469744364147,0.685,0.37
F2,sub-011,"{""C"": 1.2742749857031335, ""gamma"": ""scale""}",0.6474040057405628,0.635,0.6349178565177165,0.6351216094485037,0.635,0.27
F3,sub-011,"{""C"": 0.29763514416313175, ""gamma"": ""scale""}",0.6624290257026539,0.71,0.6979166666666666,0.75,0.71,0.42000000000000004
F4,sub-011,"{""C"": 0.29763514416313175, ""gamma"": ""scale""}",0.6733961094062922,0.77,0.7685185185185186,0.7770935960591132,0.77,0.54
F5,sub-011,"{""C"": 0.8858667904100825, ""gamma"": ""auto""}",0.6905990163251574,0.78,0.7742200328407225,0.8119429590017826,0.78,0.56
F6,sub-011,"{""C"": 0.6158482110660264, ""gamma"": ""auto""}",0.6939987759951041,0.79,0.7899159663865546,0.7904647435897436,0.79,0.5800000000000001
F7,sub-011,"{""C"": 2.636650898730358, ""gamma"": ""auto""}",0.6912312940336327,0.825,0.822654607179955,0.8431527821771725,0.825,0.65
F8,sub-011,"{""C"": 0.8858667904100825, ""gamma"": ""scale""}",0.7239823348694316,0.82,0.8193496587715776,0.8246753246753247,0.8200000000000001,0.64
FCz,sub-011,"{""C"": 0.29763514416313175, ""gamma"": ""scale""}",0.6287490343472187,0.685,0.683218101822753,0.6892583120204603,0.685,0.37
FC1,sub-011,"{""C"": 23.357214690901213, ""gamma"": ""auto""}",0.6568339076112839,0.71,0.7042023663810689,0.7278645833333333,0.71,0.42000000000000004
FC2,sub-011,"{""C"": 5.455594781168517, ""gamma"": ""auto""}",0.6474681840036063,0.685,0.6849291090495362,0.6851666499849864,0.685,0.37
FC3,sub-011,"{""C"": 1.8329807108324356, ""gamma"": ""auto""}",0.6779175468920043,0.7,0.6899545266639107,0.7297794117647058,0.7,0.4
FC4,sub-011,"{""C"": 0.42813323987193935, ""gamma"": ""auto""}",0.6659729438084485,0.74,0.7393483709273183,0.7424242424242424,0.74,0.48
FC5,sub-011,"{""C"": 3.79269019073225, ""gamma"": ""auto""}",0.697890938628845,0.78,0.7777777777777778,0.7916666666666666,0.78,0.56
FC6,sub-011,"{""C"": 0.6158482110660264, ""gamma"": ""auto""}",0.7039854952892692,0.78,0.7794486215538847,0.7828282828282829,0.78,0.56
FT7,sub-011,"{""C"": 3.79269019073225, ""gamma"": ""scale""}",0.7069152985212727,0.82,0.816905706438816,0.8432003432003432,0.82,0.64
FT8,sub-011,"{""C"": 1.8329807108324356, ""gamma"": ""auto""}",0.7259778042021403,0.77,0.7688674505074866,0.7753977968176254,0.77,0.54
Cz,sub-011,"{""C"": 33.59818286283781, ""gamma"": ""auto""}",0.6437003519960287,0.705,0.7046381817726715,0.7060094462868054,0.7050000000000001,0.41000000000000003
C1,sub-011,"{""C"": 1.2742749857031335, ""gamma"": ""scale""}",0.6444145706005868,0.725,0.7190939503051661,0.7456600065509336,0.725,0.44999999999999996
C2,sub-011,"{""C"": 7.847599703514611, ""gamma"": ""auto""}",0.6264999066249766,0.67,0.6698679471788715,0.6702724358974359,0.6699999999999999,0.33999999999999997
C3,sub-011,"{""C"": 23.357214690901213, ""gamma"": ""auto""}",0.665359367274097,0.745,0.7369439071566731,0.7792022792022792,0.745,0.49
C4,sub-011,"{""C"": 1.2742749857031335, ""gamma"": ""auto""}",0.6462324633003709,0.71,0.71,0.71,0.71,0.42000000000000004
C5,sub-011,"{""C"": 3.79269019073225, ""gamma"": ""auto""}",0.6749947999167987,0.77,0.7639573070607553,0.8008021390374331,0.77,0.54
C6,sub-011,"{""C"": 0.42813323987193935, ""gamma"": ""auto""}",0.6613712364126458,0.74,0.7395833333333333,0.7415458937198067,0.74,0.48
T7,sub-011,"{""C"": 2.636650898730358, ""gamma"": ""auto""}",0.6877552000768603,0.805,0.8013801532937791,0.8289828497465215,0.8049999999999999,0.61
T8,sub-011,"{""C"": 0.8858667904100825, ""gamma"": ""auto""}",0.6747967479674797,0.745,0.7442262845106447,0.7480008097985626,0.745,0.49
CP1,sub-011,"{""C"": 100.0, ""gamma"": ""auto""}",0.603998415993664,0.545,0.5416887008637405,0.546339202965709,0.545,0.08999999999999997
CP2,sub-011,"{""C"": 0.29763514416313175, ""gamma"": ""scale""}",0.6233417093533558,0.675,0.6736210489317367,0.6780083409622623,0.675,0.35
CP3,sub-011,"{""C"": 0.8858667904100825, ""gamma"": ""auto""}",0.65548544426002,0.66,0.6498815775924209,0.6809136137494347,0.6599999999999999,0.31999999999999995
CP4,sub-011,"{""C"": 0.6158482110660264, ""gamma"": ""scale""}",0.6504537725114146,0.695,0.6946259167480163,0.6959602050045222,0.6950000000000001,0.39
CP5,sub-011,"{""C"": 0.42813323987193935, ""gamma"": ""auto""}",0.650998603994416,0.705,0.6933392239923075,0.7417737940794905,0.7050000000000001,0.41000000000000003
CP6,sub-011,"{""C"": 2.636650898730358, ""gamma"": ""auto""}",0.666679679171684,0.695,0.6949313595559001,0.695175658092283,0.6950000000000001,0.39
TP7,sub-011,"{""C"": 11.288378916846883, ""gamma"": ""auto""}",0.6474533757089375,0.71,0.7002893757751136,0.7412683823529411,0.71,0.42000000000000004
TP8,sub-011,"{""C"": 3.79269019073225, ""gamma"": ""scale""}",0.6464992046232104,0.66,0.6550324675324675,0.669779286926995,0.66,0.31999999999999995
Pz,sub-011,"{""C"": 48.32930238571752, ""gamma"": ""auto""}",0.6614694476176475,0.81,0.8099239695878351,0.8104967948717949,0.81,0.62
P3,sub-011,"{""C"": 1.2742749857031335, ""gamma"": ""scale""}",0.6669880115684165,0.66,0.6598639455782312,0.6602564102564102,0.66,0.31999999999999995
P4,sub-011,"{""C"": 100.0, ""gamma"": ""auto""}",0.6703179330785426,0.825,0.8249606161386311,0.8252927634871384,0.825,0.65
P5,sub-011,"{""C"": 69.51927961775606, ""gamma"": ""auto""}",0.6409942559080946,0.68,0.6791979949874687,0.6818181818181819,0.6799999999999999,0.36
P6,sub-011,"{""C"": 23.357214690901213, ""gamma"": ""auto""}",0.6793902713203595,0.815,0.8149953748843721,0.815031503150315,0.815,0.63
P7,sub-011,"{""C"": 1.2742749857031335, ""gamma"": ""scale""}",0.6444529789064604,0.715,0.7129258895520133,0.7213984141694985,0.7150000000000001,0.43000000000000005
P8,sub-011,"{""C"": 1.2742749857031335, ""gamma"": ""auto""}",0.6608046234631147,0.735,0.7348342714196372,0.7355889724310777,0.735,0.47
POz,sub-011,"{""C"": 1.8329807108324356, ""gamma"": ""auto""}",0.6541003149191046,0.79,0.78997899789979,0.7901160464185675,0.79,0.5800000000000001
PO3,sub-011,"{""C"": 3.79269019073225, ""gamma"": ""auto""}",0.6502543911461824,0.695,0.6949923748093703,0.695019501950195,0.695,0.39
PO4,sub-011,"{""C"": 2.636650898730358, ""gamma"": ""auto""}",0.6711941283378864,0.82,0.8198378540686617,0.8211561621838619,0.8200000000000001,0.64
PO5,sub-011,"{""C"": 0.8858667904100825, ""gamma"": ""scale""}",0.6524978281114258,0.715,0.7148217636022514,0.7155388471177946,0.715,0.43000000000000005
PO6,sub-011,"{""C"": 48.32930238571752, ""gamma"": ""auto""}",0.6670804381221435,0.8,0.7998198378540686,0.8010839020473706,0.8,0.6
PO7,sub-011,"{""C"": 0.29763514416313175, ""gamma"": ""scale""}",0.6309810671256455,0.725,0.7249931248281207,0.725022502250225,0.725,0.44999999999999996
PO8,sub-011,"{""C"": 1.2742749857031335, ""gamma"": ""scale""}",0.6474851062457389,0.79,0.78997899789979,0.7901160464185675,0.79,0.5800000000000001
Oz,sub-011,"{""C"": 11.288378916846883, ""gamma"": ""auto""}",0.6114578763110787,0.735,0.7344622861294121,0.7369190442584939,0.735,0.47
O1,sub-011,"{""C"": 0.20691380811147897, ""gamma"": ""scale""}",0.6169019268932847,0.715,0.714935860568628,0.7151936743068762,0.715,0.43000000000000005
O2,sub-011,"{""C"": 1.2742749857031335, ""gamma"": ""scale""}",0.647213449124051,0.77,0.7696314102564102,0.7717391304347826,0.77,0.54
Fpz,sub-012,"{""C"": 1.2742749857031335, ""gamma"": ""scale""}",0.6014244569157864,0.46,0.45559028127835466,0.4586606035551881,0.46,-0.08000000000000007
Fp1,sub-012,"{""C"": 0.6158482110660264, ""gamma"": ""scale""}",0.6345523266000851,0.55,0.5477841422972565,0.550999592003264,0.55,0.09999999999999998
Fp2,sub-012,"{""C"": 0.42813323987193935, ""gamma"": ""auto""}",0.6129810360707675,0.545,0.5408562274527612,0.5466853408029879,0.545,0.08999999999999997
AF3,sub-012,"{""C"": 2.636650898730358, ""gamma"": ""scale""}",0.6346020816669353,0.55,0.5488721804511278,0.5505050505050505,0.55,0.09999999999999998
AF4,sub-012,"{""C"": 11.288378916846883, ""gamma"": ""auto""}",0.6364010101750202,0.565,0.562539283469516,0.5664961636828645,0.565,0.13
AF7,sub-012,"{""C"": 0.8858667904100825, ""gamma"": ""auto""}",0.6635343556532254,0.56,0.5498721227621484,0.5659340659340659,0.5599999999999999,0.12
AF8,sub-012,"{""C"": 3.79269019073225, ""gamma"": ""auto""}",0.6854338624695842,0.565,0.5618342524741256,0.5669344042838018,0.565,0.13
Fz,sub-012,"{""C"": 0.6158482110660264, ""gamma"": ""scale""}",0.6062439601350779,0.52,0.5182657567242072,0.5202922077922079,0.52,0.040000000000000036
F1,sub-012,"{""C"": 5.455594781168517, ""gamma"": ""auto""}",0.6345680571878434,0.53,0.5261619114830124,0.5310045473336089,0.53,0.06000000000000005
F2,sub-012,"{""C"": 5.455594781168517, ""gamma"": ""scale""}",0.6413772613677031,0.565,0.5644664714274987,0.5653200683348407,0.565,0.13
F3,sub-012,"{""C"": 0.6158482110660264, ""gamma"": ""scale""}",0.6574067289819654,0.55,0.5471014492753623,0.5513136288998358,0.55,0.09999999999999998
F4,sub-012,"{""C"": 1.2742749857031335, ""gamma"": ""scale""}",0.675991899797495,0.51,0.5092147435897436,0.5100644122383253,0.51,0.020000000000000018
F5,sub-012,"{""C"": 3.79269019073225, ""gamma"": ""scale""}",0.6811836544811589,0.55,0.5488721804511278,0.5505050505050505,0.55,0.09999999999999998
F6,sub-012,"{""C"": 0.42813323987193935, ""gamma"": ""auto""}",0.6994909096000154,0.535,0.5203094777562862,0.5398860398860399,0.5349999999999999,0.06999999999999995
F7,sub-012,"{""C"": 1.8329807108324356, ""gamma"": ""auto""}",0.6850472679856566,0.565,0.563154327031709,0.5661173837859831,0.565,0.13
F8,sub-012,"{""C"": 0.42813323987193935, ""gamma"": ""scale""}",0.7147601132552477,0.555,0.55311189776807,0.5559454785881395,0.5549999999999999,0.10999999999999999
FCz,sub-012,"{""C"": 0.29763514416313175, ""gamma"": ""scale""}",0.636998547994192,0.505,0.5039955910719206,0.505040830728904,0.505,0.010000000000000009
FC1,sub-012,"{""C"": 23.357214690901213, ""gamma"": ""auto""}",0.6457985926631211,0.585,0.5837408159683042,0.5860410972770523,0.585,0.17000000000000004
FC2,sub-012,"{""C"": 100.0, ""gamma"": ""auto""}",0.6574807332912476,0.53,0.5252525252525253,0.53125,0.53,0.06000000000000005
FC3,sub-012,"{""C"": 48.32930238571752, ""gamma"": ""auto""}",0.6832053017319362,0.54,0.5388471177944862,0.5404040404040404,0.54,0.07999999999999996
FC4,sub-012,"{""C"": 11.288378916846883, ""gamma"": ""auto""}",0.676999676999677,0.525,0.5235587652649264,0.525306205081486,0.5249999999999999,0.050000000000000044
FC5,sub-012,"{""C"": 1.8329807108324356, ""gamma"": ""scale""}",0.6999057383383445,0.57,0.569827931172469,0.5701121794871795,0.5700000000000001,0.14
FC6,sub-012,"{""C"": 11.288378916846883, ""gamma"": ""auto""}",0.69649081884727,0.49,0.4895405865278751,0.48996386993175434,0.49,-0.020000000000000018
FT7,sub-012,"{""C"": 11.288378916846883, ""gamma"": ""auto""}",0.7078952701830965,0.58,0.5793269230769231,0.5805152979066023,0.5800000000000001,0.16000000000000003
FT8,sub-012,"{""C"": 2.636650898730358, ""gamma"": ""auto""}",0.7204798046658871,0.495,0.49346773991323756,0.49493875898370276,0.495,-0.010000000000000009
Cz,sub-012,"{""C"": 1.2742749857031335, ""gamma"": ""scale""}",0.6315838081585614,0.56,0.5599559955995599,0.5600240096038416,0.56,0.12
C1,sub-012,"{""C"": 0.42813323987193935, ""gamma"": ""scale""}",0.6407183231653617,0.52,0.51995199519952,0.5200080032012806,0.52,0.040000000000000036
C2,sub-012,"{""C"": 48.32930238571752, ""gamma"": ""auto""}",0.6444608018033988,0.56,0.5578333835795397,0.5611995104039168,0.56,0.12
C3,sub-012,"{""C"": 48.32930238571752, ""gamma"": ""auto""}",0.6605842156641886,0.575,0.5749043534795328,0.5750675608047242,0.575,0.15000000000000002
C4,sub-012,"{""C"": 7.847599703514611, ""gamma"": ""auto""}",0.655219952406342,0.56,0.5571658615136876,0.5615763546798029,0.56,0.12
C5,sub-012,"{""C"": 5.455594781168517, ""gamma"": ""auto""}",0.6861886206588488,0.535,0.5347091932457786,0.5350877192982456,0.535,0.06999999999999995
C6,sub-012,"{""C"": 3.79269019073225, ""gamma"": ""auto""}",0.6624756138631016,0.51,0.50995099509951,0.5100040016006402,0.51,0.020000000000000018
T7,sub-012,"{""C"": 7.847599703514611, ""gamma"": ""auto""}",0.6778033302508348,0.56,0.5599559955995599,0.5600240096038416,0.56,0.12
T8,sub-012,"{""C"": 2.636650898730358, ""gamma"": ""auto""}",0.6779069150984635,0.52,0.51995199519952,0.5200080032012806,0.52,0.040000000000000036
CP1,sub-012,"{""C"": 100.0, ""gamma"": ""auto""}",0.595487763504846,0.515,0.5149878746968675,0.515001500150015,0.515,0.030000000000000027
CP2,sub-012,"{""C"": 1.2742749857031335, ""gamma"": ""auto""}",0.6324330109162395,0.505,0.5046904315196998,0.5050125313283208,0.505,0.010000000000000009
CP3,sub-012,"{""C"": 2.636650898730358, ""gamma"": ""scale""}",0.6434029164440018,0.52,0.5182657567242072,0.5202922077922079,0.52,0.040000000000000036
CP4,sub-012,"{""C"": 0.14384498882876628, ""gamma"": ""scale""}",0.6564930439841407,0.475,0.4739347178035522,0.4747958463554794,0.475,-0.050000000000000044
CP5,sub-012,"{""C"": 0.8858667904100825, ""gamma"": ""scale""}",0.650152864179482,0.515,0.5149878746968675,0.515001500150015,0.515,0.030000000000000027
CP6,sub-012,"{""C"": 1.2742749857031335, ""gamma"": ""auto""}",0.675967596759676,0.515,0.5140158821613768,0.5151224921867124,0.515,0.030000000000000027
TP7,sub-012,"{""C"": 0.8858667904100825, ""gamma"": ""auto""}",0.648445069542116,0.495,0.48937030764175027,0.4947693273354954,0.495,-0.010000000000000009
TP8,sub-012,"{""C"": 2.636650898730358, ""gamma"": ""auto""}",0.653998615994464,0.505,0.5046904315196998,0.5050125313283208,0.505,0.010000000000000009
Pz,sub-012,"{""C"": 7.847599703514611, ""gamma"": ""auto""}",0.6511806781198186,0.485,0.4792588285851513,0.48430798200648606,0.485,-0.030000000000000027
P3,sub-012,"{""C"": 48.32930238571752, ""gamma"": ""auto""}",0.6643972216491301,0.48,0.48,0.48,0.48,-0.040000000000000036
P4,sub-012,"{""C"": 1.2742749857031335, ""gamma"": ""scale""}",0.6864980406127539,0.505,0.5046904315196998,0.5050125313283208,0.505,0.010000000000000009
P5,sub-012,"{""C"": 16.23776739188721, ""gamma"": ""auto""}",0.6374955593206018,0.475,0.47340705634544494,0.47469379491851404,0.475,-0.050000000000000044
P6,sub-012,"{""C"": 48.32930238571752, ""gamma"": ""auto""}",0.687999687999688,0.485,0.4834373981293412,0.4848162769511084,0.485,-0.030000000000000027
P7,sub-012,"{""C"": 33.59818286283781, ""gamma"": ""auto""}",0.6449826041476032,0.525,0.5215431492533555,0.5257440016476161,0.525,0.050000000000000044
P8,sub-012,"{""C"": 48.32930238571752, ""gamma"": ""auto""}",0.6654992473733066,0.485,0.482814892922598,0.48474214220323464,0.485,-0.030000000000000027
POz,sub-012,"{""C"": 7.847599703514611, ""gamma"": ""auto""}",0.6461848098017833,0.49,0.4825487012987013,0.48938879456706286,0.49,-0.020000000000000018
PO3,sub-012,"{""C"": 48.32930238571752, ""gamma"": ""auto""}",0.6567854909318325,0.485,0.48436835123025707,0.48492613807657525,0.485,-0.030000000000000027
PO4,sub-012,"{""C"": 7.847599703514611, ""gamma"": ""auto""}",0.6834030421816681,0.43,0.42719324690985827,0.42860057119543044,0.43,-0.1399999999999999
PO5,sub-012,"{""C"": 0.6158482110660264, ""gamma"": ""auto""}",0.6539968859719738,0.525,0.524036173250833,0.5252041536445207,0.5249999999999999,0.050000000000000044
PO6,sub-012,"{""C"": 23.357214690901213, ""gamma"": ""auto""}",0.675,0.525,0.5229846099771535,0.525429762994609,0.525,0.050000000000000044
PO7,sub-012,"{""C"": 5.455594781168517, ""gamma"": ""scale""}",0.6359868955282391,0.46,0.45559028127835466,0.4586606035551881,0.46,-0.08000000000000007
PO8,sub-012,"{""C"": 48.32930238571752, ""gamma"": ""auto""}",0.6544999136249784,0.43,0.42994299429942995,0.42997198879551823,0.43,-0.1399999999999999
Oz,sub-012,"{""C"": 0.6158482110660264, ""gamma"": ""scale""}",0.6105839962050734,0.435,0.42870143330215627,0.4320012553614395,0.43500000000000005,-0.1299999999999999
O1,sub-012,"{""C"": 0.6158482110660264, ""gamma"": ""auto""}",0.6188624093297681,0.49,0.4891826923076923,0.48993558776167473,0.49,-0.020000000000000018
O2,sub-012,"{""C"": 33.59818286283781, ""gamma"": ""auto""}",0.6442864829613976,0.485,0.4812520460325854,0.48455359901143036,0.485,-0.030000000000000027
Fpz,sub-013,"{""C"": 0.8858667904100825, ""gamma"": ""auto""}",0.5893754400443074,0.515,0.4978126375190909,0.5173792144595064,0.515,0.030000000000000027
Fp1,sub-013,"{""C"": 5.455594781168517, ""gamma"": ""auto""}",0.6361389588819506,0.595,0.5850303542611235,0.6051001216948777,0.595,0.18999999999999995
Fp2,sub-013,"{""C"": 1.8329807108324356, ""gamma"": ""scale""}",0.6304954735695512,0.5,0.49919871794871795,0.5,0.5,0.0
AF3,sub-013,"{""C"": 0.8858667904100825, ""gamma"": ""scale""}",0.6409393187448679,0.59,0.5829518868884143,0.5965250965250966,0.59,0.18000000000000005
AF4,sub-013,"{""C"": 2.636650898730358, ""gamma"": ""scale""}",0.6337711069418386,0.59,0.5898359343737495,0.5901442307692308,0.59,0.18000000000000005
AF7,sub-013,"{""C"": 1.8329807108324356, ""gamma"": ""scale""}",0.6593704756233558,0.62,0.614448051948052,0.6273344651952462,0.62,0.24
AF8,sub-013,"{""C"": 5.455594781168517, ""gamma"": ""auto""}",0.6814935502443924,0.61,0.61,0.61,0.61,0.21999999999999997
Fz,sub-013,"{""C"": 23.357214690901213, ""gamma"": ""auto""}",0.6162228512738295,0.62,0.6175523349436394,0.6231527093596059,0.62,0.24
F1,sub-013,"{""C"": 0.6158482110660264, ""gamma"": ""scale""}",0.6534999133749784,0.55,0.5410036719706243,0.5542534722222222,0.5499999999999999,0.09999999999999998
F2,sub-013,"{""C"": 3.79269019073225, ""gamma"": ""auto""}",0.6509944159106545,0.605,0.6049111049986247,0.6050945851266138,0.605,0.20999999999999996
F3,sub-013,"{""C"": 3.79269019073225, ""gamma"": ""auto""}",0.6861886206588488,0.635,0.6271610613141296,0.6473960039305601,0.635,0.27
F4,sub-013,"{""C"": 3.79269019073225, ""gamma"": ""auto""}",0.6713750403590966,0.6,0.6,0.6,0.6,0.19999999999999996
F5,sub-013,"{""C"": 1.8329807108324356, ""gamma"": ""auto""}",0.6925323416917131,0.645,0.6362611747227132,0.6604159752184977,0.645,0.29000000000000004
F6,sub-013,"{""C"": 1.2742749857031335, ""gamma"": ""scale""}",0.7012902310647653,0.67,0.66996699669967,0.6700680272108843,0.67,0.33999999999999997
F7,sub-013,"{""C"": 1.2742749857031335, ""gamma"": ""auto""}",0.7029884718957224,0.655,0.6441005802707931,0.6766381766381766,0.655,0.31000000000000005
F8,sub-013,"{""C"": 0.6158482110660264, ""gamma"": ""scale""}",0.7209960491137116,0.665,0.6649916247906198,0.665016501650165,0.665,0.32999999999999996
FCz,sub-013,"{""C"": 16.23776739188721, ""gamma"": ""auto""}",0.6459192189989631,0.61,0.6080795899909557,0.6121991024071807,0.6100000000000001,0.21999999999999997
FC1,sub-013,"{""C"": 16.23776739188721, ""gamma"": ""auto""}",0.6591174445521486,0.61,0.6068152031454783,0.6136833402232327,0.61,0.21999999999999997
FC2,sub-013,"{""C"": 33.59818286283781, ""gamma"": ""auto""}",0.6629946079137266,0.585,0.5849896247406186,0.5850085008500849,0.585,0.17000000000000004
FC3,sub-013,"{""C"": 0.29763514416313175, ""gamma"": ""auto""}",0.7033628794910447,0.635,0.6316758747697975,0.6400560224089635,0.635,0.27
FC4,sub-013,"{""C"": 23.357214690901213, ""gamma"": ""auto""}",0.674945065716106,0.625,0.6234089026135422,0.6271488149730444,0.625,0.25
FC5,sub-013,"{""C"": 0.8858667904100825, ""gamma"": ""auto""}",0.7057855176423613,0.67,0.6651785714285714,0.6803904923599321,0.67,0.33999999999999997
FC6,sub-013,"{""C"": 0.8858667904100825, ""gamma"": ""scale""}",0.7037152703748302,0.68,0.67996799679968,0.6800720288115246,0.6799999999999999,0.36
FT7,sub-013,"{""C"": 1.8329807108324356, ""gamma"": ""auto""}",0.721318787541599,0.66,0.6565656565656566,0.6666666666666666,0.66,0.31999999999999995
FT8,sub-013,"{""C"": 0.42813323987193935, ""gamma"": ""auto""}",0.7204747728482496,0.68,0.6794871794871795,0.681159420289855,0.6799999999999999,0.36
Cz,sub-013,"{""C"": 1.8329807108324356, ""gamma"": ""scale""}",0.6441469047662544,0.595,0.5945032665014642,0.5954677921816902,0.595,0.18999999999999995
C1,sub-013,"{""C"": 2.636650898730358, ""gamma"": ""auto""}",0.664385135812732,0.53,0.5292467948717949,0.5301932367149759,0.53,0.06000000000000005
C2,sub-013,"{""C"": 48.32930238571752, ""gamma"": ""auto""}",0.649468364519898,0.605,0.6041985019664822,0.6058574453069866,0.605,0.20999999999999996
C3,sub-013,"{""C"": 0.6158482110660264, ""gamma"": ""scale""}",0.6722147448817333,0.575,0.5741376286981137,0.5756124609335619,0.575,0.15000000000000002
C4,sub-013,"{""C"": 0.8858667904100825, ""gamma"": ""scale""}",0.6655665742802672,0.61,0.60996099609961,0.6100440176070427,0.61,0.21999999999999997
C5,sub-013,"{""C"": 7.847599703514611, ""gamma"": ""auto""}",0.6999492914302516,0.65,0.6471418489767113,0.6550227366680447,0.65,0.30000000000000004
C6,sub-013,"{""C"": 5.455594781168517, ""gamma"": ""auto""}",0.6799996799996799,0.66,0.6596937243519168,0.660578081091931,0.6599999999999999,0.31999999999999995
T7,sub-013,"{""C"": 0.6158482110660264, ""gamma"": ""auto""}",0.698820463671158,0.635,0.6316758747697975,0.6400560224089635,0.635,0.27
T8,sub-013,"{""C"": 11.288378916846883, ""gamma"": ""auto""}",0.6959404043192465,0.61,0.6060606060606061,0.6145833333333333,0.61,0.21999999999999997
CP1,sub-013,"{""C"": 33.59818286283781, ""gamma"": ""auto""}",0.6244315526504706,0.55,0.5488721804511278,0.5505050505050505,0.55,0.09999999999999998
CP2,sub-013,"{""C"": 1.2742749857031335, ""gamma"": ""auto""}",0.6004559502685172,0.585,0.5849066039858968,0.5850765689120208,0.585,0.17000000000000004
CP3,sub-013,"{""C"": 69.51927961775606, ""gamma"": ""auto""}",0.6634292359968683,0.665,0.6649246080368083,0.6651486337703933,0.665,0.32999999999999996
CP4,sub-013,"{""C"": 69.51927961775606, ""gamma"": ""auto""}",0.6494045503888434,0.675,0.674601386698706,0.6758617224399558,0.675,0.35
CP5,sub-013,"{""C"": 1.2742749857031335, ""gamma"": ""scale""}",0.67499187479687,0.625,0.6249906247656192,0.6250125012501251,0.625,0.25
CP6,sub-013,"{""C"": 2.636650898730358, ""gamma"": ""auto""}",0.6734992653733471,0.73,0.72997299729973,0.7300920368147259,0.73,0.45999999999999996
TP7,sub-013,"{""C"": 1.8329807108324356, ""gamma"": ""auto""}",0.6574690865850643,0.635,0.6342593752348505,0.6361024296804114,0.635,0.27
TP8,sub-013,"{""C"": 1.2742749857031335, ""gamma"": ""scale""}",0.6614978843617773,0.75,0.7498999599839936,0.750400641025641,0.75,0.5
Pz,sub-013,"{""C"": 0.6158482110660264, ""gamma"": ""auto""}",0.6629805160610849,0.645,0.6424164589156657,0.6493152095561734,0.645,0.29000000000000004
P3,sub-013,"{""C"": 7.847599703514611, ""gamma"": ""auto""}",0.6789996789996791,0.69,0.6783898744683059,0.7220663861617578,0.69,0.38
P4,sub-013,"{""C"": 3.79269019073225, ""gamma"": ""scale""}",0.6934962453290052,0.745,0.7444825772188681,0.7470007057163021,0.745,0.49
P5,sub-013,"{""C"": 0.6158482110660264, ""gamma"": ""scale""}",0.6568627450980392,0.705,0.6967438513530878,0.730052743799798,0.7050000000000001,0.41000000000000003
P6,sub-013,"{""C"": 7.847599703514611, ""gamma"": ""scale""}",0.6819885515878572,0.775,0.7747240369452579,0.7763541352627876,0.775,0.55
P7,sub-013,"{""C"": 33.59818286283781, ""gamma"": ""auto""}",0.65499861999448,0.755,0.7497382466355116,0.778414674091058,0.755,0.51
P8,sub-013,"{""C"": 48.32930238571752, ""gamma"": ""auto""}",0.6649969849728647,0.82,0.8198378540686617,0.8211561621838619,0.8200000000000001,0.64
POz,sub-013,"{""C"": 0.8858667904100825, ""gamma"": ""auto""}",0.6687585249646992,0.745,0.7435575109993715,0.7506393861892583,0.745,0.49
PO3,sub-013,"{""C"": 0.6158482110660264, ""gamma"": ""auto""}",0.66293393505127,0.745,0.7415824276050771,0.7586844050258685,0.745,0.49
PO4,sub-013,"{""C"": 5.455594781168517, ""gamma"": ""auto""}",0.689773845133102,0.74,0.7387197266606371,0.7447980416156671,0.74,0.48
PO5,sub-013,"{""C"": 0.8858667904100825, ""gamma"": ""auto""}",0.6664992496233116,0.725,0.7173035902444038,0.7524969139266076,0.7250000000000001,0.44999999999999996
PO6,sub-013,"{""C"": 0.6158482110660264, ""gamma"": ""scale""}",0.682801751094434,0.765,0.7628598097832942,0.7749247847287063,0.765,0.53
PO7,sub-013,"{""C"": 11.288378916846883, ""gamma"": ""auto""}",0.6489912247806195,0.73,0.7237851662404092,0.7527472527472527,0.73,0.45999999999999996
PO8,sub-013,"{""C"": 1.8329807108324356, ""gamma"": ""scale""}",0.6754960248263042,0.77,0.7688674505074866,0.7753977968176254,0.77,0.54
Oz,sub-013,"{""C"": 23.357214690901213, ""gamma"": ""auto""}",0.6240525285220734,0.74,0.7390606182256123,0.7435064935064934,0.74,0.48
O1,sub-013,"{""C"": 0.20691380811147897, ""gamma"": ""scale""}",0.6161659684340297,0.77,0.7660461804495982,0.7895752895752897,0.77,0.54
O2,sub-013,"{""C"": 1.2742749857031335, ""gamma"": ""scale""}",0.6564896088106665,0.755,0.7542566262945409,0.758123291831157,0.755,0.51
Fpz,sub-014,"{""C"": 0.42813323987193935, ""gamma"": ""scale""}",0.5949801540275473,0.5,0.49979991996798717,0.5,0.5,0.0
Fp1,sub-014,"{""C"": 1.2742749857031335, ""gamma"": ""auto""}",0.6448121056038645,0.5,0.4967793880837359,0.5,0.5,0.0
Fp2,sub-014,"{""C"": 0.6158482110660264, ""gamma"": ""scale""}",0.6155813681098716,0.455,0.4546591619762351,0.4548872180451128,0.45499999999999996,-0.09000000000000008
AF3,sub-014,"{""C"": 1.2742749857031335, ""gamma"": ""scale""}",0.6409910247756194,0.44,0.4363929146537842,0.43842364532019706,0.44,-0.1200000000000001
AF4,sub-014,"{""C"": 1.8329807108324356, ""gamma"": ""auto""}",0.6239623962396239,0.47,0.46994699469946993,0.4699879951980792,0.47,-0.06000000000000005
AF7,sub-014,"{""C"": 1.8329807108324356, ""gamma"": ""scale""}",0.6772190999217069,0.505,0.49836588888044386,0.5052792735719565,0.505,0.010000000000000009
AF8,sub-014,"{""C"": 1.2742749857031335, ""gamma"": ""auto""}",0.6834030421816681,0.505,0.5049876246906173,0.5050005000500051,0.505,0.010000000000000009
Fz,sub-014,"{""C"": 100.0, ""gamma"": ""auto""}",0.6094360256209967,0.465,0.46197360150848527,0.4641943734015345,0.465,-0.07000000000000006
F1,sub-014,"{""C"": 1.2742749857031335, ""gamma"": ""scale""}",0.6484928819808602,0.505,0.5004919397563006,0.5051872600892209,0.505,0.010000000000000009
F2,sub-014,"{""C"": 23.357214690901213, ""gamma"": ""auto""}",0.651971809716587,0.535,0.5347091932457786,0.5350877192982456,0.535,0.06999999999999995
F3,sub-014,"{""C"": 16.23776739188721, ""gamma"": ""auto""}",0.6659518970731786,0.48,0.4724025974025974,0.4787775891341256,0.48,-0.040000000000000036
F4,sub-014,"{""C"": 0.8858667904100825, ""gamma"": ""scale""}",0.6746873745669588,0.505,0.5043928812795675,0.5050246206411415,0.505,0.010000000000000009
F5,sub-014,"{""C"": 0.8858667904100825, ""gamma"": ""auto""}",0.6868196080942623,0.555,0.5409413281753708,0.5626780626780628,0.5549999999999999,0.10999999999999999
F6,sub-014,"{""C"": 1.2742749857031335, ""gamma"": ""scale""}",0.7039925998149954,0.475,0.4749868746718668,0.47499749974997496,0.475,-0.050000000000000044
F7,sub-014,"{""C"": 3.79269019073225, ""gamma"": ""auto""}",0.713835169057377,0.56,0.5555555555555556,0.5625,0.56,0.12
F8,sub-014,"{""C"": 0.6158482110660264, ""gamma"": ""scale""}",0.727816003618446,0.525,0.5248931009477132,0.5250225202682415,0.525,0.050000000000000044
FCz,sub-014,"{""C"": 2.636650898730358, ""gamma"": ""auto""}",0.6429642964296429,0.525,0.524036173250833,0.5252041536445207,0.5249999999999999,0.050000000000000044
FC1,sub-014,"{""C"": 0.8858667904100825, ""gamma"": ""auto""}",0.6487439343281252,0.495,0.4882318664335842,0.4947207264280435,0.495,-0.010000000000000009
FC2,sub-014,"{""C"": 7.847599703514611, ""gamma"": ""auto""}",0.6544930034833205,0.53,0.52995299529953,0.5300120048019208,0.53,0.06000000000000005
FC3,sub-014,"{""C"": 0.42813323987193935, ""gamma"": ""scale""}",0.6804992811233825,0.51,0.5028409090909091,0.5106112054329373,0.51,0.020000000000000018
FC4,sub-014,"{""C"": 0.8858667904100825, ""gamma"": ""scale""}",0.6707418616195098,0.495,0.4948863494286215,0.4949954959463517,0.495,-0.010000000000000009
FC5,sub-014,"{""C"": 5.455594781168517, ""gamma"": ""auto""}",0.7059503056016467,0.495,0.4841543451058505,0.4945408887433126,0.495,-0.010000000000000009
FC6,sub-014,"{""C"": 1.2742749857031335, ""gamma"": ""scale""}",0.7069504746302124,0.53,0.529811924769908,0.5300480769230769,0.53,0.06000000000000005
FT7,sub-014,"{""C"": 0.29763514416313175, ""gamma"": ""auto""}",0.7140979502425285,0.59,0.5849782366636299,0.594577553593947,0.59,0.18000000000000005
FT8,sub-014,"{""C"": 0.6158482110660264, ""gamma"": ""auto""}",0.720952841030134,0.545,0.544897601960441,0.5450405364828346,0.545,0.08999999999999997
Cz,sub-014,"{""C"": 100.0, ""gamma"": ""auto""}",0.6566910219197277,0.52,0.5192307692307692,0.5201288244766505,0.52,0.040000000000000036
C1,sub-014,"{""C"": 5.455594781168517, ""gamma"": ""auto""}",0.6524686352943353,0.5,0.49387589837028045,0.5,0.5,0.0
C2,sub-014,"{""C"": 1.8329807108324356, ""gamma"": ""scale""}",0.6364010101750202,0.49,0.48748869460355737,0.4898000815993472,0.49,-0.020000000000000018
C3,sub-014,"{""C"": 1.8329807108324356, ""gamma"": ""auto""}",0.6514929427320904,0.51,0.5059985885673959,0.510334849111203,0.51,0.020000000000000018
C4,sub-014,"{""C"": 0.42813323987193935, ""gamma"": ""auto""}",0.662966296629663,0.55,0.55,0.55,0.55,0.09999999999999998
C5,sub-014,"{""C"": 69.51927961775606, ""gamma"": ""auto""}",0.6828855216733241,0.485,0.4803097959080703,0.48443821973233736,0.485,-0.030000000000000027
C6,sub-014,"{""C"": 0.8858667904100825, ""gamma"": ""scale""}",0.6794576082686935,0.555,0.552482715273413,0.5562659846547314,0.5549999999999999,0.10999999999999999
T7,sub-014,"{""C"": 7.847599703514611, ""gamma"": ""auto""}",0.6888353939233856,0.54,0.54,0.54,0.54,0.07999999999999996
T8,sub-014,"{""C"": 33.59818286283781, ""gamma"": ""auto""}",0.692998771995088,0.56,0.5498721227621484,0.5659340659340659,0.5599999999999999,0.12
CP1,sub-014,"{""C"": 100.0, ""gamma"": ""auto""}",0.5944828669011266,0.57,0.5693108974358975,0.570450885668277,0.5700000000000001,0.14
CP2,sub-014,"{""C"": 0.8858667904100825, ""gamma"": ""scale""}",0.6234727959095044,0.5,0.49979991996798717,0.5,0.5,0.0
CP3,sub-014,"{""C"": 69.51927961775606, ""gamma"": ""auto""}",0.6474681840036063,0.525,0.524036173250833,0.5252041536445207,0.5249999999999999,0.050000000000000044
CP4,sub-014,"{""C"": 1.8329807108324356, ""gamma"": ""scale""}",0.6569831921764167,0.595,0.5927089880578253,0.5971867007672634,0.595,0.18999999999999995
CP5,sub-014,"{""C"": 48.32930238571752, ""gamma"": ""auto""}",0.6554999138749784,0.53,0.5283018867924528,0.5304383116883117,0.53,0.06000000000000005
CP6,sub-014,"{""C"": 1.2742749857031335, ""gamma"": ""scale""}",0.6719947519160306,0.53,0.5219204557013528,0.5321750321750323,0.53,0.06000000000000005
TP7,sub-014,"{""C"": 0.29763514416313175, ""gamma"": ""scale""}",0.6585945072819386,0.545,0.5377777777777777,0.548,0.545,0.08999999999999997
TP8,sub-014,"{""C"": 1.2742749857031335, ""gamma"": ""scale""}",0.6679252831887175,0.495,0.4841543451058505,0.4945408887433126,0.495,-0.010000000000000009
Pz,sub-014,"{""C"": 100.0, ""gamma"": ""auto""}",0.656964779296898,0.545,0.544897601960441,0.5450405364828346,0.545,0.08999999999999997
P3,sub-014,"{""C"": 16.23776739188721, ""gamma"": ""auto""}",0.680884799412588,0.525,0.5215431492533555,0.5257440016476161,0.525,0.050000000000000044
P4,sub-014,"{""C"": 7.847599703514611, ""gamma"": ""scale""}",0.6919627274900263,0.52,0.517636418450407,0.5203998368013056,0.52,0.040000000000000036
P5,sub-014,"{""C"": 48.32930238571752, ""gamma"": ""auto""}",0.644,0.54,0.5227720717916796,0.5467508181393175,0.54,0.07999999999999996
P6,sub-014,"{""C"": 2.636650898730358, ""gamma"": ""scale""}",0.6849382478965877,0.475,0.4711792702273929,0.4742559983523839,0.47500000000000003,-0.050000000000000044
P7,sub-014,"{""C"": 0.8858667904100825, ""gamma"": ""scale""}",0.6639915997899948,0.485,0.4754398920322885,0.4838205155862366,0.485,-0.030000000000000027
P8,sub-014,"{""C"": 0.42813323987193935, ""gamma"": ""scale""}",0.6594551282051282,0.535,0.5323695788812068,0.5358056265984654,0.535,0.06999999999999995
POz,sub-014,"{""C"": 23.357214690901213, ""gamma"": ""auto""}",0.6714477035897344,0.54,0.5392628205128205,0.5402576489533011,0.54,0.07999999999999996
PO3,sub-014,"{""C"": 5.455594781168517, ""gamma"": ""auto""}",0.6683606285541499,0.525,0.5223130106851037,0.5255754475703325,0.525,0.050000000000000044
PO4,sub-014,"{""C"": 11.288378916846883, ""gamma"": ""auto""}",0.6788959622917825,0.52,0.517636418450407,0.5203998368013056,0.52,0.040000000000000036
PO5,sub-014,"{""C"": 100.0, ""gamma"": ""auto""}",0.6604809020507403,0.55,0.5366079703429101,0.5565355042966984,0.55,0.09999999999999998
PO6,sub-014,"{""C"": 0.8858667904100825, ""gamma"": ""scale""}",0.6757457846952011,0.5,0.4981934965877158,0.5,0.5,0.0
PO7,sub-014,"{""C"": 69.51927961775606, ""gamma"": ""auto""}",0.6484682742617521,0.495,0.4882318664335842,0.4947207264280435,0.495,-0.010000000000000009
PO8,sub-014,"{""C"": 0.8858667904100825, ""gamma"": ""scale""}",0.6729264084418994,0.495,0.49214330609679446,0.4948849104859335,0.495,-0.010000000000000009
Oz,sub-014,"{""C"": 100.0, ""gamma"": ""auto""}",0.6294393628162207,0.555,0.5540970465192014,0.5554491380179454,0.5549999999999999,0.10999999999999999
O1,sub-014,"{""C"": 11.288378916846883, ""gamma"": ""auto""}",0.6292195973204736,0.545,0.543619448832719,0.5455511691466748,0.5449999999999999,0.08999999999999997
O2,sub-014,"{""C"": 2.636650898730358, ""gamma"": ""scale""}",0.6563101973064625,0.575,0.5747342088805503,0.575187969924812,0.575,0.15000000000000002
Fpz,sub-015,"{""C"": 0.8858667904100825, ""gamma"": ""scale""}",0.597787229444376,0.6,0.5998399359743898,0.6001602564102564,0.6,0.19999999999999996
Fp1,sub-015,"{""C"": 0.6158482110660264, ""gamma"": ""scale""}",0.6419871115360153,0.685,0.6846136517233611,0.6859109637222389,0.685,0.37
Fp2,sub-015,"{""C"": 0.29763514416313175, ""gamma"": ""scale""}",0.6099855724740049,0.55,0.54995499549955,0.5500200080032013,0.55,0.09999999999999998
AF3,sub-015,"{""C"": 0.29763514416313175, ""gamma"": ""scale""}",0.6594978718616991,0.705,0.7037483367226531,0.7085240565557929,0.7050000000000001,0.41000000000000003
AF4,sub-015,"{""C"": 23.357214690901213, ""gamma"": ""auto""}",0.6324330109162395,0.615,0.6121981315000882,0.6184224075790341,0.615,0.22999999999999998
AF7,sub-015,"{""C"": 0.8858667904100825, ""gamma"": ""scale""}",0.675797373358349,0.67,0.6697027324592133,0.6706142111601766,0.6699999999999999,0.33999999999999997
AF8,sub-015,"{""C"": 1.8329807108324356, ""gamma"": ""auto""}",0.6764934489923421,0.7,0.6995192307692308,0.7012882447665056,0.7,0.4
Fz,sub-015,"{""C"": 5.455594781168517, ""gamma"": ""scale""}",0.605772925204918,0.6,0.5989974937343359,0.601010101010101,0.6000000000000001,0.19999999999999996
F1,sub-015,"{""C"": 0.6158482110660264, ""gamma"": ""scale""}",0.6619428683447504,0.705,0.7049926248156204,0.705020502050205,0.705,0.41000000000000003
F2,sub-015,"{""C"": 7.847599703514611, ""gamma"": ""auto""}",0.6433643893090348,0.655,0.6503762255833396,0.6636574807306515,0.655,0.31000000000000005
F3,sub-015,"{""C"": 0.42813323987193935, ""gamma"": ""scale""}",0.691998767995072,0.695,0.6949923748093703,0.695019501950195,0.695,0.39
F4,sub-015,"{""C"": 7.847599703514611, ""gamma"": ""auto""}",0.6729839762148345,0.67,0.6678743961352657,0.6744663382594417,0.6699999999999999,0.33999999999999997
F5,sub-015,"{""C"": 1.8329807108324356, ""gamma"": ""scale""}",0.6972540946383701,0.725,0.7249931248281207,0.725022502250225,0.725,0.44999999999999996
F6,sub-015,"{""C"": 0.8858667904100825, ""gamma"": ""scale""}",0.7084911818582512,0.7,0.6995192307692308,0.7012882447665056,0.7,0.4
F7,sub-015,"{""C"": 0.42813323987193935, ""gamma"": ""scale""}",0.7179861813228848,0.76,0.76,0.76,0.76,0.52
F8,sub-015,"{""C"": 1.8329807108324356, ""gamma"": ""scale""}",0.7329783712480711,0.715,0.7146504467973267,0.7160586875690885,0.7150000000000001,0.43000000000000005
FCz,sub-015,"{""C"": 0.8858667904100825, ""gamma"": ""auto""}",0.6461262208207419,0.63,0.6296667000300271,0.6304696908871938,0.63,0.26
FC1,sub-015,"{""C"": 2.636650898730358, ""gamma"": ""scale""}",0.6730880091635483,0.675,0.674601386698706,0.6758617224399558,0.675,0.35
FC2,sub-015,"{""C"": 1.2742749857031335, ""gamma"": ""scale""}",0.6574752525869993,0.62,0.6153456827614131,0.6261034047919294,0.62,0.24
FC3,sub-015,"{""C"": 0.8858667904100825, ""gamma"": ""scale""}",0.6939008238669329,0.705,0.7049336100622641,0.7051846661995796,0.705,0.41000000000000003
FC4,sub-015,"{""C"": 11.288378916846883, ""gamma"": ""auto""}",0.67949991987498,0.71,0.7085720028137876,0.7141982864137086,0.71,0.42000000000000004
FC5,sub-015,"{""C"": 0.29763514416313175, ""gamma"": ""auto""}",0.7027990921863179,0.745,0.7449426120877197,0.7452206986287659,0.745,0.49
FC6,sub-015,"{""C"": 0.42813323987193935, ""gamma"": ""scale""}",0.7156106710086108,0.775,0.7749943748593715,0.7750275027502751,0.775,0.55
FT7,sub-015,"{""C"": 0.8858667904100825, ""gamma"": ""scale""}",0.722241615262598,0.75,0.749599358974359,0.751610305958132,0.75,0.5
FT8,sub-015,"{""C"": 23.357214690901213, ""gamma"": ""auto""}",0.7419628426493415,0.77,0.7696314102564102,0.7717391304347826,0.77,0.54
Cz,sub-015,"{""C"": 48.32930238571752, ""gamma"": ""auto""}",0.6503929328356809,0.605,0.6038014995360967,0.6062860613422412,0.605,0.20999999999999996
C1,sub-015,"{""C"": 33.59818286283781, ""gamma"": ""auto""}",0.6528996880098348,0.68,0.6797117405665098,0.6806503412284224,0.6799999999999999,0.36
C2,sub-015,"{""C"": 69.51927961775606, ""gamma"": ""auto""}",0.6389638963896389,0.67,0.6651785714285714,0.6803904923599321,0.67,0.33999999999999997
C3,sub-015,"{""C"": 69.51927961775606, ""gamma"": ""auto""}",0.6689255082393539,0.69,0.6884735202492211,0.693798449612403,0.69,0.38
C4,sub-015,"{""C"": 0.42813323987193935, ""gamma"": ""scale""}",0.6652468429249621,0.72,0.72,0.72,0.72,0.43999999999999995
C5,sub-015,"{""C"": 7.847599703514611, ""gamma"": ""auto""}",0.6951578909431109,0.71,0.7092731829573935,0.7121212121212122,0.71,0.42000000000000004
C6,sub-015,"{""C"": 23.357214690901213, ""gamma"": ""auto""}",0.685999685999686,0.735,0.7349403615813558,0.7352116905214694,0.735,0.47
T7,sub-015,"{""C"": 1.2742749857031335, ""gamma"": ""auto""}",0.7021854333639908,0.725,0.7238331952499311,0.72886786695148,0.7250000000000001,0.44999999999999996
T8,sub-015,"{""C"": 5.455594781168517, ""gamma"": ""auto""}",0.7029809907834101,0.735,0.7349403615813558,0.7352116905214694,0.735,0.47
CP1,sub-015,"{""C"": 23.357214690901213, ""gamma"": ""auto""}",0.595487763504846,0.62,0.6196576919227305,0.6204335608189482,0.62,0.24
CP2,sub-015,"{""C"": 5.455594781168517, ""gamma"": ""auto""}",0.6340387973944164,0.635,0.6342593752348505,0.6361024296804114,0.635,0.27
CP3,sub-015,"{""C"": 0.6158482110660264, ""gamma"": ""scale""}",0.643964396439644,0.615,0.6128221244500314,0.6176470588235294,0.615,0.22999999999999998
CP4,sub-015,"{""C"": 1.8329807108324356, ""gamma"": ""auto""}",0.6648521998201207,0.655,0.6549223575304444,0.6551396256630968,0.655,0.31000000000000005
CP5,sub-015,"{""C"": 1.2742749857031335, ""gamma"": ""scale""}",0.6430501539565237,0.685,0.6843608306821314,0.6865107369694525,0.685,0.37
CP6,sub-015,"{""C"": 0.6158482110660264, ""gamma"": ""scale""}",0.6739605492264564,0.685,0.6843608306821314,0.6865107369694525,0.685,0.37
TP7,sub-015,"{""C"": 0.42813323987193935, ""gamma"": ""auto""}",0.6518464642907522,0.68,0.6788438378161381,0.6826298701298701,0.6799999999999999,0.36
TP8,sub-015,"{""C"": 1.8329807108324356, ""gamma"": ""scale""}",0.6709970389733508,0.695,0.6948092557848655,0.6954887218045113,0.6950000000000001,0.39
Pz,sub-015,"{""C"": 100.0, ""gamma"": ""auto""}",0.6703618204844579,0.555,0.4676874308442238,0.659930212271009,0.5549999999999999,0.10999999999999999
P3,sub-015,"{""C"": 16.23776739188721, ""gamma"": ""auto""}",0.6598499938472866,0.66,0.6591478696741855,0.6616161616161617,0.6599999999999999,0.31999999999999995
P4,sub-015,"{""C"": 11.288378916846883, ""gamma"": ""auto""}",0.6914437656262854,0.635,0.634771732332708,0.6353383458646616,0.635,0.27
P5,sub-015,"{""C"": 2.636650898730358, ""gamma"": ""scale""}",0.6279464242850971,0.62,0.6193910256410255,0.6207729468599035,0.62,0.24
P6,sub-015,"{""C"": 11.288378916846883, ""gamma"": ""auto""}",0.696975455011856,0.63,0.6290726817042607,0.6313131313131313,0.63,0.26
P7,sub-015,"{""C"": 3.79269019073225, ""gamma"": ""scale""}",0.6393332818095164,0.595,0.5947467166979362,0.5952380952380952,0.595,0.18999999999999995
P8,sub-015,"{""C"": 0.1, ""gamma"": ""scale""}",0.6586879966591578,0.605,0.589386418565971,0.6238353579431537,0.605,0.20999999999999996
POz,sub-015,"{""C"": 33.59818286283781, ""gamma"": ""auto""}",0.6682356148566297,0.685,0.6849291090495362,0.6851666499849864,0.685,0.37
PO3,sub-015,"{""C"": 23.357214690901213, ""gamma"": ""auto""}",0.6503068819755711,0.655,0.6549223575304444,0.6551396256630968,0.655,0.31000000000000005
PO4,sub-015,"{""C"": 3.79269019073225, ""gamma"": ""auto""}",0.6857357037268343,0.65,0.65,0.65,0.65,0.30000000000000004
PO5,sub-015,"{""C"": 69.51927961775606, ""gamma"": ""auto""}",0.641495608321202,0.625,0.6249906247656192,0.6250125012501251,0.625,0.25
PO6,sub-015,"{""C"": 23.357214690901213, ""gamma"": ""auto""}",0.6823245637403256,0.625,0.6245400615754299,0.6256155160285398,0.625,0.25
PO7,sub-015,"{""C"": 0.42813323987193935, ""gamma"": ""scale""}",0.6329838835862932,0.575,0.5711294432251066,0.5778089013383131,0.575,0.15000000000000002
PO8,sub-015,"{""C"": 100.0, ""gamma"": ""auto""}",0.6474801707596052,0.625,0.6208195353775374,0.6307668166126164,0.625,0.25
Oz,sub-015,"{""C"": 1.2742749857031335, ""gamma"": ""scale""}",0.6128288071416034,0.58,0.5793269230769231,0.5805152979066023,0.5800000000000001,0.16000000000000003
O1,sub-015,"{""C"": 33.59818286283781, ""gamma"": ""auto""}",0.6138296988972136,0.565,0.563154327031709,0.5661173837859831,0.565,0.13
O2,sub-015,"{""C"": 0.6158482110660264, ""gamma"": ""scale""}",0.6439088406632097,0.67,0.6651785714285714,0.6803904923599321,0.67,0.33999999999999997
Fpz,sub-016,"{""C"": 3.79269019073225, ""gamma"": ""auto""}",0.6021298813220999,0.49,0.4858352656517794,0.48966515088879703,0.49,-0.020000000000000018
Fp1,sub-016,"{""C"": 16.23776739188721, ""gamma"": ""auto""}",0.6363755495318273,0.51,0.5082296266559615,0.5101461038961039,0.51,0.020000000000000018
Fp2,sub-016,"{""C"": 16.23776739188721, ""gamma"": ""scale""}",0.6294976843605272,0.475,0.47203016970458833,0.4744245524296675,0.47500000000000003,-0.050000000000000044
AF3,sub-016,"{""C"": 3.79269019073225, ""gamma"": ""scale""}",0.6334889130396195,0.58,0.5779318661441061,0.5815993472052223,0.5800000000000001,0.16000000000000003
AF4,sub-016,"{""C"": 100.0, ""gamma"": ""scale""}",0.6284508626265823,0.445,0.4446529080675422,0.4448621553884712,0.44499999999999995,-0.1100000000000001
AF7,sub-016,"{""C"": 3.79269019073225, ""gamma"": ""scale""}",0.6833796050948373,0.505,0.5004919397563006,0.5051872600892209,0.505,0.010000000000000009
AF8,sub-016,"{""C"": 3.79269019073225, ""gamma"": ""auto""}",0.6979924498112453,0.57,0.5693108974358975,0.570450885668277,0.5700000000000001,0.14
Fz,sub-016,"{""C"": 3.79269019073225, ""gamma"": ""scale""}",0.6057535959974985,0.45,0.44911858974358976,0.4496779388083736,0.44999999999999996,-0.10000000000000009
F1,sub-016,"{""C"": 0.42813323987193935, ""gamma"": ""scale""}",0.6409080724665515,0.585,0.5812205151492217,0.5881834215167548,0.585,0.17000000000000004
F2,sub-016,"{""C"": 2.636650898730358, ""gamma"": ""auto""}",0.6564957920734529,0.495,0.49498737468436715,0.49499949994999504,0.495,-0.010000000000000009
F3,sub-016,"{""C"": 0.29763514416313175, ""gamma"": ""scale""}",0.6707599840283567,0.595,0.5895720909021813,0.6003061978671735,0.595,0.18999999999999995
F4,sub-016,"{""C"": 3.79269019073225, ""gamma"": ""auto""}",0.6744960125761541,0.535,0.530765155528646,0.5363108206245462,0.535,0.06999999999999995
F5,sub-016,"{""C"": 1.8329807108324356, ""gamma"": ""auto""}",0.693851824282953,0.65,0.6482765551200884,0.652998776009792,0.6499999999999999,0.30000000000000004
F6,sub-016,"{""C"": 0.29763514416313175, ""gamma"": ""auto""}",0.7014939552525938,0.67,0.6688077077478924,0.6724837662337663,0.6699999999999999,0.33999999999999997
F7,sub-016,"{""C"": 0.6158482110660264, ""gamma"": ""scale""}",0.7149974349769148,0.65,0.6439833180754755,0.6608751608751608,0.65,0.30000000000000004
F8,sub-016,"{""C"": 0.6158482110660264, ""gamma"": ""auto""}",0.7164556962025317,0.69,0.6897207486738064,0.690686471296668,0.69,0.38
FCz,sub-016,"{""C"": 23.357214690901213, ""gamma"": ""auto""}",0.641776110068793,0.42,0.42,0.42,0.42,-0.15999999999999992
FC1,sub-016,"{""C"": 11.288378916846883, ""gamma"": ""auto""}",0.6593834239768561,0.49,0.48994899489948995,0.4899959983993597,0.49,-0.020000000000000018
FC2,sub-016,"{""C"": 2.636650898730358, ""gamma"": ""auto""}",0.6554806207849191,0.48,0.4799479947994799,0.4799919967987195,0.48,-0.040000000000000036
FC3,sub-016,"{""C"": 11.288378916846883, ""gamma"": ""auto""}",0.69498047875064,0.62,0.6186270574066639,0.6217532467532467,0.6200000000000001,0.24
FC4,sub-016,"{""C"": 3.79269019073225, ""gamma"": ""auto""}",0.6929309094546273,0.55,0.5492788461538461,0.5503220611916264,0.55,0.09999999999999998
FC5,sub-016,"{""C"": 1.2742749857031335, ""gamma"": ""auto""}",0.719851801603048,0.68,0.6753246753246753,0.6910016977928692,0.68,0.36
FC6,sub-016,"{""C"": 1.2742749857031335, ""gamma"": ""auto""}",0.7144793711345645,0.575,0.5725958516656191,0.5767263427109974,0.575,0.15000000000000002
FT7,sub-016,"{""C"": 0.6158482110660264, ""gamma"": ""auto""}",0.737068726979428,0.685,0.6807782929239188,0.6953331221623904,0.685,0.37
FT8,sub-016,"{""C"": 2.636650898730358, ""gamma"": ""auto""}",0.7319868673565004,0.6,0.5993589743589745,0.6006441223832528,0.6000000000000001,0.19999999999999996
Cz,sub-016,"{""C"": 0.6158482110660264, ""gamma"": ""scale""}",0.6325237507810122,0.445,0.44487509689680177,0.4449504554098689,0.445,-0.1100000000000001
C1,sub-016,"{""C"": 0.8858667904100825, ""gamma"": ""scale""}",0.6614999153749789,0.525,0.5244174113288779,0.525123103205708,0.525,0.050000000000000044
C2,sub-016,"{""C"": 48.32930238571752, ""gamma"": ""auto""}",0.6569986279945119,0.455,0.4548773474031657,0.45495946351716543,0.45499999999999996,-0.09000000000000008
C3,sub-016,"{""C"": 33.59818286283781, ""gamma"": ""auto""}",0.6619239328848991,0.6,0.5907928388746804,0.6098901098901099,0.6,0.19999999999999996
C4,sub-016,"{""C"": 0.14384498882876628, ""gamma"": ""scale""}",0.6762895072520907,0.53,0.5292467948717949,0.5301932367149759,0.53,0.06000000000000005
C5,sub-016,"{""C"": 0.8858667904100825, ""gamma"": ""auto""}",0.687496171828105,0.655,0.6465073388150311,0.6714791459232217,0.655,0.31000000000000005
C6,sub-016,"{""C"": 0.42813323987193935, ""gamma"": ""auto""}",0.697969796979698,0.495,0.49040086783218545,0.4948127399107791,0.495,-0.010000000000000009
T7,sub-016,"{""C"": 0.6158482110660264, ""gamma"": ""scale""}",0.6993856914091583,0.635,0.6309310144341364,0.6412281619416257,0.635,0.27
T8,sub-016,"{""C"": 0.42813323987193935, ""gamma"": ""scale""}",0.7069645427096678,0.595,0.5932816148226256,0.5966330993795138,0.595,0.18999999999999995
CP1,sub-016,"{""C"": 0.1, ""gamma"": ""scale""}",0.592999592999593,0.54,0.5388471177944862,0.5404040404040404,0.54,0.07999999999999996
CP2,sub-016,"{""C"": 0.29763514416313175, ""gamma"": ""scale""}",0.6109964989684907,0.53,0.5292467948717949,0.5301932367149759,0.53,0.06000000000000005
CP3,sub-016,"{""C"": 1.8329807108324356, ""gamma"": ""scale""}",0.6438575430172069,0.595,0.5895720909021813,0.6003061978671735,0.595,0.18999999999999995
CP4,sub-016,"{""C"": 3.79269019073225, ""gamma"": ""auto""}",0.6603837663440313,0.48,0.48,0.48,0.48,-0.040000000000000036
CP5,sub-016,"{""C"": 0.6158482110660264, ""gamma"": ""scale""}",0.6514978218613867,0.585,0.5718891038039975,0.5968660968660968,0.585,0.17000000000000004
CP6,sub-016,"{""C"": 0.8858667904100825, ""gamma"": ""scale""}",0.66999966999967,0.58,0.5793269230769231,0.5805152979066023,0.5800000000000001,0.16000000000000003
TP7,sub-016,"{""C"": 1.2742749857031335, ""gamma"": ""scale""}",0.6514929427320904,0.585,0.576087234096887,0.592804891363686,0.585,0.17000000000000004
TP8,sub-016,"{""C"": 0.6158482110660264, ""gamma"": ""auto""}",0.6694999173749794,0.55,0.5492788461538461,0.5503220611916264,0.55,0.09999999999999998
Pz,sub-016,"{""C"": 100.0, ""gamma"": ""auto""}",0.6502197167181175,0.465,0.46466541588492805,0.4649122807017544,0.46499999999999997,-0.07000000000000006
P3,sub-016,"{""C"": 11.288378916846883, ""gamma"": ""auto""}",0.6604999151249789,0.525,0.5247029393370857,0.525062656641604,0.525,0.050000000000000044
P4,sub-016,"{""C"": 33.59818286283781, ""gamma"": ""auto""}",0.680998723994896,0.48,0.4736309343050916,0.47898276586801175,0.48,-0.040000000000000036
P5,sub-016,"{""C"": 69.51927961775606, ""gamma"": ""auto""}",0.6289699465656717,0.53,0.5276856597326902,0.5305997552019583,0.53,0.06000000000000005
P6,sub-016,"{""C"": 2.636650898730358, ""gamma"": ""scale""}",0.6754005914311259,0.475,0.47340705634544494,0.47469379491851404,0.475,-0.050000000000000044
P7,sub-016,"{""C"": 48.32930238571752, ""gamma"": ""auto""}",0.6374991843731648,0.515,0.5105830116804158,0.5155617802676626,0.515,0.030000000000000027
P8,sub-016,"{""C"": 33.59818286283781, ""gamma"": ""auto""}",0.6564930439841407,0.555,0.5544542064028435,0.5552708270525575,0.5549999999999999,0.10999999999999999
POz,sub-016,"{""C"": 69.51927961775606, ""gamma"": ""auto""}",0.6498374048292883,0.42,0.4179044560417503,0.41883116883116883,0.42,-0.15999999999999992
PO3,sub-016,"{""C"": 100.0, ""gamma"": ""auto""}",0.6424999106249776,0.455,0.4546591619762351,0.4548872180451128,0.45499999999999996,-0.09000000000000008
PO4,sub-016,"{""C"": 1.8329807108324356, ""gamma"": ""auto""}",0.6739947839165427,0.43,0.42167207792207795,0.4257215619694397,0.43000000000000005,-0.1399999999999999
PO5,sub-016,"{""C"": 0.29763514416313175, ""gamma"": ""auto""}",0.636963696369637,0.5,0.4975379358858406,0.5,0.5,0.0
PO6,sub-016,"{""C"": 69.51927961775606, ""gamma"": ""auto""}",0.6694761196496446,0.48,0.4747474747474747,0.47916666666666663,0.48,-0.040000000000000036
PO7,sub-016,"{""C"": 0.6158482110660264, ""gamma"": ""auto""}",0.6214726513990636,0.515,0.511470373448163,0.5154464009885696,0.515,0.030000000000000027
PO8,sub-016,"{""C"": 1.2742749857031335, ""gamma"": ""scale""}",0.6574546983838613,0.5,0.49979991996798717,0.5,0.5,0.0
Oz,sub-016,"{""C"": 69.51927961775606, ""gamma"": ""auto""}",0.606263659761772,0.44,0.43977591036414565,0.43990384615384615,0.44,-0.1200000000000001
O1,sub-016,"{""C"": 33.59818286283781, ""gamma"": ""auto""}",0.5983143207947874,0.47,0.47,0.47,0.47,-0.06000000000000005
O2,sub-016,"{""C"": 1.2742749857031335, ""gamma"": ""scale""}",0.6329820161187898,0.445,0.44487509689680177,0.4449504554098689,0.445,-0.1100000000000001
Fpz,sub-017,"{""C"": 2.636650898730358, ""gamma"": ""scale""}",0.600175242340591,0.56,0.5596036432789511,0.5602167804094741,0.56,0.12
Fp1,sub-017,"{""C"": 2.636650898730358, ""gamma"": ""auto""}",0.6490064152714755,0.53,0.5288220551378446,0.5303030303030303,0.53,0.06000000000000005
Fp2,sub-017,"{""C"": 69.51927961775606, ""gamma"": ""auto""}",0.6224999056249765,0.465,0.46466541588492805,0.4649122807017544,0.46499999999999997,-0.07000000000000006
AF3,sub-017,"{""C"": 0.8858667904100825, ""gamma"": ""scale""}",0.6583270280579543,0.59,0.5896306676008407,0.5903251706142112,0.5900000000000001,0.18000000000000005
AF4,sub-017,"{""C"": 2.636650898730358, ""gamma"": ""scale""}",0.6384131287541832,0.555,0.5490360011147425,0.5580720092915215,0.555,0.10999999999999999
AF7,sub-017,"{""C"": 0.8858667904100825, ""gamma"": ""scale""}",0.681732336895329,0.575,0.5711294432251066,0.5778089013383131,0.575,0.15000000000000002
AF8,sub-017,"{""C"": 3.79269019073225, ""gamma"": ""scale""}",0.6909690969096909,0.615,0.6107080563209384,0.6203054712836071,0.615,0.22999999999999998
Fz,sub-017,"{""C"": 0.6158482110660264, ""gamma"": ""scale""}",0.6214726513990636,0.56,0.5555555555555556,0.5625,0.56,0.12
F1,sub-017,"{""C"": 1.2742749857031335, ""gamma"": ""scale""}",0.6607879924953095,0.565,0.5418038183015141,0.5815047021943573,0.5650000000000001,0.13
F2,sub-017,"{""C"": 1.8329807108324356, ""gamma"": ""scale""}",0.6718552881820883,0.65,0.6491228070175439,0.6515151515151515,0.6499999999999999,0.30000000000000004
F3,sub-017,"{""C"": 0.8858667904100825, ""gamma"": ""scale""}",0.6964525707141741,0.57,0.5501621508525996,0.5849927149101506,0.5700000000000001,0.14
F4,sub-017,"{""C"": 2.636650898730358, ""gamma"": ""scale""}",0.6884251441408799,0.68,0.6798719487795117,0.6802884615384616,0.6799999999999999,0.36
F5,sub-017,"{""C"": 0.6158482110660264, ""gamma"": ""scale""}",0.6989566497575651,0.58,0.5586380832282472,0.5992063492063493,0.5800000000000001,0.16000000000000003
F6,sub-017,"{""C"": 1.8329807108324356, ""gamma"": ""auto""}",0.7053879737770287,0.62,0.6198479391756703,0.6201923076923077,0.62,0.24
F7,sub-017,"{""C"": 5.455594781168517, ""gamma"": ""auto""}",0.7148491552031024,0.57,0.5664885573142454,0.5723439437784208,0.5700000000000001,0.14
F8,sub-017,"{""C"": 33.59818286283781, ""gamma"": ""auto""}",0.7167617966710003,0.6,0.5996396757081373,0.6003613006824569,0.6,0.19999999999999996
FCz,sub-017,"{""C"": 100.0, ""gamma"": ""auto""}",0.6634062486225702,0.515,0.5146966854283928,0.5150375939849624,0.515,0.030000000000000027
FC1,sub-017,"{""C"": 7.847599703514611, ""gamma"": ""auto""}",0.6736677712335885,0.59,0.5889724310776943,0.5909090909090908,0.5900000000000001,0.18000000000000005
FC2,sub-017,"{""C"": 33.59818286283781, ""gamma"": ""auto""}",0.6749060478478279,0.605,0.6041985019664822,0.6058574453069866,0.605,0.20999999999999996
FC3,sub-017,"{""C"": 0.6158482110660264, ""gamma"": ""auto""}",0.71682301438399,0.59,0.5893429487179487,0.5905797101449275,0.5900000000000001,0.18000000000000005
FC4,sub-017,"{""C"": 100.0, ""gamma"": ""auto""}",0.6884251441408799,0.64,0.6376811594202898,0.6436781609195402,0.64,0.28
FC5,sub-017,"{""C"": 1.2742749857031335, ""gamma"": ""auto""}",0.7218261413383364,0.615,0.614990374759369,0.6150115011501149,0.615,0.22999999999999998
FC6,sub-017,"{""C"": 2.636650898730358, ""gamma"": ""scale""}",0.7079506436587784,0.575,0.5737104741844078,0.575918615244458,0.575,0.15000000000000002
FT7,sub-017,"{""C"": 0.42813323987193935, ""gamma"": ""scale""}",0.7407295749170937,0.67,0.6694711538461539,0.6710950080515299,0.6699999999999999,0.33999999999999997
FT8,sub-017,"{""C"": 0.8858667904100825, ""gamma"": ""auto""}",0.7249006891487827,0.625,0.6249156060113525,0.625112601341207,0.625,0.25
Cz,sub-017,"{""C"": 16.23776739188721, ""gamma"": ""auto""}",0.6701079719561694,0.66,0.65996599659966,0.6600640256102441,0.66,0.31999999999999995
C1,sub-017,"{""C"": 0.8858667904100825, ""gamma"": ""auto""}",0.6724221526773227,0.625,0.6249906247656192,0.6250125012501251,0.625,0.25
C2,sub-017,"{""C"": 1.8329807108324356, ""gamma"": ""auto""}",0.6483796579379293,0.625,0.6245400615754299,0.6256155160285398,0.625,0.25
C3,sub-017,"{""C"": 2.636650898730358, ""gamma"": ""auto""}",0.669332599628562,0.635,0.6345523266000851,0.635664757310823,0.635,0.27
C4,sub-017,"{""C"": 0.6158482110660264, ""gamma"": ""auto""}",0.6497632399502062,0.6,0.5999599959995999,0.6000400160064026,0.6,0.19999999999999996
C5,sub-017,"{""C"": 2.636650898730358, ""gamma"": ""auto""}",0.7046585853246352,0.52,0.5195676108497648,0.5200722601364913,0.52,0.040000000000000036
C6,sub-017,"{""C"": 1.8329807108324356, ""gamma"": ""auto""}",0.6829286589482634,0.59,0.5889724310776943,0.5909090909090908,0.5900000000000001,0.18000000000000005
T7,sub-017,"{""C"": 1.2742749857031335, ""gamma"": ""auto""}",0.7068103446331634,0.6,0.5996396757081373,0.6003613006824569,0.6,0.19999999999999996
T8,sub-017,"{""C"": 3.79269019073225, ""gamma"": ""auto""}",0.6901522733888106,0.615,0.6145277965507747,0.6155662747462567,0.615,0.22999999999999998
CP1,sub-017,"{""C"": 48.32930238571752, ""gamma"": ""auto""}",0.6029519571868196,0.6,0.5974235104669887,0.6026272577996716,0.6000000000000001,0.19999999999999996
CP2,sub-017,"{""C"": 0.8858667904100825, ""gamma"": ""scale""}",0.5980489103896849,0.605,0.5997061133490411,0.6108647450110865,0.605,0.20999999999999996
CP3,sub-017,"{""C"": 0.42813323987193935, ""gamma"": ""auto""}",0.6474893365524308,0.6,0.595959595959596,0.6041666666666667,0.6,0.19999999999999996
CP4,sub-017,"{""C"": 3.79269019073225, ""gamma"": ""auto""}",0.6522557966331857,0.735,0.7349403615813558,0.7352116905214694,0.735,0.47
CP5,sub-017,"{""C"": 100.0, ""gamma"": ""auto""}",0.666998667994672,0.605,0.6014026589974519,0.6089324618736384,0.605,0.20999999999999996
CP6,sub-017,"{""C"": 48.32930238571752, ""gamma"": ""auto""}",0.6719445586304085,0.645,0.6449911247781195,0.645014501450145,0.645,0.29000000000000004
TP7,sub-017,"{""C"": 48.32930238571752, ""gamma"": ""auto""}",0.6749531932598294,0.555,0.5540970465192014,0.5554491380179454,0.5549999999999999,0.10999999999999999
TP8,sub-017,"{""C"": 48.32930238571752, ""gamma"": ""auto""}",0.6724933679907018,0.635,0.6349908747718693,0.635013501350135,0.635,0.27
Pz,sub-017,"{""C"": 0.8858667904100825, ""gamma"": ""auto""}",0.6709526171768735,0.675,0.6743405395926751,0.6764290755116443,0.675,0.35
P3,sub-017,"{""C"": 0.6158482110660264, ""gamma"": ""auto""}",0.6534805082785906,0.695,0.6932746700188561,0.6994884910485933,0.6950000000000001,0.39
P4,sub-017,"{""C"": 100.0, ""gamma"": ""auto""}",0.6904720651038756,0.735,0.7349403615813558,0.7352116905214694,0.735,0.47
P5,sub-017,"{""C"": 1.8329807108324356, ""gamma"": ""scale""}",0.6414798332406197,0.69,0.6892230576441103,0.6919191919191919,0.69,0.38
P6,sub-017,"{""C"": 48.32930238571752, ""gamma"": ""auto""}",0.6924870075760701,0.73,0.7297567811029927,0.7308309915696507,0.73,0.45999999999999996
P7,sub-017,"{""C"": 0.42813323987193935, ""gamma"": ""scale""}",0.6504852330010943,0.635,0.634771732332708,0.6353383458646616,0.635,0.27
P8,sub-017,"{""C"": 0.8858667904100825, ""gamma"": ""scale""}",0.6743761815430318,0.7,0.6989160979526294,0.702922077922078,0.7,0.4
POz,sub-017,"{""C"": 1.2742749857031335, ""gamma"": ""auto""}",0.6735530941859406,0.63,0.62996299629963,0.6300520208083233,0.63,0.26
PO3,sub-017,"{""C"": 69.51927961775606, ""gamma"": ""auto""}",0.6534458509142054,0.685,0.6849921248031201,0.6850185018501851,0.685,0.37
PO4,sub-017,"{""C"": 0.8858667904100825, ""gamma"": ""auto""}",0.6804992811233825,0.75,0.7497747973175859,0.750903251706142,0.75,0.5
PO5,sub-017,"{""C"": 3.79269019073225, ""gamma"": ""auto""}",0.6533938518671343,0.68,0.68,0.68,0.68,0.36
PO6,sub-017,"{""C"": 100.0, ""gamma"": ""auto""}",0.6859547774879583,0.775,0.7749943748593715,0.7750275027502751,0.775,0.55
PO7,sub-017,"{""C"": 2.636650898730358, ""gamma"": ""scale""}",0.6354999088749772,0.65,0.6496847162446202,0.6505419510236852,0.65,0.30000000000000004
PO8,sub-017,"{""C"": 1.2742749857031335, ""gamma"": ""scale""}",0.6637171861535551,0.695,0.6948092557848655,0.6954887218045113,0.6950000000000001,0.39
Oz,sub-017,"{""C"": 0.29763514416313175, ""gamma"": ""auto""}",0.6151132208608634,0.58,0.5793269230769231,0.5805152979066023,0.5800000000000001,0.16000000000000003
O1,sub-017,"{""C"": 0.8858667904100825, ""gamma"": ""scale""}",0.6099937599001584,0.67,0.6697027324592133,0.6706142111601766,0.6699999999999999,0.33999999999999997
O2,sub-017,"{""C"": 0.8858667904100825, ""gamma"": ""scale""}",0.6424891852978553,0.71,0.7097387648883995,0.7107587314331594,0.71,0.42000000000000004
Fpz,sub-018,"{""C"": 3.79269019073225, ""gamma"": ""scale""}",0.607960796079608,0.455,0.45498637465936653,0.454995499549955,0.455,-0.09000000000000008
Fp1,sub-018,"{""C"": 0.6158482110660264, ""gamma"": ""scale""}",0.6629430373733161,0.54,0.5383380168606985,0.5405844155844155,0.54,0.07999999999999996
Fp2,sub-018,"{""C"": 1.8329807108324356, ""gamma"": ""scale""}",0.6127176711822919,0.53,0.5276856597326902,0.5305997552019583,0.53,0.06000000000000005
AF3,sub-018,"{""C"": 0.8858667904100825, ""gamma"": ""scale""}",0.6724999181249796,0.51,0.50995099509951,0.5100040016006402,0.51,0.020000000000000018
AF4,sub-018,"{""C"": 16.23776739188721, ""gamma"": ""auto""}",0.6494957063224025,0.525,0.5229846099771535,0.525429762994609,0.525,0.050000000000000044
AF7,sub-018,"{""C"": 16.23776739188721, ""gamma"": ""auto""}",0.6807176784917244,0.475,0.47203016970458833,0.4744245524296675,0.47500000000000003,-0.050000000000000044
AF8,sub-018,"{""C"": 1.8329807108324356, ""gamma"": ""scale""}",0.7004783595614783,0.6,0.5967335416876701,0.6033484911120297,0.6,0.19999999999999996
Fz,sub-018,"{""C"": 48.32930238571752, ""gamma"": ""auto""}",0.6212036642399452,0.435,0.4338535534457276,0.4344692005242464,0.435,-0.1299999999999999
F1,sub-018,"{""C"": 2.636650898730358, ""gamma"": ""scale""}",0.6542385178791461,0.455,0.4546591619762351,0.4548872180451128,0.45499999999999996,-0.09000000000000008
F2,sub-018,"{""C"": 48.32930238571752, ""gamma"": ""auto""}",0.6548754100230183,0.515,0.5140158821613768,0.5151224921867124,0.515,0.030000000000000027
F3,sub-018,"{""C"": 33.59818286283781, ""gamma"": ""auto""}",0.6921545204105307,0.52,0.5192307692307692,0.5201288244766505,0.52,0.040000000000000036
F4,sub-018,"{""C"": 0.29763514416313175, ""gamma"": ""auto""}",0.6729986919947679,0.585,0.5747841901688056,0.5940369509901537,0.585,0.17000000000000004
F5,sub-018,"{""C"": 1.8329807108324356, ""gamma"": ""auto""}",0.7076210769156828,0.57,0.567882624861823,0.5713994288045696,0.5700000000000001,0.14
F6,sub-018,"{""C"": 1.2742749857031335, ""gamma"": ""scale""}",0.7254884018849797,0.57,0.5696126513862476,0.5702529104777199,0.5700000000000001,0.14
F7,sub-018,"{""C"": 7.847599703514611, ""gamma"": ""auto""}",0.7171826081820323,0.565,0.5636801324005115,0.5657961332118635,0.565,0.13
F8,sub-018,"{""C"": 11.288378916846883, ""gamma"": ""auto""}",0.7339231037769915,0.575,0.5737104741844078,0.575918615244458,0.575,0.15000000000000002
FCz,sub-018,"{""C"": 1.2742749857031335, ""gamma"": ""scale""}",0.6493526404471479,0.51,0.5050505050505051,0.5104166666666666,0.51,0.020000000000000018
FC1,sub-018,"{""C"": 0.20691380811147897, ""gamma"": ""auto""}",0.6644287727498106,0.51,0.5087719298245614,0.51010101010101,0.51,0.020000000000000018
FC2,sub-018,"{""C"": 2.636650898730358, ""gamma"": ""scale""}",0.6578891560865721,0.615,0.614990374759369,0.6150115011501149,0.615,0.22999999999999998
FC3,sub-018,"{""C"": 7.847599703514611, ""gamma"": ""auto""}",0.6952164751259859,0.535,0.534429676353533,0.5351723444879911,0.5349999999999999,0.06999999999999995
FC4,sub-018,"{""C"": 3.79269019073225, ""gamma"": ""auto""}",0.6869971829746468,0.6,0.5980303487086724,0.601999184006528,0.6000000000000001,0.19999999999999996
FC5,sub-018,"{""C"": 0.6158482110660264, ""gamma"": ""auto""}",0.7051283880510413,0.61,0.60984393757503,0.610176282051282,0.61,0.21999999999999997
FC6,sub-018,"{""C"": 0.20691380811147897, ""gamma"": ""auto""}",0.7139439330108701,0.59,0.5805626598465473,0.5989010989010989,0.59,0.18000000000000005
FT7,sub-018,"{""C"": 3.79269019073225, ""gamma"": ""auto""}",0.7241120325457675,0.6,0.5941558441558441,0.6061120543293719,0.6,0.19999999999999996
FT8,sub-018,"{""C"": 0.6158482110660264, ""gamma"": ""auto""}",0.7284640893758199,0.595,0.5836652874508493,0.6066098081023454,0.595,0.18999999999999995
Cz,sub-018,"{""C"": 1.8329807108324356, ""gamma"": ""scale""}",0.6656358774705655,0.565,0.5528256791138753,0.5729435529121311,0.565,0.13
C1,sub-018,"{""C"": 0.29763514416313175, ""gamma"": ""scale""}",0.656446319737459,0.55,0.5483741469289443,0.5507305194805194,0.55,0.09999999999999998
C2,sub-018,"{""C"": 11.288378916846883, ""gamma"": ""auto""}",0.6559831431740155,0.605,0.6049901247531189,0.605010501050105,0.605,0.20999999999999996
C3,sub-018,"{""C"": 0.42813323987193935, ""gamma"": ""auto""}",0.6682491133920028,0.61,0.607487922705314,0.6128899835796388,0.61,0.21999999999999997
C4,sub-018,"{""C"": 0.6158482110660264, ""gamma"": ""auto""}",0.6714979468621679,0.6,0.5996396757081373,0.6003613006824569,0.6,0.19999999999999996
C5,sub-018,"{""C"": 1.8329807108324356, ""gamma"": ""auto""}",0.7039760220577866,0.59,0.5898359343737495,0.5901442307692308,0.59,0.18000000000000005
C6,sub-018,"{""C"": 0.8858667904100825, ""gamma"": ""scale""}",0.6899801587301587,0.55,0.5248653785239151,0.5634195839675291,0.55,0.09999999999999998
T7,sub-018,"{""C"": 16.23776739188721, ""gamma"": ""auto""}",0.6890627444844313,0.57,0.569827931172469,0.5701121794871795,0.5700000000000001,0.14
T8,sub-018,"{""C"": 0.8858667904100825, ""gamma"": ""scale""}",0.6949923748093703,0.595,0.5734035549703753,0.6191222570532915,0.595,0.18999999999999995
CP1,sub-018,"{""C"": 0.29763514416313175, ""gamma"": ""scale""}",0.6107162121186345,0.53,0.5176518883415435,0.5334224598930482,0.53,0.06000000000000005
CP2,sub-018,"{""C"": 2.636650898730358, ""gamma"": ""scale""}",0.6078996223033097,0.59,0.5777983729790959,0.601763907734057,0.59,0.18000000000000005
CP3,sub-018,"{""C"": 0.20691380811147897, ""gamma"": ""scale""}",0.6463209499809278,0.545,0.536553691018818,0.54853845324129,0.545,0.08999999999999997
CP4,sub-018,"{""C"": 1.8329807108324356, ""gamma"": ""auto""}",0.6497982838114754,0.59,0.5898359343737495,0.5901442307692308,0.59,0.18000000000000005
CP5,sub-018,"{""C"": 0.42813323987193935, ""gamma"": ""scale""}",0.6559583709628865,0.555,0.5467393241832395,0.5593247761837989,0.5549999999999999,0.10999999999999999
CP6,sub-018,"{""C"": 0.42813323987193935, ""gamma"": ""scale""}",0.6673981406805835,0.535,0.4837778579556493,0.5580334936163157,0.535,0.06999999999999995
TP7,sub-018,"{""C"": 0.42813323987193935, ""gamma"": ""auto""}",0.6539830451692132,0.555,0.5500391819813444,0.5575373993095512,0.555,0.10999999999999999
TP8,sub-018,"{""C"": 1.2742749857031335, ""gamma"": ""scale""}",0.6599782386072708,0.53,0.51426209177346,0.5344669117647058,0.53,0.06000000000000005
Pz,sub-018,"{""C"": 11.288378916846883, ""gamma"": ""auto""}",0.6786912222645962,0.51,0.50995099509951,0.5100040016006402,0.51,0.020000000000000018
P3,sub-018,"{""C"": 1.2742749857031335, ""gamma"": ""auto""}",0.6624472573839661,0.54,0.5388471177944862,0.5404040404040404,0.54,0.07999999999999996
P4,sub-018,"{""C"": 0.20691380811147897, ""gamma"": ""scale""}",0.6945353883256433,0.51,0.46153846153846156,0.515625,0.51,0.020000000000000018
P5,sub-018,"{""C"": 33.59818286283781, ""gamma"": ""auto""}",0.6444992001232003,0.53,0.5219204557013528,0.5321750321750323,0.53,0.06000000000000005
P6,sub-018,"{""C"": 33.59818286283781, ""gamma"": ""auto""}",0.6869198514819794,0.525,0.5247029393370857,0.525062656641604,0.525,0.050000000000000044
P7,sub-018,"{""C"": 100.0, ""gamma"": ""auto""}",0.6448849427214418,0.56,0.5555555555555556,0.5625,0.56,0.12
P8,sub-018,"{""C"": 1.8329807108324356, ""gamma"": ""scale""}",0.6669970029730268,0.5,0.4967793880837359,0.5,0.5,0.0
POz,sub-018,"{""C"": 5.455594781168517, ""gamma"": ""auto""}",0.6751354207259097,0.5,0.4981934965877158,0.5,0.5,0.0
PO3,sub-018,"{""C"": 3.79269019073225, ""gamma"": ""scale""}",0.6603837663440313,0.45,0.44862155388471175,0.4494949494949495,0.45,-0.10000000000000009
PO4,sub-018,"{""C"": 7.847599703514611, ""gamma"": ""auto""}",0.686947094058896,0.535,0.5348953514540772,0.535031528375538,0.535,0.06999999999999995
PO5,sub-018,"{""C"": 3.79269019073225, ""gamma"": ""scale""}",0.6604625659979013,0.505,0.5043928812795675,0.5050246206411415,0.505,0.010000000000000009
PO6,sub-018,"{""C"": 0.42813323987193935, ""gamma"": ""scale""}",0.6818969346068127,0.51,0.4650070968446337,0.5150693188667872,0.51,0.020000000000000018
PO7,sub-018,"{""C"": 33.59818286283781, ""gamma"": ""auto""}",0.6469307984364936,0.535,0.5335891070488227,0.5354286871140803,0.5349999999999999,0.06999999999999995
PO8,sub-018,"{""C"": 0.6158482110660264, ""gamma"": ""scale""}",0.6642460861026152,0.53,0.5012733446519525,0.538981288981289,0.53,0.06000000000000005
Oz,sub-018,"{""C"": 1.8329807108324356, ""gamma"": ""scale""}",0.6224583760359579,0.525,0.524036173250833,0.5252041536445207,0.5249999999999999,0.050000000000000044
O1,sub-018,"{""C"": 2.636650898730358, ""gamma"": ""scale""}",0.6224583760359579,0.485,0.48467792370231394,0.4849624060150376,0.485,-0.030000000000000027
O2,sub-018,"{""C"": 0.42813323987193935, ""gamma"": ""scale""}",0.6464956695719523,0.545,0.5207373271889401,0.5564263322884012,0.545,0.08999999999999997
Fpz,sub-019,"{""C"": 0.8858667904100825, ""gamma"": ""auto""}",0.6040100250626567,0.555,0.5454429377665415,0.5600502238235615,0.5549999999999999,0.10999999999999999
Fp1,sub-019,"{""C"": 1.8329807108324356, ""gamma"": ""auto""}",0.6397209867034996,0.66,0.6472663139329806,0.6870032725572697,0.6599999999999999,0.31999999999999995
Fp2,sub-019,"{""C"": 3.79269019073225, ""gamma"": ""auto""}",0.617999617999618,0.56,0.5588972431077694,0.5606060606060606,0.56,0.12
AF3,sub-019,"{""C"": 5.455594781168517, ""gamma"": ""auto""}",0.6449175760541228,0.66,0.6472663139329806,0.6870032725572697,0.6599999999999999,0.31999999999999995
AF4,sub-019,"{""C"": 1.2742749857031335, ""gamma"": ""scale""}",0.632499908124977,0.645,0.6449911247781195,0.645014501450145,0.645,0.29000000000000004
AF7,sub-019,"{""C"": 0.6158482110660264, ""gamma"": ""scale""}",0.6677183905842519,0.665,0.6517581018217729,0.6945984196249557,0.665,0.32999999999999996
AF8,sub-019,"{""C"": 5.455594781168517, ""gamma"": ""auto""}",0.6864980406127539,0.605,0.6049901247531189,0.605010501050105,0.605,0.20999999999999996
Fz,sub-019,"{""C"": 5.455594781168517, ""gamma"": ""auto""}",0.6178605261221957,0.53,0.4554512802687985,0.5663129973474801,0.53,0.06000000000000005
F1,sub-019,"{""C"": 0.42813323987193935, ""gamma"": ""scale""}",0.6393895630536852,0.635,0.6292063492063492,0.644,0.635,0.27
F2,sub-019,"{""C"": 1.2742749857031335, ""gamma"": ""scale""}",0.647499911874978,0.64,0.6396757081373237,0.6405058209554395,0.64,0.28
F3,sub-019,"{""C"": 0.29763514416313175, ""gamma"": ""scale""}",0.6694860357850119,0.645,0.6373758267575781,0.6583142264439349,0.645,0.29000000000000004
F4,sub-019,"{""C"": 2.636650898730358, ""gamma"": ""auto""}",0.6674932667386515,0.71,0.7085720028137876,0.7141982864137086,0.71,0.42000000000000004
F5,sub-019,"{""C"": 3.79269019073225, ""gamma"": ""auto""}",0.6880375937232963,0.645,0.6350646346791395,0.6627202334193694,0.645,0.29000000000000004
F6,sub-019,"{""C"": 0.14384498882876628, ""gamma"": ""auto""}",0.697,0.695,0.6949313595559001,0.695175658092283,0.6950000000000001,0.39
F7,sub-019,"{""C"": 1.8329807108324356, ""gamma"": ""scale""}",0.705964421695025,0.65,0.6439833180754755,0.6608751608751608,0.65,0.30000000000000004
F8,sub-019,"{""C"": 1.2742749857031335, ""gamma"": ""scale""}",0.7119858873084781,0.72,0.7186212440960708,0.7243982048143616,0.72,0.43999999999999995
FCz,sub-019,"{""C"": 0.20691380811147897, ""gamma"": ""scale""}",0.6429485845961819,0.565,0.5136268343815513,0.6125541125541125,0.565,0.13
FC1,sub-019,"{""C"": 0.20691380811147897, ""gamma"": ""scale""}",0.6589914747868697,0.65,0.6368917937545389,0.6753155680224404,0.65,0.30000000000000004
FC2,sub-019,"{""C"": 1.2742749857031335, ""gamma"": ""auto""}",0.6554620146871193,0.645,0.6442796663243067,0.6461840911382195,0.645,0.29000000000000004
FC3,sub-019,"{""C"": 0.42813323987193935, ""gamma"": ""scale""}",0.6884432187766221,0.645,0.6350646346791395,0.6627202334193694,0.645,0.29000000000000004
FC4,sub-019,"{""C"": 16.23776739188721, ""gamma"": ""auto""}",0.6774934692427521,0.635,0.6309310144341364,0.6412281619416257,0.635,0.27
FC5,sub-019,"{""C"": 1.2742749857031335, ""gamma"": ""auto""}",0.7017491710528554,0.6,0.5833333333333333,0.6190476190476191,0.6000000000000001,0.19999999999999996
FC6,sub-019,"{""C"": 1.2742749857031335, ""gamma"": ""auto""}",0.7099257409896933,0.705,0.7046381817726715,0.7060094462868054,0.7050000000000001,0.41000000000000003
FT7,sub-019,"{""C"": 1.8329807108324356, ""gamma"": ""scale""}",0.7231893492471926,0.585,0.5702932877740674,0.5984822152705365,0.585,0.17000000000000004
FT8,sub-019,"{""C"": 0.6158482110660264, ""gamma"": ""auto""}",0.734973497349735,0.725,0.7246627118219819,0.7261079288513717,0.725,0.44999999999999996
Cz,sub-019,"{""C"": 100.0, ""gamma"": ""auto""}",0.658276913949918,0.55,0.52,0.5666666666666667,0.55,0.09999999999999998
C1,sub-019,"{""C"": 0.8858667904100825, ""gamma"": ""auto""}",0.6659879755671204,0.565,0.5556577032099901,0.5709684463369363,0.565,0.13
C2,sub-019,"{""C"": 69.51927961775606, ""gamma"": ""auto""}",0.6489873635450876,0.565,0.5610383713009914,0.5674343811598714,0.565,0.13
C3,sub-019,"{""C"": 7.847599703514611, ""gamma"": ""auto""}",0.6654089075750873,0.425,0.3779580797836376,0.3924731182795699,0.425,-0.1499999999999999
C4,sub-019,"{""C"": 1.8329807108324356, ""gamma"": ""auto""}",0.6684481950304735,0.56,0.5571658615136876,0.5615763546798029,0.56,0.12
C5,sub-019,"{""C"": 1.2742749857031335, ""gamma"": ""auto""}",0.6778295718435052,0.63,0.6202791461412152,0.6448306595365418,0.63,0.26
C6,sub-019,"{""C"": 1.8329807108324356, ""gamma"": ""auto""}",0.682464991765342,0.67,0.6688077077478924,0.6724837662337663,0.6699999999999999,0.33999999999999997
T7,sub-019,"{""C"": 1.2742749857031335, ""gamma"": ""auto""}",0.6859849367925741,0.585,0.5685958574807037,0.6002476707158864,0.585,0.17000000000000004
T8,sub-019,"{""C"": 2.636650898730358, ""gamma"": ""auto""}",0.6904776370092739,0.69,0.6892230576441103,0.6919191919191919,0.69,0.38
CP1,sub-019,"{""C"": 0.6158482110660264, ""gamma"": ""scale""}",0.5938684133659305,0.665,0.6639835502394744,0.6670209535378075,0.665,0.32999999999999996
CP2,sub-019,"{""C"": 3.79269019073225, ""gamma"": ""auto""}",0.6177213188414354,0.67,0.6697027324592133,0.6706142111601766,0.6699999999999999,0.33999999999999997
CP3,sub-019,"{""C"": 1.2742749857031335, ""gamma"": ""scale""}",0.6434927807288098,0.715,0.7133878064110623,0.7199488491048593,0.7150000000000001,0.43000000000000005
CP4,sub-019,"{""C"": 0.42813323987193935, ""gamma"": ""auto""}",0.6579389343370463,0.65,0.648735447611401,0.6521915584415584,0.6499999999999999,0.30000000000000004
CP5,sub-019,"{""C"": 48.32930238571752, ""gamma"": ""auto""}",0.658,0.705,0.7033312382149592,0.7097186700767264,0.7050000000000001,0.41000000000000003
CP6,sub-019,"{""C"": 0.6158482110660264, ""gamma"": ""scale""}",0.6618211033636794,0.7,0.6999699969997,0.7000800320128051,0.7,0.4
TP7,sub-019,"{""C"": 0.6158482110660264, ""gamma"": ""auto""}",0.6494045503888434,0.65,0.6439833180754755,0.6608751608751608,0.65,0.30000000000000004
TP8,sub-019,"{""C"": 0.8858667904100825, ""gamma"": ""auto""}",0.6654959023248035,0.705,0.7049926248156204,0.705020502050205,0.705,0.41000000000000003
Pz,sub-019,"{""C"": 0.6158482110660264, ""gamma"": ""auto""}",0.6623161902853278,0.665,0.6645891216740507,0.6658124811576726,0.665,0.32999999999999996
P3,sub-019,"{""C"": 100.0, ""gamma"": ""auto""}",0.6634992428732964,0.58,0.57995799579958,0.5800320128051221,0.58,0.16000000000000003
P4,sub-019,"{""C"": 1.2742749857031335, ""gamma"": ""auto""}",0.6803381711991696,0.67,0.6694711538461539,0.6710950080515299,0.6699999999999999,0.33999999999999997
P5,sub-019,"{""C"": 48.32930238571752, ""gamma"": ""auto""}",0.6428710764586015,0.565,0.5647279549718573,0.5651629072681704,0.565,0.13
P6,sub-019,"{""C"": 1.8329807108324356, ""gamma"": ""auto""}",0.6864654328139677,0.685,0.6849291090495362,0.6851666499849864,0.685,0.37
P7,sub-019,"{""C"": 0.42813323987193935, ""gamma"": ""scale""}",0.6492347337674116,0.585,0.5844910014768091,0.5854185508994071,0.585,0.17000000000000004
P8,sub-019,"{""C"": 69.51927961775606, ""gamma"": ""auto""}",0.667983731202829,0.69,0.6899689968996899,0.6900760304121649,0.69,0.38
POz,sub-019,"{""C"": 1.2742749857031335, ""gamma"": ""auto""}",0.659181695250296,0.645,0.6442796663243067,0.6461840911382195,0.645,0.29000000000000004
PO3,sub-019,"{""C"": 100.0, ""gamma"": ""auto""}",0.6474801707596052,0.59,0.5899589958995899,0.5900360144057624,0.59,0.18000000000000005
PO4,sub-019,"{""C"": 23.357214690901213, ""gamma"": ""auto""}",0.6865709155834336,0.65,0.6471418489767113,0.6550227366680447,0.65,0.30000000000000004
PO5,sub-019,"{""C"": 3.79269019073225, ""gamma"": ""scale""}",0.6479207821759896,0.575,0.5749043534795328,0.5750675608047242,0.575,0.15000000000000002
PO6,sub-019,"{""C"": 0.8858667904100825, ""gamma"": ""scale""}",0.6689837802052301,0.695,0.6949923748093703,0.695019501950195,0.695,0.39
PO7,sub-019,"{""C"": 3.79269019073225, ""gamma"": ""scale""}",0.6363617265465193,0.58,0.5796216594935442,0.5802890405459655,0.5800000000000001,0.16000000000000003
PO8,sub-019,"{""C"": 69.51927961775606, ""gamma"": ""auto""}",0.6594072736302459,0.665,0.664320248503219,0.6663474140538361,0.665,0.32999999999999996
Oz,sub-019,"{""C"": 0.8858667904100825, ""gamma"": ""scale""}",0.6182269094917208,0.66,0.6594551282051282,0.6610305958132046,0.6599999999999999,0.31999999999999995
O1,sub-019,"{""C"": 3.79269019073225, ""gamma"": ""scale""}",0.6149445520154901,0.56,0.5584102769971899,0.5608766233766234,0.56,0.12
O2,sub-019,"{""C"": 7.847599703514611, ""gamma"": ""auto""}",0.6419559435313373,0.67,0.6691729323308271,0.6717171717171717,0.6699999999999999,0.33999999999999997
Fpz,sub-020,"{""C"": 2.636650898730358, ""gamma"": ""scale""}",0.5904692481455966,0.75,0.75,0.75,0.75,0.5
Fp1,sub-020,"{""C"": 3.79269019073225, ""gamma"": ""auto""}",0.6437624993142053,0.815,0.8148843026891808,0.8157894736842106,0.815,0.63
Fp2,sub-020,"{""C"": 1.8329807108324356, ""gamma"": ""scale""}",0.6169536513918183,0.775,0.7745434504872366,0.7772456900897269,0.7749999999999999,0.55
AF3,sub-020,"{""C"": 1.8329807108324356, ""gamma"": ""scale""}",0.6371399521174885,0.815,0.8148843026891808,0.8157894736842106,0.815,0.63
AF4,sub-020,"{""C"": 23.357214690901213, ""gamma"": ""auto""}",0.637947864492487,0.81,0.8098288459613652,0.8111200321156162,0.81,0.62
AF7,sub-020,"{""C"": 1.8329807108324356, ""gamma"": ""auto""}",0.6759685073441712,0.795,0.794377993430126,0.7986132199615346,0.7949999999999999,0.5900000000000001
AF8,sub-020,"{""C"": 1.2742749857031335, ""gamma"": ""auto""}",0.6849921248031201,0.83,0.8298468621759583,0.8311922922521076,0.8300000000000001,0.6599999999999999
Fz,sub-020,"{""C"": 0.6158482110660264, ""gamma"": ""scale""}",0.6123370846598283,0.555,0.4948778342177701,0.6049818667684672,0.555,0.10999999999999999
F1,sub-020,"{""C"": 0.8858667904100825, ""gamma"": ""scale""}",0.6412667336935842,0.78,0.779205138498595,0.7840909090909092,0.78,0.56
F2,sub-020,"{""C"": 5.455594781168517, ""gamma"": ""auto""}",0.6509315825901877,0.84,0.8399359743897559,0.8405448717948718,0.84,0.6799999999999999
F3,sub-020,"{""C"": 1.2742749857031335, ""gamma"": ""auto""}",0.6656134491472142,0.795,0.7941302000954031,0.8000712033363848,0.7949999999999999,0.5900000000000001
F4,sub-020,"{""C"": 0.42813323987193935, ""gamma"": ""scale""}",0.6658965255993639,0.795,0.7949538646195394,0.7952657391652487,0.795,0.5900000000000001
F5,sub-020,"{""C"": 1.2742749857031335, ""gamma"": ""auto""}",0.6770697762093549,0.805,0.8035808717987459,0.8140768201009165,0.8049999999999999,0.61
F6,sub-020,"{""C"": 2.636650898730358, ""gamma"": ""scale""}",0.7079953279252469,0.81,0.8096955128205128,0.8119967793880838,0.81,0.62
F7,sub-020,"{""C"": 5.455594781168517, ""gamma"": ""auto""}",0.703205505662994,0.81,0.8084484323016433,0.8203803224472923,0.81,0.62
F8,sub-020,"{""C"": 0.6158482110660264, ""gamma"": ""auto""}",0.7254944412624356,0.79,0.7869318181818181,0.8077249575551783,0.79,0.5800000000000001
FCz,sub-020,"{""C"": 2.636650898730358, ""gamma"": ""scale""}",0.6392654323473839,0.815,0.8149583656322672,0.8152837553798418,0.815,0.63
FC1,sub-020,"{""C"": 33.59818286283781, ""gamma"": ""auto""}",0.665713674992,0.84,0.8398558702832549,0.8412284223203532,0.8400000000000001,0.6799999999999999
FC2,sub-020,"{""C"": 3.79269019073225, ""gamma"": ""auto""}",0.6594624557357449,0.835,0.8349958748968724,0.835033503350335,0.835,0.6699999999999999
FC3,sub-020,"{""C"": 11.288378916846883, ""gamma"": ""auto""}",0.6872278100016539,0.835,0.8342999171499585,0.8407588241277592,0.835,0.6699999999999999
FC4,sub-020,"{""C"": 1.8329807108324356, ""gamma"": ""auto""}",0.6724403022450842,0.79,0.7889659330720531,0.7957976336189311,0.79,0.5800000000000001
FC5,sub-020,"{""C"": 7.847599703514611, ""gamma"": ""auto""}",0.7027669693039342,0.815,0.8144386769979186,0.8188581840267233,0.815,0.63
FC6,sub-020,"{""C"": 0.6158482110660264, ""gamma"": ""auto""}",0.7063883541716738,0.825,0.8248905565978737,0.8258145363408521,0.825,0.65
FT7,sub-020,"{""C"": 23.357214690901213, ""gamma"": ""auto""}",0.7233948208806398,0.825,0.8247853620685339,0.8266003416742036,0.825,0.65
FT8,sub-020,"{""C"": 0.29763514416313175, ""gamma"": ""auto""}",0.7309932748318708,0.825,0.8247853620685339,0.8266003416742036,0.825,0.65
Cz,sub-020,"{""C"": 0.8858667904100825, ""gamma"": ""scale""}",0.6351606081557368,0.83,0.8295739348370927,0.8333333333333334,0.8300000000000001,0.6599999999999999
C1,sub-020,"{""C"": 2.636650898730358, ""gamma"": ""auto""}",0.6499313865517642,0.825,0.8244690187818149,0.8289806660593178,0.825,0.65
C2,sub-020,"{""C"": 1.2742749857031335, ""gamma"": ""auto""}",0.640376919000528,0.745,0.7446872418712923,0.7462064114159381,0.745,0.49
C3,sub-020,"{""C"": 7.847599703514611, ""gamma"": ""auto""}",0.651887211456512,0.745,0.7431442169675908,0.7522912161466379,0.745,0.49
C4,sub-020,"{""C"": 1.8329807108324356, ""gamma"": ""auto""}",0.6734489764025628,0.775,0.7745434504872366,0.7772456900897269,0.7749999999999999,0.55
C5,sub-020,"{""C"": 7.847599703514611, ""gamma"": ""auto""}",0.6823391842120072,0.79,0.788647342995169,0.7976190476190477,0.79,0.5800000000000001
C6,sub-020,"{""C"": 0.6158482110660264, ""gamma"": ""scale""}",0.689493712247673,0.75,0.7497747973175859,0.750903251706142,0.75,0.5
T7,sub-020,"{""C"": 0.6158482110660264, ""gamma"": ""auto""}",0.6899660440193123,0.795,0.794377993430126,0.7986132199615346,0.7949999999999999,0.5900000000000001
T8,sub-020,"{""C"": 0.42813323987193935, ""gamma"": ""auto""}",0.6849618803875269,0.795,0.794377993430126,0.7986132199615346,0.7949999999999999,0.5900000000000001
CP1,sub-020,"{""C"": 2.636650898730358, ""gamma"": ""auto""}",0.5904138845192202,0.535,0.5323695788812068,0.5358056265984654,0.535,0.06999999999999995
CP2,sub-020,"{""C"": 0.1, ""gamma"": ""scale""}",0.6139347549735905,0.635,0.6247847652334815,0.6514981483559645,0.635,0.27
CP3,sub-020,"{""C"": 69.51927961775606, ""gamma"": ""auto""}",0.6629969669727027,0.56,0.5592948717948718,0.5603864734299517,0.56,0.12
CP4,sub-020,"{""C"": 69.51927961775606, ""gamma"": ""auto""}",0.6527468524554401,0.75,0.7469379491851402,0.7627154266498528,0.75,0.5
CP5,sub-020,"{""C"": 48.32930238571752, ""gamma"": ""auto""}",0.6454850217421686,0.59,0.5896306676008407,0.5903251706142112,0.5900000000000001,0.18000000000000005
CP6,sub-020,"{""C"": 7.847599703514611, ""gamma"": ""auto""}",0.6652280815092059,0.7,0.6948428440646933,0.7145002145002145,0.7,0.4
TP7,sub-020,"{""C"": 11.288378916846883, ""gamma"": ""auto""}",0.6469572818311016,0.595,0.5913115870733369,0.5985579416951966,0.595,0.18999999999999995
TP8,sub-020,"{""C"": 0.1, ""gamma"": ""auto""}",0.6531107034869883,0.755,0.7546995068959474,0.7562556526982213,0.755,0.51
Pz,sub-020,"{""C"": 100.0, ""gamma"": ""auto""}",0.6459377152996265,0.67,0.6440513428972063,0.7399774138904573,0.6699999999999999,0.33999999999999997
P3,sub-020,"{""C"": 33.59818286283781, ""gamma"": ""auto""}",0.6644388439793152,0.48,0.4799479947994799,0.4799919967987195,0.48,-0.040000000000000036
P4,sub-020,"{""C"": 33.59818286283781, ""gamma"": ""auto""}",0.6905292950577828,0.715,0.7129258895520133,0.7213984141694985,0.7150000000000001,0.43000000000000005
P5,sub-020,"{""C"": 0.8858667904100825, ""gamma"": ""auto""}",0.6424999106249776,0.505,0.5043928812795675,0.5050246206411415,0.505,0.010000000000000009
P6,sub-020,"{""C"": 100.0, ""gamma"": ""auto""}",0.6766038397036369,0.63,0.6269785260610949,0.6343530384456387,0.63,0.26
P7,sub-020,"{""C"": 0.6158482110660264, ""gamma"": ""scale""}",0.6484260815836529,0.54,0.54,0.54,0.54,0.07999999999999996
P8,sub-020,"{""C"": 0.42813323987193935, ""gamma"": ""scale""}",0.6534996534996536,0.67,0.6698679471788715,0.6702724358974359,0.6699999999999999,0.33999999999999997
POz,sub-020,"{""C"": 69.51927961775606, ""gamma"": ""auto""}",0.6470035988108277,0.6,0.5477159656264134,0.6860119047619048,0.6,0.19999999999999996
PO3,sub-020,"{""C"": 1.2742749857031335, ""gamma"": ""auto""}",0.6552055936878568,0.48,0.4786967418546366,0.4797979797979798,0.48,-0.040000000000000036
PO4,sub-020,"{""C"": 7.847599703514611, ""gamma"": ""auto""}",0.6806308092154532,0.64,0.6347402597402598,0.6485568760611206,0.64,0.28
PO5,sub-020,"{""C"": 0.8858667904100825, ""gamma"": ""scale""}",0.649,0.49,0.4897959183673469,0.48998397435897434,0.49,-0.020000000000000018
PO6,sub-020,"{""C"": 11.288378916846883, ""gamma"": ""auto""}",0.6732875552327902,0.635,0.6329352608422376,0.6381074168797953,0.635,0.27
PO7,sub-020,"{""C"": 69.51927961775606, ""gamma"": ""auto""}",0.6489943839101425,0.505,0.5046904315196998,0.5050125313283208,0.505,0.010000000000000009
PO8,sub-020,"{""C"": 0.8858667904100825, ""gamma"": ""scale""}",0.6614755416078812,0.645,0.6447779862414009,0.6453634085213033,0.645,0.29000000000000004
Oz,sub-020,"{""C"": 0.42813323987193935, ""gamma"": ""scale""}",0.6060541359804892,0.475,0.4679638215398647,0.4736036321402175,0.475,-0.050000000000000044
O1,sub-020,"{""C"": 69.51927961775606, ""gamma"": ""auto""}",0.6208631315905042,0.465,0.46498662466561663,0.46499649964996503,0.46499999999999997,-0.07000000000000006
O2,sub-020,"{""C"": 16.23776739188721, ""gamma"": ""auto""}",0.6240601503759399,0.66,0.6558356108917907,0.6681378730559059,0.66,0.31999999999999995
Fpz,sub-021,"{""C"": 1.2742749857031335, ""gamma"": ""auto""}",0.5895530232423108,0.555,0.552482715273413,0.5562659846547314,0.5549999999999999,0.10999999999999999
Fp1,sub-021,"{""C"": 0.8858667904100825, ""gamma"": ""auto""}",0.629282290514436,0.645,0.6449911247781195,0.645014501450145,0.645,0.29000000000000004
Fp2,sub-021,"{""C"": 0.6158482110660264, ""gamma"": ""scale""}",0.611874247256111,0.63,0.63,0.63,0.63,0.26
AF3,sub-021,"{""C"": 0.14384498882876628, ""gamma"": ""scale""}",0.6344889432905345,0.665,0.664320248503219,0.6663474140538361,0.665,0.32999999999999996
AF4,sub-021,"{""C"": 5.455594781168517, ""gamma"": ""scale""}",0.6279906997674942,0.67,0.6691729323308271,0.6717171717171717,0.6699999999999999,0.33999999999999997
AF7,sub-021,"{""C"": 0.8858667904100825, ""gamma"": ""scale""}",0.6715743603710409,0.675,0.67499187479687,0.675017501750175,0.675,0.35
AF8,sub-021,"{""C"": 7.847599703514611, ""gamma"": ""auto""}",0.6749606702410992,0.765,0.7649471131004475,0.765238714843359,0.765,0.53
Fz,sub-021,"{""C"": 0.1, ""gamma"": ""scale""}",0.6126742590518626,0.655,0.6503762255833396,0.6636574807306515,0.655,0.31000000000000005
F1,sub-021,"{""C"": 0.29763514416313175, ""gamma"": ""scale""}",0.6499212322772624,0.69,0.6897207486738064,0.690686471296668,0.69,0.38
F2,sub-021,"{""C"": 1.2742749857031335, ""gamma"": ""auto""}",0.6514852752528795,0.71,0.7099709970997099,0.7100840336134454,0.71,0.42000000000000004
F3,sub-021,"{""C"": 0.42813323987193935, ""gamma"": ""scale""}",0.6784934894931622,0.69,0.689875950380152,0.6903044871794872,0.69,0.38
F4,sub-021,"{""C"": 1.8329807108324356, ""gamma"": ""scale""}",0.6744999186249796,0.71,0.7099709970997099,0.7100840336134454,0.71,0.42000000000000004
F5,sub-021,"{""C"": 2.636650898730358, ""gamma"": ""auto""}",0.6935574970257051,0.735,0.7349933748343709,0.735023502350235,0.735,0.47
F6,sub-021,"{""C"": 0.6158482110660264, ""gamma"": ""scale""}",0.7009853482820658,0.765,0.7645231593977806,0.7671640286319186,0.765,0.53
F7,sub-021,"{""C"": 0.6158482110660264, ""gamma"": ""auto""}",0.7026357287677405,0.71,0.7095352564102564,0.711352657004831,0.71,0.42000000000000004
F8,sub-021,"{""C"": 3.79269019073225, ""gamma"": ""scale""}",0.7073887345663188,0.785,0.7845637415766928,0.787327351547535,0.7849999999999999,0.5700000000000001
FCz,sub-021,"{""C"": 0.14384498882876628, ""gamma"": ""scale""}",0.6414927402279895,0.7,0.6989160979526294,0.702922077922078,0.7,0.4
FC1,sub-021,"{""C"": 23.357214690901213, ""gamma"": ""auto""}",0.6630753907612068,0.735,0.7344622861294121,0.7369190442584939,0.735,0.47
FC2,sub-021,"{""C"": 1.2742749857031335, ""gamma"": ""auto""}",0.6649785586277521,0.705,0.7041049173750595,0.707510881668185,0.7050000000000001,0.41000000000000003
FC3,sub-021,"{""C"": 0.8858667904100825, ""gamma"": ""scale""}",0.6904999226249806,0.775,0.7749493636068115,0.7752477229506556,0.775,0.55
FC4,sub-021,"{""C"": 100.0, ""gamma"": ""auto""}",0.6834651020274986,0.765,0.7648530331457161,0.7656641604010025,0.765,0.53
FC5,sub-021,"{""C"": 5.455594781168517, ""gamma"": ""auto""}",0.6928080050031269,0.8,0.8,0.8,0.8,0.6
FC6,sub-021,"{""C"": 1.2742749857031335, ""gamma"": ""scale""}",0.7104790821136827,0.775,0.7748592870544091,0.7756892230576441,0.775,0.55
FT7,sub-021,"{""C"": 2.636650898730358, ""gamma"": ""scale""}",0.71432852569755,0.795,0.7948717948717949,0.7957393483709273,0.7949999999999999,0.5900000000000001
FT8,sub-021,"{""C"": 48.32930238571752, ""gamma"": ""auto""}",0.7294983093644335,0.785,0.7849516141131755,0.7852567310579521,0.785,0.5700000000000001
Cz,sub-021,"{""C"": 100.0, ""gamma"": ""auto""}",0.6547096107826682,0.705,0.7046381817726715,0.7060094462868054,0.7050000000000001,0.41000000000000003
C1,sub-021,"{""C"": 11.288378916846883, ""gamma"": ""auto""}",0.6551999377458233,0.69,0.69,0.69,0.69,0.38
C2,sub-021,"{""C"": 7.847599703514611, ""gamma"": ""auto""}",0.6507988601434427,0.745,0.7448405253283302,0.7456140350877193,0.745,0.49
C3,sub-021,"{""C"": 0.42813323987193935, ""gamma"": ""scale""}",0.6592034217778021,0.77,0.769792813532179,0.7709755118426336,0.77,0.54
C4,sub-021,"{""C"": 1.2742749857031335, ""gamma"": ""auto""}",0.654437021147104,0.775,0.7740453415681253,0.7797273929406978,0.7749999999999999,0.55
C5,sub-021,"{""C"": 5.455594781168517, ""gamma"": ""auto""}",0.6760917946842508,0.785,0.7849516141131755,0.7852567310579521,0.785,0.5700000000000001
C6,sub-021,"{""C"": 5.455594781168517, ""gamma"": ""auto""}",0.6844992901234028,0.76,0.7593984962406015,0.7626262626262625,0.76,0.52
T7,sub-021,"{""C"": 0.20691380811147897, ""gamma"": ""scale""}",0.6792208419376963,0.775,0.7749943748593715,0.7750275027502751,0.775,0.55
T8,sub-021,"{""C"": 0.42813323987193935, ""gamma"": ""auto""}",0.6879472630874617,0.74,0.7383252818035426,0.7463054187192117,0.74,0.48
CP1,sub-021,"{""C"": 0.14384498882876628, ""gamma"": ""scale""}",0.6001280190897582,0.72,0.7177134791813691,0.7273666804464655,0.72,0.43999999999999995
CP2,sub-021,"{""C"": 48.32930238571752, ""gamma"": ""auto""}",0.5979597959795979,0.71,0.7098839535814325,0.7103365384615384,0.71,0.42000000000000004
CP3,sub-021,"{""C"": 0.6158482110660264, ""gamma"": ""scale""}",0.6354736239129303,0.745,0.7449426120877197,0.7452206986287659,0.745,0.49
CP4,sub-021,"{""C"": 0.8858667904100825, ""gamma"": ""scale""}",0.6439772145417306,0.735,0.7346749768466372,0.7361571701336549,0.735,0.47
CP5,sub-021,"{""C"": 0.29763514416313175, ""gamma"": ""scale""}",0.6474357451645563,0.81,0.809313528703332,0.8145292207792207,0.81,0.62
CP6,sub-021,"{""C"": 0.6158482110660264, ""gamma"": ""scale""}",0.661493145236191,0.72,0.7189883580891208,0.7232142857142857,0.72,0.43999999999999995
TP7,sub-021,"{""C"": 0.29763514416313175, ""gamma"": ""scale""}",0.6419298182443759,0.77,0.7685185185185186,0.7770935960591132,0.77,0.54
TP8,sub-021,"{""C"": 1.8329807108324356, ""gamma"": ""scale""}",0.6664992496233116,0.745,0.7444825772188681,0.7470007057163021,0.745,0.49
Pz,sub-021,"{""C"": 69.51927961775606, ""gamma"": ""auto""}",0.6658382762465371,0.77,0.7696314102564102,0.7717391304347826,0.77,0.54
P3,sub-021,"{""C"": 2.636650898730358, ""gamma"": ""scale""}",0.6813909560547098,0.73,0.7298919567827131,0.7303685897435898,0.73,0.45999999999999996
P4,sub-021,"{""C"": 48.32930238571752, ""gamma"": ""auto""}",0.6894868808207146,0.765,0.7648530331457161,0.7656641604010025,0.765,0.53
P5,sub-021,"{""C"": 100.0, ""gamma"": ""auto""}",0.6609131937776072,0.695,0.6948092557848655,0.6954887218045113,0.6950000000000001,0.39
P6,sub-021,"{""C"": 7.847599703514611, ""gamma"": ""auto""}",0.675999675999676,0.78,0.77997799779978,0.7801120448179272,0.78,0.56
P7,sub-021,"{""C"": 1.8329807108324356, ""gamma"": ""scale""}",0.6564689963269186,0.685,0.6846136517233611,0.6859109637222389,0.685,0.37
P8,sub-021,"{""C"": 100.0, ""gamma"": ""auto""}",0.664999664999665,0.79,0.78997899789979,0.7901160464185675,0.79,0.5800000000000001
POz,sub-021,"{""C"": 1.2742749857031335, ""gamma"": ""auto""}",0.6743108417411242,0.77,0.7696314102564102,0.7717391304347826,0.77,0.54
PO3,sub-021,"{""C"": 1.8329807108324356, ""gamma"": ""scale""}",0.6693742795698063,0.71,0.7099709970997099,0.7100840336134454,0.71,0.42000000000000004
PO4,sub-021,"{""C"": 5.455594781168517, ""gamma"": ""auto""}",0.6829083605161892,0.765,0.7649941248531213,0.765026502650265,0.765,0.53
PO5,sub-021,"{""C"": 1.2742749857031335, ""gamma"": ""scale""}",0.6644086352509471,0.715,0.714935860568628,0.7151936743068762,0.715,0.43000000000000005
PO6,sub-021,"{""C"": 23.357214690901213, ""gamma"": ""auto""}",0.6814935502443924,0.785,0.784865540963102,0.7857142857142858,0.785,0.5700000000000001
PO7,sub-021,"{""C"": 3.79269019073225, ""gamma"": ""scale""}",0.6431680570851035,0.7,0.6997297567811029,0.7007226013649137,0.7,0.4
PO8,sub-021,"{""C"": 33.59818286283781, ""gamma"": ""auto""}",0.6604754693526607,0.775,0.7749493636068115,0.7752477229506556,0.775,0.55
Oz,sub-021,"{""C"": 1.2742749857031335, ""gamma"": ""scale""}",0.6232919629865594,0.78,0.7799119647859143,0.780448717948718,0.78,0.56
O1,sub-021,"{""C"": 23.357214690901213, ""gamma"": ""auto""}",0.6234886105304686,0.665,0.6647904940587868,0.6654135338345865,0.665,0.32999999999999996
O2,sub-021,"{""C"": 0.42813323987193935, ""gamma"": ""scale""}",0.6459752468095834,0.79,0.78997899789979,0.7901160464185675,0.79,0.5800000000000001
Fpz,sub-022,"{""C"": 16.23776739188721, ""gamma"": ""auto""}",0.5914995869940678,0.58,0.5772946859903382,0.5821018062397373,0.5800000000000001,0.16000000000000003
Fp1,sub-022,"{""C"": 0.6158482110660264, ""gamma"": ""scale""}",0.6364010101750202,0.57,0.5664885573142454,0.5723439437784208,0.5700000000000001,0.14
Fp2,sub-022,"{""C"": 3.79269019073225, ""gamma"": ""auto""}",0.615924721245364,0.585,0.5847404627892432,0.5852130325814536,0.585,0.17000000000000004
AF3,sub-022,"{""C"": 1.2742749857031335, ""gamma"": ""auto""}",0.629177291537961,0.6,0.5980303487086724,0.601999184006528,0.6000000000000001,0.19999999999999996
AF4,sub-022,"{""C"": 5.455594781168517, ""gamma"": ""auto""}",0.6394991888731749,0.59,0.5873590982286634,0.5923645320197044,0.5900000000000001,0.18000000000000005
AF7,sub-022,"{""C"": 0.6158482110660264, ""gamma"": ""auto""}",0.6684150842085439,0.6,0.5880959736381424,0.6130710085933966,0.6,0.19999999999999996
AF8,sub-022,"{""C"": 11.288378916846883, ""gamma"": ""auto""}",0.6909888755995216,0.635,0.6345523266000851,0.635664757310823,0.635,0.27
Fz,sub-022,"{""C"": 69.51927961775606, ""gamma"": ""auto""}",0.6176084310333783,0.575,0.5719070282793182,0.5772320049428483,0.575,0.15000000000000002
F1,sub-022,"{""C"": 33.59818286283781, ""gamma"": ""auto""}",0.6477618870356361,0.63,0.62996299629963,0.6300520208083233,0.63,0.26
F2,sub-022,"{""C"": 0.8858667904100825, ""gamma"": ""scale""}",0.6639835351932245,0.58,0.5543293718166383,0.603950103950104,0.58,0.16000000000000003
F3,sub-022,"{""C"": 0.6158482110660264, ""gamma"": ""scale""}",0.6729839762148345,0.57,0.5587027914614121,0.5779857397504455,0.57,0.14
F4,sub-022,"{""C"": 2.636650898730358, ""gamma"": ""scale""}",0.680907782349099,0.585,0.5733854180051914,0.5953877230389406,0.585,0.17000000000000004
F5,sub-022,"{""C"": 2.636650898730358, ""gamma"": ""auto""}",0.6918224897540983,0.635,0.6323436831104732,0.639017608897127,0.635,0.27
F6,sub-022,"{""C"": 1.2742749857031335, ""gamma"": ""scale""}",0.7169861323204837,0.59,0.5818033455732354,0.59765625,0.59,0.18000000000000005
F7,sub-022,"{""C"": 3.79269019073225, ""gamma"": ""auto""}",0.7154025965386653,0.645,0.64024220313648,0.6530989335867385,0.645,0.29000000000000004
F8,sub-022,"{""C"": 1.2742749857031335, ""gamma"": ""scale""}",0.731494562764896,0.565,0.5478052963954365,0.576659983488619,0.565,0.13
FCz,sub-022,"{""C"": 0.29763514416313175, ""gamma"": ""scale""}",0.6440514157967578,0.485,0.4812520460325854,0.48455359901143036,0.485,-0.030000000000000027
FC1,sub-022,"{""C"": 48.32930238571752, ""gamma"": ""auto""}",0.6729672967296729,0.64,0.6396757081373237,0.6405058209554395,0.64,0.28
FC2,sub-022,"{""C"": 69.51927961775606, ""gamma"": ""auto""}",0.6644858245260863,0.57,0.569827931172469,0.5701121794871795,0.5700000000000001,0.14
FC3,sub-022,"{""C"": 0.8858667904100825, ""gamma"": ""scale""}",0.686999686999687,0.6,0.5951007186962243,0.6050861706599411,0.6,0.19999999999999996
FC4,sub-022,"{""C"": 3.79269019073225, ""gamma"": ""auto""}",0.6878988792368728,0.56,0.5578333835795397,0.5611995104039168,0.56,0.12
FC5,sub-022,"{""C"": 48.32930238571752, ""gamma"": ""auto""}",0.7129069818621233,0.625,0.6249156060113525,0.625112601341207,0.625,0.25
FC6,sub-022,"{""C"": 33.59818286283781, ""gamma"": ""auto""}",0.7224843897469233,0.65,0.648735447611401,0.6521915584415584,0.6499999999999999,0.30000000000000004
FT7,sub-022,"{""C"": 16.23776739188721, ""gamma"": ""auto""}",0.726277669036675,0.605,0.5997061133490411,0.6108647450110865,0.605,0.20999999999999996
FT8,sub-022,"{""C"": 3.79269019073225, ""gamma"": ""auto""}",0.7349830389144906,0.65,0.64996499649965,0.6500600240096038,0.65,0.30000000000000004
Cz,sub-022,"{""C"": 1.2742749857031335, ""gamma"": ""scale""}",0.6521325650218043,0.505,0.5049876246906173,0.5050005000500051,0.505,0.010000000000000009
C1,sub-022,"{""C"": 0.20691380811147897, ""gamma"": ""scale""}",0.6603959962738588,0.555,0.5467393241832395,0.5593247761837989,0.5549999999999999,0.10999999999999999
C2,sub-022,"{""C"": 69.51927961775606, ""gamma"": ""auto""}",0.6577861163227017,0.56,0.5592948717948718,0.5603864734299517,0.56,0.12
C3,sub-022,"{""C"": 48.32930238571752, ""gamma"": ""auto""}",0.6638786601963309,0.575,0.5744787364521539,0.575369309617124,0.575,0.15000000000000002
C4,sub-022,"{""C"": 0.6158482110660264, ""gamma"": ""auto""}",0.669,0.645,0.6442796663243067,0.6461840911382195,0.645,0.29000000000000004
C5,sub-022,"{""C"": 1.8329807108324356, ""gamma"": ""auto""}",0.6874717943294382,0.59,0.5818033455732354,0.59765625,0.59,0.18000000000000005
C6,sub-022,"{""C"": 0.42813323987193935, ""gamma"": ""auto""}",0.6974872188349958,0.64,0.6398559423769508,0.640224358974359,0.64,0.28
T7,sub-022,"{""C"": 0.6158482110660264, ""gamma"": ""auto""}",0.6954103143686177,0.585,0.576087234096887,0.592804891363686,0.585,0.17000000000000004
T8,sub-022,"{""C"": 0.8858667904100825, ""gamma"": ""scale""}",0.7044094754018418,0.625,0.6249906247656192,0.6250125012501251,0.625,0.25
CP1,sub-022,"{""C"": 69.51927961775606, ""gamma"": ""auto""}",0.5874990718729116,0.585,0.5849896247406186,0.5850085008500849,0.585,0.17000000000000004
CP2,sub-022,"{""C"": 0.1, ""gamma"": ""scale""}",0.6179140306568978,0.615,0.613831841319993,0.6164085433748355,0.615,0.22999999999999998
CP3,sub-022,"{""C"": 0.8858667904100825, ""gamma"": ""auto""}",0.6369705946181641,0.705,0.7048155096935584,0.7055137844611529,0.7050000000000001,0.41000000000000003
CP4,sub-022,"{""C"": 0.42813323987193935, ""gamma"": ""scale""}",0.6476391825229034,0.575,0.5744787364521539,0.575369309617124,0.575,0.15000000000000002
CP5,sub-022,"{""C"": 0.6158482110660264, ""gamma"": ""scale""}",0.6434999108749777,0.66,0.6572235104345197,0.6653575857792475,0.6599999999999999,0.31999999999999995
CP6,sub-022,"{""C"": 0.42813323987193935, ""gamma"": ""auto""}",0.6704636686194653,0.6,0.5989974937343359,0.601010101010101,0.6000000000000001,0.19999999999999996
TP7,sub-022,"{""C"": 0.42813323987193935, ""gamma"": ""scale""}",0.6499943999103985,0.56,0.5598239295718287,0.5600961538461539,0.56,0.12
TP8,sub-022,"{""C"": 0.8858667904100825, ""gamma"": ""scale""}",0.6648521998201207,0.605,0.6047529706066291,0.6052631578947368,0.605,0.20999999999999996
Pz,sub-022,"{""C"": 5.455594781168517, ""gamma"": ""auto""}",0.658383081609681,0.625,0.6228786926461345,0.6278772378516624,0.625,0.25
P3,sub-022,"{""C"": 48.32930238571752, ""gamma"": ""auto""}",0.6534853597564496,0.64,0.6390977443609023,0.6414141414141414,0.6399999999999999,0.28
P4,sub-022,"{""C"": 0.8858667904100825, ""gamma"": ""scale""}",0.6716637837145236,0.59,0.5899589958995899,0.5900360144057624,0.59,0.18000000000000005
P5,sub-022,"{""C"": 0.8858667904100825, ""gamma"": ""auto""}",0.6231720654899926,0.64,0.63996399639964,0.6400560224089635,0.64,0.28
P6,sub-022,"{""C"": 1.8329807108324356, ""gamma"": ""scale""}",0.6743631511142558,0.585,0.5849896247406186,0.5850085008500849,0.585,0.17000000000000004
P7,sub-022,"{""C"": 100.0, ""gamma"": ""auto""}",0.6347337208825234,0.65,0.65,0.65,0.65,0.30000000000000004
P8,sub-022,"{""C"": 1.8329807108324356, ""gamma"": ""scale""}",0.6622972939506939,0.6,0.5998399359743898,0.6001602564102564,0.6,0.19999999999999996
POz,sub-022,"{""C"": 23.357214690901213, ""gamma"": ""auto""}",0.6703990597120368,0.625,0.6222709073052807,0.6287200082380805,0.625,0.25
PO3,sub-022,"{""C"": 1.8329807108324356, ""gamma"": ""scale""}",0.6548011654713115,0.605,0.6049901247531189,0.605010501050105,0.605,0.20999999999999996
PO4,sub-022,"{""C"": 5.455594781168517, ""gamma"": ""auto""}",0.6729790706605223,0.64,0.6396757081373237,0.6405058209554395,0.64,0.28
PO5,sub-022,"{""C"": 33.59818286283781, ""gamma"": ""auto""}",0.646378973203579,0.65,0.64996499649965,0.6500600240096038,0.65,0.30000000000000004
PO6,sub-022,"{""C"": 5.455594781168517, ""gamma"": ""scale""}",0.6588768545444905,0.62,0.6190476190476191,0.6212121212121212,0.62,0.24
PO7,sub-022,"{""C"": 2.636650898730358, ""gamma"": ""scale""}",0.632732261818866,0.63,0.63,0.63,0.63,0.26
PO8,sub-022,"{""C"": 0.8858667904100825, ""gamma"": ""scale""}",0.6543609133287449,0.64,0.6398559423769508,0.640224358974359,0.64,0.28
Oz,sub-022,"{""C"": 0.29763514416313175, ""gamma"": ""scale""}",0.619328495466002,0.65,0.6439833180754755,0.6608751608751608,0.65,0.30000000000000004
O1,sub-022,"{""C"": 33.59818286283781, ""gamma"": ""auto""}",0.604968002408195,0.69,0.689875950380152,0.6903044871794872,0.69,0.38
O2,sub-022,"{""C"": 0.6158482110660264, ""gamma"": ""scale""}",0.6350137470645267,0.63,0.6286631874749097,0.6318993506493507,0.6299999999999999,0.26
Fpz,sub-023,"{""C"": 5.455594781168517, ""gamma"": ""auto""}",0.6115863540011993,0.6633165829145728,0.6632825719120135,0.6634829189407722,0.6633838383838384,0.32671817401403824
Fp1,sub-023,"{""C"": 16.23776739188721, ""gamma"": ""scale""}",0.6502543911461824,0.6381909547738693,0.6370820668693009,0.6394790602655771,0.6379292929292929,0.27599797877716015
Fp2,sub-023,"{""C"": 3.79269019073225, ""gamma"": ""scale""}",0.634,0.6381909547738693,0.6374493927125506,0.638990638990639,0.637979797979798,0.2760711398544866
AF3,sub-023,"{""C"": 2.636650898730358, ""gamma"": ""auto""}",0.6541990667378286,0.7035175879396985,0.7020428879583809,0.7069870343692117,0.7031818181818181,0.4066306160610502
AF4,sub-023,"{""C"": 33.59818286283781, ""gamma"": ""auto""}",0.6324977031106445,0.6884422110552764,0.6878036437246964,0.6896113146113146,0.6882323232323233,0.3766168148746968
AF7,sub-023,"{""C"": 0.6158482110660264, ""gamma"": ""auto""}",0.685566052567639,0.6532663316582915,0.6523885471253892,0.654434250764526,0.6530303030303031,0.30619978778232526
AF8,sub-023,"{""C"": 2.636650898730358, ""gamma"": ""scale""}",0.6924777815197147,0.7135678391959799,0.7134520651762031,0.7141194331983806,0.7136868686868687,0.4272658419591012
Fz,sub-023,"{""C"": 23.357214690901213, ""gamma"": ""auto""}",0.6163231941144178,0.6683417085427136,0.6682663164275611,0.6683848797250859,0.6682828282828284,0.3365996565309627
F1,sub-023,"{""C"": 1.2742749857031335, ""gamma"": ""scale""}",0.6538324549081755,0.7336683417085427,0.7335606921813818,0.7338693365695793,0.7335858585858586,0.4672425114916402
F2,sub-023,"{""C"": 2.636650898730358, ""gamma"": ""auto""}",0.656978046594982,0.7688442211055276,0.7683704453441296,0.7706043956043955,0.7686363636363637,0.5374898949070331
F3,sub-023,"{""C"": 5.455594781168517, ""gamma"": ""auto""}",0.6832053017319362,0.7386934673366834,0.7385284010511421,0.7390688259109311,0.7385858585858586,0.4772681349767629
F4,sub-023,"{""C"": 1.2742749857031335, ""gamma"": ""scale""}",0.6784323904100837,0.7185929648241206,0.7177304964539006,0.7207865168539326,0.7183333333333333,0.43688731682668014
F5,sub-023,"{""C"": 3.79269019073225, ""gamma"": ""auto""}",0.7042763589964911,0.7085427135678392,0.7030767647664129,0.7237442922374429,0.7078787878787879,0.416304237888136
F6,sub-023,"{""C"": 0.6158482110660264, ""gamma"": ""scale""}",0.7098038273873137,0.7839195979899497,0.7825136612021858,0.7905797101449276,0.7835353535353535,0.5675006317917615
F7,sub-023,"{""C"": 5.455594781168517, ""gamma"": ""auto""}",0.7132154380183737,0.7185929648241206,0.7147829647829648,0.7297743240366191,0.718030303030303,0.43654565679037316
F8,sub-023,"{""C"": 1.8329807108324356, ""gamma"": ""auto""}",0.7144479581403711,0.7386934673366834,0.7383697411003236,0.7395516331913167,0.7385353535353536,0.4772153177730626
FCz,sub-023,"{""C"": 0.8858667904100825, ""gamma"": ""auto""}",0.649468364519898,0.7035175879396985,0.7033977516736137,0.7036812297734628,0.7034343434343434,0.40693034298125985
FC1,sub-023,"{""C"": 48.32930238571752, ""gamma"": ""auto""}",0.6738822715000115,0.7587939698492462,0.758495145631068,0.7597382836275106,0.7586363636363637,0.5174295240982116
FC2,sub-023,"{""C"": 1.8329807108324356, ""gamma"": ""scale""}",0.6539501688243107,0.6984924623115578,0.698118932038835,0.6991783323189288,0.6983333333333333,0.3967869051227645
FC3,sub-023,"{""C"": 3.79269019073225, ""gamma"": ""auto""}",0.695384169830578,0.7437185929648241,0.7434854037659547,0.7443262411347518,0.7435858585858586,0.4872947714069209
FC4,sub-023,"{""C"": 0.6158482110660264, ""gamma"": ""scale""}",0.680884799412588,0.7587939698492462,0.7577601947656726,0.7626231527093597,0.7584848484848485,0.51728320194057
FC5,sub-023,"{""C"": 5.455594781168517, ""gamma"": ""auto""}",0.7153684290563314,0.7839195979899497,0.783131003370758,0.7874692874692875,0.7836363636363637,0.567588053969377
FC6,sub-023,"{""C"": 1.2742749857031335, ""gamma"": ""scale""}",0.708,0.7035175879396985,0.7030376609252093,0.7044900446972775,0.7033333333333334,0.40681048855656043
FT7,sub-023,"{""C"": 7.847599703514611, ""gamma"": ""auto""}",0.7261351435449879,0.6984924623115578,0.6972002434570906,0.7013546798029557,0.6981818181818182,0.3966040024257125
FT8,sub-023,"{""C"": 1.8329807108324356, ""gamma"": ""auto""}",0.7273854337285244,0.7386934673366834,0.7381578947368421,0.7402319902319903,0.7384848484848485,0.47716248989490706
Cz,sub-023,"{""C"": 0.8858667904100825, ""gamma"": ""scale""}",0.6625380145419079,0.7437185929648241,0.7427832830676433,0.7479474548440066,0.7440404040404041,0.48776056124766565
C1,sub-023,"{""C"": 3.79269019073225, ""gamma"": ""auto""}",0.6639028679288315,0.8241206030150754,0.8236753499911394,0.8268603465851172,0.8238888888888889,0.6480723561214694
C2,sub-023,"{""C"": 69.51927961775606, ""gamma"": ""auto""}",0.6384926794767594,0.678391959798995,0.6779935275080906,0.6789916818827348,0.6782323232323233,0.35657269879761544
C3,sub-023,"{""C"": 0.42813323987193935, ""gamma"": ""scale""}",0.6563040156316542,0.7135678391959799,0.7135678391959799,0.7135858585858585,0.7135858585858585,0.4271501439321247
C4,sub-023,"{""C"": 0.14384498882876628, ""gamma"": ""scale""}",0.6539653965396539,0.7085427135678392,0.7081816343042071,0.7092716575370257,0.7083838383838383,0.41689400828533896
C5,sub-023,"{""C"": 69.51927961775606, ""gamma"": ""auto""}",0.6808455292361503,0.7336683417085427,0.732994101415154,0.7355759429153925,0.7334343434343434,0.4670809964125108
C6,sub-023,"{""C"": 0.29763514416313175, ""gamma"": ""scale""}",0.6743045012768915,0.7286432160804021,0.7249692874692875,0.7403661911858633,0.7280808080808081,0.45666902619071703
T7,sub-023,"{""C"": 5.455594781168517, ""gamma"": ""auto""}",0.6904796963695973,0.7386934673366834,0.7383697411003236,0.7395516331913167,0.7385353535353536,0.4772153177730626
T8,sub-023,"{""C"": 0.1, ""gamma"": ""scale""}",0.6960013662409767,0.7236180904522613,0.721819799212098,0.7287784679089027,0.7232323232323232,0.44680313368713676
CP1,sub-023,"{""C"": 1.2742749857031335, ""gamma"": ""scale""}",0.5944998986249747,0.542713567839196,0.5305752132099437,0.5465873372249663,0.5419191919191919,0.0839698517881532
CP2,sub-023,"{""C"": 2.636650898730358, ""gamma"": ""auto""}",0.6199619961996199,0.7185929648241206,0.7182443365695793,0.7193649827551227,0.7184343434343434,0.43700111144791354
CP3,sub-023,"{""C"": 100.0, ""gamma"": ""auto""}",0.6474893365524308,0.6834170854271356,0.677022953860422,0.6978346456692913,0.6827272727272726,0.36595357305416476
CP4,sub-023,"{""C"": 0.6158482110660264, ""gamma"": ""auto""}",0.6472706377321853,0.7688442211055276,0.7688383838383839,0.7688383838383839,0.7688383838383839,0.5376767676767676
CP5,sub-023,"{""C"": 33.59818286283781, ""gamma"": ""auto""}",0.6559996559996559,0.7135678391959799,0.7112050309341345,0.7199291223681468,0.7131313131313132,0.42662892382348483
CP6,sub-023,"{""C"": 1.2742749857031335, ""gamma"": ""auto""}",0.6674480387560556,0.7688442211055276,0.7683704453441296,0.7706043956043955,0.7686363636363637,0.5374898949070331
TP7,sub-023,"{""C"": 2.636650898730358, ""gamma"": ""auto""}",0.647829549501959,0.7437185929648241,0.7436150056839712,0.7439320388349515,0.7436363636363637,0.487346567661767
TP8,sub-023,"{""C"": 0.6158482110660264, ""gamma"": ""auto""}",0.6674979218620116,0.7437185929648241,0.7420510865421274,0.7493788819875776,0.7433333333333333,0.48703563305534503
Pz,sub-023,"{""C"": 1.2742749857031335, ""gamma"": ""scale""}",0.6671578974319199,0.7386934673366834,0.7386868686868686,0.7387856132552031,0.7387373737373737,0.4774265225734774
P3,sub-023,"{""C"": 3.79269019073225, ""gamma"": ""scale""}",0.6639593390800287,0.7788944723618091,0.7786205501618123,0.7799249340637047,0.7787373737373737,0.5576437304233606
P4,sub-023,"{""C"": 100.0, ""gamma"": ""auto""}",0.6943452622890338,0.6331658291457286,0.6325720211447505,0.6337362860625761,0.632979797979798,0.26605365533269343
P5,sub-023,"{""C"": 1.2742749857031335, ""gamma"": ""auto""}",0.6324888827887043,0.7688442211055276,0.7685578478964401,0.7698316088456076,0.7686868686868686,0.5375366272607861
P6,sub-023,"{""C"": 1.8329807108324356, ""gamma"": ""scale""}",0.6889800947260625,0.5527638190954773,0.5376321629030153,0.5594328703703704,0.5518686868686868,0.10392107260308625
P7,sub-023,"{""C"": 0.6158482110660264, ""gamma"": ""scale""}",0.6489912247806195,0.7236180904522613,0.7235901709725485,0.7236310365730451,0.7235858585858586,0.4471943027425628
P8,sub-023,"{""C"": 0.29763514416313175, ""gamma"": ""scale""}",0.6642984951717268,0.6984924623115578,0.6899667636061487,0.7212799638172772,0.6976767676767677,0.395993524888709
POz,sub-023,"{""C"": 7.847599703514611, ""gamma"": ""auto""}",0.6633482421968931,0.8391959798994975,0.8385067965104485,0.8443144499178983,0.8388888888888889,0.6781888012937134
PO3,sub-023,"{""C"": 5.455594781168517, ""gamma"": ""scale""}",0.6619513209902226,0.7688442211055276,0.7681357649442756,0.7716036772216548,0.7685858585858585,0.5374431531076301
PO4,sub-023,"{""C"": 11.288378916846883, ""gamma"": ""auto""}",0.6934662046490625,0.6381909547738693,0.6370820668693009,0.6394790602655771,0.6379292929292929,0.27599797877716015
PO5,sub-023,"{""C"": 0.42813323987193935, ""gamma"": ""scale""}",0.6524957430728526,0.7688442211055276,0.7686982009298564,0.7692813765182186,0.7687373737373737,0.5375833501717519
PO6,sub-023,"{""C"": 33.59818286283781, ""gamma"": ""auto""}",0.6828601413223232,0.6080402010050251,0.6051587301587301,0.6106668051516411,0.6076262626262626,0.21542660735948238
PO7,sub-023,"{""C"": 1.2742749857031335, ""gamma"": ""scale""}",0.6399996399996399,0.7889447236180904,0.788896746817539,0.7890640792399434,0.788888888888889,0.5778361450651581
PO8,sub-023,"{""C"": 2.636650898730358, ""gamma"": ""scale""}",0.6634857822743011,0.7638190954773869,0.7622823738721566,0.7699792960662526,0.7634343434343434,0.5272681324235533
Oz,sub-023,"{""C"": 2.636650898730358, ""gamma"": ""scale""}",0.624615606380934,0.5226130653266332,0.5177418943394301,0.52415611814346,0.5231313131313131,0.04621361182584127
O1,sub-023,"{""C"": 3.79269019073225, ""gamma"": ""scale""}",0.6189813300851741,0.7889447236180904,0.7888114008489994,0.7899696048632219,0.7890909090909091,0.5780066646470767
O2,sub-023,"{""C"": 33.59818286283781, ""gamma"": ""auto""}",0.6579586129921721,0.5829145728643216,0.5813924018551841,0.5837428337428338,0.5826262626262626,0.165344383243216
Fpz,sub-024,"{""C"": 3.79269019073225, ""gamma"": ""auto""}",0.6018142245482282,0.765,0.7645231593977806,0.7671640286319186,0.765,0.53
Fp1,sub-024,"{""C"": 1.2742749857031335, ""gamma"": ""scale""}",0.6391188192528358,0.81,0.8096955128205128,0.8119967793880838,0.81,0.62
Fp2,sub-024,"{""C"": 1.8329807108324356, ""gamma"": ""auto""}",0.6234727959095044,0.82,0.8195488721804511,0.8232323232323232,0.8200000000000001,0.64
AF3,sub-024,"{""C"": 1.2742749857031335, ""gamma"": ""scale""}",0.6282768731931341,0.815,0.8144386769979186,0.8188581840267233,0.815,0.63
AF4,sub-024,"{""C"": 0.42813323987193935, ""gamma"": ""auto""}",0.6314925377238889,0.77,0.769792813532179,0.7709755118426336,0.77,0.54
AF7,sub-024,"{""C"": 0.8858667904100825, ""gamma"": ""scale""}",0.6717594071624102,0.805,0.8047608320192235,0.8065018591096372,0.8049999999999999,0.61
AF8,sub-024,"{""C"": 0.8858667904100825, ""gamma"": ""scale""}",0.6699970299732698,0.895,0.8948712172411204,0.8969450306501858,0.895,0.79
Fz,sub-024,"{""C"": 7.847599703514611, ""gamma"": ""auto""}",0.6040100250626567,0.775,0.7747240369452579,0.7763541352627876,0.775,0.55
F1,sub-024,"{""C"": 1.2742749857031335, ""gamma"": ""auto""}",0.628131012997647,0.815,0.8148843026891808,0.8157894736842106,0.815,0.63
F2,sub-024,"{""C"": 5.455594781168517, ""gamma"": ""auto""}",0.6444529789064604,0.78,0.78,0.78,0.78,0.56
F3,sub-024,"{""C"": 69.51927961775606, ""gamma"": ""auto""}",0.6559005552604702,0.845,0.8443423464135975,0.8509307293256028,0.845,0.69
F4,sub-024,"{""C"": 1.8329807108324356, ""gamma"": ""auto""}",0.6779739158871869,0.805,0.8049561151259033,0.8052747472725452,0.8049999999999999,0.61
F5,sub-024,"{""C"": 1.8329807108324356, ""gamma"": ""auto""}",0.6852071639642778,0.85,0.8492613807657522,0.8569971440228478,0.8500000000000001,0.7
F6,sub-024,"{""C"": 0.8858667904100825, ""gamma"": ""auto""}",0.7024874300939214,0.875,0.8749218261413383,0.8759398496240601,0.875,0.75
F7,sub-024,"{""C"": 1.2742749857031335, ""gamma"": ""scale""}",0.6989229242686128,0.87,0.8689384010484928,0.8823894171145101,0.87,0.74
F8,sub-024,"{""C"": 0.6158482110660264, ""gamma"": ""auto""}",0.7269931748293708,0.895,0.8949343339587242,0.8959899749373433,0.895,0.79
FCz,sub-024,"{""C"": 48.32930238571752, ""gamma"": ""auto""}",0.6338062835239842,0.765,0.7648530331457161,0.7656641604010025,0.765,0.53
FC1,sub-024,"{""C"": 33.59818286283781, ""gamma"": ""auto""}",0.6543250020322788,0.84,0.839421918908069,0.8449675324675325,0.8400000000000001,0.6799999999999999
FC2,sub-024,"{""C"": 7.847599703514611, ""gamma"": ""auto""}",0.650998603994416,0.76,0.75997599759976,0.7601040416166467,0.76,0.52
FC3,sub-024,"{""C"": 69.51927961775606, ""gamma"": ""auto""}",0.6734313389390119,0.855,0.8539447508247086,0.8655648233961487,0.855,0.71
FC4,sub-024,"{""C"": 0.42813323987193935, ""gamma"": ""auto""}",0.662438479412873,0.795,0.7948717948717949,0.7957393483709273,0.7949999999999999,0.5900000000000001
FC5,sub-024,"{""C"": 3.79269019073225, ""gamma"": ""scale""}",0.6981812038966158,0.87,0.8698828946051447,0.8713368125250903,0.87,0.74
FC6,sub-024,"{""C"": 0.6158482110660264, ""gamma"": ""auto""}",0.7019973179758618,0.865,0.8648344221671547,0.8667973068033363,0.865,0.73
FT7,sub-024,"{""C"": 7.847599703514611, ""gamma"": ""auto""}",0.7064316516776479,0.86,0.8590982286634461,0.8694581280788177,0.86,0.72
FT8,sub-024,"{""C"": 0.8858667904100825, ""gamma"": ""auto""}",0.7199974799773199,0.88,0.87998799879988,0.8801520608243297,0.88,0.76
Cz,sub-024,"{""C"": 100.0, ""gamma"": ""auto""}",0.6403632481250996,0.755,0.7548467792370231,0.7556390977443609,0.755,0.51
C1,sub-024,"{""C"": 5.455594781168517, ""gamma"": ""scale""}",0.6412085716623327,0.84,0.8380402874784898,0.8572929802437999,0.84,0.6799999999999999
C2,sub-024,"{""C"": 3.79269019073225, ""gamma"": ""auto""}",0.6484746022900154,0.68,0.6798719487795117,0.6802884615384616,0.6799999999999999,0.36
C3,sub-024,"{""C"": 1.8329807108324356, ""gamma"": ""scale""}",0.6589914747868697,0.86,0.8590982286634461,0.8694581280788177,0.86,0.72
C4,sub-024,"{""C"": 2.636650898730358, ""gamma"": ""auto""}",0.6494361097309984,0.75,0.74997499749975,0.7501000400160064,0.75,0.5
C5,sub-024,"{""C"": 0.20691380811147897, ""gamma"": ""scale""}",0.6677205529850605,0.85,0.8481627695110842,0.867801597309794,0.85,0.7
C6,sub-024,"{""C"": 1.2742749857031335, ""gamma"": ""auto""}",0.6769738348806253,0.79,0.78997899789979,0.7901160464185675,0.79,0.5800000000000001
T7,sub-024,"{""C"": 2.636650898730358, ""gamma"": ""auto""}",0.6772378364326425,0.86,0.8588567395906845,0.8720545680033072,0.86,0.72
T8,sub-024,"{""C"": 0.29763514416313175, ""gamma"": ""scale""}",0.6853677758077832,0.795,0.7949948748718718,0.7950295029502951,0.795,0.5900000000000001
CP1,sub-024,"{""C"": 0.42813323987193935, ""gamma"": ""scale""}",0.5978548255920387,0.56,0.548440065681445,0.5668449197860963,0.56,0.12
CP2,sub-024,"{""C"": 16.23776739188721, ""gamma"": ""auto""}",0.59236048537612,0.84,0.8397435897435898,0.8421900161030595,0.8400000000000001,0.6799999999999999
CP3,sub-024,"{""C"": 100.0, ""gamma"": ""auto""}",0.642999642999643,0.56,0.548440065681445,0.5668449197860963,0.56,0.12
CP4,sub-024,"{""C"": 0.6158482110660264, ""gamma"": ""auto""}",0.6473214564873467,0.855,0.8539447508247086,0.8655648233961487,0.855,0.71
CP5,sub-024,"{""C"": 0.6158482110660264, ""gamma"": ""scale""}",0.6466820138124312,0.64,0.625,0.6666666666666666,0.64,0.28
CP6,sub-024,"{""C"": 1.2742749857031335, ""gamma"": ""scale""}",0.6494802832659337,0.785,0.7840877708317642,0.7898992981385413,0.7849999999999999,0.5700000000000001
TP7,sub-024,"{""C"": 33.59818286283781, ""gamma"": ""auto""}",0.6494746745452359,0.695,0.6829439434496738,0.7299799504658568,0.6950000000000001,0.39
TP8,sub-024,"{""C"": 0.8858667904100825, ""gamma"": ""scale""}",0.6609986439945761,0.76,0.7588182092252035,0.7651978784169726,0.76,0.52
Pz,sub-024,"{""C"": 7.847599703514611, ""gamma"": ""auto""}",0.6660551019095189,0.665,0.6647904940587868,0.6654135338345865,0.665,0.32999999999999996
P3,sub-024,"{""C"": 69.51927961775606, ""gamma"": ""auto""}",0.670998683994736,0.46,0.4565217391304348,0.45894909688013136,0.46,-0.08000000000000007
P4,sub-024,"{""C"": 100.0, ""gamma"": ""auto""}",0.6854999213749804,0.855,0.8543847756772364,0.8611026345234463,0.855,0.71
P5,sub-024,"{""C"": 0.42813323987193935, ""gamma"": ""scale""}",0.6457959784836065,0.48,0.46960424316605465,0.4782986111111111,0.48,-0.040000000000000036
P6,sub-024,"{""C"": 0.8858667904100825, ""gamma"": ""scale""}",0.680816150102459,0.845,0.8441231929604023,0.8529411764705883,0.845,0.69
P7,sub-024,"{""C"": 1.8329807108324356, ""gamma"": ""auto""}",0.6469872915424955,0.485,0.46464305205436734,0.48230923457954944,0.485,-0.030000000000000027
P8,sub-024,"{""C"": 100.0, ""gamma"": ""auto""}",0.6454956573218023,0.785,0.7845637415766928,0.787327351547535,0.7849999999999999,0.5700000000000001
POz,sub-024,"{""C"": 1.8329807108324356, ""gamma"": ""auto""}",0.6676184410101692,0.535,0.5323695788812068,0.5358056265984654,0.535,0.06999999999999995
PO3,sub-024,"{""C"": 2.636650898730358, ""gamma"": ""scale""}",0.6589832901812189,0.475,0.4727724636589591,0.47457023700539114,0.475,-0.050000000000000044
PO4,sub-024,"{""C"": 3.79269019073225, ""gamma"": ""auto""}",0.6828601413223232,0.765,0.7632897685779759,0.7728864174647307,0.765,0.53
PO5,sub-024,"{""C"": 16.23776739188721, ""gamma"": ""auto""}",0.6639835351932245,0.44,0.4354269583627382,0.4379909053327822,0.44,-0.1200000000000001
PO6,sub-024,"{""C"": 11.288378916846883, ""gamma"": ""auto""}",0.6674999168749791,0.78,0.7777777777777778,0.7916666666666666,0.78,0.56
PO7,sub-024,"{""C"": 7.847599703514611, ""gamma"": ""auto""}",0.6419967779710017,0.51,0.5039983804028747,0.510508617065994,0.51,0.020000000000000018
PO8,sub-024,"{""C"": 16.23776739188721, ""gamma"": ""auto""}",0.6679598231385997,0.585,0.5844910014768091,0.5854185508994071,0.585,0.17000000000000004
Oz,sub-024,"{""C"": 33.59818286283781, ""gamma"": ""auto""}",0.6264886629796191,0.58,0.5779318661441061,0.5815993472052223,0.5800000000000001,0.16000000000000003
O1,sub-024,"{""C"": 11.288378916846883, ""gamma"": ""auto""}",0.6204885197777232,0.44,0.43434343434343436,0.4375,0.44000000000000006,-0.1200000000000001
O2,sub-024,"{""C"": 0.6158482110660264, ""gamma"": ""scale""}",0.6420488921162895,0.54,0.5362435729408206,0.5413393964448119,0.54,0.07999999999999996
Fpz,sub-025,"{""C"": 1.2742749857031335, ""gamma"": ""auto""}",0.5974734566829056,0.685,0.6843608306821314,0.6865107369694525,0.685,0.37
Fp1,sub-025,"{""C"": 0.8858667904100825, ""gamma"": ""scale""}",0.6399663401076245,0.755,0.7536140791954746,0.7608695652173914,0.755,0.51
Fp2,sub-025,"{""C"": 0.8858667904100825, ""gamma"": ""scale""}",0.6139131304543521,0.73,0.7298919567827131,0.7303685897435898,0.73,0.45999999999999996
AF3,sub-025,"{""C"": 0.20691380811147897, ""gamma"": ""scale""}",0.6474533757089375,0.725,0.7249931248281207,0.725022502250225,0.725,0.44999999999999996
AF4,sub-025,"{""C"": 0.8858667904100825, ""gamma"": ""auto""}",0.6426784105695125,0.815,0.8149953748843721,0.815031503150315,0.815,0.63
AF7,sub-025,"{""C"": 1.2742749857031335, ""gamma"": ""auto""}",0.6727009500708311,0.765,0.7632897685779759,0.7728864174647307,0.765,0.53
AF8,sub-025,"{""C"": 1.2742749857031335, ""gamma"": ""auto""}",0.6803906136875346,0.795,0.794377993430126,0.7986132199615346,0.7949999999999999,0.5900000000000001
Fz,sub-025,"{""C"": 0.29763514416313175, ""gamma"": ""scale""}",0.613990349758744,0.765,0.7623802421699234,0.7772256512187468,0.765,0.53
F1,sub-025,"{""C"": 0.42813323987193935, ""gamma"": ""scale""}",0.6479098649254209,0.8,0.7999799979998,0.8001200480192077,0.8,0.6
F2,sub-025,"{""C"": 23.357214690901213, ""gamma"": ""auto""}",0.6583700952287107,0.85,0.8497596153846154,0.8522544283413849,0.8500000000000001,0.7
F3,sub-025,"{""C"": 0.8858667904100825, ""gamma"": ""scale""}",0.6799459108589352,0.79,0.7898108297467721,0.7910477719791249,0.79,0.5800000000000001
F4,sub-025,"{""C"": 23.357214690901213, ""gamma"": ""auto""}",0.6824961105773546,0.86,0.8599859985998599,0.8601440576230492,0.86,0.72
F5,sub-025,"{""C"": 2.636650898730358, ""gamma"": ""auto""}",0.6862451526252198,0.79,0.7889659330720531,0.7957976336189311,0.79,0.5800000000000001
F6,sub-025,"{""C"": 2.636650898730358, ""gamma"": ""auto""}",0.7074297099878246,0.835,0.8349628666449951,0.835301771594435,0.835,0.6699999999999999
F7,sub-025,"{""C"": 0.8858667904100825, ""gamma"": ""auto""}",0.6945589431138564,0.785,0.7830419536315245,0.7956738250855898,0.7849999999999999,0.5700000000000001
F8,sub-025,"{""C"": 2.636650898730358, ""gamma"": ""auto""}",0.7248899559823929,0.825,0.8248905565978737,0.8258145363408521,0.825,0.65
FCz,sub-025,"{""C"": 100.0, ""gamma"": ""auto""}",0.652467742311601,0.785,0.782118517392516,0.8009185936015204,0.785,0.5700000000000001
FC1,sub-025,"{""C"": 0.6158482110660264, ""gamma"": ""scale""}",0.6598353603143922,0.775,0.7740453415681253,0.7797273929406978,0.7749999999999999,0.55
FC2,sub-025,"{""C"": 48.32930238571752, ""gamma"": ""auto""}",0.6667570659010418,0.81,0.8095238095238095,0.8131313131313131,0.81,0.62
FC3,sub-025,"{""C"": 1.2742749857031335, ""gamma"": ""scale""}",0.6909987639950559,0.78,0.78,0.78,0.78,0.56
FC4,sub-025,"{""C"": 5.455594781168517, ""gamma"": ""auto""}",0.6829743209199945,0.835,0.8348968105065666,0.8358395989974937,0.835,0.6699999999999999
FC5,sub-025,"{""C"": 1.2742749857031335, ""gamma"": ""scale""}",0.6952164751259859,0.77,0.7681217864704104,0.7790409260024803,0.77,0.54
FC6,sub-025,"{""C"": 0.6158482110660264, ""gamma"": ""auto""}",0.708999708999709,0.855,0.8549963749093727,0.855035503550355,0.855,0.71
FT7,sub-025,"{""C"": 16.23776739188721, ""gamma"": ""auto""}",0.7080672827298262,0.775,0.7729508817074093,0.7852993049071479,0.775,0.55
FT8,sub-025,"{""C"": 1.2742749857031335, ""gamma"": ""auto""}",0.7269975429778868,0.87,0.8699479791916767,0.8705929487179487,0.87,0.74
Cz,sub-025,"{""C"": 0.6158482110660264, ""gamma"": ""scale""}",0.6567894683969487,0.82,0.8197115384615384,0.822061191626409,0.8200000000000001,0.64
C1,sub-025,"{""C"": 0.8858667904100825, ""gamma"": ""scale""}",0.6448849427214418,0.76,0.7596153846153846,0.7616747181964574,0.76,0.52
C2,sub-025,"{""C"": 33.59818286283781, ""gamma"": ""auto""}",0.6514978218613867,0.825,0.8248905565978737,0.8258145363408521,0.825,0.65
C3,sub-025,"{""C"": 2.636650898730358, ""gamma"": ""scale""}",0.6497054022432867,0.71,0.7070707070707071,0.71875,0.71,0.42000000000000004
C4,sub-025,"{""C"": 0.8858667904100825, ""gamma"": ""auto""}",0.6744979656122851,0.74,0.7390606182256123,0.7435064935064934,0.74,0.48
C5,sub-025,"{""C"": 7.847599703514611, ""gamma"": ""auto""}",0.6723754207537416,0.725,0.7213143827113577,0.7375673107380425,0.725,0.44999999999999996
C6,sub-025,"{""C"": 2.636650898730358, ""gamma"": ""auto""}",0.6874717943294382,0.77,0.7699769976997699,0.7701080432172869,0.77,0.54
T7,sub-025,"{""C"": 16.23776739188721, ""gamma"": ""auto""}",0.6773895865860091,0.71,0.7042023663810689,0.7278645833333333,0.71,0.42000000000000004
T8,sub-025,"{""C"": 0.29763514416313175, ""gamma"": ""scale""}",0.6960494693259083,0.82,0.81998199819982,0.8201280512204883,0.8200000000000001,0.64
CP1,sub-025,"{""C"": 69.51927961775606, ""gamma"": ""auto""}",0.5905541134295247,0.465,0.46197360150848527,0.4641943734015345,0.465,-0.07000000000000006
CP2,sub-025,"{""C"": 1.8329807108324356, ""gamma"": ""scale""}",0.6304991686231294,0.475,0.4584139264990329,0.47150997150997154,0.475,-0.050000000000000044
CP3,sub-025,"{""C"": 48.32930238571752, ""gamma"": ""auto""}",0.6478859150364717,0.77,0.7699769976997699,0.7701080432172869,0.77,0.54
CP4,sub-025,"{""C"": 0.8858667904100825, ""gamma"": ""scale""}",0.6554689060687727,0.585,0.5849896247406186,0.5850085008500849,0.585,0.17000000000000004
CP5,sub-025,"{""C"": 2.636650898730358, ""gamma"": ""auto""}",0.6479968319714877,0.72,0.7171717171717171,0.7291666666666667,0.72,0.43999999999999995
CP6,sub-025,"{""C"": 1.8329807108324356, ""gamma"": ""auto""}",0.6743494680416022,0.655,0.6542999574137629,0.6562657525960278,0.655,0.31000000000000005
TP7,sub-025,"{""C"": 0.8858667904100825, ""gamma"": ""scale""}",0.6442864829613976,0.725,0.7238331952499311,0.72886786695148,0.7250000000000001,0.44999999999999996
TP8,sub-025,"{""C"": 1.2742749857031335, ""gamma"": ""auto""}",0.673496000326004,0.685,0.6849291090495362,0.6851666499849864,0.685,0.37
Pz,sub-025,"{""C"": 69.51927961775606, ""gamma"": ""auto""}",0.6690704188064273,0.59,0.5119047619047619,0.75,0.59,0.18000000000000005
P3,sub-025,"{""C"": 7.847599703514611, ""gamma"": ""auto""}",0.6774818583545325,0.865,0.8649696181640869,0.8653287959163247,0.865,0.73
P4,sub-025,"{""C"": 69.51927961775606, ""gamma"": ""auto""}",0.7043633419548185,0.7,0.6997297567811029,0.7007226013649137,0.7,0.4
P5,sub-025,"{""C"": 100.0, ""gamma"": ""auto""}",0.6562936902875951,0.835,0.8346651970239736,0.8377356588365763,0.835,0.6699999999999999
P6,sub-025,"{""C"": 16.23776739188721, ""gamma"": ""auto""}",0.6979891276085939,0.85,0.8499399759903962,0.8505608974358975,0.85,0.7
P7,sub-025,"{""C"": 33.59818286283781, ""gamma"": ""auto""}",0.6479911997799945,0.795,0.7935080959935534,0.80377921944187,0.7949999999999999,0.5900000000000001
P8,sub-025,"{""C"": 1.8329807108324356, ""gamma"": ""auto""}",0.6874905465890343,0.74,0.7393483709273183,0.7424242424242424,0.74,0.48
POz,sub-025,"{""C"": 0.29763514416313175, ""gamma"": ""auto""}",0.6708928836606344,0.755,0.7549448625940837,0.7552297067360625,0.755,0.51
PO3,sub-025,"{""C"": 1.2742749857031335, ""gamma"": ""auto""}",0.6633443809400895,0.83,0.8295739348370927,0.8333333333333334,0.8300000000000001,0.6599999999999999
PO4,sub-025,"{""C"": 0.6158482110660264, ""gamma"": ""auto""}",0.6857536308465837,0.815,0.8144386769979186,0.8188581840267233,0.815,0.63
PO5,sub-025,"{""C"": 16.23776739188721, ""gamma"": ""auto""}",0.6624810145570688,0.855,0.8547057792028858,0.8578989817521927,0.855,0.71
PO6,sub-025,"{""C"": 7.847599703514611, ""gamma"": ""auto""}",0.6934441301927277,0.875,0.8748466871918099,0.8768465480856196,0.875,0.75
PO7,sub-025,"{""C"": 0.6158482110660264, ""gamma"": ""auto""}",0.6474533757089375,0.825,0.8240100565681961,0.8324808184143222,0.825,0.65
PO8,sub-025,"{""C"": 0.6158482110660264, ""gamma"": ""scale""}",0.6828731492597039,0.86,0.8594941790445605,0.8652597402597402,0.8600000000000001,0.72
Oz,sub-025,"{""C"": 2.636650898730358, ""gamma"": ""scale""}",0.6224831794726982,0.705,0.7048155096935584,0.7055137844611529,0.7050000000000001,0.41000000000000003
O1,sub-025,"{""C"": 0.42813323987193935, ""gamma"": ""auto""}",0.6291988167388962,0.735,0.7344622861294121,0.7369190442584939,0.735,0.47
O2,sub-025,"{""C"": 48.32930238571752, ""gamma"": ""auto""}",0.6625866686691197,0.855,0.8548221571424997,0.8567480655210531,0.855,0.71
Fpz,sub-026,"{""C"": 0.42813323987193935, ""gamma"": ""scale""}",0.6029221727458582,0.5527638190954773,0.5275176737361611,0.5690100801240631,0.553939393939394,0.10762331838565031
Fp1,sub-026,"{""C"": 0.8858667904100825, ""gamma"": ""auto""}",0.62713522169521,0.8090452261306532,0.8084599797365755,0.813523751023751,0.8093434343434344,0.6183121340601656
Fp2,sub-026,"{""C"": 0.42813323987193935, ""gamma"": ""scale""}",0.6107941100842346,0.5979899497487438,0.5978985653667408,0.5979886800080857,0.597929292929293,0.19587837155268206
AF3,sub-026,"{""C"": 2.636650898730358, ""gamma"": ""scale""}",0.633673475779728,0.8090452261306532,0.809040404040404,0.8091533643160235,0.8090909090909091,0.6181193818806181
AF4,sub-026,"{""C"": 5.455594781168517, ""gamma"": ""scale""}",0.6279906997674942,0.6733668341708543,0.6717421646999112,0.6775025799793601,0.6737373737373737,0.3472117083017916
AF7,sub-026,"{""C"": 3.79269019073225, ""gamma"": ""auto""}",0.6669926527746433,0.8542713567839196,0.8541387590041704,0.8559545546764049,0.8544444444444443,0.7086383601756955
AF8,sub-026,"{""C"": 3.79269019073225, ""gamma"": ""auto""}",0.6784934894931622,0.9195979899497487,0.9194983818770226,0.9212314871170624,0.9194444444444444,0.8391431746994038
Fz,sub-026,"{""C"": 16.23776739188721, ""gamma"": ""auto""}",0.6011557441610005,0.5778894472361809,0.5529525032092426,0.6024332810047095,0.5790909090909091,0.1577992744860942
F1,sub-026,"{""C"": 33.59818286283781, ""gamma"": ""auto""}",0.6377827192297547,0.8291457286432161,0.8291414141414142,0.8292584360476865,0.8291919191919191,0.6583173416826583
F2,sub-026,"{""C"": 7.847599703514611, ""gamma"": ""auto""}",0.6489494487206158,0.8592964824120602,0.8592929292929292,0.8592929292929292,0.8592929292929292,0.7185858585858586
F3,sub-026,"{""C"": 0.6158482110660264, ""gamma"": ""scale""}",0.6616370899887438,0.8442211055276382,0.8439689404861269,0.8459975619666802,0.844040404040404,0.6883241550042944
F4,sub-026,"{""C"": 0.42813323987193935, ""gamma"": ""scale""}",0.6672959983324716,0.9296482412060302,0.929504048582996,0.9325905575905575,0.9294444444444444,0.8592360549717057
F5,sub-026,"{""C"": 5.455594781168517, ""gamma"": ""auto""}",0.6809236683760042,0.864321608040201,0.8641981549349171,0.8652988855116515,0.8641919191919192,0.7285678201566053
F6,sub-026,"{""C"": 0.8858667904100825, ""gamma"": ""scale""}",0.696969696969697,0.9195979899497487,0.9194331983805668,0.9224664224664225,0.9193939393939394,0.8391269199676636
F7,sub-026,"{""C"": 5.455594781168517, ""gamma"": ""auto""}",0.6804628580644063,0.8844221105527639,0.884129515708463,0.8877166156982671,0.8841919191919192,0.7687332625941085
F8,sub-026,"{""C"": 0.8858667904100825, ""gamma"": ""scale""}",0.7164965270824568,0.9296482412060302,0.9296038002829998,0.930414979757085,0.9295454545454545,0.8592644978783592
FCz,sub-026,"{""C"": 0.14384498882876628, ""gamma"": ""scale""}",0.6369183066189893,0.6030150753768844,0.5806055755635587,0.6333031791160506,0.6041919191919192,0.2078903612636671
FC1,sub-026,"{""C"": 48.32930238571752, ""gamma"": ""auto""}",0.651060248678397,0.8391959798994975,0.8391919191919192,0.8393109719135179,0.8392424242424242,0.6784163215836785
FC2,sub-026,"{""C"": 1.8329807108324356, ""gamma"": ""auto""}",0.6449488726376598,0.8291457286432161,0.8284134712923514,0.8341030377668308,0.8288383838383838,0.6580756013745704
FC3,sub-026,"{""C"": 0.42813323987193935, ""gamma"": ""scale""}",0.6738822715000115,0.8341708542713567,0.8333460220784165,0.8400905536118544,0.8338383838383838,0.6681154293222823
FC4,sub-026,"{""C"": 11.288378916846883, ""gamma"": ""auto""}",0.67499187479687,0.8994974874371859,0.8990667478190302,0.9055829228243021,0.8991919191919191,0.7988680008085709
FC5,sub-026,"{""C"": 100.0, ""gamma"": ""auto""}",0.6905531587612512,0.864321608040201,0.8632023830740637,0.8754951011048572,0.8638888888888889,0.7284031744427033
FC6,sub-026,"{""C"": 5.455594781168517, ""gamma"": ""auto""}",0.704419528216557,0.9296482412060302,0.9293467234733211,0.9362171592775042,0.9293434343434344,0.8592076005659997
FT7,sub-026,"{""C"": 3.79269019073225, ""gamma"": ""auto""}",0.6998510028308711,0.8743718592964824,0.8739133740527663,0.8791461916461916,0.8740909090909091,0.7485977057961494
FT8,sub-026,"{""C"": 0.8858667904100825, ""gamma"": ""scale""}",0.7149928748218706,0.9447236180904522,0.9445836814257866,0.948572884811417,0.9444949494949495,0.8893941690667475
Cz,sub-026,"{""C"": 16.23776739188721, ""gamma"": ""auto""}",0.6465914597274449,0.6733668341708543,0.668545803971813,0.6852150537634408,0.673989898989899,0.3475409836065574
C1,sub-026,"{""C"": 11.288378916846883, ""gamma"": ""auto""}",0.6318659811860978,0.7839195979899497,0.7838977700330834,0.7841621184556297,0.783989898989899,0.5678937534716961
C2,sub-026,"{""C"": 33.59818286283781, ""gamma"": ""auto""}",0.6279906997674942,0.6984924623115578,0.6972002434570906,0.7013546798029557,0.6981818181818182,0.3966040024257125
C3,sub-026,"{""C"": 23.357214690901213, ""gamma"": ""auto""}",0.6365731707286507,0.8743718592964824,0.8740538214222424,0.8775739041794088,0.8741414141414141,0.7486231115153352
C4,sub-026,"{""C"": 2.636650898730358, ""gamma"": ""auto""}",0.6474258712894385,0.7336683417085427,0.7224546722454672,0.776199040767386,0.7326767676767677,0.46627194980011133
C5,sub-026,"{""C"": 69.51927961775606, ""gamma"": ""auto""}",0.6661253091281691,0.5979899497487438,0.586622351474865,0.6114718614718615,0.5988383838383838,0.19733790460824852
C6,sub-026,"{""C"": 0.42813323987193935, ""gamma"": ""auto""}",0.6754992698733573,0.7386934673366834,0.7246114541196509,0.7969696969696969,0.7375757575757576,0.47620975906053864
T7,sub-026,"{""C"": 16.23776739188721, ""gamma"": ""auto""}",0.6752888565789905,0.5728643216080402,0.556699950205729,0.5868377286766453,0.5738383838383838,0.14738646101113972
T8,sub-026,"{""C"": 0.6158482110660264, ""gamma"": ""scale""}",0.6874936717468529,0.6834170854271356,0.6582526918359002,0.7561096902529127,0.682070707070707,0.3651187522155265
CP1,sub-026,"{""C"": 69.51927961775606, ""gamma"": ""auto""}",0.6039964359679237,0.6080402010050251,0.6051587301587301,0.6119449656035022,0.6084848484848485,0.2167726309415683
CP2,sub-026,"{""C"": 69.51927961775606, ""gamma"": ""auto""}",0.6164953020674503,0.6683417085427136,0.655094537815126,0.6968401045378949,0.6673737373737374,0.3353911547414229
CP3,sub-026,"{""C"": 1.2742749857031335, ""gamma"": ""scale""}",0.6419484405754429,0.5628140703517588,0.5583531032371623,0.5661392405063291,0.5633333333333334,0.12653246556682307
CP4,sub-026,"{""C"": 0.14384498882876628, ""gamma"": ""scale""}",0.6481938406898604,0.6432160804020101,0.5928359413273393,0.776232741617357,0.6414646464646465,0.28391870660382146
CP5,sub-026,"{""C"": 0.8858667904100825, ""gamma"": ""scale""}",0.6553255085386978,0.5979899497487438,0.5879917184265011,0.6097889537494388,0.5987878787878788,0.19725695845098823
CP6,sub-026,"{""C"": 0.42813323987193935, ""gamma"": ""auto""}",0.6729529052183514,0.6934673366834171,0.6863388542931708,0.711295681063123,0.6927272727272726,0.38601992817763386
TP7,sub-026,"{""C"": 1.8329807108324356, ""gamma"": ""scale""}",0.6324968882400006,0.6080402010050251,0.6017549261083743,0.6163243243243244,0.6086868686868687,0.21708867144154143
TP8,sub-026,"{""C"": 0.6158482110660264, ""gamma"": ""auto""}",0.6644388439793152,0.6381909547738693,0.6303405572755418,0.6497579225352113,0.6374747474747475,0.2753388630386405
Pz,sub-026,"{""C"": 33.59818286283781, ""gamma"": ""auto""}",0.6579930602135015,0.6934673366834171,0.6931884241122204,0.6944613511868534,0.6936363636363636,0.3871358610592215
P3,sub-026,"{""C"": 0.42813323987193935, ""gamma"": ""scale""}",0.668332093122143,0.5879396984924623,0.5696729957805907,0.6077280508681829,0.588989898989899,0.17760306420723726
P4,sub-026,"{""C"": 0.42813323987193935, ""gamma"": ""scale""}",0.6888494031111058,0.7487437185929648,0.7424948240165632,0.7736900780379041,0.747979797979798,0.4967121901871522
P5,sub-026,"{""C"": 69.51927961775606, ""gamma"": ""auto""}",0.6448280967988507,0.6130653266331658,0.6082777309098346,0.6197572918884394,0.6136363636363636,0.22700902991474547
P6,sub-026,"{""C"": 0.42813323987193935, ""gamma"": ""scale""}",0.6881287952986042,0.7286432160804021,0.7218944099378882,0.751505016722408,0.7278787878787879,0.4564491654021243
P7,sub-026,"{""C"": 69.51927961775606, ""gamma"": ""auto""}",0.6409192068215348,0.5477386934673367,0.5435779816513762,0.55015756302521,0.5482323232323233,0.09636730575176577
P8,sub-026,"{""C"": 0.6158482110660264, ""gamma"": ""auto""}",0.667824279043614,0.6482412060301508,0.6467336173666058,0.6502976190476191,0.6479292929292929,0.2960380028299979
POz,sub-026,"{""C"": 1.8329807108324356, ""gamma"": ""auto""}",0.6656358774705655,0.6582914572864321,0.6544433094994893,0.6666136893409621,0.6588383838383838,0.31732418524871353
PO3,sub-026,"{""C"": 100.0, ""gamma"": ""auto""}",0.6659969939729458,0.5728643216080402,0.565446371226718,0.5791476407914764,0.5735353535353536,0.14687042921268978
PO4,sub-026,"{""C"": 0.20691380811147897, ""gamma"": ""scale""}",0.6899476011445934,0.7688442211055276,0.7675233644859814,0.7743034055727553,0.7684848484848485,0.5373496411604164
PO5,sub-026,"{""C"": 48.32930238571752, ""gamma"": ""auto""}",0.657,0.6080402010050251,0.6051587301587301,0.6119449656035022,0.6084848484848485,0.2167726309415683
PO6,sub-026,"{""C"": 0.20691380811147897, ""gamma"": ""scale""}",0.6814578728036782,0.7185929648241206,0.7180161943319838,0.71998371998372,0.7183838383838383,0.43694421988682297
PO7,sub-026,"{""C"": 23.357214690901213, ""gamma"": ""auto""}",0.6444892457996855,0.6130653266331658,0.6091171143593275,0.6186181434599156,0.6135858585858586,0.22693103274305038
PO8,sub-026,"{""C"": 0.14384498882876628, ""gamma"": ""scale""}",0.6712513838590434,0.6834170854271356,0.682615629984051,0.6848623853211009,0.6831818181818181,0.36653024101864484
Oz,sub-026,"{""C"": 0.6158482110660264, ""gamma"": ""scale""}",0.61752459209098,0.5829145728643216,0.574490558260556,0.5911091549295775,0.5836363636363636,0.16702809017096165
O1,sub-026,"{""C"": 2.636650898730358, ""gamma"": ""scale""}",0.6159754224270353,0.5678391959798995,0.5486814345991562,0.5833944729762779,0.5688888888888889,0.1374861405100294
O2,sub-026,"{""C"": 0.20691380811147897, ""gamma"": ""scale""}",0.648999648999649,0.6482412060301508,0.6462312068264933,0.652329192546584,0.6486363636363637,0.29703270084779976
Fpz,sub-027,"{""C"": 5.455594781168517, ""gamma"": ""auto""}",0.6063701923076923,0.55,0.5396419437340154,0.554945054945055,0.55,0.09999999999999998
Fp1,sub-027,"{""C"": 5.455594781168517, ""gamma"": ""auto""}",0.6468918595050326,0.545,0.5306254029658285,0.5512820512820513,0.5449999999999999,0.08999999999999997
Fp2,sub-027,"{""C"": 2.636650898730358, ""gamma"": ""auto""}",0.6279761904761905,0.495,0.4928573221862369,0.49491404740107825,0.495,-0.010000000000000009
AF3,sub-027,"{""C"": 1.8329807108324356, ""gamma"": ""scale""}",0.6662095188337651,0.595,0.5836652874508493,0.6066098081023454,0.595,0.18999999999999995
AF4,sub-027,"{""C"": 7.847599703514611, ""gamma"": ""auto""}",0.6474681840036063,0.615,0.6107080563209384,0.6203054712836071,0.615,0.22999999999999998
AF7,sub-027,"{""C"": 1.2742749857031335, ""gamma"": ""scale""}",0.6786912222645962,0.51,0.4873940788785438,0.5121418164157359,0.51,0.020000000000000018
AF8,sub-027,"{""C"": 3.79269019073225, ""gamma"": ""scale""}",0.6919950719211507,0.665,0.6645891216740507,0.6658124811576726,0.665,0.32999999999999996
Fz,sub-027,"{""C"": 1.8329807108324356, ""gamma"": ""scale""}",0.6239864635126864,0.55,0.5444883085332524,0.5525430853299707,0.55,0.09999999999999998
F1,sub-027,"{""C"": 23.357214690901213, ""gamma"": ""auto""}",0.6605600858712892,0.56,0.548440065681445,0.5668449197860963,0.56,0.12
F2,sub-027,"{""C"": 5.455594781168517, ""gamma"": ""auto""}",0.6624897903161571,0.64,0.64,0.64,0.64,0.28
F3,sub-027,"{""C"": 0.8858667904100825, ""gamma"": ""scale""}",0.6939400122423995,0.6,0.5951007186962243,0.6050861706599411,0.6,0.19999999999999996
F4,sub-027,"{""C"": 16.23776739188721, ""gamma"": ""auto""}",0.67949991987498,0.685,0.6846136517233611,0.6859109637222389,0.685,0.37
F5,sub-027,"{""C"": 0.42813323987193935, ""gamma"": ""scale""}",0.7033498208468036,0.585,0.5733854180051914,0.5953877230389406,0.585,0.17000000000000004
F6,sub-027,"{""C"": 16.23776739188721, ""gamma"": ""auto""}",0.7044289890646227,0.715,0.7144217039504998,0.7167557213428773,0.7150000000000001,0.43000000000000005
F7,sub-027,"{""C"": 1.2742749857031335, ""gamma"": ""auto""}",0.7089492592357889,0.56,0.5331069609507639,0.577962577962578,0.56,0.12
F8,sub-027,"{""C"": 0.8858667904100825, ""gamma"": ""auto""}",0.7209453052798349,0.65,0.64996499649965,0.6500600240096038,0.65,0.30000000000000004
FCz,sub-027,"{""C"": 48.32930238571752, ""gamma"": ""auto""}",0.6664392085457574,0.54,0.5332792207792207,0.5424448217317488,0.54,0.07999999999999996
FC1,sub-027,"{""C"": 1.8329807108324356, ""gamma"": ""scale""}",0.6694761196496446,0.605,0.6027655562539284,0.6074168797953965,0.605,0.20999999999999996
FC2,sub-027,"{""C"": 1.2742749857031335, ""gamma"": ""scale""}",0.6589781746031746,0.61,0.6096486838154338,0.6103974307507025,0.61,0.21999999999999997
FC3,sub-027,"{""C"": 48.32930238571752, ""gamma"": ""auto""}",0.6954170772992947,0.59,0.5873590982286634,0.5923645320197044,0.5900000000000001,0.18000000000000005
FC4,sub-027,"{""C"": 0.8858667904100825, ""gamma"": ""scale""}",0.6829188272197683,0.685,0.6843608306821314,0.6865107369694525,0.685,0.37
FC5,sub-027,"{""C"": 33.59818286283781, ""gamma"": ""auto""}",0.7159897756319227,0.605,0.6005965772643393,0.6098441259545978,0.605,0.20999999999999996
FC6,sub-027,"{""C"": 1.2742749857031335, ""gamma"": ""scale""}",0.7129816308243728,0.58,0.5779318661441061,0.5815993472052223,0.5800000000000001,0.16000000000000003
FT7,sub-027,"{""C"": 7.847599703514611, ""gamma"": ""auto""}",0.7376967774747608,0.595,0.5885714285714285,0.6013333333333333,0.595,0.18999999999999995
FT8,sub-027,"{""C"": 0.6158482110660264, ""gamma"": ""auto""}",0.7254422742381585,0.645,0.6449201070240804,0.6451306175558003,0.645,0.29000000000000004
Cz,sub-027,"{""C"": 100.0, ""gamma"": ""auto""}",0.6644294462910827,0.52,0.517636418450407,0.5203998368013056,0.52,0.040000000000000036
C1,sub-027,"{""C"": 1.8329807108324356, ""gamma"": ""auto""}",0.6534957553230027,0.51,0.5098039215686274,0.5100160256410255,0.51,0.020000000000000018
C2,sub-027,"{""C"": 69.51927961775606, ""gamma"": ""auto""}",0.6389967509707588,0.56,0.5598239295718287,0.5600961538461539,0.56,0.12
C3,sub-027,"{""C"": 2.636650898730358, ""gamma"": ""scale""}",0.6672483565696558,0.555,0.5549888747218681,0.555005500550055,0.555,0.10999999999999999
C4,sub-027,"{""C"": 7.847599703514611, ""gamma"": ""auto""}",0.6499576448750299,0.63,0.6294070512820513,0.6308373590982286,0.63,0.26
C5,sub-027,"{""C"": 0.20691380811147897, ""gamma"": ""scale""}",0.6924962330788552,0.52,0.51995199519952,0.5200080032012806,0.52,0.040000000000000036
C6,sub-027,"{""C"": 0.8858667904100825, ""gamma"": ""scale""}",0.682464991765342,0.58,0.5703324808184143,0.5879120879120879,0.58,0.16000000000000003
T7,sub-027,"{""C"": 0.6158482110660264, ""gamma"": ""scale""}",0.6980754185573463,0.53,0.529811924769908,0.5300480769230769,0.53,0.06000000000000005
T8,sub-027,"{""C"": 1.8329807108324356, ""gamma"": ""scale""}",0.6894253844486138,0.57,0.567230273752013,0.5718390804597702,0.5700000000000001,0.14
CP1,sub-027,"{""C"": 1.2742749857031335, ""gamma"": ""scale""}",0.60999960999961,0.44,0.4385964912280702,0.4393939393939394,0.44,-0.1200000000000001
CP2,sub-027,"{""C"": 3.79269019073225, ""gamma"": ""auto""}",0.6119441199532732,0.525,0.5229846099771535,0.525429762994609,0.525,0.050000000000000044
CP3,sub-027,"{""C"": 69.51927961775606, ""gamma"": ""auto""}",0.6599945599129586,0.495,0.4948863494286215,0.4949954959463517,0.495,-0.010000000000000009
CP4,sub-027,"{""C"": 1.8329807108324356, ""gamma"": ""scale""}",0.6504957185725525,0.5,0.4900040799673603,0.5,0.5,0.0
CP5,sub-027,"{""C"": 1.8329807108324356, ""gamma"": ""scale""}",0.6693868476486078,0.535,0.5340564643402891,0.5352858151023289,0.5349999999999999,0.06999999999999995
CP6,sub-027,"{""C"": 0.8858667904100825, ""gamma"": ""scale""}",0.6694205782939351,0.575,0.5374275529917553,0.6110946526440527,0.575,0.15000000000000002
TP7,sub-027,"{""C"": 23.357214690901213, ""gamma"": ""auto""}",0.6719261833912631,0.505,0.5049876246906173,0.5050005000500051,0.505,0.010000000000000009
TP8,sub-027,"{""C"": 0.8858667904100825, ""gamma"": ""scale""}",0.6619590970507432,0.56,0.5469055710019566,0.567842605156038,0.56,0.12
Pz,sub-027,"{""C"": 3.79269019073225, ""gamma"": ""auto""}",0.6869621224168124,0.5,0.4981934965877158,0.5,0.5,0.0
P3,sub-027,"{""C"": 69.51927961775606, ""gamma"": ""auto""}",0.6789678967896791,0.515,0.5144051463042227,0.5150738619234247,0.515,0.030000000000000027
P4,sub-027,"{""C"": 0.8858667904100825, ""gamma"": ""scale""}",0.6983334046227029,0.475,0.4495557128253519,0.46932891669733773,0.475,-0.050000000000000044
P5,sub-027,"{""C"": 0.6158482110660264, ""gamma"": ""scale""}",0.6694205782939351,0.535,0.5235533697072159,0.538721097466534,0.5349999999999999,0.06999999999999995
P6,sub-027,"{""C"": 23.357214690901213, ""gamma"": ""auto""}",0.7009925248131204,0.525,0.5215431492533555,0.5257440016476161,0.525,0.050000000000000044
P7,sub-027,"{""C"": 1.8329807108324356, ""gamma"": ""scale""}",0.6774934692427521,0.53,0.5276856597326902,0.5305997552019583,0.53,0.06000000000000005
P8,sub-027,"{""C"": 48.32930238571752, ""gamma"": ""auto""}",0.6814960983272045,0.58,0.5748557546310356,0.5840689365279529,0.58,0.16000000000000003
POz,sub-027,"{""C"": 69.51927961775606, ""gamma"": ""auto""}",0.6812761761947328,0.585,0.5667945405673426,0.602175742276716,0.585,0.17000000000000004
PO3,sub-027,"{""C"": 2.636650898730358, ""gamma"": ""scale""}",0.6759841232220378,0.545,0.543619448832719,0.5455511691466748,0.5449999999999999,0.08999999999999997
PO4,sub-027,"{""C"": 2.636650898730358, ""gamma"": ""scale""}",0.6904999226249806,0.505,0.5013975976429704,0.5051488003295233,0.505,0.010000000000000009
PO5,sub-027,"{""C"": 3.79269019073225, ""gamma"": ""scale""}",0.6764643301924037,0.555,0.554899852466805,0.5550495445901311,0.5549999999999999,0.10999999999999999
PO6,sub-027,"{""C"": 0.6158482110660264, ""gamma"": ""scale""}",0.6906631321509124,0.53,0.5252525252525253,0.53125,0.53,0.06000000000000005
PO7,sub-027,"{""C"": 7.847599703514611, ""gamma"": ""auto""}",0.6619590970507432,0.505,0.5048885999349854,0.5050045040536483,0.505,0.010000000000000009
PO8,sub-027,"{""C"": 48.32930238571752, ""gamma"": ""auto""}",0.683999683999684,0.51,0.5050505050505051,0.5104166666666666,0.51,0.020000000000000018
Oz,sub-027,"{""C"": 33.59818286283781, ""gamma"": ""auto""}",0.6381851306099133,0.55,0.54226426609704,0.5536250536250535,0.55,0.09999999999999998
O1,sub-027,"{""C"": 33.59818286283781, ""gamma"": ""auto""}",0.6464680937454605,0.525,0.5249881247031176,0.525002500250025,0.525,0.050000000000000044
O2,sub-027,"{""C"": 0.6158482110660264, ""gamma"": ""scale""}",0.667998671994688,0.46,0.4573409707567079,0.45920032639738884,0.46,-0.08000000000000007
Fpz,sub-028,"{""C"": 11.288378916846883, ""gamma"": ""scale""}",0.6024712785498751,0.61,0.6080795899909557,0.6121991024071807,0.6100000000000001,0.21999999999999997
Fp1,sub-028,"{""C"": 0.8858667904100825, ""gamma"": ""scale""}",0.6373475953269361,0.645,0.6277948153390475,0.677892283155441,0.645,0.29000000000000004
Fp2,sub-028,"{""C"": 0.8858667904100825, ""gamma"": ""scale""}",0.6244976531103319,0.62,0.6006725514922235,0.6488095238095238,0.62,0.24
AF3,sub-028,"{""C"": 1.2742749857031335, ""gamma"": ""scale""}",0.64593060239807,0.61,0.5953937130407718,0.6285647498831229,0.61,0.21999999999999997
AF4,sub-028,"{""C"": 1.8329807108324356, ""gamma"": ""scale""}",0.6384890642941949,0.65,0.6382802811078958,0.6723345588235294,0.6499999999999999,0.30000000000000004
AF7,sub-028,"{""C"": 1.8329807108324356, ""gamma"": ""scale""}",0.6703905521308899,0.64,0.6179966044142615,0.681912681912682,0.64,0.28
AF8,sub-028,"{""C"": 3.79269019073225, ""gamma"": ""scale""}",0.7019892716137781,0.69,0.6783898744683059,0.7220663861617578,0.69,0.38
Fz,sub-028,"{""C"": 11.288378916846883, ""gamma"": ""auto""}",0.6032334218910316,0.55,0.5471014492753623,0.5513136288998358,0.55,0.09999999999999998
F1,sub-028,"{""C"": 1.2742749857031335, ""gamma"": ""scale""}",0.6295717849834408,0.625,0.6199741582427605,0.6319818392989125,0.625,0.25
F2,sub-028,"{""C"": 2.636650898730358, ""gamma"": ""scale""}",0.6599969399724598,0.63,0.6262626262626263,0.6354166666666666,0.63,0.26
F3,sub-028,"{""C"": 0.42813323987193935, ""gamma"": ""scale""}",0.6749840742196368,0.65,0.6419437340153453,0.6648351648351649,0.65,0.30000000000000004
F4,sub-028,"{""C"": 3.79269019073225, ""gamma"": ""auto""}",0.675979262672811,0.675,0.674601386698706,0.6758617224399558,0.675,0.35
F5,sub-028,"{""C"": 1.8329807108324356, ""gamma"": ""scale""}",0.6872966646561927,0.665,0.6587812889918769,0.6779743285513968,0.665,0.32999999999999996
F6,sub-028,"{""C"": 5.455594781168517, ""gamma"": ""auto""}",0.7104113134647485,0.765,0.7649941248531213,0.765026502650265,0.765,0.53
F7,sub-028,"{""C"": 1.8329807108324356, ""gamma"": ""scale""}",0.706924972793035,0.665,0.6544165054803353,0.688034188034188,0.665,0.32999999999999996
F8,sub-028,"{""C"": 1.2742749857031335, ""gamma"": ""scale""}",0.7177626383788767,0.785,0.7849516141131755,0.7852567310579521,0.785,0.5700000000000001
FCz,sub-028,"{""C"": 1.8329807108324356, ""gamma"": ""auto""}",0.6284054487179487,0.61,0.6085909273384182,0.6116071428571428,0.6100000000000001,0.21999999999999997
FC1,sub-028,"{""C"": 23.357214690901213, ""gamma"": ""auto""}",0.6521764371306408,0.67,0.66996699669967,0.6700680272108843,0.67,0.33999999999999997
FC2,sub-028,"{""C"": 2.636650898730358, ""gamma"": ""auto""}",0.6484260815836529,0.655,0.6503762255833396,0.6636574807306515,0.655,0.31000000000000005
FC3,sub-028,"{""C"": 23.357214690901213, ""gamma"": ""auto""}",0.6824027358378504,0.68,0.6788438378161381,0.6826298701298701,0.6799999999999999,0.36
FC4,sub-028,"{""C"": 0.42813323987193935, ""gamma"": ""auto""}",0.6854999213749804,0.73,0.7293233082706767,0.7323232323232323,0.73,0.45999999999999996
FC5,sub-028,"{""C"": 1.2742749857031335, ""gamma"": ""scale""}",0.701842274563244,0.74,0.7355304648560675,0.7574002574002574,0.74,0.48
FC6,sub-028,"{""C"": 3.79269019073225, ""gamma"": ""auto""}",0.7184914843674022,0.78,0.77997799779978,0.7801120448179272,0.78,0.56
FT7,sub-028,"{""C"": 0.8858667904100825, ""gamma"": ""scale""}",0.7031661938384923,0.795,0.7941302000954031,0.8000712033363848,0.7949999999999999,0.5900000000000001
FT8,sub-028,"{""C"": 0.8858667904100825, ""gamma"": ""scale""}",0.7429565596585823,0.775,0.7749943748593715,0.7750275027502751,0.775,0.55
Cz,sub-028,"{""C"": 0.42813323987193935, ""gamma"": ""scale""}",0.6392826245756045,0.625,0.6190476190476191,0.6333333333333333,0.625,0.25
C1,sub-028,"{""C"": 7.847599703514611, ""gamma"": ""auto""}",0.6422093845726191,0.655,0.6530483972344437,0.6585677749360614,0.655,0.31000000000000005
C2,sub-028,"{""C"": 48.32930238571752, ""gamma"": ""auto""}",0.6404603607547732,0.68,0.67996799679968,0.6800720288115246,0.6799999999999999,0.36
C3,sub-028,"{""C"": 7.847599703514611, ""gamma"": ""auto""}",0.6481283355544294,0.72,0.7189883580891208,0.7232142857142857,0.72,0.43999999999999995
C4,sub-028,"{""C"": 7.847599703514611, ""gamma"": ""auto""}",0.6649142180398182,0.715,0.714935860568628,0.7151936743068762,0.715,0.43000000000000005
C5,sub-028,"{""C"": 1.2742749857031335, ""gamma"": ""scale""}",0.6718263961635704,0.735,0.7325865940109488,0.743801224193381,0.735,0.47
C6,sub-028,"{""C"": 1.2742749857031335, ""gamma"": ""scale""}",0.6969633325632402,0.775,0.7733625443831684,0.7831840181237772,0.7749999999999999,0.55
T7,sub-028,"{""C"": 0.6158482110660264, ""gamma"": ""scale""}",0.684272563987427,0.74,0.7390606182256123,0.7435064935064934,0.74,0.48
T8,sub-028,"{""C"": 1.2742749857031335, ""gamma"": ""scale""}",0.7119066577571134,0.79,0.78997899789979,0.7901160464185675,0.79,0.5800000000000001
CP1,sub-028,"{""C"": 1.8329807108324356, ""gamma"": ""auto""}",0.5861638615965818,0.67,0.6697027324592133,0.6706142111601766,0.6699999999999999,0.33999999999999997
CP2,sub-028,"{""C"": 0.8858667904100825, ""gamma"": ""scale""}",0.6189024390243902,0.595,0.5949088544922607,0.5950855770193173,0.595,0.18999999999999995
CP3,sub-028,"{""C"": 0.20691380811147897, ""gamma"": ""scale""}",0.6439711616640948,0.68,0.6788438378161381,0.6826298701298701,0.6799999999999999,0.36
CP4,sub-028,"{""C"": 0.8858667904100825, ""gamma"": ""scale""}",0.6664959145749536,0.655,0.6485956558274554,0.6671880056088879,0.655,0.31000000000000005
CP5,sub-028,"{""C"": 0.20691380811147897, ""gamma"": ""scale""}",0.650999650999651,0.7,0.6963255390221682,0.7101723413198823,0.7,0.4
CP6,sub-028,"{""C"": 0.1, ""gamma"": ""scale""}",0.6722521406813903,0.725,0.7182304874612566,0.7489213408562894,0.725,0.44999999999999996
TP7,sub-028,"{""C"": 7.847599703514611, ""gamma"": ""auto""}",0.6434927807288098,0.705,0.6956802063185041,0.7336182336182336,0.7050000000000001,0.41000000000000003
TP8,sub-028,"{""C"": 1.8329807108324356, ""gamma"": ""scale""}",0.6874980468627929,0.735,0.7307936507936508,0.7506666666666666,0.735,0.47
Pz,sub-028,"{""C"": 23.357214690901213, ""gamma"": ""auto""}",0.6644664728530054,0.61,0.604301948051948,0.616723259762309,0.61,0.21999999999999997
P3,sub-028,"{""C"": 1.2742749857031335, ""gamma"": ""scale""}",0.6749606702410992,0.63,0.6053333333333333,0.6733333333333333,0.63,0.26
P4,sub-028,"{""C"": 16.23776739188721, ""gamma"": ""auto""}",0.686,0.675,0.6736210489317367,0.6780083409622623,0.675,0.35
P5,sub-028,"{""C"": 1.8329807108324356, ""gamma"": ""scale""}",0.6494802832659337,0.605,0.5644863419609141,0.6672240802675585,0.605,0.20999999999999996
P6,sub-028,"{""C"": 23.357214690901213, ""gamma"": ""auto""}",0.6929751309856098,0.725,0.7213143827113577,0.7375673107380425,0.725,0.44999999999999996
P7,sub-028,"{""C"": 0.8858667904100825, ""gamma"": ""scale""}",0.6479309944749171,0.65,0.630450849963045,0.6902587519025876,0.65,0.30000000000000004
P8,sub-028,"{""C"": 2.636650898730358, ""gamma"": ""auto""}",0.6594896995634119,0.73,0.7266929851199515,0.7416981925178646,0.73,0.45999999999999996
POz,sub-028,"{""C"": 1.2742749857031335, ""gamma"": ""scale""}",0.6604809020507403,0.65,0.6482765551200884,0.652998776009792,0.6499999999999999,0.30000000000000004
PO3,sub-028,"{""C"": 33.59818286283781, ""gamma"": ""auto""}",0.6629915747893698,0.62,0.6024688774976462,0.6457017969888295,0.62,0.24
PO4,sub-028,"{""C"": 16.23776739188721, ""gamma"": ""auto""}",0.6829543454257414,0.71,0.7085720028137876,0.7141982864137086,0.71,0.42000000000000004
PO5,sub-028,"{""C"": 100.0, ""gamma"": ""auto""}",0.66,0.63,0.6145833333333333,0.6547619047619048,0.63,0.26
PO6,sub-028,"{""C"": 1.2742749857031335, ""gamma"": ""scale""}",0.6848739495798319,0.63,0.6161427533976553,0.6519401589527817,0.63,0.26
PO7,sub-028,"{""C"": 100.0, ""gamma"": ""auto""}",0.6409870755347193,0.605,0.5858562029828838,0.6288185498711815,0.605,0.20999999999999996
PO8,sub-028,"{""C"": 1.2742749857031335, ""gamma"": ""scale""}",0.6679149862364766,0.65,0.6354166666666667,0.6785714285714286,0.65,0.30000000000000004
Oz,sub-028,"{""C"": 1.2742749857031335, ""gamma"": ""scale""}",0.6236383164220816,0.62,0.6175523349436394,0.6231527093596059,0.62,0.24
O1,sub-028,"{""C"": 16.23776739188721, ""gamma"": ""auto""}",0.6159938559016944,0.635,0.6234687298517085,0.6538461538461539,0.635,0.27
O2,sub-028,"{""C"": 0.42813323987193935, ""gamma"": ""scale""}",0.6594692671013559,0.625,0.6145048957878235,0.6402760632925597,0.625,0.25
Fpz,sub-029,"{""C"": 5.455594781168517, ""gamma"": ""auto""}",0.5894679504638011,0.53,0.5283018867924528,0.5304383116883117,0.53,0.06000000000000005
Fp1,sub-029,"{""C"": 5.455594781168517, ""gamma"": ""auto""}",0.645391401116592,0.48,0.4663382594417077,0.47771836007130125,0.48,-0.040000000000000036
Fp2,sub-029,"{""C"": 1.8329807108324356, ""gamma"": ""auto""}",0.6269940319045104,0.505,0.5004919397563006,0.5051872600892209,0.505,0.010000000000000009
AF3,sub-029,"{""C"": 0.20691380811147897, ""gamma"": ""scale""}",0.6444992001232003,0.46,0.45559028127835466,0.4586606035551881,0.46,-0.08000000000000007
AF4,sub-029,"{""C"": 3.79269019073225, ""gamma"": ""auto""}",0.6364795519747986,0.535,0.5330270392407923,0.5356016681924525,0.5349999999999999,0.06999999999999995
AF7,sub-029,"{""C"": 1.8329807108324356, ""gamma"": ""scale""}",0.6789178029575571,0.485,0.4687298517085751,0.4829059829059829,0.485,-0.030000000000000027
AF8,sub-029,"{""C"": 2.636650898730358, ""gamma"": ""auto""}",0.6894434010598431,0.44,0.44,0.44,0.44,-0.1200000000000001
Fz,sub-029,"{""C"": 0.20691380811147897, ""gamma"": ""scale""}",0.6150418035066237,0.505,0.5013975976429704,0.5051488003295233,0.505,0.010000000000000009
F1,sub-029,"{""C"": 0.14384498882876628, ""gamma"": ""scale""}",0.6516865178660796,0.52,0.5160802500252042,0.5206696982224059,0.52,0.040000000000000036
F2,sub-029,"{""C"": 100.0, ""gamma"": ""auto""}",0.655965596559656,0.495,0.4948863494286215,0.4949954959463517,0.495,-0.010000000000000009
F3,sub-029,"{""C"": 1.8329807108324356, ""gamma"": ""scale""}",0.6699353073202348,0.515,0.511470373448163,0.5154464009885696,0.515,0.030000000000000027
F4,sub-029,"{""C"": 2.636650898730358, ""gamma"": ""scale""}",0.6784960615767544,0.505,0.5039955910719206,0.505040830728904,0.505,0.010000000000000009
F5,sub-029,"{""C"": 3.79269019073225, ""gamma"": ""auto""}",0.6889950239203828,0.49,0.483753416337686,0.48949138293400585,0.49,-0.020000000000000018
F6,sub-029,"{""C"": 0.42813323987193935, ""gamma"": ""scale""}",0.7091334354119779,0.48,0.47916666666666663,0.47987117552334946,0.48,-0.040000000000000036
F7,sub-029,"{""C"": 2.636650898730358, ""gamma"": ""auto""}",0.706957801923477,0.475,0.4637248142189535,0.47270444371656295,0.475,-0.050000000000000044
F8,sub-029,"{""C"": 0.6158482110660264, ""gamma"": ""auto""}",0.7239900636422911,0.465,0.46466541588492805,0.4649122807017544,0.46499999999999997,-0.07000000000000006
FCz,sub-029,"{""C"": 0.20691380811147897, ""gamma"": ""scale""}",0.6449712426706563,0.52,0.5182657567242072,0.5202922077922079,0.52,0.040000000000000036
FC1,sub-029,"{""C"": 2.636650898730358, ""gamma"": ""auto""}",0.6663157228579483,0.525,0.5235587652649264,0.525306205081486,0.5249999999999999,0.050000000000000044
FC2,sub-029,"{""C"": 0.6158482110660264, ""gamma"": ""auto""}",0.6554620146871193,0.5,0.4981934965877158,0.5,0.5,0.0
FC3,sub-029,"{""C"": 0.8858667904100825, ""gamma"": ""scale""}",0.6864961595779548,0.465,0.46337671456154866,0.46457131288591963,0.46499999999999997,-0.07000000000000006
FC4,sub-029,"{""C"": 48.32930238571752, ""gamma"": ""auto""}",0.6774708917479803,0.48,0.4797919167667067,0.47996794871794873,0.48,-0.040000000000000036
FC5,sub-029,"{""C"": 1.2742749857031335, ""gamma"": ""scale""}",0.7089345102648096,0.465,0.46337671456154866,0.46457131288591963,0.46499999999999997,-0.07000000000000006
FC6,sub-029,"{""C"": 2.636650898730358, ""gamma"": ""scale""}",0.7139073059671334,0.47,0.46978791516606644,0.4699519230769231,0.47,-0.06000000000000005
FT7,sub-029,"{""C"": 0.8858667904100825, ""gamma"": ""auto""}",0.7221693120236361,0.55,0.5271122320302648,0.5620039682539683,0.55,0.09999999999999998
FT8,sub-029,"{""C"": 0.20691380811147897, ""gamma"": ""auto""}",0.7214993733735902,0.42,0.41414141414141414,0.4166666666666667,0.42000000000000004,-0.15999999999999992
Cz,sub-029,"{""C"": 0.29763514416313175, ""gamma"": ""scale""}",0.6461028389109678,0.515,0.5105830116804158,0.5155617802676626,0.515,0.030000000000000027
C1,sub-029,"{""C"": 3.79269019073225, ""gamma"": ""auto""}",0.667983731202829,0.51,0.50995099509951,0.5100040016006402,0.51,0.020000000000000018
C2,sub-029,"{""C"": 0.20691380811147897, ""gamma"": ""scale""}",0.6344977156107225,0.485,0.48467792370231394,0.4849624060150376,0.485,-0.030000000000000027
C3,sub-029,"{""C"": 11.288378916846883, ""gamma"": ""auto""}",0.6609426993161844,0.515,0.5105830116804158,0.5155617802676626,0.515,0.030000000000000027
C4,sub-029,"{""C"": 48.32930238571752, ""gamma"": ""auto""}",0.6514957308227025,0.495,0.4946841776110069,0.4949874686716792,0.495,-0.010000000000000009
C5,sub-029,"{""C"": 0.20691380811147897, ""gamma"": ""scale""}",0.6947606923828282,0.495,0.480866592994269,0.4943889574682976,0.495,-0.010000000000000009
C6,sub-029,"{""C"": 3.79269019073225, ""gamma"": ""auto""}",0.6759841232220378,0.42,0.41714400562757514,0.41840065279477767,0.42,-0.15999999999999992
T7,sub-029,"{""C"": 16.23776739188721, ""gamma"": ""auto""}",0.7083891149609639,0.56,0.5535714285714286,0.5636672325976231,0.56,0.12
T8,sub-029,"{""C"": 0.20691380811147897, ""gamma"": ""scale""}",0.6940745755911633,0.395,0.3780678985376886,0.3821681068342498,0.395,-0.20999999999999996
CP1,sub-029,"{""C"": 7.847599703514611, ""gamma"": ""auto""}",0.6059936958991343,0.465,0.46391442671409605,0.46471418489767113,0.46499999999999997,-0.07000000000000006
CP2,sub-029,"{""C"": 23.357214690901213, ""gamma"": ""auto""}",0.6169138056062614,0.535,0.5349883747093678,0.5350035003500351,0.535,0.06999999999999995
CP3,sub-029,"{""C"": 1.2742749857031335, ""gamma"": ""auto""}",0.6579011334275606,0.54,0.53995399539954,0.540016006402561,0.54,0.07999999999999996
CP4,sub-029,"{""C"": 0.8858667904100825, ""gamma"": ""auto""}",0.6466151639135018,0.4,0.4,0.4,0.4,-0.19999999999999996
CP5,sub-029,"{""C"": 0.20691380811147897, ""gamma"": ""scale""}",0.6709443896018428,0.505,0.4994817866983493,0.5052306726645046,0.505,0.010000000000000009
CP6,sub-029,"{""C"": 23.357214690901213, ""gamma"": ""auto""}",0.6759170347608988,0.385,0.38461538461538464,0.38471177944862156,0.385,-0.22999999999999998
TP7,sub-029,"{""C"": 16.23776739188721, ""gamma"": ""auto""}",0.6584548306513536,0.57,0.568922305764411,0.5707070707070707,0.5700000000000001,0.14
TP8,sub-029,"{""C"": 2.636650898730358, ""gamma"": ""scale""}",0.6539778545826933,0.405,0.40163419233186676,0.40281329923273657,0.405,-0.18999999999999995
Pz,sub-029,"{""C"": 69.51927961775606, ""gamma"": ""auto""}",0.6631049654305469,0.44,0.4385964912280702,0.4393939393939394,0.44,-0.1200000000000001
P3,sub-029,"{""C"": 0.42813323987193935, ""gamma"": ""auto""}",0.6709996709996711,0.465,0.46466541588492805,0.4649122807017544,0.46499999999999997,-0.07000000000000006
P4,sub-029,"{""C"": 100.0, ""gamma"": ""auto""}",0.6883815070680627,0.45,0.45,0.45,0.45,-0.10000000000000009
P5,sub-029,"{""C"": 0.20691380811147897, ""gamma"": ""scale""}",0.643350117887042,0.505,0.5043928812795675,0.5050246206411415,0.505,0.010000000000000009
P6,sub-029,"{""C"": 1.2742749857031335, ""gamma"": ""scale""}",0.6839949439191026,0.44,0.4391025641025641,0.43961352657004826,0.44,-0.1200000000000001
P7,sub-029,"{""C"": 1.8329807108324356, ""gamma"": ""scale""}",0.6469491606791378,0.555,0.552482715273413,0.5562659846547314,0.5549999999999999,0.10999999999999999
P8,sub-029,"{""C"": 69.51927961775606, ""gamma"": ""auto""}",0.656499227123261,0.41,0.40946852166950254,0.4096748293857888,0.41000000000000003,-0.17999999999999994
POz,sub-029,"{""C"": 0.42813323987193935, ""gamma"": ""scale""}",0.6798450450017809,0.445,0.4426451758680425,0.4440545214118604,0.445,-0.1100000000000001
PO3,sub-029,"{""C"": 1.2742749857031335, ""gamma"": ""scale""}",0.6643723775965811,0.485,0.482814892922598,0.48474214220323464,0.485,-0.030000000000000027
PO4,sub-029,"{""C"": 23.357214690901213, ""gamma"": ""auto""}",0.6837153438094286,0.465,0.46498662466561663,0.46499649964996503,0.46499999999999997,-0.07000000000000006
PO5,sub-029,"{""C"": 0.6158482110660264, ""gamma"": ""auto""}",0.6589914747868697,0.465,0.46337671456154866,0.46457131288591963,0.46499999999999997,-0.07000000000000006
PO6,sub-029,"{""C"": 0.6158482110660264, ""gamma"": ""auto""}",0.6702321460606377,0.44,0.4394955459913923,0.4397832195905259,0.43999999999999995,-0.1200000000000001
PO7,sub-029,"{""C"": 0.6158482110660264, ""gamma"": ""auto""}",0.6419824571403998,0.465,0.46337671456154866,0.46457131288591963,0.46499999999999997,-0.07000000000000006
PO8,sub-029,"{""C"": 1.2742749857031335, ""gamma"": ""scale""}",0.656,0.425,0.42429476108232583,0.4246306903828761,0.42500000000000004,-0.1499999999999999
Oz,sub-029,"{""C"": 100.0, ""gamma"": ""auto""}",0.6284419440537584,0.445,0.44431929113163626,0.44472917294744246,0.44499999999999995,-0.1100000000000001
O1,sub-029,"{""C"": 1.8329807108324356, ""gamma"": ""scale""}",0.6204581555116451,0.48,0.4786967418546366,0.4797979797979798,0.48,-0.040000000000000036
O2,sub-029,"{""C"": 3.79269019073225, ""gamma"": ""scale""}",0.6454531111739528,0.46,0.4595135622059854,0.45985547972701724,0.45999999999999996,-0.08000000000000007
Fpz,sub-030,"{""C"": 23.357214690901213, ""gamma"": ""scale""}",0.5949088544922607,0.425,0.42464040025015637,0.424812030075188,0.42500000000000004,-0.1499999999999999
Fp1,sub-030,"{""C"": 0.8858667904100825, ""gamma"": ""auto""}",0.6426340572746493,0.665,0.6306403153339397,0.7627806975633062,0.665,0.32999999999999996
Fp2,sub-030,"{""C"": 7.847599703514611, ""gamma"": ""scale""}",0.6019327266308006,0.6,0.5993589743589745,0.6006441223832528,0.6000000000000001,0.19999999999999996
AF3,sub-030,"{""C"": 1.8329807108324356, ""gamma"": ""auto""}",0.6422673843666844,0.645,0.6136159560284073,0.7147829951118353,0.645,0.29000000000000004
AF4,sub-030,"{""C"": 5.455594781168517, ""gamma"": ""auto""}",0.6314593683953655,0.64,0.6017258546299369,0.7274204028589994,0.64,0.28
AF7,sub-030,"{""C"": 0.8858667904100825, ""gamma"": ""scale""}",0.6862796899122409,0.735,0.7180776084470332,0.8092512172654297,0.735,0.47
AF8,sub-030,"{""C"": 3.79269019073225, ""gamma"": ""auto""}",0.6894775647540535,0.8,0.7953964194373402,0.8296703296703296,0.8,0.6
Fz,sub-030,"{""C"": 1.8329807108324356, ""gamma"": ""auto""}",0.6063055229424705,0.69,0.6899689968996899,0.6900760304121649,0.69,0.38
F1,sub-030,"{""C"": 1.8329807108324356, ""gamma"": ""scale""}",0.651453904778907,0.755,0.7511111111111111,0.772,0.755,0.51
F2,sub-030,"{""C"": 5.455594781168517, ""gamma"": ""auto""}",0.6589723767625177,0.76,0.7544757033248082,0.7857142857142857,0.76,0.52
F3,sub-030,"{""C"": 2.636650898730358, ""gamma"": ""auto""}",0.678364832820993,0.785,0.7826032002831214,0.7981483418767654,0.785,0.5700000000000001
F4,sub-030,"{""C"": 1.2742749857031335, ""gamma"": ""scale""}",0.6754901835780532,0.755,0.748143198581378,0.7861631691168218,0.755,0.51
F5,sub-030,"{""C"": 0.8858667904100825, ""gamma"": ""auto""}",0.6993477948211282,0.79,0.7869318181818181,0.8077249575551783,0.79,0.5800000000000001
F6,sub-030,"{""C"": 1.2742749857031335, ""gamma"": ""scale""}",0.6979806707629288,0.8,0.7947454844006567,0.8342245989304813,0.8,0.6
F7,sub-030,"{""C"": 5.455594781168517, ""gamma"": ""auto""}",0.719851801603048,0.77,0.7631551848419318,0.805291723202171,0.77,0.54
F8,sub-030,"{""C"": 1.2742749857031335, ""gamma"": ""auto""}",0.7153917777234793,0.79,0.7829681686647375,0.8331801470588236,0.79,0.5800000000000001
FCz,sub-030,"{""C"": 7.847599703514611, ""gamma"": ""auto""}",0.6435633651222747,0.65,0.6498599439775911,0.6502403846153846,0.65,0.30000000000000004
FC1,sub-030,"{""C"": 48.32930238571752, ""gamma"": ""auto""}",0.6671697491836275,0.805,0.80389692017599,0.8120204603580563,0.8049999999999999,0.61
FC2,sub-030,"{""C"": 11.288378916846883, ""gamma"": ""auto""}",0.6604693573595017,0.785,0.782118517392516,0.8009185936015204,0.785,0.5700000000000001
FC3,sub-030,"{""C"": 1.8329807108324356, ""gamma"": ""auto""}",0.6844241829099441,0.78,0.779205138498595,0.7840909090909092,0.78,0.56
FC4,sub-030,"{""C"": 16.23776739188721, ""gamma"": ""auto""}",0.6714703501991055,0.805,0.8001998001998003,0.8374267064940812,0.8049999999999999,0.61
FC5,sub-030,"{""C"": 23.357214690901213, ""gamma"": ""auto""}",0.7124119261523842,0.805,0.8046043237556051,0.8074906744631516,0.8049999999999999,0.61
FC6,sub-030,"{""C"": 5.455594781168517, ""gamma"": ""auto""}",0.7014981343633397,0.825,0.8217514196226223,0.8505554956315392,0.825,0.65
FT7,sub-030,"{""C"": 1.2742749857031335, ""gamma"": ""scale""}",0.7196565793096543,0.825,0.8242574878863197,0.8305869189299155,0.825,0.65
FT8,sub-030,"{""C"": 0.6158482110660264, ""gamma"": ""scale""}",0.7294577277699641,0.845,0.8432720746227155,0.8609164138508212,0.845,0.69
Cz,sub-030,"{""C"": 16.23776739188721, ""gamma"": ""auto""}",0.6549582499482438,0.65,0.648735447611401,0.6521915584415584,0.6499999999999999,0.30000000000000004
C1,sub-030,"{""C"": 5.455594781168517, ""gamma"": ""auto""}",0.6454928212296298,0.775,0.7747240369452579,0.7763541352627876,0.775,0.55
C2,sub-030,"{""C"": 100.0, ""gamma"": ""auto""}",0.6504453820909517,0.745,0.7415824276050771,0.7586844050258685,0.745,0.49
C3,sub-030,"{""C"": 0.8858667904100825, ""gamma"": ""auto""}",0.6499968499716497,0.73,0.7298919567827131,0.7303685897435898,0.73,0.45999999999999996
C4,sub-030,"{""C"": 1.2742749857031335, ""gamma"": ""auto""}",0.658998635994544,0.72,0.7135549872122762,0.7417582417582418,0.72,0.43999999999999995
C5,sub-030,"{""C"": 0.42813323987193935, ""gamma"": ""auto""}",0.6834334418811555,0.815,0.8149953748843721,0.815031503150315,0.815,0.63
C6,sub-030,"{""C"": 69.51927961775606, ""gamma"": ""auto""}",0.705446317591381,0.815,0.8115657864582007,0.8397691726890303,0.815,0.63
T7,sub-030,"{""C"": 0.6158482110660264, ""gamma"": ""auto""}",0.6921945800720766,0.845,0.844965117151359,0.8453107797017315,0.845,0.69
T8,sub-030,"{""C"": 0.8858667904100825, ""gamma"": ""scale""}",0.6924980781129881,0.835,0.8327886296268147,0.8537113293210854,0.835,0.6699999999999999
CP1,sub-030,"{""C"": 1.2742749857031335, ""gamma"": ""scale""}",0.5864453073919025,0.705,0.7037483367226531,0.7085240565557929,0.7050000000000001,0.41000000000000003
CP2,sub-030,"{""C"": 0.42813323987193935, ""gamma"": ""scale""}",0.619780993852459,0.6,0.5996396757081373,0.6003613006824569,0.6,0.19999999999999996
CP3,sub-030,"{""C"": 48.32930238571752, ""gamma"": ""auto""}",0.6293442319134617,0.765,0.7642869680784372,0.7682457738637514,0.7649999999999999,0.53
CP4,sub-030,"{""C"": 2.636650898730358, ""gamma"": ""auto""}",0.6553820545081555,0.695,0.6932746700188561,0.6994884910485933,0.6950000000000001,0.39
CP5,sub-030,"{""C"": 0.6158482110660264, ""gamma"": ""scale""}",0.646351379167095,0.715,0.7111803602644979,0.7270087635941295,0.715,0.43000000000000005
CP6,sub-030,"{""C"": 1.8329807108324356, ""gamma"": ""auto""}",0.671742646234648,0.745,0.7395234811920631,0.7674964515776832,0.745,0.49
TP7,sub-030,"{""C"": 0.8858667904100825, ""gamma"": ""scale""}",0.6528163398437774,0.795,0.7935080959935534,0.80377921944187,0.7949999999999999,0.5900000000000001
TP8,sub-030,"{""C"": 0.29763514416313175, ""gamma"": ""auto""}",0.66499865999464,0.74,0.7322623828647925,0.771370420624152,0.74,0.48
Pz,sub-030,"{""C"": 3.79269019073225, ""gamma"": ""auto""}",0.6675198987337716,0.655,0.642773938029044,0.6795852160815665,0.655,0.31000000000000005
P3,sub-030,"{""C"": 3.79269019073225, ""gamma"": ""auto""}",0.654394158210952,0.765,0.7584230680270361,0.7973852541802267,0.765,0.53
P4,sub-030,"{""C"": 1.2742749857031335, ""gamma"": ""auto""}",0.6924937729989032,0.71,0.7023809523809523,0.7339572192513368,0.71,0.42000000000000004
P5,sub-030,"{""C"": 1.8329807108324356, ""gamma"": ""scale""}",0.6364926389759393,0.705,0.6977381592766208,0.7267949994468414,0.7050000000000001,0.41000000000000003
P6,sub-030,"{""C"": 16.23776739188721, ""gamma"": ""auto""}",0.6879921998049952,0.65,0.6338529134846741,0.6821272462360368,0.65,0.30000000000000004
P7,sub-030,"{""C"": 3.79269019073225, ""gamma"": ""scale""}",0.6324954980698514,0.67,0.6601791782514674,0.6922207146087743,0.6699999999999999,0.33999999999999997
P8,sub-030,"{""C"": 0.6158482110660264, ""gamma"": ""scale""}",0.670967096709671,0.605,0.5819110370193962,0.6347708894878705,0.605,0.20999999999999996
POz,sub-030,"{""C"": 16.23776739188721, ""gamma"": ""auto""}",0.6652823498479887,0.59,0.5649405772495755,0.6169438669438669,0.59,0.18000000000000005
PO3,sub-030,"{""C"": 48.32930238571752, ""gamma"": ""auto""}",0.6584958165737531,0.46,0.43508735223349726,0.4514327343370568,0.46,-0.08000000000000007
PO4,sub-030,"{""C"": 2.636650898730358, ""gamma"": ""scale""}",0.6834138094096118,0.68,0.6680153542898641,0.7103786816269284,0.6799999999999999,0.36
PO5,sub-030,"{""C"": 48.32930238571752, ""gamma"": ""auto""}",0.6554895785597514,0.54,0.5227720717916796,0.5467508181393175,0.54,0.07999999999999996
PO6,sub-030,"{""C"": 1.8329807108324356, ""gamma"": ""scale""}",0.6864585341411402,0.59,0.5523528769516323,0.635623869801085,0.59,0.18000000000000005
PO7,sub-030,"{""C"": 2.636650898730358, ""gamma"": ""auto""}",0.655,0.52,0.4822564987595729,0.528232636928289,0.52,0.040000000000000036
PO8,sub-030,"{""C"": 1.2742749857031335, ""gamma"": ""scale""}",0.6749986999947999,0.6,0.5659722222222222,0.6456876456876457,0.6,0.19999999999999996
Oz,sub-030,"{""C"": 0.29763514416313175, ""gamma"": ""auto""}",0.6239262895527523,0.45,0.35717625058438524,0.3816287878787879,0.44999999999999996,-0.10000000000000009
O1,sub-030,"{""C"": 7.847599703514611, ""gamma"": ""auto""}",0.6224923554701982,0.485,0.4241788958770091,0.474025974025974,0.48500000000000004,-0.030000000000000027
O2,sub-030,"{""C"": 0.1, ""gamma"": ""scale""}",0.6454148109083208,0.495,0.431162175100673,0.4909272364362185,0.495,-0.010000000000000009
Fpz,sub-031,"{""C"": 7.847599703514611, ""gamma"": ""scale""}",0.6029964269678427,0.615,0.6142187930559382,0.6159391067647948,0.615,0.22999999999999998
Fp1,sub-031,"{""C"": 1.8329807108324356, ""gamma"": ""scale""}",0.634986859526943,0.695,0.6922223063144882,0.7023031434796141,0.6950000000000001,0.39
Fp2,sub-031,"{""C"": 2.636650898730358, ""gamma"": ""auto""}",0.612483627433259,0.69,0.6868686868686869,0.6979166666666667,0.69,0.38
AF3,sub-031,"{""C"": 1.8329807108324356, ""gamma"": ""auto""}",0.6481508777084062,0.705,0.7033312382149592,0.7097186700767264,0.7050000000000001,0.41000000000000003
AF4,sub-031,"{""C"": 100.0, ""gamma"": ""auto""}",0.6324513916965518,0.615,0.6107080563209384,0.6203054712836071,0.615,0.22999999999999998
AF7,sub-031,"{""C"": 2.636650898730358, ""gamma"": ""scale""}",0.6728819103696434,0.715,0.7137907659862921,0.7186959617536364,0.7150000000000001,0.43000000000000005
AF8,sub-031,"{""C"": 3.79269019073225, ""gamma"": ""scale""}",0.6854823083798464,0.76,0.7588182092252035,0.7651978784169726,0.76,0.52
Fz,sub-031,"{""C"": 2.636650898730358, ""gamma"": ""scale""}",0.6324330109162395,0.645,0.6442796663243067,0.6461840911382195,0.645,0.29000000000000004
F1,sub-031,"{""C"": 0.29763514416313175, ""gamma"": ""scale""}",0.6584623454735885,0.77,0.7696314102564102,0.7717391304347826,0.77,0.54
F2,sub-031,"{""C"": 5.455594781168517, ""gamma"": ""scale""}",0.6499968499716497,0.69,0.6895032051282051,0.6912238325281803,0.69,0.38
F3,sub-031,"{""C"": 1.2742749857031335, ""gamma"": ""scale""}",0.6829743209199945,0.77,0.7699769976997699,0.7701080432172869,0.77,0.54
F4,sub-031,"{""C"": 1.8329807108324356, ""gamma"": ""scale""}",0.6664091798992275,0.735,0.7335009428032684,0.7404092071611253,0.7350000000000001,0.47
F5,sub-031,"{""C"": 0.8858667904100825, ""gamma"": ""auto""}",0.6959121186022761,0.74,0.7368154671525458,0.7522068095838588,0.74,0.48
F6,sub-031,"{""C"": 3.79269019073225, ""gamma"": ""scale""}",0.6944870920796403,0.74,0.7390606182256123,0.7435064935064934,0.74,0.48
F7,sub-031,"{""C"": 0.8858667904100825, ""gamma"": ""auto""}",0.706226717403865,0.725,0.7206349206349206,0.74,0.725,0.44999999999999996
F8,sub-031,"{""C"": 2.636650898730358, ""gamma"": ""scale""}",0.7069973629762668,0.81,0.8099239695878351,0.8104967948717949,0.81,0.62
FCz,sub-031,"{""C"": 0.29763514416313175, ""gamma"": ""scale""}",0.6574546983838613,0.68,0.6767676767676768,0.6875,0.6799999999999999,0.36
FC1,sub-031,"{""C"": 33.59818286283781, ""gamma"": ""auto""}",0.6734705307153971,0.715,0.714935860568628,0.7151936743068762,0.715,0.43000000000000005
FC2,sub-031,"{""C"": 100.0, ""gamma"": ""auto""}",0.6709789426523298,0.67,0.6673051718923279,0.6756924348904505,0.6699999999999999,0.33999999999999997
FC3,sub-031,"{""C"": 11.288378916846883, ""gamma"": ""auto""}",0.688999688999689,0.72,0.7199719971997199,0.7200880352140857,0.72,0.43999999999999995
FC4,sub-031,"{""C"": 0.6158482110660264, ""gamma"": ""scale""}",0.6733882171173085,0.76,0.7584541062801933,0.7668308702791462,0.76,0.52
FC5,sub-031,"{""C"": 1.2742749857031335, ""gamma"": ""scale""}",0.6959890556060018,0.775,0.7745434504872366,0.7772456900897269,0.7749999999999999,0.55
FC6,sub-031,"{""C"": 1.2742749857031335, ""gamma"": ""scale""}",0.6979755360184174,0.78,0.77997799779978,0.7801120448179272,0.78,0.56
FT7,sub-031,"{""C"": 0.6158482110660264, ""gamma"": ""auto""}",0.7157088858991607,0.76,0.7591328783621036,0.7637987012987013,0.76,0.52
FT8,sub-031,"{""C"": 0.29763514416313175, ""gamma"": ""auto""}",0.717,0.765,0.7649471131004475,0.765238714843359,0.765,0.53
Cz,sub-031,"{""C"": 0.20691380811147897, ""gamma"": ""scale""}",0.6615112222048638,0.685,0.6836634781953754,0.6881802461601059,0.685,0.37
C1,sub-031,"{""C"": 0.29763514416313175, ""gamma"": ""scale""}",0.6609969489725407,0.675,0.6743405395926751,0.6764290755116443,0.675,0.35
C2,sub-031,"{""C"": 100.0, ""gamma"": ""auto""}",0.6514978218613867,0.69,0.6862030569895738,0.6996637242538881,0.69,0.38
C3,sub-031,"{""C"": 0.20691380811147897, ""gamma"": ""scale""}",0.6548754100230183,0.675,0.6698412698412699,0.6866666666666666,0.675,0.35
C4,sub-031,"{""C"": 5.455594781168517, ""gamma"": ""auto""}",0.6614958533242032,0.715,0.7097094548139848,0.7319059432639413,0.715,0.43000000000000005
C5,sub-031,"{""C"": 0.42813323987193935, ""gamma"": ""scale""}",0.6729918247956199,0.72,0.7181964573268921,0.7257799671592775,0.72,0.43999999999999995
C6,sub-031,"{""C"": 7.847599703514611, ""gamma"": ""auto""}",0.677336651679913,0.755,0.7548467792370231,0.7556390977443609,0.755,0.51
T7,sub-031,"{""C"": 5.455594781168517, ""gamma"": ""auto""}",0.6754408490947474,0.685,0.6846136517233611,0.6859109637222389,0.685,0.37
T8,sub-031,"{""C"": 23.357214690901213, ""gamma"": ""auto""}",0.6859293341001725,0.725,0.7229986653572058,0.731696014828545,0.7250000000000001,0.44999999999999996
CP1,sub-031,"{""C"": 0.6158482110660264, ""gamma"": ""scale""}",0.5974709172737731,0.56,0.5564068958564372,0.5620090946672178,0.56,0.12
CP2,sub-031,"{""C"": 0.29763514416313175, ""gamma"": ""scale""}",0.6314991708731346,0.57,0.5587027914614121,0.5779857397504455,0.57,0.14
CP3,sub-031,"{""C"": 0.8858667904100825, ""gamma"": ""scale""}",0.6396757081373237,0.75,0.7487689679429204,0.7549979600163199,0.75,0.5
CP4,sub-031,"{""C"": 1.8329807108324356, ""gamma"": ""auto""}",0.663655583317317,0.61,0.5861629881154499,0.6429313929313929,0.61,0.21999999999999997
CP5,sub-031,"{""C"": 23.357214690901213, ""gamma"": ""auto""}",0.6598898042965922,0.7,0.6989160979526294,0.702922077922078,0.7,0.4
CP6,sub-031,"{""C"": 16.23776739188721, ""gamma"": ""auto""}",0.674916778695346,0.68,0.6704767789105138,0.7035278154681139,0.6799999999999999,0.36
TP7,sub-031,"{""C"": 0.42813323987193935, ""gamma"": ""auto""}",0.6579230326823535,0.68,0.6794871794871795,0.681159420289855,0.6799999999999999,0.36
TP8,sub-031,"{""C"": 1.2742749857031335, ""gamma"": ""scale""}",0.6674759751392039,0.72,0.7070823307877393,0.7671199611461874,0.72,0.43999999999999995
Pz,sub-031,"{""C"": 5.455594781168517, ""gamma"": ""auto""}",0.6710617720458081,0.6,0.5998399359743898,0.6001602564102564,0.6,0.19999999999999996
P3,sub-031,"{""C"": 2.636650898730358, ""gamma"": ""scale""}",0.6684561533262774,0.725,0.7206349206349206,0.74,0.725,0.44999999999999996
P4,sub-031,"{""C"": 5.455594781168517, ""gamma"": ""auto""}",0.696499924124981,0.54,0.5383380168606985,0.5405844155844155,0.54,0.07999999999999996
P5,sub-031,"{""C"": 7.847599703514611, ""gamma"": ""auto""}",0.6553096447513139,0.74,0.7355304648560675,0.7574002574002574,0.74,0.48
P6,sub-031,"{""C"": 3.79269019073225, ""gamma"": ""auto""}",0.685,0.605,0.5976674900053474,0.6132563908963434,0.605,0.20999999999999996
P7,sub-031,"{""C"": 0.6158482110660264, ""gamma"": ""scale""}",0.656978046594982,0.765,0.7636706473915776,0.7710997442455243,0.7649999999999999,0.53
P8,sub-031,"{""C"": 0.42813323987193935, ""gamma"": ""scale""}",0.6679280891515412,0.64,0.625,0.6666666666666666,0.64,0.28
POz,sub-031,"{""C"": 69.51927961775606, ""gamma"": ""auto""}",0.677395968352695,0.585,0.5819798040845106,0.5875296056018948,0.585,0.17000000000000004
PO3,sub-031,"{""C"": 0.1, ""gamma"": ""scale""}",0.6637727103521981,0.795,0.7911945201293575,0.8181965268040126,0.795,0.5900000000000001
PO4,sub-031,"{""C"": 0.42813323987193935, ""gamma"": ""scale""}",0.695969596959696,0.505,0.5013975976429704,0.5051488003295233,0.505,0.010000000000000009
PO5,sub-031,"{""C"": 33.59818286283781, ""gamma"": ""auto""}",0.6649594600946714,0.735,0.7325865940109488,0.743801224193381,0.735,0.47
PO6,sub-031,"{""C"": 0.6158482110660264, ""gamma"": ""auto""}",0.6944443124759487,0.57,0.568922305764411,0.5707070707070707,0.5700000000000001,0.14
PO7,sub-031,"{""C"": 33.59818286283781, ""gamma"": ""auto""}",0.6468131641638426,0.765,0.7632897685779759,0.7728864174647307,0.765,0.53
PO8,sub-031,"{""C"": 1.2742749857031335, ""gamma"": ""scale""}",0.6753889018516588,0.625,0.6215848028456823,0.6296815022305218,0.625,0.25
Oz,sub-031,"{""C"": 3.79269019073225, ""gamma"": ""scale""}",0.6222142995640454,0.56,0.5598239295718287,0.5600961538461539,0.56,0.12
O1,sub-031,"{""C"": 100.0, ""gamma"": ""auto""}",0.6299274657832936,0.515,0.5073015873015874,0.516,0.515,0.030000000000000027
O2,sub-031,"{""C"": 0.20691380811147897, ""gamma"": ""scale""}",0.6596293363472822,0.515,0.5095932657549483,0.5156920179935139,0.515,0.030000000000000027
Fpz,sub-032,"{""C"": 7.847599703514611, ""gamma"": ""scale""}",0.5991518052198452,0.485,0.48498712467811694,0.484998499849985,0.485,-0.030000000000000027
Fp1,sub-032,"{""C"": 1.2742749857031335, ""gamma"": ""scale""}",0.6401198766196795,0.55,0.5498199279711885,0.5500801282051282,0.55,0.09999999999999998
Fp2,sub-032,"{""C"": 0.6158482110660264, ""gamma"": ""scale""}",0.6249546195089606,0.48,0.47743945332127424,0.4796001631986944,0.48,-0.040000000000000036
AF3,sub-032,"{""C"": 0.8858667904100825, ""gamma"": ""scale""}",0.6471498844728683,0.59,0.5899589958995899,0.5900360144057624,0.59,0.18000000000000005
AF4,sub-032,"{""C"": 23.357214690901213, ""gamma"": ""auto""}",0.6314792707089774,0.48,0.4797919167667067,0.47996794871794873,0.48,-0.040000000000000036
AF7,sub-032,"{""C"": 1.8329807108324356, ""gamma"": ""auto""}",0.6735344963541336,0.535,0.5348953514540772,0.535031528375538,0.535,0.06999999999999995
AF8,sub-032,"{""C"": 2.636650898730358, ""gamma"": ""auto""}",0.6963845502252232,0.5,0.4975379358858406,0.5,0.5,0.0
Fz,sub-032,"{""C"": 0.8858667904100825, ""gamma"": ""scale""}",0.6028713303110207,0.555,0.5549888747218681,0.555005500550055,0.555,0.10999999999999999
F1,sub-032,"{""C"": 16.23776739188721, ""gamma"": ""auto""}",0.6415609121173438,0.575,0.5749893747343684,0.575007500750075,0.575,0.15000000000000002
F2,sub-032,"{""C"": 0.6158482110660264, ""gamma"": ""scale""}",0.64981475200381,0.515,0.5146966854283928,0.5150375939849624,0.515,0.030000000000000027
F3,sub-032,"{""C"": 5.455594781168517, ""gamma"": ""auto""}",0.68310062756589,0.545,0.5447154471544715,0.5451127819548872,0.5449999999999999,0.08999999999999997
F4,sub-032,"{""C"": 5.455594781168517, ""gamma"": ""auto""}",0.6652468429249621,0.505,0.5048885999349854,0.5050045040536483,0.505,0.010000000000000009
F5,sub-032,"{""C"": 0.8858667904100825, ""gamma"": ""scale""}",0.6993638539148839,0.55,0.5483741469289443,0.5507305194805194,0.55,0.09999999999999998
F6,sub-032,"{""C"": 0.42813323987193935, ""gamma"": ""scale""}",0.7094790098584622,0.475,0.4748818484158936,0.4749774797317586,0.475,-0.050000000000000044
F7,sub-032,"{""C"": 2.636650898730358, ""gamma"": ""scale""}",0.7074335914330143,0.505,0.5028997514498756,0.5050859525989218,0.505,0.010000000000000009
F8,sub-032,"{""C"": 5.455594781168517, ""gamma"": ""auto""}",0.7132671012029521,0.545,0.54242614707731,0.5460358056265985,0.5449999999999999,0.08999999999999997
FCz,sub-032,"{""C"": 0.8858667904100825, ""gamma"": ""auto""}",0.6344428817002656,0.555,0.5549888747218681,0.555005500550055,0.555,0.10999999999999999
FC1,sub-032,"{""C"": 48.32930238571752, ""gamma"": ""auto""}",0.6648060647555603,0.605,0.6047529706066291,0.6052631578947368,0.605,0.20999999999999996
FC2,sub-032,"{""C"": 3.79269019073225, ""gamma"": ""auto""}",0.6484802270127694,0.495,0.4946841776110069,0.4949874686716792,0.495,-0.010000000000000009
FC3,sub-032,"{""C"": 48.32930238571752, ""gamma"": ""auto""}",0.6844951923076923,0.58,0.5796216594935442,0.5802890405459655,0.5800000000000001,0.16000000000000003
FC4,sub-032,"{""C"": 100.0, ""gamma"": ""auto""}",0.6713875323829581,0.465,0.46434382118094664,0.46482765551200883,0.46499999999999997,-0.07000000000000006
FC5,sub-032,"{""C"": 2.636650898730358, ""gamma"": ""auto""}",0.7030598604781938,0.525,0.5229846099771535,0.525429762994609,0.525,0.050000000000000044
FC6,sub-032,"{""C"": 1.2742749857031335, ""gamma"": ""auto""}",0.7074964168311062,0.515,0.5140158821613768,0.5151224921867124,0.515,0.030000000000000027
FT7,sub-032,"{""C"": 7.847599703514611, ""gamma"": ""auto""}",0.7129056429072287,0.535,0.5347091932457786,0.5350877192982456,0.535,0.06999999999999995
FT8,sub-032,"{""C"": 0.29763514416313175, ""gamma"": ""auto""}",0.7279017725398869,0.49,0.48994899489948995,0.4899959983993597,0.49,-0.020000000000000018
Cz,sub-032,"{""C"": 0.42813323987193935, ""gamma"": ""scale""}",0.6422756081064155,0.545,0.5444419413781882,0.5452215857702742,0.5449999999999999,0.08999999999999997
C1,sub-032,"{""C"": 0.29763514416313175, ""gamma"": ""auto""}",0.6417191077804999,0.505,0.5049876246906173,0.5050005000500051,0.505,0.010000000000000009
C2,sub-032,"{""C"": 23.357214690901213, ""gamma"": ""auto""}",0.6419298182443759,0.53,0.5283018867924528,0.5304383116883117,0.53,0.06000000000000005
C3,sub-032,"{""C"": 100.0, ""gamma"": ""auto""}",0.6400960978458075,0.54,0.53995399539954,0.540016006402561,0.54,0.07999999999999996
C4,sub-032,"{""C"": 0.42813323987193935, ""gamma"": ""auto""}",0.6562726729760173,0.575,0.5711294432251066,0.5778089013383131,0.575,0.15000000000000002
C5,sub-032,"{""C"": 23.357214690901213, ""gamma"": ""auto""}",0.6805140618881318,0.545,0.544897601960441,0.5450405364828346,0.545,0.08999999999999997
C6,sub-032,"{""C"": 0.6158482110660264, ""gamma"": ""auto""}",0.6724311286447975,0.54,0.539585627064358,0.5401445202729827,0.54,0.07999999999999996
T7,sub-032,"{""C"": 0.6158482110660264, ""gamma"": ""scale""}",0.6756250225260401,0.575,0.5749893747343684,0.575007500750075,0.575,0.15000000000000002
T8,sub-032,"{""C"": 2.636650898730358, ""gamma"": ""auto""}",0.6858866050644282,0.54,0.5388471177944862,0.5404040404040404,0.54,0.07999999999999996
CP1,sub-032,"{""C"": 0.42813323987193935, ""gamma"": ""scale""}",0.5982588548776403,0.515,0.5135284234810301,0.5151837230488916,0.515,0.030000000000000027
CP2,sub-032,"{""C"": 2.636650898730358, ""gamma"": ""auto""}",0.6129129054037159,0.5,0.5,0.5,0.5,0.0
CP3,sub-032,"{""C"": 0.20691380811147897, ""gamma"": ""scale""}",0.6454992023732053,0.58,0.5625,0.5952380952380952,0.5800000000000001,0.16000000000000003
CP4,sub-032,"{""C"": 33.59818286283781, ""gamma"": ""auto""}",0.6581163210412886,0.52,0.518796992481203,0.5202020202020202,0.52,0.040000000000000036
CP5,sub-032,"{""C"": 0.29763514416313175, ""gamma"": ""scale""}",0.6431894856498868,0.575,0.5749043534795328,0.5750675608047242,0.575,0.15000000000000002
CP6,sub-032,"{""C"": 0.42813323987193935, ""gamma"": ""auto""}",0.661836328783131,0.56,0.5596036432789511,0.5602167804094741,0.56,0.12
TP7,sub-032,"{""C"": 0.29763514416313175, ""gamma"": ""auto""}",0.6416330322249983,0.55,0.5488721804511278,0.5505050505050505,0.55,0.09999999999999998
TP8,sub-032,"{""C"": 0.42813323987193935, ""gamma"": ""auto""}",0.6599724577690793,0.6,0.5999599959995999,0.6000400160064026,0.6,0.19999999999999996
Pz,sub-032,"{""C"": 23.357214690901213, ""gamma"": ""auto""}",0.6613009205840978,0.475,0.474671669793621,0.474937343358396,0.475,-0.050000000000000044
P3,sub-032,"{""C"": 0.1, ""gamma"": ""scale""}",0.6608046234631147,0.535,0.5185213947347985,0.540551500405515,0.5349999999999999,0.06999999999999995
P4,sub-032,"{""C"": 11.288378916846883, ""gamma"": ""auto""}",0.7009135640200018,0.48,0.4781212364512244,0.47970779220779225,0.48,-0.040000000000000036
P5,sub-032,"{""C"": 1.2742749857031335, ""gamma"": ""scale""}",0.6454800582532767,0.605,0.6038014995360967,0.6062860613422412,0.605,0.20999999999999996
P6,sub-032,"{""C"": 0.29763514416313175, ""gamma"": ""auto""}",0.6884905768399494,0.52,0.518796992481203,0.5202020202020202,0.52,0.040000000000000036
P7,sub-032,"{""C"": 0.8858667904100825, ""gamma"": ""scale""}",0.6524053673612641,0.59,0.5889724310776943,0.5909090909090908,0.5900000000000001,0.18000000000000005
P8,sub-032,"{""C"": 1.8329807108324356, ""gamma"": ""auto""}",0.661489760065242,0.575,0.5749043534795328,0.5750675608047242,0.575,0.15000000000000002
POz,sub-032,"{""C"": 100.0, ""gamma"": ""auto""}",0.6625626812348804,0.515,0.5144051463042227,0.5150738619234247,0.515,0.030000000000000027
PO3,sub-032,"{""C"": 1.8329807108324356, ""gamma"": ""scale""}",0.6549779185867896,0.605,0.6033240440862644,0.6068050045773574,0.605,0.20999999999999996
PO4,sub-032,"{""C"": 1.2742749857031335, ""gamma"": ""auto""}",0.6844033485254859,0.52,0.5198079231692677,0.5200320512820513,0.52,0.040000000000000036
PO5,sub-032,"{""C"": 23.357214690901213, ""gamma"": ""auto""}",0.6539653965396539,0.565,0.5647279549718573,0.5651629072681704,0.565,0.13
PO6,sub-032,"{""C"": 0.42813323987193935, ""gamma"": ""auto""}",0.6773218009645827,0.525,0.5223130106851037,0.5255754475703325,0.525,0.050000000000000044
PO7,sub-032,"{""C"": 0.8858667904100825, ""gamma"": ""scale""}",0.6543547425805696,0.565,0.5636801324005115,0.5657961332118635,0.565,0.13
PO8,sub-032,"{""C"": 2.636650898730358, ""gamma"": ""scale""}",0.6539830451692132,0.52,0.517636418450407,0.5203998368013056,0.52,0.040000000000000036
Oz,sub-032,"{""C"": 16.23776739188721, ""gamma"": ""auto""}",0.613514349158164,0.535,0.534429676353533,0.5351723444879911,0.5349999999999999,0.06999999999999995
O1,sub-032,"{""C"": 23.357214690901213, ""gamma"": ""auto""}",0.6196104811326799,0.565,0.5644664714274987,0.5653200683348407,0.565,0.13
O2,sub-032,"{""C"": 0.42813323987193935, ""gamma"": ""scale""}",0.6409192068215348,0.605,0.6021253556948956,0.6081248069199876,0.605,0.20999999999999996
Fpz,sub-033,"{""C"": 33.59818286283781, ""gamma"": ""scale""}",0.5826243619257332,0.63,0.6298519407763106,0.6302083333333333,0.63,0.26
Fp1,sub-033,"{""C"": 1.8329807108324356, ""gamma"": ""auto""}",0.651060248678397,0.7,0.6989160979526294,0.702922077922078,0.7,0.4
Fp2,sub-033,"{""C"": 0.6158482110660264, ""gamma"": ""scale""}",0.6053649361493971,0.67,0.6683750376846548,0.6733986128110976,0.6699999999999999,0.33999999999999997
AF3,sub-033,"{""C"": 0.6158482110660264, ""gamma"": ""scale""}",0.63996399639964,0.685,0.684044233807267,0.6872659176029963,0.685,0.37
AF4,sub-033,"{""C"": 1.8329807108324356, ""gamma"": ""auto""}",0.6383002513137881,0.67,0.6678743961352657,0.6744663382594417,0.6699999999999999,0.33999999999999997
AF7,sub-033,"{""C"": 7.847599703514611, ""gamma"": ""auto""}",0.6765572068161313,0.77,0.7699769976997699,0.7701080432172869,0.77,0.54
AF8,sub-033,"{""C"": 1.2742749857031335, ""gamma"": ""auto""}",0.6894719748457299,0.7,0.6963255390221682,0.7101723413198823,0.7,0.4
Fz,sub-033,"{""C"": 0.6158482110660264, ""gamma"": ""scale""}",0.6049857794880615,0.705,0.7048155096935584,0.7055137844611529,0.7050000000000001,0.41000000000000003
F1,sub-033,"{""C"": 16.23776739188721, ""gamma"": ""auto""}",0.6472706377321853,0.69,0.6884735202492211,0.693798449612403,0.69,0.38
F2,sub-033,"{""C"": 5.455594781168517, ""gamma"": ""auto""}",0.6637898686679174,0.7,0.6975501562657526,0.7066969822240595,0.7,0.4
F3,sub-033,"{""C"": 0.42813323987193935, ""gamma"": ""scale""}",0.6774934692427521,0.74,0.7393483709273183,0.7424242424242424,0.74,0.48
F4,sub-033,"{""C"": 1.2742749857031335, ""gamma"": ""scale""}",0.67996799679968,0.695,0.6922223063144882,0.7023031434796141,0.6950000000000001,0.39
F5,sub-033,"{""C"": 5.455594781168517, ""gamma"": ""auto""}",0.6937243519167251,0.75,0.749599358974359,0.751610305958132,0.75,0.5
F6,sub-033,"{""C"": 16.23776739188721, ""gamma"": ""auto""}",0.7104304309110264,0.715,0.7137907659862921,0.7186959617536364,0.7150000000000001,0.43000000000000005
F7,sub-033,"{""C"": 7.847599703514611, ""gamma"": ""auto""}",0.7028689652136593,0.785,0.7849516141131755,0.7852567310579521,0.785,0.5700000000000001
F8,sub-033,"{""C"": 1.8329807108324356, ""gamma"": ""auto""}",0.7204143769029265,0.785,0.7840877708317642,0.7898992981385413,0.7849999999999999,0.5700000000000001
FCz,sub-033,"{""C"": 23.357214690901213, ""gamma"": ""auto""}",0.647770797493511,0.73,0.72997299729973,0.7300920368147259,0.73,0.45999999999999996
FC1,sub-033,"{""C"": 33.59818286283781, ""gamma"": ""auto""}",0.666247599747309,0.69,0.6895032051282051,0.6912238325281803,0.69,0.38
FC2,sub-033,"{""C"": 2.636650898730358, ""gamma"": ""auto""}",0.6693987533682191,0.695,0.6949313595559001,0.695175658092283,0.6950000000000001,0.39
FC3,sub-033,"{""C"": 0.14384498882876628, ""gamma"": ""scale""}",0.6771156869463879,0.71,0.7098839535814325,0.7103365384615384,0.71,0.42000000000000004
FC4,sub-033,"{""C"": 5.455594781168517, ""gamma"": ""auto""}",0.6914962208287052,0.65,0.6496847162446202,0.6505419510236852,0.65,0.30000000000000004
FC5,sub-033,"{""C"": 1.2742749857031335, ""gamma"": ""scale""}",0.7023868325930935,0.765,0.7649471131004475,0.765238714843359,0.765,0.53
FC6,sub-033,"{""C"": 5.455594781168517, ""gamma"": ""auto""}",0.726,0.655,0.6542999574137629,0.6562657525960278,0.655,0.31000000000000005
FT7,sub-033,"{""C"": 0.6158482110660264, ""gamma"": ""auto""}",0.7140538525233996,0.87,0.8696741854636592,0.8737373737373737,0.87,0.74
FT8,sub-033,"{""C"": 5.455594781168517, ""gamma"": ""auto""}",0.7324705048731623,0.775,0.7749943748593715,0.7750275027502751,0.775,0.55
Cz,sub-033,"{""C"": 7.847599703514611, ""gamma"": ""auto""}",0.6519216823785352,0.735,0.7349403615813558,0.7352116905214694,0.735,0.47
C1,sub-033,"{""C"": 1.8329807108324356, ""gamma"": ""auto""}",0.648445069542116,0.675,0.6743405395926751,0.6764290755116443,0.675,0.35
C2,sub-033,"{""C"": 100.0, ""gamma"": ""auto""}",0.6514748190556767,0.635,0.634771732332708,0.6353383458646616,0.635,0.27
C3,sub-033,"{""C"": 23.357214690901213, ""gamma"": ""auto""}",0.6507453933917826,0.685,0.6836634781953754,0.6881802461601059,0.685,0.37
C4,sub-033,"{""C"": 0.20691380811147897, ""gamma"": ""auto""}",0.6628019156659073,0.57,0.567230273752013,0.5718390804597702,0.5700000000000001,0.14
C5,sub-033,"{""C"": 48.32930238571752, ""gamma"": ""auto""}",0.6858479504079975,0.725,0.7213143827113577,0.7375673107380425,0.725,0.44999999999999996
C6,sub-033,"{""C"": 1.2742749857031335, ""gamma"": ""scale""}",0.692416260326874,0.63,0.62996299629963,0.6300520208083233,0.63,0.26
T7,sub-033,"{""C"": 3.79269019073225, ""gamma"": ""auto""}",0.682801751094434,0.78,0.7773053952829234,0.7942412778478352,0.78,0.56
T8,sub-033,"{""C"": 16.23776739188721, ""gamma"": ""auto""}",0.700374082208048,0.695,0.6943811217715875,0.6965923984272608,0.6950000000000001,0.39
CP1,sub-033,"{""C"": 69.51927961775606, ""gamma"": ""auto""}",0.5949898747468687,0.615,0.6028368794326241,0.6310541310541311,0.615,0.22999999999999998
CP2,sub-033,"{""C"": 11.288378916846883, ""gamma"": ""auto""}",0.608264860982805,0.58,0.5793269230769231,0.5805152979066023,0.5800000000000001,0.16000000000000003
CP3,sub-033,"{""C"": 69.51927961775606, ""gamma"": ""auto""}",0.6454034610922824,0.59,0.5432263814616756,0.6524390243902439,0.5900000000000001,0.18000000000000005
CP4,sub-033,"{""C"": 3.79269019073225, ""gamma"": ""auto""}",0.6511084564652682,0.68,0.6791979949874687,0.6818181818181819,0.6799999999999999,0.36
CP5,sub-033,"{""C"": 0.8858667904100825, ""gamma"": ""scale""}",0.6569969129722169,0.645,0.6223303811271577,0.6908145808659034,0.645,0.29000000000000004
CP6,sub-033,"{""C"": 0.29763514416313175, ""gamma"": ""auto""}",0.6708933694517023,0.69,0.6892230576441103,0.6919191919191919,0.69,0.38
TP7,sub-033,"{""C"": 69.51927961775606, ""gamma"": ""auto""}",0.6438575430172069,0.695,0.6874919951843028,0.7157318287421175,0.6950000000000001,0.39
TP8,sub-033,"{""C"": 1.8329807108324356, ""gamma"": ""scale""}",0.6694701696828139,0.655,0.6524892347208582,0.6596128102152199,0.655,0.31000000000000005
Pz,sub-033,"{""C"": 1.8329807108324356, ""gamma"": ""auto""}",0.6753356386670752,0.82,0.8195488721804511,0.8232323232323232,0.8200000000000001,0.64
P3,sub-033,"{""C"": 16.23776739188721, ""gamma"": ""auto""}",0.667456021058785,0.68,0.6586666666666667,0.74,0.68,0.36
P4,sub-033,"{""C"": 5.455594781168517, ""gamma"": ""auto""}",0.6864936514964428,0.78,0.779205138498595,0.7840909090909092,0.78,0.56
P5,sub-033,"{""C"": 2.636650898730358, ""gamma"": ""auto""}",0.6484612428520244,0.615,0.5904146386871991,0.6513357020660613,0.615,0.22999999999999998
P6,sub-033,"{""C"": 23.357214690901213, ""gamma"": ""auto""}",0.6704999176249794,0.795,0.7947485669945684,0.7964526178273541,0.7949999999999999,0.5900000000000001
P7,sub-033,"{""C"": 0.6158482110660264, ""gamma"": ""auto""}",0.6464532434414452,0.62,0.5901197281846619,0.6693958215697347,0.62,0.24
P8,sub-033,"{""C"": 0.8858667904100825, ""gamma"": ""scale""}",0.6531336223886479,0.63,0.6269785260610949,0.6343530384456387,0.63,0.26
POz,sub-033,"{""C"": 3.79269019073225, ""gamma"": ""auto""}",0.6733346256542374,0.63,0.6286631874749097,0.6318993506493507,0.6299999999999999,0.26
PO3,sub-033,"{""C"": 0.42813323987193935, ""gamma"": ""auto""}",0.6549875795528639,0.655,0.6441005802707931,0.6766381766381766,0.655,0.31000000000000005
PO4,sub-033,"{""C"": 5.455594781168517, ""gamma"": ""auto""}",0.6744999186249796,0.7,0.7,0.7,0.7,0.4
PO5,sub-033,"{""C"": 0.1, ""gamma"": ""scale""}",0.6478336131544915,0.665,0.6503040267230356,0.6983411467724486,0.665,0.32999999999999996
PO6,sub-033,"{""C"": 23.357214690901213, ""gamma"": ""auto""}",0.6774818583545325,0.61,0.60996099609961,0.6100440176070427,0.61,0.21999999999999997
PO7,sub-033,"{""C"": 0.6158482110660264, ""gamma"": ""auto""}",0.6369996369996369,0.555,0.5500391819813444,0.5575373993095512,0.555,0.10999999999999999
PO8,sub-033,"{""C"": 0.20691380811147897, ""gamma"": ""scale""}",0.658276913949918,0.61,0.6096486838154338,0.6103974307507025,0.61,0.21999999999999997
Oz,sub-033,"{""C"": 3.79269019073225, ""gamma"": ""auto""}",0.6215625262803801,0.605,0.6045155315261195,0.6055170334639735,0.605,0.20999999999999996
O1,sub-033,"{""C"": 0.8858667904100825, ""gamma"": ""auto""}",0.617961796179618,0.505,0.5049876246906173,0.5050005000500051,0.505,0.010000000000000009
O2,sub-033,"{""C"": 0.6158482110660264, ""gamma"": ""scale""}",0.6387742338961852,0.515,0.5144051463042227,0.5150738619234247,0.515,0.030000000000000027
Fpz,sub-034,"{""C"": 7.847599703514611, ""gamma"": ""auto""}",0.6042682920720412,0.505,0.5034980816971338,0.5050612410162971,0.505,0.010000000000000009
Fp1,sub-034,"{""C"": 0.6158482110660264, ""gamma"": ""auto""}",0.6478935847262949,0.51,0.5059985885673959,0.510334849111203,0.51,0.020000000000000018
Fp2,sub-034,"{""C"": 16.23776739188721, ""gamma"": ""auto""}",0.6250274408323089,0.575,0.5582005769380701,0.5884538271022526,0.575,0.15000000000000002
AF3,sub-034,"{""C"": 3.79269019073225, ""gamma"": ""auto""}",0.6605352727884474,0.525,0.5215431492533555,0.5257440016476161,0.525,0.050000000000000044
AF4,sub-034,"{""C"": 3.79269019073225, ""gamma"": ""auto""}",0.6259367833163805,0.6,0.595959595959596,0.6041666666666667,0.6,0.19999999999999996
AF7,sub-034,"{""C"": 1.8329807108324356, ""gamma"": ""auto""}",0.6800320970937085,0.58,0.5779318661441061,0.5815993472052223,0.5800000000000001,0.16000000000000003
AF8,sub-034,"{""C"": 1.2742749857031335, ""gamma"": ""scale""}",0.6929398162039759,0.645,0.6424164589156657,0.6493152095561734,0.645,0.29000000000000004
Fz,sub-034,"{""C"": 1.2742749857031335, ""gamma"": ""scale""}",0.6134345289203367,0.485,0.4834373981293412,0.4848162769511084,0.485,-0.030000000000000027
F1,sub-034,"{""C"": 5.455594781168517, ""gamma"": ""auto""}",0.6535256766513357,0.555,0.5549888747218681,0.555005500550055,0.555,0.10999999999999999
F2,sub-034,"{""C"": 1.2742749857031335, ""gamma"": ""scale""}",0.6569420232019212,0.615,0.6067315304272325,0.6255595589038105,0.615,0.22999999999999998
F3,sub-034,"{""C"": 5.455594781168517, ""gamma"": ""auto""}",0.6852443397149335,0.555,0.554899852466805,0.5550495445901311,0.5549999999999999,0.10999999999999999
F4,sub-034,"{""C"": 11.288378916846883, ""gamma"": ""auto""}",0.6749970749736748,0.665,0.6619490905421428,0.6711795829442888,0.665,0.32999999999999996
F5,sub-034,"{""C"": 3.79269019073225, ""gamma"": ""auto""}",0.6972874200907587,0.53,0.5295766189570613,0.530108390204737,0.53,0.06000000000000005
F6,sub-034,"{""C"": 7.847599703514611, ""gamma"": ""auto""}",0.7044378580596571,0.705,0.7037483367226531,0.7085240565557929,0.7050000000000001,0.41000000000000003
F7,sub-034,"{""C"": 0.8858667904100825, ""gamma"": ""scale""}",0.7079427567803289,0.525,0.5223130106851037,0.5255754475703325,0.525,0.050000000000000044
F8,sub-034,"{""C"": 1.8329807108324356, ""gamma"": ""scale""}",0.7269538552015291,0.655,0.6545768566493955,0.6557632398753894,0.655,0.31000000000000005
FCz,sub-034,"{""C"": 5.455594781168517, ""gamma"": ""auto""}",0.6511624410208912,0.535,0.5348953514540772,0.535031528375538,0.535,0.06999999999999995
FC1,sub-034,"{""C"": 16.23776739188721, ""gamma"": ""auto""}",0.6647435776971793,0.57,0.5684464070654356,0.5710227272727273,0.5700000000000001,0.14
FC2,sub-034,"{""C"": 48.32930238571752, ""gamma"": ""auto""}",0.6673735187805163,0.615,0.6121981315000882,0.6184224075790341,0.615,0.22999999999999998
FC3,sub-034,"{""C"": 0.8858667904100825, ""gamma"": ""scale""}",0.6954962698293055,0.545,0.543619448832719,0.5455511691466748,0.5449999999999999,0.08999999999999997
FC4,sub-034,"{""C"": 69.51927961775606, ""gamma"": ""auto""}",0.6794903045817136,0.665,0.6625620105260508,0.6699104108742664,0.665,0.32999999999999996
FC5,sub-034,"{""C"": 0.8858667904100825, ""gamma"": ""auto""}",0.711390256144899,0.575,0.5747342088805503,0.575187969924812,0.575,0.15000000000000002
FC6,sub-034,"{""C"": 0.42813323987193935, ""gamma"": ""scale""}",0.6985647274664616,0.68,0.6794871794871795,0.681159420289855,0.6799999999999999,0.36
FT7,sub-034,"{""C"": 2.636650898730358, ""gamma"": ""auto""}",0.7222899817987353,0.63,0.6286631874749097,0.6318993506493507,0.6299999999999999,0.26
FT8,sub-034,"{""C"": 0.42813323987193935, ""gamma"": ""scale""}",0.714431392141962,0.655,0.6503762255833396,0.6636574807306515,0.655,0.31000000000000005
Cz,sub-034,"{""C"": 0.29763514416313175, ""gamma"": ""scale""}",0.6498970351688195,0.545,0.4557253506384761,0.6308519918580983,0.5449999999999999,0.08999999999999997
C1,sub-034,"{""C"": 7.847599703514611, ""gamma"": ""auto""}",0.6620497658004877,0.525,0.5247029393370857,0.525062656641604,0.525,0.050000000000000044
C2,sub-034,"{""C"": 2.636650898730358, ""gamma"": ""auto""}",0.6409080724665515,0.615,0.6145277965507747,0.6155662747462567,0.615,0.22999999999999998
C3,sub-034,"{""C"": 23.357214690901213, ""gamma"": ""auto""}",0.6761579418260537,0.615,0.613831841319993,0.6164085433748355,0.615,0.22999999999999998
C4,sub-034,"{""C"": 0.29763514416313175, ""gamma"": ""auto""}",0.6533397563023507,0.595,0.5949898747468687,0.595009500950095,0.595,0.18999999999999995
C5,sub-034,"{""C"": 33.59818286283781, ""gamma"": ""auto""}",0.6904999226249806,0.54,0.5362435729408206,0.5413393964448119,0.54,0.07999999999999996
C6,sub-034,"{""C"": 0.8858667904100825, ""gamma"": ""scale""}",0.6789277587457178,0.66,0.6583257964023717,0.6631986944104447,0.6599999999999999,0.31999999999999995
T7,sub-034,"{""C"": 23.357214690901213, ""gamma"": ""auto""}",0.6929803507424475,0.635,0.6345523266000851,0.635664757310823,0.635,0.27
T8,sub-034,"{""C"": 2.636650898730358, ""gamma"": ""auto""}",0.6779453413641645,0.665,0.6631049654305469,0.6687979539641944,0.665,0.32999999999999996
CP1,sub-034,"{""C"": 0.8858667904100825, ""gamma"": ""scale""}",0.5874916467058457,0.555,0.5509472993768763,0.5570598609814296,0.555,0.10999999999999999
CP2,sub-034,"{""C"": 2.636650898730358, ""gamma"": ""auto""}",0.6139532883478901,0.59,0.5879811074263892,0.5917992656058751,0.5900000000000001,0.18000000000000005
CP3,sub-034,"{""C"": 1.2742749857031335, ""gamma"": ""scale""}",0.6594931047353709,0.545,0.5184038527691779,0.5577589526376588,0.545,0.08999999999999997
CP4,sub-034,"{""C"": 3.79269019073225, ""gamma"": ""auto""}",0.6571598168282479,0.645,0.6429918290383407,0.6483375959079284,0.645,0.29000000000000004
CP5,sub-034,"{""C"": 1.2742749857031335, ""gamma"": ""scale""}",0.6644294462910827,0.615,0.6098401357959008,0.6214232921549995,0.615,0.22999999999999998
CP6,sub-034,"{""C"": 16.23776739188721, ""gamma"": ""auto""}",0.6637548773055557,0.63,0.6276167471819646,0.6334154351395731,0.63,0.26
TP7,sub-034,"{""C"": 0.6158482110660264, ""gamma"": ""scale""}",0.6589126816465015,0.64,0.6328029375764994,0.6519097222222222,0.64,0.28
TP8,sub-034,"{""C"": 0.8858667904100825, ""gamma"": ""scale""}",0.6664558887912926,0.575,0.5582005769380701,0.5884538271022526,0.575,0.15000000000000002
Pz,sub-034,"{""C"": 69.51927961775606, ""gamma"": ""auto""}",0.6674409682676579,0.54,0.5294117647058824,0.543956043956044,0.54,0.07999999999999996
P3,sub-034,"{""C"": 23.357214690901213, ""gamma"": ""auto""}",0.681732336895329,0.515,0.5140158821613768,0.5151224921867124,0.515,0.030000000000000027
P4,sub-034,"{""C"": 1.8329807108324356, ""gamma"": ""scale""}",0.6849744829331176,0.59,0.5898359343737495,0.5901442307692308,0.59,0.18000000000000005
P5,sub-034,"{""C"": 1.2742749857031335, ""gamma"": ""scale""}",0.6574855287635902,0.495,0.3311036789297659,0.24874371859296482,0.495,-0.010000000000000009
P6,sub-034,"{""C"": 11.288378916846883, ""gamma"": ""auto""}",0.6808592589331895,0.59,0.5893429487179487,0.5905797101449275,0.5900000000000001,0.18000000000000005
P7,sub-034,"{""C"": 1.2742749857031335, ""gamma"": ""scale""}",0.6624958655743534,0.525,0.5197047448115473,0.5261533633225233,0.525,0.050000000000000044
P8,sub-034,"{""C"": 0.42813323987193935, ""gamma"": ""auto""}",0.6543685736501305,0.57,0.5614035087719298,0.5759548611111112,0.57,0.14
POz,sub-034,"{""C"": 5.455594781168517, ""gamma"": ""auto""}",0.6601841020289716,0.515,0.47212320753176784,0.5222189305288105,0.515,0.030000000000000027
PO3,sub-034,"{""C"": 48.32930238571752, ""gamma"": ""auto""}",0.6673735187805163,0.575,0.5747342088805503,0.575187969924812,0.575,0.15000000000000002
PO4,sub-034,"{""C"": 3.79269019073225, ""gamma"": ""auto""}",0.6779455728018036,0.585,0.5844910014768091,0.5854185508994071,0.585,0.17000000000000004
PO5,sub-034,"{""C"": 1.2742749857031335, ""gamma"": ""scale""}",0.6639432064018819,0.54,0.5294117647058824,0.543956043956044,0.54,0.07999999999999996
PO6,sub-034,"{""C"": 1.2742749857031335, ""gamma"": ""scale""}",0.667999667999668,0.595,0.5949898747468687,0.595009500950095,0.595,0.18999999999999995
PO7,sub-034,"{""C"": 33.59818286283781, ""gamma"": ""auto""}",0.648499912124978,0.535,0.5348953514540772,0.535031528375538,0.535,0.06999999999999995
PO8,sub-034,"{""C"": 11.288378916846883, ""gamma"": ""auto""}",0.651453904778907,0.545,0.5449886247156179,0.545004500450045,0.545,0.08999999999999997
Oz,sub-034,"{""C"": 0.42813323987193935, ""gamma"": ""scale""}",0.6242390841453944,0.515,0.5135284234810301,0.5151837230488916,0.515,0.030000000000000027
O1,sub-034,"{""C"": 0.8858667904100825, ""gamma"": ""scale""}",0.6224885802795534,0.515,0.4615747550720213,0.5248714972641353,0.515,0.030000000000000027
O2,sub-034,"{""C"": 0.8858667904100825, ""gamma"": ""scale""}",0.6364431942491015,0.585,0.5849066039858968,0.5850765689120208,0.585,0.17000000000000004
Fpz,sub-035,"{""C"": 16.23776739188721, ""gamma"": ""scale""}",0.5819059288339876,0.8,0.7999799979998,0.8001200480192077,0.8,0.6
Fp1,sub-035,"{""C"": 0.6158482110660264, ""gamma"": ""auto""}",0.6266928165425691,0.82,0.82,0.82,0.82,0.64
Fp2,sub-035,"{""C"": 3.79269019073225, ""gamma"": ""scale""}",0.6094288184021538,0.805,0.804995124878122,0.8050305030503051,0.805,0.61
AF3,sub-035,"{""C"": 0.29763514416313175, ""gamma"": ""auto""}",0.6239436577345765,0.81,0.8099239695878351,0.8104967948717949,0.81,0.62
AF4,sub-035,"{""C"": 1.2742749857031335, ""gamma"": ""scale""}",0.6354955348203015,0.815,0.8148843026891808,0.8157894736842106,0.815,0.63
AF7,sub-035,"{""C"": 0.42813323987193935, ""gamma"": ""auto""}",0.6625126682930151,0.805,0.8047608320192235,0.8065018591096372,0.8049999999999999,0.61
AF8,sub-035,"{""C"": 1.8329807108324356, ""gamma"": ""scale""}",0.6769970929738367,0.82,0.8198378540686617,0.8211561621838619,0.8200000000000001,0.64
Fz,sub-035,"{""C"": 33.59818286283781, ""gamma"": ""auto""}",0.607622925631532,0.67,0.66996699669967,0.6700680272108843,0.67,0.33999999999999997
F1,sub-035,"{""C"": 5.455594781168517, ""gamma"": ""auto""}",0.6414546525264928,0.66,0.6587715776796468,0.6623376623376623,0.6599999999999999,0.31999999999999995
F2,sub-035,"{""C"": 11.288378916846883, ""gamma"": ""auto""}",0.6538324549081755,0.825,0.8248905565978737,0.8258145363408521,0.825,0.65
F3,sub-035,"{""C"": 0.20691380811147897, ""gamma"": ""scale""}",0.6719051805971926,0.865,0.8649966249156229,0.8650365036503651,0.865,0.73
F4,sub-035,"{""C"": 0.8858667904100825, ""gamma"": ""auto""}",0.6634386616960941,0.78,0.779205138498595,0.7840909090909092,0.78,0.56
F5,sub-035,"{""C"": 3.79269019073225, ""gamma"": ""auto""}",0.6856979557354618,0.86,0.8599439775910365,0.8605769230769231,0.86,0.72
F6,sub-035,"{""C"": 0.29763514416313175, ""gamma"": ""auto""}",0.7059973539761858,0.76,0.7580401250126021,0.7687060768912773,0.76,0.52
F7,sub-035,"{""C"": 0.6158482110660264, ""gamma"": ""auto""}",0.6929189258374158,0.815,0.8149953748843721,0.815031503150315,0.815,0.63
F8,sub-035,"{""C"": 1.2742749857031335, ""gamma"": ""scale""}",0.7099988399953601,0.835,0.8344993605657113,0.8391031480919122,0.835,0.6699999999999999
FCz,sub-035,"{""C"": 1.2742749857031335, ""gamma"": ""scale""}",0.6379909497737444,0.89,0.8899889988998899,0.89015606242497,0.89,0.78
FC1,sub-035,"{""C"": 7.847599703514611, ""gamma"": ""auto""}",0.661328547577211,0.88,0.8799519807923168,0.8806089743589745,0.88,0.76
FC2,sub-035,"{""C"": 2.636650898730358, ""gamma"": ""auto""}",0.653999653999654,0.845,0.8448098921178444,0.84669882423877,0.845,0.69
FC3,sub-035,"{""C"": 33.59818286283781, ""gamma"": ""auto""}",0.6809282088469906,0.845,0.8449961249031226,0.845034503450345,0.845,0.69
FC4,sub-035,"{""C"": 0.42813323987193935, ""gamma"": ""auto""}",0.6784497577746522,0.745,0.7444825772188681,0.7470007057163021,0.745,0.49
FC5,sub-035,"{""C"": 2.636650898730358, ""gamma"": ""auto""}",0.7048155096935584,0.88,0.8798076923076923,0.8824476650563606,0.88,0.76
FC6,sub-035,"{""C"": 1.2742749857031335, ""gamma"": ""auto""}",0.7144553836536959,0.745,0.7421572840567254,0.7563029605607281,0.745,0.49
FT7,sub-035,"{""C"": 3.79269019073225, ""gamma"": ""auto""}",0.719456868497411,0.82,0.82,0.82,0.82,0.64
FT8,sub-035,"{""C"": 0.8858667904100825, ""gamma"": ""auto""}",0.7379242601111722,0.8,0.7987117552334944,0.8078817733990147,0.8,0.6
Cz,sub-035,"{""C"": 7.847599703514611, ""gamma"": ""scale""}",0.6444022401657186,0.645,0.6085889908762645,0.730928491798057,0.645,0.29000000000000004
C1,sub-035,"{""C"": 0.8858667904100825, ""gamma"": ""scale""}",0.643350117887042,0.815,0.8149953748843721,0.815031503150315,0.815,0.63
C2,sub-035,"{""C"": 48.32930238571752, ""gamma"": ""auto""}",0.6448849427214418,0.795,0.7948717948717949,0.7957393483709273,0.7949999999999999,0.5900000000000001
C3,sub-035,"{""C"": 0.8858667904100825, ""gamma"": ""scale""}",0.6604897298143269,0.605,0.570079725721749,0.6555325137016739,0.605,0.20999999999999996
C4,sub-035,"{""C"": 1.8329807108324356, ""gamma"": ""auto""}",0.6659595811093142,0.71,0.7064480210547626,0.7206809583858764,0.71,0.42000000000000004
C5,sub-035,"{""C"": 16.23776739188721, ""gamma"": ""auto""}",0.6859293341001725,0.82,0.81998199819982,0.8201280512204883,0.8200000000000001,0.64
C6,sub-035,"{""C"": 2.636650898730358, ""gamma"": ""auto""}",0.6917407539740923,0.71,0.7002893757751136,0.7412683823529411,0.71,0.42000000000000004
T7,sub-035,"{""C"": 0.6158482110660264, ""gamma"": ""auto""}",0.6953553719670824,0.865,0.8649966249156229,0.8650365036503651,0.865,0.73
T8,sub-035,"{""C"": 0.42813323987193935, ""gamma"": ""scale""}",0.700998803995216,0.75,0.743431855500821,0.7785204991087344,0.75,0.5
CP1,sub-035,"{""C"": 48.32930238571752, ""gamma"": ""auto""}",0.5982781491078448,0.765,0.7647117719206027,0.7663048939805044,0.765,0.53
CP2,sub-035,"{""C"": 33.59818286283781, ""gamma"": ""auto""}",0.6174838386921847,0.63,0.62996299629963,0.6300520208083233,0.63,0.26
CP3,sub-035,"{""C"": 0.42813323987193935, ""gamma"": ""auto""}",0.6454956573218023,0.795,0.7941302000954031,0.8000712033363848,0.7949999999999999,0.5900000000000001
CP4,sub-035,"{""C"": 33.59818286283781, ""gamma"": ""auto""}",0.6507453933917826,0.775,0.7714285714285715,0.7933333333333333,0.775,0.55
CP5,sub-035,"{""C"": 0.8858667904100825, ""gamma"": ""auto""}",0.6519944319109106,0.84,0.8380402874784898,0.8572929802437999,0.84,0.6799999999999999
CP6,sub-035,"{""C"": 1.2742749857031335, ""gamma"": ""auto""}",0.6803235646628265,0.795,0.7892626763640102,0.831051509370441,0.7949999999999999,0.5900000000000001
TP7,sub-035,"{""C"": 0.1, ""gamma"": ""auto""}",0.6598772156748586,0.79,0.7878787878787878,0.8020833333333334,0.79,0.5800000000000001
TP8,sub-035,"{""C"": 33.59818286283781, ""gamma"": ""auto""}",0.674601386698706,0.78,0.7734527855009783,0.8165988240615106,0.78,0.56
Pz,sub-035,"{""C"": 23.357214690901213, ""gamma"": ""auto""}",0.6435879877137971,0.895,0.8947869435607105,0.8982256275834257,0.895,0.79
P3,sub-035,"{""C"": 100.0, ""gamma"": ""auto""}",0.6634958778245033,0.98,0.9799979997999799,0.9801920768307323,0.98,0.96
P4,sub-035,"{""C"": 1.8329807108324356, ""gamma"": ""auto""}",0.6799795186891961,0.905,0.9049976249406235,0.905040504050405,0.905,0.81
P5,sub-035,"{""C"": 1.2742749857031335, ""gamma"": ""scale""}",0.6464992046232104,0.47,0.469150641025641,0.46980676328502413,0.47,-0.06000000000000005
P6,sub-035,"{""C"": 48.32930238571752, ""gamma"": ""auto""}",0.6879887675956335,0.89,0.8894583458948849,0.8977968176254589,0.8899999999999999,0.78
P7,sub-035,"{""C"": 3.79269019073225, ""gamma"": ""scale""}",0.638998555994224,0.915,0.9149978749468737,0.9150415041504151,0.915,0.83
P8,sub-035,"{""C"": 3.79269019073225, ""gamma"": ""auto""}",0.6564277639373678,0.84,0.8383838383838383,0.8541666666666667,0.84,0.6799999999999999
POz,sub-035,"{""C"": 33.59818286283781, ""gamma"": ""auto""}",0.6579930602135015,0.875,0.8747463613817982,0.8780623046678093,0.875,0.75
PO3,sub-035,"{""C"": 2.636650898730358, ""gamma"": ""scale""}",0.656987651555456,0.955,0.9549988749718743,0.955045504550455,0.955,0.91
PO4,sub-035,"{""C"": 16.23776739188721, ""gamma"": ""auto""}",0.6829971469743228,0.825,0.8249606161386311,0.8252927634871384,0.825,0.65
PO5,sub-035,"{""C"": 0.8858667904100825, ""gamma"": ""scale""}",0.6469714046837793,0.96,0.95999599959996,0.9601840736294518,0.96,0.92
PO6,sub-035,"{""C"": 48.32930238571752, ""gamma"": ""auto""}",0.6814903650835438,0.835,0.8346651970239736,0.8377356588365763,0.835,0.6699999999999999
PO7,sub-035,"{""C"": 48.32930238571752, ""gamma"": ""auto""}",0.6324330109162395,0.945,0.9449656035021888,0.9461152882205515,0.9450000000000001,0.89
PO8,sub-035,"{""C"": 23.357214690901213, ""gamma"": ""auto""}",0.6654898810689023,0.755,0.7532169927727834,0.7625888168056842,0.755,0.51
Oz,sub-035,"{""C"": 0.8858667904100825, ""gamma"": ""scale""}",0.6159307132997887,0.82,0.81998199819982,0.8201280512204883,0.8200000000000001,0.64
O1,sub-035,"{""C"": 1.8329807108324356, ""gamma"": ""scale""}",0.610990274756869,0.905,0.9049786201895427,0.9053648283455109,0.905,0.81
O2,sub-035,"{""C"": 2.636650898730358, ""gamma"": ""scale""}",0.6464928414800399,0.74,0.7393483709273183,0.7424242424242424,0.74,0.48
Fpz,sub-036,"{""C"": 5.455594781168517, ""gamma"": ""auto""}",0.607948677828196,0.76,0.7588182092252035,0.7651978784169726,0.76,0.52
Fp1,sub-036,"{""C"": 69.51927961775606, ""gamma"": ""scale""}",0.635963596359636,0.74,0.7395833333333333,0.7415458937198067,0.74,0.48
Fp2,sub-036,"{""C"": 2.636650898730358, ""gamma"": ""scale""}",0.6249546195089606,0.705,0.7049336100622641,0.7051846661995796,0.705,0.41000000000000003
AF3,sub-036,"{""C"": 0.29763514416313175, ""gamma"": ""scale""}",0.6287861808401639,0.775,0.7745434504872366,0.7772456900897269,0.7749999999999999,0.55
AF4,sub-036,"{""C"": 0.6158482110660264, ""gamma"": ""auto""}",0.6309907747693693,0.71,0.7098839535814325,0.7103365384615384,0.71,0.42000000000000004
AF7,sub-036,"{""C"": 2.636650898730358, ""gamma"": ""auto""}",0.6763734590166564,0.8,0.7992773986350863,0.8043831168831169,0.8,0.6
AF8,sub-036,"{""C"": 5.455594781168517, ""gamma"": ""auto""}",0.6964665354355317,0.705,0.7044014128610436,0.706674059885069,0.7050000000000001,0.41000000000000003
Fz,sub-036,"{""C"": 23.357214690901213, ""gamma"": ""auto""}",0.6065745650205696,0.785,0.7845637415766928,0.787327351547535,0.7849999999999999,0.5700000000000001
F1,sub-036,"{""C"": 0.29763514416313175, ""gamma"": ""scale""}",0.6393484361803048,0.785,0.7843476516462298,0.7884907379289402,0.7849999999999999,0.5700000000000001
F2,sub-036,"{""C"": 3.79269019073225, ""gamma"": ""auto""}",0.6549223575304444,0.735,0.7348342714196372,0.7355889724310777,0.735,0.47
F3,sub-036,"{""C"": 0.8858667904100825, ""gamma"": ""scale""}",0.6788445607674114,0.785,0.7849946248656217,0.785028502850285,0.785,0.5700000000000001
F4,sub-036,"{""C"": 2.636650898730358, ""gamma"": ""auto""}",0.6777986241400875,0.755,0.7549448625940837,0.7552297067360625,0.755,0.51
F5,sub-036,"{""C"": 2.636650898730358, ""gamma"": ""auto""}",0.6934064348578848,0.845,0.8449030644152595,0.8458646616541354,0.845,0.69
F6,sub-036,"{""C"": 1.8329807108324356, ""gamma"": ""auto""}",0.7059423647034819,0.75,0.74997499749975,0.7501000400160064,0.75,0.5
F7,sub-036,"{""C"": 5.455594781168517, ""gamma"": ""auto""}",0.7136690013655786,0.82,0.8199279711884754,0.8205128205128205,0.8200000000000001,0.64
F8,sub-036,"{""C"": 1.2742749857031335, ""gamma"": ""auto""}",0.7184841647342664,0.78,0.7798018216394755,0.7810116419108792,0.78,0.56
FCz,sub-036,"{""C"": 0.42813323987193935, ""gamma"": ""scale""}",0.6409080724665515,0.805,0.8047608320192235,0.8065018591096372,0.8049999999999999,0.61
FC1,sub-036,"{""C"": 16.23776739188721, ""gamma"": ""auto""}",0.6434005563351994,0.8,0.7992773986350863,0.8043831168831169,0.8,0.6
FC2,sub-036,"{""C"": 7.847599703514611, ""gamma"": ""auto""}",0.6634628967843705,0.8,0.7999199679871949,0.8004807692307692,0.8,0.6
FC3,sub-036,"{""C"": 11.288378916846883, ""gamma"": ""auto""}",0.6753889018516588,0.815,0.8147730970438787,0.8165511003919204,0.815,0.63
FC4,sub-036,"{""C"": 5.455594781168517, ""gamma"": ""auto""}",0.6803522428242454,0.765,0.7649471131004475,0.765238714843359,0.765,0.53
FC5,sub-036,"{""C"": 16.23776739188721, ""gamma"": ""auto""}",0.7041875480976783,0.805,0.8047608320192235,0.8065018591096372,0.8049999999999999,0.61
FC6,sub-036,"{""C"": 1.2742749857031335, ""gamma"": ""auto""}",0.7209095747022035,0.775,0.7749943748593715,0.7750275027502751,0.775,0.55
FT7,sub-036,"{""C"": 1.8329807108324356, ""gamma"": ""scale""}",0.7109779539292848,0.815,0.8144386769979186,0.8188581840267233,0.815,0.63
FT8,sub-036,"{""C"": 1.2742749857031335, ""gamma"": ""auto""}",0.7293862745818931,0.805,0.8049561151259033,0.8052747472725452,0.8049999999999999,0.61
Cz,sub-036,"{""C"": 2.636650898730358, ""gamma"": ""scale""}",0.6414138496773849,0.8,0.7999799979998,0.8001200480192077,0.8,0.6
C1,sub-036,"{""C"": 0.20691380811147897, ""gamma"": ""scale""}",0.6368398463722502,0.72,0.7197477729956961,0.720794861501405,0.72,0.43999999999999995
C2,sub-036,"{""C"": 48.32930238571752, ""gamma"": ""auto""}",0.640389869397503,0.72,0.7192982456140351,0.7222222222222222,0.72,0.43999999999999995
C3,sub-036,"{""C"": 69.51927961775606, ""gamma"": ""auto""}",0.6584179349088619,0.685,0.6843608306821314,0.6865107369694525,0.685,0.37
C4,sub-036,"{""C"": 5.455594781168517, ""gamma"": ""auto""}",0.669463558357309,0.63,0.6276167471819646,0.6334154351395731,0.63,0.26
C5,sub-036,"{""C"": 33.59818286283781, ""gamma"": ""auto""}",0.6909626064753835,0.76,0.7593984962406015,0.7626262626262625,0.76,0.52
C6,sub-036,"{""C"": 3.79269019073225, ""gamma"": ""auto""}",0.6854992923734078,0.71,0.7095352564102564,0.711352657004831,0.71,0.42000000000000004
T7,sub-036,"{""C"": 1.2742749857031335, ""gamma"": ""scale""}",0.7003860718038034,0.755,0.7545028683083244,0.7570823671741103,0.755,0.51
T8,sub-036,"{""C"": 1.8329807108324356, ""gamma"": ""auto""}",0.6989566497575651,0.745,0.7439180537772088,0.7492116773471671,0.7450000000000001,0.49
CP1,sub-036,"{""C"": 1.8329807108324356, ""gamma"": ""scale""}",0.5829895747393685,0.565,0.5636801324005115,0.5657961332118635,0.565,0.13
CP2,sub-036,"{""C"": 5.455594781168517, ""gamma"": ""auto""}",0.626998507994032,0.465,0.46337671456154866,0.46457131288591963,0.46499999999999997,-0.07000000000000006
CP3,sub-036,"{""C"": 100.0, ""gamma"": ""auto""}",0.6474956818221023,0.62,0.62,0.62,0.62,0.24
CP4,sub-036,"{""C"": 2.636650898730358, ""gamma"": ""auto""}",0.6667197112771841,0.49,0.4895405865278751,0.48996386993175434,0.49,-0.020000000000000018
CP5,sub-036,"{""C"": 33.59818286283781, ""gamma"": ""auto""}",0.6634083629268068,0.665,0.6647904940587868,0.6654135338345865,0.665,0.32999999999999996
CP6,sub-036,"{""C"": 69.51927961775606, ""gamma"": ""auto""}",0.6758285132835269,0.57,0.569827931172469,0.5701121794871795,0.5700000000000001,0.14
TP7,sub-036,"{""C"": 23.357214690901213, ""gamma"": ""auto""}",0.6619590970507432,0.695,0.6948092557848655,0.6954887218045113,0.6950000000000001,0.39
TP8,sub-036,"{""C"": 0.42813323987193935, ""gamma"": ""auto""}",0.6664812395697258,0.605,0.6049111049986247,0.6050945851266138,0.605,0.20999999999999996
Pz,sub-036,"{""C"": 5.455594781168517, ""gamma"": ""auto""}",0.6568184569637339,0.74,0.7397657892102892,0.7408671216378964,0.74,0.48
P3,sub-036,"{""C"": 69.51927961775606, ""gamma"": ""auto""}",0.6708406868924559,0.81,0.8099239695878351,0.8104967948717949,0.81,0.62
P4,sub-036,"{""C"": 33.59818286283781, ""gamma"": ""auto""}",0.679,0.685,0.6849291090495362,0.6851666499849864,0.685,0.37
P5,sub-036,"{""C"": 48.32930238571752, ""gamma"": ""auto""}",0.6423496974603577,0.685,0.6849291090495362,0.6851666499849864,0.685,0.37
P6,sub-036,"{""C"": 33.59818286283781, ""gamma"": ""auto""}",0.680999680999681,0.56,0.5592948717948718,0.5603864734299517,0.56,0.12
P7,sub-036,"{""C"": 69.51927961775606, ""gamma"": ""auto""}",0.6471929696818657,0.635,0.6349908747718693,0.635013501350135,0.635,0.27
P8,sub-036,"{""C"": 0.8858667904100825, ""gamma"": ""scale""}",0.6503929328356809,0.565,0.5591700235616022,0.5686305564354345,0.5650000000000001,0.13
POz,sub-036,"{""C"": 100.0, ""gamma"": ""auto""}",0.656406456657825,0.82,0.81998199819982,0.8201280512204883,0.8200000000000001,0.64
PO3,sub-036,"{""C"": 5.455594781168517, ""gamma"": ""auto""}",0.6599969399724598,0.805,0.8049561151259033,0.8052747472725452,0.8049999999999999,0.61
PO4,sub-036,"{""C"": 0.8858667904100825, ""gamma"": ""scale""}",0.6727614430920141,0.78,0.7798018216394755,0.7810116419108792,0.78,0.56
PO5,sub-036,"{""C"": 7.847599703514611, ""gamma"": ""auto""}",0.6479207821759896,0.765,0.7649471131004475,0.765238714843359,0.765,0.53
PO6,sub-036,"{""C"": 33.59818286283781, ""gamma"": ""auto""}",0.6719947519160306,0.725,0.7241656009428521,0.7277558457333738,0.7250000000000001,0.44999999999999996
PO7,sub-036,"{""C"": 69.51927961775606, ""gamma"": ""auto""}",0.6394602504926168,0.64,0.64,0.64,0.64,0.28
PO8,sub-036,"{""C"": 33.59818286283781, ""gamma"": ""auto""}",0.6574855287635902,0.625,0.6228786926461345,0.6278772378516624,0.625,0.25
Oz,sub-036,"{""C"": 33.59818286283781, ""gamma"": ""auto""}",0.6143950190439347,0.71,0.7070707070707071,0.71875,0.71,0.42000000000000004
O1,sub-036,"{""C"": 48.32930238571752, ""gamma"": ""auto""}",0.624499155123099,0.655,0.6535361904044588,0.6576645305665751,0.655,0.31000000000000005
O2,sub-036,"{""C"": 1.8329807108324356, ""gamma"": ""scale""}",0.6424891852978553,0.74,0.7378768020969856,0.7480363786688715,0.74,0.48
Fpz,sub-037,"{""C"": 33.59818286283781, ""gamma"": ""scale""}",0.591764856557377,0.505,0.5034980816971338,0.5050612410162971,0.505,0.010000000000000009
Fp1,sub-037,"{""C"": 1.8329807108324356, ""gamma"": ""auto""}",0.6438575430172069,0.605,0.6014026589974519,0.6089324618736384,0.605,0.20999999999999996
Fp2,sub-037,"{""C"": 5.455594781168517, ""gamma"": ""auto""}",0.616999616999617,0.6,0.5985547972701726,0.601461038961039,0.6000000000000001,0.19999999999999996
AF3,sub-037,"{""C"": 3.79269019073225, ""gamma"": ""scale""}",0.6534541693138918,0.585,0.5844910014768091,0.5854185508994071,0.585,0.17000000000000004
AF4,sub-037,"{""C"": 3.79269019073225, ""gamma"": ""scale""}",0.6349766385048643,0.605,0.6047529706066291,0.6052631578947368,0.605,0.20999999999999996
AF7,sub-037,"{""C"": 16.23776739188721, ""gamma"": ""auto""}",0.673040212799249,0.655,0.6545768566493955,0.6557632398753894,0.655,0.31000000000000005
AF8,sub-037,"{""C"": 1.8329807108324356, ""gamma"": ""auto""}",0.6834239426022102,0.725,0.7238331952499311,0.72886786695148,0.7250000000000001,0.44999999999999996
Fz,sub-037,"{""C"": 3.79269019073225, ""gamma"": ""auto""}",0.6135531085041122,0.51,0.5087719298245614,0.51010101010101,0.51,0.020000000000000018
F1,sub-037,"{""C"": 1.2742749857031335, ""gamma"": ""scale""}",0.6454254507010099,0.61,0.6090225563909775,0.6111111111111112,0.6100000000000001,0.21999999999999997
F2,sub-037,"{""C"": 5.455594781168517, ""gamma"": ""scale""}",0.6508310022050673,0.585,0.5849066039858968,0.5850765689120208,0.585,0.17000000000000004
F3,sub-037,"{""C"": 2.636650898730358, ""gamma"": ""scale""}",0.6719527611976124,0.665,0.6649246080368083,0.6651486337703933,0.665,0.32999999999999996
F4,sub-037,"{""C"": 69.51927961775606, ""gamma"": ""auto""}",0.6804865005546484,0.67,0.6698679471788715,0.6702724358974359,0.6699999999999999,0.33999999999999997
F5,sub-037,"{""C"": 0.8858667904100825, ""gamma"": ""scale""}",0.6839086495997343,0.71,0.7089522280208751,0.7130681818181819,0.71,0.42000000000000004
F6,sub-037,"{""C"": 5.455594781168517, ""gamma"": ""auto""}",0.7029893076150742,0.775,0.7747240369452579,0.7763541352627876,0.775,0.55
F7,sub-037,"{""C"": 3.79269019073225, ""gamma"": ""scale""}",0.7019758600446636,0.81,0.8099239695878351,0.8104967948717949,0.81,0.62
F8,sub-037,"{""C"": 11.288378916846883, ""gamma"": ""auto""}",0.7234695125137547,0.79,0.7899159663865546,0.7904647435897436,0.79,0.5800000000000001
FCz,sub-037,"{""C"": 3.79269019073225, ""gamma"": ""auto""}",0.6467424752644677,0.595,0.5949898747468687,0.595009500950095,0.595,0.18999999999999995
FC1,sub-037,"{""C"": 0.8858667904100825, ""gamma"": ""scale""}",0.6664198573707334,0.61,0.60996099609961,0.6100440176070427,0.61,0.21999999999999997
FC2,sub-037,"{""C"": 3.79269019073225, ""gamma"": ""scale""}",0.64996499649965,0.68,0.68,0.68,0.68,0.36
FC3,sub-037,"{""C"": 48.32930238571752, ""gamma"": ""auto""}",0.6893564049982104,0.71,0.7095352564102564,0.711352657004831,0.71,0.42000000000000004
FC4,sub-037,"{""C"": 16.23776739188721, ""gamma"": ""auto""}",0.6774496015002345,0.725,0.7244419950399559,0.7268373828006855,0.7250000000000001,0.44999999999999996
FC5,sub-037,"{""C"": 1.2742749857031335, ""gamma"": ""scale""}",0.6984365962943708,0.77,0.7699769976997699,0.7701080432172869,0.77,0.54
FC6,sub-037,"{""C"": 5.455594781168517, ""gamma"": ""auto""}",0.7024374374712283,0.79,0.7898108297467721,0.7910477719791249,0.79,0.5800000000000001
FT7,sub-037,"{""C"": 1.2742749857031335, ""gamma"": ""auto""}",0.7155217921325749,0.785,0.7847363019699132,0.7864033765450709,0.7849999999999999,0.5700000000000001
FT8,sub-037,"{""C"": 0.8858667904100825, ""gamma"": ""scale""}",0.7344850647848942,0.81,0.8076728413807066,0.8257671290458175,0.81,0.62
Cz,sub-037,"{""C"": 0.8858667904100825, ""gamma"": ""scale""}",0.6712691487597165,0.64,0.63996399639964,0.6400560224089635,0.64,0.28
C1,sub-037,"{""C"": 11.288378916846883, ""gamma"": ""auto""}",0.6574375679967674,0.64,0.6398559423769508,0.640224358974359,0.64,0.28
C2,sub-037,"{""C"": 48.32930238571752, ""gamma"": ""auto""}",0.6364010101750202,0.7,0.6992481203007519,0.702020202020202,0.7,0.4
C3,sub-037,"{""C"": 48.32930238571752, ""gamma"": ""auto""}",0.675427454028907,0.655,0.6545768566493955,0.6557632398753894,0.655,0.31000000000000005
C4,sub-037,"{""C"": 3.79269019073225, ""gamma"": ""auto""}",0.6689152423020293,0.72,0.719551282051282,0.7214170692431562,0.72,0.43999999999999995
C5,sub-037,"{""C"": 2.636650898730358, ""gamma"": ""scale""}",0.671850181321562,0.695,0.6948092557848655,0.6954887218045113,0.6950000000000001,0.39
C6,sub-037,"{""C"": 5.455594781168517, ""gamma"": ""auto""}",0.6864999216249804,0.76,0.76,0.76,0.76,0.52
T7,sub-037,"{""C"": 0.29763514416313175, ""gamma"": ""scale""}",0.6847584731183928,0.745,0.7442262845106447,0.7480008097985626,0.745,0.49
T8,sub-037,"{""C"": 1.2742749857031335, ""gamma"": ""scale""}",0.6934962453290052,0.75,0.7469379491851402,0.7627154266498528,0.75,0.5
CP1,sub-037,"{""C"": 1.2742749857031335, ""gamma"": ""scale""}",0.5854542963361711,0.63,0.6226030191758466,0.6410590277777778,0.63,0.26
CP2,sub-037,"{""C"": 0.14384498882876628, ""gamma"": ""scale""}",0.6186793092991205,0.71,0.7092731829573935,0.7121212121212122,0.71,0.42000000000000004
CP3,sub-037,"{""C"": 23.357214690901213, ""gamma"": ""auto""}",0.646,0.665,0.6649916247906198,0.665016501650165,0.665,0.32999999999999996
CP4,sub-037,"{""C"": 100.0, ""gamma"": ""auto""}",0.656978046594982,0.675,0.67499187479687,0.675017501750175,0.675,0.35
CP5,sub-037,"{""C"": 23.357214690901213, ""gamma"": ""auto""}",0.6474357451645563,0.705,0.7044014128610436,0.706674059885069,0.7050000000000001,0.41000000000000003
CP6,sub-037,"{""C"": 48.32930238571752, ""gamma"": ""auto""}",0.6699947199155186,0.71,0.7089522280208751,0.7130681818181819,0.71,0.42000000000000004
TP7,sub-037,"{""C"": 33.59818286283781, ""gamma"": ""auto""}",0.6435380252807639,0.68,0.6791979949874687,0.6818181818181819,0.6799999999999999,0.36
TP8,sub-037,"{""C"": 33.59818286283781, ""gamma"": ""auto""}",0.6709917747943699,0.7,0.6985227615315044,0.7039983680130559,0.7,0.4
Pz,sub-037,"{""C"": 7.847599703514611, ""gamma"": ""auto""}",0.652052451210147,0.745,0.7448405253283302,0.7456140350877193,0.745,0.49
P3,sub-037,"{""C"": 33.59818286283781, ""gamma"": ""auto""}",0.6629025788452862,0.67,0.6698679471788715,0.6702724358974359,0.6699999999999999,0.33999999999999997
P4,sub-037,"{""C"": 33.59818286283781, ""gamma"": ""auto""}",0.680999680999681,0.675,0.6713769306605324,0.6830735432576629,0.675,0.35
P5,sub-037,"{""C"": 33.59818286283781, ""gamma"": ""auto""}",0.6399294261675288,0.585,0.5841579197875699,0.5856941223913701,0.585,0.17000000000000004
P6,sub-037,"{""C"": 23.357214690901213, ""gamma"": ""auto""}",0.6774863737992931,0.67,0.6688077077478924,0.6724837662337663,0.6699999999999999,0.33999999999999997
P7,sub-037,"{""C"": 0.8858667904100825, ""gamma"": ""scale""}",0.6504537725114146,0.635,0.6349178565177165,0.6351216094485037,0.635,0.27
P8,sub-037,"{""C"": 1.8329807108324356, ""gamma"": ""auto""}",0.6589945439127025,0.68,0.67996799679968,0.6800720288115246,0.6799999999999999,0.36
POz,sub-037,"{""C"": 16.23776739188721, ""gamma"": ""auto""}",0.6650630366931729,0.625,0.6242390841453944,0.6260207682226031,0.625,0.25
PO3,sub-037,"{""C"": 5.455594781168517, ""gamma"": ""auto""}",0.6578525715284748,0.625,0.6242390841453944,0.6260207682226031,0.625,0.25
PO4,sub-037,"{""C"": 3.79269019073225, ""gamma"": ""auto""}",0.6822934112906918,0.62,0.6193910256410255,0.6207729468599035,0.62,0.24
PO5,sub-037,"{""C"": 5.455594781168517, ""gamma"": ""scale""}",0.6469985879943521,0.56,0.5598239295718287,0.5600961538461539,0.56,0.12
PO6,sub-037,"{""C"": 23.357214690901213, ""gamma"": ""auto""}",0.6669786866359446,0.58,0.5784825371336813,0.5811688311688312,0.5800000000000001,0.16000000000000003
PO7,sub-037,"{""C"": 11.288378916846883, ""gamma"": ""auto""}",0.6338227702207868,0.61,0.60984393757503,0.610176282051282,0.61,0.21999999999999997
PO8,sub-037,"{""C"": 1.8329807108324356, ""gamma"": ""scale""}",0.652977790578597,0.625,0.6222709073052807,0.6287200082380805,0.625,0.25
Oz,sub-037,"{""C"": 11.288378916846883, ""gamma"": ""auto""}",0.6101197263612504,0.57,0.5699569956995699,0.5700280112044818,0.5700000000000001,0.14
O1,sub-037,"{""C"": 1.2742749857031335, ""gamma"": ""auto""}",0.6096192033275076,0.6,0.5998399359743898,0.6001602564102564,0.6,0.19999999999999996
O2,sub-037,"{""C"": 2.636650898730358, ""gamma"": ""scale""}",0.6429300142827994,0.55,0.5444883085332524,0.5525430853299707,0.55,0.09999999999999998
Fpz,sub-038,"{""C"": 1.8329807108324356, ""gamma"": ""auto""}",0.5930155868021914,0.51,0.3710691823899371,0.5859106529209621,0.51,0.020000000000000018
Fp1,sub-038,"{""C"": 0.42813323987193935, ""gamma"": ""auto""}",0.652471409013109,0.5,0.39290917921321034,0.5,0.5,0.0
Fp2,sub-038,"{""C"": 11.288378916846883, ""gamma"": ""auto""}",0.6079749103942653,0.6,0.5998399359743898,0.6001602564102564,0.6,0.19999999999999996
AF3,sub-038,"{""C"": 1.8329807108324356, ""gamma"": ""auto""}",0.6603720278795493,0.54,0.5227720717916796,0.5467508181393175,0.54,0.07999999999999996
AF4,sub-038,"{""C"": 3.79269019073225, ""gamma"": ""auto""}",0.627495436819101,0.52,0.488,0.5266666666666666,0.52,0.040000000000000036
AF7,sub-038,"{""C"": 1.8329807108324356, ""gamma"": ""auto""}",0.6888558538313945,0.5,0.39290917921321034,0.5,0.5,0.0
AF8,sub-038,"{""C"": 1.8329807108324356, ""gamma"": ""scale""}",0.6833396907184262,0.615,0.6149133555049886,0.6151035932339105,0.615,0.22999999999999998
Fz,sub-038,"{""C"": 7.847599703514611, ""gamma"": ""auto""}",0.6015627760399399,0.49,0.39285714285714285,0.4722222222222222,0.49,-0.020000000000000018
F1,sub-038,"{""C"": 7.847599703514611, ""gamma"": ""auto""}",0.6616088197956838,0.5,0.3989662219016709,0.5,0.5,0.0
F2,sub-038,"{""C"": 2.636650898730358, ""gamma"": ""scale""}",0.6504957185725525,0.535,0.5146011117200344,0.542072364466883,0.535,0.06999999999999995
F3,sub-038,"{""C"": 3.79269019073225, ""gamma"": ""auto""}",0.6941567674322509,0.515,0.4253384282709796,0.5399042298483638,0.515,0.030000000000000027
F4,sub-038,"{""C"": 1.2742749857031335, ""gamma"": ""scale""}",0.6777821807541898,0.525,0.5041624259505728,0.5300516889049165,0.525,0.050000000000000044
F5,sub-038,"{""C"": 0.8858667904100825, ""gamma"": ""scale""}",0.713976832123402,0.515,0.4253384282709796,0.5399042298483638,0.515,0.030000000000000027
F6,sub-038,"{""C"": 11.288378916846883, ""gamma"": ""auto""}",0.7049893796176663,0.585,0.5628703094140882,0.6065830721003135,0.585,0.17000000000000004
F7,sub-038,"{""C"": 0.8858667904100825, ""gamma"": ""scale""}",0.727998911995648,0.51,0.4221016629319495,0.5255362614913177,0.51,0.020000000000000018
F8,sub-038,"{""C"": 7.847599703514611, ""gamma"": ""auto""}",0.7229531790872658,0.485,0.3953802353908016,0.46315401621223284,0.485,-0.030000000000000027
FCz,sub-038,"{""C"": 0.8858667904100825, ""gamma"": ""scale""}",0.6399564347286022,0.59,0.5889724310776943,0.5909090909090908,0.5900000000000001,0.18000000000000005
FC1,sub-038,"{""C"": 5.455594781168517, ""gamma"": ""auto""}",0.6742353977017832,0.55,0.48717948717948717,0.5980392156862745,0.55,0.09999999999999998
FC2,sub-038,"{""C"": 23.357214690901213, ""gamma"": ""auto""}",0.6629878675632324,0.51,0.4987212276214834,0.510989010989011,0.51,0.020000000000000018
FC3,sub-038,"{""C"": 3.79269019073225, ""gamma"": ""auto""}",0.6982549075486564,0.605,0.6014026589974519,0.6089324618736384,0.605,0.20999999999999996
FC4,sub-038,"{""C"": 0.6158482110660264, ""gamma"": ""auto""}",0.6804992811233825,0.54,0.54,0.54,0.54,0.07999999999999996
FC5,sub-038,"{""C"": 0.6158482110660264, ""gamma"": ""scale""}",0.7212736044852431,0.51,0.43227899432278993,0.5221043324491601,0.51,0.020000000000000018
FC6,sub-038,"{""C"": 2.636650898730358, ""gamma"": ""auto""}",0.7094877258564174,0.655,0.6547842401500938,0.6553884711779449,0.655,0.31000000000000005
FT7,sub-038,"{""C"": 0.6158482110660264, ""gamma"": ""scale""}",0.7342841723189661,0.525,0.44727272727272727,0.5571428571428572,0.525,0.050000000000000044
FT8,sub-038,"{""C"": 0.42813323987193935, ""gamma"": ""auto""}",0.7329933248331209,0.545,0.5322659402225591,0.5504993827853215,0.5449999999999999,0.08999999999999997
Cz,sub-038,"{""C"": 48.32930238571752, ""gamma"": ""auto""}",0.6512167007651966,0.52,0.5039272426622571,0.5229779411764706,0.52,0.040000000000000036
C1,sub-038,"{""C"": 1.2742749857031335, ""gamma"": ""auto""}",0.6761365442367697,0.49,0.47482236638863146,0.48869289914066033,0.49,-0.020000000000000018
C2,sub-038,"{""C"": 1.8329807108324356, ""gamma"": ""auto""}",0.6462126362137646,0.54,0.5392628205128205,0.5402576489533011,0.54,0.07999999999999996
C3,sub-038,"{""C"": 7.847599703514611, ""gamma"": ""auto""}",0.6713184856336912,0.525,0.5215431492533555,0.5257440016476161,0.525,0.050000000000000044
C4,sub-038,"{""C"": 0.42813323987193935, ""gamma"": ""auto""}",0.6714486638537271,0.545,0.5416887008637405,0.546339202965709,0.545,0.08999999999999997
C5,sub-038,"{""C"": 0.8858667904100825, ""gamma"": ""scale""}",0.6914993058734382,0.53,0.51426209177346,0.5344669117647058,0.53,0.06000000000000005
C6,sub-038,"{""C"": 3.79269019073225, ""gamma"": ""auto""}",0.6829543454257414,0.53,0.5191815856777494,0.532967032967033,0.53,0.06000000000000005
T7,sub-038,"{""C"": 0.6158482110660264, ""gamma"": ""auto""}",0.6991419036508204,0.56,0.537620849096259,0.5744047619047619,0.56,0.12
T8,sub-038,"{""C"": 1.2742749857031335, ""gamma"": ""auto""}",0.6949118295187309,0.575,0.569304046008462,0.5791891035793475,0.575,0.15000000000000002
CP1,sub-038,"{""C"": 16.23776739188721, ""gamma"": ""auto""}",0.60996099609961,0.515,0.5122564424890006,0.5153452685421995,0.515,0.030000000000000027
CP2,sub-038,"{""C"": 5.455594781168517, ""gamma"": ""auto""}",0.6214923352197882,0.44,0.44,0.44,0.44,-0.1200000000000001
CP3,sub-038,"{""C"": 2.636650898730358, ""gamma"": ""auto""}",0.651426712466296,0.495,0.48937030764175027,0.4947693273354954,0.495,-0.010000000000000009
CP4,sub-038,"{""C"": 100.0, ""gamma"": ""auto""}",0.6701298031716093,0.515,0.5135284234810301,0.5151837230488916,0.515,0.030000000000000027
CP5,sub-038,"{""C"": 69.51927961775606, ""gamma"": ""auto""}",0.663499915874979,0.515,0.5129421807135146,0.5152578577967654,0.515,0.030000000000000027
CP6,sub-038,"{""C"": 0.8858667904100825, ""gamma"": ""auto""}",0.678290808598291,0.52,0.5192307692307692,0.5201288244766505,0.52,0.040000000000000036
TP7,sub-038,"{""C"": 7.847599703514611, ""gamma"": ""auto""}",0.6614382971296519,0.525,0.5041624259505728,0.5300516889049165,0.525,0.050000000000000044
TP8,sub-038,"{""C"": 11.288378916846883, ""gamma"": ""auto""}",0.6629996629996631,0.525,0.5206740836045309,0.5259363004461044,0.525,0.050000000000000044
Pz,sub-038,"{""C"": 2.636650898730358, ""gamma"": ""auto""}",0.6552384216734768,0.435,0.431803896920176,0.4335038363171355,0.435,-0.1299999999999999
P3,sub-038,"{""C"": 69.51927961775606, ""gamma"": ""auto""}",0.6719947519160306,0.64,0.63996399639964,0.6400560224089635,0.64,0.28
P4,sub-038,"{""C"": 33.59818286283781, ""gamma"": ""auto""}",0.700970097009701,0.545,0.543619448832719,0.5455511691466748,0.5449999999999999,0.08999999999999997
P5,sub-038,"{""C"": 33.59818286283781, ""gamma"": ""auto""}",0.6449911247781195,0.505,0.5034980816971338,0.5050612410162971,0.505,0.010000000000000009
P6,sub-038,"{""C"": 0.8858667904100825, ""gamma"": ""scale""}",0.6833251162954742,0.435,0.43498587464686617,0.43499349934993503,0.435,-0.1299999999999999
P7,sub-038,"{""C"": 0.6158482110660264, ""gamma"": ""scale""}",0.6527079273669156,0.54,0.5187781148655717,0.5485672656629432,0.54,0.07999999999999996
P8,sub-038,"{""C"": 0.6158482110660264, ""gamma"": ""scale""}",0.664463141025641,0.455,0.4510337186170079,0.453660797034291,0.455,-0.09000000000000008
POz,sub-038,"{""C"": 1.8329807108324356, ""gamma"": ""auto""}",0.656820418634,0.55,0.5463252343986289,0.5516742455560149,0.55,0.09999999999999998
PO3,sub-038,"{""C"": 0.42813323987193935, ""gamma"": ""scale""}",0.668346693258959,0.475,0.4384876600978636,0.46621165022300315,0.475,-0.050000000000000044
PO4,sub-038,"{""C"": 5.455594781168517, ""gamma"": ""auto""}",0.6909394241271289,0.53,0.5276856597326902,0.5305997552019583,0.53,0.06000000000000005
PO5,sub-038,"{""C"": 0.8858667904100825, ""gamma"": ""auto""}",0.658,0.5,0.4851199670476779,0.5,0.5,0.0
PO6,sub-038,"{""C"": 1.2742749857031335, ""gamma"": ""scale""}",0.6829682968296831,0.505,0.5021998742928976,0.5051150895140665,0.505,0.010000000000000009
PO7,sub-038,"{""C"": 0.8858667904100825, ""gamma"": ""auto""}",0.6414798332406197,0.5,0.4791666666666667,0.5,0.5,0.0
PO8,sub-038,"{""C"": 1.2742749857031335, ""gamma"": ""scale""}",0.6774644404545601,0.47,0.467390212038991,0.4694002447980416,0.47000000000000003,-0.06000000000000005
Oz,sub-038,"{""C"": 0.8858667904100825, ""gamma"": ""auto""}",0.6196052163702068,0.495,0.45685784195100965,0.4930468641357252,0.495,-0.010000000000000009
O1,sub-038,"{""C"": 0.6158482110660264, ""gamma"": ""scale""}",0.6224206139340795,0.505,0.45422971967253783,0.5079630514413123,0.505,0.010000000000000009
O2,sub-038,"{""C"": 0.6158482110660264, ""gamma"": ""scale""}",0.6554751080765586,0.505,0.48936170212765956,0.5056980056980056,0.505,0.010000000000000009
Fpz,sub-039,"{""C"": 3.79269019073225, ""gamma"": ""auto""}",0.6177430356463387,0.485,0.48498712467811694,0.484998499849985,0.485,-0.030000000000000027
Fp1,sub-039,"{""C"": 1.2742749857031335, ""gamma"": ""scale""}",0.650642257671856,0.485,0.482814892922598,0.48474214220323464,0.485,-0.030000000000000027
Fp2,sub-039,"{""C"": 1.2742749857031335, ""gamma"": ""scale""}",0.6294791582026489,0.47,0.468671679197995,0.4696969696969697,0.47,-0.06000000000000005
AF3,sub-039,"{""C"": 0.6158482110660264, ""gamma"": ""scale""}",0.657497859361621,0.525,0.5249881247031176,0.525002500250025,0.525,0.050000000000000044
AF4,sub-039,"{""C"": 0.42813323987193935, ""gamma"": ""scale""}",0.632499908124977,0.465,0.4611064944222004,0.46395839769333747,0.465,-0.07000000000000006
AF7,sub-039,"{""C"": 1.8329807108324356, ""gamma"": ""auto""}",0.6857608309145187,0.525,0.5197047448115473,0.5261533633225233,0.525,0.050000000000000044
AF8,sub-039,"{""C"": 2.636650898730358, ""gamma"": ""scale""}",0.6979852012748624,0.49,0.48484848484848486,0.4895833333333333,0.49,-0.020000000000000018
Fz,sub-039,"{""C"": 1.2742749857031335, ""gamma"": ""scale""}",0.6251512969940287,0.485,0.48436835123025707,0.48492613807657525,0.485,-0.030000000000000027
F1,sub-039,"{""C"": 0.20691380811147897, ""gamma"": ""scale""}",0.648499912124978,0.525,0.5174603174603174,0.5266666666666666,0.525,0.050000000000000044
F2,sub-039,"{""C"": 0.29763514416313175, ""gamma"": ""scale""}",0.6573107498616111,0.435,0.4332856892098598,0.43420386678813644,0.435,-0.1299999999999999
F3,sub-039,"{""C"": 0.8858667904100825, ""gamma"": ""scale""}",0.6804903348326288,0.53,0.5269726247987118,0.5307881773399015,0.53,0.06000000000000005
F4,sub-039,"{""C"": 2.636650898730358, ""gamma"": ""scale""}",0.6778579353494891,0.455,0.4476957766461453,0.4524865378523915,0.45499999999999996,-0.09000000000000008
F5,sub-039,"{""C"": 1.2742749857031335, ""gamma"": ""scale""}",0.6898061288305191,0.56,0.5535714285714286,0.5636672325976231,0.56,0.12
F6,sub-039,"{""C"": 7.847599703514611, ""gamma"": ""auto""}",0.7061702495625717,0.455,0.4500365801357249,0.45331465919701214,0.455,-0.09000000000000008
F7,sub-039,"{""C"": 1.8329807108324356, ""gamma"": ""scale""}",0.7017984157290328,0.545,0.5322659402225591,0.5504993827853215,0.5449999999999999,0.08999999999999997
F8,sub-039,"{""C"": 1.2742749857031335, ""gamma"": ""auto""}",0.7273226915802,0.45,0.4464573268921095,0.4486863711001642,0.45,-0.10000000000000009
FCz,sub-039,"{""C"": 100.0, ""gamma"": ""auto""}",0.6505960890789753,0.445,0.4418604651162791,0.4437340153452686,0.445,-0.1100000000000001
FC1,sub-039,"{""C"": 0.6158482110660264, ""gamma"": ""scale""}",0.675457079198724,0.49,0.4812328349099786,0.48927498927498925,0.49,-0.020000000000000018
FC2,sub-039,"{""C"": 1.2742749857031335, ""gamma"": ""scale""}",0.6634958778245033,0.405,0.40379268017735914,0.40422421615082166,0.405,-0.18999999999999995
FC3,sub-039,"{""C"": 11.288378916846883, ""gamma"": ""auto""}",0.6913573299257583,0.5,0.48686371100164205,0.5,0.5,0.0
FC4,sub-039,"{""C"": 16.23776739188721, ""gamma"": ""auto""}",0.6864867540653592,0.43,0.42719324690985827,0.42860057119543044,0.43,-0.1399999999999999
FC5,sub-039,"{""C"": 0.8858667904100825, ""gamma"": ""scale""}",0.7169521649158708,0.545,0.5322659402225591,0.5504993827853215,0.5449999999999999,0.08999999999999997
FC6,sub-039,"{""C"": 1.2742749857031335, ""gamma"": ""scale""}",0.7069152985212727,0.455,0.45433155615629145,0.45477841422972565,0.45499999999999996,-0.09000000000000008
FT7,sub-039,"{""C"": 1.2742749857031335, ""gamma"": ""scale""}",0.7189883580891208,0.57,0.557203171661003,0.5791497060153776,0.5700000000000001,0.14
FT8,sub-039,"{""C"": 5.455594781168517, ""gamma"": ""auto""}",0.7324357176811729,0.465,0.46337671456154866,0.46457131288591963,0.46499999999999997,-0.07000000000000006
Cz,sub-039,"{""C"": 2.636650898730358, ""gamma"": ""scale""}",0.661860154878068,0.465,0.46498662466561663,0.46499649964996503,0.46499999999999997,-0.07000000000000006
C1,sub-039,"{""C"": 5.455594781168517, ""gamma"": ""auto""}",0.6643448434038635,0.47,0.46567194273616297,0.4689954526663911,0.47000000000000003,-0.06000000000000005
C2,sub-039,"{""C"": 0.8858667904100825, ""gamma"": ""scale""}",0.6479098649254209,0.41,0.40518197398931344,0.4069863579991732,0.41000000000000003,-0.17999999999999994
C3,sub-039,"{""C"": 5.455594781168517, ""gamma"": ""auto""}",0.6636336970961376,0.495,0.49040086783218545,0.4948127399107791,0.495,-0.010000000000000009
C4,sub-039,"{""C"": 100.0, ""gamma"": ""auto""}",0.6723878747501333,0.405,0.4042702310330154,0.4045322078183097,0.405,-0.18999999999999995
C5,sub-039,"{""C"": 23.357214690901213, ""gamma"": ""auto""}",0.6814648815031857,0.495,0.4913248218377779,0.49485119967047675,0.495,-0.010000000000000009
C6,sub-039,"{""C"": 1.2742749857031335, ""gamma"": ""scale""}",0.6864999216249804,0.41,0.4099409940994099,0.4099639855942377,0.41000000000000003,-0.17999999999999994
T7,sub-039,"{""C"": 0.29763514416313175, ""gamma"": ""auto""}",0.6939471921157592,0.485,0.4705867235486109,0.4831668724048928,0.485,-0.030000000000000027
T8,sub-039,"{""C"": 33.59818286283781, ""gamma"": ""auto""}",0.6882286810096487,0.45,0.4499449944994499,0.4499799919967987,0.45,-0.10000000000000009
CP1,sub-039,"{""C"": 1.8329807108324356, ""gamma"": ""scale""}",0.6119685694541258,0.46,0.4591346153846154,0.45974235104669886,0.45999999999999996,-0.08000000000000007
CP2,sub-039,"{""C"": 16.23776739188721, ""gamma"": ""scale""}",0.614961496149615,0.465,0.46466541588492805,0.4649122807017544,0.46499999999999997,-0.07000000000000006
CP3,sub-039,"{""C"": 33.59818286283781, ""gamma"": ""auto""}",0.6644811270633973,0.49,0.48748869460355737,0.4898000815993472,0.49,-0.020000000000000018
CP4,sub-039,"{""C"": 3.79269019073225, ""gamma"": ""auto""}",0.6617534182418984,0.47,0.46808510638297873,0.4695616883116883,0.47,-0.06000000000000005
CP5,sub-039,"{""C"": 48.32930238571752, ""gamma"": ""auto""}",0.6824999206249802,0.46,0.45994599459945995,0.45998399359743897,0.45999999999999996,-0.08000000000000007
CP6,sub-039,"{""C"": 1.2742749857031335, ""gamma"": ""auto""}",0.6624080906026666,0.48,0.4799479947994799,0.4799919967987195,0.48,-0.040000000000000036
TP7,sub-039,"{""C"": 0.29763514416313175, ""gamma"": ""scale""}",0.6689917247931199,0.49,0.48484848484848486,0.4895833333333333,0.49,-0.020000000000000018
TP8,sub-039,"{""C"": 0.8858667904100825, ""gamma"": ""scale""}",0.6689947039152626,0.48,0.47743945332127424,0.4796001631986944,0.48,-0.040000000000000036
Pz,sub-039,"{""C"": 33.59818286283781, ""gamma"": ""auto""}",0.6771602939244976,0.465,0.39736982906704965,0.4364906550535293,0.465,-0.07000000000000006
P3,sub-039,"{""C"": 69.51927961775606, ""gamma"": ""auto""}",0.6963960915623372,0.39,0.3890224358974359,0.3892914653784219,0.39,-0.21999999999999997
P4,sub-039,"{""C"": 48.32930238571752, ""gamma"": ""auto""}",0.6818316889634617,0.48,0.4797919167667067,0.47996794871794873,0.48,-0.040000000000000036
P5,sub-039,"{""C"": 69.51927961775606, ""gamma"": ""auto""}",0.662371616807291,0.41,0.40976390556222486,0.4098557692307692,0.41000000000000003,-0.17999999999999994
P6,sub-039,"{""C"": 5.455594781168517, ""gamma"": ""scale""}",0.6794646609788729,0.45,0.4472917294744247,0.449000407996736,0.45,-0.10000000000000009
P7,sub-039,"{""C"": 69.51927961775606, ""gamma"": ""auto""}",0.669,0.405,0.40486609487134606,0.4049144229806826,0.405,-0.18999999999999995
P8,sub-039,"{""C"": 2.636650898730358, ""gamma"": ""scale""}",0.6664859090296565,0.435,0.42985443628749465,0.4325656188401287,0.43500000000000005,-0.1299999999999999
POz,sub-039,"{""C"": 48.32930238571752, ""gamma"": ""auto""}",0.6631913223649983,0.465,0.46337671456154866,0.46457131288591963,0.46499999999999997,-0.07000000000000006
PO3,sub-039,"{""C"": 11.288378916846883, ""gamma"": ""auto""}",0.674601386698706,0.4,0.3997599039615846,0.3998397435897436,0.4,-0.19999999999999996
PO4,sub-039,"{""C"": 3.79269019073225, ""gamma"": ""auto""}",0.6716637837145236,0.445,0.44431929113163626,0.44472917294744246,0.44499999999999995,-0.1100000000000001
PO5,sub-039,"{""C"": 2.636650898730358, ""gamma"": ""scale""}",0.6739791346646186,0.43,0.4294865378840957,0.42974708952228025,0.43000000000000005,-0.1399999999999999
PO6,sub-039,"{""C"": 23.357214690901213, ""gamma"": ""auto""}",0.6753206958542856,0.46,0.4586466165413534,0.45959595959595956,0.45999999999999996,-0.08000000000000007
PO7,sub-039,"{""C"": 0.6158482110660264, ""gamma"": ""auto""}",0.659454962918846,0.39,0.3897559023609444,0.38982371794871795,0.39,-0.21999999999999997
PO8,sub-039,"{""C"": 48.32930238571752, ""gamma"": ""auto""}",0.6599129377120543,0.46,0.45804897631473307,0.4594155844155844,0.46,-0.08000000000000007
Oz,sub-039,"{""C"": 23.357214690901213, ""gamma"": ""auto""}",0.6226415094339622,0.455,0.4476957766461453,0.4524865378523915,0.45499999999999996,-0.09000000000000008
O1,sub-039,"{""C"": 100.0, ""gamma"": ""auto""}",0.6299052557454708,0.455,0.4546591619762351,0.4548872180451128,0.45499999999999996,-0.09000000000000008
O2,sub-039,"{""C"": 1.2742749857031335, ""gamma"": ""scale""}",0.629946712326575,0.415,0.41498537463436586,0.41499149914991496,0.415,-0.16999999999999993
Fpz,sub-040,"{""C"": 7.847599703514611, ""gamma"": ""scale""}",0.5854766830634224,0.59,0.5879811074263892,0.5917992656058751,0.5900000000000001,0.18000000000000005
Fp1,sub-040,"{""C"": 0.6158482110660264, ""gamma"": ""auto""}",0.6413636285197446,0.66,0.6587715776796468,0.6623376623376623,0.6599999999999999,0.31999999999999995
Fp2,sub-040,"{""C"": 5.455594781168517, ""gamma"": ""auto""}",0.6079749103942653,0.56,0.5596036432789511,0.5602167804094741,0.56,0.12
AF3,sub-040,"{""C"": 0.42813323987193935, ""gamma"": ""scale""}",0.6384673716802942,0.64,0.6355906468266019,0.6471206389239177,0.64,0.28
AF4,sub-040,"{""C"": 1.8329807108324356, ""gamma"": ""scale""}",0.6359767025089605,0.575,0.5744787364521539,0.575369309617124,0.575,0.15000000000000002
AF7,sub-040,"{""C"": 0.6158482110660264, ""gamma"": ""auto""}",0.6742882059058903,0.705,0.7017113678303293,0.7144575792446909,0.7050000000000001,0.41000000000000003
AF8,sub-040,"{""C"": 11.288378916846883, ""gamma"": ""auto""}",0.6854980343627148,0.59,0.5840097402597402,0.5955008488964346,0.59,0.18000000000000005
Fz,sub-040,"{""C"": 2.636650898730358, ""gamma"": ""scale""}",0.612874571361121,0.585,0.5826524198617222,0.5869565217391304,0.585,0.17000000000000004
F1,sub-040,"{""C"": 33.59818286283781, ""gamma"": ""auto""}",0.6419083285321042,0.595,0.5913115870733369,0.5985579416951966,0.595,0.18999999999999995
F2,sub-040,"{""C"": 48.32930238571752, ""gamma"": ""auto""}",0.6579124255809488,0.555,0.551761476668933,0.5566368036247555,0.5549999999999999,0.10999999999999999
F3,sub-040,"{""C"": 0.42813323987193935, ""gamma"": ""auto""}",0.6671697491836275,0.665,0.6619490905421428,0.6711795829442888,0.665,0.32999999999999996
F4,sub-040,"{""C"": 5.455594781168517, ""gamma"": ""auto""}",0.679991999799995,0.595,0.5874818568409259,0.6024700679538345,0.595,0.18999999999999995
F5,sub-040,"{""C"": 0.8858667904100825, ""gamma"": ""scale""}",0.6894999223749806,0.685,0.6836634781953754,0.6881802461601059,0.685,0.37
F6,sub-040,"{""C"": 3.79269019073225, ""gamma"": ""auto""}",0.7154794433897849,0.6,0.586606035551881,0.6148897058823529,0.6,0.19999999999999996
F7,sub-040,"{""C"": 2.636650898730358, ""gamma"": ""auto""}",0.7099895596241464,0.715,0.7146504467973267,0.7160586875690885,0.7150000000000001,0.43000000000000005
F8,sub-040,"{""C"": 1.8329807108324356, ""gamma"": ""scale""}",0.726999726999727,0.615,0.6055226824457594,0.6272264631043256,0.615,0.22999999999999998
FCz,sub-040,"{""C"": 2.636650898730358, ""gamma"": ""scale""}",0.6464447569932802,0.58,0.57995799579958,0.5800320128051221,0.58,0.16000000000000003
FC1,sub-040,"{""C"": 33.59818286283781, ""gamma"": ""auto""}",0.6628910970440358,0.61,0.607487922705314,0.6128899835796388,0.61,0.21999999999999997
FC2,sub-040,"{""C"": 100.0, ""gamma"": ""auto""}",0.6647733868094832,0.6,0.5989974937343359,0.601010101010101,0.6000000000000001,0.19999999999999996
FC3,sub-040,"{""C"": 1.2742749857031335, ""gamma"": ""scale""}",0.6889847602532524,0.685,0.6827075621364358,0.6905056121923592,0.685,0.37
FC4,sub-040,"{""C"": 3.79269019073225, ""gamma"": ""auto""}",0.6879687968796879,0.61,0.6010230179028133,0.6208791208791209,0.61,0.21999999999999997
FC5,sub-040,"{""C"": 1.8329807108324356, ""gamma"": ""scale""}",0.712,0.67,0.6688077077478924,0.6724837662337663,0.6699999999999999,0.33999999999999997
FC6,sub-040,"{""C"": 1.8329807108324356, ""gamma"": ""auto""}",0.7144222514579595,0.605,0.589386418565971,0.6238353579431537,0.605,0.20999999999999996
FT7,sub-040,"{""C"": 0.20691380811147897, ""gamma"": ""scale""}",0.7246822374156839,0.67,0.6634026927784578,0.6844618055555556,0.67,0.33999999999999997
FT8,sub-040,"{""C"": 16.23776739188721, ""gamma"": ""auto""}",0.7269975429778868,0.62,0.6057682332192136,0.6402524544179524,0.62,0.24
Cz,sub-040,"{""C"": 69.51927961775606, ""gamma"": ""auto""}",0.6482142620343374,0.575,0.5747342088805503,0.575187969924812,0.575,0.15000000000000002
C1,sub-040,"{""C"": 0.8858667904100825, ""gamma"": ""scale""}",0.6619969579726217,0.56,0.5571658615136876,0.5615763546798029,0.56,0.12
C2,sub-040,"{""C"": 33.59818286283781, ""gamma"": ""auto""}",0.642479889493784,0.575,0.5747342088805503,0.575187969924812,0.575,0.15000000000000002
C3,sub-040,"{""C"": 0.29763514416313175, ""gamma"": ""scale""}",0.6650537678822611,0.64,0.6394230769230769,0.6409017713365539,0.64,0.28
C4,sub-040,"{""C"": 0.42813323987193935, ""gamma"": ""scale""}",0.6658232204836358,0.56,0.5469055710019566,0.567842605156038,0.56,0.12
C5,sub-040,"{""C"": 48.32930238571752, ""gamma"": ""auto""}",0.7002733317071035,0.67,0.6698679471788715,0.6702724358974359,0.6699999999999999,0.33999999999999997
C6,sub-040,"{""C"": 0.20691380811147897, ""gamma"": ""auto""}",0.7029141421870921,0.57,0.555601488218272,0.5804227941176471,0.5700000000000001,0.14
T7,sub-040,"{""C"": 0.29763514416313175, ""gamma"": ""scale""}",0.6974993193734687,0.675,0.6743405395926751,0.6764290755116443,0.675,0.35
T8,sub-040,"{""C"": 0.29763514416313175, ""gamma"": ""auto""}",0.7158974389754702,0.595,0.5753715498938429,0.6165501165501166,0.595,0.18999999999999995
CP1,sub-040,"{""C"": 0.6158482110660264, ""gamma"": ""scale""}",0.5926806616387248,0.61,0.60996099609961,0.6100440176070427,0.61,0.21999999999999997
CP2,sub-040,"{""C"": 23.357214690901213, ""gamma"": ""auto""}",0.6167792648565573,0.57,0.567230273752013,0.5718390804597702,0.5700000000000001,0.14
CP3,sub-040,"{""C"": 69.51927961775606, ""gamma"": ""auto""}",0.6449968049712448,0.605,0.6041985019664822,0.6058574453069866,0.605,0.20999999999999996
CP4,sub-040,"{""C"": 1.8329807108324356, ""gamma"": ""auto""}",0.6609725387756408,0.61,0.5983935742971888,0.6243781094527363,0.61,0.21999999999999997
CP5,sub-040,"{""C"": 0.8858667904100825, ""gamma"": ""scale""}",0.6554957798233028,0.615,0.6142187930559382,0.6159391067647948,0.615,0.22999999999999998
CP6,sub-040,"{""C"": 0.14384498882876628, ""gamma"": ""auto""}",0.67211339461905,0.585,0.564886896804802,0.6042816832290516,0.585,0.17000000000000004
TP7,sub-040,"{""C"": 0.6158482110660264, ""gamma"": ""scale""}",0.656999656999657,0.645,0.6439228666716819,0.6467759894726186,0.645,0.29000000000000004
TP8,sub-040,"{""C"": 0.42813323987193935, ""gamma"": ""auto""}",0.6744960125761541,0.605,0.5925209542230818,0.6196581196581197,0.605,0.20999999999999996
Pz,sub-040,"{""C"": 48.32930238571752, ""gamma"": ""auto""}",0.6717903286380977,0.685,0.6827075621364358,0.6905056121923592,0.685,0.37
P3,sub-040,"{""C"": 0.8858667904100825, ""gamma"": ""scale""}",0.6829616383582413,0.595,0.5941782108770259,0.5957757838491784,0.595,0.18999999999999995
P4,sub-040,"{""C"": 16.23776739188721, ""gamma"": ""auto""}",0.6879921998049952,0.665,0.6605102480301994,0.6742160278745645,0.665,0.32999999999999996
P5,sub-040,"{""C"": 0.8858667904100825, ""gamma"": ""scale""}",0.6502900866244963,0.58,0.5789473684210527,0.5808080808080809,0.5800000000000001,0.16000000000000003
P6,sub-040,"{""C"": 33.59818286283781, ""gamma"": ""auto""}",0.688498053112832,0.685,0.6761841124617718,0.7076085736729885,0.685,0.37
P7,sub-040,"{""C"": 1.2742749857031335, ""gamma"": ""scale""}",0.6549503128450497,0.55,0.5488721804511278,0.5505050505050505,0.55,0.09999999999999998
P8,sub-040,"{""C"": 11.288378916846883, ""gamma"": ""auto""}",0.6734862047921525,0.615,0.6055226824457594,0.6272264631043256,0.615,0.22999999999999998
POz,sub-040,"{""C"": 0.6158482110660264, ""gamma"": ""scale""}",0.664499916124979,0.67,0.6673051718923279,0.6756924348904505,0.6699999999999999,0.33999999999999997
PO3,sub-040,"{""C"": 33.59818286283781, ""gamma"": ""auto""}",0.6909690969096909,0.585,0.5819798040845106,0.5875296056018948,0.585,0.17000000000000004
PO4,sub-040,"{""C"": 1.8329807108324356, ""gamma"": ""scale""}",0.6789996789996791,0.66,0.6550324675324675,0.669779286926995,0.66,0.31999999999999995
PO5,sub-040,"{""C"": 0.8858667904100825, ""gamma"": ""scale""}",0.6708548469875215,0.59,0.5879811074263892,0.5917992656058751,0.5900000000000001,0.18000000000000005
PO6,sub-040,"{""C"": 0.8858667904100825, ""gamma"": ""scale""}",0.6743761815430318,0.685,0.67915255532072,0.6995469744364147,0.685,0.37
PO7,sub-040,"{""C"": 16.23776739188721, ""gamma"": ""auto""}",0.6509912747818696,0.565,0.5641173376086576,0.5655307994757536,0.565,0.13
PO8,sub-040,"{""C"": 23.357214690901213, ""gamma"": ""auto""}",0.66499865999464,0.585,0.5832391855589867,0.5864611941816702,0.585,0.17000000000000004
Oz,sub-040,"{""C"": 0.6158482110660264, ""gamma"": ""scale""}",0.6274038461538463,0.625,0.6190476190476191,0.6333333333333333,0.625,0.25
O1,sub-040,"{""C"": 33.59818286283781, ""gamma"": ""auto""}",0.626217326853433,0.56,0.5596036432789511,0.5602167804094741,0.56,0.12
O2,sub-040,"{""C"": 0.29763514416313175, ""gamma"": ""scale""}",0.6487439343281252,0.595,0.5920525798897031,0.5978272062609412,0.595,0.18999999999999995
Fpz,sub-041,"{""C"": 5.455594781168517, ""gamma"": ""scale""}",0.6087930515242563,0.595,0.5937711577522005,0.5961635793096467,0.595,0.18999999999999995
Fp1,sub-041,"{""C"": 0.42813323987193935, ""gamma"": ""auto""}",0.6439617925871842,0.7,0.6899545266639107,0.7297794117647058,0.7,0.4
Fp2,sub-041,"{""C"": 11.288378916846883, ""gamma"": ""auto""}",0.6208327872591812,0.605,0.6027655562539284,0.6074168797953965,0.605,0.20999999999999996
AF3,sub-041,"{""C"": 11.288378916846883, ""gamma"": ""auto""}",0.6525053835340202,0.655,0.6485956558274554,0.6671880056088879,0.655,0.31000000000000005
AF4,sub-041,"{""C"": 3.79269019073225, ""gamma"": ""scale""}",0.6294665593569819,0.64,0.6386993175431553,0.6420454545454546,0.6399999999999999,0.28
AF7,sub-041,"{""C"": 1.2742749857031335, ""gamma"": ""auto""}",0.6832702546667522,0.735,0.7284766515535746,0.7599845115610133,0.735,0.47
AF8,sub-041,"{""C"": 3.79269019073225, ""gamma"": ""auto""}",0.6804865005546484,0.725,0.7234443746071653,0.7301790281329923,0.7250000000000001,0.44999999999999996
Fz,sub-041,"{""C"": 69.51927961775606, ""gamma"": ""auto""}",0.6246031483148797,0.625,0.6249156060113525,0.625112601341207,0.625,0.25
F1,sub-041,"{""C"": 0.6158482110660264, ""gamma"": ""scale""}",0.655219952406342,0.72,0.7126436781609196,0.7450980392156863,0.72,0.43999999999999995
F2,sub-041,"{""C"": 1.8329807108324356, ""gamma"": ""scale""}",0.6629025788452862,0.655,0.6530483972344437,0.6585677749360614,0.655,0.31000000000000005
F3,sub-041,"{""C"": 0.42813323987193935, ""gamma"": ""auto""}",0.687218045112782,0.72,0.7144022847817217,0.7387152777777778,0.72,0.43999999999999995
F4,sub-041,"{""C"": 7.847599703514611, ""gamma"": ""auto""}",0.6789611542996703,0.705,0.7023133782386034,0.7126776636580558,0.7050000000000001,0.41000000000000003
F5,sub-041,"{""C"": 1.2742749857031335, ""gamma"": ""auto""}",0.7056986354026523,0.785,0.7803825429658571,0.8111693416311825,0.785,0.5700000000000001
F6,sub-041,"{""C"": 33.59818286283781, ""gamma"": ""auto""}",0.712971297129713,0.735,0.7338756245135698,0.7390397721493236,0.7350000000000001,0.47
F7,sub-041,"{""C"": 0.6158482110660264, ""gamma"": ""auto""}",0.7217330266547171,0.785,0.7810088869649359,0.8074102038615036,0.785,0.5700000000000001
F8,sub-041,"{""C"": 5.455594781168517, ""gamma"": ""auto""}",0.7254636925733429,0.77,0.7681217864704104,0.7790409260024803,0.77,0.54
FCz,sub-041,"{""C"": 48.32930238571752, ""gamma"": ""auto""}",0.6570430956641986,0.72,0.7192982456140351,0.7222222222222222,0.72,0.43999999999999995
FC1,sub-041,"{""C"": 1.8329807108324356, ""gamma"": ""auto""}",0.6692379241773045,0.725,0.7234443746071653,0.7301790281329923,0.7250000000000001,0.44999999999999996
FC2,sub-041,"{""C"": 11.288378916846883, ""gamma"": ""auto""}",0.6674899415707325,0.66,0.6583257964023717,0.6631986944104447,0.6599999999999999,0.31999999999999995
FC3,sub-041,"{""C"": 3.79269019073225, ""gamma"": ""auto""}",0.6907745746649308,0.78,0.7756017951856384,0.8038194444444444,0.78,0.56
FC4,sub-041,"{""C"": 11.288378916846883, ""gamma"": ""auto""}",0.6844961350776546,0.71,0.7076318177235609,0.7170318313352625,0.71,0.42000000000000004
FC5,sub-041,"{""C"": 16.23776739188721, ""gamma"": ""auto""}",0.7067181561480582,0.78,0.7749360613810742,0.8076923076923077,0.78,0.56
FC6,sub-041,"{""C"": 2.636650898730358, ""gamma"": ""auto""}",0.706998827995312,0.775,0.7747240369452579,0.7763541352627876,0.775,0.55
FT7,sub-041,"{""C"": 33.59818286283781, ""gamma"": ""auto""}",0.7198386270491803,0.785,0.7815873015873016,0.804,0.785,0.5700000000000001
FT8,sub-041,"{""C"": 1.8329807108324356, ""gamma"": ""scale""}",0.729491817127468,0.81,0.8099239695878351,0.8104967948717949,0.81,0.62
Cz,sub-041,"{""C"": 0.42813323987193935, ""gamma"": ""scale""}",0.6658677382276613,0.725,0.7249931248281207,0.725022502250225,0.725,0.44999999999999996
C1,sub-041,"{""C"": 0.1, ""gamma"": ""scale""}",0.661493145236191,0.715,0.7088791848617175,0.7347417840375587,0.715,0.43000000000000005
C2,sub-041,"{""C"": 48.32930238571752, ""gamma"": ""auto""}",0.6407754846779237,0.68,0.6791979949874687,0.6818181818181819,0.6799999999999999,0.36
C3,sub-041,"{""C"": 1.8329807108324356, ""gamma"": ""scale""}",0.6586971704191185,0.685,0.6772458310919849,0.7046686580373935,0.685,0.37
C4,sub-041,"{""C"": 48.32930238571752, ""gamma"": ""auto""}",0.6664698989083764,0.66,0.6591478696741855,0.6616161616161617,0.6599999999999999,0.31999999999999995
C5,sub-041,"{""C"": 0.8858667904100825, ""gamma"": ""auto""}",0.675667883913127,0.75,0.7493734335839599,0.7525252525252526,0.75,0.5
C6,sub-041,"{""C"": 23.357214690901213, ""gamma"": ""auto""}",0.6964070246512994,0.735,0.7335009428032684,0.7404092071611253,0.7350000000000001,0.47
T7,sub-041,"{""C"": 0.1, ""gamma"": ""scale""}",0.6961464754495377,0.795,0.794377993430126,0.7986132199615346,0.7949999999999999,0.5900000000000001
T8,sub-041,"{""C"": 5.455594781168517, ""gamma"": ""auto""}",0.6961985530142283,0.795,0.7922525398393758,0.8114771407454334,0.795,0.5900000000000001
CP1,sub-041,"{""C"": 0.1, ""gamma"": ""scale""}",0.5949603859742141,0.665,0.6639835502394744,0.6670209535378075,0.665,0.32999999999999996
CP2,sub-041,"{""C"": 48.32930238571752, ""gamma"": ""auto""}",0.5989995989995991,0.67,0.6694711538461539,0.6710950080515299,0.6699999999999999,0.33999999999999997
CP3,sub-041,"{""C"": 7.847599703514611, ""gamma"": ""auto""}",0.6428271283301118,0.69,0.6895032051282051,0.6912238325281803,0.69,0.38
CP4,sub-041,"{""C"": 1.2742749857031335, ""gamma"": ""auto""}",0.6483219629937655,0.7,0.6980676328502415,0.7052545155993433,0.7,0.4
CP5,sub-041,"{""C"": 0.6158482110660264, ""gamma"": ""scale""}",0.6504992136232306,0.72,0.72,0.72,0.72,0.43999999999999995
CP6,sub-041,"{""C"": 1.8329807108324356, ""gamma"": ""scale""}",0.6664992496233116,0.735,0.7341959427267484,0.7378783277659682,0.7350000000000001,0.47
TP7,sub-041,"{""C"": 2.636650898730358, ""gamma"": ""auto""}",0.644999644999645,0.71,0.705762987012987,0.7228353140916808,0.71,0.42000000000000004
TP8,sub-041,"{""C"": 11.288378916846883, ""gamma"": ""auto""}",0.662,0.755,0.7536140791954746,0.7608695652173914,0.755,0.51
Pz,sub-041,"{""C"": 7.847599703514611, ""gamma"": ""auto""}",0.6794864583028632,0.67,0.6698679471788715,0.6702724358974359,0.6699999999999999,0.33999999999999997
P3,sub-041,"{""C"": 69.51927961775606, ""gamma"": ""auto""}",0.6774766976914082,0.805,0.8049561151259033,0.8052747472725452,0.8049999999999999,0.61
P4,sub-041,"{""C"": 11.288378916846883, ""gamma"": ""auto""}",0.6869846622484501,0.79,0.79,0.79,0.79,0.5800000000000001
P5,sub-041,"{""C"": 0.6158482110660264, ""gamma"": ""scale""}",0.6496633264567249,0.75,0.7497747973175859,0.750903251706142,0.75,0.5
P6,sub-041,"{""C"": 23.357214690901213, ""gamma"": ""auto""}",0.677991949798745,0.77,0.7694235588972431,0.7727272727272727,0.77,0.54
P7,sub-041,"{""C"": 1.8329807108324356, ""gamma"": ""scale""}",0.6514748190556767,0.625,0.6228786926461345,0.6278772378516624,0.625,0.25
P8,sub-041,"{""C"": 1.8329807108324356, ""gamma"": ""scale""}",0.6624472573839661,0.73,0.7297567811029927,0.7308309915696507,0.73,0.45999999999999996
POz,sub-041,"{""C"": 1.2742749857031335, ""gamma"": ""auto""}",0.6827331786032054,0.665,0.6649246080368083,0.6651486337703933,0.665,0.32999999999999996
PO3,sub-041,"{""C"": 100.0, ""gamma"": ""auto""}",0.6754960248263042,0.73,0.72997299729973,0.7300920368147259,0.73,0.45999999999999996
PO4,sub-041,"{""C"": 16.23776739188721, ""gamma"": ""auto""}",0.6864867540653592,0.73,0.7297567811029927,0.7308309915696507,0.73,0.45999999999999996
PO5,sub-041,"{""C"": 0.8858667904100825, ""gamma"": ""scale""}",0.6612438156355744,0.655,0.6530483972344437,0.6585677749360614,0.655,0.31000000000000005
PO6,sub-041,"{""C"": 33.59818286283781, ""gamma"": ""auto""}",0.6834423073605165,0.76,0.7596153846153846,0.7616747181964574,0.76,0.52
PO7,sub-041,"{""C"": 100.0, ""gamma"": ""auto""}",0.6443199369680901,0.615,0.6142187930559382,0.6159391067647948,0.615,0.22999999999999998
PO8,sub-041,"{""C"": 2.636650898730358, ""gamma"": ""scale""}",0.6643723775965811,0.685,0.684044233807267,0.6872659176029963,0.685,0.37
Oz,sub-041,"{""C"": 0.8858667904100825, ""gamma"": ""auto""}",0.634262178981883,0.62,0.6198479391756703,0.6201923076923077,0.62,0.24
O1,sub-041,"{""C"": 16.23776739188721, ""gamma"": ""auto""}",0.6274104853691099,0.635,0.6329352608422376,0.6381074168797953,0.635,0.27
O2,sub-041,"{""C"": 33.59818286283781, ""gamma"": ""auto""}",0.6494746745452359,0.66,0.6591478696741855,0.6616161616161617,0.6599999999999999,0.31999999999999995
Fpz,sub-042,"{""C"": 0.8858667904100825, ""gamma"": ""scale""}",0.6124293652518171,0.545,0.536553691018818,0.54853845324129,0.545,0.08999999999999997
Fp1,sub-042,"{""C"": 1.8329807108324356, ""gamma"": ""scale""}",0.6522912878455293,0.615,0.6042250263421655,0.629053978229155,0.615,0.22999999999999998
Fp2,sub-042,"{""C"": 5.455594781168517, ""gamma"": ""scale""}",0.6164300943847016,0.61,0.609375,0.6107085346215781,0.61,0.21999999999999997
AF3,sub-042,"{""C"": 7.847599703514611, ""gamma"": ""auto""}",0.6500537453273652,0.615,0.6098401357959008,0.6214232921549995,0.615,0.22999999999999998
AF4,sub-042,"{""C"": 0.42813323987193935, ""gamma"": ""scale""}",0.6445891450516797,0.605,0.6049901247531189,0.605010501050105,0.605,0.20999999999999996
AF7,sub-042,"{""C"": 1.2742749857031335, ""gamma"": ""scale""}",0.684101889406124,0.615,0.6107080563209384,0.6203054712836071,0.615,0.22999999999999998
AF8,sub-042,"{""C"": 2.636650898730358, ""gamma"": ""scale""}",0.703999703999704,0.69,0.6899689968996899,0.6900760304121649,0.69,0.38
Fz,sub-042,"{""C"": 2.636650898730358, ""gamma"": ""auto""}",0.61003418231304,0.595,0.5932816148226256,0.5966330993795138,0.595,0.18999999999999995
F1,sub-042,"{""C"": 0.20691380811147897, ""gamma"": ""scale""}",0.6564689963269186,0.625,0.6190476190476191,0.6333333333333333,0.625,0.25
F2,sub-042,"{""C"": 7.847599703514611, ""gamma"": ""auto""}",0.652887535561522,0.62,0.6196576919227305,0.6204335608189482,0.62,0.24
F3,sub-042,"{""C"": 3.79269019073225, ""gamma"": ""auto""}",0.6715003520354459,0.65,0.6457131288591963,0.6576292559899117,0.65,0.30000000000000004
F4,sub-042,"{""C"": 1.2742749857031335, ""gamma"": ""scale""}",0.6749791986687148,0.655,0.6547842401500938,0.6553884711779449,0.655,0.31000000000000005
F5,sub-042,"{""C"": 1.8329807108324356, ""gamma"": ""scale""}",0.6997646154585195,0.645,0.6429918290383407,0.6483375959079284,0.645,0.29000000000000004
F6,sub-042,"{""C"": 0.6158482110660264, ""gamma"": ""scale""}",0.7099649057535962,0.68,0.6794871794871795,0.681159420289855,0.6799999999999999,0.36
F7,sub-042,"{""C"": 2.636650898730358, ""gamma"": ""scale""}",0.7056597426625179,0.665,0.664320248503219,0.6663474140538361,0.665,0.32999999999999996
F8,sub-042,"{""C"": 0.8858667904100825, ""gamma"": ""scale""}",0.716971697169717,0.7,0.6998799519807923,0.7003205128205128,0.7,0.4
FCz,sub-042,"{""C"": 0.1, ""gamma"": ""scale""}",0.6499103770565264,0.645,0.6442796663243067,0.6461840911382195,0.645,0.29000000000000004
FC1,sub-042,"{""C"": 11.288378916846883, ""gamma"": ""auto""}",0.6612517050163812,0.635,0.6301081806896203,0.6425403864428254,0.635,0.27
FC2,sub-042,"{""C"": 3.79269019073225, ""gamma"": ""auto""}",0.6614978843617773,0.655,0.6549223575304444,0.6551396256630968,0.655,0.31000000000000005
FC3,sub-042,"{""C"": 7.847599703514611, ""gamma"": ""auto""}",0.6918073796122577,0.68,0.677386833350136,0.6860272840016536,0.6799999999999999,0.36
FC4,sub-042,"{""C"": 16.23776739188721, ""gamma"": ""auto""}",0.6889847602532524,0.66,0.6598639455782312,0.6602564102564102,0.66,0.31999999999999995
FC5,sub-042,"{""C"": 16.23776739188721, ""gamma"": ""auto""}",0.7182869545093477,0.665,0.6645891216740507,0.6658124811576726,0.665,0.32999999999999996
FC6,sub-042,"{""C"": 0.8858667904100825, ""gamma"": ""auto""}",0.7069762650774714,0.685,0.6849921248031201,0.6850185018501851,0.685,0.37
FT7,sub-042,"{""C"": 16.23776739188721, ""gamma"": ""auto""}",0.7288022968744214,0.7,0.6995192307692308,0.7012882447665056,0.7,0.4
FT8,sub-042,"{""C"": 0.20691380811147897, ""gamma"": ""scale""}",0.7311800370390857,0.73,0.7298919567827131,0.7303685897435898,0.73,0.45999999999999996
Cz,sub-042,"{""C"": 1.2742749857031335, ""gamma"": ""scale""}",0.6444592224773882,0.605,0.6041985019664822,0.6058574453069866,0.605,0.20999999999999996
C1,sub-042,"{""C"": 5.455594781168517, ""gamma"": ""auto""}",0.6449488726376598,0.605,0.6041985019664822,0.6058574453069866,0.605,0.20999999999999996
C2,sub-042,"{""C"": 33.59818286283781, ""gamma"": ""auto""}",0.6444956450716521,0.645,0.6442796663243067,0.6461840911382195,0.645,0.29000000000000004
C3,sub-042,"{""C"": 7.847599703514611, ""gamma"": ""auto""}",0.6578764934141225,0.64,0.63996399639964,0.6400560224089635,0.64,0.28
C4,sub-042,"{""C"": 0.29763514416313175, ""gamma"": ""scale""}",0.6529219074291716,0.605,0.6038014995360967,0.6062860613422412,0.605,0.20999999999999996
C5,sub-042,"{""C"": 2.636650898730358, ""gamma"": ""auto""}",0.6776902603401869,0.655,0.6547842401500938,0.6553884711779449,0.655,0.31000000000000005
C6,sub-042,"{""C"": 2.636650898730358, ""gamma"": ""auto""}",0.6874042675569393,0.65,0.6498599439775911,0.6502403846153846,0.65,0.30000000000000004
T7,sub-042,"{""C"": 5.455594781168517, ""gamma"": ""auto""}",0.68934264904538,0.655,0.6545768566493955,0.6557632398753894,0.655,0.31000000000000005
T8,sub-042,"{""C"": 0.29763514416313175, ""gamma"": ""scale""}",0.6978111319574734,0.69,0.6899689968996899,0.6900760304121649,0.69,0.38
CP1,sub-042,"{""C"": 48.32930238571752, ""gamma"": ""auto""}",0.591959195919592,0.605,0.6049111049986247,0.6050945851266138,0.605,0.20999999999999996
CP2,sub-042,"{""C"": 2.636650898730358, ""gamma"": ""auto""}",0.6104975656097851,0.51,0.5095586027424682,0.5100361300682457,0.51,0.020000000000000018
CP3,sub-042,"{""C"": 33.59818286283781, ""gamma"": ""auto""}",0.6349634963496349,0.665,0.6635786196680977,0.6678364357644186,0.665,0.32999999999999996
CP4,sub-042,"{""C"": 0.20691380811147897, ""gamma"": ""scale""}",0.6537475819872687,0.61,0.6068152031454783,0.6136833402232327,0.61,0.21999999999999997
CP5,sub-042,"{""C"": 11.288378916846883, ""gamma"": ""auto""}",0.6469646964696469,0.585,0.5826524198617222,0.5869565217391304,0.585,0.17000000000000004
CP6,sub-042,"{""C"": 0.8858667904100825, ""gamma"": ""scale""}",0.6668530822092542,0.565,0.5618342524741256,0.5669344042838018,0.565,0.13
TP7,sub-042,"{""C"": 1.2742749857031335, ""gamma"": ""auto""}",0.652873001859609,0.59,0.5858585858585859,0.59375,0.59,0.18000000000000005
TP8,sub-042,"{""C"": 1.2742749857031335, ""gamma"": ""scale""}",0.6632978945612104,0.58,0.58,0.58,0.58,0.16000000000000003
Pz,sub-042,"{""C"": 16.23776739188721, ""gamma"": ""auto""}",0.6444190513935177,0.595,0.5895720909021813,0.6003061978671735,0.595,0.18999999999999995
P3,sub-042,"{""C"": 69.51927961775606, ""gamma"": ""auto""}",0.6579657965796579,0.63,0.6226030191758466,0.6410590277777778,0.63,0.26
P4,sub-042,"{""C"": 7.847599703514611, ""gamma"": ""auto""}",0.6724704404572512,0.685,0.6836634781953754,0.6881802461601059,0.685,0.37
P5,sub-042,"{""C"": 11.288378916846883, ""gamma"": ""auto""}",0.642982506142801,0.585,0.5794380684553216,0.5897476507232604,0.585,0.17000000000000004
P6,sub-042,"{""C"": 33.59818286283781, ""gamma"": ""auto""}",0.668999668999669,0.64,0.6376811594202898,0.6436781609195402,0.64,0.28
P7,sub-042,"{""C"": 48.32930238571752, ""gamma"": ""auto""}",0.6384999096249775,0.55,0.5434253246753247,0.5530560271646858,0.55,0.09999999999999998
P8,sub-042,"{""C"": 7.847599703514611, ""gamma"": ""scale""}",0.6464744577795746,0.56,0.5598239295718287,0.5600961538461539,0.56,0.12
POz,sub-042,"{""C"": 7.847599703514611, ""gamma"": ""scale""}",0.6442686857128848,0.525,0.5248931009477132,0.5250225202682415,0.525,0.050000000000000044
PO3,sub-042,"{""C"": 3.79269019073225, ""gamma"": ""scale""}",0.6486623645323155,0.615,0.6088888888888889,0.6226666666666667,0.615,0.22999999999999998
PO4,sub-042,"{""C"": 16.23776739188721, ""gamma"": ""auto""}",0.6697936210131332,0.55,0.5477841422972565,0.550999592003264,0.55,0.09999999999999998
PO5,sub-042,"{""C"": 1.8329807108324356, ""gamma"": ""scale""}",0.647998591994368,0.615,0.6098401357959008,0.6214232921549995,0.615,0.22999999999999998
PO6,sub-042,"{""C"": 48.32930238571752, ""gamma"": ""auto""}",0.6509968589717308,0.55,0.5483741469289443,0.5507305194805194,0.55,0.09999999999999998
PO7,sub-042,"{""C"": 5.455594781168517, ""gamma"": ""auto""}",0.6284508626265823,0.525,0.5229846099771535,0.525429762994609,0.525,0.050000000000000044
PO8,sub-042,"{""C"": 33.59818286283781, ""gamma"": ""auto""}",0.642460581279086,0.495,0.4948863494286215,0.4949954959463517,0.495,-0.010000000000000009
Oz,sub-042,"{""C"": 3.79269019073225, ""gamma"": ""scale""}",0.5964770342363703,0.455,0.4533463727776524,0.4544488308533252,0.455,-0.09000000000000008
O1,sub-042,"{""C"": 5.455594781168517, ""gamma"": ""scale""}",0.6092434954071082,0.535,0.5276190476190477,0.5373333333333333,0.535,0.06999999999999995
O2,sub-042,"{""C"": 1.8329807108324356, ""gamma"": ""scale""}",0.6333745224303018,0.485,0.48467792370231394,0.4849624060150376,0.485,-0.030000000000000027
Fpz,sub-043,"{""C"": 2.636650898730358, ""gamma"": ""scale""}",0.6038569923742472,0.67,0.66996699669967,0.6700680272108843,0.67,0.33999999999999997
Fp1,sub-043,"{""C"": 2.636650898730358, ""gamma"": ""scale""}",0.6573416061574463,0.715,0.7141352591589558,0.7176333637007795,0.7150000000000001,0.43000000000000005
Fp2,sub-043,"{""C"": 11.288378916846883, ""gamma"": ""auto""}",0.63494743243027,0.665,0.6647904940587868,0.6654135338345865,0.665,0.32999999999999996
AF3,sub-043,"{""C"": 33.59818286283781, ""gamma"": ""auto""}",0.6552579048636905,0.71,0.7097387648883995,0.7107587314331594,0.71,0.42000000000000004
AF4,sub-043,"{""C"": 1.8329807108324356, ""gamma"": ""scale""}",0.6414927402279895,0.695,0.6949923748093703,0.695019501950195,0.695,0.39
AF7,sub-043,"{""C"": 2.636650898730358, ""gamma"": ""auto""}",0.6789470665854267,0.8,0.7998198378540686,0.8010839020473706,0.8,0.6
AF8,sub-043,"{""C"": 7.847599703514611, ""gamma"": ""auto""}",0.7109953759260148,0.74,0.7387197266606371,0.7447980416156671,0.74,0.48
Fz,sub-043,"{""C"": 3.79269019073225, ""gamma"": ""auto""}",0.6223783693515665,0.755,0.7549938748468712,0.755025502550255,0.755,0.51
F1,sub-043,"{""C"": 33.59818286283781, ""gamma"": ""auto""}",0.6475174513909543,0.755,0.7548467792370231,0.7556390977443609,0.755,0.51
F2,sub-043,"{""C"": 1.8329807108324356, ""gamma"": ""auto""}",0.657,0.765,0.7649941248531213,0.765026502650265,0.765,0.53
F3,sub-043,"{""C"": 3.79269019073225, ""gamma"": ""scale""}",0.6665915746789817,0.755,0.7549448625940837,0.7552297067360625,0.755,0.51
F4,sub-043,"{""C"": 0.29763514416313175, ""gamma"": ""scale""}",0.6891267570605831,0.755,0.7549448625940837,0.7552297067360625,0.755,0.51
F5,sub-043,"{""C"": 3.79269019073225, ""gamma"": ""auto""}",0.6881069367670607,0.78,0.77997799779978,0.7801120448179272,0.78,0.56
F6,sub-043,"{""C"": 0.20691380811147897, ""gamma"": ""scale""}",0.71156128471405,0.8,0.7998198378540686,0.8010839020473706,0.8,0.6
F7,sub-043,"{""C"": 1.2742749857031335, ""gamma"": ""auto""}",0.6990062950754976,0.815,0.8149953748843721,0.815031503150315,0.815,0.63
F8,sub-043,"{""C"": 0.6158482110660264, ""gamma"": ""scale""}",0.7329316304974074,0.8,0.7996794871794872,0.8019323671497585,0.8,0.6
FCz,sub-043,"{""C"": 11.288378916846883, ""gamma"": ""auto""}",0.6521325650218043,0.785,0.784865540963102,0.7857142857142858,0.785,0.5700000000000001
FC1,sub-043,"{""C"": 100.0, ""gamma"": ""auto""}",0.6613712364126458,0.76,0.7599039615846338,0.7604166666666667,0.76,0.52
FC2,sub-043,"{""C"": 0.20691380811147897, ""gamma"": ""scale""}",0.6712138738737385,0.75,0.7498999599839936,0.750400641025641,0.75,0.5
FC3,sub-043,"{""C"": 33.59818286283781, ""gamma"": ""auto""}",0.6798588177386227,0.78,0.7799119647859143,0.780448717948718,0.78,0.56
FC4,sub-043,"{""C"": 0.29763514416313175, ""gamma"": ""scale""}",0.6863648889000225,0.775,0.7747240369452579,0.7763541352627876,0.775,0.55
FC5,sub-043,"{""C"": 69.51927961775606, ""gamma"": ""auto""}",0.7018923831503172,0.78,0.78,0.78,0.78,0.56
FC6,sub-043,"{""C"": 23.357214690901213, ""gamma"": ""auto""}",0.721989991639699,0.75,0.7487689679429204,0.7549979600163199,0.75,0.5
FT7,sub-043,"{""C"": 1.2742749857031335, ""gamma"": ""auto""}",0.7132832080200502,0.805,0.8047608320192235,0.8065018591096372,0.8049999999999999,0.61
FT8,sub-043,"{""C"": 1.2742749857031335, ""gamma"": ""scale""}",0.731494562764896,0.74,0.7399739973997399,0.7400960384153662,0.74,0.48
Cz,sub-043,"{""C"": 48.32930238571752, ""gamma"": ""auto""}",0.6544805645317548,0.83,0.8299829982998299,0.8301320528211285,0.83,0.6599999999999999
C1,sub-043,"{""C"": 1.8329807108324356, ""gamma"": ""scale""}",0.6468131641638426,0.755,0.7549938748468712,0.755025502550255,0.755,0.51
C2,sub-043,"{""C"": 33.59818286283781, ""gamma"": ""auto""}",0.6458721598497057,0.72,0.719551282051282,0.7214170692431562,0.72,0.43999999999999995
C3,sub-043,"{""C"": 33.59818286283781, ""gamma"": ""auto""}",0.658294891508628,0.72,0.7199719971997199,0.7200880352140857,0.72,0.43999999999999995
C4,sub-043,"{""C"": 0.20691380811147897, ""gamma"": ""scale""}",0.6668237497636249,0.775,0.7749943748593715,0.7750275027502751,0.775,0.55
C5,sub-043,"{""C"": 11.288378916846883, ""gamma"": ""auto""}",0.6815640611997824,0.71,0.7097387648883995,0.7107587314331594,0.71,0.42000000000000004
C6,sub-043,"{""C"": 0.29763514416313175, ""gamma"": ""scale""}",0.68214328530193,0.835,0.8347976270931892,0.8366495829564868,0.835,0.6699999999999999
T7,sub-043,"{""C"": 1.2742749857031335, ""gamma"": ""auto""}",0.6861044130865924,0.75,0.7497747973175859,0.750903251706142,0.75,0.5
T8,sub-043,"{""C"": 16.23776739188721, ""gamma"": ""auto""}",0.6859293341001725,0.795,0.7941302000954031,0.8000712033363848,0.7949999999999999,0.5900000000000001
CP1,sub-043,"{""C"": 1.2742749857031335, ""gamma"": ""auto""}",0.5931459352501515,0.635,0.6349908747718693,0.635013501350135,0.635,0.27
CP2,sub-043,"{""C"": 0.8858667904100825, ""gamma"": ""auto""}",0.6269160561126254,0.845,0.8443423464135975,0.8509307293256028,0.845,0.69
CP3,sub-043,"{""C"": 100.0, ""gamma"": ""auto""}",0.6424991956231901,0.675,0.674601386698706,0.6758617224399558,0.675,0.35
CP4,sub-043,"{""C"": 0.1, ""gamma"": ""scale""}",0.6572593103506937,0.82,0.8185300937594515,0.8307151715584953,0.8200000000000001,0.64
CP5,sub-043,"{""C"": 100.0, ""gamma"": ""auto""}",0.6479996479996479,0.685,0.6849291090495362,0.6851666499849864,0.685,0.37
CP6,sub-043,"{""C"": 11.288378916846883, ""gamma"": ""auto""}",0.6708258668835814,0.85,0.849624060150376,0.8535353535353536,0.8500000000000001,0.7
TP7,sub-043,"{""C"": 1.8329807108324356, ""gamma"": ""scale""}",0.6487977074795082,0.715,0.7144217039504998,0.7167557213428773,0.7150000000000001,0.43000000000000005
TP8,sub-043,"{""C"": 0.6158482110660264, ""gamma"": ""auto""}",0.6709355033586584,0.835,0.8337991992143234,0.8449696220780558,0.835,0.6699999999999999
Pz,sub-043,"{""C"": 48.32930238571752, ""gamma"": ""auto""}",0.6467704077895153,0.905,0.9049405878674172,0.9060150375939849,0.905,0.81
P3,sub-043,"{""C"": 16.23776739188721, ""gamma"": ""auto""}",0.6675691696438584,0.865,0.864726070292342,0.867980643210001,0.865,0.73
P4,sub-043,"{""C"": 1.8329807108324356, ""gamma"": ""auto""}",0.6878873273251643,0.945,0.9449986249656241,0.945044504450445,0.945,0.89
P5,sub-043,"{""C"": 100.0, ""gamma"": ""auto""}",0.6322792756352,0.78,0.7799119647859143,0.780448717948718,0.78,0.56
P6,sub-043,"{""C"": 23.357214690901213, ""gamma"": ""auto""}",0.692962848504669,0.885,0.8848589522164652,0.8868957893679027,0.885,0.77
P7,sub-043,"{""C"": 48.32930238571752, ""gamma"": ""auto""}",0.643998575994304,0.72,0.7186212440960708,0.7243982048143616,0.72,0.43999999999999995
P8,sub-043,"{""C"": 69.51927961775606, ""gamma"": ""auto""}",0.6689970209731888,0.9,0.8999099189270343,0.9014452027298274,0.9,0.8
POz,sub-043,"{""C"": 69.51927961775606, ""gamma"": ""auto""}",0.659427497623505,0.915,0.9149978749468737,0.9150415041504151,0.915,0.83
PO3,sub-043,"{""C"": 48.32930238571752, ""gamma"": ""auto""}",0.6538005891393442,0.925,0.9249831212022706,0.9253828445601041,0.925,0.85
PO4,sub-043,"{""C"": 16.23776739188721, ""gamma"": ""auto""}",0.6822234549616804,0.93,0.93,0.93,0.93,0.86
PO5,sub-043,"{""C"": 33.59818286283781, ""gamma"": ""auto""}",0.6528996880098348,0.885,0.8849971249281232,0.885038503850385,0.885,0.77
PO6,sub-043,"{""C"": 0.20691380811147897, ""gamma"": ""scale""}",0.6784413959444109,0.94,0.93999399939994,0.9401760704281713,0.94,0.88
PO7,sub-043,"{""C"": 23.357214690901213, ""gamma"": ""auto""}",0.6469911747793695,0.8,0.7999799979998,0.8001200480192077,0.8,0.6
PO8,sub-043,"{""C"": 0.6158482110660264, ""gamma"": ""scale""}",0.6673602081274657,0.945,0.9449325423643964,0.9471912370616018,0.9450000000000001,0.89
Oz,sub-043,"{""C"": 69.51927961775606, ""gamma"": ""auto""}",0.6041071753447358,0.835,0.8346651970239736,0.8377356588365763,0.835,0.6699999999999999
O1,sub-043,"{""C"": 0.8858667904100825, ""gamma"": ""scale""}",0.6153846153846154,0.81,0.8098288459613652,0.8111200321156162,0.81,0.62
O2,sub-043,"{""C"": 0.6158482110660264, ""gamma"": ""scale""}",0.6497054022432867,0.865,0.864726070292342,0.867980643210001,0.865,0.73
Fpz,sub-044,"{""C"": 0.6158482110660264, ""gamma"": ""auto""}",0.5869376950972818,0.49,0.48748869460355737,0.4898000815993472,0.49,-0.020000000000000018
Fp1,sub-044,"{""C"": 5.455594781168517, ""gamma"": ""auto""}",0.6492347337674116,0.565,0.563154327031709,0.5661173837859831,0.565,0.13
Fp2,sub-044,"{""C"": 7.847599703514611, ""gamma"": ""auto""}",0.6049901247531189,0.54,0.539585627064358,0.5401445202729827,0.54,0.07999999999999996
AF3,sub-044,"{""C"": 1.8329807108324356, ""gamma"": ""auto""}",0.6495458113715376,0.535,0.5349883747093678,0.5350035003500351,0.535,0.06999999999999995
AF4,sub-044,"{""C"": 16.23776739188721, ""gamma"": ""auto""}",0.6429710806575333,0.495,0.49498737468436715,0.49499949994999504,0.495,-0.010000000000000009
AF7,sub-044,"{""C"": 0.8858667904100825, ""gamma"": ""auto""}",0.6797117405665098,0.58,0.58,0.58,0.58,0.16000000000000003
AF8,sub-044,"{""C"": 0.42813323987193935, ""gamma"": ""scale""}",0.6975632813783104,0.485,0.4812520460325854,0.48455359901143036,0.485,-0.030000000000000027
Fz,sub-044,"{""C"": 0.8858667904100825, ""gamma"": ""scale""}",0.5973307782595636,0.445,0.4446529080675422,0.4448621553884712,0.44499999999999995,-0.1100000000000001
F1,sub-044,"{""C"": 3.79269019073225, ""gamma"": ""scale""}",0.6518464642907522,0.515,0.5146966854283928,0.5150375939849624,0.515,0.030000000000000027
F2,sub-044,"{""C"": 5.455594781168517, ""gamma"": ""auto""}",0.6629784306195596,0.495,0.4939752999824645,0.4949591692710959,0.495,-0.010000000000000009
F3,sub-044,"{""C"": 7.847599703514611, ""gamma"": ""auto""}",0.6784574760012012,0.55,0.55,0.55,0.55,0.09999999999999998
F4,sub-044,"{""C"": 3.79269019073225, ""gamma"": ""auto""}",0.6719970479734318,0.51,0.5092147435897436,0.5100644122383253,0.51,0.020000000000000018
F5,sub-044,"{""C"": 0.8858667904100825, ""gamma"": ""auto""}",0.7018923831503172,0.62,0.6196576919227305,0.6204335608189482,0.62,0.24
F6,sub-044,"{""C"": 1.8329807108324356, ""gamma"": ""auto""}",0.7089927248181205,0.515,0.5146966854283928,0.5150375939849624,0.515,0.030000000000000027
F7,sub-044,"{""C"": 2.636650898730358, ""gamma"": ""auto""}",0.7098839535814325,0.615,0.6145277965507747,0.6155662747462567,0.615,0.22999999999999998
F8,sub-044,"{""C"": 1.2742749857031335, ""gamma"": ""auto""}",0.7204965760830571,0.55,0.5483741469289443,0.5507305194805194,0.55,0.09999999999999998
FCz,sub-044,"{""C"": 0.6158482110660264, ""gamma"": ""scale""}",0.6354955348203015,0.495,0.4913248218377779,0.49485119967047675,0.495,-0.010000000000000009
FC1,sub-044,"{""C"": 0.8858667904100825, ""gamma"": ""auto""}",0.6681494828913039,0.57,0.5696126513862476,0.5702529104777199,0.5700000000000001,0.14
FC2,sub-044,"{""C"": 69.51927961775606, ""gamma"": ""auto""}",0.6669916747918698,0.515,0.511470373448163,0.5154464009885696,0.515,0.030000000000000027
FC3,sub-044,"{""C"": 16.23776739188721, ""gamma"": ""auto""}",0.7004939350021837,0.55,0.5492788461538461,0.5503220611916264,0.55,0.09999999999999998
FC4,sub-044,"{""C"": 11.288378916846883, ""gamma"": ""auto""}",0.679991999799995,0.495,0.49346773991323756,0.49493875898370276,0.495,-0.010000000000000009
FC5,sub-044,"{""C"": 11.288378916846883, ""gamma"": ""auto""}",0.7109973989765908,0.615,0.613831841319993,0.6164085433748355,0.615,0.22999999999999998
FC6,sub-044,"{""C"": 1.8329807108324356, ""gamma"": ""auto""}",0.7194797324106667,0.505,0.5034980816971338,0.5050612410162971,0.505,0.010000000000000009
FT7,sub-044,"{""C"": 0.14384498882876628, ""gamma"": ""scale""}",0.7294073896791178,0.615,0.614990374759369,0.6150115011501149,0.615,0.22999999999999998
FT8,sub-044,"{""C"": 1.2742749857031335, ""gamma"": ""auto""}",0.7219663579293094,0.585,0.5844910014768091,0.5854185508994071,0.585,0.17000000000000004
Cz,sub-044,"{""C"": 7.847599703514611, ""gamma"": ""auto""}",0.6574546983838613,0.495,0.4939752999824645,0.4949591692710959,0.495,-0.010000000000000009
C1,sub-044,"{""C"": 7.847599703514611, ""gamma"": ""auto""}",0.6509968589717308,0.585,0.5849896247406186,0.5850085008500849,0.585,0.17000000000000004
C2,sub-044,"{""C"": 100.0, ""gamma"": ""auto""}",0.652998611994448,0.525,0.5229846099771535,0.525429762994609,0.525,0.050000000000000044
C3,sub-044,"{""C"": 23.357214690901213, ""gamma"": ""auto""}",0.6518158105637882,0.595,0.5932816148226256,0.5966330993795138,0.595,0.18999999999999995
C4,sub-044,"{""C"": 2.636650898730358, ""gamma"": ""auto""}",0.671495975825704,0.58,0.5798319327731092,0.5801282051282051,0.5800000000000001,0.16000000000000003
C5,sub-044,"{""C"": 16.23776739188721, ""gamma"": ""auto""}",0.6699257332899902,0.61,0.60984393757503,0.610176282051282,0.61,0.21999999999999997
C6,sub-044,"{""C"": 0.8858667904100825, ""gamma"": ""auto""}",0.7014993283734888,0.56,0.56,0.56,0.56,0.12
T7,sub-044,"{""C"": 7.847599703514611, ""gamma"": ""auto""}",0.6809948959183347,0.6,0.5996396757081373,0.6003613006824569,0.6,0.19999999999999996
T8,sub-044,"{""C"": 0.6158482110660264, ""gamma"": ""auto""}",0.6979852012748624,0.595,0.5932816148226256,0.5966330993795138,0.595,0.18999999999999995
CP1,sub-044,"{""C"": 0.8858667904100825, ""gamma"": ""auto""}",0.579909247379127,0.54,0.539585627064358,0.5401445202729827,0.54,0.07999999999999996
CP2,sub-044,"{""C"": 33.59818286283781, ""gamma"": ""auto""}",0.6254587068224272,0.515,0.5149878746968675,0.515001500150015,0.515,0.030000000000000027
CP3,sub-044,"{""C"": 100.0, ""gamma"": ""auto""}",0.6354007378508799,0.585,0.5832391855589867,0.5864611941816702,0.585,0.17000000000000004
CP4,sub-044,"{""C"": 3.79269019073225, ""gamma"": ""auto""}",0.667283651194189,0.575,0.569304046008462,0.5791891035793475,0.575,0.15000000000000002
CP5,sub-044,"{""C"": 48.32930238571752, ""gamma"": ""auto""}",0.640999640999641,0.6,0.5989974937343359,0.601010101010101,0.6000000000000001,0.19999999999999996
CP6,sub-044,"{""C"": 1.8329807108324356, ""gamma"": ""auto""}",0.6864961595779548,0.6,0.5974235104669887,0.6026272577996716,0.6000000000000001,0.19999999999999996
TP7,sub-044,"{""C"": 16.23776739188721, ""gamma"": ""auto""}",0.6484992091232205,0.605,0.6041985019664822,0.6058574453069866,0.605,0.20999999999999996
TP8,sub-044,"{""C"": 2.636650898730358, ""gamma"": ""auto""}",0.6724815770887113,0.62,0.6193910256410255,0.6207729468599035,0.62,0.24
Pz,sub-044,"{""C"": 5.455594781168517, ""gamma"": ""auto""}",0.6646777553228653,0.505,0.5039955910719206,0.505040830728904,0.505,0.010000000000000009
P3,sub-044,"{""C"": 11.288378916846883, ""gamma"": ""auto""}",0.668973186828133,0.525,0.5229846099771535,0.525429762994609,0.525,0.050000000000000044
P4,sub-044,"{""C"": 0.6158482110660264, ""gamma"": ""scale""}",0.6940924546727378,0.525,0.5244174113288779,0.525123103205708,0.525,0.050000000000000044
P5,sub-044,"{""C"": 5.455594781168517, ""gamma"": ""auto""}",0.6419942719083505,0.555,0.5509472993768763,0.5570598609814296,0.555,0.10999999999999999
P6,sub-044,"{""C"": 2.636650898730358, ""gamma"": ""auto""}",0.6934778537749352,0.57,0.5696126513862476,0.5702529104777199,0.5700000000000001,0.14
P7,sub-044,"{""C"": 1.2742749857031335, ""gamma"": ""scale""}",0.636433740049124,0.525,0.5244174113288779,0.525123103205708,0.525,0.050000000000000044
P8,sub-044,"{""C"": 0.8858667904100825, ""gamma"": ""scale""}",0.6746873745669588,0.6,0.5996396757081373,0.6003613006824569,0.6,0.19999999999999996
POz,sub-044,"{""C"": 16.23776739188721, ""gamma"": ""auto""}",0.680182661245621,0.525,0.5247029393370857,0.525062656641604,0.525,0.050000000000000044
PO3,sub-044,"{""C"": 1.8329807108324356, ""gamma"": ""scale""}",0.6684634480951526,0.52,0.5192307692307692,0.5201288244766505,0.52,0.040000000000000036
PO4,sub-044,"{""C"": 33.59818286283781, ""gamma"": ""auto""}",0.6868985551318627,0.52,0.5195676108497648,0.5200722601364913,0.52,0.040000000000000036
PO5,sub-044,"{""C"": 0.8858667904100825, ""gamma"": ""auto""}",0.6614755416078812,0.505,0.49836588888044386,0.5052792735719565,0.505,0.010000000000000009
PO6,sub-044,"{""C"": 0.42813323987193935, ""gamma"": ""auto""}",0.6833669349544147,0.56,0.5596036432789511,0.5602167804094741,0.56,0.12
PO7,sub-044,"{""C"": 1.2742749857031335, ""gamma"": ""auto""}",0.645,0.53,0.5252525252525253,0.53125,0.53,0.06000000000000005
PO8,sub-044,"{""C"": 16.23776739188721, ""gamma"": ""auto""}",0.6724999181249796,0.585,0.5849896247406186,0.5850085008500849,0.585,0.17000000000000004
Oz,sub-044,"{""C"": 69.51927961775606, ""gamma"": ""auto""}",0.6356268819270934,0.485,0.48467792370231394,0.4849624060150376,0.485,-0.030000000000000027
O1,sub-044,"{""C"": 1.8329807108324356, ""gamma"": ""auto""}",0.6244999061249765,0.52,0.5160802500252042,0.5206696982224059,0.52,0.040000000000000036
O2,sub-044,"{""C"": 1.2742749857031335, ""gamma"": ""scale""}",0.6699947199155186,0.595,0.5945032665014642,0.5954677921816902,0.595,0.18999999999999995
Fpz,sub-045,"{""C"": 1.8329807108324356, ""gamma"": ""scale""}",0.5952163388319787,0.525,0.5229846099771535,0.525429762994609,0.525,0.050000000000000044
Fp1,sub-045,"{""C"": 1.8329807108324356, ""gamma"": ""scale""}",0.637628932026395,0.535,0.5276190476190477,0.5373333333333333,0.535,0.06999999999999995
Fp2,sub-045,"{""C"": 3.79269019073225, ""gamma"": ""scale""}",0.6258020492840712,0.6,0.5996396757081373,0.6003613006824569,0.6,0.19999999999999996
AF3,sub-045,"{""C"": 2.636650898730358, ""gamma"": ""auto""}",0.6341570979536852,0.58,0.5716034271725826,0.5868055555555556,0.58,0.16000000000000003
AF4,sub-045,"{""C"": 1.8329807108324356, ""gamma"": ""scale""}",0.6478859150364717,0.625,0.6249156060113525,0.625112601341207,0.625,0.25
AF7,sub-045,"{""C"": 0.6158482110660264, ""gamma"": ""auto""}",0.6610478835047648,0.625,0.6145048957878235,0.6402760632925597,0.625,0.25
AF8,sub-045,"{""C"": 1.2742749857031335, ""gamma"": ""scale""}",0.694975292998733,0.72,0.7198879551820728,0.7203525641025641,0.72,0.43999999999999995
Fz,sub-045,"{""C"": 7.847599703514611, ""gamma"": ""auto""}",0.6044509049125544,0.645,0.6429918290383407,0.6483375959079284,0.645,0.29000000000000004
F1,sub-045,"{""C"": 23.357214690901213, ""gamma"": ""auto""}",0.6430994683783877,0.585,0.5667945405673426,0.602175742276716,0.585,0.17000000000000004
F2,sub-045,"{""C"": 33.59818286283781, ""gamma"": ""auto""}",0.6567679751512022,0.615,0.613831841319993,0.6164085433748355,0.615,0.22999999999999998
F3,sub-045,"{""C"": 11.288378916846883, ""gamma"": ""auto""}",0.6659520778957685,0.59,0.5829518868884143,0.5965250965250966,0.59,0.18000000000000005
F4,sub-045,"{""C"": 0.8858667904100825, ""gamma"": ""scale""}",0.674400285087308,0.655,0.6545768566493955,0.6557632398753894,0.655,0.31000000000000005
F5,sub-045,"{""C"": 5.455594781168517, ""gamma"": ""auto""}",0.6881069367670607,0.625,0.6199741582427605,0.6319818392989125,0.625,0.25
F6,sub-045,"{""C"": 1.2742749857031335, ""gamma"": ""auto""}",0.7004873455903512,0.74,0.7395833333333333,0.7415458937198067,0.74,0.48
F7,sub-045,"{""C"": 0.6158482110660264, ""gamma"": ""scale""}",0.6969224121375072,0.71,0.7089522280208751,0.7130681818181819,0.71,0.42000000000000004
F8,sub-045,"{""C"": 0.8858667904100825, ""gamma"": ""auto""}",0.7174795879002258,0.745,0.7444825772188681,0.7470007057163021,0.745,0.49
FCz,sub-045,"{""C"": 0.29763514416313175, ""gamma"": ""scale""}",0.628372810594426,0.68,0.68,0.68,0.68,0.36
FC1,sub-045,"{""C"": 0.8858667904100825, ""gamma"": ""scale""}",0.6528746877622822,0.645,0.6393650793650794,0.6546666666666667,0.645,0.29000000000000004
FC2,sub-045,"{""C"": 2.636650898730358, ""gamma"": ""auto""}",0.656999656999657,0.68,0.6784242789669379,0.6835985312117503,0.6799999999999999,0.36
FC3,sub-045,"{""C"": 33.59818286283781, ""gamma"": ""auto""}",0.6797306534795764,0.65,0.6395839769333744,0.669606512890095,0.6499999999999999,0.30000000000000004
FC4,sub-045,"{""C"": 2.636650898730358, ""gamma"": ""auto""}",0.6784992766233724,0.695,0.6909123153707786,0.7058916693063035,0.6950000000000001,0.39
FC5,sub-045,"{""C"": 0.6158482110660264, ""gamma"": ""scale""}",0.702957225840521,0.64,0.6394230769230769,0.6409017713365539,0.64,0.28
FC6,sub-045,"{""C"": 69.51927961775606, ""gamma"": ""auto""}",0.7064200728648375,0.69,0.689875950380152,0.6903044871794872,0.69,0.38
FT7,sub-045,"{""C"": 0.6158482110660264, ""gamma"": ""scale""}",0.7101231224453973,0.725,0.7238331952499311,0.72886786695148,0.7250000000000001,0.44999999999999996
FT8,sub-045,"{""C"": 3.79269019073225, ""gamma"": ""auto""}",0.7139516578301732,0.735,0.7349403615813558,0.7352116905214694,0.735,0.47
Cz,sub-045,"{""C"": 0.8858667904100825, ""gamma"": ""auto""}",0.6275694703076757,0.645,0.6442796663243067,0.6461840911382195,0.645,0.29000000000000004
C1,sub-045,"{""C"": 0.29763514416313175, ""gamma"": ""scale""}",0.6449911247781195,0.615,0.6107080563209384,0.6203054712836071,0.615,0.22999999999999998
C2,sub-045,"{""C"": 69.51927961775606, ""gamma"": ""auto""}",0.6394999098749775,0.655,0.6524892347208582,0.6596128102152199,0.655,0.31000000000000005
C3,sub-045,"{""C"": 5.455594781168517, ""gamma"": ""auto""}",0.6494045503888434,0.695,0.6927803379416282,0.7008032128514057,0.6950000000000001,0.39
C4,sub-045,"{""C"": 1.8329807108324356, ""gamma"": ""auto""}",0.6624627865222141,0.695,0.6948092557848655,0.6954887218045113,0.6950000000000001,0.39
C5,sub-045,"{""C"": 0.6158482110660264, ""gamma"": ""scale""}",0.679561319446322,0.665,0.6639835502394744,0.6670209535378075,0.665,0.32999999999999996
C6,sub-045,"{""C"": 33.59818286283781, ""gamma"": ""auto""}",0.6809843682340435,0.735,0.7349403615813558,0.7352116905214694,0.735,0.47
T7,sub-045,"{""C"": 0.29763514416313175, ""gamma"": ""scale""}",0.6978401574432875,0.725,0.7246627118219819,0.7261079288513717,0.725,0.44999999999999996
T8,sub-045,"{""C"": 0.14384498882876628, ""gamma"": ""auto""}",0.6822934112906918,0.675,0.67499187479687,0.675017501750175,0.675,0.35
CP1,sub-045,"{""C"": 0.8858667904100825, ""gamma"": ""scale""}",0.5959741423451101,0.62,0.6175523349436394,0.6231527093596059,0.62,0.24
CP2,sub-045,"{""C"": 1.2742749857031335, ""gamma"": ""auto""}",0.6013635666806965,0.58,0.5772946859903382,0.5821018062397373,0.5800000000000001,0.16000000000000003
CP3,sub-045,"{""C"": 0.29763514416313175, ""gamma"": ""scale""}",0.6504978156113477,0.615,0.614990374759369,0.6150115011501149,0.615,0.22999999999999998
CP4,sub-045,"{""C"": 2.636650898730358, ""gamma"": ""scale""}",0.633998535994144,0.64,0.6382273138378052,0.6427988576091391,0.6399999999999999,0.28
CP5,sub-045,"{""C"": 0.42813323987193935, ""gamma"": ""scale""}",0.6522912878455293,0.63,0.62996299629963,0.6300520208083233,0.63,0.26
CP6,sub-045,"{""C"": 1.2742749857031335, ""gamma"": ""scale""}",0.635963596359636,0.665,0.6645891216740507,0.6658124811576726,0.665,0.32999999999999996
TP7,sub-045,"{""C"": 0.29763514416313175, ""gamma"": ""scale""}",0.6558422533402366,0.66,0.6596937243519168,0.660578081091931,0.6599999999999999,0.31999999999999995
TP8,sub-045,"{""C"": 0.20691380811147897, ""gamma"": ""auto""}",0.6424677327128774,0.69,0.689875950380152,0.6903044871794872,0.69,0.38
Pz,sub-045,"{""C"": 69.51927961775606, ""gamma"": ""auto""}",0.6461504071275131,0.72,0.7199719971997199,0.7200880352140857,0.72,0.43999999999999995
P3,sub-045,"{""C"": 0.8858667904100825, ""gamma"": ""auto""}",0.6594896995634119,0.725,0.7249931248281207,0.725022502250225,0.725,0.44999999999999996
P4,sub-045,"{""C"": 11.288378916846883, ""gamma"": ""auto""}",0.6774992743733674,0.74,0.7383252818035426,0.7463054187192117,0.74,0.48
P5,sub-045,"{""C"": 0.14384498882876628, ""gamma"": ""scale""}",0.644342389077404,0.725,0.7219343259435274,0.7353802699027094,0.725,0.44999999999999996
P6,sub-045,"{""C"": 5.455594781168517, ""gamma"": ""auto""}",0.6804999201249801,0.725,0.7244419950399559,0.7268373828006855,0.7250000000000001,0.44999999999999996
P7,sub-045,"{""C"": 2.636650898730358, ""gamma"": ""scale""}",0.6369967329705968,0.705,0.7048155096935584,0.7055137844611529,0.7050000000000001,0.41000000000000003
P8,sub-045,"{""C"": 2.636650898730358, ""gamma"": ""scale""}",0.6489873635450876,0.655,0.6549913747843696,0.6550155015501551,0.655,0.31000000000000005
POz,sub-045,"{""C"": 69.51927961775606, ""gamma"": ""auto""}",0.6566910219197277,0.715,0.7144217039504998,0.7167557213428773,0.7150000000000001,0.43000000000000005
PO3,sub-045,"{""C"": 1.8329807108324356, ""gamma"": ""scale""}",0.6589126816465015,0.675,0.6740138920233707,0.6771434355704019,0.675,0.35
PO4,sub-045,"{""C"": 100.0, ""gamma"": ""auto""}",0.6624627865222141,0.735,0.7349933748343709,0.735023502350235,0.735,0.47
PO5,sub-045,"{""C"": 0.42813323987193935, ""gamma"": ""scale""}",0.6589781746031746,0.645,0.6449911247781195,0.645014501450145,0.645,0.29000000000000004
PO6,sub-045,"{""C"": 23.357214690901213, ""gamma"": ""auto""}",0.6637363693135419,0.7,0.7,0.7,0.7,0.4
PO7,sub-045,"{""C"": 3.79269019073225, ""gamma"": ""scale""}",0.6434977718610742,0.635,0.6334513318771811,0.6373207201708879,0.635,0.27
PO8,sub-045,"{""C"": 1.2742749857031335, ""gamma"": ""scale""}",0.6529875075502718,0.66,0.6596937243519168,0.660578081091931,0.6599999999999999,0.31999999999999995
Oz,sub-045,"{""C"": 1.8329807108324356, ""gamma"": ""scale""}",0.6179021829588375,0.55,0.54226426609704,0.5536250536250535,0.55,0.09999999999999998
O1,sub-045,"{""C"": 3.79269019073225, ""gamma"": ""scale""}",0.6249984999939999,0.58,0.5793269230769231,0.5805152979066023,0.5800000000000001,0.16000000000000003
O2,sub-045,"{""C"": 2.636650898730358, ""gamma"": ""scale""}",0.6289966609699487,0.64,0.63996399639964,0.6400560224089635,0.64,0.28
Fpz,sub-046,"{""C"": 0.8858667904100825, ""gamma"": ""scale""}",0.58518629713721,0.745,0.742677665935064,0.7541757443718229,0.745,0.49
Fp1,sub-046,"{""C"": 2.636650898730358, ""gamma"": ""scale""}",0.6409709186444101,0.74,0.7399739973997399,0.7400960384153662,0.74,0.48
Fp2,sub-046,"{""C"": 0.42813323987193935, ""gamma"": ""auto""}",0.616354118653618,0.715,0.7079843233689388,0.7378581701515654,0.7150000000000001,0.43000000000000005
AF3,sub-046,"{""C"": 0.8858667904100825, ""gamma"": ""scale""}",0.6499576448750299,0.755,0.7545028683083244,0.7570823671741103,0.755,0.51
AF4,sub-046,"{""C"": 1.8329807108324356, ""gamma"": ""auto""}",0.63,0.75,0.7474747474747474,0.7604166666666667,0.75,0.5
AF7,sub-046,"{""C"": 1.2742749857031335, ""gamma"": ""scale""}",0.6677923702313946,0.82,0.8193496587715776,0.8246753246753247,0.8200000000000001,0.64
AF8,sub-046,"{""C"": 0.6158482110660264, ""gamma"": ""scale""}",0.6859547774879583,0.81,0.8080808080808081,0.8229166666666666,0.81,0.62
Fz,sub-046,"{""C"": 0.42813323987193935, ""gamma"": ""auto""}",0.5984060737065413,0.805,0.8046043237556051,0.8074906744631516,0.8049999999999999,0.61
F1,sub-046,"{""C"": 0.6158482110660264, ""gamma"": ""scale""}",0.6629946079137266,0.76,0.7591328783621036,0.7637987012987013,0.76,0.52
F2,sub-046,"{""C"": 0.8858667904100825, ""gamma"": ""auto""}",0.645998583994336,0.78,0.7767857142857143,0.7971137521222411,0.78,0.56
F3,sub-046,"{""C"": 0.6158482110660264, ""gamma"": ""auto""}",0.6777650907511577,0.805,0.8032240974797548,0.8164228654424732,0.8049999999999999,0.61
F4,sub-046,"{""C"": 0.6158482110660264, ""gamma"": ""scale""}",0.6600954285838719,0.795,0.7922525398393758,0.8114771407454334,0.795,0.5900000000000001
F5,sub-046,"{""C"": 2.636650898730358, ""gamma"": ""auto""}",0.6856576812148429,0.825,0.8230491165095175,0.8399937231928025,0.825,0.65
F6,sub-046,"{""C"": 1.2742749857031335, ""gamma"": ""auto""}",0.7054963923308061,0.805,0.804172629359042,0.8102431085342284,0.8049999999999999,0.61
F7,sub-046,"{""C"": 1.2742749857031335, ""gamma"": ""scale""}",0.698407637338935,0.85,0.8497596153846154,0.8522544283413849,0.8500000000000001,0.7
F8,sub-046,"{""C"": 0.8858667904100825, ""gamma"": ""auto""}",0.7224982656141601,0.87,0.8697916666666667,0.8723832528180354,0.87,0.74
FCz,sub-046,"{""C"": 1.8329807108324356, ""gamma"": ""auto""}",0.6328057542439951,0.885,0.8849280800500312,0.8859649122807018,0.885,0.77
FC1,sub-046,"{""C"": 16.23776739188721, ""gamma"": ""auto""}",0.660916012602705,0.79,0.7892412685668406,0.794237012987013,0.79,0.5800000000000001
FC2,sub-046,"{""C"": 48.32930238571752, ""gamma"": ""auto""}",0.6484893668033458,0.785,0.7840877708317642,0.7898992981385413,0.7849999999999999,0.5700000000000001
FC3,sub-046,"{""C"": 1.8329807108324356, ""gamma"": ""auto""}",0.6833251162954742,0.75,0.7457023700539112,0.7681252681252682,0.75,0.5
FC4,sub-046,"{""C"": 1.8329807108324356, ""gamma"": ""scale""}",0.6609986439945761,0.765,0.7632897685779759,0.7728864174647307,0.765,0.53
FC5,sub-046,"{""C"": 1.2742749857031335, ""gamma"": ""scale""}",0.7014873878421364,0.785,0.7815873015873016,0.804,0.785,0.5700000000000001
FC6,sub-046,"{""C"": 0.8858667904100825, ""gamma"": ""auto""}",0.6999231803341655,0.855,0.8549963749093727,0.855035503550355,0.855,0.71
FT7,sub-046,"{""C"": 0.29763514416313175, ""gamma"": ""scale""}",0.7175985038238317,0.84,0.8389694041867954,0.8489326765188834,0.8400000000000001,0.6799999999999999
FT8,sub-046,"{""C"": 0.8858667904100825, ""gamma"": ""auto""}",0.7269866223444948,0.83,0.83,0.83,0.83,0.6599999999999999
Cz,sub-046,"{""C"": 100.0, ""gamma"": ""auto""}",0.6385051135003821,0.84,0.83998399839984,0.8401360544217688,0.84,0.6799999999999999
C1,sub-046,"{""C"": 5.455594781168517, ""gamma"": ""auto""}",0.654475035821338,0.7,0.6985227615315044,0.7039983680130559,0.7,0.4
C2,sub-046,"{""C"": 33.59818286283781, ""gamma"": ""auto""}",0.6454531111739528,0.765,0.7645231593977806,0.7671640286319186,0.765,0.53
C3,sub-046,"{""C"": 69.51927961775606, ""gamma"": ""auto""}",0.6494391025641025,0.605,0.6033240440862644,0.6068050045773574,0.605,0.20999999999999996
C4,sub-046,"{""C"": 5.455594781168517, ""gamma"": ""auto""}",0.6584753248422198,0.71,0.7098839535814325,0.7103365384615384,0.71,0.42000000000000004
C5,sub-046,"{""C"": 0.14384498882876628, ""gamma"": ""scale""}",0.6719261833912631,0.72,0.7126436781609196,0.7450980392156863,0.72,0.43999999999999995
C6,sub-046,"{""C"": 2.636650898730358, ""gamma"": ""auto""}",0.6784960615767544,0.75,0.7498999599839936,0.750400641025641,0.75,0.5
T7,sub-046,"{""C"": 0.42813323987193935, ""gamma"": ""scale""}",0.6884045739007572,0.745,0.7415824276050771,0.7586844050258685,0.745,0.49
T8,sub-046,"{""C"": 0.8858667904100825, ""gamma"": ""auto""}",0.6919849072604558,0.845,0.8449961249031226,0.845034503450345,0.845,0.69
CP1,sub-046,"{""C"": 23.357214690901213, ""gamma"": ""auto""}",0.5899963099667898,0.715,0.7149928748218706,0.715021502150215,0.715,0.43000000000000005
CP2,sub-046,"{""C"": 0.14384498882876628, ""gamma"": ""scale""}",0.6094389748398188,0.705,0.7049336100622641,0.7051846661995796,0.705,0.41000000000000003
CP3,sub-046,"{""C"": 5.455594781168517, ""gamma"": ""scale""}",0.6479943679098865,0.755,0.7548467792370231,0.7556390977443609,0.755,0.51
CP4,sub-046,"{""C"": 5.455594781168517, ""gamma"": ""auto""}",0.6619590970507432,0.78,0.78,0.78,0.78,0.56
CP5,sub-046,"{""C"": 2.636650898730358, ""gamma"": ""scale""}",0.6494978093613085,0.715,0.7137907659862921,0.7186959617536364,0.7150000000000001,0.43000000000000005
CP6,sub-046,"{""C"": 1.8329807108324356, ""gamma"": ""auto""}",0.6674979218620116,0.77,0.7681217864704104,0.7790409260024803,0.77,0.54
TP7,sub-046,"{""C"": 0.6158482110660264, ""gamma"": ""scale""}",0.6414346514652296,0.655,0.6511539725473343,0.6621508525996443,0.655,0.31000000000000005
TP8,sub-046,"{""C"": 2.636650898730358, ""gamma"": ""auto""}",0.666959702123957,0.8,0.7996794871794872,0.8019323671497585,0.8,0.6
Pz,sub-046,"{""C"": 69.51927961775606, ""gamma"": ""auto""}",0.654316986306387,0.88,0.8795664391810518,0.885551948051948,0.8799999999999999,0.76
P3,sub-046,"{""C"": 69.51927961775606, ""gamma"": ""auto""}",0.6584281845257965,0.92,0.9197994987468672,0.9242424242424243,0.9199999999999999,0.84
P4,sub-046,"{""C"": 1.2742749857031335, ""gamma"": ""auto""}",0.6869887315943374,0.92,0.9197994987468672,0.9242424242424243,0.9199999999999999,0.84
P5,sub-046,"{""C"": 100.0, ""gamma"": ""auto""}",0.6282947257623022,0.905,0.9048834822657756,0.9069942719324691,0.905,0.81
P6,sub-046,"{""C"": 0.6158482110660264, ""gamma"": ""auto""}",0.6814960983272045,0.87,0.8695303091128062,0.8754058441558441,0.8700000000000001,0.74
P7,sub-046,"{""C"": 48.32930238571752, ""gamma"": ""auto""}",0.6324977031106445,0.755,0.7542566262945409,0.758123291831157,0.755,0.51
P8,sub-046,"{""C"": 0.42813323987193935, ""gamma"": ""auto""}",0.654394158210952,0.82,0.8199279711884754,0.8205128205128205,0.8200000000000001,0.64
POz,sub-046,"{""C"": 1.2742749857031335, ""gamma"": ""scale""}",0.6599588550214576,0.87,0.8698828946051447,0.8713368125250903,0.87,0.74
PO3,sub-046,"{""C"": 2.636650898730358, ""gamma"": ""scale""}",0.6474533757089375,0.89,0.8894583458948849,0.8977968176254589,0.8899999999999999,0.78
PO4,sub-046,"{""C"": 0.6158482110660264, ""gamma"": ""auto""}",0.6749882995787848,0.85,0.8487750781328763,0.8617197188921042,0.85,0.7
PO5,sub-046,"{""C"": 100.0, ""gamma"": ""auto""}",0.6534992203732458,0.88,0.8794091046126018,0.8875968992248062,0.88,0.76
PO6,sub-046,"{""C"": 1.2742749857031335, ""gamma"": ""scale""}",0.6747801513823344,0.805,0.8035808717987459,0.8140768201009165,0.8049999999999999,0.61
PO7,sub-046,"{""C"": 48.32930238571752, ""gamma"": ""auto""}",0.6369869315295351,0.84,0.8392121394834691,0.8467972256221951,0.8400000000000001,0.6799999999999999
PO8,sub-046,"{""C"": 1.2742749857031335, ""gamma"": ""scale""}",0.6670804381221435,0.815,0.8133151694038698,0.826797385620915,0.815,0.63
Oz,sub-046,"{""C"": 0.1, ""gamma"": ""auto""}",0.6070947462954648,0.64,0.6363636363636364,0.6458333333333334,0.64,0.28
O1,sub-046,"{""C"": 0.29763514416313175, ""gamma"": ""auto""}",0.6064385060165651,0.72,0.7159090909090908,0.733446519524618,0.72,0.43999999999999995
O2,sub-046,"{""C"": 33.59818286283781, ""gamma"": ""auto""}",0.6424348337484507,0.655,0.6485956558274554,0.6671880056088879,0.655,0.31000000000000005
Fpz,sub-047,"{""C"": 11.288378916846883, ""gamma"": ""auto""}",0.6075981805368698,0.605,0.6047529706066291,0.6052631578947368,0.605,0.20999999999999996
Fp1,sub-047,"{""C"": 3.79269019073225, ""gamma"": ""auto""}",0.648404278064703,0.67,0.6666666666666666,0.6770833333333334,0.6699999999999999,0.33999999999999997
Fp2,sub-047,"{""C"": 0.8858667904100825, ""gamma"": ""auto""}",0.6234660178081072,0.595,0.5895720909021813,0.6003061978671735,0.595,0.18999999999999995
AF3,sub-047,"{""C"": 5.455594781168517, ""gamma"": ""auto""}",0.652846905485319,0.68,0.6760805749569794,0.6891551071878941,0.6799999999999999,0.36
AF4,sub-047,"{""C"": 7.847599703514611, ""gamma"": ""auto""}",0.6299940799052786,0.66,0.6587715776796468,0.6623376623376623,0.6599999999999999,0.31999999999999995
AF7,sub-047,"{""C"": 0.8858667904100825, ""gamma"": ""auto""}",0.6770697762093549,0.69,0.6880032206119162,0.694991789819376,0.69,0.38
AF8,sub-047,"{""C"": 2.636650898730358, ""gamma"": ""scale""}",0.677999677999678,0.705,0.7049336100622641,0.7051846661995796,0.705,0.41000000000000003
Fz,sub-047,"{""C"": 48.32930238571752, ""gamma"": ""auto""}",0.6212667724715049,0.71,0.7070707070707071,0.71875,0.71,0.42000000000000004
F1,sub-047,"{""C"": 69.51927961775606, ""gamma"": ""auto""}",0.6448121056038645,0.715,0.7129258895520133,0.7213984141694985,0.7150000000000001,0.43000000000000005
F2,sub-047,"{""C"": 23.357214690901213, ""gamma"": ""auto""}",0.6444444444444444,0.695,0.6949923748093703,0.695019501950195,0.695,0.39
F3,sub-047,"{""C"": 3.79269019073225, ""gamma"": ""auto""}",0.6697767690959089,0.725,0.7238331952499311,0.72886786695148,0.7250000000000001,0.44999999999999996
F4,sub-047,"{""C"": 2.636650898730358, ""gamma"": ""scale""}",0.6644932059874212,0.735,0.7349933748343709,0.735023502350235,0.735,0.47
F5,sub-047,"{""C"": 3.79269019073225, ""gamma"": ""auto""}",0.6907399122662159,0.765,0.7632897685779759,0.7728864174647307,0.765,0.53
F6,sub-047,"{""C"": 2.636650898730358, ""gamma"": ""scale""}",0.69049806561291,0.695,0.6949923748093703,0.695019501950195,0.695,0.39
F7,sub-047,"{""C"": 0.6158482110660264, ""gamma"": ""scale""}",0.7019701970197019,0.685,0.6843608306821314,0.6865107369694525,0.685,0.37
F8,sub-047,"{""C"": 0.6158482110660264, ""gamma"": ""auto""}",0.7019138531035469,0.735,0.7338756245135698,0.7390397721493236,0.7350000000000001,0.47
FCz,sub-047,"{""C"": 16.23776739188721, ""gamma"": ""auto""}",0.6381851306099133,0.765,0.7645231593977806,0.7671640286319186,0.765,0.53
FC1,sub-047,"{""C"": 33.59818286283781, ""gamma"": ""auto""}",0.6722521406813903,0.765,0.7640029123044865,0.7695554877428543,0.7649999999999999,0.53
FC2,sub-047,"{""C"": 3.79269019073225, ""gamma"": ""auto""}",0.6529944479111666,0.715,0.7137907659862921,0.7186959617536364,0.7150000000000001,0.43000000000000005
FC3,sub-047,"{""C"": 0.6158482110660264, ""gamma"": ""scale""}",0.68499873999496,0.725,0.7224955220868337,0.7334267040149394,0.725,0.44999999999999996
FC4,sub-047,"{""C"": 1.2742749857031335, ""gamma"": ""scale""}",0.6624553597213232,0.68,0.6798719487795117,0.6802884615384616,0.6799999999999999,0.36
FC5,sub-047,"{""C"": 2.636650898730358, ""gamma"": ""auto""}",0.6983334046227029,0.795,0.7927146793397204,0.8086096872057746,0.7949999999999999,0.5900000000000001
FC6,sub-047,"{""C"": 0.6158482110660264, ""gamma"": ""scale""}",0.6936458546079267,0.73,0.7297567811029927,0.7308309915696507,0.73,0.45999999999999996
FT7,sub-047,"{""C"": 1.8329807108324356, ""gamma"": ""auto""}",0.7082951502692766,0.665,0.6619490905421428,0.6711795829442888,0.665,0.32999999999999996
FT8,sub-047,"{""C"": 23.357214690901213, ""gamma"": ""auto""}",0.7089429528187525,0.735,0.7348342714196372,0.7355889724310777,0.735,0.47
Cz,sub-047,"{""C"": 2.636650898730358, ""gamma"": ""scale""}",0.6482229244400881,0.685,0.6849291090495362,0.6851666499849864,0.685,0.37
C1,sub-047,"{""C"": 7.847599703514611, ""gamma"": ""auto""}",0.6509214573278987,0.705,0.7044014128610436,0.706674059885069,0.7050000000000001,0.41000000000000003
C2,sub-047,"{""C"": 5.455594781168517, ""gamma"": ""auto""}",0.6356268819270934,0.64,0.6390977443609023,0.6414141414141414,0.6399999999999999,0.28
C3,sub-047,"{""C"": 16.23776739188721, ""gamma"": ""auto""}",0.6684302874679402,0.745,0.7442262845106447,0.7480008097985626,0.745,0.49
C4,sub-047,"{""C"": 1.2742749857031335, ""gamma"": ""scale""}",0.6449911247781195,0.67,0.6673051718923279,0.6756924348904505,0.6699999999999999,0.33999999999999997
C5,sub-047,"{""C"": 2.636650898730358, ""gamma"": ""auto""}",0.6817680088784723,0.765,0.7640029123044865,0.7695554877428543,0.7649999999999999,0.53
C6,sub-047,"{""C"": 16.23776739188721, ""gamma"": ""auto""}",0.6644979031118945,0.665,0.6639835502394744,0.6670209535378075,0.665,0.32999999999999996
T7,sub-047,"{""C"": 16.23776739188721, ""gamma"": ""auto""}",0.6907399122662159,0.64,0.6398559423769508,0.640224358974359,0.64,0.28
T8,sub-047,"{""C"": 0.42813323987193935, ""gamma"": ""auto""}",0.6684979281120507,0.775,0.7737272155876807,0.7813299232736572,0.7749999999999999,0.55
CP1,sub-047,"{""C"": 0.1, ""gamma"": ""scale""}",0.5938375350140056,0.59,0.5858585858585859,0.59375,0.59,0.18000000000000005
CP2,sub-047,"{""C"": 2.636650898730358, ""gamma"": ""auto""}",0.6034951428154995,0.745,0.7442262845106447,0.7480008097985626,0.745,0.49
CP3,sub-047,"{""C"": 69.51927961775606, ""gamma"": ""auto""}",0.6489311905133406,0.65,0.64996499649965,0.6500600240096038,0.65,0.30000000000000004
CP4,sub-047,"{""C"": 1.8329807108324356, ""gamma"": ""scale""}",0.6389292301291053,0.735,0.7349933748343709,0.735023502350235,0.735,0.47
CP5,sub-047,"{""C"": 100.0, ""gamma"": ""auto""}",0.6673735187805163,0.675,0.6749268585431722,0.6751576418776899,0.675,0.35
CP6,sub-047,"{""C"": 48.32930238571752, ""gamma"": ""auto""}",0.6649031570123766,0.78,0.7799119647859143,0.780448717948718,0.78,0.56
TP7,sub-047,"{""C"": 5.455594781168517, ""gamma"": ""auto""}",0.6574622352114321,0.61,0.6090225563909775,0.6111111111111112,0.6100000000000001,0.21999999999999997
TP8,sub-047,"{""C"": 1.8329807108324356, ""gamma"": ""scale""}",0.6514852752528795,0.665,0.664320248503219,0.6663474140538361,0.665,0.32999999999999996
Pz,sub-047,"{""C"": 33.59818286283781, ""gamma"": ""auto""}",0.6507843804282708,0.635,0.6349908747718693,0.635013501350135,0.635,0.27
P3,sub-047,"{""C"": 69.51927961775606, ""gamma"": ""auto""}",0.6569228076317171,0.66,0.6598639455782312,0.6602564102564102,0.66,0.31999999999999995
P4,sub-047,"{""C"": 5.455594781168517, ""gamma"": ""auto""}",0.6767979987492183,0.715,0.7149928748218706,0.715021502150215,0.715,0.43000000000000005
P5,sub-047,"{""C"": 2.636650898730358, ""gamma"": ""auto""}",0.6339820651211909,0.66,0.6598639455782312,0.6602564102564102,0.66,0.31999999999999995
P6,sub-047,"{""C"": 23.357214690901213, ""gamma"": ""auto""}",0.6758431080643031,0.715,0.714935860568628,0.7151936743068762,0.715,0.43000000000000005
P7,sub-047,"{""C"": 1.2742749857031335, ""gamma"": ""scale""}",0.644999644999645,0.67,0.66996699669967,0.6700680272108843,0.67,0.33999999999999997
P8,sub-047,"{""C"": 3.79269019073225, ""gamma"": ""auto""}",0.6553820545081555,0.635,0.6342593752348505,0.6361024296804114,0.635,0.27
POz,sub-047,"{""C"": 100.0, ""gamma"": ""auto""}",0.6494668390622136,0.54,0.5388471177944862,0.5404040404040404,0.54,0.07999999999999996
PO3,sub-047,"{""C"": 48.32930238571752, ""gamma"": ""auto""}",0.6582600130941954,0.615,0.6149133555049886,0.6151035932339105,0.615,0.22999999999999998
PO4,sub-047,"{""C"": 5.455594781168517, ""gamma"": ""auto""}",0.6708548469875215,0.555,0.5540970465192014,0.5554491380179454,0.5549999999999999,0.10999999999999999
PO5,sub-047,"{""C"": 33.59818286283781, ""gamma"": ""auto""}",0.6514364742974408,0.64,0.63996399639964,0.6400560224089635,0.64,0.28
PO6,sub-047,"{""C"": 48.32930238571752, ""gamma"": ""auto""}",0.6639879035645283,0.585,0.5849896247406186,0.5850085008500849,0.585,0.17000000000000004
PO7,sub-047,"{""C"": 23.357214690901213, ""gamma"": ""auto""}",0.6374339223323451,0.59,0.5898359343737495,0.5901442307692308,0.59,0.18000000000000005
PO8,sub-047,"{""C"": 69.51927961775606, ""gamma"": ""auto""}",0.6619726197822023,0.54,0.5383380168606985,0.5405844155844155,0.54,0.07999999999999996
Oz,sub-047,"{""C"": 0.42813323987193935, ""gamma"": ""auto""}",0.6074419370481441,0.49,0.48748869460355737,0.4898000815993472,0.49,-0.020000000000000018
O1,sub-047,"{""C"": 0.42813323987193935, ""gamma"": ""scale""}",0.6184838809439699,0.535,0.5348953514540772,0.535031528375538,0.535,0.06999999999999995
O2,sub-047,"{""C"": 69.51927961775606, ""gamma"": ""auto""}",0.6356268819270934,0.495,0.4928573221862369,0.49491404740107825,0.495,-0.010000000000000009
Fpz,sub-048,"{""C"": 33.59818286283781, ""gamma"": ""scale""}",0.6004471591367958,0.555,0.551761476668933,0.5566368036247555,0.5549999999999999,0.10999999999999999
Fp1,sub-048,"{""C"": 0.8858667904100825, ""gamma"": ""scale""}",0.6461708504336159,0.505,0.4645030425963489,0.507168458781362,0.505,0.010000000000000009
Fp2,sub-048,"{""C"": 1.2742749857031335, ""gamma"": ""scale""}",0.6194580452494888,0.565,0.5647279549718573,0.5651629072681704,0.565,0.13
AF3,sub-048,"{""C"": 16.23776739188721, ""gamma"": ""auto""}",0.6467028771196577,0.53,0.5219204557013528,0.5321750321750323,0.53,0.06000000000000005
AF4,sub-048,"{""C"": 11.288378916846883, ""gamma"": ""auto""}",0.6369070482043403,0.575,0.5725958516656191,0.5767263427109974,0.575,0.15000000000000002
AF7,sub-048,"{""C"": 1.2742749857031335, ""gamma"": ""scale""}",0.6740657741275815,0.585,0.5685958574807037,0.6002476707158864,0.585,0.17000000000000004
AF8,sub-048,"{""C"": 3.79269019073225, ""gamma"": ""auto""}",0.6974599890835563,0.595,0.5863019995403356,0.6037231138770609,0.595,0.18999999999999995
Fz,sub-048,"{""C"": 5.455594781168517, ""gamma"": ""scale""}",0.6209541354503895,0.505,0.5039955910719206,0.505040830728904,0.505,0.010000000000000009
F1,sub-048,"{""C"": 1.8329807108324356, ""gamma"": ""scale""}",0.6442309496556771,0.575,0.5645380260764876,0.5829737802854298,0.575,0.15000000000000002
F2,sub-048,"{""C"": 100.0, ""gamma"": ""auto""}",0.6574896390615816,0.57,0.5696126513862476,0.5702529104777199,0.5700000000000001,0.14
F3,sub-048,"{""C"": 0.8858667904100825, ""gamma"": ""auto""}",0.6701931972217154,0.605,0.5839368005266623,0.6316614420062696,0.605,0.20999999999999996
F4,sub-048,"{""C"": 5.455594781168517, ""gamma"": ""auto""}",0.6754765531809673,0.6,0.5967335416876701,0.6033484911120297,0.6,0.19999999999999996
F5,sub-048,"{""C"": 1.2742749857031335, ""gamma"": ""scale""}",0.693383409041288,0.6,0.586606035551881,0.6148897058823529,0.6,0.19999999999999996
F6,sub-048,"{""C"": 5.455594781168517, ""gamma"": ""auto""}",0.7103782864748911,0.67,0.6666666666666666,0.6770833333333334,0.6699999999999999,0.33999999999999997
F7,sub-048,"{""C"": 1.2742749857031335, ""gamma"": ""scale""}",0.7077191180724677,0.695,0.6864639819074299,0.7188306587363932,0.6950000000000001,0.39
F8,sub-048,"{""C"": 1.8329807108324356, ""gamma"": ""scale""}",0.7209930248256207,0.68,0.6798719487795117,0.6802884615384616,0.6799999999999999,0.36
FCz,sub-048,"{""C"": 33.59818286283781, ""gamma"": ""auto""}",0.6455961816622843,0.61,0.60984393757503,0.610176282051282,0.61,0.21999999999999997
FC1,sub-048,"{""C"": 7.847599703514611, ""gamma"": ""auto""}",0.6600219058050383,0.605,0.5997061133490411,0.6108647450110865,0.605,0.20999999999999996
FC2,sub-048,"{""C"": 11.288378916846883, ""gamma"": ""auto""}",0.6624756138631016,0.62,0.6175523349436394,0.6231527093596059,0.62,0.24
FC3,sub-048,"{""C"": 0.6158482110660264, ""gamma"": ""scale""}",0.6848332768034291,0.65,0.6457131288591963,0.6576292559899117,0.65,0.30000000000000004
FC4,sub-048,"{""C"": 48.32930238571752, ""gamma"": ""auto""}",0.6869971829746468,0.665,0.6631049654305469,0.6687979539641944,0.665,0.32999999999999996
FC5,sub-048,"{""C"": 16.23776739188721, ""gamma"": ""auto""}",0.7070429137061099,0.645,0.64024220313648,0.6530989335867385,0.645,0.29000000000000004
FC6,sub-048,"{""C"": 0.42813323987193935, ""gamma"": ""auto""}",0.7079427567803289,0.695,0.6927803379416282,0.7008032128514057,0.6950000000000001,0.39
FT7,sub-048,"{""C"": 0.6158482110660264, ""gamma"": ""scale""}",0.7149392890947215,0.72,0.7198879551820728,0.7203525641025641,0.72,0.43999999999999995
FT8,sub-048,"{""C"": 1.2742749857031335, ""gamma"": ""scale""}",0.726995631930111,0.76,0.7593984962406015,0.7626262626262625,0.76,0.52
Cz,sub-048,"{""C"": 48.32930238571752, ""gamma"": ""auto""}",0.6563040156316542,0.65,0.6496847162446202,0.6505419510236852,0.65,0.30000000000000004
C1,sub-048,"{""C"": 100.0, ""gamma"": ""auto""}",0.6553944645547699,0.605,0.5987301587301588,0.612,0.605,0.20999999999999996
C2,sub-048,"{""C"": 23.357214690901213, ""gamma"": ""auto""}",0.6454956573218023,0.66,0.6583257964023717,0.6631986944104447,0.6599999999999999,0.31999999999999995
C3,sub-048,"{""C"": 0.29763514416313175, ""gamma"": ""scale""}",0.6543547425805696,0.64,0.6363636363636364,0.6458333333333334,0.64,0.28
C4,sub-048,"{""C"": 0.29763514416313175, ""gamma"": ""scale""}",0.6702321460606377,0.68,0.6791979949874687,0.6818181818181819,0.6799999999999999,0.36
C5,sub-048,"{""C"": 0.1, ""gamma"": ""scale""}",0.6733882171173085,0.68,0.6704767789105138,0.7035278154681139,0.6799999999999999,0.36
C6,sub-048,"{""C"": 1.2742749857031335, ""gamma"": ""auto""}",0.6949923748093703,0.67,0.6697027324592133,0.6706142111601766,0.6699999999999999,0.33999999999999997
T7,sub-048,"{""C"": 0.8858667904100825, ""gamma"": ""auto""}",0.6836609898603572,0.67,0.6666666666666666,0.6770833333333334,0.6699999999999999,0.33999999999999997
T8,sub-048,"{""C"": 1.2742749857031335, ""gamma"": ""auto""}",0.6974872188349958,0.69,0.6888799678843838,0.692775974025974,0.69,0.38
CP1,sub-048,"{""C"": 0.20691380811147897, ""gamma"": ""scale""}",0.590881764830036,0.52,0.5192307692307692,0.5201288244766505,0.52,0.040000000000000036
CP2,sub-048,"{""C"": 1.8329807108324356, ""gamma"": ""auto""}",0.6191457102970038,0.63,0.628178072555522,0.6325989392084863,0.63,0.26
CP3,sub-048,"{""C"": 33.59818286283781, ""gamma"": ""auto""}",0.6424991956231901,0.64,0.64,0.64,0.64,0.28
CP4,sub-048,"{""C"": 3.79269019073225, ""gamma"": ""auto""}",0.660224016957774,0.685,0.6849291090495362,0.6851666499849864,0.685,0.37
CP5,sub-048,"{""C"": 0.42813323987193935, ""gamma"": ""scale""}",0.6455903023895624,0.595,0.5822050290135397,0.6082621082621082,0.595,0.18999999999999995
CP6,sub-048,"{""C"": 69.51927961775606, ""gamma"": ""auto""}",0.6703020988348256,0.705,0.7041049173750595,0.707510881668185,0.7050000000000001,0.41000000000000003
TP7,sub-048,"{""C"": 69.51927961775606, ""gamma"": ""auto""}",0.6447779862414009,0.595,0.5932816148226256,0.5966330993795138,0.595,0.18999999999999995
TP8,sub-048,"{""C"": 1.2742749857031335, ""gamma"": ""scale""}",0.656999656999657,0.71,0.7076318177235609,0.7170318313352625,0.71,0.42000000000000004
Pz,sub-048,"{""C"": 2.636650898730358, ""gamma"": ""auto""}",0.6483796579379293,0.75,0.749599358974359,0.751610305958132,0.75,0.5
P3,sub-048,"{""C"": 7.847599703514611, ""gamma"": ""scale""}",0.6539944639114226,0.62,0.6196576919227305,0.6204335608189482,0.62,0.24
P4,sub-048,"{""C"": 1.8329807108324356, ""gamma"": ""auto""}",0.6729970569735128,0.75,0.74997499749975,0.7501000400160064,0.75,0.5
P5,sub-048,"{""C"": 0.8858667904100825, ""gamma"": ""scale""}",0.6229966069694628,0.685,0.684044233807267,0.6872659176029963,0.685,0.37
P6,sub-048,"{""C"": 5.455594781168517, ""gamma"": ""scale""}",0.6724638891437781,0.67,0.67,0.67,0.67,0.33999999999999997
P7,sub-048,"{""C"": 48.32930238571752, ""gamma"": ""auto""}",0.6204839654475403,0.675,0.674601386698706,0.6758617224399558,0.675,0.35
P8,sub-048,"{""C"": 3.79269019073225, ""gamma"": ""scale""}",0.6449570398018161,0.66,0.6594551282051282,0.6610305958132046,0.6599999999999999,0.31999999999999995
POz,sub-048,"{""C"": 23.357214690901213, ""gamma"": ""auto""}",0.6442826462862532,0.755,0.7546995068959474,0.7562556526982213,0.755,0.51
PO3,sub-048,"{""C"": 69.51927961775606, ""gamma"": ""auto""}",0.6468979535085639,0.785,0.7840877708317642,0.7898992981385413,0.7849999999999999,0.5700000000000001
PO4,sub-048,"{""C"": 7.847599703514611, ""gamma"": ""auto""}",0.6758285132835269,0.79,0.7899159663865546,0.7904647435897436,0.79,0.5800000000000001
PO5,sub-048,"{""C"": 1.8329807108324356, ""gamma"": ""scale""}",0.6304954735695512,0.735,0.7330714411623983,0.7419936154875914,0.735,0.47
PO6,sub-048,"{""C"": 0.6158482110660264, ""gamma"": ""scale""}",0.663481070810233,0.765,0.7649471131004475,0.765238714843359,0.765,0.53
PO7,sub-048,"{""C"": 33.59818286283781, ""gamma"": ""auto""}",0.6284976781104883,0.685,0.683218101822753,0.6892583120204603,0.685,0.37
PO8,sub-048,"{""C"": 1.2742749857031335, ""gamma"": ""scale""}",0.6504929224816802,0.72,0.7181964573268921,0.7257799671592775,0.72,0.43999999999999995
Oz,sub-048,"{""C"": 7.847599703514611, ""gamma"": ""auto""}",0.5946608466177103,0.715,0.7133878064110623,0.7199488491048593,0.7150000000000001,0.43000000000000005
O1,sub-048,"{""C"": 3.79269019073225, ""gamma"": ""scale""}",0.5907233289703839,0.68,0.6791979949874687,0.6818181818181819,0.6799999999999999,0.36
O2,sub-048,"{""C"": 1.2742749857031335, ""gamma"": ""scale""}",0.640948296554704,0.775,0.7749943748593715,0.7750275027502751,0.775,0.55
Fpz,sub-049,"{""C"": 1.2742749857031335, ""gamma"": ""auto""}",0.6031418522037042,0.57,0.5413333333333333,0.5933333333333333,0.57,0.14
Fp1,sub-049,"{""C"": 2.636650898730358, ""gamma"": ""auto""}",0.6380585903936138,0.665,0.6625620105260508,0.6699104108742664,0.665,0.32999999999999996
Fp2,sub-049,"{""C"": 2.636650898730358, ""gamma"": ""auto""}",0.628372810594426,0.54,0.5308037535699714,0.5434027777777778,0.54,0.07999999999999996
AF3,sub-049,"{""C"": 1.8329807108324356, ""gamma"": ""scale""}",0.6556217493663214,0.575,0.5671105905120827,0.5808974220688168,0.575,0.15000000000000002
AF4,sub-049,"{""C"": 3.79269019073225, ""gamma"": ""auto""}",0.6378826739863717,0.575,0.5402298850574713,0.60752688172043,0.575,0.15000000000000002
AF7,sub-049,"{""C"": 0.8858667904100825, ""gamma"": ""auto""}",0.6750735108458048,0.785,0.7830419536315245,0.7956738250855898,0.7849999999999999,0.5700000000000001
AF8,sub-049,"{""C"": 0.8858667904100825, ""gamma"": ""scale""}",0.6924722456201672,0.675,0.6680201230879236,0.6910688939840595,0.675,0.35
Fz,sub-049,"{""C"": 7.847599703514611, ""gamma"": ""auto""}",0.624169465951836,0.595,0.5885714285714285,0.6013333333333333,0.595,0.18999999999999995
F1,sub-049,"{""C"": 2.636650898730358, ""gamma"": ""scale""}",0.6576948126229925,0.57,0.568922305764411,0.5707070707070707,0.5700000000000001,0.14
F2,sub-049,"{""C"": 1.8329807108324356, ""gamma"": ""scale""}",0.6473793155707541,0.555,0.5185936443542934,0.5788530465949822,0.5549999999999999,0.10999999999999999
F3,sub-049,"{""C"": 16.23776739188721, ""gamma"": ""auto""}",0.686602979377724,0.685,0.6836634781953754,0.6881802461601059,0.685,0.37
F4,sub-049,"{""C"": 11.288378916846883, ""gamma"": ""auto""}",0.664499916124979,0.68,0.6666666666666666,0.7142857142857143,0.6799999999999999,0.36
F5,sub-049,"{""C"": 3.79269019073225, ""gamma"": ""auto""}",0.7019625315724036,0.77,0.7696314102564102,0.7717391304347826,0.77,0.54
F6,sub-049,"{""C"": 0.8858667904100825, ""gamma"": ""auto""}",0.6999756980315406,0.775,0.7724917212265223,0.787686996547756,0.775,0.55
F7,sub-049,"{""C"": 11.288378916846883, ""gamma"": ""auto""}",0.7128791729918016,0.785,0.7849946248656217,0.785028502850285,0.785,0.5700000000000001
F8,sub-049,"{""C"": 0.8858667904100825, ""gamma"": ""scale""}",0.7139859853132804,0.72,0.7198879551820728,0.7203525641025641,0.72,0.43999999999999995
FCz,sub-049,"{""C"": 48.32930238571752, ""gamma"": ""auto""}",0.644110275689223,0.71,0.7092731829573935,0.7121212121212122,0.71,0.42000000000000004
FC1,sub-049,"{""C"": 69.51927961775606, ""gamma"": ""auto""}",0.6651629072681704,0.66,0.6594551282051282,0.6610305958132046,0.6599999999999999,0.31999999999999995
FC2,sub-049,"{""C"": 0.6158482110660264, ""gamma"": ""scale""}",0.6566910219197277,0.72,0.7159090909090908,0.733446519524618,0.72,0.43999999999999995
FC3,sub-049,"{""C"": 5.455594781168517, ""gamma"": ""auto""}",0.6964122541239841,0.775,0.7749493636068115,0.7752477229506556,0.775,0.55
FC4,sub-049,"{""C"": 11.288378916846883, ""gamma"": ""auto""}",0.6764643301924037,0.79,0.7878787878787878,0.8020833333333334,0.79,0.5800000000000001
FC5,sub-049,"{""C"": 23.357214690901213, ""gamma"": ""auto""}",0.7161097200821778,0.765,0.7649941248531213,0.765026502650265,0.765,0.53
FC6,sub-049,"{""C"": 0.42813323987193935, ""gamma"": ""auto""}",0.7019809267793139,0.845,0.8446854881134297,0.8478173202943845,0.845,0.69
FT7,sub-049,"{""C"": 16.23776739188721, ""gamma"": ""auto""}",0.7267753398952371,0.735,0.7325865940109488,0.743801224193381,0.735,0.47
FT8,sub-049,"{""C"": 0.8858667904100825, ""gamma"": ""scale""}",0.7164982281139257,0.77,0.7696314102564102,0.7717391304347826,0.77,0.54
Cz,sub-049,"{""C"": 3.79269019073225, ""gamma"": ""scale""}",0.6559900913128485,0.675,0.6736210489317367,0.6780083409622623,0.675,0.35
C1,sub-049,"{""C"": 1.8329807108324356, ""gamma"": ""auto""}",0.6553096447513139,0.73,0.7297567811029927,0.7308309915696507,0.73,0.45999999999999996
C2,sub-049,"{""C"": 3.79269019073225, ""gamma"": ""auto""}",0.6324793269621416,0.785,0.7834353201883608,0.7934816187828236,0.7849999999999999,0.5700000000000001
C3,sub-049,"{""C"": 2.636650898730358, ""gamma"": ""scale""}",0.6672333055359548,0.655,0.6547842401500938,0.6553884711779449,0.655,0.31000000000000005
C4,sub-049,"{""C"": 1.2742749857031335, ""gamma"": ""auto""}",0.6563693344394206,0.825,0.823406241327985,0.8371719057993567,0.825,0.65
C5,sub-049,"{""C"": 69.51927961775606, ""gamma"": ""auto""}",0.6783513178966978,0.715,0.7124044501627185,0.7230521838364976,0.7150000000000001,0.43000000000000005
C6,sub-049,"{""C"": 0.29763514416313175, ""gamma"": ""auto""}",0.6774992743733674,0.83,0.8295739348370927,0.8333333333333334,0.8300000000000001,0.6599999999999999
T7,sub-049,"{""C"": 23.357214690901213, ""gamma"": ""auto""}",0.6927760337285882,0.715,0.7097094548139848,0.7319059432639413,0.715,0.43000000000000005
T8,sub-049,"{""C"": 1.2742749857031335, ""gamma"": ""scale""}",0.688493691997263,0.7,0.6989160979526294,0.702922077922078,0.7,0.4
CP1,sub-049,"{""C"": 0.14384498882876628, ""gamma"": ""scale""}",0.5943457499714266,0.575,0.5719070282793182,0.5772320049428483,0.575,0.15000000000000002
CP2,sub-049,"{""C"": 1.2742749857031335, ""gamma"": ""auto""}",0.6324692856484764,0.555,0.5547217010631644,0.5551378446115288,0.5549999999999999,0.10999999999999999
CP3,sub-049,"{""C"": 0.42813323987193935, ""gamma"": ""scale""}",0.6358947735895674,0.725,0.7182304874612566,0.7489213408562894,0.725,0.44999999999999996
CP4,sub-049,"{""C"": 2.636650898730358, ""gamma"": ""auto""}",0.6582600130941954,0.605,0.6033240440862644,0.6068050045773574,0.605,0.20999999999999996
CP5,sub-049,"{""C"": 0.42813323987193935, ""gamma"": ""scale""}",0.6536883194875388,0.68,0.6652369494717021,0.7185526954832443,0.6799999999999999,0.36
CP6,sub-049,"{""C"": 11.288378916846883, ""gamma"": ""auto""}",0.6764008977749436,0.675,0.6743405395926751,0.6764290755116443,0.675,0.35
TP7,sub-049,"{""C"": 3.79269019073225, ""gamma"": ""auto""}",0.6594181752165957,0.575,0.5374275529917553,0.6110946526440527,0.575,0.15000000000000002
TP8,sub-049,"{""C"": 0.42813323987193935, ""gamma"": ""auto""}",0.6739840252172357,0.705,0.7049926248156204,0.705020502050205,0.705,0.41000000000000003
Pz,sub-049,"{""C"": 7.847599703514611, ""gamma"": ""auto""}",0.651810497738146,0.87,0.8699479791916767,0.8705929487179487,0.87,0.74
P3,sub-049,"{""C"": 3.79269019073225, ""gamma"": ""auto""}",0.6678535234038211,0.68,0.6767676767676768,0.6875,0.6799999999999999,0.36
P4,sub-049,"{""C"": 1.2742749857031335, ""gamma"": ""scale""}",0.6844992901234028,0.655,0.6545768566493955,0.6557632398753894,0.655,0.31000000000000005
P5,sub-049,"{""C"": 11.288378916846883, ""gamma"": ""auto""}",0.6429771505376345,0.635,0.6260150106303952,0.6493528045137736,0.635,0.27
P6,sub-049,"{""C"": 5.455594781168517, ""gamma"": ""auto""}",0.6869549215086972,0.715,0.7149928748218706,0.715021502150215,0.715,0.43000000000000005
P7,sub-049,"{""C"": 7.847599703514611, ""gamma"": ""auto""}",0.6454254507010099,0.6,0.5907928388746804,0.6098901098901099,0.6,0.19999999999999996
P8,sub-049,"{""C"": 2.636650898730358, ""gamma"": ""auto""}",0.6679880475697125,0.585,0.5849066039858968,0.5850765689120208,0.585,0.17000000000000004
POz,sub-049,"{""C"": 23.357214690901213, ""gamma"": ""auto""}",0.6560417616369407,0.82,0.8199279711884754,0.8205128205128205,0.8200000000000001,0.64
PO3,sub-049,"{""C"": 100.0, ""gamma"": ""auto""}",0.6434849372385983,0.71,0.7081320450885669,0.7155172413793103,0.71,0.42000000000000004
PO4,sub-049,"{""C"": 7.847599703514611, ""gamma"": ""auto""}",0.6719261833912631,0.75,0.75,0.75,0.75,0.5
PO5,sub-049,"{""C"": 0.6158482110660264, ""gamma"": ""scale""}",0.6444252404067955,0.58,0.5642701525054467,0.593501636278635,0.5800000000000001,0.16000000000000003
PO6,sub-049,"{""C"": 11.288378916846883, ""gamma"": ""auto""}",0.6663457683314111,0.655,0.6535361904044588,0.6576645305665751,0.655,0.31000000000000005
PO7,sub-049,"{""C"": 69.51927961775606, ""gamma"": ""auto""}",0.6384738797378111,0.56,0.5452666391070691,0.5689338235294117,0.56,0.12
PO8,sub-049,"{""C"": 1.2742749857031335, ""gamma"": ""scale""}",0.6594283948200108,0.66,0.6598639455782312,0.6602564102564102,0.66,0.31999999999999995
Oz,sub-049,"{""C"": 1.2742749857031335, ""gamma"": ""scale""}",0.6265159646902385,0.585,0.5784126984126984,0.5906666666666667,0.585,0.17000000000000004
O1,sub-049,"{""C"": 11.288378916846883, ""gamma"": ""auto""}",0.6112059745182294,0.575,0.5631055485595333,0.5841656379755358,0.575,0.15000000000000002
O2,sub-049,"{""C"": 33.59818286283781, ""gamma"": ""auto""}",0.6437402866689816,0.595,0.5895720909021813,0.6003061978671735,0.595,0.18999999999999995
Fpz,sub-050,"{""C"": 11.288378916846883, ""gamma"": ""auto""}",0.6021944437485909,0.615,0.6098401357959008,0.6214232921549995,0.615,0.22999999999999998
Fp1,sub-050,"{""C"": 0.6158482110660264, ""gamma"": ""auto""}",0.6517461229236113,0.55,0.5444883085332524,0.5525430853299707,0.55,0.09999999999999998
Fp2,sub-050,"{""C"": 1.8329807108324356, ""gamma"": ""scale""}",0.6214204036398653,0.65,0.65,0.65,0.65,0.30000000000000004
AF3,sub-050,"{""C"": 0.6158482110660264, ""gamma"": ""scale""}",0.6544930034833205,0.58,0.5798319327731092,0.5801282051282051,0.5800000000000001,0.16000000000000003
AF4,sub-050,"{""C"": 7.847599703514611, ""gamma"": ""auto""}",0.6369767665130568,0.675,0.6747967479674797,0.6754385964912281,0.675,0.35
AF7,sub-050,"{""C"": 1.2742749857031335, ""gamma"": ""scale""}",0.678364832820993,0.59,0.5885186672019269,0.5913149350649352,0.5900000000000001,0.18000000000000005
AF8,sub-050,"{""C"": 2.636650898730358, ""gamma"": ""scale""}",0.6954359654117278,0.68,0.6798719487795117,0.6802884615384616,0.6799999999999999,0.36
Fz,sub-050,"{""C"": 100.0, ""gamma"": ""auto""}",0.6221293861055872,0.64,0.6382273138378052,0.6427988576091391,0.6399999999999999,0.28
F1,sub-050,"{""C"": 1.2742749857031335, ""gamma"": ""scale""}",0.6607879924953095,0.595,0.5904850982077403,0.5993827806255885,0.595,0.18999999999999995
F2,sub-050,"{""C"": 5.455594781168517, ""gamma"": ""auto""}",0.652887535561522,0.7,0.6999699969997,0.7000800320128051,0.7,0.4
F3,sub-050,"{""C"": 5.455594781168517, ""gamma"": ""auto""}",0.6807126413772395,0.625,0.6222709073052807,0.6287200082380805,0.625,0.25
F4,sub-050,"{""C"": 0.8858667904100825, ""gamma"": ""scale""}",0.6729947679162867,0.725,0.7249931248281207,0.725022502250225,0.725,0.44999999999999996
F5,sub-050,"{""C"": 1.2742749857031335, ""gamma"": ""scale""}",0.7104304309110264,0.63,0.628178072555522,0.6325989392084863,0.63,0.26
F6,sub-050,"{""C"": 7.847599703514611, ""gamma"": ""auto""}",0.7093109794643968,0.745,0.7446872418712923,0.7462064114159381,0.745,0.49
F7,sub-050,"{""C"": 0.8858667904100825, ""gamma"": ""scale""}",0.7154686304165034,0.64,0.63996399639964,0.6400560224089635,0.64,0.28
F8,sub-050,"{""C"": 1.8329807108324356, ""gamma"": ""auto""}",0.7298443903688525,0.76,0.7588182092252035,0.7651978784169726,0.76,0.52
FCz,sub-050,"{""C"": 1.8329807108324356, ""gamma"": ""auto""}",0.6546892202982685,0.68,0.6798719487795117,0.6802884615384616,0.6799999999999999,0.36
FC1,sub-050,"{""C"": 69.51927961775606, ""gamma"": ""auto""}",0.6805140618881318,0.63,0.6245941558441559,0.6379456706281834,0.63,0.26
FC2,sub-050,"{""C"": 100.0, ""gamma"": ""auto""}",0.6724403022450842,0.675,0.67499187479687,0.675017501750175,0.675,0.35
FC3,sub-050,"{""C"": 0.6158482110660264, ""gamma"": ""scale""}",0.6899476011445934,0.63,0.628178072555522,0.6325989392084863,0.63,0.26
FC4,sub-050,"{""C"": 2.636650898730358, ""gamma"": ""auto""}",0.6804769144570695,0.7,0.6998799519807923,0.7003205128205128,0.7,0.4
FC5,sub-050,"{""C"": 0.42813323987193935, ""gamma"": ""scale""}",0.7163433506153774,0.63,0.6296667000300271,0.6304696908871938,0.63,0.26
FC6,sub-050,"{""C"": 16.23776739188721, ""gamma"": ""auto""}",0.7199820788530467,0.72,0.7189883580891208,0.7232142857142857,0.72,0.43999999999999995
FT7,sub-050,"{""C"": 0.42813323987193935, ""gamma"": ""auto""}",0.7314561988025752,0.605,0.6045155315261195,0.6055170334639735,0.605,0.20999999999999996
FT8,sub-050,"{""C"": 5.455594781168517, ""gamma"": ""auto""}",0.7334647507132819,0.735,0.7349933748343709,0.735023502350235,0.735,0.47
Cz,sub-050,"{""C"": 0.29763514416313175, ""gamma"": ""scale""}",0.660599825888212,0.645,0.6445645916247403,0.6457139985931062,0.645,0.29000000000000004
C1,sub-050,"{""C"": 0.1, ""gamma"": ""scale""}",0.6584807895444118,0.5,0.4995495946351717,0.5,0.5,0.0
C2,sub-050,"{""C"": 0.29763514416313175, ""gamma"": ""scale""}",0.6459773425499232,0.595,0.5927089880578253,0.5971867007672634,0.595,0.18999999999999995
C3,sub-050,"{""C"": 0.29763514416313175, ""gamma"": ""auto""}",0.6644086352509471,0.575,0.5741376286981137,0.5756124609335619,0.575,0.15000000000000002
C4,sub-050,"{""C"": 0.14384498882876628, ""gamma"": ""scale""}",0.6561588235927098,0.595,0.5874818568409259,0.6024700679538345,0.595,0.18999999999999995
C5,sub-050,"{""C"": 0.14384498882876628, ""gamma"": ""scale""}",0.6941879900242014,0.64,0.64,0.64,0.64,0.28
C6,sub-050,"{""C"": 7.847599703514611, ""gamma"": ""auto""}",0.6879098059339149,0.7,0.6995192307692308,0.7012882447665056,0.7,0.4
T7,sub-050,"{""C"": 16.23776739188721, ""gamma"": ""auto""}",0.702842803843233,0.64,0.6363636363636364,0.6458333333333334,0.64,0.28
T8,sub-050,"{""C"": 1.8329807108324356, ""gamma"": ""scale""}",0.6864146263820325,0.63,0.6294070512820513,0.6308373590982286,0.63,0.26
CP1,sub-050,"{""C"": 2.636650898730358, ""gamma"": ""scale""}",0.6164193521687935,0.595,0.5949898747468687,0.595009500950095,0.595,0.18999999999999995
CP2,sub-050,"{""C"": 5.455594781168517, ""gamma"": ""auto""}",0.6209692985131796,0.585,0.5837408159683042,0.5860410972770523,0.585,0.17000000000000004
CP3,sub-050,"{""C"": 48.32930238571752, ""gamma"": ""auto""}",0.6584992316232712,0.595,0.5941782108770259,0.5957757838491784,0.595,0.18999999999999995
CP4,sub-050,"{""C"": 48.32930238571752, ""gamma"": ""auto""}",0.6564373857135464,0.68,0.67996799679968,0.6800720288115246,0.6799999999999999,0.36
CP5,sub-050,"{""C"": 0.6158482110660264, ""gamma"": ""scale""}",0.6719349900365905,0.6,0.5989974937343359,0.601010101010101,0.6000000000000001,0.19999999999999996
CP6,sub-050,"{""C"": 0.8858667904100825, ""gamma"": ""auto""}",0.6649916247906198,0.735,0.7344622861294121,0.7369190442584939,0.735,0.47
TP7,sub-050,"{""C"": 0.6158482110660264, ""gamma"": ""scale""}",0.6726854507181401,0.61,0.61,0.61,0.61,0.21999999999999997
TP8,sub-050,"{""C"": 0.42813323987193935, ""gamma"": ""auto""}",0.6559779825908858,0.69,0.6899689968996899,0.6900760304121649,0.69,0.38
Pz,sub-050,"{""C"": 0.42813323987193935, ""gamma"": ""auto""}",0.6704900323234777,0.7,0.6997297567811029,0.7007226013649137,0.7,0.4
P3,sub-050,"{""C"": 23.357214690901213, ""gamma"": ""auto""}",0.677991949798745,0.7,0.6980676328502415,0.7052545155993433,0.7,0.4
P4,sub-050,"{""C"": 0.6158482110660264, ""gamma"": ""auto""}",0.6839380518581641,0.785,0.7847363019699132,0.7864033765450709,0.7849999999999999,0.5700000000000001
P5,sub-050,"{""C"": 7.847599703514611, ""gamma"": ""scale""}",0.6543685736501305,0.64,0.6398559423769508,0.640224358974359,0.64,0.28
P6,sub-050,"{""C"": 0.8858667904100825, ""gamma"": ""scale""}",0.6881706302281785,0.765,0.7649941248531213,0.765026502650265,0.765,0.53
P7,sub-050,"{""C"": 1.8329807108324356, ""gamma"": ""scale""}",0.6599877595593442,0.62,0.6196576919227305,0.6204335608189482,0.62,0.24
P8,sub-050,"{""C"": 100.0, ""gamma"": ""auto""}",0.6754707112316887,0.645,0.6447779862414009,0.6453634085213033,0.645,0.29000000000000004
POz,sub-050,"{""C"": 1.8329807108324356, ""gamma"": ""auto""}",0.6812656360254026,0.66,0.6596937243519168,0.660578081091931,0.6599999999999999,0.31999999999999995
PO3,sub-050,"{""C"": 0.42813323987193935, ""gamma"": ""scale""}",0.6769066260149184,0.635,0.6338925248877856,0.6366535074400244,0.635,0.27
PO4,sub-050,"{""C"": 1.2742749857031335, ""gamma"": ""scale""}",0.6874511642444132,0.645,0.6449201070240804,0.6451306175558003,0.645,0.29000000000000004
PO5,sub-050,"{""C"": 0.42813323987193935, ""gamma"": ""auto""}",0.666998667994672,0.645,0.6442796663243067,0.6461840911382195,0.645,0.29000000000000004
PO6,sub-050,"{""C"": 1.8329807108324356, ""gamma"": ""auto""}",0.6789611542996703,0.68,0.6797117405665098,0.6806503412284224,0.6799999999999999,0.36
PO7,sub-050,"{""C"": 33.59818286283781, ""gamma"": ""auto""}",0.6519912997824946,0.635,0.6349178565177165,0.6351216094485037,0.635,0.27
PO8,sub-050,"{""C"": 0.8858667904100825, ""gamma"": ""scale""}",0.6647371539286802,0.62,0.6198479391756703,0.6201923076923077,0.62,0.24
Oz,sub-050,"{""C"": 3.79269019073225, ""gamma"": ""scale""}",0.6422852817403646,0.54,0.5392628205128205,0.5402576489533011,0.54,0.07999999999999996
O1,sub-050,"{""C"": 3.79269019073225, ""gamma"": ""auto""}",0.6279698655591104,0.54,0.5398159263705482,0.5400641025641025,0.54,0.07999999999999996
O2,sub-050,"{""C"": 5.455594781168517, ""gamma"": ""scale""}",0.6449943199091186,0.56,0.5564068958564372,0.5620090946672178,0.56,0.12
Fpz,sub-051,"{""C"": 1.8329807108324356, ""gamma"": ""auto""}",0.5929412401656708,0.515,0.5140158821613768,0.5151224921867124,0.515,0.030000000000000027
Fp1,sub-051,"{""C"": 0.8858667904100825, ""gamma"": ""auto""}",0.6478336131544915,0.58,0.57995799579958,0.5800320128051221,0.58,0.16000000000000003
Fp2,sub-051,"{""C"": 7.847599703514611, ""gamma"": ""auto""}",0.60999960999961,0.545,0.5447154471544715,0.5451127819548872,0.5449999999999999,0.08999999999999997
AF3,sub-051,"{""C"": 0.8858667904100825, ""gamma"": ""scale""}",0.6647556068373844,0.615,0.6149133555049886,0.6151035932339105,0.615,0.22999999999999998
AF4,sub-051,"{""C"": 1.8329807108324356, ""gamma"": ""scale""}",0.6364737352273702,0.62,0.6181288312732389,0.6223990208078336,0.62,0.24
AF7,sub-051,"{""C"": 1.2742749857031335, ""gamma"": ""auto""}",0.6788054971862911,0.685,0.6836634781953754,0.6881802461601059,0.685,0.37
AF8,sub-051,"{""C"": 1.2742749857031335, ""gamma"": ""scale""}",0.6959404043192465,0.635,0.634771732332708,0.6353383458646616,0.635,0.27
Fz,sub-051,"{""C"": 1.2742749857031335, ""gamma"": ""scale""}",0.6274900338563494,0.59,0.5896306676008407,0.5903251706142112,0.5900000000000001,0.18000000000000005
F1,sub-051,"{""C"": 0.6158482110660264, ""gamma"": ""scale""}",0.6684634480951526,0.605,0.6047529706066291,0.6052631578947368,0.605,0.20999999999999996
F2,sub-051,"{""C"": 0.6158482110660264, ""gamma"": ""scale""}",0.6724999181249796,0.66,0.6498815775924209,0.6809136137494347,0.6599999999999999,0.31999999999999995
F3,sub-051,"{""C"": 0.6158482110660264, ""gamma"": ""scale""}",0.6913702983678891,0.64,0.6386993175431553,0.6420454545454546,0.6399999999999999,0.28
F4,sub-051,"{""C"": 1.2742749857031335, ""gamma"": ""scale""}",0.6839971559744038,0.65,0.6457131288591963,0.6576292559899117,0.65,0.30000000000000004
F5,sub-051,"{""C"": 0.29763514416313175, ""gamma"": ""scale""}",0.704991922338247,0.655,0.6535361904044588,0.6576645305665751,0.655,0.31000000000000005
F6,sub-051,"{""C"": 2.636650898730358, ""gamma"": ""scale""}",0.7154982218638867,0.705,0.7041049173750595,0.707510881668185,0.7050000000000001,0.41000000000000003
F7,sub-051,"{""C"": 1.8329807108324356, ""gamma"": ""scale""}",0.713835169057377,0.7,0.6985227615315044,0.7039983680130559,0.7,0.4
F8,sub-051,"{""C"": 0.42813323987193935, ""gamma"": ""auto""}",0.7299781282283866,0.735,0.7349403615813558,0.7352116905214694,0.735,0.47
FCz,sub-051,"{""C"": 0.8858667904100825, ""gamma"": ""scale""}",0.6534167333701921,0.585,0.5803736191511413,0.5889214352965791,0.585,0.17000000000000004
FC1,sub-051,"{""C"": 0.8858667904100825, ""gamma"": ""scale""}",0.6693014982243092,0.53,0.5206038351693186,0.5325520833333333,0.53,0.06000000000000005
FC2,sub-051,"{""C"": 1.2742749857031335, ""gamma"": ""scale""}",0.6699947199155186,0.6,0.5980303487086724,0.601999184006528,0.6000000000000001,0.19999999999999996
FC3,sub-051,"{""C"": 69.51927961775606, ""gamma"": ""auto""}",0.699288825577762,0.595,0.5949898747468687,0.595009500950095,0.595,0.18999999999999995
FC4,sub-051,"{""C"": 16.23776739188721, ""gamma"": ""auto""}",0.6909987639950559,0.68,0.67996799679968,0.6800720288115246,0.6799999999999999,0.36
FC5,sub-051,"{""C"": 5.455594781168517, ""gamma"": ""auto""}",0.7111562036714199,0.635,0.6338925248877856,0.6366535074400244,0.635,0.27
FC6,sub-051,"{""C"": 0.8858667904100825, ""gamma"": ""scale""}",0.715462369898419,0.75,0.7498999599839936,0.750400641025641,0.75,0.5
FT7,sub-051,"{""C"": 0.20691380811147897, ""gamma"": ""scale""}",0.7273978217883303,0.725,0.7229986653572058,0.731696014828545,0.7250000000000001,0.44999999999999996
FT8,sub-051,"{""C"": 1.8329807108324356, ""gamma"": ""scale""}",0.7389997389997389,0.73,0.7295673076923077,0.7314814814814814,0.73,0.45999999999999996
Cz,sub-051,"{""C"": 0.1, ""gamma"": ""scale""}",0.6524978281114258,0.57,0.568922305764411,0.5707070707070707,0.5700000000000001,0.14
C1,sub-051,"{""C"": 100.0, ""gamma"": ""auto""}",0.6523269048878628,0.575,0.5725958516656191,0.5767263427109974,0.575,0.15000000000000002
C2,sub-051,"{""C"": 3.79269019073225, ""gamma"": ""auto""}",0.6603708560180008,0.635,0.6349908747718693,0.635013501350135,0.635,0.27
C3,sub-051,"{""C"": 48.32930238571752, ""gamma"": ""auto""}",0.6611420813233979,0.635,0.6338925248877856,0.6366535074400244,0.635,0.27
C4,sub-051,"{""C"": 1.2742749857031335, ""gamma"": ""scale""}",0.6648659463785513,0.695,0.6949923748093703,0.695019501950195,0.695,0.39
C5,sub-051,"{""C"": 33.59818286283781, ""gamma"": ""auto""}",0.6854338624695842,0.695,0.6948092557848655,0.6954887218045113,0.6950000000000001,0.39
C6,sub-051,"{""C"": 0.6158482110660264, ""gamma"": ""auto""}",0.688471884587584,0.715,0.7148217636022514,0.7155388471177946,0.715,0.43000000000000005
T7,sub-051,"{""C"": 0.42813323987193935, ""gamma"": ""scale""}",0.7012902310647653,0.685,0.6827075621364358,0.6905056121923592,0.685,0.37
T8,sub-051,"{""C"": 0.6158482110660264, ""gamma"": ""scale""}",0.6977957098998924,0.68,0.6753246753246753,0.6910016977928692,0.68,0.36
CP1,sub-051,"{""C"": 0.6158482110660264, ""gamma"": ""scale""}",0.5959511100843202,0.67,0.6697027324592133,0.6706142111601766,0.6699999999999999,0.33999999999999997
CP2,sub-051,"{""C"": 48.32930238571752, ""gamma"": ""auto""}",0.6139965259687337,0.58,0.5793269230769231,0.5805152979066023,0.5800000000000001,0.16000000000000003
CP3,sub-051,"{""C"": 0.29763514416313175, ""gamma"": ""auto""}",0.6379822611307954,0.675,0.6743405395926751,0.6764290755116443,0.675,0.35
CP4,sub-051,"{""C"": 2.636650898730358, ""gamma"": ""auto""}",0.6581163210412886,0.625,0.6249156060113525,0.625112601341207,0.625,0.25
CP5,sub-051,"{""C"": 0.8858667904100825, ""gamma"": ""scale""}",0.6555284184047963,0.675,0.6740138920233707,0.6771434355704019,0.675,0.35
CP6,sub-051,"{""C"": 0.29763514416313175, ""gamma"": ""scale""}",0.6614382971296519,0.64,0.6305418719211823,0.6559714795008913,0.64,0.28
TP7,sub-051,"{""C"": 0.42813323987193935, ""gamma"": ""scale""}",0.6579663419850822,0.645,0.6439228666716819,0.6467759894726186,0.645,0.29000000000000004
TP8,sub-051,"{""C"": 0.6158482110660264, ""gamma"": ""auto""}",0.6654089075750873,0.655,0.6524892347208582,0.6596128102152199,0.655,0.31000000000000005
Pz,sub-051,"{""C"": 2.636650898730358, ""gamma"": ""auto""}",0.6681913349893738,0.595,0.5941782108770259,0.5957757838491784,0.595,0.18999999999999995
P3,sub-051,"{""C"": 69.51927961775606, ""gamma"": ""auto""}",0.6604856555189457,0.69,0.6897207486738064,0.690686471296668,0.69,0.38
P4,sub-051,"{""C"": 2.636650898730358, ""gamma"": ""auto""}",0.6844992901234028,0.63,0.6296667000300271,0.6304696908871938,0.63,0.26
P5,sub-051,"{""C"": 100.0, ""gamma"": ""auto""}",0.6389389806877362,0.69,0.6899689968996899,0.6900760304121649,0.69,0.38
P6,sub-051,"{""C"": 48.32930238571752, ""gamma"": ""auto""}",0.6904435833430642,0.585,0.5832391855589867,0.5864611941816702,0.585,0.17000000000000004
P7,sub-051,"{""C"": 23.357214690901213, ""gamma"": ""auto""}",0.6364599197061476,0.695,0.6949313595559001,0.695175658092283,0.6950000000000001,0.39
P8,sub-051,"{""C"": 0.8858667904100825, ""gamma"": ""auto""}",0.6624958655743534,0.61,0.60996099609961,0.6100440176070427,0.61,0.21999999999999997
POz,sub-051,"{""C"": 0.42813323987193935, ""gamma"": ""auto""}",0.6681275561498892,0.585,0.5837408159683042,0.5860410972770523,0.585,0.17000000000000004
PO3,sub-051,"{""C"": 33.59818286283781, ""gamma"": ""auto""}",0.6587512296464122,0.645,0.6449911247781195,0.645014501450145,0.645,0.29000000000000004
PO4,sub-051,"{""C"": 48.32930238571752, ""gamma"": ""auto""}",0.6773508554329238,0.665,0.6649916247906198,0.665016501650165,0.665,0.32999999999999996
PO5,sub-051,"{""C"": 1.2742749857031335, ""gamma"": ""scale""}",0.6534056396854044,0.695,0.6937059074590144,0.6983521513579494,0.6950000000000001,0.39
PO6,sub-051,"{""C"": 48.32930238571752, ""gamma"": ""auto""}",0.6719734298478177,0.665,0.6639835502394744,0.6670209535378075,0.665,0.32999999999999996
PO7,sub-051,"{""C"": 11.288378916846883, ""gamma"": ""auto""}",0.643930210321223,0.695,0.6946259167480163,0.6959602050045222,0.6950000000000001,0.39
PO8,sub-051,"{""C"": 5.455594781168517, ""gamma"": ""auto""}",0.6609833881860211,0.65,0.6498599439775911,0.6502403846153846,0.65,0.30000000000000004
Oz,sub-051,"{""C"": 0.8858667904100825, ""gamma"": ""scale""}",0.6251363140676118,0.54,0.5377349010149733,0.5407996736026112,0.54,0.07999999999999996
O1,sub-051,"{""C"": 5.455594781168517, ""gamma"": ""auto""}",0.6178732165434354,0.63,0.628178072555522,0.6325989392084863,0.63,0.26
O2,sub-051,"{""C"": 0.8858667904100825, ""gamma"": ""scale""}",0.6419194318721713,0.54,0.5398159263705482,0.5400641025641025,0.54,0.07999999999999996
