channel,subject,best_params,validation_f1_macro,accuracy,f1_macro,precision_macro,recall_macro,kappa
Fp1,VP001,"{""C"": 2.636650898730358, ""gamma"": ""auto""}",0.8722112663980108,0.8055555555555556,0.8055388836491468,0.8056603773584906,0.8055555555555556,0.6111111111111112
AF5,VP001,"{""C"": 5.455594781168517, ""gamma"": ""scale""}",0.8425920527848175,0.8240740740740741,0.8236961938310852,0.8268765133171913,0.8240740740740741,0.6481481481481481
AFz,VP001,"{""C"": 1.2742749857031335, ""gamma"": ""scale""}",0.8369565217391304,0.7222222222222222,0.7159887798036466,0.7436090225563909,0.7222222222222222,0.4444444444444444
F1,VP001,"{""C"": 1.8329807108324356, ""gamma"": ""scale""}",0.827777187164565,0.7592592592592593,0.75625,0.7727272727272727,0.7592592592592593,0.5185185185185186
FC5,VP001,"{""C"": 1.8329807108324356, ""gamma"": ""scale""}",0.8203401806202002,0.6481481481481481,0.6356534090909092,0.6717011128775835,0.6481481481481481,0.2962962962962963
FC1,VP001,"{""C"": 2.636650898730358, ""gamma"": ""scale""}",0.8277724621130282,0.7592592592592593,0.75625,0.7727272727272727,0.7592592592592593,0.5185185185185186
T7,VP001,"{""C"": 3.79269019073225, ""gamma"": ""scale""}",0.7684986710108892,0.7222222222222222,0.7206896551724138,0.7272089761570828,0.7222222222222222,0.4444444444444444
C3,VP001,"{""C"": 3.79269019073225, ""gamma"": ""scale""}",0.8092062609984254,0.6851851851851852,0.6781206171107994,0.7030075187969925,0.6851851851851852,0.37037037037037035
Cz,VP001,"{""C"": 5.455594781168517, ""gamma"": ""scale""}",0.7980310948389155,0.6388888888888888,0.6335798173118747,0.6474335638878776,0.6388888888888888,0.2777777777777778
CP5,VP001,"{""C"": 7.847599703514611, ""gamma"": ""scale""}",0.7757036294544318,0.7129629629629629,0.7037954525347253,0.7430528375733856,0.712962962962963,0.42592592592592593
CP1,VP001,"{""C"": 2.636650898730358, ""gamma"": ""scale""}",0.7832969188924065,0.6111111111111112,0.6023842917251052,0.6218045112781956,0.6111111111111112,0.2222222222222222
P7,VP001,"{""C"": 16.23776739188721, ""gamma"": ""scale""}",0.7036996392268755,0.5925925925925926,0.5856295779560516,0.5992647058823529,0.5925925925925926,0.18518518518518523
P3,VP001,"{""C"": 3.79269019073225, ""gamma"": ""scale""}",0.7554716981132076,0.5555555555555556,0.5397727272727273,0.5643879173290938,0.5555555555555556,0.11111111111111116
Pz,VP001,"{""C"": 3.79269019073225, ""gamma"": ""scale""}",0.7351624796364572,0.5462962962962963,0.5318057152968239,0.5528375733855186,0.5462962962962963,0.09259259259259256
POz,VP001,"{""C"": 7.847599703514611, ""gamma"": ""scale""}",0.6888846211882194,0.5740740740740741,0.5667945587722358,0.5794117647058823,0.5740740740740741,0.14814814814814814
O1,VP001,"{""C"": 3.79269019073225, ""gamma"": ""scale""}",0.6254120879120879,0.6018518518518519,0.5959982601130926,0.6081179468511103,0.6018518518518519,0.20370370370370372
Fp2,VP001,"{""C"": 1.2742749857031335, ""gamma"": ""auto""}",0.8684819857367787,0.7129629629629629,0.7073170731707317,0.7307692307692307,0.712962962962963,0.42592592592592593
AF6,VP001,"{""C"": 1.2742749857031335, ""gamma"": ""scale""}",0.8350216778631772,0.7037037037037037,0.6931818181818181,0.7360890302066773,0.7037037037037037,0.40740740740740744
F2,VP001,"{""C"": 5.455594781168517, ""gamma"": ""scale""}",0.827777187164565,0.7870370370370371,0.7861386138613862,0.7919427973491454,0.787037037037037,0.5740740740740741
FC2,VP001,"{""C"": 5.455594781168517, ""gamma"": ""scale""}",0.8166157265907197,0.7407407407407407,0.7384987893462469,0.7492897727272727,0.7407407407407407,0.4814814814814815
FC6,VP001,"{""C"": 16.23776739188721, ""gamma"": ""scale""}",0.8203401806202002,0.7037037037037037,0.6986396930589467,0.7183823529411765,0.7037037037037037,0.40740740740740744
C4,VP001,"{""C"": 11.288378916846883, ""gamma"": ""scale""}",0.8129315282746414,0.7037037037037037,0.6952380952380952,0.7291666666666667,0.7037037037037037,0.40740740740740744
T8,VP001,"{""C"": 2.636650898730358, ""gamma"": ""scale""}",0.742584647674311,0.6574074074074074,0.634567901234568,0.7098765432098766,0.6574074074074074,0.31481481481481477
CP2,VP001,"{""C"": 16.23776739188721, ""gamma"": ""scale""}",0.7740709749104926,0.6851851851851852,0.68125,0.6948051948051948,0.6851851851851851,0.37037037037037035
CP6,VP001,"{""C"": 16.23776739188721, ""gamma"": ""scale""}",0.7592295345104334,0.6759259259259259,0.6655755109263028,0.7007827788649706,0.6759259259259259,0.35185185185185186
P4,VP001,"{""C"": 11.288378916846883, ""gamma"": ""scale""}",0.7370226075504829,0.5925925925925926,0.5834502103786816,0.6015037593984962,0.5925925925925926,0.18518518518518523
P8,VP001,"{""C"": 5.455594781168517, ""gamma"": ""scale""}",0.6962587973823928,0.6481481481481481,0.6187290969899666,0.7142857142857143,0.6481481481481481,0.2962962962962963
O2,VP001,"{""C"": 5.455594781168517, ""gamma"": ""scale""}",0.6327237252504156,0.6203703703703703,0.6129032258064515,0.6304347826086956,0.6203703703703703,0.2407407407407407
Fp1,VP002,"{""C"": 0.6158482110660264, ""gamma"": ""auto""}",0.8641771554382544,0.7870370370370371,0.7848046435068873,0.7994633273703041,0.787037037037037,0.5740740740740741
AF5,VP002,"{""C"": 2.636650898730358, ""gamma"": ""auto""}",0.8405635891731553,0.7777777777777778,0.7770897832817337,0.78125,0.7777777777777778,0.5555555555555556
AFz,VP002,"{""C"": 1.2742749857031335, ""gamma"": ""scale""}",0.849624060150376,0.7592592592592593,0.7589285714285714,0.7606896551724138,0.7592592592592593,0.5185185185185186
F1,VP002,"{""C"": 1.2742749857031335, ""gamma"": ""scale""}",0.8182167933057614,0.6944444444444444,0.6931554024967714,0.6977677014300663,0.6944444444444444,0.38888888888888884
FC5,VP002,"{""C"": 0.8858667904100825, ""gamma"": ""scale""}",0.8047352561343091,0.6851851851851852,0.6798046738751309,0.6985294117647058,0.6851851851851851,0.37037037037037035
FC1,VP002,"{""C"": 2.636650898730358, ""gamma"": ""scale""}",0.7962711445857513,0.7037037037037037,0.7011414735385679,0.7109375,0.7037037037037037,0.40740740740740744
T7,VP002,"{""C"": 2.636650898730358, ""gamma"": ""scale""}",0.7665513833992095,0.6388888888888888,0.6363636363636364,0.6428571428571428,0.6388888888888888,0.2777777777777778
C3,VP002,"{""C"": 1.2742749857031335, ""gamma"": ""scale""}",0.7922477637780129,0.6296296296296297,0.6213183730715287,0.6421052631578947,0.6296296296296297,0.2592592592592593
Cz,VP002,"{""C"": 1.8329807108324356, ""gamma"": ""scale""}",0.7685177246835551,0.6574074074074074,0.6506687647521636,0.6705685618729097,0.6574074074074074,0.31481481481481477
CP5,VP002,"{""C"": 3.79269019073225, ""gamma"": ""scale""}",0.7812894722390027,0.6481481481481481,0.6451054998270495,0.6534090909090908,0.6481481481481481,0.2962962962962963
CP1,VP002,"{""C"": 5.455594781168517, ""gamma"": ""scale""}",0.7777503395480924,0.6203703703703703,0.6195549445828679,0.6214112763749569,0.6203703703703703,0.2407407407407407
P7,VP002,"{""C"": 16.23776739188721, ""gamma"": ""scale""}",0.694317600924938,0.6203703703703703,0.6147890387124837,0.627775755369494,0.6203703703703703,0.2407407407407407
P3,VP002,"{""C"": 3.79269019073225, ""gamma"": ""scale""}",0.7350316198345406,0.6018518518518519,0.5940204563335956,0.6103678929765887,0.6018518518518519,0.20370370370370372
Pz,VP002,"{""C"": 2.636650898730358, ""gamma"": ""scale""}",0.7442725563135715,0.6203703703703703,0.6163908862514078,0.6255813953488372,0.6203703703703703,0.2407407407407407
POz,VP002,"{""C"": 33.59818286283781, ""gamma"": ""scale""}",0.6737876874073261,0.6018518518518519,0.5959982601130926,0.6081179468511103,0.6018518518518519,0.20370370370370372
O1,VP002,"{""C"": 3.79269019073225, ""gamma"": ""scale""}",0.6518327480245829,0.5925925925925926,0.5874999999999999,0.5974025974025974,0.5925925925925926,0.18518518518518523
Fp2,VP002,"{""C"": 1.2742749857031335, ""gamma"": ""auto""}",0.8516055455557234,0.8333333333333334,0.8328173374613003,0.8375,0.8333333333333333,0.6666666666666667
AF6,VP002,"{""C"": 0.8858667904100825, ""gamma"": ""auto""}",0.8288690476190477,0.7777777777777778,0.7758561051539259,0.7876420454545454,0.7777777777777778,0.5555555555555556
F2,VP002,"{""C"": 1.8329807108324356, ""gamma"": ""scale""}",0.8314762801321028,0.7222222222222222,0.7213622291021672,0.725,0.7222222222222222,0.4444444444444444
FC2,VP002,"{""C"": 2.636650898730358, ""gamma"": ""scale""}",0.8110696449152077,0.7314814814814815,0.7303486870426172,0.7354377397976979,0.7314814814814814,0.4629629629629629
FC6,VP002,"{""C"": 1.8329807108324356, ""gamma"": ""scale""}",0.79432524336807,0.7685185185185185,0.7675419715884633,0.7731077781653296,0.7685185185185186,0.537037037037037
C4,VP002,"{""C"": 1.8329807108324356, ""gamma"": ""scale""}",0.7907055712379653,0.7222222222222222,0.7206896551724138,0.7272089761570828,0.7222222222222222,0.4444444444444444
T8,VP002,"{""C"": 5.455594781168517, ""gamma"": ""scale""}",0.7296147936786654,0.6666666666666666,0.6625,0.6753246753246753,0.6666666666666667,0.33333333333333337
CP2,VP002,"{""C"": 3.79269019073225, ""gamma"": ""scale""}",0.7611037377696843,0.6203703703703703,0.6187688334050796,0.622427624694803,0.6203703703703705,0.2407407407407407
CP6,VP002,"{""C"": 3.79269019073225, ""gamma"": ""scale""}",0.7610709618557302,0.6296296296296297,0.6275862068965516,0.632538569424965,0.6296296296296297,0.2592592592592593
P4,VP002,"{""C"": 2.636650898730358, ""gamma"": ""scale""}",0.7388808296552363,0.6203703703703703,0.6147890387124837,0.627775755369494,0.6203703703703703,0.2407407407407407
P8,VP002,"{""C"": 11.288378916846883, ""gamma"": ""scale""}",0.6943930907457014,0.6296296296296297,0.62642684192321,0.6342329545454546,0.6296296296296297,0.2592592592592593
O2,VP002,"{""C"": 5.455594781168517, ""gamma"": ""scale""}",0.6702075098814229,0.6111111111111112,0.609907120743034,0.6125,0.6111111111111112,0.2222222222222222
Fp1,VP003,"{""C"": 11.288378916846883, ""gamma"": ""auto""}",0.8462957691898806,0.9166666666666666,0.9166023166023166,0.9179566563467492,0.9166666666666666,0.8333333333333334
AF5,VP003,"{""C"": 1.8329807108324356, ""gamma"": ""scale""}",0.8388618114840971,0.9166666666666666,0.9166023166023166,0.9179566563467492,0.9166666666666666,0.8333333333333334
AFz,VP003,"{""C"": 5.455594781168517, ""gamma"": ""scale""}",0.8388618114840971,0.8888888888888888,0.8887362637362637,0.8910344827586207,0.8888888888888888,0.7777777777777778
F1,VP003,"{""C"": 5.455594781168517, ""gamma"": ""scale""}",0.8238076102747983,0.8518518518518519,0.8510344827586207,0.8597475455820476,0.8518518518518519,0.7037037037037037
FC5,VP003,"{""C"": 3.79269019073225, ""gamma"": ""scale""}",0.8073413379073757,0.8796296296296297,0.8795366795366795,0.8808049535603715,0.8796296296296297,0.7592592592592593
FC1,VP003,"{""C"": 1.2742749857031335, ""gamma"": ""scale""}",0.8103593119499801,0.8148148148148148,0.8148148148148148,0.8148148148148148,0.8148148148148148,0.6296296296296297
T7,VP003,"{""C"": 1.8329807108324356, ""gamma"": ""scale""}",0.7552836484983314,0.8055555555555556,0.8055388836491468,0.8056603773584906,0.8055555555555556,0.6111111111111112
C3,VP003,"{""C"": 2.636650898730358, ""gamma"": ""scale""}",0.8125612165993642,0.8055555555555556,0.8047352561343091,0.8107778165329613,0.8055555555555556,0.6111111111111112
Cz,VP003,"{""C"": 16.23776739188721, ""gamma"": ""scale""}",0.7868725868725869,0.7129629629629629,0.7129383520535025,0.7130360205831904,0.712962962962963,0.42592592592592593
CP5,VP003,"{""C"": 5.455594781168517, ""gamma"": ""scale""}",0.7756481789870175,0.7870370370370371,0.7861386138613862,0.7919427973491454,0.787037037037037,0.5740740740740741
CP1,VP003,"{""C"": 3.79269019073225, ""gamma"": ""scale""}",0.7792291227913464,0.75,0.7473793641167807,0.7608228980322004,0.75,0.5
P7,VP003,"{""C"": 2.636650898730358, ""gamma"": ""scale""}",0.7106308138336608,0.6481481481481481,0.6480274442538594,0.6483516483516484,0.6481481481481481,0.2962962962962963
P3,VP003,"{""C"": 3.79269019073225, ""gamma"": ""scale""}",0.7437555017605634,0.6944444444444444,0.6937881261276742,0.6961259079903148,0.6944444444444444,0.38888888888888884
Pz,VP003,"{""C"": 1.8329807108324356, ""gamma"": ""scale""}",0.7317103465408024,0.6759259259259259,0.6725288053365677,0.6835420393559928,0.6759259259259259,0.35185185185185186
POz,VP003,"{""C"": 69.51927961775606, ""gamma"": ""auto""}",0.6757913949203888,0.6388888888888888,0.638857926776987,0.6389365351629502,0.6388888888888888,0.2777777777777778
O1,VP003,"{""C"": 48.32930238571752, ""gamma"": ""scale""}",0.6202648883949244,0.6203703703703703,0.6163908862514078,0.6255813953488372,0.6203703703703703,0.2407407407407407
Fp2,VP003,"{""C"": 2.636650898730358, ""gamma"": ""auto""}",0.8536630545521904,0.8888888888888888,0.8888888888888888,0.8888888888888888,0.8888888888888888,0.7777777777777778
AF6,VP003,"{""C"": 3.79269019073225, ""gamma"": ""scale""}",0.840600801801307,0.8148148148148148,0.8145604395604396,0.816551724137931,0.8148148148148149,0.6296296296296297
F2,VP003,"{""C"": 3.79269019073225, ""gamma"": ""scale""}",0.8331479421579533,0.8333333333333334,0.8328173374613003,0.8375,0.8333333333333333,0.6666666666666667
FC2,VP003,"{""C"": 1.8329807108324356, ""gamma"": ""scale""}",0.8087812122899842,0.8148148148148148,0.8148148148148148,0.8148148148148148,0.8148148148148148,0.6296296296296297
FC6,VP003,"{""C"": 1.2742749857031335, ""gamma"": ""scale""}",0.8202662036639891,0.7962962962962963,0.7962264150943397,0.7967032967032968,0.7962962962962963,0.5925925925925926
C4,VP003,"{""C"": 3.79269019073225, ""gamma"": ""scale""}",0.7941896517980078,0.7962962962962963,0.7960164835164836,0.7979310344827586,0.7962962962962963,0.5925925925925926
T8,VP003,"{""C"": 7.847599703514611, ""gamma"": ""scale""}",0.7314584583726313,0.7037037037037037,0.7037037037037037,0.7037037037037037,0.7037037037037037,0.40740740740740744
CP2,VP003,"{""C"": 16.23776739188721, ""gamma"": ""scale""}",0.7679383644295925,0.7129629629629629,0.7127413127413127,0.7136222910216719,0.712962962962963,0.42592592592592593
CP6,VP003,"{""C"": 5.455594781168517, ""gamma"": ""scale""}",0.7626992955135335,0.7222222222222222,0.7213622291021672,0.725,0.7222222222222222,0.4444444444444444
P4,VP003,"{""C"": 7.847599703514611, ""gamma"": ""scale""}",0.7547987616099071,0.6944444444444444,0.6942084942084943,0.695046439628483,0.6944444444444444,0.38888888888888884
P8,VP003,"{""C"": 3.79269019073225, ""gamma"": ""scale""}",0.6944182457343737,0.6111111111111112,0.6111111111111112,0.6111111111111112,0.6111111111111112,0.2222222222222222
O2,VP003,"{""C"": 0.6158482110660264, ""gamma"": ""scale""}",0.6218902740403097,0.6203703703703703,0.6203378204578582,0.6204116638078903,0.6203703703703705,0.2407407407407407
Fp1,VP004,"{""C"": 1.8329807108324356, ""gamma"": ""auto""}",0.8370012622797871,0.7129629629629629,0.7016840417000803,0.750909090909091,0.712962962962963,0.42592592592592593
AF5,VP004,"{""C"": 2.636650898730358, ""gamma"": ""scale""}",0.8221831952143132,0.5833333333333334,0.5509562967753857,0.6171084337349397,0.5833333333333334,0.16666666666666663
AFz,VP004,"{""C"": 11.288378916846883, ""gamma"": ""auto""}",0.8145604395604396,0.5648148148148148,0.5309987988542918,0.5910843373493976,0.5648148148148149,0.12962962962962965
F1,VP004,"{""C"": 2.636650898730358, ""gamma"": ""scale""}",0.8055015282022784,0.5185185185185185,0.47218045112781953,0.5285412262156448,0.5185185185185185,0.03703703703703709
FC5,VP004,"{""C"": 2.636650898730358, ""gamma"": ""scale""}",0.7925669835782195,0.4722222222222222,0.3489159175039661,0.3854314002828854,0.4722222222222222,-0.05555555555555558
FC1,VP004,"{""C"": 7.847599703514611, ""gamma"": ""scale""}",0.7999313893653517,0.48148148148148145,0.3890909090909091,0.453125,0.48148148148148145,-0.03703703703703698
T7,VP004,"{""C"": 5.455594781168517, ""gamma"": ""scale""}",0.7980920626099842,0.46296296296296297,0.31645569620253167,0.2403846153846154,0.46296296296296297,-0.07407407407407418
C3,VP004,"{""C"": 5.455594781168517, ""gamma"": ""scale""}",0.7981474559240601,0.4722222222222222,0.3354204901219907,0.34271844660194173,0.4722222222222222,-0.05555555555555558
Cz,VP004,"{""C"": 3.79269019073225, ""gamma"": ""scale""}",0.7777015437392796,0.48148148148148145,0.36656891495601174,0.4325,0.4814814814814815,-0.03703703703703698
CP5,VP004,"{""C"": 3.79269019073225, ""gamma"": ""scale""}",0.7814065180102916,0.48148148148148145,0.325,0.24528301886792453,0.48148148148148145,-0.03703703703703698
CP1,VP004,"{""C"": 3.79269019073225, ""gamma"": ""scale""}",0.7850406995099587,0.49074074074074076,0.35873906941595596,0.4475728155339806,0.4907407407407407,-0.0185185185185186
P7,VP004,"{""C"": 5.455594781168517, ""gamma"": ""scale""}",0.7054333245276676,0.48148148148148145,0.3400261894369271,0.3701923076923077,0.48148148148148145,-0.03703703703703698
P3,VP004,"{""C"": 1.8329807108324356, ""gamma"": ""scale""}",0.7626373626373626,0.48148148148148145,0.36656891495601174,0.4325,0.4814814814814815,-0.03703703703703698
Pz,VP004,"{""C"": 1.2742749857031335, ""gamma"": ""scale""}",0.734856938802839,0.4722222222222222,0.3489159175039661,0.3854314002828854,0.4722222222222222,-0.05555555555555558
POz,VP004,"{""C"": 3.79269019073225, ""gamma"": ""scale""}",0.6833322473671035,0.46296296296296297,0.31645569620253167,0.2403846153846154,0.46296296296296297,-0.07407407407407418
O1,VP004,"{""C"": 2.636650898730358, ""gamma"": ""scale""}",0.63878855237566,0.5,0.3333333333333333,0.25,0.5,0.0
Fp2,VP004,"{""C"": 1.8329807108324356, ""gamma"": ""auto""}",0.8574030062656255,0.6944444444444444,0.6824378508420208,0.7290909090909091,0.6944444444444444,0.38888888888888884
AF6,VP004,"{""C"": 3.79269019073225, ""gamma"": ""scale""}",0.8110463121783877,0.5648148148148148,0.5358024691358025,0.5864197530864197,0.5648148148148148,0.12962962962962965
F2,VP004,"{""C"": 2.636650898730358, ""gamma"": ""scale""}",0.8110877886158785,0.5092592592592593,0.4516716160551777,0.515966883500887,0.5092592592592593,0.01851851851851849
FC2,VP004,"{""C"": 2.636650898730358, ""gamma"": ""scale""}",0.8018511723291233,0.49074074074074076,0.3837535014005602,0.4696969696969697,0.49074074074074076,-0.0185185185185186
FC6,VP004,"{""C"": 1.8329807108324356, ""gamma"": ""scale""}",0.799997256478141,0.49074074074074076,0.3948038716250637,0.47469540768509844,0.4907407407407407,-0.0185185185185186
C4,VP004,"{""C"": 7.847599703514611, ""gamma"": ""scale""}",0.8074047654974692,0.49074074074074076,0.37176097303014277,0.4618104667609618,0.49074074074074076,-0.0185185185185186
T8,VP004,"{""C"": 1.2742749857031335, ""gamma"": ""scale""}",0.7439386442355269,0.4722222222222222,0.32075471698113206,0.24285714285714285,0.4722222222222222,-0.05555555555555558
CP2,VP004,"{""C"": 5.455594781168517, ""gamma"": ""scale""}",0.7961592840180642,0.4722222222222222,0.3489159175039661,0.3854314002828854,0.4722222222222222,-0.05555555555555558
CP6,VP004,"{""C"": 16.23776739188721, ""gamma"": ""scale""}",0.7703577699736611,0.4722222222222222,0.32075471698113206,0.24285714285714285,0.4722222222222222,-0.05555555555555558
P4,VP004,"{""C"": 3.79269019073225, ""gamma"": ""scale""}",0.7684796142012891,0.48148148148148145,0.36656891495601174,0.4325,0.4814814814814815,-0.03703703703703698
P8,VP004,"{""C"": 2.636650898730358, ""gamma"": ""scale""}",0.7125282062378289,0.49074074074074076,0.32919254658385094,0.24766355140186916,0.49074074074074076,-0.0185185185185186
O2,VP004,"{""C"": 11.288378916846883, ""gamma"": ""scale""}",0.6573968332355937,0.4537037037037037,0.31210191082802546,0.23786407766990292,0.4537037037037037,-0.09259259259259256
Fp1,VP005,"{""C"": 0.8858667904100825, ""gamma"": ""scale""}",0.8683193718895861,0.7314814814814815,0.7246593406593407,0.7569470879330034,0.7314814814814814,0.4629629629629629
AF5,VP005,"{""C"": 1.8329807108324356, ""gamma"": ""scale""}",0.8591897233201582,0.7870370370370371,0.7855477855477855,0.7952380952380953,0.787037037037037,0.5740740740740741
AFz,VP005,"{""C"": 1.8329807108324356, ""gamma"": ""scale""}",0.8444359086918349,0.75,0.7489453293155403,0.7542727589815138,0.75,0.5
F1,VP005,"{""C"": 1.8329807108324356, ""gamma"": ""scale""}",0.8351574853113177,0.7592592592592593,0.7571774472500865,0.7684659090909092,0.7592592592592593,0.5185185185185186
FC5,VP005,"{""C"": 33.59818286283781, ""gamma"": ""auto""}",0.8351710537597531,0.7962962962962963,0.7951724137931034,0.802945301542777,0.7962962962962963,0.5925925925925926
FC1,VP005,"{""C"": 5.455594781168517, ""gamma"": ""scale""}",0.8109010011123471,0.8240740740740741,0.8236961938310852,0.8268765133171913,0.8240740740740741,0.6481481481481481
T7,VP005,"{""C"": 5.455594781168517, ""gamma"": ""scale""}",0.8110463121783877,0.7870370370370371,0.7839060461070031,0.8046960320349472,0.787037037037037,0.5740740740740741
C3,VP005,"{""C"": 3.79269019073225, ""gamma"": ""scale""}",0.8091119691119691,0.8333333333333334,0.8328173374613003,0.8375,0.8333333333333333,0.6666666666666667
Cz,VP005,"{""C"": 11.288378916846883, ""gamma"": ""scale""}",0.7886540600667409,0.8148148148148148,0.8137931034482759,0.8218793828892006,0.8148148148148148,0.6296296296296297
CP5,VP005,"{""C"": 11.288378916846883, ""gamma"": ""scale""}",0.8182692307692307,0.8611111111111112,0.8610992026065335,0.8612349914236707,0.8611111111111112,0.7222222222222222
CP1,VP005,"{""C"": 11.288378916846883, ""gamma"": ""scale""}",0.7832969188924065,0.7962962962962963,0.7960164835164836,0.7979310344827586,0.7962962962962963,0.5925925925925926
P7,VP005,"{""C"": 23.357214690901213, ""gamma"": ""scale""}",0.6962962962962963,0.7592592592592593,0.7585139318885449,0.7625,0.7592592592592593,0.5185185185185186
P3,VP005,"{""C"": 7.847599703514611, ""gamma"": ""scale""}",0.7609725801304597,0.8425925925925926,0.8425790962874047,0.8427101200686107,0.8425925925925926,0.6851851851851851
Pz,VP005,"{""C"": 7.847599703514611, ""gamma"": ""scale""}",0.766637856525497,0.7870370370370371,0.787018777330018,0.7871355060034306,0.787037037037037,0.5740740740740741
POz,VP005,"{""C"": 5.455594781168517, ""gamma"": ""scale""}",0.6962962962962963,0.7129629629629629,0.7127413127413127,0.7136222910216719,0.712962962962963,0.42592592592592593
O1,VP005,"{""C"": 33.59818286283781, ""gamma"": ""scale""}",0.6537025161265985,0.6296296296296297,0.62642684192321,0.6342329545454546,0.6296296296296297,0.2592592592592593
Fp2,VP005,"{""C"": 1.2742749857031335, ""gamma"": ""auto""}",0.8683193718895861,0.7870370370370371,0.7839060461070031,0.8046960320349472,0.787037037037037,0.5740740740740741
AF6,VP005,"{""C"": 7.847599703514611, ""gamma"": ""auto""}",0.8425790962874047,0.7870370370370371,0.786579603058682,0.7895191975095123,0.787037037037037,0.5740740740740741
F2,VP005,"{""C"": 1.2742749857031335, ""gamma"": ""scale""}",0.8202958017558726,0.75,0.7482517482517483,0.7571428571428571,0.75,0.5
FC2,VP005,"{""C"": 7.847599703514611, ""gamma"": ""scale""}",0.8166157265907197,0.7777777777777778,0.7777777777777778,0.7777777777777778,0.7777777777777778,0.5555555555555556
FC6,VP005,"{""C"": 3.79269019073225, ""gamma"": ""scale""}",0.8165603521931435,0.8148148148148148,0.8142414860681115,0.81875,0.8148148148148149,0.6296296296296297
C4,VP005,"{""C"": 7.847599703514611, ""gamma"": ""scale""}",0.8054054054054054,0.7685185185185185,0.7680213076724804,0.7708405396056728,0.7685185185185185,0.537037037037037
T8,VP005,"{""C"": 11.288378916846883, ""gamma"": ""scale""}",0.7240277001279365,0.7222222222222222,0.7213622291021672,0.725,0.7222222222222222,0.4444444444444444
CP2,VP005,"{""C"": 16.23776739188721, ""gamma"": ""scale""}",0.8017695957513233,0.7592592592592593,0.7585139318885449,0.7625,0.7592592592592593,0.5185185185185186
CP6,VP005,"{""C"": 48.32930238571752, ""gamma"": ""scale""}",0.7721839403740683,0.7314814814814815,0.7314584583726313,0.7315608919382504,0.7314814814814814,0.4629629629629629
P4,VP005,"{""C"": 69.51927961775606, ""gamma"": ""scale""}",0.7684986710108892,0.7592592592592593,0.7592592592592593,0.7592592592592593,0.7592592592592593,0.5185185185185186
P8,VP005,"{""C"": 33.59818286283781, ""gamma"": ""scale""}",0.6869844384001427,0.6666666666666666,0.6662087912087913,0.6675862068965517,0.6666666666666667,0.33333333333333337
O2,VP005,"{""C"": 0.29763514416313175, ""gamma"": ""scale""}",0.6475524475524476,0.6759259259259259,0.6752298307414726,0.6774472500864752,0.6759259259259259,0.35185185185185186
Fp1,VP006,"{""C"": 2.636650898730358, ""gamma"": ""auto""}",0.8555555555555555,0.8611111111111112,0.8610038610038611,0.8622291021671826,0.8611111111111112,0.7222222222222222
AF5,VP006,"{""C"": 1.8329807108324356, ""gamma"": ""scale""}",0.8444423105941097,0.8333333333333334,0.8318920788654445,0.8451704545454546,0.8333333333333333,0.6666666666666667
AFz,VP006,"{""C"": 5.455594781168517, ""gamma"": ""scale""}",0.8239382239382239,0.8333333333333334,0.8328173374613003,0.8375,0.8333333333333333,0.6666666666666667
F1,VP006,"{""C"": 3.79269019073225, ""gamma"": ""scale""}",0.8073836276083467,0.7870370370370371,0.7868725868725869,0.7879256965944272,0.787037037037037,0.5740740740740741
FC5,VP006,"{""C"": 3.79269019073225, ""gamma"": ""scale""}",0.8073413379073757,0.75,0.7494630122862789,0.7521618817018332,0.75,0.5
FC1,VP006,"{""C"": 1.8329807108324356, ""gamma"": ""scale""}",0.7961956521739131,0.7592592592592593,0.7589285714285714,0.7606896551724138,0.7592592592592593,0.5185185185185186
T7,VP006,"{""C"": 23.357214690901213, ""gamma"": ""scale""}",0.7552836484983314,0.6018518518518519,0.6009966491966663,0.6027326184711173,0.6018518518518519,0.20370370370370372
C3,VP006,"{""C"": 2.636650898730358, ""gamma"": ""scale""}",0.7981142235835239,0.7129629629629629,0.7123464215138757,0.7148045658941543,0.712962962962963,0.42592592592592593
Cz,VP006,"{""C"": 1.8329807108324356, ""gamma"": ""scale""}",0.79432524336807,0.6851851851851852,0.683448275862069,0.6893408134642356,0.6851851851851852,0.37037037037037035
CP5,VP006,"{""C"": 7.847599703514611, ""gamma"": ""scale""}",0.7777503395480924,0.7129629629629629,0.7129383520535025,0.7130360205831904,0.712962962962963,0.42592592592592593
CP1,VP006,"{""C"": 2.636650898730358, ""gamma"": ""scale""}",0.7684986710108892,0.7037037037037037,0.7027863777089783,0.70625,0.7037037037037037,0.40740740740740744
P7,VP006,"{""C"": 16.23776739188721, ""gamma"": ""scale""}",0.6905614021843935,0.6481481481481481,0.6462068965517241,0.6514726507713885,0.6481481481481481,0.2962962962962963
P3,VP006,"{""C"": 2.636650898730358, ""gamma"": ""scale""}",0.738816337871631,0.7222222222222222,0.7218406593406593,0.723448275862069,0.7222222222222223,0.4444444444444444
Pz,VP006,"{""C"": 100.0, ""gamma"": ""scale""}",0.7221612425223642,0.6759259259259259,0.6752298307414726,0.6774472500864752,0.6759259259259259,0.35185185185185186
POz,VP006,"{""C"": 33.59818286283781, ""gamma"": ""scale""}",0.6907311954072657,0.6851851851851852,0.6850771869639793,0.6854395604395604,0.6851851851851851,0.37037037037037035
O1,VP006,"{""C"": 0.42813323987193935, ""gamma"": ""scale""}",0.633817652343629,0.6388888888888888,0.635103525946461,0.644901610017889,0.6388888888888888,0.2777777777777778
Fp2,VP006,"{""C"": 1.2742749857031335, ""gamma"": ""auto""}",0.8628952569169961,0.8703703703703703,0.8703259005145798,0.8708791208791209,0.8703703703703703,0.7407407407407407
AF6,VP006,"{""C"": 1.8329807108324356, ""gamma"": ""auto""}",0.8129571900367296,0.8518518518518519,0.8518010291595197,0.8523351648351649,0.8518518518518519,0.7037037037037037
F2,VP006,"{""C"": 3.79269019073225, ""gamma"": ""scale""}",0.8073836276083467,0.8333333333333334,0.8331043956043955,0.8351724137931034,0.8333333333333333,0.6666666666666667
FC2,VP006,"{""C"": 1.8329807108324356, ""gamma"": ""scale""}",0.7925470610833654,0.7685185185185185,0.7684986710108892,0.7686106346483705,0.7685185185185186,0.537037037037037
FC6,VP006,"{""C"": 5.455594781168517, ""gamma"": ""scale""}",0.7907342819222816,0.8518518518518519,0.8516483516483516,0.8537931034482759,0.8518518518518519,0.7037037037037037
C4,VP006,"{""C"": 1.8329807108324356, ""gamma"": ""scale""}",0.7924530891820291,0.7870370370370371,0.787018777330018,0.7871355060034306,0.787037037037037,0.5740740740740741
T8,VP006,"{""C"": 11.288378916846883, ""gamma"": ""scale""}",0.7037037037037037,0.75,0.7494630122862789,0.7521618817018332,0.75,0.5
CP2,VP006,"{""C"": 3.79269019073225, ""gamma"": ""scale""}",0.7776679841897234,0.7685185185185185,0.7683397683397684,0.7693498452012384,0.7685185185185185,0.537037037037037
CP6,VP006,"{""C"": 23.357214690901213, ""gamma"": ""scale""}",0.7555522023621724,0.7962962962962963,0.7951724137931034,0.802945301542777,0.7962962962962963,0.5925925925925926
P4,VP006,"{""C"": 11.288378916846883, ""gamma"": ""scale""}",0.7441601779755284,0.75,0.7498069498069498,0.7507739938080495,0.75,0.5
P8,VP006,"{""C"": 16.23776739188721, ""gamma"": ""scale""}",0.6925757243195786,0.7407407407407407,0.7375,0.7532467532467533,0.7407407407407407,0.4814814814814815
O2,VP006,"{""C"": 3.79269019073225, ""gamma"": ""scale""}",0.6585848589807026,0.6666666666666666,0.6571428571428571,0.6875,0.6666666666666667,0.33333333333333337
Fp1,VP007,"{""C"": 1.2742749857031335, ""gamma"": ""scale""}",0.8571482559238124,0.9444444444444444,0.9444444444444444,0.9444444444444444,0.9444444444444444,0.8888888888888888
AF5,VP007,"{""C"": 7.847599703514611, ""gamma"": ""auto""}",0.8129469261767984,0.8703703703703703,0.8699690402476781,0.875,0.8703703703703703,0.7407407407407407
AFz,VP007,"{""C"": 23.357214690901213, ""gamma"": ""auto""}",0.8259235380457894,0.8796296296296297,0.8791218252260009,0.8861178932682247,0.8796296296296295,0.7592592592592593
F1,VP007,"{""C"": 33.59818286283781, ""gamma"": ""scale""}",0.7944380999413563,0.8240740740740741,0.823331898407232,0.8296128357167771,0.8240740740740741,0.6481481481481481
FC5,VP007,"{""C"": 48.32930238571752, ""gamma"": ""scale""}",0.7721589330369547,0.8240740740740741,0.8236961938310852,0.8268765133171913,0.8240740740740741,0.6481481481481481
FC1,VP007,"{""C"": 1.8329807108324356, ""gamma"": ""scale""}",0.7790773229369721,0.8888888888888888,0.8888888888888888,0.8888888888888888,0.8888888888888888,0.7777777777777778
T7,VP007,"{""C"": 11.288378916846883, ""gamma"": ""scale""}",0.7481343283582089,0.6296296296296297,0.6284829721362228,0.6312500000000001,0.6296296296296297,0.2592592592592593
C3,VP007,"{""C"": 100.0, ""gamma"": ""scale""}",0.7755186878802767,0.7870370370370371,0.786579603058682,0.7895191975095123,0.787037037037037,0.5740740740740741
Cz,VP007,"{""C"": 5.455594781168517, ""gamma"": ""scale""}",0.7628035304937475,0.7870370370370371,0.7848046435068873,0.7994633273703041,0.787037037037037,0.5740740740740741
CP5,VP007,"{""C"": 11.288378916846883, ""gamma"": ""scale""}",0.7773379515091539,0.7129629629629629,0.7129383520535025,0.7130360205831904,0.712962962962963,0.42592592592592593
CP1,VP007,"{""C"": 5.455594781168517, ""gamma"": ""scale""}",0.76730476870094,0.75,0.7473793641167807,0.7608228980322004,0.75,0.5
P7,VP007,"{""C"": 7.847599703514611, ""gamma"": ""scale""}",0.6818396380813903,0.5833333333333334,0.5635383924562192,0.6018014243820695,0.5833333333333333,0.16666666666666663
P3,VP007,"{""C"": 100.0, ""gamma"": ""auto""}",0.734980694980695,0.6203703703703703,0.6163908862514078,0.6255813953488372,0.6203703703703703,0.2407407407407407
Pz,VP007,"{""C"": 1.2742749857031335, ""gamma"": ""scale""}",0.7153302024938756,0.6944444444444444,0.6899521531100479,0.7064069894430287,0.6944444444444444,0.38888888888888884
POz,VP007,"{""C"": 48.32930238571752, ""gamma"": ""scale""}",0.6643993421210759,0.5462962962962963,0.5373721479150275,0.5501672240802675,0.5462962962962963,0.09259259259259256
O1,VP007,"{""C"": 16.23776739188721, ""gamma"": ""scale""}",0.6436182645639411,0.5462962962962963,0.5347692307692308,0.5513894175866006,0.5462962962962963,0.09259259259259256
Fp2,VP007,"{""C"": 0.8858667904100825, ""gamma"": ""auto""}",0.8420025403513121,0.9166666666666666,0.9166595215639202,0.9168096054888508,0.9166666666666667,0.8333333333333334
AF6,VP007,"{""C"": 1.2742749857031335, ""gamma"": ""scale""}",0.8160604736460007,0.8888888888888888,0.8887362637362637,0.8910344827586207,0.8888888888888888,0.7777777777777778
F2,VP007,"{""C"": 1.8329807108324356, ""gamma"": ""scale""}",0.8071428571428572,0.8611111111111112,0.8610038610038611,0.8622291021671826,0.8611111111111112,0.7222222222222222
FC2,VP007,"{""C"": 7.847599703514611, ""gamma"": ""scale""}",0.7943873298138372,0.8333333333333334,0.8333333333333334,0.8333333333333334,0.8333333333333334,0.6666666666666667
FC6,VP007,"{""C"": 7.847599703514611, ""gamma"": ""scale""}",0.7907055712379653,0.8240740740740741,0.8236961938310852,0.8268765133171913,0.8240740740740741,0.6481481481481481
C4,VP007,"{""C"": 16.23776739188721, ""gamma"": ""scale""}",0.7814065180102916,0.8796296296296297,0.8795366795366795,0.8808049535603715,0.8796296296296297,0.7592592592592593
T8,VP007,"{""C"": 11.288378916846883, ""gamma"": ""scale""}",0.71107544141252,0.7592592592592593,0.7579310344827586,0.7650771388499299,0.7592592592592593,0.5185185185185186
CP2,VP007,"{""C"": 2.636650898730358, ""gamma"": ""scale""}",0.7547987616099071,0.7592592592592593,0.7571774472500865,0.7684659090909092,0.7592592592592593,0.5185185185185186
CP6,VP007,"{""C"": 100.0, ""gamma"": ""auto""}",0.7166423733173284,0.7777777777777778,0.7777015437392796,0.7781593406593407,0.7777777777777778,0.5555555555555556
P4,VP007,"{""C"": 1.8329807108324356, ""gamma"": ""scale""}",0.7213622291021672,0.7222222222222222,0.7198201314424075,0.7301136363636364,0.7222222222222222,0.4444444444444444
P8,VP007,"{""C"": 1.2742749857031335, ""gamma"": ""scale""}",0.6777733576592271,0.6388888888888888,0.6317859952793077,0.6505016722408027,0.6388888888888888,0.2777777777777778
O2,VP007,"{""C"": 5.455594781168517, ""gamma"": ""scale""}",0.6462853791783697,0.5648148148148148,0.5584167029143106,0.568802329814343,0.5648148148148149,0.12962962962962965
Fp1,VP008,"{""C"": 1.8329807108324356, ""gamma"": ""auto""}",0.8535907335907336,0.9444444444444444,0.94442538593482,0.945054945054945,0.9444444444444444,0.8888888888888888
AF5,VP008,"{""C"": 2.636650898730358, ""gamma"": ""scale""}",0.8258088427063459,0.9259259259259259,0.9259005145797599,0.926510989010989,0.9259259259259259,0.8518518518518519
AFz,VP008,"{""C"": 1.8329807108324356, ""gamma"": ""auto""}",0.8182692307692307,0.9537037037037037,0.9536679536679536,0.9551083591331269,0.9537037037037037,0.9074074074074074
F1,VP008,"{""C"": 7.847599703514611, ""gamma"": ""scale""}",0.7925214408233276,0.9074074074074074,0.9074074074074074,0.9074074074074074,0.9074074074074074,0.8148148148148149
FC5,VP008,"{""C"": 5.455594781168517, ""gamma"": ""scale""}",0.8166509474406243,0.9259259259259259,0.9259259259259259,0.9259259259259259,0.9259259259259259,0.8518518518518519
FC1,VP008,"{""C"": 3.79269019073225, ""gamma"": ""scale""}",0.7924103465319348,0.8888888888888888,0.8888507718696398,0.8894230769230769,0.8888888888888888,0.7777777777777778
T7,VP008,"{""C"": 69.51927961775606, ""gamma"": ""scale""}",0.7755865351921115,0.8518518518518519,0.8516483516483516,0.8537931034482759,0.8518518518518519,0.7037037037037037
C3,VP008,"{""C"": 5.455594781168517, ""gamma"": ""scale""}",0.7975643058340413,0.8981481481481481,0.8980694980694981,0.8993808049535603,0.8981481481481481,0.7962962962962963
Cz,VP008,"{""C"": 100.0, ""gamma"": ""scale""}",0.7701149425287357,0.8796296296296297,0.8791218252260009,0.8861178932682247,0.8796296296296295,0.7592592592592593
CP5,VP008,"{""C"": 23.357214690901213, ""gamma"": ""scale""}",0.783118385505525,0.7962962962962963,0.79375,0.8116883116883117,0.7962962962962963,0.5925925925925926
CP1,VP008,"{""C"": 3.79269019073225, ""gamma"": ""scale""}",0.7660376320422535,0.8333333333333334,0.8333333333333334,0.8333333333333334,0.8333333333333334,0.6666666666666667
P7,VP008,"{""C"": 7.847599703514611, ""gamma"": ""scale""}",0.7219132369299222,0.6851851851851852,0.6850771869639793,0.6854395604395604,0.6851851851851851,0.37037037037037035
P3,VP008,"{""C"": 3.79269019073225, ""gamma"": ""scale""}",0.7547987616099071,0.7777777777777778,0.7777777777777778,0.7777777777777778,0.7777777777777778,0.5555555555555556
Pz,VP008,"{""C"": 11.288378916846883, ""gamma"": ""scale""}",0.7357283668095783,0.7592592592592593,0.7589285714285714,0.7606896551724138,0.7592592592592593,0.5185185185185186
POz,VP008,"{""C"": 16.23776739188721, ""gamma"": ""scale""}",0.6957913683892332,0.6666666666666666,0.6648275862068966,0.670406732117812,0.6666666666666666,0.33333333333333337
O1,VP008,"{""C"": 23.357214690901213, ""gamma"": ""scale""}",0.6422380205347549,0.6851851851851852,0.683448275862069,0.6893408134642356,0.6851851851851852,0.37037037037037035
Fp2,VP008,"{""C"": 1.8329807108324356, ""gamma"": ""auto""}",0.8387290558887237,0.9537037037037037,0.9536679536679536,0.9551083591331269,0.9537037037037037,0.9074074074074074
AF6,VP008,"{""C"": 1.8329807108324356, ""gamma"": ""scale""}",0.8274647766352539,0.9722222222222222,0.9722007722007722,0.9736842105263157,0.9722222222222222,0.9444444444444444
F2,VP008,"{""C"": 5.455594781168517, ""gamma"": ""scale""}",0.8036929323968394,0.9074074074074074,0.9073756432246998,0.9079670329670331,0.9074074074074074,0.8148148148148149
FC2,VP008,"{""C"": 3.79269019073225, ""gamma"": ""scale""}",0.7980920626099842,0.8981481481481481,0.8980694980694981,0.8993808049535603,0.8981481481481481,0.7962962962962963
FC6,VP008,"{""C"": 69.51927961775606, ""gamma"": ""scale""}",0.7925669835782195,0.8611111111111112,0.8610992026065335,0.8612349914236707,0.8611111111111112,0.7222222222222222
C4,VP008,"{""C"": 3.79269019073225, ""gamma"": ""scale""}",0.7923076923076924,0.8333333333333334,0.8331043956043955,0.8351724137931034,0.8333333333333333,0.6666666666666667
T8,VP008,"{""C"": 1.2742749857031335, ""gamma"": ""scale""}",0.7218406593406593,0.75,0.7489453293155403,0.7542727589815138,0.75,0.5
CP2,VP008,"{""C"": 1.8329807108324356, ""gamma"": ""scale""}",0.7529913089534632,0.8425925925925926,0.8424710424710424,0.8436532507739938,0.8425925925925926,0.6851851851851851
CP6,VP008,"{""C"": 5.455594781168517, ""gamma"": ""scale""}",0.7406838263542066,0.7685185185185185,0.7683397683397684,0.7693498452012384,0.7685185185185185,0.537037037037037
P4,VP008,"{""C"": 2.636650898730358, ""gamma"": ""scale""}",0.7458352085917181,0.7222222222222222,0.7221269296740995,0.7225274725274725,0.7222222222222222,0.4444444444444444
P8,VP008,"{""C"": 16.23776739188721, ""gamma"": ""scale""}",0.6662958843159066,0.6481481481481481,0.6462068965517241,0.6514726507713885,0.6481481481481481,0.2962962962962963
O2,VP008,"{""C"": 5.455594781168517, ""gamma"": ""scale""}",0.6313790867833657,0.7037037037037037,0.7011414735385679,0.7109375,0.7037037037037037,0.40740740740740744
Fp1,VP009,"{""C"": 1.8329807108324356, ""gamma"": ""auto""}",0.8592283628779979,0.8703703703703703,0.8699690402476781,0.875,0.8703703703703703,0.7407407407407407
AF5,VP009,"{""C"": 1.2742749857031335, ""gamma"": ""scale""}",0.8370012622797871,0.8425925925925926,0.8414918414918415,0.8523809523809524,0.8425925925925926,0.6851851851851851
AFz,VP009,"{""C"": 3.79269019073225, ""gamma"": ""scale""}",0.8314809035696282,0.8518518518518519,0.8510344827586207,0.8597475455820476,0.8518518518518519,0.7037037037037037
F1,VP009,"{""C"": 7.847599703514611, ""gamma"": ""scale""}",0.8110696449152077,0.8888888888888888,0.8882758620689655,0.8976157082748948,0.8888888888888888,0.7777777777777778
FC5,VP009,"{""C"": 2.636650898730358, ""gamma"": ""scale""}",0.8053626536588046,0.8425925925925926,0.8425790962874047,0.8427101200686107,0.8425925925925926,0.6851851851851851
FC1,VP009,"{""C"": 3.79269019073225, ""gamma"": ""scale""}",0.7959576251391198,0.8981481481481481,0.8979293753758915,0.9015911449325493,0.8981481481481481,0.7962962962962963
T7,VP009,"{""C"": 5.455594781168517, ""gamma"": ""scale""}",0.7496901170516311,0.8425925925925926,0.8422544892172867,0.8455551712210307,0.8425925925925926,0.6851851851851851
C3,VP009,"{""C"": 7.847599703514611, ""gamma"": ""scale""}",0.7809737250965888,0.8796296296296297,0.8796193089256623,0.8797598627787306,0.8796296296296295,0.7592592592592593
Cz,VP009,"{""C"": 3.79269019073225, ""gamma"": ""scale""}",0.7701149425287357,0.8796296296296297,0.8795366795366795,0.8808049535603715,0.8796296296296297,0.7592592592592593
CP5,VP009,"{""C"": 48.32930238571752, ""gamma"": ""scale""}",0.7405129331649185,0.9074074074074074,0.9073756432246998,0.9079670329670331,0.9074074074074074,0.8148148148148149
CP1,VP009,"{""C"": 5.455594781168517, ""gamma"": ""scale""}",0.7736269173676398,0.8888888888888888,0.8888507718696398,0.8894230769230769,0.8888888888888888,0.7777777777777778
P7,VP009,"{""C"": 100.0, ""gamma"": ""scale""}",0.6517324185248714,0.7777777777777778,0.776551724137931,0.7840112201963534,0.7777777777777778,0.5555555555555556
P3,VP009,"{""C"": 16.23776739188721, ""gamma"": ""scale""}",0.7351770116361616,0.8333333333333334,0.8328173374613003,0.8375,0.8333333333333333,0.6666666666666667
Pz,VP009,"{""C"": 69.51927961775606, ""gamma"": ""scale""}",0.7333187006145743,0.8055555555555556,0.8041958041958042,0.8142857142857143,0.8055555555555556,0.6111111111111112
POz,VP009,"{""C"": 3.79269019073225, ""gamma"": ""scale""}",0.6684264147448366,0.75,0.746324488908221,0.7653804149981798,0.75,0.5
O1,VP009,"{""C"": 3.79269019073225, ""gamma"": ""scale""}",0.6349736301217097,0.6203703703703703,0.6129032258064515,0.6304347826086956,0.6203703703703703,0.2407407407407407
Fp2,VP009,"{""C"": 1.8329807108324356, ""gamma"": ""auto""}",0.8517522065585922,0.8796296296296297,0.8793710799896899,0.8829124870287097,0.8796296296296297,0.7592592592592593
AF6,VP009,"{""C"": 3.79269019073225, ""gamma"": ""scale""}",0.8259163740122915,0.8518518518518519,0.8510344827586207,0.8597475455820476,0.8518518518518519,0.7037037037037037
F2,VP009,"{""C"": 0.8858667904100825, ""gamma"": ""scale""}",0.8144482929242949,0.8888888888888888,0.8882758620689655,0.8976157082748948,0.8888888888888888,0.7777777777777778
FC2,VP009,"{""C"": 33.59818286283781, ""gamma"": ""auto""}",0.7851380275506283,0.8148148148148148,0.8125,0.8311688311688312,0.8148148148148149,0.6296296296296297
FC6,VP009,"{""C"": 1.8329807108324356, ""gamma"": ""scale""}",0.7850790513833992,0.9166666666666666,0.9166023166023166,0.9179566563467492,0.9166666666666666,0.8333333333333334
C4,VP009,"{""C"": 5.455594781168517, ""gamma"": ""scale""}",0.7832076889555333,0.8796296296296297,0.8796193089256623,0.8797598627787306,0.8796296296296295,0.7592592592592593
T8,VP009,"{""C"": 5.455594781168517, ""gamma"": ""scale""}",0.732967032967033,0.8703703703703703,0.8696551724137931,0.8786816269284713,0.8703703703703703,0.7407407407407407
CP2,VP009,"{""C"": 3.79269019073225, ""gamma"": ""scale""}",0.7679383644295925,0.8425925925925926,0.8422544892172867,0.8455551712210307,0.8425925925925926,0.6851851851851851
CP6,VP009,"{""C"": 7.847599703514611, ""gamma"": ""scale""}",0.7444409388331801,0.8518518518518519,0.8510344827586207,0.8597475455820476,0.8518518518518519,0.7037037037037037
P4,VP009,"{""C"": 2.636650898730358, ""gamma"": ""scale""}",0.7277693755980124,0.8240740740740741,0.8222299228969938,0.8381037567084079,0.8240740740740741,0.6481481481481481
P8,VP009,"{""C"": 23.357214690901213, ""gamma"": ""scale""}",0.6584675035404436,0.8055555555555556,0.7993453065557816,0.8487279843444226,0.8055555555555556,0.6111111111111112
O2,VP009,"{""C"": 69.51927961775606, ""gamma"": ""auto""}",0.6229867347184438,0.6574074074074074,0.641131567130669,0.6922915793883535,0.6574074074074074,0.31481481481481477
Fp1,VP010,"{""C"": 11.288378916846883, ""gamma"": ""scale""}",0.8554286341918831,0.7685185185185185,0.7680213076724804,0.7708405396056728,0.7685185185185185,0.537037037037037
AF5,VP010,"{""C"": 1.2742749857031335, ""gamma"": ""auto""}",0.827132191207906,0.7592592592592593,0.7571774472500865,0.7684659090909092,0.7592592592592593,0.5185185185185186
AFz,VP010,"{""C"": 3.79269019073225, ""gamma"": ""auto""}",0.8218091322819705,0.75,0.7494630122862789,0.7521618817018332,0.75,0.5
F1,VP010,"{""C"": 33.59818286283781, ""gamma"": ""auto""}",0.8055228759290827,0.6759259259259259,0.6756756756756757,0.6764705882352942,0.6759259259259259,0.35185185185185186
FC5,VP010,"{""C"": 1.8329807108324356, ""gamma"": ""scale""}",0.8009172004368934,0.75,0.7489453293155403,0.7542727589815138,0.75,0.5
FC1,VP010,"{""C"": 7.847599703514611, ""gamma"": ""scale""}",0.8087812122899842,0.7129629629629629,0.7123464215138757,0.7148045658941543,0.712962962962963,0.42592592592592593
T7,VP010,"{""C"": 1.8329807108324356, ""gamma"": ""scale""}",0.757166739326699,0.6851851851851852,0.6824628156347284,0.6917613636363636,0.6851851851851851,0.37037037037037035
C3,VP010,"{""C"": 1.8329807108324356, ""gamma"": ""scale""}",0.8003393332895632,0.7592592592592593,0.7523809523809524,0.7916666666666666,0.7592592592592593,0.5185185185185186
Cz,VP010,"{""C"": 5.455594781168517, ""gamma"": ""scale""}",0.7844281702549418,0.75,0.7482517482517483,0.7571428571428571,0.75,0.5
CP5,VP010,"{""C"": 1.8329807108324356, ""gamma"": ""scale""}",0.7884710539336962,0.6759259259259259,0.6711613745106568,0.6867491809246451,0.6759259259259259,0.35185185185185186
CP1,VP010,"{""C"": 2.636650898730358, ""gamma"": ""scale""}",0.7786999569522169,0.7407407407407407,0.7363097314265783,0.7580882352941176,0.7407407407407407,0.4814814814814815
P7,VP010,"{""C"": 48.32930238571752, ""gamma"": ""scale""}",0.7238610038610038,0.6666666666666666,0.6648275862068966,0.670406732117812,0.6666666666666666,0.33333333333333337
P3,VP010,"{""C"": 2.636650898730358, ""gamma"": ""scale""}",0.7774083183335853,0.7129629629629629,0.7099540847266742,0.7221824686940966,0.712962962962963,0.42592592592592593
Pz,VP010,"{""C"": 1.8329807108324356, ""gamma"": ""scale""}",0.7569665133249276,0.6481481481481481,0.6480274442538594,0.6483516483516484,0.6481481481481481,0.2962962962962963
POz,VP010,"{""C"": 16.23776739188721, ""gamma"": ""scale""}",0.7259221662848598,0.6296296296296297,0.6284829721362228,0.6312500000000001,0.6296296296296297,0.2592592592592593
O1,VP010,"{""C"": 11.288378916846883, ""gamma"": ""scale""}",0.6758358803371307,0.6296296296296297,0.6275862068965516,0.632538569424965,0.6296296296296297,0.2592592592592593
Fp2,VP010,"{""C"": 7.847599703514611, ""gamma"": ""scale""}",0.8554286341918831,0.7314814814814815,0.7314584583726313,0.7315608919382504,0.7314814814814814,0.4629629629629629
AF6,VP010,"{""C"": 7.847599703514611, ""gamma"": ""scale""}",0.8200982968068993,0.75,0.7499785646917603,0.7500857632933104,0.75,0.5
F2,VP010,"{""C"": 16.23776739188721, ""gamma"": ""scale""}",0.8202662036639891,0.7037037037037037,0.7037037037037037,0.7037037037037037,0.7037037037037037,0.40740740740740744
FC2,VP010,"{""C"": 16.23776739188721, ""gamma"": ""scale""}",0.8070262246412667,0.7037037037037037,0.7037037037037037,0.7037037037037037,0.7037037037037037,0.40740740740740744
FC6,VP010,"{""C"": 2.636650898730358, ""gamma"": ""scale""}",0.8034853540971449,0.7314814814814815,0.7312741312741313,0.7321981424148607,0.7314814814814815,0.4629629629629629
C4,VP010,"{""C"": 11.288378916846883, ""gamma"": ""scale""}",0.7941896517980078,0.7314814814814815,0.7314584583726313,0.7315608919382504,0.7314814814814814,0.4629629629629629
T8,VP010,"{""C"": 11.288378916846883, ""gamma"": ""scale""}",0.7312741312741313,0.6388888888888888,0.6297142857142857,0.6541682527598021,0.6388888888888888,0.2777777777777778
CP2,VP010,"{""C"": 69.51927961775606, ""gamma"": ""scale""}",0.780611753040173,0.7592592592592593,0.7585139318885449,0.7625,0.7592592592592593,0.5185185185185186
CP6,VP010,"{""C"": 3.79269019073225, ""gamma"": ""scale""}",0.7722214410886183,0.6944444444444444,0.6942084942084943,0.695046439628483,0.6944444444444444,0.38888888888888884
P4,VP010,"{""C"": 2.636650898730358, ""gamma"": ""scale""}",0.7775305895439377,0.6944444444444444,0.6937881261276742,0.6961259079903148,0.6944444444444444,0.38888888888888884
P8,VP010,"{""C"": 1.8329807108324356, ""gamma"": ""scale""}",0.6892819857286092,0.6203703703703703,0.6129032258064515,0.6304347826086956,0.6203703703703703,0.2407407407407407
O2,VP010,"{""C"": 33.59818286283781, ""gamma"": ""auto""}",0.6613012215195356,0.5833333333333334,0.5772074815137016,0.5884601383327266,0.5833333333333334,0.16666666666666663
Fp1,VP011,"{""C"": 3.79269019073225, ""gamma"": ""scale""}",0.8739893755748034,0.7314814814814815,0.7312741312741313,0.7321981424148607,0.7314814814814815,0.4629629629629629
AF5,VP011,"{""C"": 11.288378916846883, ""gamma"": ""scale""}",0.855547629499561,0.6481481481481481,0.6476648351648351,0.6489655172413793,0.6481481481481481,0.2962962962962963
AFz,VP011,"{""C"": 2.636650898730358, ""gamma"": ""scale""}",0.8331479421579533,0.6481481481481481,0.638095238095238,0.6666666666666667,0.6481481481481481,0.2962962962962963
F1,VP011,"{""C"": 7.847599703514611, ""gamma"": ""scale""}",0.812885319354053,0.6111111111111112,0.5973011363636364,0.6287758346581875,0.6111111111111112,0.2222222222222222
FC5,VP011,"{""C"": 16.23776739188721, ""gamma"": ""scale""}",0.8166660379493758,0.6296296296296297,0.6164772727272727,0.6502384737678856,0.6296296296296295,0.2592592592592593
FC1,VP011,"{""C"": 5.455594781168517, ""gamma"": ""scale""}",0.7923618835743418,0.6851851851851852,0.6658172551874773,0.7410714285714286,0.6851851851851851,0.37037037037037035
T7,VP011,"{""C"": 100.0, ""gamma"": ""scale""}",0.7499922837124602,0.5555555555555556,0.5428571428571429,0.5625,0.5555555555555556,0.11111111111111116
C3,VP011,"{""C"": 2.636650898730358, ""gamma"": ""scale""}",0.773277903199163,0.6388888888888888,0.6017021276595744,0.7216748768472906,0.6388888888888888,0.2777777777777778
Cz,VP011,"{""C"": 48.32930238571752, ""gamma"": ""scale""}",0.7569665133249276,0.6666666666666666,0.6426470588235295,0.7279549718574109,0.6666666666666666,0.33333333333333337
CP5,VP011,"{""C"": 3.79269019073225, ""gamma"": ""scale""}",0.7489453293155403,0.6388888888888888,0.618443699610472,0.6767786992579659,0.6388888888888888,0.2777777777777778
CP1,VP011,"{""C"": 11.288378916846883, ""gamma"": ""scale""}",0.7400418133802817,0.6203703703703703,0.5908712926175737,0.669156626506024,0.6203703703703703,0.2407407407407407
P7,VP011,"{""C"": 69.51927961775606, ""gamma"": ""scale""}",0.6866491094942642,0.6388888888888888,0.6363636363636364,0.6428571428571428,0.6388888888888888,0.2777777777777778
P3,VP011,"{""C"": 69.51927961775606, ""gamma"": ""scale""}",0.7180505365558747,0.6111111111111112,0.5736842105263158,0.6712473572938689,0.6111111111111112,0.2222222222222222
Pz,VP011,"{""C"": 33.59818286283781, ""gamma"": ""scale""}",0.7163154659918486,0.5370370370370371,0.47162426614481406,0.5733695652173914,0.537037037037037,0.07407407407407407
POz,VP011,"{""C"": 1.8329807108324356, ""gamma"": ""scale""}",0.6629213483146067,0.5277777777777778,0.42857142857142855,0.5909090909090908,0.5277777777777778,0.05555555555555558
O1,VP011,"{""C"": 2.636650898730358, ""gamma"": ""scale""}",0.639772227112676,0.5277777777777778,0.43881813550687726,0.5759137769447047,0.5277777777777778,0.05555555555555558
Fp2,VP011,"{""C"": 1.8329807108324356, ""gamma"": ""auto""}",0.8683880800930963,0.7037037037037037,0.6986396930589467,0.7183823529411765,0.7037037037037037,0.40740740740740744
AF6,VP011,"{""C"": 3.79269019073225, ""gamma"": ""scale""}",0.8407210766761328,0.6759259259259259,0.6676923076923077,0.6952797868290826,0.6759259259259259,0.35185185185185186
F2,VP011,"{""C"": 33.59818286283781, ""gamma"": ""scale""}",0.8110177865612648,0.6018518518518519,0.5829366861248316,0.6244239631336406,0.6018518518518519,0.20370370370370372
FC2,VP011,"{""C"": 2.636650898730358, ""gamma"": ""scale""}",0.7905331415566181,0.6574074074074074,0.6380106893740375,0.7003491924923615,0.6574074074074074,0.31481481481481477
FC6,VP011,"{""C"": 33.59818286283781, ""gamma"": ""scale""}",0.8017695957513233,0.6203703703703703,0.5908712926175737,0.669156626506024,0.6203703703703703,0.2407407407407407
C4,VP011,"{""C"": 7.847599703514611, ""gamma"": ""scale""}",0.7979478976077113,0.6296296296296297,0.5939849624060151,0.6997885835095138,0.6296296296296297,0.2592592592592593
T8,VP011,"{""C"": 7.847599703514611, ""gamma"": ""scale""}",0.7161517293031596,0.5648148148148148,0.5441400987876066,0.5791788856304985,0.5648148148148149,0.12962962962962965
CP2,VP011,"{""C"": 2.636650898730358, ""gamma"": ""scale""}",0.7455624761400335,0.5925925925925926,0.5533834586466165,0.642706131078224,0.5925925925925926,0.18518518518518523
CP6,VP011,"{""C"": 1.8329807108324356, ""gamma"": ""scale""}",0.7257905138339922,0.6481481481481481,0.6187290969899666,0.7142857142857143,0.6481481481481481,0.2962962962962963
P4,VP011,"{""C"": 3.79269019073225, ""gamma"": ""scale""}",0.7073712804049883,0.5740740740740741,0.5208333333333334,0.6333333333333333,0.5740740740740741,0.14814814814814814
P8,VP011,"{""C"": 69.51927961775606, ""gamma"": ""scale""}",0.6796021606790705,0.5740740740740741,0.5740740740740741,0.5740740740740741,0.5740740740740741,0.14814814814814814
O2,VP011,"{""C"": 2.636650898730358, ""gamma"": ""scale""}",0.63878855237566,0.5185185185185185,0.4419713831478538,0.541033434650456,0.5185185185185185,0.03703703703703709
Fp1,VP012,"{""C"": 1.2742749857031335, ""gamma"": ""auto""}",0.8326699811323353,0.9444444444444444,0.9442724458204335,0.95,0.9444444444444444,0.8888888888888888
AF5,VP012,"{""C"": 2.636650898730358, ""gamma"": ""scale""}",0.8036067193675889,0.9537037037037037,0.9536997342021778,0.9538593481989708,0.9537037037037037,0.9074074074074074
AFz,VP012,"{""C"": 2.636650898730358, ""gamma"": ""scale""}",0.805314535484602,0.9351851851851852,0.935179627883049,0.9353344768439108,0.9351851851851851,0.8703703703703703
F1,VP012,"{""C"": 1.8329807108324356, ""gamma"": ""scale""}",0.7924103465319348,0.9351851851851852,0.935179627883049,0.9353344768439108,0.9351851851851851,0.8703703703703703
FC5,VP012,"{""C"": 1.8329807108324356, ""gamma"": ""scale""}",0.7846860348407144,0.9259259259259259,0.9259005145797599,0.926510989010989,0.9259259259259259,0.8518518518518519
FC1,VP012,"{""C"": 1.8329807108324356, ""gamma"": ""scale""}",0.7643873831470671,0.8888888888888888,0.8888507718696398,0.8894230769230769,0.8888888888888888,0.7777777777777778
T7,VP012,"{""C"": 16.23776739188721, ""gamma"": ""scale""}",0.7479268493602065,0.8611111111111112,0.8605251829530779,0.8672828740844087,0.8611111111111112,0.7222222222222222
C3,VP012,"{""C"": 5.455594781168517, ""gamma"": ""scale""}",0.7750859692059853,0.8611111111111112,0.8610992026065335,0.8612349914236707,0.8611111111111112,0.7222222222222222
Cz,VP012,"{""C"": 3.79269019073225, ""gamma"": ""scale""}",0.7544642857142858,0.8148148148148148,0.8147512864493998,0.8152472527472527,0.8148148148148149,0.6296296296296297
CP5,VP012,"{""C"": 5.455594781168517, ""gamma"": ""scale""}",0.760321223235698,0.7962962962962963,0.7960164835164836,0.7979310344827586,0.7962962962962963,0.5925925925925926
CP1,VP012,"{""C"": 3.79269019073225, ""gamma"": ""scale""}",0.7496213409168186,0.8055555555555556,0.8051378984448836,0.8081978554133518,0.8055555555555556,0.6111111111111112
P7,VP012,"{""C"": 33.59818286283781, ""gamma"": ""scale""}",0.6923224778955461,0.7037037037037037,0.7032967032967032,0.7048275862068966,0.7037037037037037,0.40740740740740744
P3,VP012,"{""C"": 3.79269019073225, ""gamma"": ""scale""}",0.7365998433614092,0.7777777777777778,0.7777015437392796,0.7781593406593407,0.7777777777777778,0.5555555555555556
Pz,VP012,"{""C"": 1.8329807108324356, ""gamma"": ""scale""}",0.7162375197057278,0.7129629629629629,0.7129383520535025,0.7130360205831904,0.712962962962963,0.42592592592592593
POz,VP012,"{""C"": 11.288378916846883, ""gamma"": ""scale""}",0.690688764572922,0.6666666666666666,0.6625,0.6753246753246753,0.6666666666666667,0.33333333333333337
O1,VP012,"{""C"": 1.8329807108324356, ""gamma"": ""scale""}",0.6740338313372021,0.6759259259259259,0.6631916599839616,0.7072727272727273,0.6759259259259259,0.35185185185185186
Fp2,VP012,"{""C"": 1.8329807108324356, ""gamma"": ""scale""}",0.8421373027146193,0.9351851851851852,0.9351351351351351,0.936532507739938,0.9351851851851851,0.8703703703703703
AF6,VP012,"{""C"": 5.455594781168517, ""gamma"": ""scale""}",0.8145069319446544,0.9444444444444444,0.94442538593482,0.945054945054945,0.9444444444444444,0.8888888888888888
F2,VP012,"{""C"": 1.2742749857031335, ""gamma"": ""scale""}",0.783118385505525,0.9166666666666666,0.9166595215639202,0.9168096054888508,0.9166666666666667,0.8333333333333334
FC2,VP012,"{""C"": 5.455594781168517, ""gamma"": ""scale""}",0.7795018374846876,0.8611111111111112,0.8610992026065335,0.8612349914236707,0.8611111111111112,0.7222222222222222
FC6,VP012,"{""C"": 2.636650898730358, ""gamma"": ""scale""}",0.7885379024169059,0.8703703703703703,0.8703703703703703,0.8703703703703703,0.8703703703703703,0.7407407407407407
C4,VP012,"{""C"": 5.455594781168517, ""gamma"": ""scale""}",0.7979478976077113,0.8240740740740741,0.8240589899682758,0.8241852487135506,0.8240740740740741,0.6481481481481481
T8,VP012,"{""C"": 5.455594781168517, ""gamma"": ""scale""}",0.7183794466403162,0.7592592592592593,0.7551447506103941,0.7779411764705882,0.7592592592592593,0.5185185185185186
CP2,VP012,"{""C"": 11.288378916846883, ""gamma"": ""scale""}",0.7509773690876054,0.7777777777777778,0.7777777777777778,0.7777777777777778,0.7777777777777778,0.5555555555555556
CP6,VP012,"{""C"": 2.636650898730358, ""gamma"": ""scale""}",0.7554716981132076,0.75,0.7489453293155403,0.7542727589815138,0.75,0.5
P4,VP012,"{""C"": 5.455594781168517, ""gamma"": ""scale""}",0.7311486442406409,0.6944444444444444,0.6899521531100479,0.7064069894430287,0.6944444444444444,0.38888888888888884
P8,VP012,"{""C"": 100.0, ""gamma"": ""scale""}",0.6757913949203888,0.6666666666666666,0.6662087912087913,0.6675862068965517,0.6666666666666667,0.33333333333333337
O2,VP012,"{""C"": 0.29763514416313175, ""gamma"": ""scale""}",0.6655351748621967,0.5740740740740741,0.4796816087138668,0.77,0.5740740740740741,0.14814814814814814
Fp1,VP013,"{""C"": 2.636650898730358, ""gamma"": ""scale""}",0.8702261772339637,0.7962962962962963,0.7956656346749226,0.8,0.7962962962962963,0.5925925925925926
AF5,VP013,"{""C"": 1.8329807108324356, ""gamma"": ""scale""}",0.8274078529083255,0.8425925925925926,0.8425790962874047,0.8427101200686107,0.8425925925925926,0.6851851851851851
AFz,VP013,"{""C"": 3.79269019073225, ""gamma"": ""scale""}",0.8407057790461556,0.7870370370370371,0.787018777330018,0.7871355060034306,0.787037037037037,0.5740740740740741
F1,VP013,"{""C"": 2.636650898730358, ""gamma"": ""scale""}",0.8166358544474208,0.8055555555555556,0.8055388836491468,0.8056603773584906,0.8055555555555556,0.6111111111111112
FC5,VP013,"{""C"": 2.636650898730358, ""gamma"": ""scale""}",0.8253869969040248,0.8425925925925926,0.8425790962874047,0.8427101200686107,0.8425925925925926,0.6851851851851851
FC1,VP013,"{""C"": 1.8329807108324356, ""gamma"": ""scale""}",0.8053626536588046,0.8333333333333334,0.8332761578044596,0.8337912087912087,0.8333333333333333,0.6666666666666667
T7,VP013,"{""C"": 11.288378916846883, ""gamma"": ""scale""}",0.7462258034639251,0.7685185185185185,0.7668997668997669,0.7761904761904761,0.7685185185185186,0.537037037037037
C3,VP013,"{""C"": 7.847599703514611, ""gamma"": ""scale""}",0.7980310948389155,0.8240740740740741,0.8236961938310852,0.8268765133171913,0.8240740740740741,0.6481481481481481
Cz,VP013,"{""C"": 5.455594781168517, ""gamma"": ""scale""}",0.7813735177865613,0.8333333333333334,0.8324137931034483,0.8408134642356241,0.8333333333333334,0.6666666666666667
CP5,VP013,"{""C"": 7.847599703514611, ""gamma"": ""scale""}",0.7904237890637075,0.7870370370370371,0.7855477855477855,0.7952380952380953,0.787037037037037,0.5740740740740741
CP1,VP013,"{""C"": 16.23776739188721, ""gamma"": ""scale""}",0.7755865351921115,0.8055555555555556,0.8055388836491468,0.8056603773584906,0.8055555555555556,0.6111111111111112
P7,VP013,"{""C"": 11.288378916846883, ""gamma"": ""scale""}",0.7322719698117365,0.7222222222222222,0.7174747122427625,0.7382352941176471,0.7222222222222222,0.4444444444444444
P3,VP013,"{""C"": 1.8329807108324356, ""gamma"": ""scale""}",0.7434273044029142,0.7777777777777778,0.7770897832817337,0.78125,0.7777777777777778,0.5555555555555556
Pz,VP013,"{""C"": 5.455594781168517, ""gamma"": ""scale""}",0.7364260081670815,0.8148148148148148,0.8147512864493998,0.8152472527472527,0.8148148148148149,0.6296296296296297
POz,VP013,"{""C"": 3.79269019073225, ""gamma"": ""scale""}",0.6804953560371516,0.7962962962962963,0.7956656346749226,0.8,0.7962962962962963,0.5925925925925926
O1,VP013,"{""C"": 0.29763514416313175, ""gamma"": ""scale""}",0.6407407407407407,0.75,0.7450826121164438,0.7709030100334449,0.75,0.5
Fp2,VP013,"{""C"": 1.2742749857031335, ""gamma"": ""auto""}",0.8701923076923077,0.8148148148148148,0.8145604395604396,0.816551724137931,0.8148148148148149,0.6296296296296297
AF6,VP013,"{""C"": 0.8858667904100825, ""gamma"": ""scale""}",0.8440829907467242,0.7870370370370371,0.787018777330018,0.7871355060034306,0.787037037037037,0.5740740740740741
F2,VP013,"{""C"": 3.79269019073225, ""gamma"": ""scale""}",0.8259163740122915,0.8240740740740741,0.8228438228438228,0.8333333333333333,0.8240740740740741,0.6481481481481481
FC2,VP013,"{""C"": 5.455594781168517, ""gamma"": ""scale""}",0.8111085200071331,0.8611111111111112,0.8605251829530779,0.8672828740844087,0.8611111111111112,0.7222222222222222
FC6,VP013,"{""C"": 1.2742749857031335, ""gamma"": ""scale""}",0.8107970705835474,0.8055555555555556,0.8054054054054054,0.8065015479876161,0.8055555555555556,0.6111111111111112
C4,VP013,"{""C"": 2.636650898730358, ""gamma"": ""scale""}",0.8072778685261699,0.8518518518518519,0.8516483516483516,0.8537931034482759,0.8518518518518519,0.7037037037037037
T8,VP013,"{""C"": 7.847599703514611, ""gamma"": ""scale""}",0.7277768442278609,0.8148148148148148,0.8142414860681115,0.81875,0.8148148148148149,0.6296296296296297
CP2,VP013,"{""C"": 2.636650898730358, ""gamma"": ""scale""}",0.7682315898626214,0.8425925925925926,0.8425790962874047,0.8427101200686107,0.8425925925925926,0.6851851851851851
CP6,VP013,"{""C"": 100.0, ""gamma"": ""scale""}",0.7813345046739235,0.8240740740740741,0.8239382239382239,0.8250773993808049,0.8240740740740741,0.6481481481481481
P4,VP013,"{""C"": 2.636650898730358, ""gamma"": ""scale""}",0.7623239436619718,0.8333333333333334,0.8333333333333334,0.8333333333333334,0.8333333333333334,0.6666666666666667
P8,VP013,"{""C"": 11.288378916846883, ""gamma"": ""scale""}",0.6999835381913959,0.8425925925925926,0.8425790962874047,0.8427101200686107,0.8425925925925926,0.6851851851851851
O2,VP013,"{""C"": 0.29763514416313175, ""gamma"": ""scale""}",0.6516798418972332,0.7962962962962963,0.7956656346749226,0.8,0.7962962962962963,0.5925925925925926
Fp1,VP014,"{""C"": 1.8329807108324356, ""gamma"": ""auto""}",0.8457880738648289,0.8703703703703703,0.8703259005145798,0.8708791208791209,0.8703703703703703,0.7407407407407407
AF5,VP014,"{""C"": 3.79269019073225, ""gamma"": ""scale""}",0.8294401186503522,0.8333333333333334,0.8332761578044596,0.8337912087912087,0.8333333333333333,0.6666666666666667
AFz,VP014,"{""C"": 11.288378916846883, ""gamma"": ""auto""}",0.833186885606019,0.8055555555555556,0.8054054054054054,0.8065015479876161,0.8055555555555556,0.6111111111111112
F1,VP014,"{""C"": 7.847599703514611, ""gamma"": ""scale""}",0.8146088246199481,0.8425925925925926,0.8425790962874047,0.8427101200686107,0.8425925925925926,0.6851851851851851
FC5,VP014,"{""C"": 5.455594781168517, ""gamma"": ""scale""}",0.8014262393676432,0.8055555555555556,0.8054054054054054,0.8065015479876161,0.8055555555555556,0.6111111111111112
FC1,VP014,"{""C"": 5.455594781168517, ""gamma"": ""scale""}",0.8013552399517312,0.8611111111111112,0.8608127846034883,0.8642338291248703,0.8611111111111112,0.7222222222222222
T7,VP014,"{""C"": 3.79269019073225, ""gamma"": ""scale""}",0.7646332046332046,0.6666666666666666,0.6665523156089194,0.6668956043956045,0.6666666666666667,0.33333333333333337
C3,VP014,"{""C"": 3.79269019073225, ""gamma"": ""scale""}",0.7973914929210942,0.8611111111111112,0.8610038610038611,0.8622291021671826,0.8611111111111112,0.7222222222222222
Cz,VP014,"{""C"": 2.636650898730358, ""gamma"": ""scale""}",0.7675419715884633,0.8518518518518519,0.8513931888544892,0.85625,0.8518518518518519,0.7037037037037037
CP5,VP014,"{""C"": 3.79269019073225, ""gamma"": ""scale""}",0.7548965669014085,0.8240740740740741,0.8240589899682758,0.8241852487135506,0.8240740740740741,0.6481481481481481
CP1,VP014,"{""C"": 2.636650898730358, ""gamma"": ""scale""}",0.7450995930827513,0.8148148148148148,0.813213420961605,0.8259943181818181,0.8148148148148149,0.6296296296296297
P7,VP014,"{""C"": 11.288378916846883, ""gamma"": ""scale""}",0.6660069272637308,0.7962962962962963,0.7951724137931034,0.802945301542777,0.7962962962962963,0.5925925925925926
P3,VP014,"{""C"": 16.23776739188721, ""gamma"": ""scale""}",0.7180505365558747,0.7777777777777778,0.7739797697942099,0.7977941176470589,0.7777777777777778,0.5555555555555556
Pz,VP014,"{""C"": 5.455594781168517, ""gamma"": ""scale""}",0.7440195660836231,0.8055555555555556,0.8026968247063941,0.8243538405533309,0.8055555555555556,0.6111111111111112
POz,VP014,"{""C"": 23.357214690901213, ""gamma"": ""scale""}",0.6924407114624506,0.7129629629629629,0.7087429317094389,0.7260647979614125,0.712962962962963,0.42592592592592593
O1,VP014,"{""C"": 23.357214690901213, ""gamma"": ""scale""}",0.6388281981540108,0.5925925925925926,0.5903448275862069,0.5946704067321178,0.5925925925925926,0.18518518518518523
Fp2,VP014,"{""C"": 1.8329807108324356, ""gamma"": ""auto""}",0.8439628482972137,0.8611111111111112,0.8610038610038611,0.8622291021671826,0.8611111111111112,0.7222222222222222
AF6,VP014,"{""C"": 1.8329807108324356, ""gamma"": ""scale""}",0.8255813953488372,0.8425925925925926,0.8422544892172867,0.8455551712210307,0.8425925925925926,0.6851851851851851
F2,VP014,"{""C"": 2.636650898730358, ""gamma"": ""scale""}",0.8219266546668682,0.8611111111111112,0.8601398601398602,0.8714285714285714,0.8611111111111112,0.7222222222222222
FC2,VP014,"{""C"": 5.455594781168517, ""gamma"": ""scale""}",0.7868257635310716,0.8518518518518519,0.8505707367692841,0.8643465909090908,0.8518518518518519,0.7037037037037037
FC6,VP014,"{""C"": 3.79269019073225, ""gamma"": ""scale""}",0.805314535484602,0.8425925925925926,0.8419285406801549,0.8484478549005929,0.8425925925925926,0.6851851851851851
C4,VP014,"{""C"": 7.847599703514611, ""gamma"": ""scale""}",0.7937647734818796,0.8425925925925926,0.840942562592047,0.8574239713774597,0.8425925925925926,0.6851851851851851
T8,VP014,"{""C"": 33.59818286283781, ""gamma"": ""scale""}",0.7089708249945934,0.8148148148148148,0.8137931034482759,0.8218793828892006,0.8148148148148148,0.6296296296296297
CP2,VP014,"{""C"": 5.455594781168517, ""gamma"": ""scale""}",0.7569665133249276,0.8055555555555556,0.8041958041958042,0.8142857142857143,0.8055555555555556,0.6111111111111112
CP6,VP014,"{""C"": 11.288378916846883, ""gamma"": ""scale""}",0.7479268493602065,0.8055555555555556,0.8035172832019406,0.818783542039356,0.8055555555555556,0.6111111111111112
P4,VP014,"{""C"": 7.847599703514611, ""gamma"": ""scale""}",0.7382344750765804,0.8425925925925926,0.8402783819051762,0.8636694575900983,0.8425925925925926,0.6851851851851851
P8,VP014,"{""C"": 5.455594781168517, ""gamma"": ""scale""}",0.6628889742604687,0.7870370370370371,0.7839060461070031,0.8046960320349472,0.787037037037037,0.5740740740740741
O2,VP014,"{""C"": 2.636650898730358, ""gamma"": ""scale""}",0.651545938821462,0.6944444444444444,0.6912414450316209,0.7028622540250447,0.6944444444444444,0.38888888888888884
Fp1,VP015,"{""C"": 1.8329807108324356, ""gamma"": ""scale""}",0.8462957691898806,0.8148148148148148,0.813213420961605,0.8259943181818181,0.8148148148148149,0.6296296296296297
AF5,VP015,"{""C"": 5.455594781168517, ""gamma"": ""auto""}",0.8518498196134378,0.7685185185185185,0.7626373626373626,0.798058622002284,0.7685185185185186,0.537037037037037
AFz,VP015,"{""C"": 2.636650898730358, ""gamma"": ""scale""}",0.8425013124890626,0.8055555555555556,0.8017309205350118,0.8311036789297659,0.8055555555555556,0.6111111111111112
F1,VP015,"{""C"": 2.636650898730358, ""gamma"": ""scale""}",0.8425272489613317,0.75,0.7381230354737315,0.8054042731462085,0.75,0.5
FC5,VP015,"{""C"": 2.636650898730358, ""gamma"": ""scale""}",0.8202662036639891,0.7870370370370371,0.7839060461070031,0.8046960320349472,0.787037037037037,0.5740740740740741
FC1,VP015,"{""C"": 5.455594781168517, ""gamma"": ""scale""}",0.833056238750189,0.8240740740740741,0.8228438228438228,0.8333333333333333,0.8240740740740741,0.6481481481481481
T7,VP015,"{""C"": 1.8329807108324356, ""gamma"": ""scale""}",0.7702159201658179,0.7037037037037037,0.7020689655172414,0.7082748948106592,0.7037037037037037,0.40740740740740744
C3,VP015,"{""C"": 7.847599703514611, ""gamma"": ""scale""}",0.8199845347538448,0.8240740740740741,0.8236961938310852,0.8268765133171913,0.8240740740740741,0.6481481481481481
Cz,VP015,"{""C"": 11.288378916846883, ""gamma"": ""scale""}",0.8068882042253521,0.8333333333333334,0.8331043956043955,0.8351724137931034,0.8333333333333333,0.6666666666666667
CP5,VP015,"{""C"": 23.357214690901213, ""gamma"": ""scale""}",0.8052021671688351,0.8055555555555556,0.8054054054054054,0.8065015479876161,0.8055555555555556,0.6111111111111112
CP1,VP015,"{""C"": 2.636650898730358, ""gamma"": ""scale""}",0.8004662004662004,0.8240740740740741,0.8239382239382239,0.8250773993808049,0.8240740740740741,0.6481481481481481
P7,VP015,"{""C"": 0.8858667904100825, ""gamma"": ""scale""}",0.7034433521884782,0.6666666666666666,0.6666666666666666,0.6666666666666666,0.6666666666666666,0.33333333333333337
P3,VP015,"{""C"": 2.636650898730358, ""gamma"": ""scale""}",0.778992223800467,0.8055555555555556,0.8055388836491468,0.8056603773584906,0.8055555555555556,0.6111111111111112
Pz,VP015,"{""C"": 0.8858667904100825, ""gamma"": ""scale""}",0.747469190140845,0.7685185185185185,0.7684986710108892,0.7686106346483705,0.7685185185185186,0.537037037037037
POz,VP015,"{""C"": 3.79269019073225, ""gamma"": ""scale""}",0.7259221662848598,0.7037037037037037,0.7,0.7142857142857142,0.7037037037037037,0.40740740740740744
O1,VP015,"{""C"": 5.455594781168517, ""gamma"": ""scale""}",0.6944433965822928,0.5740740740740741,0.5717241379310345,0.5757363253856943,0.5740740740740741,0.14814814814814814
Fp2,VP015,"{""C"": 1.2742749857031335, ""gamma"": ""scale""}",0.8536429725640613,0.8240740740740741,0.8222299228969938,0.8381037567084079,0.8240740740740741,0.6481481481481481
AF6,VP015,"{""C"": 2.636650898730358, ""gamma"": ""scale""}",0.8425920527848175,0.8240740740740741,0.8214876033057852,0.8440116490717147,0.8240740740740741,0.6481481481481481
F2,VP015,"{""C"": 0.8858667904100825, ""gamma"": ""scale""}",0.8383561738101218,0.8240740740740741,0.8214876033057852,0.8440116490717147,0.8240740740740741,0.6481481481481481
FC2,VP015,"{""C"": 2.636650898730358, ""gamma"": ""scale""}",0.8274647766352539,0.8240740740740741,0.8228438228438228,0.8333333333333333,0.8240740740740741,0.6481481481481481
FC6,VP015,"{""C"": 1.2742749857031335, ""gamma"": ""scale""}",0.8144482929242949,0.8148148148148148,0.813213420961605,0.8259943181818181,0.8148148148148149,0.6296296296296297
C4,VP015,"{""C"": 69.51927961775606, ""gamma"": ""scale""}",0.8072381789225109,0.8333333333333334,0.8331043956043955,0.8351724137931034,0.8333333333333333,0.6666666666666667
T8,VP015,"{""C"": 0.8858667904100825, ""gamma"": ""scale""}",0.7181318681318681,0.6851851851851852,0.6847527472527473,0.6862068965517241,0.6851851851851851,0.37037037037037035
CP2,VP015,"{""C"": 3.79269019073225, ""gamma"": ""scale""}",0.7941896517980078,0.8055555555555556,0.8051378984448836,0.8081978554133518,0.8055555555555556,0.6111111111111112
CP6,VP015,"{""C"": 1.2742749857031335, ""gamma"": ""scale""}",0.7738755560437147,0.7962962962962963,0.7962264150943397,0.7967032967032968,0.7962962962962963,0.5925925925925926
P4,VP015,"{""C"": 5.455594781168517, ""gamma"": ""scale""}",0.7643873831470671,0.7592592592592593,0.7591766723842196,0.7596153846153846,0.7592592592592593,0.5185185185185186
P8,VP015,"{""C"": 3.79269019073225, ""gamma"": ""scale""}",0.7160580805911161,0.6481481481481481,0.64375,0.6558441558441559,0.6481481481481481,0.2962962962962963
O2,VP015,"{""C"": 5.455594781168517, ""gamma"": ""scale""}",0.6757913949203888,0.5277777777777778,0.5053435114503817,0.5339338081273565,0.5277777777777778,0.05555555555555558
Fp1,VP016,"{""C"": 3.79269019073225, ""gamma"": ""auto""}",0.8407385560844456,0.8611111111111112,0.8610038610038611,0.8622291021671826,0.8611111111111112,0.7222222222222222
AF5,VP016,"{""C"": 16.23776739188721, ""gamma"": ""scale""}",0.8166157265907197,0.8240740740740741,0.8239382239382239,0.8250773993808049,0.8240740740740741,0.6481481481481481
AFz,VP016,"{""C"": 23.357214690901213, ""gamma"": ""scale""}",0.825772969410731,0.7962962962962963,0.7962264150943397,0.7967032967032968,0.7962962962962963,0.5925925925925926
F1,VP016,"{""C"": 2.636650898730358, ""gamma"": ""scale""}",0.8037037037037037,0.8333333333333334,0.8328173374613003,0.8375,0.8333333333333333,0.6666666666666667
FC5,VP016,"{""C"": 1.2742749857031335, ""gamma"": ""scale""}",0.7888425443169969,0.7870370370370371,0.7855477855477855,0.7952380952380953,0.787037037037037,0.5740740740740741
FC1,VP016,"{""C"": 5.455594781168517, ""gamma"": ""scale""}",0.7962515778497339,0.8240740740740741,0.8236961938310852,0.8268765133171913,0.8240740740740741,0.6481481481481481
T7,VP016,"{""C"": 69.51927961775606, ""gamma"": ""scale""}",0.7479268493602065,0.7870370370370371,0.786579603058682,0.7895191975095123,0.787037037037037,0.5740740740740741
C3,VP016,"{""C"": 7.847599703514611, ""gamma"": ""scale""}",0.8018185497563033,0.8055555555555556,0.8035172832019406,0.818783542039356,0.8055555555555556,0.6111111111111112
Cz,VP016,"{""C"": 3.79269019073225, ""gamma"": ""scale""}",0.7833325903038076,0.7777777777777778,0.7727910238429172,0.8045112781954887,0.7777777777777778,0.5555555555555556
CP5,VP016,"{""C"": 69.51927961775606, ""gamma"": ""scale""}",0.7884710539336962,0.8333333333333334,0.8318920788654445,0.8451704545454546,0.8333333333333333,0.6666666666666667
CP1,VP016,"{""C"": 69.51927961775606, ""gamma"": ""scale""}",0.7629336955179651,0.7222222222222222,0.7123579545454546,0.7575516693163752,0.7222222222222223,0.4444444444444444
P7,VP016,"{""C"": 11.288378916846883, ""gamma"": ""scale""}",0.7221612425223642,0.8240740740740741,0.8206136900078678,0.8511705685618729,0.8240740740740741,0.6481481481481481
P3,VP016,"{""C"": 5.455594781168517, ""gamma"": ""scale""}",0.745981822489433,0.7962962962962963,0.7890625,0.843402225755167,0.7962962962962963,0.5925925925925926
Pz,VP016,"{""C"": 7.847599703514611, ""gamma"": ""scale""}",0.7425705221641088,0.7870370370370371,0.7802353357515703,0.8275929549902152,0.787037037037037,0.5740740740740741
POz,VP016,"{""C"": 16.23776739188721, ""gamma"": ""scale""}",0.698138831445415,0.7222222222222222,0.7022058823529411,0.8039399624765479,0.7222222222222222,0.4444444444444444
O1,VP016,"{""C"": 0.8858667904100825, ""gamma"": ""scale""}",0.6591461753110351,0.6111111111111112,0.5492845786963434,0.7462006079027356,0.6111111111111112,0.2222222222222222
Fp2,VP016,"{""C"": 2.636650898730358, ""gamma"": ""auto""}",0.8499747900024353,0.8611111111111112,0.8610038610038611,0.8622291021671826,0.8611111111111112,0.7222222222222222
AF6,VP016,"{""C"": 5.455594781168517, ""gamma"": ""scale""}",0.827748832965759,0.8333333333333334,0.8331043956043955,0.8351724137931034,0.8333333333333333,0.6666666666666667
F2,VP016,"{""C"": 5.455594781168517, ""gamma"": ""scale""}",0.8184786784479448,0.7962962962962963,0.7956656346749226,0.8,0.7962962962962963,0.5925925925925926
FC2,VP016,"{""C"": 2.636650898730358, ""gamma"": ""scale""}",0.8074047654974692,0.7870370370370371,0.7828481510621558,0.8110367892976589,0.787037037037037,0.5740740740740741
FC6,VP016,"{""C"": 5.455594781168517, ""gamma"": ""scale""}",0.8073836276083467,0.8055555555555556,0.8041958041958042,0.8142857142857143,0.8055555555555556,0.6111111111111112
C4,VP016,"{""C"": 3.79269019073225, ""gamma"": ""scale""}",0.8018348623853211,0.7777777777777778,0.775,0.7922077922077921,0.7777777777777777,0.5555555555555556
T8,VP016,"{""C"": 7.847599703514611, ""gamma"": ""scale""}",0.7472606134023456,0.5740740740740741,0.5063593004769475,0.6641337386018237,0.5740740740740741,0.14814814814814814
CP2,VP016,"{""C"": 11.288378916846883, ""gamma"": ""scale""}",0.766637856525497,0.75,0.7436483516483516,0.7775028549676437,0.75,0.5
CP6,VP016,"{""C"": 33.59818286283781, ""gamma"": ""scale""}",0.7647946497470635,0.7129629629629629,0.6967116586647342,0.7710606721955477,0.7129629629629629,0.42592592592592593
P4,VP016,"{""C"": 5.455594781168517, ""gamma"": ""scale""}",0.7425917098481133,0.75,0.7358456381918652,0.8182016586643388,0.75,0.5
P8,VP016,"{""C"": 7.847599703514611, ""gamma"": ""scale""}",0.6997982182811492,0.5370370370370371,0.41073766914011345,0.7596153846153846,0.537037037037037,0.07407407407407407
O2,VP016,"{""C"": 3.79269019073225, ""gamma"": ""scale""}",0.6781184642577809,0.5277777777777778,0.39225422045680236,0.7571428571428571,0.5277777777777778,0.05555555555555558
Fp1,VP017,"{""C"": 1.8329807108324356, ""gamma"": ""auto""}",0.8701923076923077,0.8611111111111112,0.8601398601398602,0.8714285714285714,0.8611111111111112,0.7222222222222222
AF5,VP017,"{""C"": 2.636650898730358, ""gamma"": ""auto""}",0.8183964530342754,0.8518518518518519,0.8516483516483516,0.8537931034482759,0.8518518518518519,0.7037037037037037
AFz,VP017,"{""C"": 5.455594781168517, ""gamma"": ""scale""}",0.8313142998376306,0.8518518518518519,0.8516483516483516,0.8537931034482759,0.8518518518518519,0.7037037037037037
F1,VP017,"{""C"": 1.8329807108324356, ""gamma"": ""scale""}",0.8062352502794683,0.6944444444444444,0.6899521531100479,0.7064069894430287,0.6944444444444444,0.38888888888888884
FC5,VP017,"{""C"": 7.847599703514611, ""gamma"": ""scale""}",0.7772614153524633,0.7870370370370371,0.786579603058682,0.7895191975095123,0.787037037037037,0.5740740740740741
FC1,VP017,"{""C"": 16.23776739188721, ""gamma"": ""scale""}",0.8028273809523809,0.7037037037037037,0.6986396930589467,0.7183823529411765,0.7037037037037037,0.40740740740740744
T7,VP017,"{""C"": 7.847599703514611, ""gamma"": ""scale""}",0.7315510384445427,0.6203703703703703,0.6147890387124837,0.627775755369494,0.6203703703703703,0.2407407407407407
C3,VP017,"{""C"": 11.288378916846883, ""gamma"": ""scale""}",0.7870632998962297,0.6388888888888888,0.635103525946461,0.644901610017889,0.6388888888888888,0.2777777777777778
Cz,VP017,"{""C"": 3.79269019073225, ""gamma"": ""scale""}",0.77242265548355,0.6574074074074074,0.6559621179509255,0.6600976630624347,0.6574074074074074,0.31481481481481477
CP5,VP017,"{""C"": 11.288378916846883, ""gamma"": ""scale""}",0.7726990435970686,0.6851851851851852,0.6824628156347284,0.6917613636363636,0.6851851851851851,0.37037037037037035
CP1,VP017,"{""C"": 2.636650898730358, ""gamma"": ""scale""}",0.7626981408240167,0.6481481481481481,0.6470588235294117,0.6499999999999999,0.6481481481481481,0.2962962962962963
P7,VP017,"{""C"": 48.32930238571752, ""gamma"": ""scale""}",0.6898462300393109,0.6296296296296297,0.62642684192321,0.6342329545454546,0.6296296296296297,0.2592592592592593
P3,VP017,"{""C"": 2.636650898730358, ""gamma"": ""scale""}",0.749154140551334,0.6296296296296297,0.6284829721362228,0.6312500000000001,0.6296296296296297,0.2592592592592593
Pz,VP017,"{""C"": 2.636650898730358, ""gamma"": ""scale""}",0.7278225806451613,0.7037037037037037,0.7036020583190394,0.7039835164835164,0.7037037037037037,0.40740740740740744
POz,VP017,"{""C"": 7.847599703514611, ""gamma"": ""scale""}",0.6731954225352113,0.6388888888888888,0.6386100386100386,0.6393188854489165,0.6388888888888888,0.2777777777777778
O1,VP017,"{""C"": 1.8329807108324356, ""gamma"": ""scale""}",0.63878855237566,0.6481481481481481,0.6462068965517241,0.6514726507713885,0.6481481481481481,0.2962962962962963
Fp2,VP017,"{""C"": 1.2742749857031335, ""gamma"": ""scale""}",0.8626917367639781,0.8425925925925926,0.8414918414918415,0.8523809523809524,0.8425925925925926,0.6851851851851851
AF6,VP017,"{""C"": 2.636650898730358, ""gamma"": ""scale""}",0.8311195119855658,0.8888888888888888,0.8888507718696398,0.8894230769230769,0.8888888888888888,0.7777777777777778
F2,VP017,"{""C"": 1.2742749857031335, ""gamma"": ""scale""}",0.8025090050925351,0.75,0.7489453293155403,0.7542727589815138,0.75,0.5
FC2,VP017,"{""C"": 7.847599703514611, ""gamma"": ""scale""}",0.7838777791578686,0.7407407407407407,0.7393103448275862,0.7461430575035064,0.7407407407407407,0.4814814814814815
FC6,VP017,"{""C"": 1.8329807108324356, ""gamma"": ""scale""}",0.7856780477030278,0.7592592592592593,0.7591766723842196,0.7596153846153846,0.7592592592592593,0.5185185185185186
C4,VP017,"{""C"": 16.23776739188721, ""gamma"": ""scale""}",0.784,0.7592592592592593,0.7585139318885449,0.7625,0.7592592592592593,0.5185185185185186
T8,VP017,"{""C"": 3.79269019073225, ""gamma"": ""scale""}",0.7018426494644896,0.7129629629629629,0.7117520447696943,0.7166027206138821,0.712962962962963,0.42592592592592593
CP2,VP017,"{""C"": 11.288378916846883, ""gamma"": ""scale""}",0.7594405594405594,0.6759259259259259,0.6758981394152448,0.6759862778730703,0.6759259259259259,0.35185185185185186
CP6,VP017,"{""C"": 7.847599703514611, ""gamma"": ""scale""}",0.7454574231262838,0.7592592592592593,0.7589285714285714,0.7606896551724138,0.7592592592592593,0.5185185185185186
P4,VP017,"{""C"": 3.79269019073225, ""gamma"": ""scale""}",0.7379100963474705,0.7407407407407407,0.7403846153846154,0.7420689655172414,0.7407407407407407,0.4814814814814815
P8,VP017,"{""C"": 7.847599703514611, ""gamma"": ""scale""}",0.7018262882620252,0.6851851851851852,0.6842105263157894,0.6875,0.6851851851851851,0.37037037037037035
O2,VP017,"{""C"": 3.79269019073225, ""gamma"": ""scale""}",0.6573968332355937,0.6851851851851852,0.6851851851851852,0.6851851851851852,0.6851851851851852,0.37037037037037035
Fp1,VP018,"{""C"": 5.455594781168517, ""gamma"": ""auto""}",0.8499994855949438,0.7870370370370371,0.7861386138613862,0.7919427973491454,0.787037037037037,0.5740740740740741
AF5,VP018,"{""C"": 5.455594781168517, ""gamma"": ""scale""}",0.8351846199746913,0.8055555555555556,0.8055388836491468,0.8056603773584906,0.8055555555555556,0.6111111111111112
AFz,VP018,"{""C"": 7.847599703514611, ""gamma"": ""scale""}",0.835139390571455,0.8240740740740741,0.8240589899682758,0.8241852487135506,0.8240740740740741,0.6481481481481481
F1,VP018,"{""C"": 7.847599703514611, ""gamma"": ""scale""}",0.8240445067929796,0.7685185185185185,0.7684986710108892,0.7686106346483705,0.7685185185185186,0.537037037037037
FC5,VP018,"{""C"": 69.51927961775606, ""gamma"": ""auto""}",0.7962515778497339,0.75,0.7498069498069498,0.7507739938080495,0.75,0.5
FC1,VP018,"{""C"": 16.23776739188721, ""gamma"": ""scale""}",0.7962935019684769,0.75,0.7489453293155403,0.7542727589815138,0.75,0.5
T7,VP018,"{""C"": 16.23776739188721, ""gamma"": ""scale""}",0.7534593613011524,0.7870370370370371,0.7861386138613862,0.7919427973491454,0.787037037037037,0.5740740740740741
C3,VP018,"{""C"": 2.636650898730358, ""gamma"": ""scale""}",0.7868257635310716,0.7129629629629629,0.7056703296703297,0.7363913208983632,0.712962962962963,0.42592592592592593
Cz,VP018,"{""C"": 1.2742749857031335, ""gamma"": ""scale""}",0.7754446258269612,0.7314814814814815,0.7229054233389365,0.764187866927593,0.7314814814814815,0.4629629629629629
CP5,VP018,"{""C"": 7.847599703514611, ""gamma"": ""scale""}",0.7606769482359974,0.7222222222222222,0.7123579545454546,0.7575516693163752,0.7222222222222223,0.4444444444444444
CP1,VP018,"{""C"": 3.79269019073225, ""gamma"": ""scale""}",0.7646332046332046,0.7129629629629629,0.6906587822230436,0.7992771084337349,0.712962962962963,0.42592592592592593
P7,VP018,"{""C"": 11.288378916846883, ""gamma"": ""scale""}",0.7347840870452227,0.6574074074074074,0.634567901234568,0.7098765432098766,0.6574074074074074,0.31481481481481477
P3,VP018,"{""C"": 1.8329807108324356, ""gamma"": ""scale""}",0.7682315898626214,0.6851851851851852,0.6548872180451129,0.7854122621564482,0.6851851851851852,0.37037037037037035
Pz,VP018,"{""C"": 2.636650898730358, ""gamma"": ""scale""}",0.7407265144863916,0.6851851851851852,0.6548872180451129,0.7854122621564482,0.6851851851851852,0.37037037037037035
POz,VP018,"{""C"": 1.8329807108324356, ""gamma"": ""scale""}",0.6888718173836699,0.6759259259259259,0.6378963502251174,0.803370786516854,0.6759259259259259,0.35185185185185186
O1,VP018,"{""C"": 16.23776739188721, ""gamma"": ""scale""}",0.6388777431402204,0.6944444444444444,0.6629787234042553,0.8103448275862069,0.6944444444444444,0.38888888888888884
Fp2,VP018,"{""C"": 11.288378916846883, ""gamma"": ""auto""}",0.8573951813427078,0.8148148148148148,0.8145604395604396,0.816551724137931,0.8148148148148149,0.6296296296296297
AF6,VP018,"{""C"": 5.455594781168517, ""gamma"": ""scale""}",0.8092586051392494,0.7870370370370371,0.787018777330018,0.7871355060034306,0.787037037037037,0.5740740740740741
F2,VP018,"{""C"": 7.847599703514611, ""gamma"": ""scale""}",0.7999560946161023,0.7870370370370371,0.787018777330018,0.7871355060034306,0.787037037037037,0.5740740740740741
FC2,VP018,"{""C"": 1.8329807108324356, ""gamma"": ""scale""}",0.7776283098378883,0.7685185185185185,0.7684986710108892,0.7686106346483705,0.7685185185185186,0.537037037037037
FC6,VP018,"{""C"": 16.23776739188721, ""gamma"": ""scale""}",0.7942857142857143,0.7777777777777778,0.776551724137931,0.7840112201963534,0.7777777777777778,0.5555555555555556
C4,VP018,"{""C"": 2.636650898730358, ""gamma"": ""scale""}",0.7721276661440446,0.7129629629629629,0.7056703296703297,0.7363913208983632,0.712962962962963,0.42592592592592593
T8,VP018,"{""C"": 7.847599703514611, ""gamma"": ""scale""}",0.731473193617087,0.7129629629629629,0.7099540847266742,0.7221824686940966,0.712962962962963,0.42592592592592593
CP2,VP018,"{""C"": 5.455594781168517, ""gamma"": ""scale""}",0.7814784839298207,0.7037037037037037,0.6789297658862876,0.7946428571428572,0.7037037037037037,0.40740740740740744
CP6,VP018,"{""C"": 5.455594781168517, ""gamma"": ""scale""}",0.7425210706677781,0.6851851851851852,0.6588628762541806,0.7678571428571428,0.6851851851851851,0.37037037037037035
P4,VP018,"{""C"": 23.357214690901213, ""gamma"": ""scale""}",0.7293920588719864,0.6759259259259259,0.6378963502251174,0.803370786516854,0.6759259259259259,0.35185185185185186
P8,VP018,"{""C"": 48.32930238571752, ""gamma"": ""scale""}",0.6777600965759438,0.6388888888888888,0.6017021276595744,0.7216748768472906,0.6388888888888888,0.2777777777777778
O2,VP018,"{""C"": 3.79269019073225, ""gamma"": ""scale""}",0.6384412801856895,0.6388888888888888,0.5847382431233363,0.7903225806451613,0.6388888888888888,0.2777777777777778
Fp1,VP019,"{""C"": 1.2742749857031335, ""gamma"": ""auto""}",0.8681889909960085,0.8333333333333334,0.8331043956043955,0.8351724137931034,0.8333333333333333,0.6666666666666667
AF5,VP019,"{""C"": 2.636650898730358, ""gamma"": ""scale""}",0.8572659460164567,0.8240740740740741,0.8236961938310852,0.8268765133171913,0.8240740740740741,0.6481481481481481
AFz,VP019,"{""C"": 3.79269019073225, ""gamma"": ""scale""}",0.8516483516483516,0.8518518518518519,0.8513931888544892,0.85625,0.8518518518518519,0.7037037037037037
F1,VP019,"{""C"": 7.847599703514611, ""gamma"": ""scale""}",0.8273461431356168,0.8055555555555556,0.8054054054054054,0.8065015479876161,0.8055555555555556,0.6111111111111112
FC5,VP019,"{""C"": 7.847599703514611, ""gamma"": ""scale""}",0.8331043956043955,0.7037037037037037,0.7020689655172414,0.7082748948106592,0.7037037037037037,0.40740740740740744
FC1,VP019,"{""C"": 5.455594781168517, ""gamma"": ""scale""}",0.8202316602316602,0.7314814814814815,0.7309047169000773,0.7334832237979938,0.7314814814814815,0.4629629629629629
T7,VP019,"{""C"": 11.288378916846883, ""gamma"": ""scale""}",0.7774725274725275,0.7314814814814815,0.7314584583726313,0.7315608919382504,0.7314814814814814,0.4629629629629629
C3,VP019,"{""C"": 5.455594781168517, ""gamma"": ""scale""}",0.8106018926056338,0.7870370370370371,0.786579603058682,0.7895191975095123,0.787037037037037,0.5740740740740741
Cz,VP019,"{""C"": 1.2742749857031335, ""gamma"": ""scale""}",0.7864210566138967,0.7314814814814815,0.7286667244217274,0.7415026833631484,0.7314814814814815,0.4629629629629629
CP5,VP019,"{""C"": 23.357214690901213, ""gamma"": ""scale""}",0.7924530891820291,0.7592592592592593,0.7585139318885449,0.7625,0.7592592592592593,0.5185185185185186
CP1,VP019,"{""C"": 100.0, ""gamma"": ""scale""}",0.7939292676134782,0.7129629629629629,0.7123464215138757,0.7148045658941543,0.712962962962963,0.42592592592592593
P7,VP019,"{""C"": 23.357214690901213, ""gamma"": ""scale""}",0.7129147216095983,0.7129629629629629,0.7117520447696943,0.7166027206138821,0.712962962962963,0.42592592592592593
P3,VP019,"{""C"": 3.79269019073225, ""gamma"": ""scale""}",0.7846860348407144,0.7685185185185185,0.7639653815892997,0.7909698996655519,0.7685185185185186,0.537037037037037
Pz,VP019,"{""C"": 5.455594781168517, ""gamma"": ""scale""}",0.7624938149430975,0.7222222222222222,0.7174747122427625,0.7382352941176471,0.7222222222222222,0.4444444444444444
POz,VP019,"{""C"": 2.636650898730358, ""gamma"": ""scale""}",0.690714224470548,0.6481481481481481,0.6470588235294117,0.6499999999999999,0.6481481481481481,0.2962962962962963
O1,VP019,"{""C"": 23.357214690901213, ""gamma"": ""scale""}",0.6444249341527656,0.5833333333333334,0.583011583011583,0.5835913312693499,0.5833333333333334,0.16666666666666663
Fp2,VP019,"{""C"": 3.79269019073225, ""gamma"": ""scale""}",0.8664835164835165,0.8240740740740741,0.8236961938310852,0.8268765133171913,0.8240740740740741,0.6481481481481481
AF6,VP019,"{""C"": 3.79269019073225, ""gamma"": ""auto""}",0.8628707910666977,0.7870370370370371,0.7855477855477855,0.7952380952380953,0.787037037037037,0.5740740740740741
F2,VP019,"{""C"": 5.455594781168517, ""gamma"": ""scale""}",0.8258877119806817,0.7870370370370371,0.7861386138613862,0.7919427973491454,0.787037037037037,0.5740740740740741
FC2,VP019,"{""C"": 23.357214690901213, ""gamma"": ""scale""}",0.8091119691119691,0.7222222222222222,0.7221269296740995,0.7225274725274725,0.7222222222222222,0.4444444444444444
FC6,VP019,"{""C"": 5.455594781168517, ""gamma"": ""scale""}",0.8087812122899842,0.7685185185185185,0.7668997668997669,0.7761904761904761,0.7685185185185186,0.537037037037037
C4,VP019,"{""C"": 5.455594781168517, ""gamma"": ""scale""}",0.8126230369909747,0.7685185185185185,0.765115267507612,0.7850382235165635,0.7685185185185185,0.537037037037037
T8,VP019,"{""C"": 33.59818286283781, ""gamma"": ""scale""}",0.7313700129340364,0.5925925925925926,0.5874999999999999,0.5974025974025974,0.5925925925925926,0.18518518518518523
CP2,VP019,"{""C"": 2.636650898730358, ""gamma"": ""scale""}",0.782616923399819,0.7037037037037037,0.697054698457223,0.7233082706766918,0.7037037037037037,0.40740740740740744
CP6,VP019,"{""C"": 3.79269019073225, ""gamma"": ""scale""}",0.7702915951972555,0.6944444444444444,0.6899521531100479,0.7064069894430287,0.6944444444444444,0.38888888888888884
P4,VP019,"{""C"": 5.455594781168517, ""gamma"": ""scale""}",0.7590973356577123,0.7037037037037037,0.697054698457223,0.7233082706766918,0.7037037037037037,0.40740740740740744
P8,VP019,"{""C"": 5.455594781168517, ""gamma"": ""scale""}",0.6774193548387097,0.6388888888888888,0.6386100386100386,0.6393188854489165,0.6388888888888888,0.2777777777777778
O2,VP019,"{""C"": 11.288378916846883, ""gamma"": ""scale""}",0.6721311475409836,0.6203703703703703,0.6200772200772201,0.6207430340557276,0.6203703703703703,0.2407407407407407
Fp1,VP020,"{""C"": 3.79269019073225, ""gamma"": ""scale""}",0.8478476001979218,0.8518518518518519,0.8516483516483516,0.8537931034482759,0.8518518518518519,0.7037037037037037
AF5,VP020,"{""C"": 7.847599703514611, ""gamma"": ""scale""}",0.8331479421579533,0.8240740740740741,0.8239382239382239,0.8250773993808049,0.8240740740740741,0.6481481481481481
AFz,VP020,"{""C"": 3.79269019073225, ""gamma"": ""auto""}",0.8274647766352539,0.8425925925925926,0.8402783819051762,0.8636694575900983,0.8425925925925926,0.6851851851851851
F1,VP020,"{""C"": 16.23776739188721, ""gamma"": ""scale""}",0.8036067193675889,0.7962962962962963,0.7962264150943397,0.7967032967032968,0.7962962962962963,0.5925925925925926
FC5,VP020,"{""C"": 3.79269019073225, ""gamma"": ""scale""}",0.7841161306331766,0.7407407407407407,0.7403846153846154,0.7420689655172414,0.7407407407407407,0.4814814814814815
FC1,VP020,"{""C"": 3.79269019073225, ""gamma"": ""scale""}",0.7883197623239437,0.7685185185185185,0.7675419715884633,0.7731077781653296,0.7685185185185186,0.537037037037037
T7,VP020,"{""C"": 7.847599703514611, ""gamma"": ""scale""}",0.7641345581736076,0.6944444444444444,0.6942084942084943,0.695046439628483,0.6944444444444444,0.38888888888888884
C3,VP020,"{""C"": 3.79269019073225, ""gamma"": ""scale""}",0.7819507094022109,0.7685185185185185,0.7675419715884633,0.7731077781653296,0.7685185185185186,0.537037037037037
Cz,VP020,"{""C"": 1.8329807108324356, ""gamma"": ""scale""}",0.7842261904761905,0.7407407407407407,0.7375,0.7532467532467533,0.7407407407407407,0.4814814814814815
CP5,VP020,"{""C"": 48.32930238571752, ""gamma"": ""scale""}",0.7548965669014085,0.8148148148148148,0.8147512864493998,0.8152472527472527,0.8148148148148149,0.6296296296296297
CP1,VP020,"{""C"": 1.2742749857031335, ""gamma"": ""scale""}",0.7555556323451662,0.7129629629629629,0.7099540847266742,0.7221824686940966,0.712962962962963,0.42592592592592593
P7,VP020,"{""C"": 16.23776739188721, ""gamma"": ""scale""}",0.6978486909179537,0.6574074074074074,0.655011655011655,0.6619047619047619,0.6574074074074074,0.31481481481481477
P3,VP020,"{""C"": 69.51927961775606, ""gamma"": ""scale""}",0.7254702592780884,0.6759259259259259,0.6758981394152448,0.6759862778730703,0.6759259259259259,0.35185185185185186
Pz,VP020,"{""C"": 5.455594781168517, ""gamma"": ""scale""}",0.7270955165692008,0.6944444444444444,0.6942084942084943,0.695046439628483,0.6944444444444444,0.38888888888888884
POz,VP020,"{""C"": 3.79269019073225, ""gamma"": ""scale""}",0.6553238802487269,0.7407407407407407,0.7407407407407407,0.7407407407407407,0.7407407407407407,0.4814814814814815
O1,VP020,"{""C"": 48.32930238571752, ""gamma"": ""scale""}",0.6481047042844796,0.5740740740740741,0.573489010989011,0.5744827586206896,0.5740740740740742,0.14814814814814814
Fp2,VP020,"{""C"": 2.636650898730358, ""gamma"": ""auto""}",0.8515076102349755,0.8425925925925926,0.8422544892172867,0.8455551712210307,0.8425925925925926,0.6851851851851851
AF6,VP020,"{""C"": 1.8329807108324356, ""gamma"": ""scale""}",0.8255214420260961,0.7870370370370371,0.7828481510621558,0.8110367892976589,0.787037037037037,0.5740740740740741
F2,VP020,"{""C"": 7.847599703514611, ""gamma"": ""scale""}",0.8166157265907197,0.7870370370370371,0.7861386138613862,0.7919427973491454,0.787037037037037,0.5740740740740741
FC2,VP020,"{""C"": 1.8329807108324356, ""gamma"": ""scale""}",0.79729659922514,0.75,0.7473793641167807,0.7608228980322004,0.75,0.5
FC6,VP020,"{""C"": 2.636650898730358, ""gamma"": ""scale""}",0.825636516027975,0.7592592592592593,0.75625,0.7727272727272727,0.7592592592592593,0.5185185185185186
C4,VP020,"{""C"": 23.357214690901213, ""gamma"": ""scale""}",0.7997252747252748,0.7870370370370371,0.7848046435068873,0.7994633273703041,0.787037037037037,0.5740740740740741
T8,VP020,"{""C"": 3.79269019073225, ""gamma"": ""scale""}",0.7462954262531765,0.7222222222222222,0.7142857142857142,0.75,0.7222222222222222,0.4444444444444444
CP2,VP020,"{""C"": 1.8329807108324356, ""gamma"": ""scale""}",0.7633140178981264,0.7222222222222222,0.71875,0.7337662337662337,0.7222222222222223,0.4444444444444444
CP6,VP020,"{""C"": 3.79269019073225, ""gamma"": ""scale""}",0.7748689836716272,0.7870370370370371,0.7848046435068873,0.7994633273703041,0.787037037037037,0.5740740740740741
P4,VP020,"{""C"": 0.6158482110660264, ""gamma"": ""scale""}",0.7501933274414494,0.7129629629629629,0.7117520447696943,0.7166027206138821,0.712962962962963,0.42592592592592593
P8,VP020,"{""C"": 11.288378916846883, ""gamma"": ""scale""}",0.688820591625048,0.6851851851851852,0.6851851851851852,0.6851851851851852,0.6851851851851852,0.37037037037037035
O2,VP020,"{""C"": 100.0, ""gamma"": ""scale""}",0.6386794815925554,0.5555555555555556,0.5531034482758621,0.5568022440392706,0.5555555555555556,0.11111111111111116
Fp1,VP021,"{""C"": 5.455594781168517, ""gamma"": ""auto""}",0.8462704638296559,0.8055555555555556,0.8017309205350118,0.8311036789297659,0.8055555555555556,0.6111111111111112
AF5,VP021,"{""C"": 3.79269019073225, ""gamma"": ""scale""}",0.8276447876447877,0.7962962962962963,0.7928147889780258,0.8176470588235294,0.7962962962962963,0.5925925925925926
AFz,VP021,"{""C"": 3.79269019073225, ""gamma"": ""scale""}",0.8480731225296443,0.8148148148148148,0.8106591865357644,0.8451127819548871,0.8148148148148148,0.6296296296296297
F1,VP021,"{""C"": 16.23776739188721, ""gamma"": ""scale""}",0.8258662092624357,0.7870370370370371,0.7861386138613862,0.7919427973491454,0.787037037037037,0.5740740740740741
FC5,VP021,"{""C"": 3.79269019073225, ""gamma"": ""scale""}",0.7812384130515387,0.8240740740740741,0.8236961938310852,0.8268765133171913,0.8240740740740741,0.6481481481481481
FC1,VP021,"{""C"": 7.847599703514611, ""gamma"": ""scale""}",0.8109840633622051,0.8333333333333334,0.8333333333333334,0.8333333333333334,0.8333333333333334,0.6666666666666667
T7,VP021,"{""C"": 7.847599703514611, ""gamma"": ""scale""}",0.7629597113815004,0.8148148148148148,0.8147512864493998,0.8152472527472527,0.8148148148148149,0.6296296296296297
C3,VP021,"{""C"": 16.23776739188721, ""gamma"": ""scale""}",0.7698367958642119,0.8518518518518519,0.8518010291595197,0.8523351648351649,0.8518518518518519,0.7037037037037037
Cz,VP021,"{""C"": 3.79269019073225, ""gamma"": ""scale""}",0.7809737250965888,0.8425925925925926,0.8422544892172867,0.8455551712210307,0.8425925925925926,0.6851851851851851
CP5,VP021,"{""C"": 16.23776739188721, ""gamma"": ""scale""}",0.7719962514288853,0.7962962962962963,0.7956656346749226,0.8,0.7962962962962963,0.5925925925925926
CP1,VP021,"{""C"": 5.455594781168517, ""gamma"": ""scale""}",0.7490628582050249,0.8148148148148148,0.8147512864493998,0.8152472527472527,0.8148148148148149,0.6296296296296297
P7,VP021,"{""C"": 2.636650898730358, ""gamma"": ""auto""}",0.6442687747035574,0.6944444444444444,0.6944182457343737,0.6945111492281304,0.6944444444444444,0.38888888888888884
P3,VP021,"{""C"": 48.32930238571752, ""gamma"": ""scale""}",0.7090906595386215,0.7777777777777778,0.7774725274725275,0.7793103448275862,0.7777777777777777,0.5555555555555556
Pz,VP021,"{""C"": 3.79269019073225, ""gamma"": ""scale""}",0.698507010022195,0.7962962962962963,0.7960164835164836,0.7979310344827586,0.7962962962962963,0.5925925925925926
POz,VP021,"{""C"": 7.847599703514611, ""gamma"": ""scale""}",0.6628473413379073,0.6574074074074074,0.6571428571428571,0.6578947368421053,0.6574074074074074,0.31481481481481477
O1,VP021,"{""C"": 16.23776739188721, ""gamma"": ""scale""}",0.6294466403162056,0.6203703703703703,0.6203378204578582,0.6204116638078903,0.6203703703703705,0.2407407407407407
Fp2,VP021,"{""C"": 2.636650898730358, ""gamma"": ""auto""}",0.8460169511906029,0.8055555555555556,0.8026968247063941,0.8243538405533309,0.8055555555555556,0.6111111111111112
AF6,VP021,"{""C"": 7.847599703514611, ""gamma"": ""scale""}",0.836658371258473,0.8240740740740741,0.8206136900078678,0.8511705685618729,0.8240740740740741,0.6481481481481481
F2,VP021,"{""C"": 7.847599703514611, ""gamma"": ""scale""}",0.8293956043956043,0.8148148148148148,0.8142414860681115,0.81875,0.8148148148148149,0.6296296296296297
FC2,VP021,"{""C"": 100.0, ""gamma"": ""scale""}",0.7980310948389155,0.8425925925925926,0.8422544892172867,0.8455551712210307,0.8425925925925926,0.6851851851851851
FC6,VP021,"{""C"": 3.79269019073225, ""gamma"": ""scale""}",0.8033151904997526,0.8425925925925926,0.8414918414918415,0.8523809523809524,0.8425925925925926,0.6851851851851851
C4,VP021,"{""C"": 69.51927961775606, ""gamma"": ""scale""}",0.7795925927196271,0.8333333333333334,0.8332761578044596,0.8337912087912087,0.8333333333333333,0.6666666666666667
T8,VP021,"{""C"": 3.79269019073225, ""gamma"": ""scale""}",0.7128438069294871,0.8055555555555556,0.8054054054054054,0.8065015479876161,0.8055555555555556,0.6111111111111112
CP2,VP021,"{""C"": 100.0, ""gamma"": ""scale""}",0.7478680014831294,0.6851851851851852,0.68125,0.6948051948051948,0.6851851851851851,0.37037037037037035
CP6,VP021,"{""C"": 69.51927961775606, ""gamma"": ""scale""}",0.7184567257559958,0.8055555555555556,0.8055388836491468,0.8056603773584906,0.8055555555555556,0.6111111111111112
P4,VP021,"{""C"": 100.0, ""gamma"": ""auto""}",0.6944350134263404,0.7777777777777778,0.7777777777777778,0.7777777777777778,0.7777777777777778,0.5555555555555556
P8,VP021,"{""C"": 11.288378916846883, ""gamma"": ""scale""}",0.6479743083003953,0.7777777777777778,0.775,0.7922077922077921,0.7777777777777777,0.5555555555555556
O2,VP021,"{""C"": 23.357214690901213, ""gamma"": ""scale""}",0.6313790867833657,0.5833333333333334,0.5751376868607396,0.5903010033444815,0.5833333333333333,0.16666666666666663
Fp1,VP022,"{""C"": 100.0, ""gamma"": ""auto""}",0.8257322951427513,0.8518518518518519,0.8510344827586207,0.8597475455820476,0.8518518518518519,0.7037037037037037
AF5,VP022,"{""C"": 2.636650898730358, ""gamma"": ""scale""}",0.8203401806202002,0.7777777777777778,0.7774725274725275,0.7793103448275862,0.7777777777777777,0.5555555555555556
AFz,VP022,"{""C"": 5.455594781168517, ""gamma"": ""auto""}",0.8184562607204117,0.7592592592592593,0.7589285714285714,0.7606896551724138,0.7592592592592593,0.5185185185185186
F1,VP022,"{""C"": 3.79269019073225, ""gamma"": ""scale""}",0.8055015282022784,0.7685185185185185,0.7683397683397684,0.7693498452012384,0.7685185185185185,0.537037037037037
FC5,VP022,"{""C"": 7.847599703514611, ""gamma"": ""scale""}",0.7851822384394848,0.7870370370370371,0.7868725868725869,0.7879256965944272,0.787037037037037,0.5740740740740741
FC1,VP022,"{""C"": 16.23776739188721, ""gamma"": ""scale""}",0.7814814814814814,0.7037037037037037,0.7027863777089783,0.70625,0.7037037037037037,0.40740740740740744
T7,VP022,"{""C"": 3.79269019073225, ""gamma"": ""scale""}",0.7462258034639251,0.7037037037037037,0.7037037037037037,0.7037037037037037,0.7037037037037037,0.40740740740740744
C3,VP022,"{""C"": 1.2742749857031335, ""gamma"": ""scale""}",0.7657379735852694,0.7407407407407407,0.7393103448275862,0.7461430575035064,0.7407407407407407,0.4814814814814815
Cz,VP022,"{""C"": 100.0, ""gamma"": ""scale""}",0.7442725563135715,0.7870370370370371,0.787018777330018,0.7871355060034306,0.787037037037037,0.5740740740740741
CP5,VP022,"{""C"": 48.32930238571752, ""gamma"": ""scale""}",0.7498069498069498,0.7037037037037037,0.7032967032967032,0.7048275862068966,0.7037037037037037,0.40740740740740744
CP1,VP022,"{""C"": 7.847599703514611, ""gamma"": ""scale""}",0.7590973356577123,0.7407407407407407,0.7406518010291595,0.7410714285714286,0.7407407407407407,0.4814814814814815
P7,VP022,"{""C"": 11.288378916846883, ""gamma"": ""scale""}",0.6627362699207973,0.75,0.7494630122862789,0.7521618817018332,0.75,0.5
P3,VP022,"{""C"": 5.455594781168517, ""gamma"": ""scale""}",0.7294477769694308,0.7685185185185185,0.7680213076724804,0.7708405396056728,0.7685185185185185,0.537037037037037
Pz,VP022,"{""C"": 5.455594781168517, ""gamma"": ""scale""}",0.7182711845790544,0.7314814814814815,0.7309047169000773,0.7334832237979938,0.7314814814814815,0.4629629629629629
POz,VP022,"{""C"": 7.847599703514611, ""gamma"": ""scale""}",0.6648044692737429,0.7129629629629629,0.7127413127413127,0.7136222910216719,0.712962962962963,0.42592592592592593
O1,VP022,"{""C"": 33.59818286283781, ""gamma"": ""scale""}",0.6331521739130435,0.6481481481481481,0.6470588235294117,0.6499999999999999,0.6481481481481481,0.2962962962962963
Fp2,VP022,"{""C"": 1.8329807108324356, ""gamma"": ""auto""}",0.8237543417241842,0.8703703703703703,0.8703703703703703,0.8703703703703703,0.8703703703703703,0.7407407407407407
AF6,VP022,"{""C"": 5.455594781168517, ""gamma"": ""scale""}",0.8277299249791609,0.7962962962962963,0.7962264150943397,0.7967032967032968,0.7962962962962963,0.5925925925925926
F2,VP022,"{""C"": 3.79269019073225, ""gamma"": ""scale""}",0.8129109937945727,0.7962962962962963,0.7960164835164836,0.7979310344827586,0.7962962962962963,0.5925925925925926
FC2,VP022,"{""C"": 1.8329807108324356, ""gamma"": ""scale""}",0.7846860348407144,0.7685185185185185,0.7675419715884633,0.7731077781653296,0.7685185185185186,0.537037037037037
FC6,VP022,"{""C"": 7.847599703514611, ""gamma"": ""scale""}",0.7924103465319348,0.7592592592592593,0.7585139318885449,0.7625,0.7592592592592593,0.5185185185185186
C4,VP022,"{""C"": 5.455594781168517, ""gamma"": ""scale""}",0.7832433897467742,0.8055555555555556,0.8051378984448836,0.8081978554133518,0.8055555555555556,0.6111111111111112
T8,VP022,"{""C"": 16.23776739188721, ""gamma"": ""scale""}",0.7295368782161235,0.6574074074074074,0.655011655011655,0.6619047619047619,0.6574074074074074,0.31481481481481477
CP2,VP022,"{""C"": 100.0, ""gamma"": ""scale""}",0.7608741173522455,0.7870370370370371,0.7868725868725869,0.7879256965944272,0.787037037037037,0.5740740740740741
CP6,VP022,"{""C"": 33.59818286283781, ""gamma"": ""scale""}",0.7239974066870427,0.6759259259259259,0.6752298307414726,0.6774472500864752,0.6759259259259259,0.35185185185185186
P4,VP022,"{""C"": 7.847599703514611, ""gamma"": ""scale""}",0.7293920588719864,0.7407407407407407,0.7403846153846154,0.7420689655172414,0.7407407407407407,0.4814814814814815
P8,VP022,"{""C"": 2.636650898730358, ""gamma"": ""scale""}",0.6735322002225916,0.7129629629629629,0.7129383520535025,0.7130360205831904,0.712962962962963,0.42592592592592593
O2,VP022,"{""C"": 7.847599703514611, ""gamma"": ""scale""}",0.6476648351648351,0.7037037037037037,0.7027863777089783,0.70625,0.7037037037037037,0.40740740740740744
Fp1,VP023,"{""C"": 2.636650898730358, ""gamma"": ""auto""}",0.855166153169014,0.8796296296296297,0.8796193089256623,0.8797598627787306,0.8796296296296295,0.7592592592592593
AF5,VP023,"{""C"": 2.636650898730358, ""gamma"": ""auto""}",0.8477387764084507,0.8148148148148148,0.8147512864493998,0.8152472527472527,0.8148148148148149,0.6296296296296297
AFz,VP023,"{""C"": 1.8329807108324356, ""gamma"": ""auto""}",0.8273461431356168,0.8703703703703703,0.8703703703703703,0.8703703703703703,0.8703703703703703,0.7407407407407407
F1,VP023,"{""C"": 33.59818286283781, ""gamma"": ""scale""}",0.827748832965759,0.8055555555555556,0.8041958041958042,0.8142857142857143,0.8055555555555556,0.6111111111111112
FC5,VP023,"{""C"": 2.636650898730358, ""gamma"": ""scale""}",0.8162071846282373,0.8796296296296297,0.8791218252260009,0.8861178932682247,0.8796296296296295,0.7592592592592593
FC1,VP023,"{""C"": 2.636650898730358, ""gamma"": ""scale""}",0.8109840633622051,0.8703703703703703,0.8696551724137931,0.8786816269284713,0.8703703703703703,0.7407407407407407
T7,VP023,"{""C"": 3.79269019073225, ""gamma"": ""scale""}",0.749957983337392,0.7962962962962963,0.7945347630577655,0.8068181818181819,0.7962962962962963,0.5925925925925926
C3,VP023,"{""C"": 11.288378916846883, ""gamma"": ""scale""}",0.8055495539985802,0.8981481481481481,0.8979293753758915,0.9015911449325493,0.8981481481481481,0.7962962962962963
Cz,VP023,"{""C"": 2.636650898730358, ""gamma"": ""scale""}",0.7832076889555333,0.8703703703703703,0.8687499999999999,0.8896103896103895,0.8703703703703705,0.7407407407407407
CP5,VP023,"{""C"": 3.79269019073225, ""gamma"": ""scale""}",0.7814545005556242,0.8518518518518519,0.8516483516483516,0.8537931034482759,0.8518518518518519,0.7037037037037037
CP1,VP023,"{""C"": 7.847599703514611, ""gamma"": ""scale""}",0.7777015437392796,0.8796296296296297,0.8787878787878788,0.8904761904761904,0.8796296296296295,0.7592592592592593
P7,VP023,"{""C"": 100.0, ""gamma"": ""scale""}",0.7074033937365396,0.6851851851851852,0.6847527472527473,0.6862068965517241,0.6851851851851851,0.37037037037037035
P3,VP023,"{""C"": 11.288378916846883, ""gamma"": ""scale""}",0.737037037037037,0.8240740740740741,0.8239382239382239,0.8250773993808049,0.8240740740740741,0.6481481481481481
Pz,VP023,"{""C"": 0.8858667904100825, ""gamma"": ""scale""}",0.7235725991252993,0.8240740740740741,0.8228438228438228,0.8333333333333333,0.8240740740740741,0.6481481481481481
POz,VP023,"{""C"": 2.636650898730358, ""gamma"": ""scale""}",0.681411558092311,0.7129629629629629,0.7056703296703297,0.7363913208983632,0.712962962962963,0.42592592592592593
O1,VP023,"{""C"": 5.455594781168517, ""gamma"": ""scale""}",0.6591844574941002,0.6203703703703703,0.6107252747252747,0.6336124857251617,0.6203703703703703,0.2407407407407407
Fp2,VP023,"{""C"": 1.2742749857031335, ""gamma"": ""auto""}",0.8516483516483516,0.8796296296296297,0.8796193089256623,0.8797598627787306,0.8796296296296295,0.7592592592592593
AF6,VP023,"{""C"": 1.8329807108324356, ""gamma"": ""scale""}",0.8291703345070423,0.8611111111111112,0.8610038610038611,0.8622291021671826,0.8611111111111112,0.7222222222222222
F2,VP023,"{""C"": 11.288378916846883, ""gamma"": ""scale""}",0.8092062609984254,0.8518518518518519,0.8510344827586207,0.8597475455820476,0.8518518518518519,0.7037037037037037
FC2,VP023,"{""C"": 1.2742749857031335, ""gamma"": ""scale""}",0.8014917322577653,0.8796296296296297,0.8795366795366795,0.8808049535603715,0.8796296296296297,0.7592592592592593
FC6,VP023,"{""C"": 1.2742749857031335, ""gamma"": ""scale""}",0.7975643058340413,0.8333333333333334,0.8331043956043955,0.8351724137931034,0.8333333333333333,0.6666666666666667
C4,VP023,"{""C"": 7.847599703514611, ""gamma"": ""scale""}",0.7814784839298207,0.8611111111111112,0.8601398601398602,0.8714285714285714,0.8611111111111112,0.7222222222222222
T8,VP023,"{""C"": 3.79269019073225, ""gamma"": ""scale""}",0.7202542893313069,0.6574074074074074,0.6380106893740375,0.7003491924923615,0.6574074074074074,0.31481481481481477
CP2,VP023,"{""C"": 1.8329807108324356, ""gamma"": ""scale""}",0.7608150007382253,0.8333333333333334,0.83125,0.8506493506493507,0.8333333333333333,0.6666666666666667
CP6,VP023,"{""C"": 11.288378916846883, ""gamma"": ""scale""}",0.7629499561018437,0.7685185185185185,0.7639653815892997,0.7909698996655519,0.7685185185185186,0.537037037037037
P4,VP023,"{""C"": 5.455594781168517, ""gamma"": ""scale""}",0.7629597113815004,0.7962962962962963,0.7945347630577655,0.8068181818181819,0.7962962962962963,0.5925925925925926
P8,VP023,"{""C"": 3.79269019073225, ""gamma"": ""scale""}",0.6972750628527405,0.6388888888888888,0.6246992782678429,0.6636363636363636,0.6388888888888888,0.2777777777777778
O2,VP023,"{""C"": 2.636650898730358, ""gamma"": ""scale""}",0.6462068965517241,0.6574074074074074,0.6506687647521636,0.6705685618729097,0.6574074074074074,0.31481481481481477
Fp1,VP024,"{""C"": 2.636650898730358, ""gamma"": ""auto""}",0.8347721154738699,0.6851851851851852,0.6688311688311688,0.7307692307692308,0.6851851851851852,0.37037037037037035
AF5,VP024,"{""C"": 3.79269019073225, ""gamma"": ""auto""}",0.8106722030495938,0.7129629629629629,0.7073170731707317,0.7307692307692307,0.712962962962963,0.42592592592592593
AFz,VP024,"{""C"": 2.636650898730358, ""gamma"": ""scale""}",0.8232442433785502,0.6759259259259259,0.6605298607992816,0.7149141181399246,0.6759259259259259,0.35185185185185186
F1,VP024,"{""C"": 2.636650898730358, ""gamma"": ""scale""}",0.7994608274647887,0.6388888888888888,0.618443699610472,0.6767786992579659,0.6388888888888888,0.2777777777777778
FC5,VP024,"{""C"": 0.8858667904100825, ""gamma"": ""scale""}",0.7766718592757,0.7037037037037037,0.6883116883116883,0.7538461538461538,0.7037037037037037,0.40740740740740744
FC1,VP024,"{""C"": 2.636650898730358, ""gamma"": ""scale""}",0.8084545845888937,0.7037037037037037,0.6986396930589467,0.7183823529411765,0.7037037037037037,0.40740740740740744
T7,VP024,"{""C"": 2.636650898730358, ""gamma"": ""scale""}",0.7623239436619718,0.6203703703703703,0.6177156177156178,0.6238095238095238,0.6203703703703705,0.2407407407407407
C3,VP024,"{""C"": 1.2742749857031335, ""gamma"": ""scale""}",0.7869129375276916,0.7129629629629629,0.7016840417000803,0.750909090909091,0.712962962962963,0.42592592592592593
Cz,VP024,"{""C"": 16.23776739188721, ""gamma"": ""scale""}",0.7827066402071818,0.6666666666666666,0.6625,0.6753246753246753,0.6666666666666667,0.33333333333333337
CP5,VP024,"{""C"": 3.79269019073225, ""gamma"": ""scale""}",0.7671763492561716,0.7222222222222222,0.7159887798036466,0.7436090225563909,0.7222222222222222,0.4444444444444444
CP1,VP024,"{""C"": 11.288378916846883, ""gamma"": ""scale""}",0.747649678377041,0.7037037037037037,0.7020689655172414,0.7082748948106592,0.7037037037037037,0.40740740740740744
P7,VP024,"{""C"": 100.0, ""gamma"": ""scale""}",0.6925546363748611,0.6759259259259259,0.6725288053365677,0.6835420393559928,0.6759259259259259,0.35185185185185186
P3,VP024,"{""C"": 16.23776739188721, ""gamma"": ""scale""}",0.7271930578228369,0.8240740740740741,0.823331898407232,0.8296128357167771,0.8240740740740741,0.6481481481481481
Pz,VP024,"{""C"": 2.636650898730358, ""gamma"": ""scale""}",0.7179614052449284,0.7685185185185185,0.7680213076724804,0.7708405396056728,0.7685185185185185,0.537037037037037
POz,VP024,"{""C"": 69.51927961775606, ""gamma"": ""auto""}",0.6757913949203888,0.7129629629629629,0.7099540847266742,0.7221824686940966,0.712962962962963,0.42592592592592593
O1,VP024,"{""C"": 69.51927961775606, ""gamma"": ""auto""}",0.6218020022246942,0.7037037037037037,0.7037037037037037,0.7037037037037037,0.7037037037037037,0.40740740740740744
Fp2,VP024,"{""C"": 33.59818286283781, ""gamma"": ""auto""}",0.8440829907467242,0.6851851851851852,0.6842105263157894,0.6875,0.6851851851851851,0.37037037037037035
AF6,VP024,"{""C"": 3.79269019073225, ""gamma"": ""scale""}",0.8198508042743302,0.6388888888888888,0.6297142857142857,0.6541682527598021,0.6388888888888888,0.2777777777777778
F2,VP024,"{""C"": 5.455594781168517, ""gamma"": ""auto""}",0.8016062409224038,0.6203703703703703,0.608245598513669,0.6373776908023483,0.6203703703703703,0.2407407407407407
FC2,VP024,"{""C"": 69.51927961775606, ""gamma"": ""scale""}",0.7846860348407144,0.6203703703703703,0.6200772200772201,0.6207430340557276,0.6203703703703703,0.2407407407407407
FC6,VP024,"{""C"": 11.288378916846883, ""gamma"": ""scale""}",0.7883197623239437,0.6388888888888888,0.6381132399690694,0.6400899342787962,0.6388888888888888,0.2777777777777778
C4,VP024,"{""C"": 1.8329807108324356, ""gamma"": ""scale""}",0.7955784373107209,0.6481481481481481,0.64375,0.6558441558441559,0.6481481481481481,0.2962962962962963
T8,VP024,"{""C"": 5.455594781168517, ""gamma"": ""scale""}",0.709250285502639,0.6203703703703703,0.6054530874097834,0.6418181818181818,0.6203703703703703,0.2407407407407407
CP2,VP024,"{""C"": 11.288378916846883, ""gamma"": ""scale""}",0.7562631145535798,0.7314814814814815,0.7309047169000773,0.7334832237979938,0.7314814814814815,0.4629629629629629
CP6,VP024,"{""C"": 11.288378916846883, ""gamma"": ""scale""}",0.7369468267581475,0.6666666666666666,0.6648275862068966,0.670406732117812,0.6666666666666666,0.33333333333333337
P4,VP024,"{""C"": 7.847599703514611, ""gamma"": ""scale""}",0.7290013886788302,0.75,0.7498069498069498,0.7507739938080495,0.75,0.5
P8,VP024,"{""C"": 16.23776739188721, ""gamma"": ""scale""}",0.679232520369868,0.6203703703703703,0.6163908862514078,0.6255813953488372,0.6203703703703703,0.2407407407407407
O2,VP024,"{""C"": 3.79269019073225, ""gamma"": ""scale""}",0.6480274442538594,0.75,0.7499785646917603,0.7500857632933104,0.75,0.5
Fp1,VP025,"{""C"": 2.636650898730358, ""gamma"": ""auto""}",0.8459661482945271,0.9444444444444444,0.9443681318681318,0.9468965517241379,0.9444444444444444,0.8888888888888888
AF5,VP025,"{""C"": 3.79269019073225, ""gamma"": ""scale""}",0.8124941984591108,0.9166666666666666,0.916487670762093,0.9202698028363887,0.9166666666666666,0.8333333333333334
AFz,VP025,"{""C"": 5.455594781168517, ""gamma"": ""scale""}",0.8274647766352539,0.9722222222222222,0.9722198405213067,0.9723842195540309,0.9722222222222222,0.9444444444444444
F1,VP025,"{""C"": 5.455594781168517, ""gamma"": ""scale""}",0.8033151904997526,0.9259259259259259,0.9259005145797599,0.926510989010989,0.9259259259259259,0.8518518518518519
FC5,VP025,"{""C"": 7.847599703514611, ""gamma"": ""scale""}",0.7718772217242125,0.9351851851851852,0.9349117520447697,0.9426229508196722,0.9351851851851851,0.8703703703703703
FC1,VP025,"{""C"": 7.847599703514611, ""gamma"": ""scale""}",0.8089126020799049,0.9537037037037037,0.9536042615344962,0.9576271186440678,0.9537037037037037,0.9074074074074074
T7,VP025,"{""C"": 2.636650898730358, ""gamma"": ""scale""}",0.7580611808820084,0.8888888888888888,0.8882758620689655,0.8976157082748948,0.8888888888888888,0.7777777777777778
C3,VP025,"{""C"": 3.79269019073225, ""gamma"": ""scale""}",0.8064489447056067,0.9259259259259259,0.9255172413793104,0.935483870967742,0.9259259259259259,0.8518518518518519
Cz,VP025,"{""C"": 1.8329807108324356, ""gamma"": ""scale""}",0.7820770629037765,0.9444444444444444,0.9442724458204335,0.95,0.9444444444444444,0.8888888888888888
CP5,VP025,"{""C"": 16.23776739188721, ""gamma"": ""scale""}",0.7769946588844227,0.8518518518518519,0.8493198465294733,0.8772058823529412,0.8518518518518519,0.7037037037037037
CP1,VP025,"{""C"": 5.455594781168517, ""gamma"": ""scale""}",0.747649678377041,0.9166666666666666,0.916083916083916,0.9285714285714286,0.9166666666666667,0.8333333333333334
P7,VP025,"{""C"": 33.59818286283781, ""gamma"": ""scale""}",0.7053281853281854,0.6944444444444444,0.6923076923076923,0.7,0.6944444444444444,0.38888888888888884
P3,VP025,"{""C"": 23.357214690901213, ""gamma"": ""scale""}",0.7309047169000773,0.8240740740740741,0.8206136900078678,0.8511705685618729,0.8240740740740741,0.6481481481481481
Pz,VP025,"{""C"": 16.23776739188721, ""gamma"": ""scale""}",0.7276199168928494,0.8425925925925926,0.8402783819051762,0.8636694575900983,0.8425925925925926,0.6851851851851851
POz,VP025,"{""C"": 11.288378916846883, ""gamma"": ""scale""}",0.6755242258076699,0.7592592592592593,0.7538569424964936,0.7842105263157895,0.7592592592592593,0.5185185185185186
O1,VP025,"{""C"": 2.636650898730358, ""gamma"": ""scale""}",0.6370370370370371,0.6388888888888888,0.6317859952793077,0.6505016722408027,0.6388888888888888,0.2777777777777778
Fp2,VP025,"{""C"": 5.455594781168517, ""gamma"": ""scale""}",0.8311195119855658,0.9444444444444444,0.94442538593482,0.945054945054945,0.9444444444444444,0.8888888888888888
AF6,VP025,"{""C"": 5.455594781168517, ""gamma"": ""scale""}",0.8054054054054054,0.9444444444444444,0.9443681318681318,0.9468965517241379,0.9444444444444444,0.8888888888888888
F2,VP025,"{""C"": 3.79269019073225, ""gamma"": ""scale""}",0.7940029212131626,0.9629629629629629,0.9629120879120879,0.9655172413793103,0.962962962962963,0.9259259259259259
FC2,VP025,"{""C"": 5.455594781168517, ""gamma"": ""scale""}",0.7941331025316065,0.9537037037037037,0.9536042615344962,0.9576271186440678,0.9537037037037037,0.9074074074074074
FC6,VP025,"{""C"": 3.79269019073225, ""gamma"": ""scale""}",0.7867144755958084,0.9351851851851852,0.9349117520447697,0.9426229508196722,0.9351851851851851,0.8703703703703703
C4,VP025,"{""C"": 33.59818286283781, ""gamma"": ""scale""}",0.8036606113824707,0.9259259259259259,0.9255172413793104,0.935483870967742,0.9259259259259259,0.8518518518518519
T8,VP025,"{""C"": 3.79269019073225, ""gamma"": ""scale""}",0.7258920854426472,0.7592592592592593,0.7507102272727273,0.800476947535771,0.7592592592592593,0.5185185185185186
CP2,VP025,"{""C"": 7.847599703514611, ""gamma"": ""scale""}",0.7533306543847176,0.9074074074074074,0.9066067104808024,0.921875,0.9074074074074074,0.8148148148148149
CP6,VP025,"{""C"": 2.636650898730358, ""gamma"": ""scale""}",0.7644585947884146,0.8611111111111112,0.8590691605045672,0.8833272661084819,0.8611111111111112,0.7222222222222222
P4,VP025,"{""C"": 7.847599703514611, ""gamma"": ""scale""}",0.7406126482213439,0.8055555555555556,0.8006153846153846,0.8391701560715645,0.8055555555555556,0.6111111111111112
P8,VP025,"{""C"": 1.8329807108324356, ""gamma"": ""scale""}",0.6981471129873559,0.6574074074074074,0.6380106893740375,0.7003491924923615,0.6574074074074074,0.31481481481481477
O2,VP025,"{""C"": 0.42813323987193935, ""gamma"": ""scale""}",0.6475631706948433,0.5833333333333334,0.520851818988465,0.6741935483870968,0.5833333333333333,0.16666666666666663
Fp1,VP026,"{""C"": 1.8329807108324356, ""gamma"": ""auto""}",0.872063837604167,0.8055555555555556,0.8051378984448836,0.8081978554133518,0.8055555555555556,0.6111111111111112
AF5,VP026,"{""C"": 1.2742749857031335, ""gamma"": ""scale""}",0.8516055455557234,0.8148148148148148,0.8147512864493998,0.8152472527472527,0.8148148148148149,0.6296296296296297
AFz,VP026,"{""C"": 1.8329807108324356, ""gamma"": ""scale""}",0.8497728045500912,0.8240740740740741,0.8236961938310852,0.8268765133171913,0.8240740740740741,0.6481481481481481
F1,VP026,"{""C"": 1.2742749857031335, ""gamma"": ""scale""}",0.8253869969040248,0.8055555555555556,0.8051378984448836,0.8081978554133518,0.8055555555555556,0.6111111111111112
FC5,VP026,"{""C"": 11.288378916846883, ""gamma"": ""scale""}",0.825772969410731,0.7685185185185185,0.7668997668997669,0.7761904761904761,0.7685185185185186,0.537037037037037
FC1,VP026,"{""C"": 5.455594781168517, ""gamma"": ""scale""}",0.7962515778497339,0.8148148148148148,0.813213420961605,0.8259943181818181,0.8148148148148149,0.6296296296296297
T7,VP026,"{""C"": 7.847599703514611, ""gamma"": ""scale""}",0.7629499561018437,0.7685185185185185,0.7683397683397684,0.7693498452012384,0.7685185185185185,0.537037037037037
C3,VP026,"{""C"": 3.79269019073225, ""gamma"": ""scale""}",0.8066408670862542,0.8148148148148148,0.8137931034482759,0.8218793828892006,0.8148148148148148,0.6296296296296297
Cz,VP026,"{""C"": 0.42813323987193935, ""gamma"": ""scale""}",0.7767857142857142,0.7129629629629629,0.6967116586647342,0.7710606721955477,0.7129629629629629,0.42592592592592593
CP5,VP026,"{""C"": 48.32930238571752, ""gamma"": ""scale""}",0.7901354730206116,0.7407407407407407,0.7407407407407407,0.7407407407407407,0.7407407407407407,0.4814814814814815
CP1,VP026,"{""C"": 7.847599703514611, ""gamma"": ""scale""}",0.765246553223202,0.7407407407407407,0.7403846153846154,0.7420689655172414,0.7407407407407407,0.4814814814814815
P7,VP026,"{""C"": 1.8329807108324356, ""gamma"": ""scale""}",0.7165879410947485,0.5462962962962963,0.5459459459459459,0.5464396284829722,0.5462962962962963,0.09259259259259256
P3,VP026,"{""C"": 5.455594781168517, ""gamma"": ""scale""}",0.7510835913312695,0.7222222222222222,0.7218406593406593,0.723448275862069,0.7222222222222223,0.4444444444444444
Pz,VP026,"{""C"": 1.2742749857031335, ""gamma"": ""scale""}",0.7488207669063608,0.7037037037037037,0.7020689655172414,0.7082748948106592,0.7037037037037037,0.40740740740740744
POz,VP026,"{""C"": 1.8329807108324356, ""gamma"": ""scale""}",0.6831496992427024,0.6388888888888888,0.6386100386100386,0.6393188854489165,0.6388888888888888,0.2777777777777778
O1,VP026,"{""C"": 1.8329807108324356, ""gamma"": ""scale""}",0.6458578693100856,0.46296296296296297,0.46277873070325903,0.46291208791208793,0.4629629629629629,-0.07407407407407418
Fp2,VP026,"{""C"": 0.8858667904100825, ""gamma"": ""auto""}",0.8643678240015964,0.8333333333333334,0.8331043956043955,0.8351724137931034,0.8333333333333333,0.6666666666666667
AF6,VP026,"{""C"": 1.8329807108324356, ""gamma"": ""scale""}",0.8368131868131868,0.8148148148148148,0.8148148148148148,0.8148148148148148,0.8148148148148148,0.6296296296296297
F2,VP026,"{""C"": 1.2742749857031335, ""gamma"": ""scale""}",0.8200982968068993,0.8148148148148148,0.813213420961605,0.8259943181818181,0.8148148148148149,0.6296296296296297
FC2,VP026,"{""C"": 16.23776739188721, ""gamma"": ""scale""}",0.7999890254609306,0.7314814814814815,0.7246593406593407,0.7569470879330034,0.7314814814814814,0.4629629629629629
FC6,VP026,"{""C"": 0.42813323987193935, ""gamma"": ""scale""}",0.8108516483516484,0.7129629629629629,0.7016840417000803,0.750909090909091,0.712962962962963,0.42592592592592593
C4,VP026,"{""C"": 100.0, ""gamma"": ""scale""}",0.7980310948389155,0.8148148148148148,0.8116498081618417,0.8375,0.8148148148148149,0.6296296296296297
T8,VP026,"{""C"": 7.847599703514611, ""gamma"": ""scale""}",0.7425210706677781,0.75,0.7489453293155403,0.7542727589815138,0.75,0.5
CP2,VP026,"{""C"": 1.2742749857031335, ""gamma"": ""scale""}",0.7710278924017251,0.8148148148148148,0.8147512864493998,0.8152472527472527,0.8148148148148149,0.6296296296296297
CP6,VP026,"{""C"": 23.357214690901213, ""gamma"": ""scale""}",0.7702159201658179,0.7407407407407407,0.7406518010291595,0.7410714285714286,0.7407407407407407,0.4814814814814815
P4,VP026,"{""C"": 23.357214690901213, ""gamma"": ""scale""}",0.7443567753001715,0.7314814814814815,0.7314584583726313,0.7315608919382504,0.7314814814814814,0.4629629629629629
P8,VP026,"{""C"": 23.357214690901213, ""gamma"": ""scale""}",0.7055303095258509,0.6203703703703703,0.6203378204578582,0.6204116638078903,0.6203703703703705,0.2407407407407407
O2,VP026,"{""C"": 7.847599703514611, ""gamma"": ""scale""}",0.6330867112325157,0.6018518518518519,0.6015444015444016,0.6021671826625387,0.6018518518518519,0.20370370370370372
