subject,seed,method,requested_fraction,actual_fraction,calibration_count,test_count,calibration_counts,test_counts,calibration_trial_ids,test_trial_ids,valid,invalid_reason,source_best_val_f1,source_best_epoch,accuracy,f1_macro,precision_macro,recall_macro,kappa
VP001,2023,source_only,0.30,0.3055555555555556,22,50,"{""0"": 11, ""1"": 11}","{""0"": 25, ""1"": 25}","[""atten_dsr_VP001_gonogo1_task_002_00"", ""atten_dsr_VP001_gonogo1_task_003_00"", ""atten_dsr_VP001_gonogo1_task_004_00"", ""atten_dsr_VP001_gonogo1_task_004_01"", ""atten_dsr_VP001_gonogo1_rest_004_00"", ""atten_dsr_VP001_gonogo1_task_005_00"", ""atten_dsr_VP001_gonogo1_rest_006_01"", ""atten_dsr_VP001_gonogo2_task_001_00"", ""atten_dsr_VP001_gonogo2_rest_001_01"", ""atten_dsr_VP001_gonogo2_rest_002_00"", ""atten_dsr_VP001_gonogo2_rest_003_01"", ""atten_dsr_VP001_gonogo2_task_004_01"", ""atten_dsr_VP001_gonogo2_rest_004_00"", ""atten_dsr_VP001_gonogo2_rest_006_00"", ""atten_dsr_VP001_gonogo3_task_001_00"", ""atten_dsr_VP001_gonogo3_task_001_01"", ""atten_dsr_VP001_gonogo3_rest_001_00"", ""atten_dsr_VP001_gonogo3_rest_002_00"", ""atten_dsr_VP001_gonogo3_task_003_00"", ""atten_dsr_VP001_gonogo3_rest_003_00"", ""atten_dsr_VP001_gonogo3_task_004_00"", ""atten_dsr_VP001_gonogo3_rest_005_00""]","[""atten_dsr_VP001_gonogo1_task_001_00"", ""atten_dsr_VP001_gonogo1_task_001_01"", ""atten_dsr_VP001_gonogo1_rest_001_00"", ""atten_dsr_VP001_gonogo1_rest_001_01"", ""atten_dsr_VP001_gonogo1_task_002_01"", ""atten_dsr_VP001_gonogo1_rest_002_00"", ""atten_dsr_VP001_gonogo1_rest_002_01"", ""atten_dsr_VP001_gonogo1_task_003_01"", ""atten_dsr_VP001_gonogo1_rest_003_00"", ""atten_dsr_VP001_gonogo1_rest_003_01"", ""atten_dsr_VP001_gonogo1_rest_004_01"", ""atten_dsr_VP001_gonogo1_task_005_01"", ""atten_dsr_VP001_gonogo1_rest_005_00"", ""atten_dsr_VP001_gonogo1_rest_005_01"", ""atten_dsr_VP001_gonogo1_task_006_00"", ""atten_dsr_VP001_gonogo1_task_006_01"", ""atten_dsr_VP001_gonogo1_rest_006_00"", ""atten_dsr_VP001_gonogo2_task_001_01"", ""atten_dsr_VP001_gonogo2_rest_001_00"", ""atten_dsr_VP001_gonogo2_task_002_00"", ""atten_dsr_VP001_gonogo2_task_002_01"", ""atten_dsr_VP001_gonogo2_rest_002_01"", ""atten_dsr_VP001_gonogo2_task_003_00"", ""atten_dsr_VP001_gonogo2_task_003_01"", ""atten_dsr_VP001_gonogo2_rest_003_00"", ""atten_dsr_VP001_gonogo2_task_004_00"", ""atten_dsr_VP001_gonogo2_rest_004_01"", ""atten_dsr_VP001_gonogo2_task_005_00"", ""atten_dsr_VP001_gonogo2_task_005_01"", ""atten_dsr_VP001_gonogo2_rest_005_00"", ""atten_dsr_VP001_gonogo2_rest_005_01"", ""atten_dsr_VP001_gonogo2_task_006_00"", ""atten_dsr_VP001_gonogo2_task_006_01"", ""atten_dsr_VP001_gonogo2_rest_006_01"", ""atten_dsr_VP001_gonogo3_rest_001_01"", ""atten_dsr_VP001_gonogo3_task_002_00"", ""atten_dsr_VP001_gonogo3_task_002_01"", ""atten_dsr_VP001_gonogo3_rest_002_01"", ""atten_dsr_VP001_gonogo3_task_003_01"", ""atten_dsr_VP001_gonogo3_rest_003_01"", ""atten_dsr_VP001_gonogo3_task_004_01"", ""atten_dsr_VP001_gonogo3_rest_004_00"", ""atten_dsr_VP001_gonogo3_rest_004_01"", ""atten_dsr_VP001_gonogo3_task_005_00"", ""atten_dsr_VP001_gonogo3_task_005_01"", ""atten_dsr_VP001_gonogo3_rest_005_01"", ""atten_dsr_VP001_gonogo3_task_006_00"", ""atten_dsr_VP001_gonogo3_task_006_01"", ""atten_dsr_VP001_gonogo3_rest_006_00"", ""atten_dsr_VP001_gonogo3_rest_006_01""]",True,,0.8301768604372404,49,0.9,0.898989898989899,0.9166666666666667,0.9,0.8
VP001,2023,existing_head_adaptation,0.30,0.3055555555555556,22,50,"{""0"": 11, ""1"": 11}","{""0"": 25, ""1"": 25}","[""atten_dsr_VP001_gonogo1_task_002_00"", ""atten_dsr_VP001_gonogo1_task_003_00"", ""atten_dsr_VP001_gonogo1_task_004_00"", ""atten_dsr_VP001_gonogo1_task_004_01"", ""atten_dsr_VP001_gonogo1_rest_004_00"", ""atten_dsr_VP001_gonogo1_task_005_00"", ""atten_dsr_VP001_gonogo1_rest_006_01"", ""atten_dsr_VP001_gonogo2_task_001_00"", ""atten_dsr_VP001_gonogo2_rest_001_01"", ""atten_dsr_VP001_gonogo2_rest_002_00"", ""atten_dsr_VP001_gonogo2_rest_003_01"", ""atten_dsr_VP001_gonogo2_task_004_01"", ""atten_dsr_VP001_gonogo2_rest_004_00"", ""atten_dsr_VP001_gonogo2_rest_006_00"", ""atten_dsr_VP001_gonogo3_task_001_00"", ""atten_dsr_VP001_gonogo3_task_001_01"", ""atten_dsr_VP001_gonogo3_rest_001_00"", ""atten_dsr_VP001_gonogo3_rest_002_00"", ""atten_dsr_VP001_gonogo3_task_003_00"", ""atten_dsr_VP001_gonogo3_rest_003_00"", ""atten_dsr_VP001_gonogo3_task_004_00"", ""atten_dsr_VP001_gonogo3_rest_005_00""]","[""atten_dsr_VP001_gonogo1_task_001_00"", ""atten_dsr_VP001_gonogo1_task_001_01"", ""atten_dsr_VP001_gonogo1_rest_001_00"", ""atten_dsr_VP001_gonogo1_rest_001_01"", ""atten_dsr_VP001_gonogo1_task_002_01"", ""atten_dsr_VP001_gonogo1_rest_002_00"", ""atten_dsr_VP001_gonogo1_rest_002_01"", ""atten_dsr_VP001_gonogo1_task_003_01"", ""atten_dsr_VP001_gonogo1_rest_003_00"", ""atten_dsr_VP001_gonogo1_rest_003_01"", ""atten_dsr_VP001_gonogo1_rest_004_01"", ""atten_dsr_VP001_gonogo1_task_005_01"", ""atten_dsr_VP001_gonogo1_rest_005_00"", ""atten_dsr_VP001_gonogo1_rest_005_01"", ""atten_dsr_VP001_gonogo1_task_006_00"", ""atten_dsr_VP001_gonogo1_task_006_01"", ""atten_dsr_VP001_gonogo1_rest_006_00"", ""atten_dsr_VP001_gonogo2_task_001_01"", ""atten_dsr_VP001_gonogo2_rest_001_00"", ""atten_dsr_VP001_gonogo2_task_002_00"", ""atten_dsr_VP001_gonogo2_task_002_01"", ""atten_dsr_VP001_gonogo2_rest_002_01"", ""atten_dsr_VP001_gonogo2_task_003_00"", ""atten_dsr_VP001_gonogo2_task_003_01"", ""atten_dsr_VP001_gonogo2_rest_003_00"", ""atten_dsr_VP001_gonogo2_task_004_00"", ""atten_dsr_VP001_gonogo2_rest_004_01"", ""atten_dsr_VP001_gonogo2_task_005_00"", ""atten_dsr_VP001_gonogo2_task_005_01"", ""atten_dsr_VP001_gonogo2_rest_005_00"", ""atten_dsr_VP001_gonogo2_rest_005_01"", ""atten_dsr_VP001_gonogo2_task_006_00"", ""atten_dsr_VP001_gonogo2_task_006_01"", ""atten_dsr_VP001_gonogo2_rest_006_01"", ""atten_dsr_VP001_gonogo3_rest_001_01"", ""atten_dsr_VP001_gonogo3_task_002_00"", ""atten_dsr_VP001_gonogo3_task_002_01"", ""atten_dsr_VP001_gonogo3_rest_002_01"", ""atten_dsr_VP001_gonogo3_task_003_01"", ""atten_dsr_VP001_gonogo3_rest_003_01"", ""atten_dsr_VP001_gonogo3_task_004_01"", ""atten_dsr_VP001_gonogo3_rest_004_00"", ""atten_dsr_VP001_gonogo3_rest_004_01"", ""atten_dsr_VP001_gonogo3_task_005_00"", ""atten_dsr_VP001_gonogo3_task_005_01"", ""atten_dsr_VP001_gonogo3_rest_005_01"", ""atten_dsr_VP001_gonogo3_task_006_00"", ""atten_dsr_VP001_gonogo3_task_006_01"", ""atten_dsr_VP001_gonogo3_rest_006_00"", ""atten_dsr_VP001_gonogo3_rest_006_01""]",True,,0.8301768604372404,49,0.9,0.898989898989899,0.9166666666666667,0.9,0.8
VP002,2023,source_only,0.30,0.3055555555555556,22,50,"{""0"": 11, ""1"": 11}","{""0"": 25, ""1"": 25}","[""atten_dsr_VP002_gonogo1_task_002_00"", ""atten_dsr_VP002_gonogo1_task_003_00"", ""atten_dsr_VP002_gonogo1_task_004_00"", ""atten_dsr_VP002_gonogo1_task_004_01"", ""atten_dsr_VP002_gonogo1_rest_004_00"", ""atten_dsr_VP002_gonogo1_task_005_00"", ""atten_dsr_VP002_gonogo1_rest_006_01"", ""atten_dsr_VP002_gonogo2_task_001_00"", ""atten_dsr_VP002_gonogo2_rest_001_01"", ""atten_dsr_VP002_gonogo2_rest_002_00"", ""atten_dsr_VP002_gonogo2_rest_003_01"", ""atten_dsr_VP002_gonogo2_task_004_01"", ""atten_dsr_VP002_gonogo2_rest_004_00"", ""atten_dsr_VP002_gonogo2_rest_006_00"", ""atten_dsr_VP002_gonogo3_task_001_00"", ""atten_dsr_VP002_gonogo3_task_001_01"", ""atten_dsr_VP002_gonogo3_rest_001_00"", ""atten_dsr_VP002_gonogo3_rest_002_00"", ""atten_dsr_VP002_gonogo3_task_003_00"", ""atten_dsr_VP002_gonogo3_rest_003_00"", ""atten_dsr_VP002_gonogo3_task_004_00"", ""atten_dsr_VP002_gonogo3_rest_005_00""]","[""atten_dsr_VP002_gonogo1_task_001_00"", ""atten_dsr_VP002_gonogo1_task_001_01"", ""atten_dsr_VP002_gonogo1_rest_001_00"", ""atten_dsr_VP002_gonogo1_rest_001_01"", ""atten_dsr_VP002_gonogo1_task_002_01"", ""atten_dsr_VP002_gonogo1_rest_002_00"", ""atten_dsr_VP002_gonogo1_rest_002_01"", ""atten_dsr_VP002_gonogo1_task_003_01"", ""atten_dsr_VP002_gonogo1_rest_003_00"", ""atten_dsr_VP002_gonogo1_rest_003_01"", ""atten_dsr_VP002_gonogo1_rest_004_01"", ""atten_dsr_VP002_gonogo1_task_005_01"", ""atten_dsr_VP002_gonogo1_rest_005_00"", ""atten_dsr_VP002_gonogo1_rest_005_01"", ""atten_dsr_VP002_gonogo1_task_006_00"", ""atten_dsr_VP002_gonogo1_task_006_01"", ""atten_dsr_VP002_gonogo1_rest_006_00"", ""atten_dsr_VP002_gonogo2_task_001_01"", ""atten_dsr_VP002_gonogo2_rest_001_00"", ""atten_dsr_VP002_gonogo2_task_002_00"", ""atten_dsr_VP002_gonogo2_task_002_01"", ""atten_dsr_VP002_gonogo2_rest_002_01"", ""atten_dsr_VP002_gonogo2_task_003_00"", ""atten_dsr_VP002_gonogo2_task_003_01"", ""atten_dsr_VP002_gonogo2_rest_003_00"", ""atten_dsr_VP002_gonogo2_task_004_00"", ""atten_dsr_VP002_gonogo2_rest_004_01"", ""atten_dsr_VP002_gonogo2_task_005_00"", ""atten_dsr_VP002_gonogo2_task_005_01"", ""atten_dsr_VP002_gonogo2_rest_005_00"", ""atten_dsr_VP002_gonogo2_rest_005_01"", ""atten_dsr_VP002_gonogo2_task_006_00"", ""atten_dsr_VP002_gonogo2_task_006_01"", ""atten_dsr_VP002_gonogo2_rest_006_01"", ""atten_dsr_VP002_gonogo3_rest_001_01"", ""atten_dsr_VP002_gonogo3_task_002_00"", ""atten_dsr_VP002_gonogo3_task_002_01"", ""atten_dsr_VP002_gonogo3_rest_002_01"", ""atten_dsr_VP002_gonogo3_task_003_01"", ""atten_dsr_VP002_gonogo3_rest_003_01"", ""atten_dsr_VP002_gonogo3_task_004_01"", ""atten_dsr_VP002_gonogo3_rest_004_00"", ""atten_dsr_VP002_gonogo3_rest_004_01"", ""atten_dsr_VP002_gonogo3_task_005_00"", ""atten_dsr_VP002_gonogo3_task_005_01"", ""atten_dsr_VP002_gonogo3_rest_005_01"", ""atten_dsr_VP002_gonogo3_task_006_00"", ""atten_dsr_VP002_gonogo3_task_006_01"", ""atten_dsr_VP002_gonogo3_rest_006_00"", ""atten_dsr_VP002_gonogo3_rest_006_01""]",True,,0.8636521739130434,70,0.78,0.7688104245481295,0.8472222222222222,0.78,0.56
VP002,2023,existing_head_adaptation,0.30,0.3055555555555556,22,50,"{""0"": 11, ""1"": 11}","{""0"": 25, ""1"": 25}","[""atten_dsr_VP002_gonogo1_task_002_00"", ""atten_dsr_VP002_gonogo1_task_003_00"", ""atten_dsr_VP002_gonogo1_task_004_00"", ""atten_dsr_VP002_gonogo1_task_004_01"", ""atten_dsr_VP002_gonogo1_rest_004_00"", ""atten_dsr_VP002_gonogo1_task_005_00"", ""atten_dsr_VP002_gonogo1_rest_006_01"", ""atten_dsr_VP002_gonogo2_task_001_00"", ""atten_dsr_VP002_gonogo2_rest_001_01"", ""atten_dsr_VP002_gonogo2_rest_002_00"", ""atten_dsr_VP002_gonogo2_rest_003_01"", ""atten_dsr_VP002_gonogo2_task_004_01"", ""atten_dsr_VP002_gonogo2_rest_004_00"", ""atten_dsr_VP002_gonogo2_rest_006_00"", ""atten_dsr_VP002_gonogo3_task_001_00"", ""atten_dsr_VP002_gonogo3_task_001_01"", ""atten_dsr_VP002_gonogo3_rest_001_00"", ""atten_dsr_VP002_gonogo3_rest_002_00"", ""atten_dsr_VP002_gonogo3_task_003_00"", ""atten_dsr_VP002_gonogo3_rest_003_00"", ""atten_dsr_VP002_gonogo3_task_004_00"", ""atten_dsr_VP002_gonogo3_rest_005_00""]","[""atten_dsr_VP002_gonogo1_task_001_00"", ""atten_dsr_VP002_gonogo1_task_001_01"", ""atten_dsr_VP002_gonogo1_rest_001_00"", ""atten_dsr_VP002_gonogo1_rest_001_01"", ""atten_dsr_VP002_gonogo1_task_002_01"", ""atten_dsr_VP002_gonogo1_rest_002_00"", ""atten_dsr_VP002_gonogo1_rest_002_01"", ""atten_dsr_VP002_gonogo1_task_003_01"", ""atten_dsr_VP002_gonogo1_rest_003_00"", ""atten_dsr_VP002_gonogo1_rest_003_01"", ""atten_dsr_VP002_gonogo1_rest_004_01"", ""atten_dsr_VP002_gonogo1_task_005_01"", ""atten_dsr_VP002_gonogo1_rest_005_00"", ""atten_dsr_VP002_gonogo1_rest_005_01"", ""atten_dsr_VP002_gonogo1_task_006_00"", ""atten_dsr_VP002_gonogo1_task_006_01"", ""atten_dsr_VP002_gonogo1_rest_006_00"", ""atten_dsr_VP002_gonogo2_task_001_01"", ""atten_dsr_VP002_gonogo2_rest_001_00"", ""atten_dsr_VP002_gonogo2_task_002_00"", ""atten_dsr_VP002_gonogo2_task_002_01"", ""atten_dsr_VP002_gonogo2_rest_002_01"", ""atten_dsr_VP002_gonogo2_task_003_00"", ""atten_dsr_VP002_gonogo2_task_003_01"", ""atten_dsr_VP002_gonogo2_rest_003_00"", ""atten_dsr_VP002_gonogo2_task_004_00"", ""atten_dsr_VP002_gonogo2_rest_004_01"", ""atten_dsr_VP002_gonogo2_task_005_00"", ""atten_dsr_VP002_gonogo2_task_005_01"", ""atten_dsr_VP002_gonogo2_rest_005_00"", ""atten_dsr_VP002_gonogo2_rest_005_01"", ""atten_dsr_VP002_gonogo2_task_006_00"", ""atten_dsr_VP002_gonogo2_task_006_01"", ""atten_dsr_VP002_gonogo2_rest_006_01"", ""atten_dsr_VP002_gonogo3_rest_001_01"", ""atten_dsr_VP002_gonogo3_task_002_00"", ""atten_dsr_VP002_gonogo3_task_002_01"", ""atten_dsr_VP002_gonogo3_rest_002_01"", ""atten_dsr_VP002_gonogo3_task_003_01"", ""atten_dsr_VP002_gonogo3_rest_003_01"", ""atten_dsr_VP002_gonogo3_task_004_01"", ""atten_dsr_VP002_gonogo3_rest_004_00"", ""atten_dsr_VP002_gonogo3_rest_004_01"", ""atten_dsr_VP002_gonogo3_task_005_00"", ""atten_dsr_VP002_gonogo3_task_005_01"", ""atten_dsr_VP002_gonogo3_rest_005_01"", ""atten_dsr_VP002_gonogo3_task_006_00"", ""atten_dsr_VP002_gonogo3_task_006_01"", ""atten_dsr_VP002_gonogo3_rest_006_00"", ""atten_dsr_VP002_gonogo3_rest_006_01""]",True,,0.8636521739130434,70,0.8,0.7916666666666667,0.8571428571428572,0.8,0.6
VP003,2023,source_only,0.30,0.3055555555555556,22,50,"{""0"": 11, ""1"": 11}","{""0"": 25, ""1"": 25}","[""atten_dsr_VP003_gonogo1_task_002_00"", ""atten_dsr_VP003_gonogo1_task_003_00"", ""atten_dsr_VP003_gonogo1_task_004_00"", ""atten_dsr_VP003_gonogo1_task_004_01"", ""atten_dsr_VP003_gonogo1_rest_004_00"", ""atten_dsr_VP003_gonogo1_task_005_00"", ""atten_dsr_VP003_gonogo1_rest_006_01"", ""atten_dsr_VP003_gonogo2_task_001_00"", ""atten_dsr_VP003_gonogo2_rest_001_01"", ""atten_dsr_VP003_gonogo2_rest_002_00"", ""atten_dsr_VP003_gonogo2_rest_003_01"", ""atten_dsr_VP003_gonogo2_task_004_01"", ""atten_dsr_VP003_gonogo2_rest_004_00"", ""atten_dsr_VP003_gonogo2_rest_006_00"", ""atten_dsr_VP003_gonogo3_task_001_00"", ""atten_dsr_VP003_gonogo3_task_001_01"", ""atten_dsr_VP003_gonogo3_rest_001_00"", ""atten_dsr_VP003_gonogo3_rest_002_00"", ""atten_dsr_VP003_gonogo3_task_003_00"", ""atten_dsr_VP003_gonogo3_rest_003_00"", ""atten_dsr_VP003_gonogo3_task_004_00"", ""atten_dsr_VP003_gonogo3_rest_005_00""]","[""atten_dsr_VP003_gonogo1_task_001_00"", ""atten_dsr_VP003_gonogo1_task_001_01"", ""atten_dsr_VP003_gonogo1_rest_001_00"", ""atten_dsr_VP003_gonogo1_rest_001_01"", ""atten_dsr_VP003_gonogo1_task_002_01"", ""atten_dsr_VP003_gonogo1_rest_002_00"", ""atten_dsr_VP003_gonogo1_rest_002_01"", ""atten_dsr_VP003_gonogo1_task_003_01"", ""atten_dsr_VP003_gonogo1_rest_003_00"", ""atten_dsr_VP003_gonogo1_rest_003_01"", ""atten_dsr_VP003_gonogo1_rest_004_01"", ""atten_dsr_VP003_gonogo1_task_005_01"", ""atten_dsr_VP003_gonogo1_rest_005_00"", ""atten_dsr_VP003_gonogo1_rest_005_01"", ""atten_dsr_VP003_gonogo1_task_006_00"", ""atten_dsr_VP003_gonogo1_task_006_01"", ""atten_dsr_VP003_gonogo1_rest_006_00"", ""atten_dsr_VP003_gonogo2_task_001_01"", ""atten_dsr_VP003_gonogo2_rest_001_00"", ""atten_dsr_VP003_gonogo2_task_002_00"", ""atten_dsr_VP003_gonogo2_task_002_01"", ""atten_dsr_VP003_gonogo2_rest_002_01"", ""atten_dsr_VP003_gonogo2_task_003_00"", ""atten_dsr_VP003_gonogo2_task_003_01"", ""atten_dsr_VP003_gonogo2_rest_003_00"", ""atten_dsr_VP003_gonogo2_task_004_00"", ""atten_dsr_VP003_gonogo2_rest_004_01"", ""atten_dsr_VP003_gonogo2_task_005_00"", ""atten_dsr_VP003_gonogo2_task_005_01"", ""atten_dsr_VP003_gonogo2_rest_005_00"", ""atten_dsr_VP003_gonogo2_rest_005_01"", ""atten_dsr_VP003_gonogo2_task_006_00"", ""atten_dsr_VP003_gonogo2_task_006_01"", ""atten_dsr_VP003_gonogo2_rest_006_01"", ""atten_dsr_VP003_gonogo3_rest_001_01"", ""atten_dsr_VP003_gonogo3_task_002_00"", ""atten_dsr_VP003_gonogo3_task_002_01"", ""atten_dsr_VP003_gonogo3_rest_002_01"", ""atten_dsr_VP003_gonogo3_task_003_01"", ""atten_dsr_VP003_gonogo3_rest_003_01"", ""atten_dsr_VP003_gonogo3_task_004_01"", ""atten_dsr_VP003_gonogo3_rest_004_00"", ""atten_dsr_VP003_gonogo3_rest_004_01"", ""atten_dsr_VP003_gonogo3_task_005_00"", ""atten_dsr_VP003_gonogo3_task_005_01"", ""atten_dsr_VP003_gonogo3_rest_005_01"", ""atten_dsr_VP003_gonogo3_task_006_00"", ""atten_dsr_VP003_gonogo3_task_006_01"", ""atten_dsr_VP003_gonogo3_rest_006_00"", ""atten_dsr_VP003_gonogo3_rest_006_01""]",True,,0.8442088343482427,54,0.72,0.7028862478777589,0.7858627858627859,0.72,0.43999999999999995
VP003,2023,existing_head_adaptation,0.30,0.3055555555555556,22,50,"{""0"": 11, ""1"": 11}","{""0"": 25, ""1"": 25}","[""atten_dsr_VP003_gonogo1_task_002_00"", ""atten_dsr_VP003_gonogo1_task_003_00"", ""atten_dsr_VP003_gonogo1_task_004_00"", ""atten_dsr_VP003_gonogo1_task_004_01"", ""atten_dsr_VP003_gonogo1_rest_004_00"", ""atten_dsr_VP003_gonogo1_task_005_00"", ""atten_dsr_VP003_gonogo1_rest_006_01"", ""atten_dsr_VP003_gonogo2_task_001_00"", ""atten_dsr_VP003_gonogo2_rest_001_01"", ""atten_dsr_VP003_gonogo2_rest_002_00"", ""atten_dsr_VP003_gonogo2_rest_003_01"", ""atten_dsr_VP003_gonogo2_task_004_01"", ""atten_dsr_VP003_gonogo2_rest_004_00"", ""atten_dsr_VP003_gonogo2_rest_006_00"", ""atten_dsr_VP003_gonogo3_task_001_00"", ""atten_dsr_VP003_gonogo3_task_001_01"", ""atten_dsr_VP003_gonogo3_rest_001_00"", ""atten_dsr_VP003_gonogo3_rest_002_00"", ""atten_dsr_VP003_gonogo3_task_003_00"", ""atten_dsr_VP003_gonogo3_rest_003_00"", ""atten_dsr_VP003_gonogo3_task_004_00"", ""atten_dsr_VP003_gonogo3_rest_005_00""]","[""atten_dsr_VP003_gonogo1_task_001_00"", ""atten_dsr_VP003_gonogo1_task_001_01"", ""atten_dsr_VP003_gonogo1_rest_001_00"", ""atten_dsr_VP003_gonogo1_rest_001_01"", ""atten_dsr_VP003_gonogo1_task_002_01"", ""atten_dsr_VP003_gonogo1_rest_002_00"", ""atten_dsr_VP003_gonogo1_rest_002_01"", ""atten_dsr_VP003_gonogo1_task_003_01"", ""atten_dsr_VP003_gonogo1_rest_003_00"", ""atten_dsr_VP003_gonogo1_rest_003_01"", ""atten_dsr_VP003_gonogo1_rest_004_01"", ""atten_dsr_VP003_gonogo1_task_005_01"", ""atten_dsr_VP003_gonogo1_rest_005_00"", ""atten_dsr_VP003_gonogo1_rest_005_01"", ""atten_dsr_VP003_gonogo1_task_006_00"", ""atten_dsr_VP003_gonogo1_task_006_01"", ""atten_dsr_VP003_gonogo1_rest_006_00"", ""atten_dsr_VP003_gonogo2_task_001_01"", ""atten_dsr_VP003_gonogo2_rest_001_00"", ""atten_dsr_VP003_gonogo2_task_002_00"", ""atten_dsr_VP003_gonogo2_task_002_01"", ""atten_dsr_VP003_gonogo2_rest_002_01"", ""atten_dsr_VP003_gonogo2_task_003_00"", ""atten_dsr_VP003_gonogo2_task_003_01"", ""atten_dsr_VP003_gonogo2_rest_003_00"", ""atten_dsr_VP003_gonogo2_task_004_00"", ""atten_dsr_VP003_gonogo2_rest_004_01"", ""atten_dsr_VP003_gonogo2_task_005_00"", ""atten_dsr_VP003_gonogo2_task_005_01"", ""atten_dsr_VP003_gonogo2_rest_005_00"", ""atten_dsr_VP003_gonogo2_rest_005_01"", ""atten_dsr_VP003_gonogo2_task_006_00"", ""atten_dsr_VP003_gonogo2_task_006_01"", ""atten_dsr_VP003_gonogo2_rest_006_01"", ""atten_dsr_VP003_gonogo3_rest_001_01"", ""atten_dsr_VP003_gonogo3_task_002_00"", ""atten_dsr_VP003_gonogo3_task_002_01"", ""atten_dsr_VP003_gonogo3_rest_002_01"", ""atten_dsr_VP003_gonogo3_task_003_01"", ""atten_dsr_VP003_gonogo3_rest_003_01"", ""atten_dsr_VP003_gonogo3_task_004_01"", ""atten_dsr_VP003_gonogo3_rest_004_00"", ""atten_dsr_VP003_gonogo3_rest_004_01"", ""atten_dsr_VP003_gonogo3_task_005_00"", ""atten_dsr_VP003_gonogo3_task_005_01"", ""atten_dsr_VP003_gonogo3_rest_005_01"", ""atten_dsr_VP003_gonogo3_task_006_00"", ""atten_dsr_VP003_gonogo3_task_006_01"", ""atten_dsr_VP003_gonogo3_rest_006_00"", ""atten_dsr_VP003_gonogo3_rest_006_01""]",True,,0.8442088343482427,54,0.72,0.7028862478777589,0.7858627858627859,0.72,0.43999999999999995
VP004,2023,source_only,0.30,0.3055555555555556,22,50,"{""0"": 11, ""1"": 11}","{""0"": 25, ""1"": 25}","[""atten_dsr_VP004_gonogo1_task_002_00"", ""atten_dsr_VP004_gonogo1_task_003_00"", ""atten_dsr_VP004_gonogo1_task_004_00"", ""atten_dsr_VP004_gonogo1_task_004_01"", ""atten_dsr_VP004_gonogo1_rest_004_00"", ""atten_dsr_VP004_gonogo1_task_005_00"", ""atten_dsr_VP004_gonogo1_rest_006_01"", ""atten_dsr_VP004_gonogo2_task_001_00"", ""atten_dsr_VP004_gonogo2_rest_001_01"", ""atten_dsr_VP004_gonogo2_rest_002_00"", ""atten_dsr_VP004_gonogo2_rest_003_01"", ""atten_dsr_VP004_gonogo2_task_004_01"", ""atten_dsr_VP004_gonogo2_rest_004_00"", ""atten_dsr_VP004_gonogo2_rest_006_00"", ""atten_dsr_VP004_gonogo3_task_001_00"", ""atten_dsr_VP004_gonogo3_task_001_01"", ""atten_dsr_VP004_gonogo3_rest_001_00"", ""atten_dsr_VP004_gonogo3_rest_002_00"", ""atten_dsr_VP004_gonogo3_task_003_00"", ""atten_dsr_VP004_gonogo3_rest_003_00"", ""atten_dsr_VP004_gonogo3_task_004_00"", ""atten_dsr_VP004_gonogo3_rest_005_00""]","[""atten_dsr_VP004_gonogo1_task_001_00"", ""atten_dsr_VP004_gonogo1_task_001_01"", ""atten_dsr_VP004_gonogo1_rest_001_00"", ""atten_dsr_VP004_gonogo1_rest_001_01"", ""atten_dsr_VP004_gonogo1_task_002_01"", ""atten_dsr_VP004_gonogo1_rest_002_00"", ""atten_dsr_VP004_gonogo1_rest_002_01"", ""atten_dsr_VP004_gonogo1_task_003_01"", ""atten_dsr_VP004_gonogo1_rest_003_00"", ""atten_dsr_VP004_gonogo1_rest_003_01"", ""atten_dsr_VP004_gonogo1_rest_004_01"", ""atten_dsr_VP004_gonogo1_task_005_01"", ""atten_dsr_VP004_gonogo1_rest_005_00"", ""atten_dsr_VP004_gonogo1_rest_005_01"", ""atten_dsr_VP004_gonogo1_task_006_00"", ""atten_dsr_VP004_gonogo1_task_006_01"", ""atten_dsr_VP004_gonogo1_rest_006_00"", ""atten_dsr_VP004_gonogo2_task_001_01"", ""atten_dsr_VP004_gonogo2_rest_001_00"", ""atten_dsr_VP004_gonogo2_task_002_00"", ""atten_dsr_VP004_gonogo2_task_002_01"", ""atten_dsr_VP004_gonogo2_rest_002_01"", ""atten_dsr_VP004_gonogo2_task_003_00"", ""atten_dsr_VP004_gonogo2_task_003_01"", ""atten_dsr_VP004_gonogo2_rest_003_00"", ""atten_dsr_VP004_gonogo2_task_004_00"", ""atten_dsr_VP004_gonogo2_rest_004_01"", ""atten_dsr_VP004_gonogo2_task_005_00"", ""atten_dsr_VP004_gonogo2_task_005_01"", ""atten_dsr_VP004_gonogo2_rest_005_00"", ""atten_dsr_VP004_gonogo2_rest_005_01"", ""atten_dsr_VP004_gonogo2_task_006_00"", ""atten_dsr_VP004_gonogo2_task_006_01"", ""atten_dsr_VP004_gonogo2_rest_006_01"", ""atten_dsr_VP004_gonogo3_rest_001_01"", ""atten_dsr_VP004_gonogo3_task_002_00"", ""atten_dsr_VP004_gonogo3_task_002_01"", ""atten_dsr_VP004_gonogo3_rest_002_01"", ""atten_dsr_VP004_gonogo3_task_003_01"", ""atten_dsr_VP004_gonogo3_rest_003_01"", ""atten_dsr_VP004_gonogo3_task_004_01"", ""atten_dsr_VP004_gonogo3_rest_004_00"", ""atten_dsr_VP004_gonogo3_rest_004_01"", ""atten_dsr_VP004_gonogo3_task_005_00"", ""atten_dsr_VP004_gonogo3_task_005_01"", ""atten_dsr_VP004_gonogo3_rest_005_01"", ""atten_dsr_VP004_gonogo3_task_006_00"", ""atten_dsr_VP004_gonogo3_task_006_01"", ""atten_dsr_VP004_gonogo3_rest_006_00"", ""atten_dsr_VP004_gonogo3_rest_006_01""]",True,,0.8524487475930123,63,0.88,0.88,0.88,0.88,0.76
VP004,2023,existing_head_adaptation,0.30,0.3055555555555556,22,50,"{""0"": 11, ""1"": 11}","{""0"": 25, ""1"": 25}","[""atten_dsr_VP004_gonogo1_task_002_00"", ""atten_dsr_VP004_gonogo1_task_003_00"", ""atten_dsr_VP004_gonogo1_task_004_00"", ""atten_dsr_VP004_gonogo1_task_004_01"", ""atten_dsr_VP004_gonogo1_rest_004_00"", ""atten_dsr_VP004_gonogo1_task_005_00"", ""atten_dsr_VP004_gonogo1_rest_006_01"", ""atten_dsr_VP004_gonogo2_task_001_00"", ""atten_dsr_VP004_gonogo2_rest_001_01"", ""atten_dsr_VP004_gonogo2_rest_002_00"", ""atten_dsr_VP004_gonogo2_rest_003_01"", ""atten_dsr_VP004_gonogo2_task_004_01"", ""atten_dsr_VP004_gonogo2_rest_004_00"", ""atten_dsr_VP004_gonogo2_rest_006_00"", ""atten_dsr_VP004_gonogo3_task_001_00"", ""atten_dsr_VP004_gonogo3_task_001_01"", ""atten_dsr_VP004_gonogo3_rest_001_00"", ""atten_dsr_VP004_gonogo3_rest_002_00"", ""atten_dsr_VP004_gonogo3_task_003_00"", ""atten_dsr_VP004_gonogo3_rest_003_00"", ""atten_dsr_VP004_gonogo3_task_004_00"", ""atten_dsr_VP004_gonogo3_rest_005_00""]","[""atten_dsr_VP004_gonogo1_task_001_00"", ""atten_dsr_VP004_gonogo1_task_001_01"", ""atten_dsr_VP004_gonogo1_rest_001_00"", ""atten_dsr_VP004_gonogo1_rest_001_01"", ""atten_dsr_VP004_gonogo1_task_002_01"", ""atten_dsr_VP004_gonogo1_rest_002_00"", ""atten_dsr_VP004_gonogo1_rest_002_01"", ""atten_dsr_VP004_gonogo1_task_003_01"", ""atten_dsr_VP004_gonogo1_rest_003_00"", ""atten_dsr_VP004_gonogo1_rest_003_01"", ""atten_dsr_VP004_gonogo1_rest_004_01"", ""atten_dsr_VP004_gonogo1_task_005_01"", ""atten_dsr_VP004_gonogo1_rest_005_00"", ""atten_dsr_VP004_gonogo1_rest_005_01"", ""atten_dsr_VP004_gonogo1_task_006_00"", ""atten_dsr_VP004_gonogo1_task_006_01"", ""atten_dsr_VP004_gonogo1_rest_006_00"", ""atten_dsr_VP004_gonogo2_task_001_01"", ""atten_dsr_VP004_gonogo2_rest_001_00"", ""atten_dsr_VP004_gonogo2_task_002_00"", ""atten_dsr_VP004_gonogo2_task_002_01"", ""atten_dsr_VP004_gonogo2_rest_002_01"", ""atten_dsr_VP004_gonogo2_task_003_00"", ""atten_dsr_VP004_gonogo2_task_003_01"", ""atten_dsr_VP004_gonogo2_rest_003_00"", ""atten_dsr_VP004_gonogo2_task_004_00"", ""atten_dsr_VP004_gonogo2_rest_004_01"", ""atten_dsr_VP004_gonogo2_task_005_00"", ""atten_dsr_VP004_gonogo2_task_005_01"", ""atten_dsr_VP004_gonogo2_rest_005_00"", ""atten_dsr_VP004_gonogo2_rest_005_01"", ""atten_dsr_VP004_gonogo2_task_006_00"", ""atten_dsr_VP004_gonogo2_task_006_01"", ""atten_dsr_VP004_gonogo2_rest_006_01"", ""atten_dsr_VP004_gonogo3_rest_001_01"", ""atten_dsr_VP004_gonogo3_task_002_00"", ""atten_dsr_VP004_gonogo3_task_002_01"", ""atten_dsr_VP004_gonogo3_rest_002_01"", ""atten_dsr_VP004_gonogo3_task_003_01"", ""atten_dsr_VP004_gonogo3_rest_003_01"", ""atten_dsr_VP004_gonogo3_task_004_01"", ""atten_dsr_VP004_gonogo3_rest_004_00"", ""atten_dsr_VP004_gonogo3_rest_004_01"", ""atten_dsr_VP004_gonogo3_task_005_00"", ""atten_dsr_VP004_gonogo3_task_005_01"", ""atten_dsr_VP004_gonogo3_rest_005_01"", ""atten_dsr_VP004_gonogo3_task_006_00"", ""atten_dsr_VP004_gonogo3_task_006_01"", ""atten_dsr_VP004_gonogo3_rest_006_00"", ""atten_dsr_VP004_gonogo3_rest_006_01""]",True,,0.8524487475930123,63,0.88,0.88,0.88,0.88,0.76
VP005,2023,source_only,0.30,0.3055555555555556,22,50,"{""0"": 11, ""1"": 11}","{""0"": 25, ""1"": 25}","[""atten_dsr_VP005_gonogo1_task_002_00"", ""atten_dsr_VP005_gonogo1_task_003_00"", ""atten_dsr_VP005_gonogo1_task_004_00"", ""atten_dsr_VP005_gonogo1_task_004_01"", ""atten_dsr_VP005_gonogo1_rest_004_00"", ""atten_dsr_VP005_gonogo1_task_005_00"", ""atten_dsr_VP005_gonogo1_rest_006_01"", ""atten_dsr_VP005_gonogo2_task_001_00"", ""atten_dsr_VP005_gonogo2_rest_001_01"", ""atten_dsr_VP005_gonogo2_rest_002_00"", ""atten_dsr_VP005_gonogo2_rest_003_01"", ""atten_dsr_VP005_gonogo2_task_004_01"", ""atten_dsr_VP005_gonogo2_rest_004_00"", ""atten_dsr_VP005_gonogo2_rest_006_00"", ""atten_dsr_VP005_gonogo3_task_001_00"", ""atten_dsr_VP005_gonogo3_task_001_01"", ""atten_dsr_VP005_gonogo3_rest_001_00"", ""atten_dsr_VP005_gonogo3_rest_002_00"", ""atten_dsr_VP005_gonogo3_task_003_00"", ""atten_dsr_VP005_gonogo3_rest_003_00"", ""atten_dsr_VP005_gonogo3_task_004_00"", ""atten_dsr_VP005_gonogo3_rest_005_00""]","[""atten_dsr_VP005_gonogo1_task_001_00"", ""atten_dsr_VP005_gonogo1_task_001_01"", ""atten_dsr_VP005_gonogo1_rest_001_00"", ""atten_dsr_VP005_gonogo1_rest_001_01"", ""atten_dsr_VP005_gonogo1_task_002_01"", ""atten_dsr_VP005_gonogo1_rest_002_00"", ""atten_dsr_VP005_gonogo1_rest_002_01"", ""atten_dsr_VP005_gonogo1_task_003_01"", ""atten_dsr_VP005_gonogo1_rest_003_00"", ""atten_dsr_VP005_gonogo1_rest_003_01"", ""atten_dsr_VP005_gonogo1_rest_004_01"", ""atten_dsr_VP005_gonogo1_task_005_01"", ""atten_dsr_VP005_gonogo1_rest_005_00"", ""atten_dsr_VP005_gonogo1_rest_005_01"", ""atten_dsr_VP005_gonogo1_task_006_00"", ""atten_dsr_VP005_gonogo1_task_006_01"", ""atten_dsr_VP005_gonogo1_rest_006_00"", ""atten_dsr_VP005_gonogo2_task_001_01"", ""atten_dsr_VP005_gonogo2_rest_001_00"", ""atten_dsr_VP005_gonogo2_task_002_00"", ""atten_dsr_VP005_gonogo2_task_002_01"", ""atten_dsr_VP005_gonogo2_rest_002_01"", ""atten_dsr_VP005_gonogo2_task_003_00"", ""atten_dsr_VP005_gonogo2_task_003_01"", ""atten_dsr_VP005_gonogo2_rest_003_00"", ""atten_dsr_VP005_gonogo2_task_004_00"", ""atten_dsr_VP005_gonogo2_rest_004_01"", ""atten_dsr_VP005_gonogo2_task_005_00"", ""atten_dsr_VP005_gonogo2_task_005_01"", ""atten_dsr_VP005_gonogo2_rest_005_00"", ""atten_dsr_VP005_gonogo2_rest_005_01"", ""atten_dsr_VP005_gonogo2_task_006_00"", ""atten_dsr_VP005_gonogo2_task_006_01"", ""atten_dsr_VP005_gonogo2_rest_006_01"", ""atten_dsr_VP005_gonogo3_rest_001_01"", ""atten_dsr_VP005_gonogo3_task_002_00"", ""atten_dsr_VP005_gonogo3_task_002_01"", ""atten_dsr_VP005_gonogo3_rest_002_01"", ""atten_dsr_VP005_gonogo3_task_003_01"", ""atten_dsr_VP005_gonogo3_rest_003_01"", ""atten_dsr_VP005_gonogo3_task_004_01"", ""atten_dsr_VP005_gonogo3_rest_004_00"", ""atten_dsr_VP005_gonogo3_rest_004_01"", ""atten_dsr_VP005_gonogo3_task_005_00"", ""atten_dsr_VP005_gonogo3_task_005_01"", ""atten_dsr_VP005_gonogo3_rest_005_01"", ""atten_dsr_VP005_gonogo3_task_006_00"", ""atten_dsr_VP005_gonogo3_task_006_01"", ""atten_dsr_VP005_gonogo3_rest_006_00"", ""atten_dsr_VP005_gonogo3_rest_006_01""]",True,,0.8663324979114453,53,0.74,0.7373737373737375,0.75,0.74,0.48
VP005,2023,existing_head_adaptation,0.30,0.3055555555555556,22,50,"{""0"": 11, ""1"": 11}","{""0"": 25, ""1"": 25}","[""atten_dsr_VP005_gonogo1_task_002_00"", ""atten_dsr_VP005_gonogo1_task_003_00"", ""atten_dsr_VP005_gonogo1_task_004_00"", ""atten_dsr_VP005_gonogo1_task_004_01"", ""atten_dsr_VP005_gonogo1_rest_004_00"", ""atten_dsr_VP005_gonogo1_task_005_00"", ""atten_dsr_VP005_gonogo1_rest_006_01"", ""atten_dsr_VP005_gonogo2_task_001_00"", ""atten_dsr_VP005_gonogo2_rest_001_01"", ""atten_dsr_VP005_gonogo2_rest_002_00"", ""atten_dsr_VP005_gonogo2_rest_003_01"", ""atten_dsr_VP005_gonogo2_task_004_01"", ""atten_dsr_VP005_gonogo2_rest_004_00"", ""atten_dsr_VP005_gonogo2_rest_006_00"", ""atten_dsr_VP005_gonogo3_task_001_00"", ""atten_dsr_VP005_gonogo3_task_001_01"", ""atten_dsr_VP005_gonogo3_rest_001_00"", ""atten_dsr_VP005_gonogo3_rest_002_00"", ""atten_dsr_VP005_gonogo3_task_003_00"", ""atten_dsr_VP005_gonogo3_rest_003_00"", ""atten_dsr_VP005_gonogo3_task_004_00"", ""atten_dsr_VP005_gonogo3_rest_005_00""]","[""atten_dsr_VP005_gonogo1_task_001_00"", ""atten_dsr_VP005_gonogo1_task_001_01"", ""atten_dsr_VP005_gonogo1_rest_001_00"", ""atten_dsr_VP005_gonogo1_rest_001_01"", ""atten_dsr_VP005_gonogo1_task_002_01"", ""atten_dsr_VP005_gonogo1_rest_002_00"", ""atten_dsr_VP005_gonogo1_rest_002_01"", ""atten_dsr_VP005_gonogo1_task_003_01"", ""atten_dsr_VP005_gonogo1_rest_003_00"", ""atten_dsr_VP005_gonogo1_rest_003_01"", ""atten_dsr_VP005_gonogo1_rest_004_01"", ""atten_dsr_VP005_gonogo1_task_005_01"", ""atten_dsr_VP005_gonogo1_rest_005_00"", ""atten_dsr_VP005_gonogo1_rest_005_01"", ""atten_dsr_VP005_gonogo1_task_006_00"", ""atten_dsr_VP005_gonogo1_task_006_01"", ""atten_dsr_VP005_gonogo1_rest_006_00"", ""atten_dsr_VP005_gonogo2_task_001_01"", ""atten_dsr_VP005_gonogo2_rest_001_00"", ""atten_dsr_VP005_gonogo2_task_002_00"", ""atten_dsr_VP005_gonogo2_task_002_01"", ""atten_dsr_VP005_gonogo2_rest_002_01"", ""atten_dsr_VP005_gonogo2_task_003_00"", ""atten_dsr_VP005_gonogo2_task_003_01"", ""atten_dsr_VP005_gonogo2_rest_003_00"", ""atten_dsr_VP005_gonogo2_task_004_00"", ""atten_dsr_VP005_gonogo2_rest_004_01"", ""atten_dsr_VP005_gonogo2_task_005_00"", ""atten_dsr_VP005_gonogo2_task_005_01"", ""atten_dsr_VP005_gonogo2_rest_005_00"", ""atten_dsr_VP005_gonogo2_rest_005_01"", ""atten_dsr_VP005_gonogo2_task_006_00"", ""atten_dsr_VP005_gonogo2_task_006_01"", ""atten_dsr_VP005_gonogo2_rest_006_01"", ""atten_dsr_VP005_gonogo3_rest_001_01"", ""atten_dsr_VP005_gonogo3_task_002_00"", ""atten_dsr_VP005_gonogo3_task_002_01"", ""atten_dsr_VP005_gonogo3_rest_002_01"", ""atten_dsr_VP005_gonogo3_task_003_01"", ""atten_dsr_VP005_gonogo3_rest_003_01"", ""atten_dsr_VP005_gonogo3_task_004_01"", ""atten_dsr_VP005_gonogo3_rest_004_00"", ""atten_dsr_VP005_gonogo3_rest_004_01"", ""atten_dsr_VP005_gonogo3_task_005_00"", ""atten_dsr_VP005_gonogo3_task_005_01"", ""atten_dsr_VP005_gonogo3_rest_005_01"", ""atten_dsr_VP005_gonogo3_task_006_00"", ""atten_dsr_VP005_gonogo3_task_006_01"", ""atten_dsr_VP005_gonogo3_rest_006_00"", ""atten_dsr_VP005_gonogo3_rest_006_01""]",True,,0.8663324979114453,53,0.7,0.6998799519807923,0.7003205128205128,0.7,0.4
VP006,2023,source_only,0.30,0.3055555555555556,22,50,"{""0"": 11, ""1"": 11}","{""0"": 25, ""1"": 25}","[""atten_dsr_VP006_gonogo1_task_002_00"", ""atten_dsr_VP006_gonogo1_task_003_00"", ""atten_dsr_VP006_gonogo1_task_004_00"", ""atten_dsr_VP006_gonogo1_task_004_01"", ""atten_dsr_VP006_gonogo1_rest_004_00"", ""atten_dsr_VP006_gonogo1_task_005_00"", ""atten_dsr_VP006_gonogo1_rest_006_01"", ""atten_dsr_VP006_gonogo2_task_001_00"", ""atten_dsr_VP006_gonogo2_rest_001_01"", ""atten_dsr_VP006_gonogo2_rest_002_00"", ""atten_dsr_VP006_gonogo2_rest_003_01"", ""atten_dsr_VP006_gonogo2_task_004_01"", ""atten_dsr_VP006_gonogo2_rest_004_00"", ""atten_dsr_VP006_gonogo2_rest_006_00"", ""atten_dsr_VP006_gonogo3_task_001_00"", ""atten_dsr_VP006_gonogo3_task_001_01"", ""atten_dsr_VP006_gonogo3_rest_001_00"", ""atten_dsr_VP006_gonogo3_rest_002_00"", ""atten_dsr_VP006_gonogo3_task_003_00"", ""atten_dsr_VP006_gonogo3_rest_003_00"", ""atten_dsr_VP006_gonogo3_task_004_00"", ""atten_dsr_VP006_gonogo3_rest_005_00""]","[""atten_dsr_VP006_gonogo1_task_001_00"", ""atten_dsr_VP006_gonogo1_task_001_01"", ""atten_dsr_VP006_gonogo1_rest_001_00"", ""atten_dsr_VP006_gonogo1_rest_001_01"", ""atten_dsr_VP006_gonogo1_task_002_01"", ""atten_dsr_VP006_gonogo1_rest_002_00"", ""atten_dsr_VP006_gonogo1_rest_002_01"", ""atten_dsr_VP006_gonogo1_task_003_01"", ""atten_dsr_VP006_gonogo1_rest_003_00"", ""atten_dsr_VP006_gonogo1_rest_003_01"", ""atten_dsr_VP006_gonogo1_rest_004_01"", ""atten_dsr_VP006_gonogo1_task_005_01"", ""atten_dsr_VP006_gonogo1_rest_005_00"", ""atten_dsr_VP006_gonogo1_rest_005_01"", ""atten_dsr_VP006_gonogo1_task_006_00"", ""atten_dsr_VP006_gonogo1_task_006_01"", ""atten_dsr_VP006_gonogo1_rest_006_00"", ""atten_dsr_VP006_gonogo2_task_001_01"", ""atten_dsr_VP006_gonogo2_rest_001_00"", ""atten_dsr_VP006_gonogo2_task_002_00"", ""atten_dsr_VP006_gonogo2_task_002_01"", ""atten_dsr_VP006_gonogo2_rest_002_01"", ""atten_dsr_VP006_gonogo2_task_003_00"", ""atten_dsr_VP006_gonogo2_task_003_01"", ""atten_dsr_VP006_gonogo2_rest_003_00"", ""atten_dsr_VP006_gonogo2_task_004_00"", ""atten_dsr_VP006_gonogo2_rest_004_01"", ""atten_dsr_VP006_gonogo2_task_005_00"", ""atten_dsr_VP006_gonogo2_task_005_01"", ""atten_dsr_VP006_gonogo2_rest_005_00"", ""atten_dsr_VP006_gonogo2_rest_005_01"", ""atten_dsr_VP006_gonogo2_task_006_00"", ""atten_dsr_VP006_gonogo2_task_006_01"", ""atten_dsr_VP006_gonogo2_rest_006_01"", ""atten_dsr_VP006_gonogo3_rest_001_01"", ""atten_dsr_VP006_gonogo3_task_002_00"", ""atten_dsr_VP006_gonogo3_task_002_01"", ""atten_dsr_VP006_gonogo3_rest_002_01"", ""atten_dsr_VP006_gonogo3_task_003_01"", ""atten_dsr_VP006_gonogo3_rest_003_01"", ""atten_dsr_VP006_gonogo3_task_004_01"", ""atten_dsr_VP006_gonogo3_rest_004_00"", ""atten_dsr_VP006_gonogo3_rest_004_01"", ""atten_dsr_VP006_gonogo3_task_005_00"", ""atten_dsr_VP006_gonogo3_task_005_01"", ""atten_dsr_VP006_gonogo3_rest_005_01"", ""atten_dsr_VP006_gonogo3_task_006_00"", ""atten_dsr_VP006_gonogo3_task_006_01"", ""atten_dsr_VP006_gonogo3_rest_006_00"", ""atten_dsr_VP006_gonogo3_rest_006_01""]",True,,0.8468807758040693,53,0.72,0.6961805555555556,0.8205128205128205,0.72,0.43999999999999995
VP006,2023,existing_head_adaptation,0.30,0.3055555555555556,22,50,"{""0"": 11, ""1"": 11}","{""0"": 25, ""1"": 25}","[""atten_dsr_VP006_gonogo1_task_002_00"", ""atten_dsr_VP006_gonogo1_task_003_00"", ""atten_dsr_VP006_gonogo1_task_004_00"", ""atten_dsr_VP006_gonogo1_task_004_01"", ""atten_dsr_VP006_gonogo1_rest_004_00"", ""atten_dsr_VP006_gonogo1_task_005_00"", ""atten_dsr_VP006_gonogo1_rest_006_01"", ""atten_dsr_VP006_gonogo2_task_001_00"", ""atten_dsr_VP006_gonogo2_rest_001_01"", ""atten_dsr_VP006_gonogo2_rest_002_00"", ""atten_dsr_VP006_gonogo2_rest_003_01"", ""atten_dsr_VP006_gonogo2_task_004_01"", ""atten_dsr_VP006_gonogo2_rest_004_00"", ""atten_dsr_VP006_gonogo2_rest_006_00"", ""atten_dsr_VP006_gonogo3_task_001_00"", ""atten_dsr_VP006_gonogo3_task_001_01"", ""atten_dsr_VP006_gonogo3_rest_001_00"", ""atten_dsr_VP006_gonogo3_rest_002_00"", ""atten_dsr_VP006_gonogo3_task_003_00"", ""atten_dsr_VP006_gonogo3_rest_003_00"", ""atten_dsr_VP006_gonogo3_task_004_00"", ""atten_dsr_VP006_gonogo3_rest_005_00""]","[""atten_dsr_VP006_gonogo1_task_001_00"", ""atten_dsr_VP006_gonogo1_task_001_01"", ""atten_dsr_VP006_gonogo1_rest_001_00"", ""atten_dsr_VP006_gonogo1_rest_001_01"", ""atten_dsr_VP006_gonogo1_task_002_01"", ""atten_dsr_VP006_gonogo1_rest_002_00"", ""atten_dsr_VP006_gonogo1_rest_002_01"", ""atten_dsr_VP006_gonogo1_task_003_01"", ""atten_dsr_VP006_gonogo1_rest_003_00"", ""atten_dsr_VP006_gonogo1_rest_003_01"", ""atten_dsr_VP006_gonogo1_rest_004_01"", ""atten_dsr_VP006_gonogo1_task_005_01"", ""atten_dsr_VP006_gonogo1_rest_005_00"", ""atten_dsr_VP006_gonogo1_rest_005_01"", ""atten_dsr_VP006_gonogo1_task_006_00"", ""atten_dsr_VP006_gonogo1_task_006_01"", ""atten_dsr_VP006_gonogo1_rest_006_00"", ""atten_dsr_VP006_gonogo2_task_001_01"", ""atten_dsr_VP006_gonogo2_rest_001_00"", ""atten_dsr_VP006_gonogo2_task_002_00"", ""atten_dsr_VP006_gonogo2_task_002_01"", ""atten_dsr_VP006_gonogo2_rest_002_01"", ""atten_dsr_VP006_gonogo2_task_003_00"", ""atten_dsr_VP006_gonogo2_task_003_01"", ""atten_dsr_VP006_gonogo2_rest_003_00"", ""atten_dsr_VP006_gonogo2_task_004_00"", ""atten_dsr_VP006_gonogo2_rest_004_01"", ""atten_dsr_VP006_gonogo2_task_005_00"", ""atten_dsr_VP006_gonogo2_task_005_01"", ""atten_dsr_VP006_gonogo2_rest_005_00"", ""atten_dsr_VP006_gonogo2_rest_005_01"", ""atten_dsr_VP006_gonogo2_task_006_00"", ""atten_dsr_VP006_gonogo2_task_006_01"", ""atten_dsr_VP006_gonogo2_rest_006_01"", ""atten_dsr_VP006_gonogo3_rest_001_01"", ""atten_dsr_VP006_gonogo3_task_002_00"", ""atten_dsr_VP006_gonogo3_task_002_01"", ""atten_dsr_VP006_gonogo3_rest_002_01"", ""atten_dsr_VP006_gonogo3_task_003_01"", ""atten_dsr_VP006_gonogo3_rest_003_01"", ""atten_dsr_VP006_gonogo3_task_004_01"", ""atten_dsr_VP006_gonogo3_rest_004_00"", ""atten_dsr_VP006_gonogo3_rest_004_01"", ""atten_dsr_VP006_gonogo3_task_005_00"", ""atten_dsr_VP006_gonogo3_task_005_01"", ""atten_dsr_VP006_gonogo3_rest_005_01"", ""atten_dsr_VP006_gonogo3_task_006_00"", ""atten_dsr_VP006_gonogo3_task_006_01"", ""atten_dsr_VP006_gonogo3_rest_006_00"", ""atten_dsr_VP006_gonogo3_rest_006_01""]",True,,0.8468807758040693,53,0.72,0.6961805555555556,0.8205128205128205,0.72,0.43999999999999995
VP007,2023,source_only,0.30,0.3055555555555556,22,50,"{""0"": 11, ""1"": 11}","{""0"": 25, ""1"": 25}","[""atten_dsr_VP007_gonogo1_task_002_00"", ""atten_dsr_VP007_gonogo1_task_003_00"", ""atten_dsr_VP007_gonogo1_task_004_00"", ""atten_dsr_VP007_gonogo1_task_004_01"", ""atten_dsr_VP007_gonogo1_rest_004_00"", ""atten_dsr_VP007_gonogo1_task_005_00"", ""atten_dsr_VP007_gonogo1_rest_006_01"", ""atten_dsr_VP007_gonogo2_task_001_00"", ""atten_dsr_VP007_gonogo2_rest_001_01"", ""atten_dsr_VP007_gonogo2_rest_002_00"", ""atten_dsr_VP007_gonogo2_rest_003_01"", ""atten_dsr_VP007_gonogo2_task_004_01"", ""atten_dsr_VP007_gonogo2_rest_004_00"", ""atten_dsr_VP007_gonogo2_rest_006_00"", ""atten_dsr_VP007_gonogo3_task_001_00"", ""atten_dsr_VP007_gonogo3_task_001_01"", ""atten_dsr_VP007_gonogo3_rest_001_00"", ""atten_dsr_VP007_gonogo3_rest_002_00"", ""atten_dsr_VP007_gonogo3_task_003_00"", ""atten_dsr_VP007_gonogo3_rest_003_00"", ""atten_dsr_VP007_gonogo3_task_004_00"", ""atten_dsr_VP007_gonogo3_rest_005_00""]","[""atten_dsr_VP007_gonogo1_task_001_00"", ""atten_dsr_VP007_gonogo1_task_001_01"", ""atten_dsr_VP007_gonogo1_rest_001_00"", ""atten_dsr_VP007_gonogo1_rest_001_01"", ""atten_dsr_VP007_gonogo1_task_002_01"", ""atten_dsr_VP007_gonogo1_rest_002_00"", ""atten_dsr_VP007_gonogo1_rest_002_01"", ""atten_dsr_VP007_gonogo1_task_003_01"", ""atten_dsr_VP007_gonogo1_rest_003_00"", ""atten_dsr_VP007_gonogo1_rest_003_01"", ""atten_dsr_VP007_gonogo1_rest_004_01"", ""atten_dsr_VP007_gonogo1_task_005_01"", ""atten_dsr_VP007_gonogo1_rest_005_00"", ""atten_dsr_VP007_gonogo1_rest_005_01"", ""atten_dsr_VP007_gonogo1_task_006_00"", ""atten_dsr_VP007_gonogo1_task_006_01"", ""atten_dsr_VP007_gonogo1_rest_006_00"", ""atten_dsr_VP007_gonogo2_task_001_01"", ""atten_dsr_VP007_gonogo2_rest_001_00"", ""atten_dsr_VP007_gonogo2_task_002_00"", ""atten_dsr_VP007_gonogo2_task_002_01"", ""atten_dsr_VP007_gonogo2_rest_002_01"", ""atten_dsr_VP007_gonogo2_task_003_00"", ""atten_dsr_VP007_gonogo2_task_003_01"", ""atten_dsr_VP007_gonogo2_rest_003_00"", ""atten_dsr_VP007_gonogo2_task_004_00"", ""atten_dsr_VP007_gonogo2_rest_004_01"", ""atten_dsr_VP007_gonogo2_task_005_00"", ""atten_dsr_VP007_gonogo2_task_005_01"", ""atten_dsr_VP007_gonogo2_rest_005_00"", ""atten_dsr_VP007_gonogo2_rest_005_01"", ""atten_dsr_VP007_gonogo2_task_006_00"", ""atten_dsr_VP007_gonogo2_task_006_01"", ""atten_dsr_VP007_gonogo2_rest_006_01"", ""atten_dsr_VP007_gonogo3_rest_001_01"", ""atten_dsr_VP007_gonogo3_task_002_00"", ""atten_dsr_VP007_gonogo3_task_002_01"", ""atten_dsr_VP007_gonogo3_rest_002_01"", ""atten_dsr_VP007_gonogo3_task_003_01"", ""atten_dsr_VP007_gonogo3_rest_003_01"", ""atten_dsr_VP007_gonogo3_task_004_01"", ""atten_dsr_VP007_gonogo3_rest_004_00"", ""atten_dsr_VP007_gonogo3_rest_004_01"", ""atten_dsr_VP007_gonogo3_task_005_00"", ""atten_dsr_VP007_gonogo3_task_005_01"", ""atten_dsr_VP007_gonogo3_rest_005_01"", ""atten_dsr_VP007_gonogo3_task_006_00"", ""atten_dsr_VP007_gonogo3_task_006_01"", ""atten_dsr_VP007_gonogo3_rest_006_00"", ""atten_dsr_VP007_gonogo3_rest_006_01""]",True,,0.8609566184649611,56,0.8,0.7996794871794872,0.8019323671497585,0.8,0.6
VP007,2023,existing_head_adaptation,0.30,0.3055555555555556,22,50,"{""0"": 11, ""1"": 11}","{""0"": 25, ""1"": 25}","[""atten_dsr_VP007_gonogo1_task_002_00"", ""atten_dsr_VP007_gonogo1_task_003_00"", ""atten_dsr_VP007_gonogo1_task_004_00"", ""atten_dsr_VP007_gonogo1_task_004_01"", ""atten_dsr_VP007_gonogo1_rest_004_00"", ""atten_dsr_VP007_gonogo1_task_005_00"", ""atten_dsr_VP007_gonogo1_rest_006_01"", ""atten_dsr_VP007_gonogo2_task_001_00"", ""atten_dsr_VP007_gonogo2_rest_001_01"", ""atten_dsr_VP007_gonogo2_rest_002_00"", ""atten_dsr_VP007_gonogo2_rest_003_01"", ""atten_dsr_VP007_gonogo2_task_004_01"", ""atten_dsr_VP007_gonogo2_rest_004_00"", ""atten_dsr_VP007_gonogo2_rest_006_00"", ""atten_dsr_VP007_gonogo3_task_001_00"", ""atten_dsr_VP007_gonogo3_task_001_01"", ""atten_dsr_VP007_gonogo3_rest_001_00"", ""atten_dsr_VP007_gonogo3_rest_002_00"", ""atten_dsr_VP007_gonogo3_task_003_00"", ""atten_dsr_VP007_gonogo3_rest_003_00"", ""atten_dsr_VP007_gonogo3_task_004_00"", ""atten_dsr_VP007_gonogo3_rest_005_00""]","[""atten_dsr_VP007_gonogo1_task_001_00"", ""atten_dsr_VP007_gonogo1_task_001_01"", ""atten_dsr_VP007_gonogo1_rest_001_00"", ""atten_dsr_VP007_gonogo1_rest_001_01"", ""atten_dsr_VP007_gonogo1_task_002_01"", ""atten_dsr_VP007_gonogo1_rest_002_00"", ""atten_dsr_VP007_gonogo1_rest_002_01"", ""atten_dsr_VP007_gonogo1_task_003_01"", ""atten_dsr_VP007_gonogo1_rest_003_00"", ""atten_dsr_VP007_gonogo1_rest_003_01"", ""atten_dsr_VP007_gonogo1_rest_004_01"", ""atten_dsr_VP007_gonogo1_task_005_01"", ""atten_dsr_VP007_gonogo1_rest_005_00"", ""atten_dsr_VP007_gonogo1_rest_005_01"", ""atten_dsr_VP007_gonogo1_task_006_00"", ""atten_dsr_VP007_gonogo1_task_006_01"", ""atten_dsr_VP007_gonogo1_rest_006_00"", ""atten_dsr_VP007_gonogo2_task_001_01"", ""atten_dsr_VP007_gonogo2_rest_001_00"", ""atten_dsr_VP007_gonogo2_task_002_00"", ""atten_dsr_VP007_gonogo2_task_002_01"", ""atten_dsr_VP007_gonogo2_rest_002_01"", ""atten_dsr_VP007_gonogo2_task_003_00"", ""atten_dsr_VP007_gonogo2_task_003_01"", ""atten_dsr_VP007_gonogo2_rest_003_00"", ""atten_dsr_VP007_gonogo2_task_004_00"", ""atten_dsr_VP007_gonogo2_rest_004_01"", ""atten_dsr_VP007_gonogo2_task_005_00"", ""atten_dsr_VP007_gonogo2_task_005_01"", ""atten_dsr_VP007_gonogo2_rest_005_00"", ""atten_dsr_VP007_gonogo2_rest_005_01"", ""atten_dsr_VP007_gonogo2_task_006_00"", ""atten_dsr_VP007_gonogo2_task_006_01"", ""atten_dsr_VP007_gonogo2_rest_006_01"", ""atten_dsr_VP007_gonogo3_rest_001_01"", ""atten_dsr_VP007_gonogo3_task_002_00"", ""atten_dsr_VP007_gonogo3_task_002_01"", ""atten_dsr_VP007_gonogo3_rest_002_01"", ""atten_dsr_VP007_gonogo3_task_003_01"", ""atten_dsr_VP007_gonogo3_rest_003_01"", ""atten_dsr_VP007_gonogo3_task_004_01"", ""atten_dsr_VP007_gonogo3_rest_004_00"", ""atten_dsr_VP007_gonogo3_rest_004_01"", ""atten_dsr_VP007_gonogo3_task_005_00"", ""atten_dsr_VP007_gonogo3_task_005_01"", ""atten_dsr_VP007_gonogo3_rest_005_01"", ""atten_dsr_VP007_gonogo3_task_006_00"", ""atten_dsr_VP007_gonogo3_task_006_01"", ""atten_dsr_VP007_gonogo3_rest_006_00"", ""atten_dsr_VP007_gonogo3_rest_006_01""]",True,,0.8609566184649611,56,0.8,0.7996794871794872,0.8019323671497585,0.8,0.6
VP008,2023,source_only,0.30,0.3055555555555556,22,50,"{""0"": 11, ""1"": 11}","{""0"": 25, ""1"": 25}","[""atten_dsr_VP008_gonogo1_task_002_00"", ""atten_dsr_VP008_gonogo1_task_003_00"", ""atten_dsr_VP008_gonogo1_task_004_00"", ""atten_dsr_VP008_gonogo1_task_004_01"", ""atten_dsr_VP008_gonogo1_rest_004_00"", ""atten_dsr_VP008_gonogo1_task_005_00"", ""atten_dsr_VP008_gonogo1_rest_006_01"", ""atten_dsr_VP008_gonogo2_task_001_00"", ""atten_dsr_VP008_gonogo2_rest_001_01"", ""atten_dsr_VP008_gonogo2_rest_002_00"", ""atten_dsr_VP008_gonogo2_rest_003_01"", ""atten_dsr_VP008_gonogo2_task_004_01"", ""atten_dsr_VP008_gonogo2_rest_004_00"", ""atten_dsr_VP008_gonogo2_rest_006_00"", ""atten_dsr_VP008_gonogo3_task_001_00"", ""atten_dsr_VP008_gonogo3_task_001_01"", ""atten_dsr_VP008_gonogo3_rest_001_00"", ""atten_dsr_VP008_gonogo3_rest_002_00"", ""atten_dsr_VP008_gonogo3_task_003_00"", ""atten_dsr_VP008_gonogo3_rest_003_00"", ""atten_dsr_VP008_gonogo3_task_004_00"", ""atten_dsr_VP008_gonogo3_rest_005_00""]","[""atten_dsr_VP008_gonogo1_task_001_00"", ""atten_dsr_VP008_gonogo1_task_001_01"", ""atten_dsr_VP008_gonogo1_rest_001_00"", ""atten_dsr_VP008_gonogo1_rest_001_01"", ""atten_dsr_VP008_gonogo1_task_002_01"", ""atten_dsr_VP008_gonogo1_rest_002_00"", ""atten_dsr_VP008_gonogo1_rest_002_01"", ""atten_dsr_VP008_gonogo1_task_003_01"", ""atten_dsr_VP008_gonogo1_rest_003_00"", ""atten_dsr_VP008_gonogo1_rest_003_01"", ""atten_dsr_VP008_gonogo1_rest_004_01"", ""atten_dsr_VP008_gonogo1_task_005_01"", ""atten_dsr_VP008_gonogo1_rest_005_00"", ""atten_dsr_VP008_gonogo1_rest_005_01"", ""atten_dsr_VP008_gonogo1_task_006_00"", ""atten_dsr_VP008_gonogo1_task_006_01"", ""atten_dsr_VP008_gonogo1_rest_006_00"", ""atten_dsr_VP008_gonogo2_task_001_01"", ""atten_dsr_VP008_gonogo2_rest_001_00"", ""atten_dsr_VP008_gonogo2_task_002_00"", ""atten_dsr_VP008_gonogo2_task_002_01"", ""atten_dsr_VP008_gonogo2_rest_002_01"", ""atten_dsr_VP008_gonogo2_task_003_00"", ""atten_dsr_VP008_gonogo2_task_003_01"", ""atten_dsr_VP008_gonogo2_rest_003_00"", ""atten_dsr_VP008_gonogo2_task_004_00"", ""atten_dsr_VP008_gonogo2_rest_004_01"", ""atten_dsr_VP008_gonogo2_task_005_00"", ""atten_dsr_VP008_gonogo2_task_005_01"", ""atten_dsr_VP008_gonogo2_rest_005_00"", ""atten_dsr_VP008_gonogo2_rest_005_01"", ""atten_dsr_VP008_gonogo2_task_006_00"", ""atten_dsr_VP008_gonogo2_task_006_01"", ""atten_dsr_VP008_gonogo2_rest_006_01"", ""atten_dsr_VP008_gonogo3_rest_001_01"", ""atten_dsr_VP008_gonogo3_task_002_00"", ""atten_dsr_VP008_gonogo3_task_002_01"", ""atten_dsr_VP008_gonogo3_rest_002_01"", ""atten_dsr_VP008_gonogo3_task_003_01"", ""atten_dsr_VP008_gonogo3_rest_003_01"", ""atten_dsr_VP008_gonogo3_task_004_01"", ""atten_dsr_VP008_gonogo3_rest_004_00"", ""atten_dsr_VP008_gonogo3_rest_004_01"", ""atten_dsr_VP008_gonogo3_task_005_00"", ""atten_dsr_VP008_gonogo3_task_005_01"", ""atten_dsr_VP008_gonogo3_rest_005_01"", ""atten_dsr_VP008_gonogo3_task_006_00"", ""atten_dsr_VP008_gonogo3_task_006_01"", ""atten_dsr_VP008_gonogo3_rest_006_00"", ""atten_dsr_VP008_gonogo3_rest_006_01""]",True,,0.852640196479738,53,0.9,0.898989898989899,0.9166666666666667,0.9,0.8
VP008,2023,existing_head_adaptation,0.30,0.3055555555555556,22,50,"{""0"": 11, ""1"": 11}","{""0"": 25, ""1"": 25}","[""atten_dsr_VP008_gonogo1_task_002_00"", ""atten_dsr_VP008_gonogo1_task_003_00"", ""atten_dsr_VP008_gonogo1_task_004_00"", ""atten_dsr_VP008_gonogo1_task_004_01"", ""atten_dsr_VP008_gonogo1_rest_004_00"", ""atten_dsr_VP008_gonogo1_task_005_00"", ""atten_dsr_VP008_gonogo1_rest_006_01"", ""atten_dsr_VP008_gonogo2_task_001_00"", ""atten_dsr_VP008_gonogo2_rest_001_01"", ""atten_dsr_VP008_gonogo2_rest_002_00"", ""atten_dsr_VP008_gonogo2_rest_003_01"", ""atten_dsr_VP008_gonogo2_task_004_01"", ""atten_dsr_VP008_gonogo2_rest_004_00"", ""atten_dsr_VP008_gonogo2_rest_006_00"", ""atten_dsr_VP008_gonogo3_task_001_00"", ""atten_dsr_VP008_gonogo3_task_001_01"", ""atten_dsr_VP008_gonogo3_rest_001_00"", ""atten_dsr_VP008_gonogo3_rest_002_00"", ""atten_dsr_VP008_gonogo3_task_003_00"", ""atten_dsr_VP008_gonogo3_rest_003_00"", ""atten_dsr_VP008_gonogo3_task_004_00"", ""atten_dsr_VP008_gonogo3_rest_005_00""]","[""atten_dsr_VP008_gonogo1_task_001_00"", ""atten_dsr_VP008_gonogo1_task_001_01"", ""atten_dsr_VP008_gonogo1_rest_001_00"", ""atten_dsr_VP008_gonogo1_rest_001_01"", ""atten_dsr_VP008_gonogo1_task_002_01"", ""atten_dsr_VP008_gonogo1_rest_002_00"", ""atten_dsr_VP008_gonogo1_rest_002_01"", ""atten_dsr_VP008_gonogo1_task_003_01"", ""atten_dsr_VP008_gonogo1_rest_003_00"", ""atten_dsr_VP008_gonogo1_rest_003_01"", ""atten_dsr_VP008_gonogo1_rest_004_01"", ""atten_dsr_VP008_gonogo1_task_005_01"", ""atten_dsr_VP008_gonogo1_rest_005_00"", ""atten_dsr_VP008_gonogo1_rest_005_01"", ""atten_dsr_VP008_gonogo1_task_006_00"", ""atten_dsr_VP008_gonogo1_task_006_01"", ""atten_dsr_VP008_gonogo1_rest_006_00"", ""atten_dsr_VP008_gonogo2_task_001_01"", ""atten_dsr_VP008_gonogo2_rest_001_00"", ""atten_dsr_VP008_gonogo2_task_002_00"", ""atten_dsr_VP008_gonogo2_task_002_01"", ""atten_dsr_VP008_gonogo2_rest_002_01"", ""atten_dsr_VP008_gonogo2_task_003_00"", ""atten_dsr_VP008_gonogo2_task_003_01"", ""atten_dsr_VP008_gonogo2_rest_003_00"", ""atten_dsr_VP008_gonogo2_task_004_00"", ""atten_dsr_VP008_gonogo2_rest_004_01"", ""atten_dsr_VP008_gonogo2_task_005_00"", ""atten_dsr_VP008_gonogo2_task_005_01"", ""atten_dsr_VP008_gonogo2_rest_005_00"", ""atten_dsr_VP008_gonogo2_rest_005_01"", ""atten_dsr_VP008_gonogo2_task_006_00"", ""atten_dsr_VP008_gonogo2_task_006_01"", ""atten_dsr_VP008_gonogo2_rest_006_01"", ""atten_dsr_VP008_gonogo3_rest_001_01"", ""atten_dsr_VP008_gonogo3_task_002_00"", ""atten_dsr_VP008_gonogo3_task_002_01"", ""atten_dsr_VP008_gonogo3_rest_002_01"", ""atten_dsr_VP008_gonogo3_task_003_01"", ""atten_dsr_VP008_gonogo3_rest_003_01"", ""atten_dsr_VP008_gonogo3_task_004_01"", ""atten_dsr_VP008_gonogo3_rest_004_00"", ""atten_dsr_VP008_gonogo3_rest_004_01"", ""atten_dsr_VP008_gonogo3_task_005_00"", ""atten_dsr_VP008_gonogo3_task_005_01"", ""atten_dsr_VP008_gonogo3_rest_005_01"", ""atten_dsr_VP008_gonogo3_task_006_00"", ""atten_dsr_VP008_gonogo3_task_006_01"", ""atten_dsr_VP008_gonogo3_rest_006_00"", ""atten_dsr_VP008_gonogo3_rest_006_01""]",True,,0.852640196479738,53,0.9,0.898989898989899,0.9166666666666667,0.9,0.8
VP009,2023,source_only,0.30,0.3055555555555556,22,50,"{""0"": 11, ""1"": 11}","{""0"": 25, ""1"": 25}","[""atten_dsr_VP009_gonogo1_task_002_00"", ""atten_dsr_VP009_gonogo1_task_003_00"", ""atten_dsr_VP009_gonogo1_task_004_00"", ""atten_dsr_VP009_gonogo1_task_004_01"", ""atten_dsr_VP009_gonogo1_rest_004_00"", ""atten_dsr_VP009_gonogo1_task_005_00"", ""atten_dsr_VP009_gonogo1_rest_006_01"", ""atten_dsr_VP009_gonogo2_task_001_00"", ""atten_dsr_VP009_gonogo2_rest_001_01"", ""atten_dsr_VP009_gonogo2_rest_002_00"", ""atten_dsr_VP009_gonogo2_rest_003_01"", ""atten_dsr_VP009_gonogo2_task_004_01"", ""atten_dsr_VP009_gonogo2_rest_004_00"", ""atten_dsr_VP009_gonogo2_rest_006_00"", ""atten_dsr_VP009_gonogo3_task_001_00"", ""atten_dsr_VP009_gonogo3_task_001_01"", ""atten_dsr_VP009_gonogo3_rest_001_00"", ""atten_dsr_VP009_gonogo3_rest_002_00"", ""atten_dsr_VP009_gonogo3_task_003_00"", ""atten_dsr_VP009_gonogo3_rest_003_00"", ""atten_dsr_VP009_gonogo3_task_004_00"", ""atten_dsr_VP009_gonogo3_rest_005_00""]","[""atten_dsr_VP009_gonogo1_task_001_00"", ""atten_dsr_VP009_gonogo1_task_001_01"", ""atten_dsr_VP009_gonogo1_rest_001_00"", ""atten_dsr_VP009_gonogo1_rest_001_01"", ""atten_dsr_VP009_gonogo1_task_002_01"", ""atten_dsr_VP009_gonogo1_rest_002_00"", ""atten_dsr_VP009_gonogo1_rest_002_01"", ""atten_dsr_VP009_gonogo1_task_003_01"", ""atten_dsr_VP009_gonogo1_rest_003_00"", ""atten_dsr_VP009_gonogo1_rest_003_01"", ""atten_dsr_VP009_gonogo1_rest_004_01"", ""atten_dsr_VP009_gonogo1_task_005_01"", ""atten_dsr_VP009_gonogo1_rest_005_00"", ""atten_dsr_VP009_gonogo1_rest_005_01"", ""atten_dsr_VP009_gonogo1_task_006_00"", ""atten_dsr_VP009_gonogo1_task_006_01"", ""atten_dsr_VP009_gonogo1_rest_006_00"", ""atten_dsr_VP009_gonogo2_task_001_01"", ""atten_dsr_VP009_gonogo2_rest_001_00"", ""atten_dsr_VP009_gonogo2_task_002_00"", ""atten_dsr_VP009_gonogo2_task_002_01"", ""atten_dsr_VP009_gonogo2_rest_002_01"", ""atten_dsr_VP009_gonogo2_task_003_00"", ""atten_dsr_VP009_gonogo2_task_003_01"", ""atten_dsr_VP009_gonogo2_rest_003_00"", ""atten_dsr_VP009_gonogo2_task_004_00"", ""atten_dsr_VP009_gonogo2_rest_004_01"", ""atten_dsr_VP009_gonogo2_task_005_00"", ""atten_dsr_VP009_gonogo2_task_005_01"", ""atten_dsr_VP009_gonogo2_rest_005_00"", ""atten_dsr_VP009_gonogo2_rest_005_01"", ""atten_dsr_VP009_gonogo2_task_006_00"", ""atten_dsr_VP009_gonogo2_task_006_01"", ""atten_dsr_VP009_gonogo2_rest_006_01"", ""atten_dsr_VP009_gonogo3_rest_001_01"", ""atten_dsr_VP009_gonogo3_task_002_00"", ""atten_dsr_VP009_gonogo3_task_002_01"", ""atten_dsr_VP009_gonogo3_rest_002_01"", ""atten_dsr_VP009_gonogo3_task_003_01"", ""atten_dsr_VP009_gonogo3_rest_003_01"", ""atten_dsr_VP009_gonogo3_task_004_01"", ""atten_dsr_VP009_gonogo3_rest_004_00"", ""atten_dsr_VP009_gonogo3_rest_004_01"", ""atten_dsr_VP009_gonogo3_task_005_00"", ""atten_dsr_VP009_gonogo3_task_005_01"", ""atten_dsr_VP009_gonogo3_rest_005_01"", ""atten_dsr_VP009_gonogo3_task_006_00"", ""atten_dsr_VP009_gonogo3_task_006_01"", ""atten_dsr_VP009_gonogo3_rest_006_00"", ""atten_dsr_VP009_gonogo3_rest_006_01""]",True,,0.852685706344243,91,0.78,0.7688104245481295,0.8472222222222222,0.78,0.56
VP009,2023,existing_head_adaptation,0.30,0.3055555555555556,22,50,"{""0"": 11, ""1"": 11}","{""0"": 25, ""1"": 25}","[""atten_dsr_VP009_gonogo1_task_002_00"", ""atten_dsr_VP009_gonogo1_task_003_00"", ""atten_dsr_VP009_gonogo1_task_004_00"", ""atten_dsr_VP009_gonogo1_task_004_01"", ""atten_dsr_VP009_gonogo1_rest_004_00"", ""atten_dsr_VP009_gonogo1_task_005_00"", ""atten_dsr_VP009_gonogo1_rest_006_01"", ""atten_dsr_VP009_gonogo2_task_001_00"", ""atten_dsr_VP009_gonogo2_rest_001_01"", ""atten_dsr_VP009_gonogo2_rest_002_00"", ""atten_dsr_VP009_gonogo2_rest_003_01"", ""atten_dsr_VP009_gonogo2_task_004_01"", ""atten_dsr_VP009_gonogo2_rest_004_00"", ""atten_dsr_VP009_gonogo2_rest_006_00"", ""atten_dsr_VP009_gonogo3_task_001_00"", ""atten_dsr_VP009_gonogo3_task_001_01"", ""atten_dsr_VP009_gonogo3_rest_001_00"", ""atten_dsr_VP009_gonogo3_rest_002_00"", ""atten_dsr_VP009_gonogo3_task_003_00"", ""atten_dsr_VP009_gonogo3_rest_003_00"", ""atten_dsr_VP009_gonogo3_task_004_00"", ""atten_dsr_VP009_gonogo3_rest_005_00""]","[""atten_dsr_VP009_gonogo1_task_001_00"", ""atten_dsr_VP009_gonogo1_task_001_01"", ""atten_dsr_VP009_gonogo1_rest_001_00"", ""atten_dsr_VP009_gonogo1_rest_001_01"", ""atten_dsr_VP009_gonogo1_task_002_01"", ""atten_dsr_VP009_gonogo1_rest_002_00"", ""atten_dsr_VP009_gonogo1_rest_002_01"", ""atten_dsr_VP009_gonogo1_task_003_01"", ""atten_dsr_VP009_gonogo1_rest_003_00"", ""atten_dsr_VP009_gonogo1_rest_003_01"", ""atten_dsr_VP009_gonogo1_rest_004_01"", ""atten_dsr_VP009_gonogo1_task_005_01"", ""atten_dsr_VP009_gonogo1_rest_005_00"", ""atten_dsr_VP009_gonogo1_rest_005_01"", ""atten_dsr_VP009_gonogo1_task_006_00"", ""atten_dsr_VP009_gonogo1_task_006_01"", ""atten_dsr_VP009_gonogo1_rest_006_00"", ""atten_dsr_VP009_gonogo2_task_001_01"", ""atten_dsr_VP009_gonogo2_rest_001_00"", ""atten_dsr_VP009_gonogo2_task_002_00"", ""atten_dsr_VP009_gonogo2_task_002_01"", ""atten_dsr_VP009_gonogo2_rest_002_01"", ""atten_dsr_VP009_gonogo2_task_003_00"", ""atten_dsr_VP009_gonogo2_task_003_01"", ""atten_dsr_VP009_gonogo2_rest_003_00"", ""atten_dsr_VP009_gonogo2_task_004_00"", ""atten_dsr_VP009_gonogo2_rest_004_01"", ""atten_dsr_VP009_gonogo2_task_005_00"", ""atten_dsr_VP009_gonogo2_task_005_01"", ""atten_dsr_VP009_gonogo2_rest_005_00"", ""atten_dsr_VP009_gonogo2_rest_005_01"", ""atten_dsr_VP009_gonogo2_task_006_00"", ""atten_dsr_VP009_gonogo2_task_006_01"", ""atten_dsr_VP009_gonogo2_rest_006_01"", ""atten_dsr_VP009_gonogo3_rest_001_01"", ""atten_dsr_VP009_gonogo3_task_002_00"", ""atten_dsr_VP009_gonogo3_task_002_01"", ""atten_dsr_VP009_gonogo3_rest_002_01"", ""atten_dsr_VP009_gonogo3_task_003_01"", ""atten_dsr_VP009_gonogo3_rest_003_01"", ""atten_dsr_VP009_gonogo3_task_004_01"", ""atten_dsr_VP009_gonogo3_rest_004_00"", ""atten_dsr_VP009_gonogo3_rest_004_01"", ""atten_dsr_VP009_gonogo3_task_005_00"", ""atten_dsr_VP009_gonogo3_task_005_01"", ""atten_dsr_VP009_gonogo3_rest_005_01"", ""atten_dsr_VP009_gonogo3_task_006_00"", ""atten_dsr_VP009_gonogo3_task_006_01"", ""atten_dsr_VP009_gonogo3_rest_006_00"", ""atten_dsr_VP009_gonogo3_rest_006_01""]",True,,0.852685706344243,91,0.8,0.7916666666666667,0.8571428571428572,0.8,0.6
VP010,2023,source_only,0.30,0.3055555555555556,22,50,"{""0"": 11, ""1"": 11}","{""0"": 25, ""1"": 25}","[""atten_dsr_VP010_gonogo1_task_002_00"", ""atten_dsr_VP010_gonogo1_task_003_00"", ""atten_dsr_VP010_gonogo1_task_004_00"", ""atten_dsr_VP010_gonogo1_task_004_01"", ""atten_dsr_VP010_gonogo1_rest_004_00"", ""atten_dsr_VP010_gonogo1_task_005_00"", ""atten_dsr_VP010_gonogo1_rest_006_01"", ""atten_dsr_VP010_gonogo2_task_001_00"", ""atten_dsr_VP010_gonogo2_rest_001_01"", ""atten_dsr_VP010_gonogo2_rest_002_00"", ""atten_dsr_VP010_gonogo2_rest_003_01"", ""atten_dsr_VP010_gonogo2_task_004_01"", ""atten_dsr_VP010_gonogo2_rest_004_00"", ""atten_dsr_VP010_gonogo2_rest_006_00"", ""atten_dsr_VP010_gonogo3_task_001_00"", ""atten_dsr_VP010_gonogo3_task_001_01"", ""atten_dsr_VP010_gonogo3_rest_001_00"", ""atten_dsr_VP010_gonogo3_rest_002_00"", ""atten_dsr_VP010_gonogo3_task_003_00"", ""atten_dsr_VP010_gonogo3_rest_003_00"", ""atten_dsr_VP010_gonogo3_task_004_00"", ""atten_dsr_VP010_gonogo3_rest_005_00""]","[""atten_dsr_VP010_gonogo1_task_001_00"", ""atten_dsr_VP010_gonogo1_task_001_01"", ""atten_dsr_VP010_gonogo1_rest_001_00"", ""atten_dsr_VP010_gonogo1_rest_001_01"", ""atten_dsr_VP010_gonogo1_task_002_01"", ""atten_dsr_VP010_gonogo1_rest_002_00"", ""atten_dsr_VP010_gonogo1_rest_002_01"", ""atten_dsr_VP010_gonogo1_task_003_01"", ""atten_dsr_VP010_gonogo1_rest_003_00"", ""atten_dsr_VP010_gonogo1_rest_003_01"", ""atten_dsr_VP010_gonogo1_rest_004_01"", ""atten_dsr_VP010_gonogo1_task_005_01"", ""atten_dsr_VP010_gonogo1_rest_005_00"", ""atten_dsr_VP010_gonogo1_rest_005_01"", ""atten_dsr_VP010_gonogo1_task_006_00"", ""atten_dsr_VP010_gonogo1_task_006_01"", ""atten_dsr_VP010_gonogo1_rest_006_00"", ""atten_dsr_VP010_gonogo2_task_001_01"", ""atten_dsr_VP010_gonogo2_rest_001_00"", ""atten_dsr_VP010_gonogo2_task_002_00"", ""atten_dsr_VP010_gonogo2_task_002_01"", ""atten_dsr_VP010_gonogo2_rest_002_01"", ""atten_dsr_VP010_gonogo2_task_003_00"", ""atten_dsr_VP010_gonogo2_task_003_01"", ""atten_dsr_VP010_gonogo2_rest_003_00"", ""atten_dsr_VP010_gonogo2_task_004_00"", ""atten_dsr_VP010_gonogo2_rest_004_01"", ""atten_dsr_VP010_gonogo2_task_005_00"", ""atten_dsr_VP010_gonogo2_task_005_01"", ""atten_dsr_VP010_gonogo2_rest_005_00"", ""atten_dsr_VP010_gonogo2_rest_005_01"", ""atten_dsr_VP010_gonogo2_task_006_00"", ""atten_dsr_VP010_gonogo2_task_006_01"", ""atten_dsr_VP010_gonogo2_rest_006_01"", ""atten_dsr_VP010_gonogo3_rest_001_01"", ""atten_dsr_VP010_gonogo3_task_002_00"", ""atten_dsr_VP010_gonogo3_task_002_01"", ""atten_dsr_VP010_gonogo3_rest_002_01"", ""atten_dsr_VP010_gonogo3_task_003_01"", ""atten_dsr_VP010_gonogo3_rest_003_01"", ""atten_dsr_VP010_gonogo3_task_004_01"", ""atten_dsr_VP010_gonogo3_rest_004_00"", ""atten_dsr_VP010_gonogo3_rest_004_01"", ""atten_dsr_VP010_gonogo3_task_005_00"", ""atten_dsr_VP010_gonogo3_task_005_01"", ""atten_dsr_VP010_gonogo3_rest_005_01"", ""atten_dsr_VP010_gonogo3_task_006_00"", ""atten_dsr_VP010_gonogo3_task_006_01"", ""atten_dsr_VP010_gonogo3_rest_006_00"", ""atten_dsr_VP010_gonogo3_rest_006_01""]",True,,0.8611111111111112,52,0.64,0.5989304812834224,0.7371273712737128,0.64,0.28
VP010,2023,existing_head_adaptation,0.30,0.3055555555555556,22,50,"{""0"": 11, ""1"": 11}","{""0"": 25, ""1"": 25}","[""atten_dsr_VP010_gonogo1_task_002_00"", ""atten_dsr_VP010_gonogo1_task_003_00"", ""atten_dsr_VP010_gonogo1_task_004_00"", ""atten_dsr_VP010_gonogo1_task_004_01"", ""atten_dsr_VP010_gonogo1_rest_004_00"", ""atten_dsr_VP010_gonogo1_task_005_00"", ""atten_dsr_VP010_gonogo1_rest_006_01"", ""atten_dsr_VP010_gonogo2_task_001_00"", ""atten_dsr_VP010_gonogo2_rest_001_01"", ""atten_dsr_VP010_gonogo2_rest_002_00"", ""atten_dsr_VP010_gonogo2_rest_003_01"", ""atten_dsr_VP010_gonogo2_task_004_01"", ""atten_dsr_VP010_gonogo2_rest_004_00"", ""atten_dsr_VP010_gonogo2_rest_006_00"", ""atten_dsr_VP010_gonogo3_task_001_00"", ""atten_dsr_VP010_gonogo3_task_001_01"", ""atten_dsr_VP010_gonogo3_rest_001_00"", ""atten_dsr_VP010_gonogo3_rest_002_00"", ""atten_dsr_VP010_gonogo3_task_003_00"", ""atten_dsr_VP010_gonogo3_rest_003_00"", ""atten_dsr_VP010_gonogo3_task_004_00"", ""atten_dsr_VP010_gonogo3_rest_005_00""]","[""atten_dsr_VP010_gonogo1_task_001_00"", ""atten_dsr_VP010_gonogo1_task_001_01"", ""atten_dsr_VP010_gonogo1_rest_001_00"", ""atten_dsr_VP010_gonogo1_rest_001_01"", ""atten_dsr_VP010_gonogo1_task_002_01"", ""atten_dsr_VP010_gonogo1_rest_002_00"", ""atten_dsr_VP010_gonogo1_rest_002_01"", ""atten_dsr_VP010_gonogo1_task_003_01"", ""atten_dsr_VP010_gonogo1_rest_003_00"", ""atten_dsr_VP010_gonogo1_rest_003_01"", ""atten_dsr_VP010_gonogo1_rest_004_01"", ""atten_dsr_VP010_gonogo1_task_005_01"", ""atten_dsr_VP010_gonogo1_rest_005_00"", ""atten_dsr_VP010_gonogo1_rest_005_01"", ""atten_dsr_VP010_gonogo1_task_006_00"", ""atten_dsr_VP010_gonogo1_task_006_01"", ""atten_dsr_VP010_gonogo1_rest_006_00"", ""atten_dsr_VP010_gonogo2_task_001_01"", ""atten_dsr_VP010_gonogo2_rest_001_00"", ""atten_dsr_VP010_gonogo2_task_002_00"", ""atten_dsr_VP010_gonogo2_task_002_01"", ""atten_dsr_VP010_gonogo2_rest_002_01"", ""atten_dsr_VP010_gonogo2_task_003_00"", ""atten_dsr_VP010_gonogo2_task_003_01"", ""atten_dsr_VP010_gonogo2_rest_003_00"", ""atten_dsr_VP010_gonogo2_task_004_00"", ""atten_dsr_VP010_gonogo2_rest_004_01"", ""atten_dsr_VP010_gonogo2_task_005_00"", ""atten_dsr_VP010_gonogo2_task_005_01"", ""atten_dsr_VP010_gonogo2_rest_005_00"", ""atten_dsr_VP010_gonogo2_rest_005_01"", ""atten_dsr_VP010_gonogo2_task_006_00"", ""atten_dsr_VP010_gonogo2_task_006_01"", ""atten_dsr_VP010_gonogo2_rest_006_01"", ""atten_dsr_VP010_gonogo3_rest_001_01"", ""atten_dsr_VP010_gonogo3_task_002_00"", ""atten_dsr_VP010_gonogo3_task_002_01"", ""atten_dsr_VP010_gonogo3_rest_002_01"", ""atten_dsr_VP010_gonogo3_task_003_01"", ""atten_dsr_VP010_gonogo3_rest_003_01"", ""atten_dsr_VP010_gonogo3_task_004_01"", ""atten_dsr_VP010_gonogo3_rest_004_00"", ""atten_dsr_VP010_gonogo3_rest_004_01"", ""atten_dsr_VP010_gonogo3_task_005_00"", ""atten_dsr_VP010_gonogo3_task_005_01"", ""atten_dsr_VP010_gonogo3_rest_005_01"", ""atten_dsr_VP010_gonogo3_task_006_00"", ""atten_dsr_VP010_gonogo3_task_006_01"", ""atten_dsr_VP010_gonogo3_rest_006_00"", ""atten_dsr_VP010_gonogo3_rest_006_01""]",True,,0.8611111111111112,52,0.64,0.5989304812834224,0.7371273712737128,0.64,0.28
VP011,2023,source_only,0.30,0.3055555555555556,22,50,"{""0"": 11, ""1"": 11}","{""0"": 25, ""1"": 25}","[""atten_dsr_VP011_gonogo1_task_002_00"", ""atten_dsr_VP011_gonogo1_task_003_00"", ""atten_dsr_VP011_gonogo1_task_004_00"", ""atten_dsr_VP011_gonogo1_task_004_01"", ""atten_dsr_VP011_gonogo1_rest_004_00"", ""atten_dsr_VP011_gonogo1_task_005_00"", ""atten_dsr_VP011_gonogo1_rest_006_01"", ""atten_dsr_VP011_gonogo2_task_001_00"", ""atten_dsr_VP011_gonogo2_rest_001_01"", ""atten_dsr_VP011_gonogo2_rest_002_00"", ""atten_dsr_VP011_gonogo2_rest_003_01"", ""atten_dsr_VP011_gonogo2_task_004_01"", ""atten_dsr_VP011_gonogo2_rest_004_00"", ""atten_dsr_VP011_gonogo2_rest_006_00"", ""atten_dsr_VP011_gonogo3_task_001_00"", ""atten_dsr_VP011_gonogo3_task_001_01"", ""atten_dsr_VP011_gonogo3_rest_001_00"", ""atten_dsr_VP011_gonogo3_rest_002_00"", ""atten_dsr_VP011_gonogo3_task_003_00"", ""atten_dsr_VP011_gonogo3_rest_003_00"", ""atten_dsr_VP011_gonogo3_task_004_00"", ""atten_dsr_VP011_gonogo3_rest_005_00""]","[""atten_dsr_VP011_gonogo1_task_001_00"", ""atten_dsr_VP011_gonogo1_task_001_01"", ""atten_dsr_VP011_gonogo1_rest_001_00"", ""atten_dsr_VP011_gonogo1_rest_001_01"", ""atten_dsr_VP011_gonogo1_task_002_01"", ""atten_dsr_VP011_gonogo1_rest_002_00"", ""atten_dsr_VP011_gonogo1_rest_002_01"", ""atten_dsr_VP011_gonogo1_task_003_01"", ""atten_dsr_VP011_gonogo1_rest_003_00"", ""atten_dsr_VP011_gonogo1_rest_003_01"", ""atten_dsr_VP011_gonogo1_rest_004_01"", ""atten_dsr_VP011_gonogo1_task_005_01"", ""atten_dsr_VP011_gonogo1_rest_005_00"", ""atten_dsr_VP011_gonogo1_rest_005_01"", ""atten_dsr_VP011_gonogo1_task_006_00"", ""atten_dsr_VP011_gonogo1_task_006_01"", ""atten_dsr_VP011_gonogo1_rest_006_00"", ""atten_dsr_VP011_gonogo2_task_001_01"", ""atten_dsr_VP011_gonogo2_rest_001_00"", ""atten_dsr_VP011_gonogo2_task_002_00"", ""atten_dsr_VP011_gonogo2_task_002_01"", ""atten_dsr_VP011_gonogo2_rest_002_01"", ""atten_dsr_VP011_gonogo2_task_003_00"", ""atten_dsr_VP011_gonogo2_task_003_01"", ""atten_dsr_VP011_gonogo2_rest_003_00"", ""atten_dsr_VP011_gonogo2_task_004_00"", ""atten_dsr_VP011_gonogo2_rest_004_01"", ""atten_dsr_VP011_gonogo2_task_005_00"", ""atten_dsr_VP011_gonogo2_task_005_01"", ""atten_dsr_VP011_gonogo2_rest_005_00"", ""atten_dsr_VP011_gonogo2_rest_005_01"", ""atten_dsr_VP011_gonogo2_task_006_00"", ""atten_dsr_VP011_gonogo2_task_006_01"", ""atten_dsr_VP011_gonogo2_rest_006_01"", ""atten_dsr_VP011_gonogo3_rest_001_01"", ""atten_dsr_VP011_gonogo3_task_002_00"", ""atten_dsr_VP011_gonogo3_task_002_01"", ""atten_dsr_VP011_gonogo3_rest_002_01"", ""atten_dsr_VP011_gonogo3_task_003_01"", ""atten_dsr_VP011_gonogo3_rest_003_01"", ""atten_dsr_VP011_gonogo3_task_004_01"", ""atten_dsr_VP011_gonogo3_rest_004_00"", ""atten_dsr_VP011_gonogo3_rest_004_01"", ""atten_dsr_VP011_gonogo3_task_005_00"", ""atten_dsr_VP011_gonogo3_task_005_01"", ""atten_dsr_VP011_gonogo3_rest_005_01"", ""atten_dsr_VP011_gonogo3_task_006_00"", ""atten_dsr_VP011_gonogo3_task_006_01"", ""atten_dsr_VP011_gonogo3_rest_006_00"", ""atten_dsr_VP011_gonogo3_rest_006_01""]",True,,0.880443932992995,71,0.74,0.7348021215830274,0.7604166666666667,0.74,0.48
VP011,2023,existing_head_adaptation,0.30,0.3055555555555556,22,50,"{""0"": 11, ""1"": 11}","{""0"": 25, ""1"": 25}","[""atten_dsr_VP011_gonogo1_task_002_00"", ""atten_dsr_VP011_gonogo1_task_003_00"", ""atten_dsr_VP011_gonogo1_task_004_00"", ""atten_dsr_VP011_gonogo1_task_004_01"", ""atten_dsr_VP011_gonogo1_rest_004_00"", ""atten_dsr_VP011_gonogo1_task_005_00"", ""atten_dsr_VP011_gonogo1_rest_006_01"", ""atten_dsr_VP011_gonogo2_task_001_00"", ""atten_dsr_VP011_gonogo2_rest_001_01"", ""atten_dsr_VP011_gonogo2_rest_002_00"", ""atten_dsr_VP011_gonogo2_rest_003_01"", ""atten_dsr_VP011_gonogo2_task_004_01"", ""atten_dsr_VP011_gonogo2_rest_004_00"", ""atten_dsr_VP011_gonogo2_rest_006_00"", ""atten_dsr_VP011_gonogo3_task_001_00"", ""atten_dsr_VP011_gonogo3_task_001_01"", ""atten_dsr_VP011_gonogo3_rest_001_00"", ""atten_dsr_VP011_gonogo3_rest_002_00"", ""atten_dsr_VP011_gonogo3_task_003_00"", ""atten_dsr_VP011_gonogo3_rest_003_00"", ""atten_dsr_VP011_gonogo3_task_004_00"", ""atten_dsr_VP011_gonogo3_rest_005_00""]","[""atten_dsr_VP011_gonogo1_task_001_00"", ""atten_dsr_VP011_gonogo1_task_001_01"", ""atten_dsr_VP011_gonogo1_rest_001_00"", ""atten_dsr_VP011_gonogo1_rest_001_01"", ""atten_dsr_VP011_gonogo1_task_002_01"", ""atten_dsr_VP011_gonogo1_rest_002_00"", ""atten_dsr_VP011_gonogo1_rest_002_01"", ""atten_dsr_VP011_gonogo1_task_003_01"", ""atten_dsr_VP011_gonogo1_rest_003_00"", ""atten_dsr_VP011_gonogo1_rest_003_01"", ""atten_dsr_VP011_gonogo1_rest_004_01"", ""atten_dsr_VP011_gonogo1_task_005_01"", ""atten_dsr_VP011_gonogo1_rest_005_00"", ""atten_dsr_VP011_gonogo1_rest_005_01"", ""atten_dsr_VP011_gonogo1_task_006_00"", ""atten_dsr_VP011_gonogo1_task_006_01"", ""atten_dsr_VP011_gonogo1_rest_006_00"", ""atten_dsr_VP011_gonogo2_task_001_01"", ""atten_dsr_VP011_gonogo2_rest_001_00"", ""atten_dsr_VP011_gonogo2_task_002_00"", ""atten_dsr_VP011_gonogo2_task_002_01"", ""atten_dsr_VP011_gonogo2_rest_002_01"", ""atten_dsr_VP011_gonogo2_task_003_00"", ""atten_dsr_VP011_gonogo2_task_003_01"", ""atten_dsr_VP011_gonogo2_rest_003_00"", ""atten_dsr_VP011_gonogo2_task_004_00"", ""atten_dsr_VP011_gonogo2_rest_004_01"", ""atten_dsr_VP011_gonogo2_task_005_00"", ""atten_dsr_VP011_gonogo2_task_005_01"", ""atten_dsr_VP011_gonogo2_rest_005_00"", ""atten_dsr_VP011_gonogo2_rest_005_01"", ""atten_dsr_VP011_gonogo2_task_006_00"", ""atten_dsr_VP011_gonogo2_task_006_01"", ""atten_dsr_VP011_gonogo2_rest_006_01"", ""atten_dsr_VP011_gonogo3_rest_001_01"", ""atten_dsr_VP011_gonogo3_task_002_00"", ""atten_dsr_VP011_gonogo3_task_002_01"", ""atten_dsr_VP011_gonogo3_rest_002_01"", ""atten_dsr_VP011_gonogo3_task_003_01"", ""atten_dsr_VP011_gonogo3_rest_003_01"", ""atten_dsr_VP011_gonogo3_task_004_01"", ""atten_dsr_VP011_gonogo3_rest_004_00"", ""atten_dsr_VP011_gonogo3_rest_004_01"", ""atten_dsr_VP011_gonogo3_task_005_00"", ""atten_dsr_VP011_gonogo3_task_005_01"", ""atten_dsr_VP011_gonogo3_rest_005_01"", ""atten_dsr_VP011_gonogo3_task_006_00"", ""atten_dsr_VP011_gonogo3_task_006_01"", ""atten_dsr_VP011_gonogo3_rest_006_00"", ""atten_dsr_VP011_gonogo3_rest_006_01""]",True,,0.880443932992995,71,0.74,0.7348021215830274,0.7604166666666667,0.74,0.48
VP012,2023,source_only,0.30,0.3055555555555556,22,50,"{""0"": 11, ""1"": 11}","{""0"": 25, ""1"": 25}","[""atten_dsr_VP012_gonogo1_task_002_00"", ""atten_dsr_VP012_gonogo1_task_003_00"", ""atten_dsr_VP012_gonogo1_task_004_00"", ""atten_dsr_VP012_gonogo1_task_004_01"", ""atten_dsr_VP012_gonogo1_rest_004_00"", ""atten_dsr_VP012_gonogo1_task_005_00"", ""atten_dsr_VP012_gonogo1_rest_006_01"", ""atten_dsr_VP012_gonogo2_task_001_00"", ""atten_dsr_VP012_gonogo2_rest_001_01"", ""atten_dsr_VP012_gonogo2_rest_002_00"", ""atten_dsr_VP012_gonogo2_rest_003_01"", ""atten_dsr_VP012_gonogo2_task_004_01"", ""atten_dsr_VP012_gonogo2_rest_004_00"", ""atten_dsr_VP012_gonogo2_rest_006_00"", ""atten_dsr_VP012_gonogo3_task_001_00"", ""atten_dsr_VP012_gonogo3_task_001_01"", ""atten_dsr_VP012_gonogo3_rest_001_00"", ""atten_dsr_VP012_gonogo3_rest_002_00"", ""atten_dsr_VP012_gonogo3_task_003_00"", ""atten_dsr_VP012_gonogo3_rest_003_00"", ""atten_dsr_VP012_gonogo3_task_004_00"", ""atten_dsr_VP012_gonogo3_rest_005_00""]","[""atten_dsr_VP012_gonogo1_task_001_00"", ""atten_dsr_VP012_gonogo1_task_001_01"", ""atten_dsr_VP012_gonogo1_rest_001_00"", ""atten_dsr_VP012_gonogo1_rest_001_01"", ""atten_dsr_VP012_gonogo1_task_002_01"", ""atten_dsr_VP012_gonogo1_rest_002_00"", ""atten_dsr_VP012_gonogo1_rest_002_01"", ""atten_dsr_VP012_gonogo1_task_003_01"", ""atten_dsr_VP012_gonogo1_rest_003_00"", ""atten_dsr_VP012_gonogo1_rest_003_01"", ""atten_dsr_VP012_gonogo1_rest_004_01"", ""atten_dsr_VP012_gonogo1_task_005_01"", ""atten_dsr_VP012_gonogo1_rest_005_00"", ""atten_dsr_VP012_gonogo1_rest_005_01"", ""atten_dsr_VP012_gonogo1_task_006_00"", ""atten_dsr_VP012_gonogo1_task_006_01"", ""atten_dsr_VP012_gonogo1_rest_006_00"", ""atten_dsr_VP012_gonogo2_task_001_01"", ""atten_dsr_VP012_gonogo2_rest_001_00"", ""atten_dsr_VP012_gonogo2_task_002_00"", ""atten_dsr_VP012_gonogo2_task_002_01"", ""atten_dsr_VP012_gonogo2_rest_002_01"", ""atten_dsr_VP012_gonogo2_task_003_00"", ""atten_dsr_VP012_gonogo2_task_003_01"", ""atten_dsr_VP012_gonogo2_rest_003_00"", ""atten_dsr_VP012_gonogo2_task_004_00"", ""atten_dsr_VP012_gonogo2_rest_004_01"", ""atten_dsr_VP012_gonogo2_task_005_00"", ""atten_dsr_VP012_gonogo2_task_005_01"", ""atten_dsr_VP012_gonogo2_rest_005_00"", ""atten_dsr_VP012_gonogo2_rest_005_01"", ""atten_dsr_VP012_gonogo2_task_006_00"", ""atten_dsr_VP012_gonogo2_task_006_01"", ""atten_dsr_VP012_gonogo2_rest_006_01"", ""atten_dsr_VP012_gonogo3_rest_001_01"", ""atten_dsr_VP012_gonogo3_task_002_00"", ""atten_dsr_VP012_gonogo3_task_002_01"", ""atten_dsr_VP012_gonogo3_rest_002_01"", ""atten_dsr_VP012_gonogo3_task_003_01"", ""atten_dsr_VP012_gonogo3_rest_003_01"", ""atten_dsr_VP012_gonogo3_task_004_01"", ""atten_dsr_VP012_gonogo3_rest_004_00"", ""atten_dsr_VP012_gonogo3_rest_004_01"", ""atten_dsr_VP012_gonogo3_task_005_00"", ""atten_dsr_VP012_gonogo3_task_005_01"", ""atten_dsr_VP012_gonogo3_rest_005_01"", ""atten_dsr_VP012_gonogo3_task_006_00"", ""atten_dsr_VP012_gonogo3_task_006_01"", ""atten_dsr_VP012_gonogo3_rest_006_00"", ""atten_dsr_VP012_gonogo3_rest_006_01""]",True,,0.8360491235112041,71,0.96,0.9599358974358975,0.962962962962963,0.96,0.92
VP012,2023,existing_head_adaptation,0.30,0.3055555555555556,22,50,"{""0"": 11, ""1"": 11}","{""0"": 25, ""1"": 25}","[""atten_dsr_VP012_gonogo1_task_002_00"", ""atten_dsr_VP012_gonogo1_task_003_00"", ""atten_dsr_VP012_gonogo1_task_004_00"", ""atten_dsr_VP012_gonogo1_task_004_01"", ""atten_dsr_VP012_gonogo1_rest_004_00"", ""atten_dsr_VP012_gonogo1_task_005_00"", ""atten_dsr_VP012_gonogo1_rest_006_01"", ""atten_dsr_VP012_gonogo2_task_001_00"", ""atten_dsr_VP012_gonogo2_rest_001_01"", ""atten_dsr_VP012_gonogo2_rest_002_00"", ""atten_dsr_VP012_gonogo2_rest_003_01"", ""atten_dsr_VP012_gonogo2_task_004_01"", ""atten_dsr_VP012_gonogo2_rest_004_00"", ""atten_dsr_VP012_gonogo2_rest_006_00"", ""atten_dsr_VP012_gonogo3_task_001_00"", ""atten_dsr_VP012_gonogo3_task_001_01"", ""atten_dsr_VP012_gonogo3_rest_001_00"", ""atten_dsr_VP012_gonogo3_rest_002_00"", ""atten_dsr_VP012_gonogo3_task_003_00"", ""atten_dsr_VP012_gonogo3_rest_003_00"", ""atten_dsr_VP012_gonogo3_task_004_00"", ""atten_dsr_VP012_gonogo3_rest_005_00""]","[""atten_dsr_VP012_gonogo1_task_001_00"", ""atten_dsr_VP012_gonogo1_task_001_01"", ""atten_dsr_VP012_gonogo1_rest_001_00"", ""atten_dsr_VP012_gonogo1_rest_001_01"", ""atten_dsr_VP012_gonogo1_task_002_01"", ""atten_dsr_VP012_gonogo1_rest_002_00"", ""atten_dsr_VP012_gonogo1_rest_002_01"", ""atten_dsr_VP012_gonogo1_task_003_01"", ""atten_dsr_VP012_gonogo1_rest_003_00"", ""atten_dsr_VP012_gonogo1_rest_003_01"", ""atten_dsr_VP012_gonogo1_rest_004_01"", ""atten_dsr_VP012_gonogo1_task_005_01"", ""atten_dsr_VP012_gonogo1_rest_005_00"", ""atten_dsr_VP012_gonogo1_rest_005_01"", ""atten_dsr_VP012_gonogo1_task_006_00"", ""atten_dsr_VP012_gonogo1_task_006_01"", ""atten_dsr_VP012_gonogo1_rest_006_00"", ""atten_dsr_VP012_gonogo2_task_001_01"", ""atten_dsr_VP012_gonogo2_rest_001_00"", ""atten_dsr_VP012_gonogo2_task_002_00"", ""atten_dsr_VP012_gonogo2_task_002_01"", ""atten_dsr_VP012_gonogo2_rest_002_01"", ""atten_dsr_VP012_gonogo2_task_003_00"", ""atten_dsr_VP012_gonogo2_task_003_01"", ""atten_dsr_VP012_gonogo2_rest_003_00"", ""atten_dsr_VP012_gonogo2_task_004_00"", ""atten_dsr_VP012_gonogo2_rest_004_01"", ""atten_dsr_VP012_gonogo2_task_005_00"", ""atten_dsr_VP012_gonogo2_task_005_01"", ""atten_dsr_VP012_gonogo2_rest_005_00"", ""atten_dsr_VP012_gonogo2_rest_005_01"", ""atten_dsr_VP012_gonogo2_task_006_00"", ""atten_dsr_VP012_gonogo2_task_006_01"", ""atten_dsr_VP012_gonogo2_rest_006_01"", ""atten_dsr_VP012_gonogo3_rest_001_01"", ""atten_dsr_VP012_gonogo3_task_002_00"", ""atten_dsr_VP012_gonogo3_task_002_01"", ""atten_dsr_VP012_gonogo3_rest_002_01"", ""atten_dsr_VP012_gonogo3_task_003_01"", ""atten_dsr_VP012_gonogo3_rest_003_01"", ""atten_dsr_VP012_gonogo3_task_004_01"", ""atten_dsr_VP012_gonogo3_rest_004_00"", ""atten_dsr_VP012_gonogo3_rest_004_01"", ""atten_dsr_VP012_gonogo3_task_005_00"", ""atten_dsr_VP012_gonogo3_task_005_01"", ""atten_dsr_VP012_gonogo3_rest_005_01"", ""atten_dsr_VP012_gonogo3_task_006_00"", ""atten_dsr_VP012_gonogo3_task_006_01"", ""atten_dsr_VP012_gonogo3_rest_006_00"", ""atten_dsr_VP012_gonogo3_rest_006_01""]",True,,0.8360491235112041,71,0.96,0.9599358974358975,0.962962962962963,0.96,0.92
VP013,2023,source_only,0.30,0.3055555555555556,22,50,"{""0"": 11, ""1"": 11}","{""0"": 25, ""1"": 25}","[""atten_dsr_VP013_gonogo1_task_002_00"", ""atten_dsr_VP013_gonogo1_task_003_00"", ""atten_dsr_VP013_gonogo1_task_004_00"", ""atten_dsr_VP013_gonogo1_task_004_01"", ""atten_dsr_VP013_gonogo1_rest_004_00"", ""atten_dsr_VP013_gonogo1_task_005_00"", ""atten_dsr_VP013_gonogo1_rest_006_01"", ""atten_dsr_VP013_gonogo2_task_001_00"", ""atten_dsr_VP013_gonogo2_rest_001_01"", ""atten_dsr_VP013_gonogo2_rest_002_00"", ""atten_dsr_VP013_gonogo2_rest_003_01"", ""atten_dsr_VP013_gonogo2_task_004_01"", ""atten_dsr_VP013_gonogo2_rest_004_00"", ""atten_dsr_VP013_gonogo2_rest_006_00"", ""atten_dsr_VP013_gonogo3_task_001_00"", ""atten_dsr_VP013_gonogo3_task_001_01"", ""atten_dsr_VP013_gonogo3_rest_001_00"", ""atten_dsr_VP013_gonogo3_rest_002_00"", ""atten_dsr_VP013_gonogo3_task_003_00"", ""atten_dsr_VP013_gonogo3_rest_003_00"", ""atten_dsr_VP013_gonogo3_task_004_00"", ""atten_dsr_VP013_gonogo3_rest_005_00""]","[""atten_dsr_VP013_gonogo1_task_001_00"", ""atten_dsr_VP013_gonogo1_task_001_01"", ""atten_dsr_VP013_gonogo1_rest_001_00"", ""atten_dsr_VP013_gonogo1_rest_001_01"", ""atten_dsr_VP013_gonogo1_task_002_01"", ""atten_dsr_VP013_gonogo1_rest_002_00"", ""atten_dsr_VP013_gonogo1_rest_002_01"", ""atten_dsr_VP013_gonogo1_task_003_01"", ""atten_dsr_VP013_gonogo1_rest_003_00"", ""atten_dsr_VP013_gonogo1_rest_003_01"", ""atten_dsr_VP013_gonogo1_rest_004_01"", ""atten_dsr_VP013_gonogo1_task_005_01"", ""atten_dsr_VP013_gonogo1_rest_005_00"", ""atten_dsr_VP013_gonogo1_rest_005_01"", ""atten_dsr_VP013_gonogo1_task_006_00"", ""atten_dsr_VP013_gonogo1_task_006_01"", ""atten_dsr_VP013_gonogo1_rest_006_00"", ""atten_dsr_VP013_gonogo2_task_001_01"", ""atten_dsr_VP013_gonogo2_rest_001_00"", ""atten_dsr_VP013_gonogo2_task_002_00"", ""atten_dsr_VP013_gonogo2_task_002_01"", ""atten_dsr_VP013_gonogo2_rest_002_01"", ""atten_dsr_VP013_gonogo2_task_003_00"", ""atten_dsr_VP013_gonogo2_task_003_01"", ""atten_dsr_VP013_gonogo2_rest_003_00"", ""atten_dsr_VP013_gonogo2_task_004_00"", ""atten_dsr_VP013_gonogo2_rest_004_01"", ""atten_dsr_VP013_gonogo2_task_005_00"", ""atten_dsr_VP013_gonogo2_task_005_01"", ""atten_dsr_VP013_gonogo2_rest_005_00"", ""atten_dsr_VP013_gonogo2_rest_005_01"", ""atten_dsr_VP013_gonogo2_task_006_00"", ""atten_dsr_VP013_gonogo2_task_006_01"", ""atten_dsr_VP013_gonogo2_rest_006_01"", ""atten_dsr_VP013_gonogo3_rest_001_01"", ""atten_dsr_VP013_gonogo3_task_002_00"", ""atten_dsr_VP013_gonogo3_task_002_01"", ""atten_dsr_VP013_gonogo3_rest_002_01"", ""atten_dsr_VP013_gonogo3_task_003_01"", ""atten_dsr_VP013_gonogo3_rest_003_01"", ""atten_dsr_VP013_gonogo3_task_004_01"", ""atten_dsr_VP013_gonogo3_rest_004_00"", ""atten_dsr_VP013_gonogo3_rest_004_01"", ""atten_dsr_VP013_gonogo3_task_005_00"", ""atten_dsr_VP013_gonogo3_task_005_01"", ""atten_dsr_VP013_gonogo3_rest_005_01"", ""atten_dsr_VP013_gonogo3_task_006_00"", ""atten_dsr_VP013_gonogo3_task_006_01"", ""atten_dsr_VP013_gonogo3_rest_006_00"", ""atten_dsr_VP013_gonogo3_rest_006_01""]",True,,0.8355515295101387,43,0.92,0.9194847020933977,0.9310344827586207,0.9199999999999999,0.84
VP013,2023,existing_head_adaptation,0.30,0.3055555555555556,22,50,"{""0"": 11, ""1"": 11}","{""0"": 25, ""1"": 25}","[""atten_dsr_VP013_gonogo1_task_002_00"", ""atten_dsr_VP013_gonogo1_task_003_00"", ""atten_dsr_VP013_gonogo1_task_004_00"", ""atten_dsr_VP013_gonogo1_task_004_01"", ""atten_dsr_VP013_gonogo1_rest_004_00"", ""atten_dsr_VP013_gonogo1_task_005_00"", ""atten_dsr_VP013_gonogo1_rest_006_01"", ""atten_dsr_VP013_gonogo2_task_001_00"", ""atten_dsr_VP013_gonogo2_rest_001_01"", ""atten_dsr_VP013_gonogo2_rest_002_00"", ""atten_dsr_VP013_gonogo2_rest_003_01"", ""atten_dsr_VP013_gonogo2_task_004_01"", ""atten_dsr_VP013_gonogo2_rest_004_00"", ""atten_dsr_VP013_gonogo2_rest_006_00"", ""atten_dsr_VP013_gonogo3_task_001_00"", ""atten_dsr_VP013_gonogo3_task_001_01"", ""atten_dsr_VP013_gonogo3_rest_001_00"", ""atten_dsr_VP013_gonogo3_rest_002_00"", ""atten_dsr_VP013_gonogo3_task_003_00"", ""atten_dsr_VP013_gonogo3_rest_003_00"", ""atten_dsr_VP013_gonogo3_task_004_00"", ""atten_dsr_VP013_gonogo3_rest_005_00""]","[""atten_dsr_VP013_gonogo1_task_001_00"", ""atten_dsr_VP013_gonogo1_task_001_01"", ""atten_dsr_VP013_gonogo1_rest_001_00"", ""atten_dsr_VP013_gonogo1_rest_001_01"", ""atten_dsr_VP013_gonogo1_task_002_01"", ""atten_dsr_VP013_gonogo1_rest_002_00"", ""atten_dsr_VP013_gonogo1_rest_002_01"", ""atten_dsr_VP013_gonogo1_task_003_01"", ""atten_dsr_VP013_gonogo1_rest_003_00"", ""atten_dsr_VP013_gonogo1_rest_003_01"", ""atten_dsr_VP013_gonogo1_rest_004_01"", ""atten_dsr_VP013_gonogo1_task_005_01"", ""atten_dsr_VP013_gonogo1_rest_005_00"", ""atten_dsr_VP013_gonogo1_rest_005_01"", ""atten_dsr_VP013_gonogo1_task_006_00"", ""atten_dsr_VP013_gonogo1_task_006_01"", ""atten_dsr_VP013_gonogo1_rest_006_00"", ""atten_dsr_VP013_gonogo2_task_001_01"", ""atten_dsr_VP013_gonogo2_rest_001_00"", ""atten_dsr_VP013_gonogo2_task_002_00"", ""atten_dsr_VP013_gonogo2_task_002_01"", ""atten_dsr_VP013_gonogo2_rest_002_01"", ""atten_dsr_VP013_gonogo2_task_003_00"", ""atten_dsr_VP013_gonogo2_task_003_01"", ""atten_dsr_VP013_gonogo2_rest_003_00"", ""atten_dsr_VP013_gonogo2_task_004_00"", ""atten_dsr_VP013_gonogo2_rest_004_01"", ""atten_dsr_VP013_gonogo2_task_005_00"", ""atten_dsr_VP013_gonogo2_task_005_01"", ""atten_dsr_VP013_gonogo2_rest_005_00"", ""atten_dsr_VP013_gonogo2_rest_005_01"", ""atten_dsr_VP013_gonogo2_task_006_00"", ""atten_dsr_VP013_gonogo2_task_006_01"", ""atten_dsr_VP013_gonogo2_rest_006_01"", ""atten_dsr_VP013_gonogo3_rest_001_01"", ""atten_dsr_VP013_gonogo3_task_002_00"", ""atten_dsr_VP013_gonogo3_task_002_01"", ""atten_dsr_VP013_gonogo3_rest_002_01"", ""atten_dsr_VP013_gonogo3_task_003_01"", ""atten_dsr_VP013_gonogo3_rest_003_01"", ""atten_dsr_VP013_gonogo3_task_004_01"", ""atten_dsr_VP013_gonogo3_rest_004_00"", ""atten_dsr_VP013_gonogo3_rest_004_01"", ""atten_dsr_VP013_gonogo3_task_005_00"", ""atten_dsr_VP013_gonogo3_task_005_01"", ""atten_dsr_VP013_gonogo3_rest_005_01"", ""atten_dsr_VP013_gonogo3_task_006_00"", ""atten_dsr_VP013_gonogo3_task_006_01"", ""atten_dsr_VP013_gonogo3_rest_006_00"", ""atten_dsr_VP013_gonogo3_rest_006_01""]",True,,0.8355515295101387,43,0.92,0.9194847020933977,0.9310344827586207,0.9199999999999999,0.84
VP014,2023,source_only,0.30,0.3055555555555556,22,50,"{""0"": 11, ""1"": 11}","{""0"": 25, ""1"": 25}","[""atten_dsr_VP014_gonogo1_task_002_00"", ""atten_dsr_VP014_gonogo1_task_003_00"", ""atten_dsr_VP014_gonogo1_task_004_00"", ""atten_dsr_VP014_gonogo1_task_004_01"", ""atten_dsr_VP014_gonogo1_rest_004_00"", ""atten_dsr_VP014_gonogo1_task_005_00"", ""atten_dsr_VP014_gonogo1_rest_006_01"", ""atten_dsr_VP014_gonogo2_task_001_00"", ""atten_dsr_VP014_gonogo2_rest_001_01"", ""atten_dsr_VP014_gonogo2_rest_002_00"", ""atten_dsr_VP014_gonogo2_rest_003_01"", ""atten_dsr_VP014_gonogo2_task_004_01"", ""atten_dsr_VP014_gonogo2_rest_004_00"", ""atten_dsr_VP014_gonogo2_rest_006_00"", ""atten_dsr_VP014_gonogo3_task_001_00"", ""atten_dsr_VP014_gonogo3_task_001_01"", ""atten_dsr_VP014_gonogo3_rest_001_00"", ""atten_dsr_VP014_gonogo3_rest_002_00"", ""atten_dsr_VP014_gonogo3_task_003_00"", ""atten_dsr_VP014_gonogo3_rest_003_00"", ""atten_dsr_VP014_gonogo3_task_004_00"", ""atten_dsr_VP014_gonogo3_rest_005_00""]","[""atten_dsr_VP014_gonogo1_task_001_00"", ""atten_dsr_VP014_gonogo1_task_001_01"", ""atten_dsr_VP014_gonogo1_rest_001_00"", ""atten_dsr_VP014_gonogo1_rest_001_01"", ""atten_dsr_VP014_gonogo1_task_002_01"", ""atten_dsr_VP014_gonogo1_rest_002_00"", ""atten_dsr_VP014_gonogo1_rest_002_01"", ""atten_dsr_VP014_gonogo1_task_003_01"", ""atten_dsr_VP014_gonogo1_rest_003_00"", ""atten_dsr_VP014_gonogo1_rest_003_01"", ""atten_dsr_VP014_gonogo1_rest_004_01"", ""atten_dsr_VP014_gonogo1_task_005_01"", ""atten_dsr_VP014_gonogo1_rest_005_00"", ""atten_dsr_VP014_gonogo1_rest_005_01"", ""atten_dsr_VP014_gonogo1_task_006_00"", ""atten_dsr_VP014_gonogo1_task_006_01"", ""atten_dsr_VP014_gonogo1_rest_006_00"", ""atten_dsr_VP014_gonogo2_task_001_01"", ""atten_dsr_VP014_gonogo2_rest_001_00"", ""atten_dsr_VP014_gonogo2_task_002_00"", ""atten_dsr_VP014_gonogo2_task_002_01"", ""atten_dsr_VP014_gonogo2_rest_002_01"", ""atten_dsr_VP014_gonogo2_task_003_00"", ""atten_dsr_VP014_gonogo2_task_003_01"", ""atten_dsr_VP014_gonogo2_rest_003_00"", ""atten_dsr_VP014_gonogo2_task_004_00"", ""atten_dsr_VP014_gonogo2_rest_004_01"", ""atten_dsr_VP014_gonogo2_task_005_00"", ""atten_dsr_VP014_gonogo2_task_005_01"", ""atten_dsr_VP014_gonogo2_rest_005_00"", ""atten_dsr_VP014_gonogo2_rest_005_01"", ""atten_dsr_VP014_gonogo2_task_006_00"", ""atten_dsr_VP014_gonogo2_task_006_01"", ""atten_dsr_VP014_gonogo2_rest_006_01"", ""atten_dsr_VP014_gonogo3_rest_001_01"", ""atten_dsr_VP014_gonogo3_task_002_00"", ""atten_dsr_VP014_gonogo3_task_002_01"", ""atten_dsr_VP014_gonogo3_rest_002_01"", ""atten_dsr_VP014_gonogo3_task_003_01"", ""atten_dsr_VP014_gonogo3_rest_003_01"", ""atten_dsr_VP014_gonogo3_task_004_01"", ""atten_dsr_VP014_gonogo3_rest_004_00"", ""atten_dsr_VP014_gonogo3_rest_004_01"", ""atten_dsr_VP014_gonogo3_task_005_00"", ""atten_dsr_VP014_gonogo3_task_005_01"", ""atten_dsr_VP014_gonogo3_rest_005_01"", ""atten_dsr_VP014_gonogo3_task_006_00"", ""atten_dsr_VP014_gonogo3_task_006_01"", ""atten_dsr_VP014_gonogo3_rest_006_00"", ""atten_dsr_VP014_gonogo3_rest_006_01""]",True,,0.8440545808966862,96,0.68,0.64349376114082,0.8048780487804879,0.6799999999999999,0.36
VP014,2023,existing_head_adaptation,0.30,0.3055555555555556,22,50,"{""0"": 11, ""1"": 11}","{""0"": 25, ""1"": 25}","[""atten_dsr_VP014_gonogo1_task_002_00"", ""atten_dsr_VP014_gonogo1_task_003_00"", ""atten_dsr_VP014_gonogo1_task_004_00"", ""atten_dsr_VP014_gonogo1_task_004_01"", ""atten_dsr_VP014_gonogo1_rest_004_00"", ""atten_dsr_VP014_gonogo1_task_005_00"", ""atten_dsr_VP014_gonogo1_rest_006_01"", ""atten_dsr_VP014_gonogo2_task_001_00"", ""atten_dsr_VP014_gonogo2_rest_001_01"", ""atten_dsr_VP014_gonogo2_rest_002_00"", ""atten_dsr_VP014_gonogo2_rest_003_01"", ""atten_dsr_VP014_gonogo2_task_004_01"", ""atten_dsr_VP014_gonogo2_rest_004_00"", ""atten_dsr_VP014_gonogo2_rest_006_00"", ""atten_dsr_VP014_gonogo3_task_001_00"", ""atten_dsr_VP014_gonogo3_task_001_01"", ""atten_dsr_VP014_gonogo3_rest_001_00"", ""atten_dsr_VP014_gonogo3_rest_002_00"", ""atten_dsr_VP014_gonogo3_task_003_00"", ""atten_dsr_VP014_gonogo3_rest_003_00"", ""atten_dsr_VP014_gonogo3_task_004_00"", ""atten_dsr_VP014_gonogo3_rest_005_00""]","[""atten_dsr_VP014_gonogo1_task_001_00"", ""atten_dsr_VP014_gonogo1_task_001_01"", ""atten_dsr_VP014_gonogo1_rest_001_00"", ""atten_dsr_VP014_gonogo1_rest_001_01"", ""atten_dsr_VP014_gonogo1_task_002_01"", ""atten_dsr_VP014_gonogo1_rest_002_00"", ""atten_dsr_VP014_gonogo1_rest_002_01"", ""atten_dsr_VP014_gonogo1_task_003_01"", ""atten_dsr_VP014_gonogo1_rest_003_00"", ""atten_dsr_VP014_gonogo1_rest_003_01"", ""atten_dsr_VP014_gonogo1_rest_004_01"", ""atten_dsr_VP014_gonogo1_task_005_01"", ""atten_dsr_VP014_gonogo1_rest_005_00"", ""atten_dsr_VP014_gonogo1_rest_005_01"", ""atten_dsr_VP014_gonogo1_task_006_00"", ""atten_dsr_VP014_gonogo1_task_006_01"", ""atten_dsr_VP014_gonogo1_rest_006_00"", ""atten_dsr_VP014_gonogo2_task_001_01"", ""atten_dsr_VP014_gonogo2_rest_001_00"", ""atten_dsr_VP014_gonogo2_task_002_00"", ""atten_dsr_VP014_gonogo2_task_002_01"", ""atten_dsr_VP014_gonogo2_rest_002_01"", ""atten_dsr_VP014_gonogo2_task_003_00"", ""atten_dsr_VP014_gonogo2_task_003_01"", ""atten_dsr_VP014_gonogo2_rest_003_00"", ""atten_dsr_VP014_gonogo2_task_004_00"", ""atten_dsr_VP014_gonogo2_rest_004_01"", ""atten_dsr_VP014_gonogo2_task_005_00"", ""atten_dsr_VP014_gonogo2_task_005_01"", ""atten_dsr_VP014_gonogo2_rest_005_00"", ""atten_dsr_VP014_gonogo2_rest_005_01"", ""atten_dsr_VP014_gonogo2_task_006_00"", ""atten_dsr_VP014_gonogo2_task_006_01"", ""atten_dsr_VP014_gonogo2_rest_006_01"", ""atten_dsr_VP014_gonogo3_rest_001_01"", ""atten_dsr_VP014_gonogo3_task_002_00"", ""atten_dsr_VP014_gonogo3_task_002_01"", ""atten_dsr_VP014_gonogo3_rest_002_01"", ""atten_dsr_VP014_gonogo3_task_003_01"", ""atten_dsr_VP014_gonogo3_rest_003_01"", ""atten_dsr_VP014_gonogo3_task_004_01"", ""atten_dsr_VP014_gonogo3_rest_004_00"", ""atten_dsr_VP014_gonogo3_rest_004_01"", ""atten_dsr_VP014_gonogo3_task_005_00"", ""atten_dsr_VP014_gonogo3_task_005_01"", ""atten_dsr_VP014_gonogo3_rest_005_01"", ""atten_dsr_VP014_gonogo3_task_006_00"", ""atten_dsr_VP014_gonogo3_task_006_01"", ""atten_dsr_VP014_gonogo3_rest_006_00"", ""atten_dsr_VP014_gonogo3_rest_006_01""]",True,,0.8440545808966862,96,0.68,0.64349376114082,0.8048780487804879,0.6799999999999999,0.36
VP015,2023,source_only,0.30,0.3055555555555556,22,50,"{""0"": 11, ""1"": 11}","{""0"": 25, ""1"": 25}","[""atten_dsr_VP015_gonogo1_task_002_00"", ""atten_dsr_VP015_gonogo1_task_003_00"", ""atten_dsr_VP015_gonogo1_task_004_00"", ""atten_dsr_VP015_gonogo1_task_004_01"", ""atten_dsr_VP015_gonogo1_rest_004_00"", ""atten_dsr_VP015_gonogo1_task_005_00"", ""atten_dsr_VP015_gonogo1_rest_006_01"", ""atten_dsr_VP015_gonogo2_task_001_00"", ""atten_dsr_VP015_gonogo2_rest_001_01"", ""atten_dsr_VP015_gonogo2_rest_002_00"", ""atten_dsr_VP015_gonogo2_rest_003_01"", ""atten_dsr_VP015_gonogo2_task_004_01"", ""atten_dsr_VP015_gonogo2_rest_004_00"", ""atten_dsr_VP015_gonogo2_rest_006_00"", ""atten_dsr_VP015_gonogo3_task_001_00"", ""atten_dsr_VP015_gonogo3_task_001_01"", ""atten_dsr_VP015_gonogo3_rest_001_00"", ""atten_dsr_VP015_gonogo3_rest_002_00"", ""atten_dsr_VP015_gonogo3_task_003_00"", ""atten_dsr_VP015_gonogo3_rest_003_00"", ""atten_dsr_VP015_gonogo3_task_004_00"", ""atten_dsr_VP015_gonogo3_rest_005_00""]","[""atten_dsr_VP015_gonogo1_task_001_00"", ""atten_dsr_VP015_gonogo1_task_001_01"", ""atten_dsr_VP015_gonogo1_rest_001_00"", ""atten_dsr_VP015_gonogo1_rest_001_01"", ""atten_dsr_VP015_gonogo1_task_002_01"", ""atten_dsr_VP015_gonogo1_rest_002_00"", ""atten_dsr_VP015_gonogo1_rest_002_01"", ""atten_dsr_VP015_gonogo1_task_003_01"", ""atten_dsr_VP015_gonogo1_rest_003_00"", ""atten_dsr_VP015_gonogo1_rest_003_01"", ""atten_dsr_VP015_gonogo1_rest_004_01"", ""atten_dsr_VP015_gonogo1_task_005_01"", ""atten_dsr_VP015_gonogo1_rest_005_00"", ""atten_dsr_VP015_gonogo1_rest_005_01"", ""atten_dsr_VP015_gonogo1_task_006_00"", ""atten_dsr_VP015_gonogo1_task_006_01"", ""atten_dsr_VP015_gonogo1_rest_006_00"", ""atten_dsr_VP015_gonogo2_task_001_01"", ""atten_dsr_VP015_gonogo2_rest_001_00"", ""atten_dsr_VP015_gonogo2_task_002_00"", ""atten_dsr_VP015_gonogo2_task_002_01"", ""atten_dsr_VP015_gonogo2_rest_002_01"", ""atten_dsr_VP015_gonogo2_task_003_00"", ""atten_dsr_VP015_gonogo2_task_003_01"", ""atten_dsr_VP015_gonogo2_rest_003_00"", ""atten_dsr_VP015_gonogo2_task_004_00"", ""atten_dsr_VP015_gonogo2_rest_004_01"", ""atten_dsr_VP015_gonogo2_task_005_00"", ""atten_dsr_VP015_gonogo2_task_005_01"", ""atten_dsr_VP015_gonogo2_rest_005_00"", ""atten_dsr_VP015_gonogo2_rest_005_01"", ""atten_dsr_VP015_gonogo2_task_006_00"", ""atten_dsr_VP015_gonogo2_task_006_01"", ""atten_dsr_VP015_gonogo2_rest_006_01"", ""atten_dsr_VP015_gonogo3_rest_001_01"", ""atten_dsr_VP015_gonogo3_task_002_00"", ""atten_dsr_VP015_gonogo3_task_002_01"", ""atten_dsr_VP015_gonogo3_rest_002_01"", ""atten_dsr_VP015_gonogo3_task_003_01"", ""atten_dsr_VP015_gonogo3_rest_003_01"", ""atten_dsr_VP015_gonogo3_task_004_01"", ""atten_dsr_VP015_gonogo3_rest_004_00"", ""atten_dsr_VP015_gonogo3_rest_004_01"", ""atten_dsr_VP015_gonogo3_task_005_00"", ""atten_dsr_VP015_gonogo3_task_005_01"", ""atten_dsr_VP015_gonogo3_rest_005_01"", ""atten_dsr_VP015_gonogo3_task_006_00"", ""atten_dsr_VP015_gonogo3_task_006_01"", ""atten_dsr_VP015_gonogo3_rest_006_00"", ""atten_dsr_VP015_gonogo3_rest_006_01""]",True,,0.8387644787644788,71,0.66,0.6427070197562001,0.6984126984126984,0.66,0.31999999999999995
VP015,2023,existing_head_adaptation,0.30,0.3055555555555556,22,50,"{""0"": 11, ""1"": 11}","{""0"": 25, ""1"": 25}","[""atten_dsr_VP015_gonogo1_task_002_00"", ""atten_dsr_VP015_gonogo1_task_003_00"", ""atten_dsr_VP015_gonogo1_task_004_00"", ""atten_dsr_VP015_gonogo1_task_004_01"", ""atten_dsr_VP015_gonogo1_rest_004_00"", ""atten_dsr_VP015_gonogo1_task_005_00"", ""atten_dsr_VP015_gonogo1_rest_006_01"", ""atten_dsr_VP015_gonogo2_task_001_00"", ""atten_dsr_VP015_gonogo2_rest_001_01"", ""atten_dsr_VP015_gonogo2_rest_002_00"", ""atten_dsr_VP015_gonogo2_rest_003_01"", ""atten_dsr_VP015_gonogo2_task_004_01"", ""atten_dsr_VP015_gonogo2_rest_004_00"", ""atten_dsr_VP015_gonogo2_rest_006_00"", ""atten_dsr_VP015_gonogo3_task_001_00"", ""atten_dsr_VP015_gonogo3_task_001_01"", ""atten_dsr_VP015_gonogo3_rest_001_00"", ""atten_dsr_VP015_gonogo3_rest_002_00"", ""atten_dsr_VP015_gonogo3_task_003_00"", ""atten_dsr_VP015_gonogo3_rest_003_00"", ""atten_dsr_VP015_gonogo3_task_004_00"", ""atten_dsr_VP015_gonogo3_rest_005_00""]","[""atten_dsr_VP015_gonogo1_task_001_00"", ""atten_dsr_VP015_gonogo1_task_001_01"", ""atten_dsr_VP015_gonogo1_rest_001_00"", ""atten_dsr_VP015_gonogo1_rest_001_01"", ""atten_dsr_VP015_gonogo1_task_002_01"", ""atten_dsr_VP015_gonogo1_rest_002_00"", ""atten_dsr_VP015_gonogo1_rest_002_01"", ""atten_dsr_VP015_gonogo1_task_003_01"", ""atten_dsr_VP015_gonogo1_rest_003_00"", ""atten_dsr_VP015_gonogo1_rest_003_01"", ""atten_dsr_VP015_gonogo1_rest_004_01"", ""atten_dsr_VP015_gonogo1_task_005_01"", ""atten_dsr_VP015_gonogo1_rest_005_00"", ""atten_dsr_VP015_gonogo1_rest_005_01"", ""atten_dsr_VP015_gonogo1_task_006_00"", ""atten_dsr_VP015_gonogo1_task_006_01"", ""atten_dsr_VP015_gonogo1_rest_006_00"", ""atten_dsr_VP015_gonogo2_task_001_01"", ""atten_dsr_VP015_gonogo2_rest_001_00"", ""atten_dsr_VP015_gonogo2_task_002_00"", ""atten_dsr_VP015_gonogo2_task_002_01"", ""atten_dsr_VP015_gonogo2_rest_002_01"", ""atten_dsr_VP015_gonogo2_task_003_00"", ""atten_dsr_VP015_gonogo2_task_003_01"", ""atten_dsr_VP015_gonogo2_rest_003_00"", ""atten_dsr_VP015_gonogo2_task_004_00"", ""atten_dsr_VP015_gonogo2_rest_004_01"", ""atten_dsr_VP015_gonogo2_task_005_00"", ""atten_dsr_VP015_gonogo2_task_005_01"", ""atten_dsr_VP015_gonogo2_rest_005_00"", ""atten_dsr_VP015_gonogo2_rest_005_01"", ""atten_dsr_VP015_gonogo2_task_006_00"", ""atten_dsr_VP015_gonogo2_task_006_01"", ""atten_dsr_VP015_gonogo2_rest_006_01"", ""atten_dsr_VP015_gonogo3_rest_001_01"", ""atten_dsr_VP015_gonogo3_task_002_00"", ""atten_dsr_VP015_gonogo3_task_002_01"", ""atten_dsr_VP015_gonogo3_rest_002_01"", ""atten_dsr_VP015_gonogo3_task_003_01"", ""atten_dsr_VP015_gonogo3_rest_003_01"", ""atten_dsr_VP015_gonogo3_task_004_01"", ""atten_dsr_VP015_gonogo3_rest_004_00"", ""atten_dsr_VP015_gonogo3_rest_004_01"", ""atten_dsr_VP015_gonogo3_task_005_00"", ""atten_dsr_VP015_gonogo3_task_005_01"", ""atten_dsr_VP015_gonogo3_rest_005_01"", ""atten_dsr_VP015_gonogo3_task_006_00"", ""atten_dsr_VP015_gonogo3_task_006_01"", ""atten_dsr_VP015_gonogo3_rest_006_00"", ""atten_dsr_VP015_gonogo3_rest_006_01""]",True,,0.8387644787644788,71,0.66,0.6427070197562001,0.6984126984126984,0.66,0.31999999999999995
VP016,2023,source_only,0.30,0.3055555555555556,22,50,"{""0"": 11, ""1"": 11}","{""0"": 25, ""1"": 25}","[""atten_dsr_VP016_gonogo1_task_002_00"", ""atten_dsr_VP016_gonogo1_task_003_00"", ""atten_dsr_VP016_gonogo1_task_004_00"", ""atten_dsr_VP016_gonogo1_task_004_01"", ""atten_dsr_VP016_gonogo1_rest_004_00"", ""atten_dsr_VP016_gonogo1_task_005_00"", ""atten_dsr_VP016_gonogo1_rest_006_01"", ""atten_dsr_VP016_gonogo2_task_001_00"", ""atten_dsr_VP016_gonogo2_rest_001_01"", ""atten_dsr_VP016_gonogo2_rest_002_00"", ""atten_dsr_VP016_gonogo2_rest_003_01"", ""atten_dsr_VP016_gonogo2_task_004_01"", ""atten_dsr_VP016_gonogo2_rest_004_00"", ""atten_dsr_VP016_gonogo2_rest_006_00"", ""atten_dsr_VP016_gonogo3_task_001_00"", ""atten_dsr_VP016_gonogo3_task_001_01"", ""atten_dsr_VP016_gonogo3_rest_001_00"", ""atten_dsr_VP016_gonogo3_rest_002_00"", ""atten_dsr_VP016_gonogo3_task_003_00"", ""atten_dsr_VP016_gonogo3_rest_003_00"", ""atten_dsr_VP016_gonogo3_task_004_00"", ""atten_dsr_VP016_gonogo3_rest_005_00""]","[""atten_dsr_VP016_gonogo1_task_001_00"", ""atten_dsr_VP016_gonogo1_task_001_01"", ""atten_dsr_VP016_gonogo1_rest_001_00"", ""atten_dsr_VP016_gonogo1_rest_001_01"", ""atten_dsr_VP016_gonogo1_task_002_01"", ""atten_dsr_VP016_gonogo1_rest_002_00"", ""atten_dsr_VP016_gonogo1_rest_002_01"", ""atten_dsr_VP016_gonogo1_task_003_01"", ""atten_dsr_VP016_gonogo1_rest_003_00"", ""atten_dsr_VP016_gonogo1_rest_003_01"", ""atten_dsr_VP016_gonogo1_rest_004_01"", ""atten_dsr_VP016_gonogo1_task_005_01"", ""atten_dsr_VP016_gonogo1_rest_005_00"", ""atten_dsr_VP016_gonogo1_rest_005_01"", ""atten_dsr_VP016_gonogo1_task_006_00"", ""atten_dsr_VP016_gonogo1_task_006_01"", ""atten_dsr_VP016_gonogo1_rest_006_00"", ""atten_dsr_VP016_gonogo2_task_001_01"", ""atten_dsr_VP016_gonogo2_rest_001_00"", ""atten_dsr_VP016_gonogo2_task_002_00"", ""atten_dsr_VP016_gonogo2_task_002_01"", ""atten_dsr_VP016_gonogo2_rest_002_01"", ""atten_dsr_VP016_gonogo2_task_003_00"", ""atten_dsr_VP016_gonogo2_task_003_01"", ""atten_dsr_VP016_gonogo2_rest_003_00"", ""atten_dsr_VP016_gonogo2_task_004_00"", ""atten_dsr_VP016_gonogo2_rest_004_01"", ""atten_dsr_VP016_gonogo2_task_005_00"", ""atten_dsr_VP016_gonogo2_task_005_01"", ""atten_dsr_VP016_gonogo2_rest_005_00"", ""atten_dsr_VP016_gonogo2_rest_005_01"", ""atten_dsr_VP016_gonogo2_task_006_00"", ""atten_dsr_VP016_gonogo2_task_006_01"", ""atten_dsr_VP016_gonogo2_rest_006_01"", ""atten_dsr_VP016_gonogo3_rest_001_01"", ""atten_dsr_VP016_gonogo3_task_002_00"", ""atten_dsr_VP016_gonogo3_task_002_01"", ""atten_dsr_VP016_gonogo3_rest_002_01"", ""atten_dsr_VP016_gonogo3_task_003_01"", ""atten_dsr_VP016_gonogo3_rest_003_01"", ""atten_dsr_VP016_gonogo3_task_004_01"", ""atten_dsr_VP016_gonogo3_rest_004_00"", ""atten_dsr_VP016_gonogo3_rest_004_01"", ""atten_dsr_VP016_gonogo3_task_005_00"", ""atten_dsr_VP016_gonogo3_task_005_01"", ""atten_dsr_VP016_gonogo3_rest_005_01"", ""atten_dsr_VP016_gonogo3_task_006_00"", ""atten_dsr_VP016_gonogo3_task_006_01"", ""atten_dsr_VP016_gonogo3_rest_006_00"", ""atten_dsr_VP016_gonogo3_rest_006_01""]",True,,0.8442714126807565,78,0.72,0.7028862478777589,0.7858627858627859,0.72,0.43999999999999995
VP016,2023,existing_head_adaptation,0.30,0.3055555555555556,22,50,"{""0"": 11, ""1"": 11}","{""0"": 25, ""1"": 25}","[""atten_dsr_VP016_gonogo1_task_002_00"", ""atten_dsr_VP016_gonogo1_task_003_00"", ""atten_dsr_VP016_gonogo1_task_004_00"", ""atten_dsr_VP016_gonogo1_task_004_01"", ""atten_dsr_VP016_gonogo1_rest_004_00"", ""atten_dsr_VP016_gonogo1_task_005_00"", ""atten_dsr_VP016_gonogo1_rest_006_01"", ""atten_dsr_VP016_gonogo2_task_001_00"", ""atten_dsr_VP016_gonogo2_rest_001_01"", ""atten_dsr_VP016_gonogo2_rest_002_00"", ""atten_dsr_VP016_gonogo2_rest_003_01"", ""atten_dsr_VP016_gonogo2_task_004_01"", ""atten_dsr_VP016_gonogo2_rest_004_00"", ""atten_dsr_VP016_gonogo2_rest_006_00"", ""atten_dsr_VP016_gonogo3_task_001_00"", ""atten_dsr_VP016_gonogo3_task_001_01"", ""atten_dsr_VP016_gonogo3_rest_001_00"", ""atten_dsr_VP016_gonogo3_rest_002_00"", ""atten_dsr_VP016_gonogo3_task_003_00"", ""atten_dsr_VP016_gonogo3_rest_003_00"", ""atten_dsr_VP016_gonogo3_task_004_00"", ""atten_dsr_VP016_gonogo3_rest_005_00""]","[""atten_dsr_VP016_gonogo1_task_001_00"", ""atten_dsr_VP016_gonogo1_task_001_01"", ""atten_dsr_VP016_gonogo1_rest_001_00"", ""atten_dsr_VP016_gonogo1_rest_001_01"", ""atten_dsr_VP016_gonogo1_task_002_01"", ""atten_dsr_VP016_gonogo1_rest_002_00"", ""atten_dsr_VP016_gonogo1_rest_002_01"", ""atten_dsr_VP016_gonogo1_task_003_01"", ""atten_dsr_VP016_gonogo1_rest_003_00"", ""atten_dsr_VP016_gonogo1_rest_003_01"", ""atten_dsr_VP016_gonogo1_rest_004_01"", ""atten_dsr_VP016_gonogo1_task_005_01"", ""atten_dsr_VP016_gonogo1_rest_005_00"", ""atten_dsr_VP016_gonogo1_rest_005_01"", ""atten_dsr_VP016_gonogo1_task_006_00"", ""atten_dsr_VP016_gonogo1_task_006_01"", ""atten_dsr_VP016_gonogo1_rest_006_00"", ""atten_dsr_VP016_gonogo2_task_001_01"", ""atten_dsr_VP016_gonogo2_rest_001_00"", ""atten_dsr_VP016_gonogo2_task_002_00"", ""atten_dsr_VP016_gonogo2_task_002_01"", ""atten_dsr_VP016_gonogo2_rest_002_01"", ""atten_dsr_VP016_gonogo2_task_003_00"", ""atten_dsr_VP016_gonogo2_task_003_01"", ""atten_dsr_VP016_gonogo2_rest_003_00"", ""atten_dsr_VP016_gonogo2_task_004_00"", ""atten_dsr_VP016_gonogo2_rest_004_01"", ""atten_dsr_VP016_gonogo2_task_005_00"", ""atten_dsr_VP016_gonogo2_task_005_01"", ""atten_dsr_VP016_gonogo2_rest_005_00"", ""atten_dsr_VP016_gonogo2_rest_005_01"", ""atten_dsr_VP016_gonogo2_task_006_00"", ""atten_dsr_VP016_gonogo2_task_006_01"", ""atten_dsr_VP016_gonogo2_rest_006_01"", ""atten_dsr_VP016_gonogo3_rest_001_01"", ""atten_dsr_VP016_gonogo3_task_002_00"", ""atten_dsr_VP016_gonogo3_task_002_01"", ""atten_dsr_VP016_gonogo3_rest_002_01"", ""atten_dsr_VP016_gonogo3_task_003_01"", ""atten_dsr_VP016_gonogo3_rest_003_01"", ""atten_dsr_VP016_gonogo3_task_004_01"", ""atten_dsr_VP016_gonogo3_rest_004_00"", ""atten_dsr_VP016_gonogo3_rest_004_01"", ""atten_dsr_VP016_gonogo3_task_005_00"", ""atten_dsr_VP016_gonogo3_task_005_01"", ""atten_dsr_VP016_gonogo3_rest_005_01"", ""atten_dsr_VP016_gonogo3_task_006_00"", ""atten_dsr_VP016_gonogo3_task_006_01"", ""atten_dsr_VP016_gonogo3_rest_006_00"", ""atten_dsr_VP016_gonogo3_rest_006_01""]",True,,0.8442714126807565,78,0.72,0.7028862478777589,0.7858627858627859,0.72,0.43999999999999995
VP017,2023,source_only,0.30,0.3055555555555556,22,50,"{""0"": 11, ""1"": 11}","{""0"": 25, ""1"": 25}","[""atten_dsr_VP017_gonogo1_task_002_00"", ""atten_dsr_VP017_gonogo1_task_003_00"", ""atten_dsr_VP017_gonogo1_task_004_00"", ""atten_dsr_VP017_gonogo1_task_004_01"", ""atten_dsr_VP017_gonogo1_rest_004_00"", ""atten_dsr_VP017_gonogo1_task_005_00"", ""atten_dsr_VP017_gonogo1_rest_006_01"", ""atten_dsr_VP017_gonogo2_task_001_00"", ""atten_dsr_VP017_gonogo2_rest_001_01"", ""atten_dsr_VP017_gonogo2_rest_002_00"", ""atten_dsr_VP017_gonogo2_rest_003_01"", ""atten_dsr_VP017_gonogo2_task_004_01"", ""atten_dsr_VP017_gonogo2_rest_004_00"", ""atten_dsr_VP017_gonogo2_rest_006_00"", ""atten_dsr_VP017_gonogo3_task_001_00"", ""atten_dsr_VP017_gonogo3_task_001_01"", ""atten_dsr_VP017_gonogo3_rest_001_00"", ""atten_dsr_VP017_gonogo3_rest_002_00"", ""atten_dsr_VP017_gonogo3_task_003_00"", ""atten_dsr_VP017_gonogo3_rest_003_00"", ""atten_dsr_VP017_gonogo3_task_004_00"", ""atten_dsr_VP017_gonogo3_rest_005_00""]","[""atten_dsr_VP017_gonogo1_task_001_00"", ""atten_dsr_VP017_gonogo1_task_001_01"", ""atten_dsr_VP017_gonogo1_rest_001_00"", ""atten_dsr_VP017_gonogo1_rest_001_01"", ""atten_dsr_VP017_gonogo1_task_002_01"", ""atten_dsr_VP017_gonogo1_rest_002_00"", ""atten_dsr_VP017_gonogo1_rest_002_01"", ""atten_dsr_VP017_gonogo1_task_003_01"", ""atten_dsr_VP017_gonogo1_rest_003_00"", ""atten_dsr_VP017_gonogo1_rest_003_01"", ""atten_dsr_VP017_gonogo1_rest_004_01"", ""atten_dsr_VP017_gonogo1_task_005_01"", ""atten_dsr_VP017_gonogo1_rest_005_00"", ""atten_dsr_VP017_gonogo1_rest_005_01"", ""atten_dsr_VP017_gonogo1_task_006_00"", ""atten_dsr_VP017_gonogo1_task_006_01"", ""atten_dsr_VP017_gonogo1_rest_006_00"", ""atten_dsr_VP017_gonogo2_task_001_01"", ""atten_dsr_VP017_gonogo2_rest_001_00"", ""atten_dsr_VP017_gonogo2_task_002_00"", ""atten_dsr_VP017_gonogo2_task_002_01"", ""atten_dsr_VP017_gonogo2_rest_002_01"", ""atten_dsr_VP017_gonogo2_task_003_00"", ""atten_dsr_VP017_gonogo2_task_003_01"", ""atten_dsr_VP017_gonogo2_rest_003_00"", ""atten_dsr_VP017_gonogo2_task_004_00"", ""atten_dsr_VP017_gonogo2_rest_004_01"", ""atten_dsr_VP017_gonogo2_task_005_00"", ""atten_dsr_VP017_gonogo2_task_005_01"", ""atten_dsr_VP017_gonogo2_rest_005_00"", ""atten_dsr_VP017_gonogo2_rest_005_01"", ""atten_dsr_VP017_gonogo2_task_006_00"", ""atten_dsr_VP017_gonogo2_task_006_01"", ""atten_dsr_VP017_gonogo2_rest_006_01"", ""atten_dsr_VP017_gonogo3_rest_001_01"", ""atten_dsr_VP017_gonogo3_task_002_00"", ""atten_dsr_VP017_gonogo3_task_002_01"", ""atten_dsr_VP017_gonogo3_rest_002_01"", ""atten_dsr_VP017_gonogo3_task_003_01"", ""atten_dsr_VP017_gonogo3_rest_003_01"", ""atten_dsr_VP017_gonogo3_task_004_01"", ""atten_dsr_VP017_gonogo3_rest_004_00"", ""atten_dsr_VP017_gonogo3_rest_004_01"", ""atten_dsr_VP017_gonogo3_task_005_00"", ""atten_dsr_VP017_gonogo3_task_005_01"", ""atten_dsr_VP017_gonogo3_rest_005_01"", ""atten_dsr_VP017_gonogo3_task_006_00"", ""atten_dsr_VP017_gonogo3_task_006_01"", ""atten_dsr_VP017_gonogo3_rest_006_00"", ""atten_dsr_VP017_gonogo3_rest_006_01""]",True,,0.8666296193387052,54,0.78,0.7688104245481295,0.8472222222222222,0.78,0.56
VP017,2023,existing_head_adaptation,0.30,0.3055555555555556,22,50,"{""0"": 11, ""1"": 11}","{""0"": 25, ""1"": 25}","[""atten_dsr_VP017_gonogo1_task_002_00"", ""atten_dsr_VP017_gonogo1_task_003_00"", ""atten_dsr_VP017_gonogo1_task_004_00"", ""atten_dsr_VP017_gonogo1_task_004_01"", ""atten_dsr_VP017_gonogo1_rest_004_00"", ""atten_dsr_VP017_gonogo1_task_005_00"", ""atten_dsr_VP017_gonogo1_rest_006_01"", ""atten_dsr_VP017_gonogo2_task_001_00"", ""atten_dsr_VP017_gonogo2_rest_001_01"", ""atten_dsr_VP017_gonogo2_rest_002_00"", ""atten_dsr_VP017_gonogo2_rest_003_01"", ""atten_dsr_VP017_gonogo2_task_004_01"", ""atten_dsr_VP017_gonogo2_rest_004_00"", ""atten_dsr_VP017_gonogo2_rest_006_00"", ""atten_dsr_VP017_gonogo3_task_001_00"", ""atten_dsr_VP017_gonogo3_task_001_01"", ""atten_dsr_VP017_gonogo3_rest_001_00"", ""atten_dsr_VP017_gonogo3_rest_002_00"", ""atten_dsr_VP017_gonogo3_task_003_00"", ""atten_dsr_VP017_gonogo3_rest_003_00"", ""atten_dsr_VP017_gonogo3_task_004_00"", ""atten_dsr_VP017_gonogo3_rest_005_00""]","[""atten_dsr_VP017_gonogo1_task_001_00"", ""atten_dsr_VP017_gonogo1_task_001_01"", ""atten_dsr_VP017_gonogo1_rest_001_00"", ""atten_dsr_VP017_gonogo1_rest_001_01"", ""atten_dsr_VP017_gonogo1_task_002_01"", ""atten_dsr_VP017_gonogo1_rest_002_00"", ""atten_dsr_VP017_gonogo1_rest_002_01"", ""atten_dsr_VP017_gonogo1_task_003_01"", ""atten_dsr_VP017_gonogo1_rest_003_00"", ""atten_dsr_VP017_gonogo1_rest_003_01"", ""atten_dsr_VP017_gonogo1_rest_004_01"", ""atten_dsr_VP017_gonogo1_task_005_01"", ""atten_dsr_VP017_gonogo1_rest_005_00"", ""atten_dsr_VP017_gonogo1_rest_005_01"", ""atten_dsr_VP017_gonogo1_task_006_00"", ""atten_dsr_VP017_gonogo1_task_006_01"", ""atten_dsr_VP017_gonogo1_rest_006_00"", ""atten_dsr_VP017_gonogo2_task_001_01"", ""atten_dsr_VP017_gonogo2_rest_001_00"", ""atten_dsr_VP017_gonogo2_task_002_00"", ""atten_dsr_VP017_gonogo2_task_002_01"", ""atten_dsr_VP017_gonogo2_rest_002_01"", ""atten_dsr_VP017_gonogo2_task_003_00"", ""atten_dsr_VP017_gonogo2_task_003_01"", ""atten_dsr_VP017_gonogo2_rest_003_00"", ""atten_dsr_VP017_gonogo2_task_004_00"", ""atten_dsr_VP017_gonogo2_rest_004_01"", ""atten_dsr_VP017_gonogo2_task_005_00"", ""atten_dsr_VP017_gonogo2_task_005_01"", ""atten_dsr_VP017_gonogo2_rest_005_00"", ""atten_dsr_VP017_gonogo2_rest_005_01"", ""atten_dsr_VP017_gonogo2_task_006_00"", ""atten_dsr_VP017_gonogo2_task_006_01"", ""atten_dsr_VP017_gonogo2_rest_006_01"", ""atten_dsr_VP017_gonogo3_rest_001_01"", ""atten_dsr_VP017_gonogo3_task_002_00"", ""atten_dsr_VP017_gonogo3_task_002_01"", ""atten_dsr_VP017_gonogo3_rest_002_01"", ""atten_dsr_VP017_gonogo3_task_003_01"", ""atten_dsr_VP017_gonogo3_rest_003_01"", ""atten_dsr_VP017_gonogo3_task_004_01"", ""atten_dsr_VP017_gonogo3_rest_004_00"", ""atten_dsr_VP017_gonogo3_rest_004_01"", ""atten_dsr_VP017_gonogo3_task_005_00"", ""atten_dsr_VP017_gonogo3_task_005_01"", ""atten_dsr_VP017_gonogo3_rest_005_01"", ""atten_dsr_VP017_gonogo3_task_006_00"", ""atten_dsr_VP017_gonogo3_task_006_01"", ""atten_dsr_VP017_gonogo3_rest_006_00"", ""atten_dsr_VP017_gonogo3_rest_006_01""]",True,,0.8666296193387052,54,0.76,0.75,0.8095238095238095,0.76,0.52
VP018,2023,source_only,0.30,0.3055555555555556,22,50,"{""0"": 11, ""1"": 11}","{""0"": 25, ""1"": 25}","[""atten_dsr_VP018_gonogo1_task_002_00"", ""atten_dsr_VP018_gonogo1_task_003_00"", ""atten_dsr_VP018_gonogo1_task_004_00"", ""atten_dsr_VP018_gonogo1_task_004_01"", ""atten_dsr_VP018_gonogo1_rest_004_00"", ""atten_dsr_VP018_gonogo1_task_005_00"", ""atten_dsr_VP018_gonogo1_rest_006_01"", ""atten_dsr_VP018_gonogo2_task_001_00"", ""atten_dsr_VP018_gonogo2_rest_001_01"", ""atten_dsr_VP018_gonogo2_rest_002_00"", ""atten_dsr_VP018_gonogo2_rest_003_01"", ""atten_dsr_VP018_gonogo2_task_004_01"", ""atten_dsr_VP018_gonogo2_rest_004_00"", ""atten_dsr_VP018_gonogo2_rest_006_00"", ""atten_dsr_VP018_gonogo3_task_001_00"", ""atten_dsr_VP018_gonogo3_task_001_01"", ""atten_dsr_VP018_gonogo3_rest_001_00"", ""atten_dsr_VP018_gonogo3_rest_002_00"", ""atten_dsr_VP018_gonogo3_task_003_00"", ""atten_dsr_VP018_gonogo3_rest_003_00"", ""atten_dsr_VP018_gonogo3_task_004_00"", ""atten_dsr_VP018_gonogo3_rest_005_00""]","[""atten_dsr_VP018_gonogo1_task_001_00"", ""atten_dsr_VP018_gonogo1_task_001_01"", ""atten_dsr_VP018_gonogo1_rest_001_00"", ""atten_dsr_VP018_gonogo1_rest_001_01"", ""atten_dsr_VP018_gonogo1_task_002_01"", ""atten_dsr_VP018_gonogo1_rest_002_00"", ""atten_dsr_VP018_gonogo1_rest_002_01"", ""atten_dsr_VP018_gonogo1_task_003_01"", ""atten_dsr_VP018_gonogo1_rest_003_00"", ""atten_dsr_VP018_gonogo1_rest_003_01"", ""atten_dsr_VP018_gonogo1_rest_004_01"", ""atten_dsr_VP018_gonogo1_task_005_01"", ""atten_dsr_VP018_gonogo1_rest_005_00"", ""atten_dsr_VP018_gonogo1_rest_005_01"", ""atten_dsr_VP018_gonogo1_task_006_00"", ""atten_dsr_VP018_gonogo1_task_006_01"", ""atten_dsr_VP018_gonogo1_rest_006_00"", ""atten_dsr_VP018_gonogo2_task_001_01"", ""atten_dsr_VP018_gonogo2_rest_001_00"", ""atten_dsr_VP018_gonogo2_task_002_00"", ""atten_dsr_VP018_gonogo2_task_002_01"", ""atten_dsr_VP018_gonogo2_rest_002_01"", ""atten_dsr_VP018_gonogo2_task_003_00"", ""atten_dsr_VP018_gonogo2_task_003_01"", ""atten_dsr_VP018_gonogo2_rest_003_00"", ""atten_dsr_VP018_gonogo2_task_004_00"", ""atten_dsr_VP018_gonogo2_rest_004_01"", ""atten_dsr_VP018_gonogo2_task_005_00"", ""atten_dsr_VP018_gonogo2_task_005_01"", ""atten_dsr_VP018_gonogo2_rest_005_00"", ""atten_dsr_VP018_gonogo2_rest_005_01"", ""atten_dsr_VP018_gonogo2_task_006_00"", ""atten_dsr_VP018_gonogo2_task_006_01"", ""atten_dsr_VP018_gonogo2_rest_006_01"", ""atten_dsr_VP018_gonogo3_rest_001_01"", ""atten_dsr_VP018_gonogo3_task_002_00"", ""atten_dsr_VP018_gonogo3_task_002_01"", ""atten_dsr_VP018_gonogo3_rest_002_01"", ""atten_dsr_VP018_gonogo3_task_003_01"", ""atten_dsr_VP018_gonogo3_rest_003_01"", ""atten_dsr_VP018_gonogo3_task_004_01"", ""atten_dsr_VP018_gonogo3_rest_004_00"", ""atten_dsr_VP018_gonogo3_rest_004_01"", ""atten_dsr_VP018_gonogo3_task_005_00"", ""atten_dsr_VP018_gonogo3_task_005_01"", ""atten_dsr_VP018_gonogo3_rest_005_01"", ""atten_dsr_VP018_gonogo3_task_006_00"", ""atten_dsr_VP018_gonogo3_task_006_01"", ""atten_dsr_VP018_gonogo3_rest_006_00"", ""atten_dsr_VP018_gonogo3_rest_006_01""]",True,,0.8384851016429964,57,0.82,0.8164014687882497,0.8472222222222222,0.8200000000000001,0.64
VP018,2023,existing_head_adaptation,0.30,0.3055555555555556,22,50,"{""0"": 11, ""1"": 11}","{""0"": 25, ""1"": 25}","[""atten_dsr_VP018_gonogo1_task_002_00"", ""atten_dsr_VP018_gonogo1_task_003_00"", ""atten_dsr_VP018_gonogo1_task_004_00"", ""atten_dsr_VP018_gonogo1_task_004_01"", ""atten_dsr_VP018_gonogo1_rest_004_00"", ""atten_dsr_VP018_gonogo1_task_005_00"", ""atten_dsr_VP018_gonogo1_rest_006_01"", ""atten_dsr_VP018_gonogo2_task_001_00"", ""atten_dsr_VP018_gonogo2_rest_001_01"", ""atten_dsr_VP018_gonogo2_rest_002_00"", ""atten_dsr_VP018_gonogo2_rest_003_01"", ""atten_dsr_VP018_gonogo2_task_004_01"", ""atten_dsr_VP018_gonogo2_rest_004_00"", ""atten_dsr_VP018_gonogo2_rest_006_00"", ""atten_dsr_VP018_gonogo3_task_001_00"", ""atten_dsr_VP018_gonogo3_task_001_01"", ""atten_dsr_VP018_gonogo3_rest_001_00"", ""atten_dsr_VP018_gonogo3_rest_002_00"", ""atten_dsr_VP018_gonogo3_task_003_00"", ""atten_dsr_VP018_gonogo3_rest_003_00"", ""atten_dsr_VP018_gonogo3_task_004_00"", ""atten_dsr_VP018_gonogo3_rest_005_00""]","[""atten_dsr_VP018_gonogo1_task_001_00"", ""atten_dsr_VP018_gonogo1_task_001_01"", ""atten_dsr_VP018_gonogo1_rest_001_00"", ""atten_dsr_VP018_gonogo1_rest_001_01"", ""atten_dsr_VP018_gonogo1_task_002_01"", ""atten_dsr_VP018_gonogo1_rest_002_00"", ""atten_dsr_VP018_gonogo1_rest_002_01"", ""atten_dsr_VP018_gonogo1_task_003_01"", ""atten_dsr_VP018_gonogo1_rest_003_00"", ""atten_dsr_VP018_gonogo1_rest_003_01"", ""atten_dsr_VP018_gonogo1_rest_004_01"", ""atten_dsr_VP018_gonogo1_task_005_01"", ""atten_dsr_VP018_gonogo1_rest_005_00"", ""atten_dsr_VP018_gonogo1_rest_005_01"", ""atten_dsr_VP018_gonogo1_task_006_00"", ""atten_dsr_VP018_gonogo1_task_006_01"", ""atten_dsr_VP018_gonogo1_rest_006_00"", ""atten_dsr_VP018_gonogo2_task_001_01"", ""atten_dsr_VP018_gonogo2_rest_001_00"", ""atten_dsr_VP018_gonogo2_task_002_00"", ""atten_dsr_VP018_gonogo2_task_002_01"", ""atten_dsr_VP018_gonogo2_rest_002_01"", ""atten_dsr_VP018_gonogo2_task_003_00"", ""atten_dsr_VP018_gonogo2_task_003_01"", ""atten_dsr_VP018_gonogo2_rest_003_00"", ""atten_dsr_VP018_gonogo2_task_004_00"", ""atten_dsr_VP018_gonogo2_rest_004_01"", ""atten_dsr_VP018_gonogo2_task_005_00"", ""atten_dsr_VP018_gonogo2_task_005_01"", ""atten_dsr_VP018_gonogo2_rest_005_00"", ""atten_dsr_VP018_gonogo2_rest_005_01"", ""atten_dsr_VP018_gonogo2_task_006_00"", ""atten_dsr_VP018_gonogo2_task_006_01"", ""atten_dsr_VP018_gonogo2_rest_006_01"", ""atten_dsr_VP018_gonogo3_rest_001_01"", ""atten_dsr_VP018_gonogo3_task_002_00"", ""atten_dsr_VP018_gonogo3_task_002_01"", ""atten_dsr_VP018_gonogo3_rest_002_01"", ""atten_dsr_VP018_gonogo3_task_003_01"", ""atten_dsr_VP018_gonogo3_rest_003_01"", ""atten_dsr_VP018_gonogo3_task_004_01"", ""atten_dsr_VP018_gonogo3_rest_004_00"", ""atten_dsr_VP018_gonogo3_rest_004_01"", ""atten_dsr_VP018_gonogo3_task_005_00"", ""atten_dsr_VP018_gonogo3_task_005_01"", ""atten_dsr_VP018_gonogo3_rest_005_01"", ""atten_dsr_VP018_gonogo3_task_006_00"", ""atten_dsr_VP018_gonogo3_task_006_01"", ""atten_dsr_VP018_gonogo3_rest_006_00"", ""atten_dsr_VP018_gonogo3_rest_006_01""]",True,,0.8384851016429964,57,0.82,0.8164014687882497,0.8472222222222222,0.8200000000000001,0.64
VP019,2023,source_only,0.30,0.3055555555555556,22,50,"{""0"": 11, ""1"": 11}","{""0"": 25, ""1"": 25}","[""atten_dsr_VP019_gonogo1_task_002_00"", ""atten_dsr_VP019_gonogo1_task_003_00"", ""atten_dsr_VP019_gonogo1_task_004_00"", ""atten_dsr_VP019_gonogo1_task_004_01"", ""atten_dsr_VP019_gonogo1_rest_004_00"", ""atten_dsr_VP019_gonogo1_task_005_00"", ""atten_dsr_VP019_gonogo1_rest_006_01"", ""atten_dsr_VP019_gonogo2_task_001_00"", ""atten_dsr_VP019_gonogo2_rest_001_01"", ""atten_dsr_VP019_gonogo2_rest_002_00"", ""atten_dsr_VP019_gonogo2_rest_003_01"", ""atten_dsr_VP019_gonogo2_task_004_01"", ""atten_dsr_VP019_gonogo2_rest_004_00"", ""atten_dsr_VP019_gonogo2_rest_006_00"", ""atten_dsr_VP019_gonogo3_task_001_00"", ""atten_dsr_VP019_gonogo3_task_001_01"", ""atten_dsr_VP019_gonogo3_rest_001_00"", ""atten_dsr_VP019_gonogo3_rest_002_00"", ""atten_dsr_VP019_gonogo3_task_003_00"", ""atten_dsr_VP019_gonogo3_rest_003_00"", ""atten_dsr_VP019_gonogo3_task_004_00"", ""atten_dsr_VP019_gonogo3_rest_005_00""]","[""atten_dsr_VP019_gonogo1_task_001_00"", ""atten_dsr_VP019_gonogo1_task_001_01"", ""atten_dsr_VP019_gonogo1_rest_001_00"", ""atten_dsr_VP019_gonogo1_rest_001_01"", ""atten_dsr_VP019_gonogo1_task_002_01"", ""atten_dsr_VP019_gonogo1_rest_002_00"", ""atten_dsr_VP019_gonogo1_rest_002_01"", ""atten_dsr_VP019_gonogo1_task_003_01"", ""atten_dsr_VP019_gonogo1_rest_003_00"", ""atten_dsr_VP019_gonogo1_rest_003_01"", ""atten_dsr_VP019_gonogo1_rest_004_01"", ""atten_dsr_VP019_gonogo1_task_005_01"", ""atten_dsr_VP019_gonogo1_rest_005_00"", ""atten_dsr_VP019_gonogo1_rest_005_01"", ""atten_dsr_VP019_gonogo1_task_006_00"", ""atten_dsr_VP019_gonogo1_task_006_01"", ""atten_dsr_VP019_gonogo1_rest_006_00"", ""atten_dsr_VP019_gonogo2_task_001_01"", ""atten_dsr_VP019_gonogo2_rest_001_00"", ""atten_dsr_VP019_gonogo2_task_002_00"", ""atten_dsr_VP019_gonogo2_task_002_01"", ""atten_dsr_VP019_gonogo2_rest_002_01"", ""atten_dsr_VP019_gonogo2_task_003_00"", ""atten_dsr_VP019_gonogo2_task_003_01"", ""atten_dsr_VP019_gonogo2_rest_003_00"", ""atten_dsr_VP019_gonogo2_task_004_00"", ""atten_dsr_VP019_gonogo2_rest_004_01"", ""atten_dsr_VP019_gonogo2_task_005_00"", ""atten_dsr_VP019_gonogo2_task_005_01"", ""atten_dsr_VP019_gonogo2_rest_005_00"", ""atten_dsr_VP019_gonogo2_rest_005_01"", ""atten_dsr_VP019_gonogo2_task_006_00"", ""atten_dsr_VP019_gonogo2_task_006_01"", ""atten_dsr_VP019_gonogo2_rest_006_01"", ""atten_dsr_VP019_gonogo3_rest_001_01"", ""atten_dsr_VP019_gonogo3_task_002_00"", ""atten_dsr_VP019_gonogo3_task_002_01"", ""atten_dsr_VP019_gonogo3_rest_002_01"", ""atten_dsr_VP019_gonogo3_task_003_01"", ""atten_dsr_VP019_gonogo3_rest_003_01"", ""atten_dsr_VP019_gonogo3_task_004_01"", ""atten_dsr_VP019_gonogo3_rest_004_00"", ""atten_dsr_VP019_gonogo3_rest_004_01"", ""atten_dsr_VP019_gonogo3_task_005_00"", ""atten_dsr_VP019_gonogo3_task_005_01"", ""atten_dsr_VP019_gonogo3_rest_005_01"", ""atten_dsr_VP019_gonogo3_task_006_00"", ""atten_dsr_VP019_gonogo3_task_006_01"", ""atten_dsr_VP019_gonogo3_rest_006_00"", ""atten_dsr_VP019_gonogo3_rest_006_01""]",True,,0.8606811145510835,66,0.78,0.7726333195535345,0.8216911764705883,0.78,0.56
VP019,2023,existing_head_adaptation,0.30,0.3055555555555556,22,50,"{""0"": 11, ""1"": 11}","{""0"": 25, ""1"": 25}","[""atten_dsr_VP019_gonogo1_task_002_00"", ""atten_dsr_VP019_gonogo1_task_003_00"", ""atten_dsr_VP019_gonogo1_task_004_00"", ""atten_dsr_VP019_gonogo1_task_004_01"", ""atten_dsr_VP019_gonogo1_rest_004_00"", ""atten_dsr_VP019_gonogo1_task_005_00"", ""atten_dsr_VP019_gonogo1_rest_006_01"", ""atten_dsr_VP019_gonogo2_task_001_00"", ""atten_dsr_VP019_gonogo2_rest_001_01"", ""atten_dsr_VP019_gonogo2_rest_002_00"", ""atten_dsr_VP019_gonogo2_rest_003_01"", ""atten_dsr_VP019_gonogo2_task_004_01"", ""atten_dsr_VP019_gonogo2_rest_004_00"", ""atten_dsr_VP019_gonogo2_rest_006_00"", ""atten_dsr_VP019_gonogo3_task_001_00"", ""atten_dsr_VP019_gonogo3_task_001_01"", ""atten_dsr_VP019_gonogo3_rest_001_00"", ""atten_dsr_VP019_gonogo3_rest_002_00"", ""atten_dsr_VP019_gonogo3_task_003_00"", ""atten_dsr_VP019_gonogo3_rest_003_00"", ""atten_dsr_VP019_gonogo3_task_004_00"", ""atten_dsr_VP019_gonogo3_rest_005_00""]","[""atten_dsr_VP019_gonogo1_task_001_00"", ""atten_dsr_VP019_gonogo1_task_001_01"", ""atten_dsr_VP019_gonogo1_rest_001_00"", ""atten_dsr_VP019_gonogo1_rest_001_01"", ""atten_dsr_VP019_gonogo1_task_002_01"", ""atten_dsr_VP019_gonogo1_rest_002_00"", ""atten_dsr_VP019_gonogo1_rest_002_01"", ""atten_dsr_VP019_gonogo1_task_003_01"", ""atten_dsr_VP019_gonogo1_rest_003_00"", ""atten_dsr_VP019_gonogo1_rest_003_01"", ""atten_dsr_VP019_gonogo1_rest_004_01"", ""atten_dsr_VP019_gonogo1_task_005_01"", ""atten_dsr_VP019_gonogo1_rest_005_00"", ""atten_dsr_VP019_gonogo1_rest_005_01"", ""atten_dsr_VP019_gonogo1_task_006_00"", ""atten_dsr_VP019_gonogo1_task_006_01"", ""atten_dsr_VP019_gonogo1_rest_006_00"", ""atten_dsr_VP019_gonogo2_task_001_01"", ""atten_dsr_VP019_gonogo2_rest_001_00"", ""atten_dsr_VP019_gonogo2_task_002_00"", ""atten_dsr_VP019_gonogo2_task_002_01"", ""atten_dsr_VP019_gonogo2_rest_002_01"", ""atten_dsr_VP019_gonogo2_task_003_00"", ""atten_dsr_VP019_gonogo2_task_003_01"", ""atten_dsr_VP019_gonogo2_rest_003_00"", ""atten_dsr_VP019_gonogo2_task_004_00"", ""atten_dsr_VP019_gonogo2_rest_004_01"", ""atten_dsr_VP019_gonogo2_task_005_00"", ""atten_dsr_VP019_gonogo2_task_005_01"", ""atten_dsr_VP019_gonogo2_rest_005_00"", ""atten_dsr_VP019_gonogo2_rest_005_01"", ""atten_dsr_VP019_gonogo2_task_006_00"", ""atten_dsr_VP019_gonogo2_task_006_01"", ""atten_dsr_VP019_gonogo2_rest_006_01"", ""atten_dsr_VP019_gonogo3_rest_001_01"", ""atten_dsr_VP019_gonogo3_task_002_00"", ""atten_dsr_VP019_gonogo3_task_002_01"", ""atten_dsr_VP019_gonogo3_rest_002_01"", ""atten_dsr_VP019_gonogo3_task_003_01"", ""atten_dsr_VP019_gonogo3_rest_003_01"", ""atten_dsr_VP019_gonogo3_task_004_01"", ""atten_dsr_VP019_gonogo3_rest_004_00"", ""atten_dsr_VP019_gonogo3_rest_004_01"", ""atten_dsr_VP019_gonogo3_task_005_00"", ""atten_dsr_VP019_gonogo3_task_005_01"", ""atten_dsr_VP019_gonogo3_rest_005_01"", ""atten_dsr_VP019_gonogo3_task_006_00"", ""atten_dsr_VP019_gonogo3_task_006_01"", ""atten_dsr_VP019_gonogo3_rest_006_00"", ""atten_dsr_VP019_gonogo3_rest_006_01""]",True,,0.8606811145510835,66,0.78,0.7726333195535345,0.8216911764705883,0.78,0.56
VP020,2023,source_only,0.30,0.3055555555555556,22,50,"{""0"": 11, ""1"": 11}","{""0"": 25, ""1"": 25}","[""atten_dsr_VP020_gonogo1_task_002_00"", ""atten_dsr_VP020_gonogo1_task_003_00"", ""atten_dsr_VP020_gonogo1_task_004_00"", ""atten_dsr_VP020_gonogo1_task_004_01"", ""atten_dsr_VP020_gonogo1_rest_004_00"", ""atten_dsr_VP020_gonogo1_task_005_00"", ""atten_dsr_VP020_gonogo1_rest_006_01"", ""atten_dsr_VP020_gonogo2_task_001_00"", ""atten_dsr_VP020_gonogo2_rest_001_01"", ""atten_dsr_VP020_gonogo2_rest_002_00"", ""atten_dsr_VP020_gonogo2_rest_003_01"", ""atten_dsr_VP020_gonogo2_task_004_01"", ""atten_dsr_VP020_gonogo2_rest_004_00"", ""atten_dsr_VP020_gonogo2_rest_006_00"", ""atten_dsr_VP020_gonogo3_task_001_00"", ""atten_dsr_VP020_gonogo3_task_001_01"", ""atten_dsr_VP020_gonogo3_rest_001_00"", ""atten_dsr_VP020_gonogo3_rest_002_00"", ""atten_dsr_VP020_gonogo3_task_003_00"", ""atten_dsr_VP020_gonogo3_rest_003_00"", ""atten_dsr_VP020_gonogo3_task_004_00"", ""atten_dsr_VP020_gonogo3_rest_005_00""]","[""atten_dsr_VP020_gonogo1_task_001_00"", ""atten_dsr_VP020_gonogo1_task_001_01"", ""atten_dsr_VP020_gonogo1_rest_001_00"", ""atten_dsr_VP020_gonogo1_rest_001_01"", ""atten_dsr_VP020_gonogo1_task_002_01"", ""atten_dsr_VP020_gonogo1_rest_002_00"", ""atten_dsr_VP020_gonogo1_rest_002_01"", ""atten_dsr_VP020_gonogo1_task_003_01"", ""atten_dsr_VP020_gonogo1_rest_003_00"", ""atten_dsr_VP020_gonogo1_rest_003_01"", ""atten_dsr_VP020_gonogo1_rest_004_01"", ""atten_dsr_VP020_gonogo1_task_005_01"", ""atten_dsr_VP020_gonogo1_rest_005_00"", ""atten_dsr_VP020_gonogo1_rest_005_01"", ""atten_dsr_VP020_gonogo1_task_006_00"", ""atten_dsr_VP020_gonogo1_task_006_01"", ""atten_dsr_VP020_gonogo1_rest_006_00"", ""atten_dsr_VP020_gonogo2_task_001_01"", ""atten_dsr_VP020_gonogo2_rest_001_00"", ""atten_dsr_VP020_gonogo2_task_002_00"", ""atten_dsr_VP020_gonogo2_task_002_01"", ""atten_dsr_VP020_gonogo2_rest_002_01"", ""atten_dsr_VP020_gonogo2_task_003_00"", ""atten_dsr_VP020_gonogo2_task_003_01"", ""atten_dsr_VP020_gonogo2_rest_003_00"", ""atten_dsr_VP020_gonogo2_task_004_00"", ""atten_dsr_VP020_gonogo2_rest_004_01"", ""atten_dsr_VP020_gonogo2_task_005_00"", ""atten_dsr_VP020_gonogo2_task_005_01"", ""atten_dsr_VP020_gonogo2_rest_005_00"", ""atten_dsr_VP020_gonogo2_rest_005_01"", ""atten_dsr_VP020_gonogo2_task_006_00"", ""atten_dsr_VP020_gonogo2_task_006_01"", ""atten_dsr_VP020_gonogo2_rest_006_01"", ""atten_dsr_VP020_gonogo3_rest_001_01"", ""atten_dsr_VP020_gonogo3_task_002_00"", ""atten_dsr_VP020_gonogo3_task_002_01"", ""atten_dsr_VP020_gonogo3_rest_002_01"", ""atten_dsr_VP020_gonogo3_task_003_01"", ""atten_dsr_VP020_gonogo3_rest_003_01"", ""atten_dsr_VP020_gonogo3_task_004_01"", ""atten_dsr_VP020_gonogo3_rest_004_00"", ""atten_dsr_VP020_gonogo3_rest_004_01"", ""atten_dsr_VP020_gonogo3_task_005_00"", ""atten_dsr_VP020_gonogo3_task_005_01"", ""atten_dsr_VP020_gonogo3_rest_005_01"", ""atten_dsr_VP020_gonogo3_task_006_00"", ""atten_dsr_VP020_gonogo3_task_006_01"", ""atten_dsr_VP020_gonogo3_rest_006_00"", ""atten_dsr_VP020_gonogo3_rest_006_01""]",True,,0.8803995951510843,77,0.74,0.7211497211497211,0.8289473684210527,0.74,0.48
VP020,2023,existing_head_adaptation,0.30,0.3055555555555556,22,50,"{""0"": 11, ""1"": 11}","{""0"": 25, ""1"": 25}","[""atten_dsr_VP020_gonogo1_task_002_00"", ""atten_dsr_VP020_gonogo1_task_003_00"", ""atten_dsr_VP020_gonogo1_task_004_00"", ""atten_dsr_VP020_gonogo1_task_004_01"", ""atten_dsr_VP020_gonogo1_rest_004_00"", ""atten_dsr_VP020_gonogo1_task_005_00"", ""atten_dsr_VP020_gonogo1_rest_006_01"", ""atten_dsr_VP020_gonogo2_task_001_00"", ""atten_dsr_VP020_gonogo2_rest_001_01"", ""atten_dsr_VP020_gonogo2_rest_002_00"", ""atten_dsr_VP020_gonogo2_rest_003_01"", ""atten_dsr_VP020_gonogo2_task_004_01"", ""atten_dsr_VP020_gonogo2_rest_004_00"", ""atten_dsr_VP020_gonogo2_rest_006_00"", ""atten_dsr_VP020_gonogo3_task_001_00"", ""atten_dsr_VP020_gonogo3_task_001_01"", ""atten_dsr_VP020_gonogo3_rest_001_00"", ""atten_dsr_VP020_gonogo3_rest_002_00"", ""atten_dsr_VP020_gonogo3_task_003_00"", ""atten_dsr_VP020_gonogo3_rest_003_00"", ""atten_dsr_VP020_gonogo3_task_004_00"", ""atten_dsr_VP020_gonogo3_rest_005_00""]","[""atten_dsr_VP020_gonogo1_task_001_00"", ""atten_dsr_VP020_gonogo1_task_001_01"", ""atten_dsr_VP020_gonogo1_rest_001_00"", ""atten_dsr_VP020_gonogo1_rest_001_01"", ""atten_dsr_VP020_gonogo1_task_002_01"", ""atten_dsr_VP020_gonogo1_rest_002_00"", ""atten_dsr_VP020_gonogo1_rest_002_01"", ""atten_dsr_VP020_gonogo1_task_003_01"", ""atten_dsr_VP020_gonogo1_rest_003_00"", ""atten_dsr_VP020_gonogo1_rest_003_01"", ""atten_dsr_VP020_gonogo1_rest_004_01"", ""atten_dsr_VP020_gonogo1_task_005_01"", ""atten_dsr_VP020_gonogo1_rest_005_00"", ""atten_dsr_VP020_gonogo1_rest_005_01"", ""atten_dsr_VP020_gonogo1_task_006_00"", ""atten_dsr_VP020_gonogo1_task_006_01"", ""atten_dsr_VP020_gonogo1_rest_006_00"", ""atten_dsr_VP020_gonogo2_task_001_01"", ""atten_dsr_VP020_gonogo2_rest_001_00"", ""atten_dsr_VP020_gonogo2_task_002_00"", ""atten_dsr_VP020_gonogo2_task_002_01"", ""atten_dsr_VP020_gonogo2_rest_002_01"", ""atten_dsr_VP020_gonogo2_task_003_00"", ""atten_dsr_VP020_gonogo2_task_003_01"", ""atten_dsr_VP020_gonogo2_rest_003_00"", ""atten_dsr_VP020_gonogo2_task_004_00"", ""atten_dsr_VP020_gonogo2_rest_004_01"", ""atten_dsr_VP020_gonogo2_task_005_00"", ""atten_dsr_VP020_gonogo2_task_005_01"", ""atten_dsr_VP020_gonogo2_rest_005_00"", ""atten_dsr_VP020_gonogo2_rest_005_01"", ""atten_dsr_VP020_gonogo2_task_006_00"", ""atten_dsr_VP020_gonogo2_task_006_01"", ""atten_dsr_VP020_gonogo2_rest_006_01"", ""atten_dsr_VP020_gonogo3_rest_001_01"", ""atten_dsr_VP020_gonogo3_task_002_00"", ""atten_dsr_VP020_gonogo3_task_002_01"", ""atten_dsr_VP020_gonogo3_rest_002_01"", ""atten_dsr_VP020_gonogo3_task_003_01"", ""atten_dsr_VP020_gonogo3_rest_003_01"", ""atten_dsr_VP020_gonogo3_task_004_01"", ""atten_dsr_VP020_gonogo3_rest_004_00"", ""atten_dsr_VP020_gonogo3_rest_004_01"", ""atten_dsr_VP020_gonogo3_task_005_00"", ""atten_dsr_VP020_gonogo3_task_005_01"", ""atten_dsr_VP020_gonogo3_rest_005_01"", ""atten_dsr_VP020_gonogo3_task_006_00"", ""atten_dsr_VP020_gonogo3_task_006_01"", ""atten_dsr_VP020_gonogo3_rest_006_00"", ""atten_dsr_VP020_gonogo3_rest_006_01""]",True,,0.8803995951510843,77,0.74,0.7211497211497211,0.8289473684210527,0.74,0.48
VP021,2023,source_only,0.30,0.3055555555555556,22,50,"{""0"": 11, ""1"": 11}","{""0"": 25, ""1"": 25}","[""atten_dsr_VP021_gonogo1_task_002_00"", ""atten_dsr_VP021_gonogo1_task_003_00"", ""atten_dsr_VP021_gonogo1_task_004_00"", ""atten_dsr_VP021_gonogo1_task_004_01"", ""atten_dsr_VP021_gonogo1_rest_004_00"", ""atten_dsr_VP021_gonogo1_task_005_00"", ""atten_dsr_VP021_gonogo1_rest_006_01"", ""atten_dsr_VP021_gonogo2_task_001_00"", ""atten_dsr_VP021_gonogo2_rest_001_01"", ""atten_dsr_VP021_gonogo2_rest_002_00"", ""atten_dsr_VP021_gonogo2_rest_003_01"", ""atten_dsr_VP021_gonogo2_task_004_01"", ""atten_dsr_VP021_gonogo2_rest_004_00"", ""atten_dsr_VP021_gonogo2_rest_006_00"", ""atten_dsr_VP021_gonogo3_task_001_00"", ""atten_dsr_VP021_gonogo3_task_001_01"", ""atten_dsr_VP021_gonogo3_rest_001_00"", ""atten_dsr_VP021_gonogo3_rest_002_00"", ""atten_dsr_VP021_gonogo3_task_003_00"", ""atten_dsr_VP021_gonogo3_rest_003_00"", ""atten_dsr_VP021_gonogo3_task_004_00"", ""atten_dsr_VP021_gonogo3_rest_005_00""]","[""atten_dsr_VP021_gonogo1_task_001_00"", ""atten_dsr_VP021_gonogo1_task_001_01"", ""atten_dsr_VP021_gonogo1_rest_001_00"", ""atten_dsr_VP021_gonogo1_rest_001_01"", ""atten_dsr_VP021_gonogo1_task_002_01"", ""atten_dsr_VP021_gonogo1_rest_002_00"", ""atten_dsr_VP021_gonogo1_rest_002_01"", ""atten_dsr_VP021_gonogo1_task_003_01"", ""atten_dsr_VP021_gonogo1_rest_003_00"", ""atten_dsr_VP021_gonogo1_rest_003_01"", ""atten_dsr_VP021_gonogo1_rest_004_01"", ""atten_dsr_VP021_gonogo1_task_005_01"", ""atten_dsr_VP021_gonogo1_rest_005_00"", ""atten_dsr_VP021_gonogo1_rest_005_01"", ""atten_dsr_VP021_gonogo1_task_006_00"", ""atten_dsr_VP021_gonogo1_task_006_01"", ""atten_dsr_VP021_gonogo1_rest_006_00"", ""atten_dsr_VP021_gonogo2_task_001_01"", ""atten_dsr_VP021_gonogo2_rest_001_00"", ""atten_dsr_VP021_gonogo2_task_002_00"", ""atten_dsr_VP021_gonogo2_task_002_01"", ""atten_dsr_VP021_gonogo2_rest_002_01"", ""atten_dsr_VP021_gonogo2_task_003_00"", ""atten_dsr_VP021_gonogo2_task_003_01"", ""atten_dsr_VP021_gonogo2_rest_003_00"", ""atten_dsr_VP021_gonogo2_task_004_00"", ""atten_dsr_VP021_gonogo2_rest_004_01"", ""atten_dsr_VP021_gonogo2_task_005_00"", ""atten_dsr_VP021_gonogo2_task_005_01"", ""atten_dsr_VP021_gonogo2_rest_005_00"", ""atten_dsr_VP021_gonogo2_rest_005_01"", ""atten_dsr_VP021_gonogo2_task_006_00"", ""atten_dsr_VP021_gonogo2_task_006_01"", ""atten_dsr_VP021_gonogo2_rest_006_01"", ""atten_dsr_VP021_gonogo3_rest_001_01"", ""atten_dsr_VP021_gonogo3_task_002_00"", ""atten_dsr_VP021_gonogo3_task_002_01"", ""atten_dsr_VP021_gonogo3_rest_002_01"", ""atten_dsr_VP021_gonogo3_task_003_01"", ""atten_dsr_VP021_gonogo3_rest_003_01"", ""atten_dsr_VP021_gonogo3_task_004_01"", ""atten_dsr_VP021_gonogo3_rest_004_00"", ""atten_dsr_VP021_gonogo3_rest_004_01"", ""atten_dsr_VP021_gonogo3_task_005_00"", ""atten_dsr_VP021_gonogo3_task_005_01"", ""atten_dsr_VP021_gonogo3_rest_005_01"", ""atten_dsr_VP021_gonogo3_task_006_00"", ""atten_dsr_VP021_gonogo3_task_006_01"", ""atten_dsr_VP021_gonogo3_rest_006_00"", ""atten_dsr_VP021_gonogo3_rest_006_01""]",True,,0.8412243982079712,67,0.76,0.7453310696095077,0.8378378378378378,0.76,0.52
VP021,2023,existing_head_adaptation,0.30,0.3055555555555556,22,50,"{""0"": 11, ""1"": 11}","{""0"": 25, ""1"": 25}","[""atten_dsr_VP021_gonogo1_task_002_00"", ""atten_dsr_VP021_gonogo1_task_003_00"", ""atten_dsr_VP021_gonogo1_task_004_00"", ""atten_dsr_VP021_gonogo1_task_004_01"", ""atten_dsr_VP021_gonogo1_rest_004_00"", ""atten_dsr_VP021_gonogo1_task_005_00"", ""atten_dsr_VP021_gonogo1_rest_006_01"", ""atten_dsr_VP021_gonogo2_task_001_00"", ""atten_dsr_VP021_gonogo2_rest_001_01"", ""atten_dsr_VP021_gonogo2_rest_002_00"", ""atten_dsr_VP021_gonogo2_rest_003_01"", ""atten_dsr_VP021_gonogo2_task_004_01"", ""atten_dsr_VP021_gonogo2_rest_004_00"", ""atten_dsr_VP021_gonogo2_rest_006_00"", ""atten_dsr_VP021_gonogo3_task_001_00"", ""atten_dsr_VP021_gonogo3_task_001_01"", ""atten_dsr_VP021_gonogo3_rest_001_00"", ""atten_dsr_VP021_gonogo3_rest_002_00"", ""atten_dsr_VP021_gonogo3_task_003_00"", ""atten_dsr_VP021_gonogo3_rest_003_00"", ""atten_dsr_VP021_gonogo3_task_004_00"", ""atten_dsr_VP021_gonogo3_rest_005_00""]","[""atten_dsr_VP021_gonogo1_task_001_00"", ""atten_dsr_VP021_gonogo1_task_001_01"", ""atten_dsr_VP021_gonogo1_rest_001_00"", ""atten_dsr_VP021_gonogo1_rest_001_01"", ""atten_dsr_VP021_gonogo1_task_002_01"", ""atten_dsr_VP021_gonogo1_rest_002_00"", ""atten_dsr_VP021_gonogo1_rest_002_01"", ""atten_dsr_VP021_gonogo1_task_003_01"", ""atten_dsr_VP021_gonogo1_rest_003_00"", ""atten_dsr_VP021_gonogo1_rest_003_01"", ""atten_dsr_VP021_gonogo1_rest_004_01"", ""atten_dsr_VP021_gonogo1_task_005_01"", ""atten_dsr_VP021_gonogo1_rest_005_00"", ""atten_dsr_VP021_gonogo1_rest_005_01"", ""atten_dsr_VP021_gonogo1_task_006_00"", ""atten_dsr_VP021_gonogo1_task_006_01"", ""atten_dsr_VP021_gonogo1_rest_006_00"", ""atten_dsr_VP021_gonogo2_task_001_01"", ""atten_dsr_VP021_gonogo2_rest_001_00"", ""atten_dsr_VP021_gonogo2_task_002_00"", ""atten_dsr_VP021_gonogo2_task_002_01"", ""atten_dsr_VP021_gonogo2_rest_002_01"", ""atten_dsr_VP021_gonogo2_task_003_00"", ""atten_dsr_VP021_gonogo2_task_003_01"", ""atten_dsr_VP021_gonogo2_rest_003_00"", ""atten_dsr_VP021_gonogo2_task_004_00"", ""atten_dsr_VP021_gonogo2_rest_004_01"", ""atten_dsr_VP021_gonogo2_task_005_00"", ""atten_dsr_VP021_gonogo2_task_005_01"", ""atten_dsr_VP021_gonogo2_rest_005_00"", ""atten_dsr_VP021_gonogo2_rest_005_01"", ""atten_dsr_VP021_gonogo2_task_006_00"", ""atten_dsr_VP021_gonogo2_task_006_01"", ""atten_dsr_VP021_gonogo2_rest_006_01"", ""atten_dsr_VP021_gonogo3_rest_001_01"", ""atten_dsr_VP021_gonogo3_task_002_00"", ""atten_dsr_VP021_gonogo3_task_002_01"", ""atten_dsr_VP021_gonogo3_rest_002_01"", ""atten_dsr_VP021_gonogo3_task_003_01"", ""atten_dsr_VP021_gonogo3_rest_003_01"", ""atten_dsr_VP021_gonogo3_task_004_01"", ""atten_dsr_VP021_gonogo3_rest_004_00"", ""atten_dsr_VP021_gonogo3_rest_004_01"", ""atten_dsr_VP021_gonogo3_task_005_00"", ""atten_dsr_VP021_gonogo3_task_005_01"", ""atten_dsr_VP021_gonogo3_rest_005_01"", ""atten_dsr_VP021_gonogo3_task_006_00"", ""atten_dsr_VP021_gonogo3_task_006_01"", ""atten_dsr_VP021_gonogo3_rest_006_00"", ""atten_dsr_VP021_gonogo3_rest_006_01""]",True,,0.8412243982079712,67,0.76,0.7453310696095077,0.8378378378378378,0.76,0.52
VP022,2023,source_only,0.30,0.3055555555555556,22,50,"{""0"": 11, ""1"": 11}","{""0"": 25, ""1"": 25}","[""atten_dsr_VP022_gonogo1_task_002_00"", ""atten_dsr_VP022_gonogo1_task_003_00"", ""atten_dsr_VP022_gonogo1_task_004_00"", ""atten_dsr_VP022_gonogo1_task_004_01"", ""atten_dsr_VP022_gonogo1_rest_004_00"", ""atten_dsr_VP022_gonogo1_task_005_00"", ""atten_dsr_VP022_gonogo1_rest_006_01"", ""atten_dsr_VP022_gonogo2_task_001_00"", ""atten_dsr_VP022_gonogo2_rest_001_01"", ""atten_dsr_VP022_gonogo2_rest_002_00"", ""atten_dsr_VP022_gonogo2_rest_003_01"", ""atten_dsr_VP022_gonogo2_task_004_01"", ""atten_dsr_VP022_gonogo2_rest_004_00"", ""atten_dsr_VP022_gonogo2_rest_006_00"", ""atten_dsr_VP022_gonogo3_task_001_00"", ""atten_dsr_VP022_gonogo3_task_001_01"", ""atten_dsr_VP022_gonogo3_rest_001_00"", ""atten_dsr_VP022_gonogo3_rest_002_00"", ""atten_dsr_VP022_gonogo3_task_003_00"", ""atten_dsr_VP022_gonogo3_rest_003_00"", ""atten_dsr_VP022_gonogo3_task_004_00"", ""atten_dsr_VP022_gonogo3_rest_005_00""]","[""atten_dsr_VP022_gonogo1_task_001_00"", ""atten_dsr_VP022_gonogo1_task_001_01"", ""atten_dsr_VP022_gonogo1_rest_001_00"", ""atten_dsr_VP022_gonogo1_rest_001_01"", ""atten_dsr_VP022_gonogo1_task_002_01"", ""atten_dsr_VP022_gonogo1_rest_002_00"", ""atten_dsr_VP022_gonogo1_rest_002_01"", ""atten_dsr_VP022_gonogo1_task_003_01"", ""atten_dsr_VP022_gonogo1_rest_003_00"", ""atten_dsr_VP022_gonogo1_rest_003_01"", ""atten_dsr_VP022_gonogo1_rest_004_01"", ""atten_dsr_VP022_gonogo1_task_005_01"", ""atten_dsr_VP022_gonogo1_rest_005_00"", ""atten_dsr_VP022_gonogo1_rest_005_01"", ""atten_dsr_VP022_gonogo1_task_006_00"", ""atten_dsr_VP022_gonogo1_task_006_01"", ""atten_dsr_VP022_gonogo1_rest_006_00"", ""atten_dsr_VP022_gonogo2_task_001_01"", ""atten_dsr_VP022_gonogo2_rest_001_00"", ""atten_dsr_VP022_gonogo2_task_002_00"", ""atten_dsr_VP022_gonogo2_task_002_01"", ""atten_dsr_VP022_gonogo2_rest_002_01"", ""atten_dsr_VP022_gonogo2_task_003_00"", ""atten_dsr_VP022_gonogo2_task_003_01"", ""atten_dsr_VP022_gonogo2_rest_003_00"", ""atten_dsr_VP022_gonogo2_task_004_00"", ""atten_dsr_VP022_gonogo2_rest_004_01"", ""atten_dsr_VP022_gonogo2_task_005_00"", ""atten_dsr_VP022_gonogo2_task_005_01"", ""atten_dsr_VP022_gonogo2_rest_005_00"", ""atten_dsr_VP022_gonogo2_rest_005_01"", ""atten_dsr_VP022_gonogo2_task_006_00"", ""atten_dsr_VP022_gonogo2_task_006_01"", ""atten_dsr_VP022_gonogo2_rest_006_01"", ""atten_dsr_VP022_gonogo3_rest_001_01"", ""atten_dsr_VP022_gonogo3_task_002_00"", ""atten_dsr_VP022_gonogo3_task_002_01"", ""atten_dsr_VP022_gonogo3_rest_002_01"", ""atten_dsr_VP022_gonogo3_task_003_01"", ""atten_dsr_VP022_gonogo3_rest_003_01"", ""atten_dsr_VP022_gonogo3_task_004_01"", ""atten_dsr_VP022_gonogo3_rest_004_00"", ""atten_dsr_VP022_gonogo3_rest_004_01"", ""atten_dsr_VP022_gonogo3_task_005_00"", ""atten_dsr_VP022_gonogo3_task_005_01"", ""atten_dsr_VP022_gonogo3_rest_005_01"", ""atten_dsr_VP022_gonogo3_task_006_00"", ""atten_dsr_VP022_gonogo3_task_006_01"", ""atten_dsr_VP022_gonogo3_rest_006_00"", ""atten_dsr_VP022_gonogo3_rest_006_01""]",True,,0.8609007449537882,72,0.7,0.6940024479804161,0.7170138888888888,0.7,0.4
VP022,2023,existing_head_adaptation,0.30,0.3055555555555556,22,50,"{""0"": 11, ""1"": 11}","{""0"": 25, ""1"": 25}","[""atten_dsr_VP022_gonogo1_task_002_00"", ""atten_dsr_VP022_gonogo1_task_003_00"", ""atten_dsr_VP022_gonogo1_task_004_00"", ""atten_dsr_VP022_gonogo1_task_004_01"", ""atten_dsr_VP022_gonogo1_rest_004_00"", ""atten_dsr_VP022_gonogo1_task_005_00"", ""atten_dsr_VP022_gonogo1_rest_006_01"", ""atten_dsr_VP022_gonogo2_task_001_00"", ""atten_dsr_VP022_gonogo2_rest_001_01"", ""atten_dsr_VP022_gonogo2_rest_002_00"", ""atten_dsr_VP022_gonogo2_rest_003_01"", ""atten_dsr_VP022_gonogo2_task_004_01"", ""atten_dsr_VP022_gonogo2_rest_004_00"", ""atten_dsr_VP022_gonogo2_rest_006_00"", ""atten_dsr_VP022_gonogo3_task_001_00"", ""atten_dsr_VP022_gonogo3_task_001_01"", ""atten_dsr_VP022_gonogo3_rest_001_00"", ""atten_dsr_VP022_gonogo3_rest_002_00"", ""atten_dsr_VP022_gonogo3_task_003_00"", ""atten_dsr_VP022_gonogo3_rest_003_00"", ""atten_dsr_VP022_gonogo3_task_004_00"", ""atten_dsr_VP022_gonogo3_rest_005_00""]","[""atten_dsr_VP022_gonogo1_task_001_00"", ""atten_dsr_VP022_gonogo1_task_001_01"", ""atten_dsr_VP022_gonogo1_rest_001_00"", ""atten_dsr_VP022_gonogo1_rest_001_01"", ""atten_dsr_VP022_gonogo1_task_002_01"", ""atten_dsr_VP022_gonogo1_rest_002_00"", ""atten_dsr_VP022_gonogo1_rest_002_01"", ""atten_dsr_VP022_gonogo1_task_003_01"", ""atten_dsr_VP022_gonogo1_rest_003_00"", ""atten_dsr_VP022_gonogo1_rest_003_01"", ""atten_dsr_VP022_gonogo1_rest_004_01"", ""atten_dsr_VP022_gonogo1_task_005_01"", ""atten_dsr_VP022_gonogo1_rest_005_00"", ""atten_dsr_VP022_gonogo1_rest_005_01"", ""atten_dsr_VP022_gonogo1_task_006_00"", ""atten_dsr_VP022_gonogo1_task_006_01"", ""atten_dsr_VP022_gonogo1_rest_006_00"", ""atten_dsr_VP022_gonogo2_task_001_01"", ""atten_dsr_VP022_gonogo2_rest_001_00"", ""atten_dsr_VP022_gonogo2_task_002_00"", ""atten_dsr_VP022_gonogo2_task_002_01"", ""atten_dsr_VP022_gonogo2_rest_002_01"", ""atten_dsr_VP022_gonogo2_task_003_00"", ""atten_dsr_VP022_gonogo2_task_003_01"", ""atten_dsr_VP022_gonogo2_rest_003_00"", ""atten_dsr_VP022_gonogo2_task_004_00"", ""atten_dsr_VP022_gonogo2_rest_004_01"", ""atten_dsr_VP022_gonogo2_task_005_00"", ""atten_dsr_VP022_gonogo2_task_005_01"", ""atten_dsr_VP022_gonogo2_rest_005_00"", ""atten_dsr_VP022_gonogo2_rest_005_01"", ""atten_dsr_VP022_gonogo2_task_006_00"", ""atten_dsr_VP022_gonogo2_task_006_01"", ""atten_dsr_VP022_gonogo2_rest_006_01"", ""atten_dsr_VP022_gonogo3_rest_001_01"", ""atten_dsr_VP022_gonogo3_task_002_00"", ""atten_dsr_VP022_gonogo3_task_002_01"", ""atten_dsr_VP022_gonogo3_rest_002_01"", ""atten_dsr_VP022_gonogo3_task_003_01"", ""atten_dsr_VP022_gonogo3_rest_003_01"", ""atten_dsr_VP022_gonogo3_task_004_01"", ""atten_dsr_VP022_gonogo3_rest_004_00"", ""atten_dsr_VP022_gonogo3_rest_004_01"", ""atten_dsr_VP022_gonogo3_task_005_00"", ""atten_dsr_VP022_gonogo3_task_005_01"", ""atten_dsr_VP022_gonogo3_rest_005_01"", ""atten_dsr_VP022_gonogo3_task_006_00"", ""atten_dsr_VP022_gonogo3_task_006_01"", ""atten_dsr_VP022_gonogo3_rest_006_00"", ""atten_dsr_VP022_gonogo3_rest_006_01""]",True,,0.8609007449537882,72,0.7,0.6940024479804161,0.7170138888888888,0.7,0.4
VP023,2023,source_only,0.30,0.3055555555555556,22,50,"{""0"": 11, ""1"": 11}","{""0"": 25, ""1"": 25}","[""atten_dsr_VP023_gonogo1_task_002_00"", ""atten_dsr_VP023_gonogo1_task_003_00"", ""atten_dsr_VP023_gonogo1_task_004_00"", ""atten_dsr_VP023_gonogo1_task_004_01"", ""atten_dsr_VP023_gonogo1_rest_004_00"", ""atten_dsr_VP023_gonogo1_task_005_00"", ""atten_dsr_VP023_gonogo1_rest_006_01"", ""atten_dsr_VP023_gonogo2_task_001_00"", ""atten_dsr_VP023_gonogo2_rest_001_01"", ""atten_dsr_VP023_gonogo2_rest_002_00"", ""atten_dsr_VP023_gonogo2_rest_003_01"", ""atten_dsr_VP023_gonogo2_task_004_01"", ""atten_dsr_VP023_gonogo2_rest_004_00"", ""atten_dsr_VP023_gonogo2_rest_006_00"", ""atten_dsr_VP023_gonogo3_task_001_00"", ""atten_dsr_VP023_gonogo3_task_001_01"", ""atten_dsr_VP023_gonogo3_rest_001_00"", ""atten_dsr_VP023_gonogo3_rest_002_00"", ""atten_dsr_VP023_gonogo3_task_003_00"", ""atten_dsr_VP023_gonogo3_rest_003_00"", ""atten_dsr_VP023_gonogo3_task_004_00"", ""atten_dsr_VP023_gonogo3_rest_005_00""]","[""atten_dsr_VP023_gonogo1_task_001_00"", ""atten_dsr_VP023_gonogo1_task_001_01"", ""atten_dsr_VP023_gonogo1_rest_001_00"", ""atten_dsr_VP023_gonogo1_rest_001_01"", ""atten_dsr_VP023_gonogo1_task_002_01"", ""atten_dsr_VP023_gonogo1_rest_002_00"", ""atten_dsr_VP023_gonogo1_rest_002_01"", ""atten_dsr_VP023_gonogo1_task_003_01"", ""atten_dsr_VP023_gonogo1_rest_003_00"", ""atten_dsr_VP023_gonogo1_rest_003_01"", ""atten_dsr_VP023_gonogo1_rest_004_01"", ""atten_dsr_VP023_gonogo1_task_005_01"", ""atten_dsr_VP023_gonogo1_rest_005_00"", ""atten_dsr_VP023_gonogo1_rest_005_01"", ""atten_dsr_VP023_gonogo1_task_006_00"", ""atten_dsr_VP023_gonogo1_task_006_01"", ""atten_dsr_VP023_gonogo1_rest_006_00"", ""atten_dsr_VP023_gonogo2_task_001_01"", ""atten_dsr_VP023_gonogo2_rest_001_00"", ""atten_dsr_VP023_gonogo2_task_002_00"", ""atten_dsr_VP023_gonogo2_task_002_01"", ""atten_dsr_VP023_gonogo2_rest_002_01"", ""atten_dsr_VP023_gonogo2_task_003_00"", ""atten_dsr_VP023_gonogo2_task_003_01"", ""atten_dsr_VP023_gonogo2_rest_003_00"", ""atten_dsr_VP023_gonogo2_task_004_00"", ""atten_dsr_VP023_gonogo2_rest_004_01"", ""atten_dsr_VP023_gonogo2_task_005_00"", ""atten_dsr_VP023_gonogo2_task_005_01"", ""atten_dsr_VP023_gonogo2_rest_005_00"", ""atten_dsr_VP023_gonogo2_rest_005_01"", ""atten_dsr_VP023_gonogo2_task_006_00"", ""atten_dsr_VP023_gonogo2_task_006_01"", ""atten_dsr_VP023_gonogo2_rest_006_01"", ""atten_dsr_VP023_gonogo3_rest_001_01"", ""atten_dsr_VP023_gonogo3_task_002_00"", ""atten_dsr_VP023_gonogo3_task_002_01"", ""atten_dsr_VP023_gonogo3_rest_002_01"", ""atten_dsr_VP023_gonogo3_task_003_01"", ""atten_dsr_VP023_gonogo3_rest_003_01"", ""atten_dsr_VP023_gonogo3_task_004_01"", ""atten_dsr_VP023_gonogo3_rest_004_00"", ""atten_dsr_VP023_gonogo3_rest_004_01"", ""atten_dsr_VP023_gonogo3_task_005_00"", ""atten_dsr_VP023_gonogo3_task_005_01"", ""atten_dsr_VP023_gonogo3_rest_005_01"", ""atten_dsr_VP023_gonogo3_task_006_00"", ""atten_dsr_VP023_gonogo3_task_006_01"", ""atten_dsr_VP023_gonogo3_rest_006_00"", ""atten_dsr_VP023_gonogo3_rest_006_01""]",True,,0.8386448641463943,68,0.72,0.7028862478777589,0.7858627858627859,0.72,0.43999999999999995
VP023,2023,existing_head_adaptation,0.30,0.3055555555555556,22,50,"{""0"": 11, ""1"": 11}","{""0"": 25, ""1"": 25}","[""atten_dsr_VP023_gonogo1_task_002_00"", ""atten_dsr_VP023_gonogo1_task_003_00"", ""atten_dsr_VP023_gonogo1_task_004_00"", ""atten_dsr_VP023_gonogo1_task_004_01"", ""atten_dsr_VP023_gonogo1_rest_004_00"", ""atten_dsr_VP023_gonogo1_task_005_00"", ""atten_dsr_VP023_gonogo1_rest_006_01"", ""atten_dsr_VP023_gonogo2_task_001_00"", ""atten_dsr_VP023_gonogo2_rest_001_01"", ""atten_dsr_VP023_gonogo2_rest_002_00"", ""atten_dsr_VP023_gonogo2_rest_003_01"", ""atten_dsr_VP023_gonogo2_task_004_01"", ""atten_dsr_VP023_gonogo2_rest_004_00"", ""atten_dsr_VP023_gonogo2_rest_006_00"", ""atten_dsr_VP023_gonogo3_task_001_00"", ""atten_dsr_VP023_gonogo3_task_001_01"", ""atten_dsr_VP023_gonogo3_rest_001_00"", ""atten_dsr_VP023_gonogo3_rest_002_00"", ""atten_dsr_VP023_gonogo3_task_003_00"", ""atten_dsr_VP023_gonogo3_rest_003_00"", ""atten_dsr_VP023_gonogo3_task_004_00"", ""atten_dsr_VP023_gonogo3_rest_005_00""]","[""atten_dsr_VP023_gonogo1_task_001_00"", ""atten_dsr_VP023_gonogo1_task_001_01"", ""atten_dsr_VP023_gonogo1_rest_001_00"", ""atten_dsr_VP023_gonogo1_rest_001_01"", ""atten_dsr_VP023_gonogo1_task_002_01"", ""atten_dsr_VP023_gonogo1_rest_002_00"", ""atten_dsr_VP023_gonogo1_rest_002_01"", ""atten_dsr_VP023_gonogo1_task_003_01"", ""atten_dsr_VP023_gonogo1_rest_003_00"", ""atten_dsr_VP023_gonogo1_rest_003_01"", ""atten_dsr_VP023_gonogo1_rest_004_01"", ""atten_dsr_VP023_gonogo1_task_005_01"", ""atten_dsr_VP023_gonogo1_rest_005_00"", ""atten_dsr_VP023_gonogo1_rest_005_01"", ""atten_dsr_VP023_gonogo1_task_006_00"", ""atten_dsr_VP023_gonogo1_task_006_01"", ""atten_dsr_VP023_gonogo1_rest_006_00"", ""atten_dsr_VP023_gonogo2_task_001_01"", ""atten_dsr_VP023_gonogo2_rest_001_00"", ""atten_dsr_VP023_gonogo2_task_002_00"", ""atten_dsr_VP023_gonogo2_task_002_01"", ""atten_dsr_VP023_gonogo2_rest_002_01"", ""atten_dsr_VP023_gonogo2_task_003_00"", ""atten_dsr_VP023_gonogo2_task_003_01"", ""atten_dsr_VP023_gonogo2_rest_003_00"", ""atten_dsr_VP023_gonogo2_task_004_00"", ""atten_dsr_VP023_gonogo2_rest_004_01"", ""atten_dsr_VP023_gonogo2_task_005_00"", ""atten_dsr_VP023_gonogo2_task_005_01"", ""atten_dsr_VP023_gonogo2_rest_005_00"", ""atten_dsr_VP023_gonogo2_rest_005_01"", ""atten_dsr_VP023_gonogo2_task_006_00"", ""atten_dsr_VP023_gonogo2_task_006_01"", ""atten_dsr_VP023_gonogo2_rest_006_01"", ""atten_dsr_VP023_gonogo3_rest_001_01"", ""atten_dsr_VP023_gonogo3_task_002_00"", ""atten_dsr_VP023_gonogo3_task_002_01"", ""atten_dsr_VP023_gonogo3_rest_002_01"", ""atten_dsr_VP023_gonogo3_task_003_01"", ""atten_dsr_VP023_gonogo3_rest_003_01"", ""atten_dsr_VP023_gonogo3_task_004_01"", ""atten_dsr_VP023_gonogo3_rest_004_00"", ""atten_dsr_VP023_gonogo3_rest_004_01"", ""atten_dsr_VP023_gonogo3_task_005_00"", ""atten_dsr_VP023_gonogo3_task_005_01"", ""atten_dsr_VP023_gonogo3_rest_005_01"", ""atten_dsr_VP023_gonogo3_task_006_00"", ""atten_dsr_VP023_gonogo3_task_006_01"", ""atten_dsr_VP023_gonogo3_rest_006_00"", ""atten_dsr_VP023_gonogo3_rest_006_01""]",True,,0.8386448641463943,68,0.72,0.7028862478777589,0.7858627858627859,0.72,0.43999999999999995
VP024,2023,source_only,0.30,0.3055555555555556,22,50,"{""0"": 11, ""1"": 11}","{""0"": 25, ""1"": 25}","[""atten_dsr_VP024_gonogo1_task_002_00"", ""atten_dsr_VP024_gonogo1_task_003_00"", ""atten_dsr_VP024_gonogo1_task_004_00"", ""atten_dsr_VP024_gonogo1_task_004_01"", ""atten_dsr_VP024_gonogo1_rest_004_00"", ""atten_dsr_VP024_gonogo1_task_005_00"", ""atten_dsr_VP024_gonogo1_rest_006_01"", ""atten_dsr_VP024_gonogo2_task_001_00"", ""atten_dsr_VP024_gonogo2_rest_001_01"", ""atten_dsr_VP024_gonogo2_rest_002_00"", ""atten_dsr_VP024_gonogo2_rest_003_01"", ""atten_dsr_VP024_gonogo2_task_004_01"", ""atten_dsr_VP024_gonogo2_rest_004_00"", ""atten_dsr_VP024_gonogo2_rest_006_00"", ""atten_dsr_VP024_gonogo3_task_001_00"", ""atten_dsr_VP024_gonogo3_task_001_01"", ""atten_dsr_VP024_gonogo3_rest_001_00"", ""atten_dsr_VP024_gonogo3_rest_002_00"", ""atten_dsr_VP024_gonogo3_task_003_00"", ""atten_dsr_VP024_gonogo3_rest_003_00"", ""atten_dsr_VP024_gonogo3_task_004_00"", ""atten_dsr_VP024_gonogo3_rest_005_00""]","[""atten_dsr_VP024_gonogo1_task_001_00"", ""atten_dsr_VP024_gonogo1_task_001_01"", ""atten_dsr_VP024_gonogo1_rest_001_00"", ""atten_dsr_VP024_gonogo1_rest_001_01"", ""atten_dsr_VP024_gonogo1_task_002_01"", ""atten_dsr_VP024_gonogo1_rest_002_00"", ""atten_dsr_VP024_gonogo1_rest_002_01"", ""atten_dsr_VP024_gonogo1_task_003_01"", ""atten_dsr_VP024_gonogo1_rest_003_00"", ""atten_dsr_VP024_gonogo1_rest_003_01"", ""atten_dsr_VP024_gonogo1_rest_004_01"", ""atten_dsr_VP024_gonogo1_task_005_01"", ""atten_dsr_VP024_gonogo1_rest_005_00"", ""atten_dsr_VP024_gonogo1_rest_005_01"", ""atten_dsr_VP024_gonogo1_task_006_00"", ""atten_dsr_VP024_gonogo1_task_006_01"", ""atten_dsr_VP024_gonogo1_rest_006_00"", ""atten_dsr_VP024_gonogo2_task_001_01"", ""atten_dsr_VP024_gonogo2_rest_001_00"", ""atten_dsr_VP024_gonogo2_task_002_00"", ""atten_dsr_VP024_gonogo2_task_002_01"", ""atten_dsr_VP024_gonogo2_rest_002_01"", ""atten_dsr_VP024_gonogo2_task_003_00"", ""atten_dsr_VP024_gonogo2_task_003_01"", ""atten_dsr_VP024_gonogo2_rest_003_00"", ""atten_dsr_VP024_gonogo2_task_004_00"", ""atten_dsr_VP024_gonogo2_rest_004_01"", ""atten_dsr_VP024_gonogo2_task_005_00"", ""atten_dsr_VP024_gonogo2_task_005_01"", ""atten_dsr_VP024_gonogo2_rest_005_00"", ""atten_dsr_VP024_gonogo2_rest_005_01"", ""atten_dsr_VP024_gonogo2_task_006_00"", ""atten_dsr_VP024_gonogo2_task_006_01"", ""atten_dsr_VP024_gonogo2_rest_006_01"", ""atten_dsr_VP024_gonogo3_rest_001_01"", ""atten_dsr_VP024_gonogo3_task_002_00"", ""atten_dsr_VP024_gonogo3_task_002_01"", ""atten_dsr_VP024_gonogo3_rest_002_01"", ""atten_dsr_VP024_gonogo3_task_003_01"", ""atten_dsr_VP024_gonogo3_rest_003_01"", ""atten_dsr_VP024_gonogo3_task_004_01"", ""atten_dsr_VP024_gonogo3_rest_004_00"", ""atten_dsr_VP024_gonogo3_rest_004_01"", ""atten_dsr_VP024_gonogo3_task_005_00"", ""atten_dsr_VP024_gonogo3_task_005_01"", ""atten_dsr_VP024_gonogo3_rest_005_01"", ""atten_dsr_VP024_gonogo3_task_006_00"", ""atten_dsr_VP024_gonogo3_task_006_01"", ""atten_dsr_VP024_gonogo3_rest_006_00"", ""atten_dsr_VP024_gonogo3_rest_006_01""]",True,,0.8333127546610692,17,0.7,0.6989160979526294,0.702922077922078,0.7,0.4
VP024,2023,existing_head_adaptation,0.30,0.3055555555555556,22,50,"{""0"": 11, ""1"": 11}","{""0"": 25, ""1"": 25}","[""atten_dsr_VP024_gonogo1_task_002_00"", ""atten_dsr_VP024_gonogo1_task_003_00"", ""atten_dsr_VP024_gonogo1_task_004_00"", ""atten_dsr_VP024_gonogo1_task_004_01"", ""atten_dsr_VP024_gonogo1_rest_004_00"", ""atten_dsr_VP024_gonogo1_task_005_00"", ""atten_dsr_VP024_gonogo1_rest_006_01"", ""atten_dsr_VP024_gonogo2_task_001_00"", ""atten_dsr_VP024_gonogo2_rest_001_01"", ""atten_dsr_VP024_gonogo2_rest_002_00"", ""atten_dsr_VP024_gonogo2_rest_003_01"", ""atten_dsr_VP024_gonogo2_task_004_01"", ""atten_dsr_VP024_gonogo2_rest_004_00"", ""atten_dsr_VP024_gonogo2_rest_006_00"", ""atten_dsr_VP024_gonogo3_task_001_00"", ""atten_dsr_VP024_gonogo3_task_001_01"", ""atten_dsr_VP024_gonogo3_rest_001_00"", ""atten_dsr_VP024_gonogo3_rest_002_00"", ""atten_dsr_VP024_gonogo3_task_003_00"", ""atten_dsr_VP024_gonogo3_rest_003_00"", ""atten_dsr_VP024_gonogo3_task_004_00"", ""atten_dsr_VP024_gonogo3_rest_005_00""]","[""atten_dsr_VP024_gonogo1_task_001_00"", ""atten_dsr_VP024_gonogo1_task_001_01"", ""atten_dsr_VP024_gonogo1_rest_001_00"", ""atten_dsr_VP024_gonogo1_rest_001_01"", ""atten_dsr_VP024_gonogo1_task_002_01"", ""atten_dsr_VP024_gonogo1_rest_002_00"", ""atten_dsr_VP024_gonogo1_rest_002_01"", ""atten_dsr_VP024_gonogo1_task_003_01"", ""atten_dsr_VP024_gonogo1_rest_003_00"", ""atten_dsr_VP024_gonogo1_rest_003_01"", ""atten_dsr_VP024_gonogo1_rest_004_01"", ""atten_dsr_VP024_gonogo1_task_005_01"", ""atten_dsr_VP024_gonogo1_rest_005_00"", ""atten_dsr_VP024_gonogo1_rest_005_01"", ""atten_dsr_VP024_gonogo1_task_006_00"", ""atten_dsr_VP024_gonogo1_task_006_01"", ""atten_dsr_VP024_gonogo1_rest_006_00"", ""atten_dsr_VP024_gonogo2_task_001_01"", ""atten_dsr_VP024_gonogo2_rest_001_00"", ""atten_dsr_VP024_gonogo2_task_002_00"", ""atten_dsr_VP024_gonogo2_task_002_01"", ""atten_dsr_VP024_gonogo2_rest_002_01"", ""atten_dsr_VP024_gonogo2_task_003_00"", ""atten_dsr_VP024_gonogo2_task_003_01"", ""atten_dsr_VP024_gonogo2_rest_003_00"", ""atten_dsr_VP024_gonogo2_task_004_00"", ""atten_dsr_VP024_gonogo2_rest_004_01"", ""atten_dsr_VP024_gonogo2_task_005_00"", ""atten_dsr_VP024_gonogo2_task_005_01"", ""atten_dsr_VP024_gonogo2_rest_005_00"", ""atten_dsr_VP024_gonogo2_rest_005_01"", ""atten_dsr_VP024_gonogo2_task_006_00"", ""atten_dsr_VP024_gonogo2_task_006_01"", ""atten_dsr_VP024_gonogo2_rest_006_01"", ""atten_dsr_VP024_gonogo3_rest_001_01"", ""atten_dsr_VP024_gonogo3_task_002_00"", ""atten_dsr_VP024_gonogo3_task_002_01"", ""atten_dsr_VP024_gonogo3_rest_002_01"", ""atten_dsr_VP024_gonogo3_task_003_01"", ""atten_dsr_VP024_gonogo3_rest_003_01"", ""atten_dsr_VP024_gonogo3_task_004_01"", ""atten_dsr_VP024_gonogo3_rest_004_00"", ""atten_dsr_VP024_gonogo3_rest_004_01"", ""atten_dsr_VP024_gonogo3_task_005_00"", ""atten_dsr_VP024_gonogo3_task_005_01"", ""atten_dsr_VP024_gonogo3_rest_005_01"", ""atten_dsr_VP024_gonogo3_task_006_00"", ""atten_dsr_VP024_gonogo3_task_006_01"", ""atten_dsr_VP024_gonogo3_rest_006_00"", ""atten_dsr_VP024_gonogo3_rest_006_01""]",True,,0.8333127546610692,17,0.68,0.6794871794871795,0.681159420289855,0.6799999999999999,0.36
VP025,2023,source_only,0.30,0.3055555555555556,22,50,"{""0"": 11, ""1"": 11}","{""0"": 25, ""1"": 25}","[""atten_dsr_VP025_gonogo1_task_002_00"", ""atten_dsr_VP025_gonogo1_task_003_00"", ""atten_dsr_VP025_gonogo1_task_004_00"", ""atten_dsr_VP025_gonogo1_task_004_01"", ""atten_dsr_VP025_gonogo1_rest_004_00"", ""atten_dsr_VP025_gonogo1_task_005_00"", ""atten_dsr_VP025_gonogo1_rest_006_01"", ""atten_dsr_VP025_gonogo2_task_001_00"", ""atten_dsr_VP025_gonogo2_rest_001_01"", ""atten_dsr_VP025_gonogo2_rest_002_00"", ""atten_dsr_VP025_gonogo2_rest_003_01"", ""atten_dsr_VP025_gonogo2_task_004_01"", ""atten_dsr_VP025_gonogo2_rest_004_00"", ""atten_dsr_VP025_gonogo2_rest_006_00"", ""atten_dsr_VP025_gonogo3_task_001_00"", ""atten_dsr_VP025_gonogo3_task_001_01"", ""atten_dsr_VP025_gonogo3_rest_001_00"", ""atten_dsr_VP025_gonogo3_rest_002_00"", ""atten_dsr_VP025_gonogo3_task_003_00"", ""atten_dsr_VP025_gonogo3_rest_003_00"", ""atten_dsr_VP025_gonogo3_task_004_00"", ""atten_dsr_VP025_gonogo3_rest_005_00""]","[""atten_dsr_VP025_gonogo1_task_001_00"", ""atten_dsr_VP025_gonogo1_task_001_01"", ""atten_dsr_VP025_gonogo1_rest_001_00"", ""atten_dsr_VP025_gonogo1_rest_001_01"", ""atten_dsr_VP025_gonogo1_task_002_01"", ""atten_dsr_VP025_gonogo1_rest_002_00"", ""atten_dsr_VP025_gonogo1_rest_002_01"", ""atten_dsr_VP025_gonogo1_task_003_01"", ""atten_dsr_VP025_gonogo1_rest_003_00"", ""atten_dsr_VP025_gonogo1_rest_003_01"", ""atten_dsr_VP025_gonogo1_rest_004_01"", ""atten_dsr_VP025_gonogo1_task_005_01"", ""atten_dsr_VP025_gonogo1_rest_005_00"", ""atten_dsr_VP025_gonogo1_rest_005_01"", ""atten_dsr_VP025_gonogo1_task_006_00"", ""atten_dsr_VP025_gonogo1_task_006_01"", ""atten_dsr_VP025_gonogo1_rest_006_00"", ""atten_dsr_VP025_gonogo2_task_001_01"", ""atten_dsr_VP025_gonogo2_rest_001_00"", ""atten_dsr_VP025_gonogo2_task_002_00"", ""atten_dsr_VP025_gonogo2_task_002_01"", ""atten_dsr_VP025_gonogo2_rest_002_01"", ""atten_dsr_VP025_gonogo2_task_003_00"", ""atten_dsr_VP025_gonogo2_task_003_01"", ""atten_dsr_VP025_gonogo2_rest_003_00"", ""atten_dsr_VP025_gonogo2_task_004_00"", ""atten_dsr_VP025_gonogo2_rest_004_01"", ""atten_dsr_VP025_gonogo2_task_005_00"", ""atten_dsr_VP025_gonogo2_task_005_01"", ""atten_dsr_VP025_gonogo2_rest_005_00"", ""atten_dsr_VP025_gonogo2_rest_005_01"", ""atten_dsr_VP025_gonogo2_task_006_00"", ""atten_dsr_VP025_gonogo2_task_006_01"", ""atten_dsr_VP025_gonogo2_rest_006_01"", ""atten_dsr_VP025_gonogo3_rest_001_01"", ""atten_dsr_VP025_gonogo3_task_002_00"", ""atten_dsr_VP025_gonogo3_task_002_01"", ""atten_dsr_VP025_gonogo3_rest_002_01"", ""atten_dsr_VP025_gonogo3_task_003_01"", ""atten_dsr_VP025_gonogo3_rest_003_01"", ""atten_dsr_VP025_gonogo3_task_004_01"", ""atten_dsr_VP025_gonogo3_rest_004_00"", ""atten_dsr_VP025_gonogo3_rest_004_01"", ""atten_dsr_VP025_gonogo3_task_005_00"", ""atten_dsr_VP025_gonogo3_task_005_01"", ""atten_dsr_VP025_gonogo3_rest_005_01"", ""atten_dsr_VP025_gonogo3_task_006_00"", ""atten_dsr_VP025_gonogo3_task_006_01"", ""atten_dsr_VP025_gonogo3_rest_006_00"", ""atten_dsr_VP025_gonogo3_rest_006_01""]",True,,0.8554440154440155,74,0.92,0.9194847020933977,0.9310344827586207,0.9199999999999999,0.84
VP025,2023,existing_head_adaptation,0.30,0.3055555555555556,22,50,"{""0"": 11, ""1"": 11}","{""0"": 25, ""1"": 25}","[""atten_dsr_VP025_gonogo1_task_002_00"", ""atten_dsr_VP025_gonogo1_task_003_00"", ""atten_dsr_VP025_gonogo1_task_004_00"", ""atten_dsr_VP025_gonogo1_task_004_01"", ""atten_dsr_VP025_gonogo1_rest_004_00"", ""atten_dsr_VP025_gonogo1_task_005_00"", ""atten_dsr_VP025_gonogo1_rest_006_01"", ""atten_dsr_VP025_gonogo2_task_001_00"", ""atten_dsr_VP025_gonogo2_rest_001_01"", ""atten_dsr_VP025_gonogo2_rest_002_00"", ""atten_dsr_VP025_gonogo2_rest_003_01"", ""atten_dsr_VP025_gonogo2_task_004_01"", ""atten_dsr_VP025_gonogo2_rest_004_00"", ""atten_dsr_VP025_gonogo2_rest_006_00"", ""atten_dsr_VP025_gonogo3_task_001_00"", ""atten_dsr_VP025_gonogo3_task_001_01"", ""atten_dsr_VP025_gonogo3_rest_001_00"", ""atten_dsr_VP025_gonogo3_rest_002_00"", ""atten_dsr_VP025_gonogo3_task_003_00"", ""atten_dsr_VP025_gonogo3_rest_003_00"", ""atten_dsr_VP025_gonogo3_task_004_00"", ""atten_dsr_VP025_gonogo3_rest_005_00""]","[""atten_dsr_VP025_gonogo1_task_001_00"", ""atten_dsr_VP025_gonogo1_task_001_01"", ""atten_dsr_VP025_gonogo1_rest_001_00"", ""atten_dsr_VP025_gonogo1_rest_001_01"", ""atten_dsr_VP025_gonogo1_task_002_01"", ""atten_dsr_VP025_gonogo1_rest_002_00"", ""atten_dsr_VP025_gonogo1_rest_002_01"", ""atten_dsr_VP025_gonogo1_task_003_01"", ""atten_dsr_VP025_gonogo1_rest_003_00"", ""atten_dsr_VP025_gonogo1_rest_003_01"", ""atten_dsr_VP025_gonogo1_rest_004_01"", ""atten_dsr_VP025_gonogo1_task_005_01"", ""atten_dsr_VP025_gonogo1_rest_005_00"", ""atten_dsr_VP025_gonogo1_rest_005_01"", ""atten_dsr_VP025_gonogo1_task_006_00"", ""atten_dsr_VP025_gonogo1_task_006_01"", ""atten_dsr_VP025_gonogo1_rest_006_00"", ""atten_dsr_VP025_gonogo2_task_001_01"", ""atten_dsr_VP025_gonogo2_rest_001_00"", ""atten_dsr_VP025_gonogo2_task_002_00"", ""atten_dsr_VP025_gonogo2_task_002_01"", ""atten_dsr_VP025_gonogo2_rest_002_01"", ""atten_dsr_VP025_gonogo2_task_003_00"", ""atten_dsr_VP025_gonogo2_task_003_01"", ""atten_dsr_VP025_gonogo2_rest_003_00"", ""atten_dsr_VP025_gonogo2_task_004_00"", ""atten_dsr_VP025_gonogo2_rest_004_01"", ""atten_dsr_VP025_gonogo2_task_005_00"", ""atten_dsr_VP025_gonogo2_task_005_01"", ""atten_dsr_VP025_gonogo2_rest_005_00"", ""atten_dsr_VP025_gonogo2_rest_005_01"", ""atten_dsr_VP025_gonogo2_task_006_00"", ""atten_dsr_VP025_gonogo2_task_006_01"", ""atten_dsr_VP025_gonogo2_rest_006_01"", ""atten_dsr_VP025_gonogo3_rest_001_01"", ""atten_dsr_VP025_gonogo3_task_002_00"", ""atten_dsr_VP025_gonogo3_task_002_01"", ""atten_dsr_VP025_gonogo3_rest_002_01"", ""atten_dsr_VP025_gonogo3_task_003_01"", ""atten_dsr_VP025_gonogo3_rest_003_01"", ""atten_dsr_VP025_gonogo3_task_004_01"", ""atten_dsr_VP025_gonogo3_rest_004_00"", ""atten_dsr_VP025_gonogo3_rest_004_01"", ""atten_dsr_VP025_gonogo3_task_005_00"", ""atten_dsr_VP025_gonogo3_task_005_01"", ""atten_dsr_VP025_gonogo3_rest_005_01"", ""atten_dsr_VP025_gonogo3_task_006_00"", ""atten_dsr_VP025_gonogo3_task_006_01"", ""atten_dsr_VP025_gonogo3_rest_006_00"", ""atten_dsr_VP025_gonogo3_rest_006_01""]",True,,0.8554440154440155,74,0.94,0.9397832195905259,0.9464285714285714,0.94,0.88
VP026,2023,source_only,0.30,0.3055555555555556,22,50,"{""0"": 11, ""1"": 11}","{""0"": 25, ""1"": 25}","[""atten_dsr_VP026_gonogo1_task_002_00"", ""atten_dsr_VP026_gonogo1_task_003_00"", ""atten_dsr_VP026_gonogo1_task_004_00"", ""atten_dsr_VP026_gonogo1_task_004_01"", ""atten_dsr_VP026_gonogo1_rest_004_00"", ""atten_dsr_VP026_gonogo1_task_005_00"", ""atten_dsr_VP026_gonogo1_rest_006_01"", ""atten_dsr_VP026_gonogo2_task_001_00"", ""atten_dsr_VP026_gonogo2_rest_001_01"", ""atten_dsr_VP026_gonogo2_rest_002_00"", ""atten_dsr_VP026_gonogo2_rest_003_01"", ""atten_dsr_VP026_gonogo2_task_004_01"", ""atten_dsr_VP026_gonogo2_rest_004_00"", ""atten_dsr_VP026_gonogo2_rest_006_00"", ""atten_dsr_VP026_gonogo3_task_001_00"", ""atten_dsr_VP026_gonogo3_task_001_01"", ""atten_dsr_VP026_gonogo3_rest_001_00"", ""atten_dsr_VP026_gonogo3_rest_002_00"", ""atten_dsr_VP026_gonogo3_task_003_00"", ""atten_dsr_VP026_gonogo3_rest_003_00"", ""atten_dsr_VP026_gonogo3_task_004_00"", ""atten_dsr_VP026_gonogo3_rest_005_00""]","[""atten_dsr_VP026_gonogo1_task_001_00"", ""atten_dsr_VP026_gonogo1_task_001_01"", ""atten_dsr_VP026_gonogo1_rest_001_00"", ""atten_dsr_VP026_gonogo1_rest_001_01"", ""atten_dsr_VP026_gonogo1_task_002_01"", ""atten_dsr_VP026_gonogo1_rest_002_00"", ""atten_dsr_VP026_gonogo1_rest_002_01"", ""atten_dsr_VP026_gonogo1_task_003_01"", ""atten_dsr_VP026_gonogo1_rest_003_00"", ""atten_dsr_VP026_gonogo1_rest_003_01"", ""atten_dsr_VP026_gonogo1_rest_004_01"", ""atten_dsr_VP026_gonogo1_task_005_01"", ""atten_dsr_VP026_gonogo1_rest_005_00"", ""atten_dsr_VP026_gonogo1_rest_005_01"", ""atten_dsr_VP026_gonogo1_task_006_00"", ""atten_dsr_VP026_gonogo1_task_006_01"", ""atten_dsr_VP026_gonogo1_rest_006_00"", ""atten_dsr_VP026_gonogo2_task_001_01"", ""atten_dsr_VP026_gonogo2_rest_001_00"", ""atten_dsr_VP026_gonogo2_task_002_00"", ""atten_dsr_VP026_gonogo2_task_002_01"", ""atten_dsr_VP026_gonogo2_rest_002_01"", ""atten_dsr_VP026_gonogo2_task_003_00"", ""atten_dsr_VP026_gonogo2_task_003_01"", ""atten_dsr_VP026_gonogo2_rest_003_00"", ""atten_dsr_VP026_gonogo2_task_004_00"", ""atten_dsr_VP026_gonogo2_rest_004_01"", ""atten_dsr_VP026_gonogo2_task_005_00"", ""atten_dsr_VP026_gonogo2_task_005_01"", ""atten_dsr_VP026_gonogo2_rest_005_00"", ""atten_dsr_VP026_gonogo2_rest_005_01"", ""atten_dsr_VP026_gonogo2_task_006_00"", ""atten_dsr_VP026_gonogo2_task_006_01"", ""atten_dsr_VP026_gonogo2_rest_006_01"", ""atten_dsr_VP026_gonogo3_rest_001_01"", ""atten_dsr_VP026_gonogo3_task_002_00"", ""atten_dsr_VP026_gonogo3_task_002_01"", ""atten_dsr_VP026_gonogo3_rest_002_01"", ""atten_dsr_VP026_gonogo3_task_003_01"", ""atten_dsr_VP026_gonogo3_rest_003_01"", ""atten_dsr_VP026_gonogo3_task_004_01"", ""atten_dsr_VP026_gonogo3_rest_004_00"", ""atten_dsr_VP026_gonogo3_rest_004_01"", ""atten_dsr_VP026_gonogo3_task_005_00"", ""atten_dsr_VP026_gonogo3_task_005_01"", ""atten_dsr_VP026_gonogo3_rest_005_01"", ""atten_dsr_VP026_gonogo3_task_006_00"", ""atten_dsr_VP026_gonogo3_task_006_01"", ""atten_dsr_VP026_gonogo3_rest_006_00"", ""atten_dsr_VP026_gonogo3_rest_006_01""]",True,,0.8436288045670317,70,0.74,0.7211497211497211,0.8289473684210527,0.74,0.48
VP026,2023,existing_head_adaptation,0.30,0.3055555555555556,22,50,"{""0"": 11, ""1"": 11}","{""0"": 25, ""1"": 25}","[""atten_dsr_VP026_gonogo1_task_002_00"", ""atten_dsr_VP026_gonogo1_task_003_00"", ""atten_dsr_VP026_gonogo1_task_004_00"", ""atten_dsr_VP026_gonogo1_task_004_01"", ""atten_dsr_VP026_gonogo1_rest_004_00"", ""atten_dsr_VP026_gonogo1_task_005_00"", ""atten_dsr_VP026_gonogo1_rest_006_01"", ""atten_dsr_VP026_gonogo2_task_001_00"", ""atten_dsr_VP026_gonogo2_rest_001_01"", ""atten_dsr_VP026_gonogo2_rest_002_00"", ""atten_dsr_VP026_gonogo2_rest_003_01"", ""atten_dsr_VP026_gonogo2_task_004_01"", ""atten_dsr_VP026_gonogo2_rest_004_00"", ""atten_dsr_VP026_gonogo2_rest_006_00"", ""atten_dsr_VP026_gonogo3_task_001_00"", ""atten_dsr_VP026_gonogo3_task_001_01"", ""atten_dsr_VP026_gonogo3_rest_001_00"", ""atten_dsr_VP026_gonogo3_rest_002_00"", ""atten_dsr_VP026_gonogo3_task_003_00"", ""atten_dsr_VP026_gonogo3_rest_003_00"", ""atten_dsr_VP026_gonogo3_task_004_00"", ""atten_dsr_VP026_gonogo3_rest_005_00""]","[""atten_dsr_VP026_gonogo1_task_001_00"", ""atten_dsr_VP026_gonogo1_task_001_01"", ""atten_dsr_VP026_gonogo1_rest_001_00"", ""atten_dsr_VP026_gonogo1_rest_001_01"", ""atten_dsr_VP026_gonogo1_task_002_01"", ""atten_dsr_VP026_gonogo1_rest_002_00"", ""atten_dsr_VP026_gonogo1_rest_002_01"", ""atten_dsr_VP026_gonogo1_task_003_01"", ""atten_dsr_VP026_gonogo1_rest_003_00"", ""atten_dsr_VP026_gonogo1_rest_003_01"", ""atten_dsr_VP026_gonogo1_rest_004_01"", ""atten_dsr_VP026_gonogo1_task_005_01"", ""atten_dsr_VP026_gonogo1_rest_005_00"", ""atten_dsr_VP026_gonogo1_rest_005_01"", ""atten_dsr_VP026_gonogo1_task_006_00"", ""atten_dsr_VP026_gonogo1_task_006_01"", ""atten_dsr_VP026_gonogo1_rest_006_00"", ""atten_dsr_VP026_gonogo2_task_001_01"", ""atten_dsr_VP026_gonogo2_rest_001_00"", ""atten_dsr_VP026_gonogo2_task_002_00"", ""atten_dsr_VP026_gonogo2_task_002_01"", ""atten_dsr_VP026_gonogo2_rest_002_01"", ""atten_dsr_VP026_gonogo2_task_003_00"", ""atten_dsr_VP026_gonogo2_task_003_01"", ""atten_dsr_VP026_gonogo2_rest_003_00"", ""atten_dsr_VP026_gonogo2_task_004_00"", ""atten_dsr_VP026_gonogo2_rest_004_01"", ""atten_dsr_VP026_gonogo2_task_005_00"", ""atten_dsr_VP026_gonogo2_task_005_01"", ""atten_dsr_VP026_gonogo2_rest_005_00"", ""atten_dsr_VP026_gonogo2_rest_005_01"", ""atten_dsr_VP026_gonogo2_task_006_00"", ""atten_dsr_VP026_gonogo2_task_006_01"", ""atten_dsr_VP026_gonogo2_rest_006_01"", ""atten_dsr_VP026_gonogo3_rest_001_01"", ""atten_dsr_VP026_gonogo3_task_002_00"", ""atten_dsr_VP026_gonogo3_task_002_01"", ""atten_dsr_VP026_gonogo3_rest_002_01"", ""atten_dsr_VP026_gonogo3_task_003_01"", ""atten_dsr_VP026_gonogo3_rest_003_01"", ""atten_dsr_VP026_gonogo3_task_004_01"", ""atten_dsr_VP026_gonogo3_rest_004_00"", ""atten_dsr_VP026_gonogo3_rest_004_01"", ""atten_dsr_VP026_gonogo3_task_005_00"", ""atten_dsr_VP026_gonogo3_task_005_01"", ""atten_dsr_VP026_gonogo3_rest_005_01"", ""atten_dsr_VP026_gonogo3_task_006_00"", ""atten_dsr_VP026_gonogo3_task_006_01"", ""atten_dsr_VP026_gonogo3_rest_006_00"", ""atten_dsr_VP026_gonogo3_rest_006_01""]",True,,0.8436288045670317,70,0.74,0.7211497211497211,0.8289473684210527,0.74,0.48
