channel,subject,best_params,validation_f1_macro,accuracy,f1_macro,precision_macro,recall_macro,kappa,valid,invalid_reason
Fpz,sub-001,"{""C"": 69.51927961775604, ""gamma"": ""auto""}",0.6053499343125224,0.625,0.6238621831038893,0.6265310254074299,,0.25,True,
Fpz,sub-002,"{""C"": 0.20691380811147894, ""gamma"": ""scale""}",0.5969935518968303,0.525,0.5249881247031176,0.525002500250025,,0.050000000000000044,True,
Fpz,sub-003,"{""C"": 7.847599703514611, ""gamma"": ""scale""}",0.5969963729673567,0.57,0.5696126513862476,0.5702529104777199,,0.14,True,
Fpz,sub-004,"{""C"": 33.59818286283781, ""gamma"": ""auto""}",0.6084779768861999,0.47,0.4665861513687601,0.46921182266009853,,-0.06000000000000005,True,
Fpz,sub-005,"{""C"": 2.636650898730358, ""gamma"": ""scale""}",0.6104667289519352,0.555,0.5540970465192014,0.5554491380179454,,0.10999999999999999,True,
Fpz,sub-006,"{""C"": 69.51927961775604, ""gamma"": ""scale""}",0.5909897747443686,0.55,0.5495946351716545,0.5501806503412284,,0.09999999999999998,True,
Fpz,sub-007,"{""C"": 0.8858667904100825, ""gamma"": ""auto""}",0.5917484989978254,0.54,0.5353535353535354,0.5416666666666667,,0.07999999999999996,True,
Fpz,sub-008,"{""C"": 11.288378916846883, ""gamma"": ""scale""}",0.5857808780845067,0.545,0.544897601960441,0.5450405364828346,,0.08999999999999997,True,
Fpz,sub-009,"{""C"": 48.32930238571752, ""gamma"": ""auto""}",0.5938375350140056,0.5,0.4987468671679198,0.5,,0.0,True,
Fpz,sub-010,"{""C"": 1.2742749857031335, ""gamma"": ""scale""}",0.6058261693406792,0.495,0.49040086783218545,0.4948127399107791,,-0.010000000000000009,True,
Fpz,sub-011,"{""C"": 3.79269019073225, ""gamma"": ""scale""}",0.5999935998975984,0.57,0.568922305764411,0.5707070707070707,,0.14,True,
Fpz,sub-012,"{""C"": 33.59818286283781, ""gamma"": ""scale""}",0.5899934398950384,0.48,0.47953157842057853,0.4799277398635087,,-0.040000000000000036,True,
Fpz,sub-013,"{""C"": 16.23776739188721, ""gamma"": ""scale""}",0.5899077292390789,0.57,0.567882624861823,0.5713994288045696,,0.14,True,
Fpz,sub-014,"{""C"": 1.2742749857031335, ""gamma"": ""auto""}",0.5915817797424563,0.5,0.49979991996798717,0.5,,0.0,True,
Fpz,sub-015,"{""C"": 11.288378916846883, ""gamma"": ""scale""}",0.5928204338113108,0.605,0.6049111049986247,0.6050945851266138,,0.20999999999999996,True,
Fpz,sub-016,"{""C"": 16.23776739188721, ""gamma"": ""auto""}",0.5948213162004444,0.51,0.5087719298245614,0.51010101010101,,0.020000000000000018,True,
Fpz,sub-017,"{""C"": 7.847599703514611, ""gamma"": ""scale""}",0.6008559089831429,0.585,0.5849066039858968,0.5850765689120208,,0.17000000000000004,True,
Fpz,sub-018,"{""C"": 5.455594781168517, ""gamma"": ""scale""}",0.607499116873013,0.46,0.45804897631473307,0.4594155844155844,,-0.08000000000000007,True,
Fpz,sub-019,"{""C"": 7.847599703514611, ""gamma"": ""auto""}",0.602363782051282,0.505,0.5028997514498756,0.5050859525989218,,0.010000000000000009,True,
Fpz,sub-020,"{""C"": 1.8329807108324356, ""gamma"": ""scale""}",0.6056210017827133,0.765,0.7649471131004475,0.765238714843359,,0.53,True,
Fpz,sub-021,"{""C"": 0.14384498882876628, ""gamma"": ""scale""}",0.5933754712380667,0.58,0.5757575757575757,0.5833333333333333,,0.16000000000000003,True,
Fpz,sub-022,"{""C"": 3.79269019073225, ""gamma"": ""scale""}",0.5963133958672396,0.565,0.5610383713009914,0.5674343811598714,,0.13,True,
Fpz,sub-023,"{""C"": 1.8329807108324356, ""gamma"": ""auto""}",0.6189641683617587,0.6733668341708543,0.6721747725371925,0.6764675697865353,,0.34714581335486805,True,
Fpz,sub-024,"{""C"": 2.636650898730358, ""gamma"": ""scale""}",0.6023328803929852,0.79,0.7894736842105263,0.7929292929292929,,0.5800000000000001,True,
Fpz,sub-025,"{""C"": 16.23776739188721, ""gamma"": ""scale""}",0.5933163648092443,0.675,0.6740138920233707,0.6771434355704019,,0.35,True,
Fpz,sub-026,"{""C"": 1.2742749857031335, ""gamma"": ""auto""}",0.5973475079044996,0.5728643216080402,0.5464782690296807,0.5971780604133545,,0.14781601088216034,True,
Fpz,sub-027,"{""C"": 2.636650898730358, ""gamma"": ""scale""}",0.608693215480937,0.55,0.5483741469289443,0.5507305194805194,,0.09999999999999998,True,
Fpz,sub-028,"{""C"": 1.8329807108324356, ""gamma"": ""scale""}",0.6152875425453708,0.595,0.5836652874508493,0.6066098081023454,,0.18999999999999995,True,
Fpz,sub-029,"{""C"": 1.8329807108324356, ""gamma"": ""scale""}",0.6049225648227052,0.515,0.5095932657549483,0.5156920179935139,,0.030000000000000027,True,
Fpz,sub-030,"{""C"": 3.79269019073225, ""gamma"": ""scale""}",0.6034166183440068,0.465,0.46466541588492805,0.4649122807017544,,-0.07000000000000006,True,
Fpz,sub-031,"{""C"": 16.23776739188721, ""gamma"": ""auto""}",0.6074056792144313,0.625,0.6247654784240151,0.62531328320802,,0.25,True,
Fpz,sub-032,"{""C"": 16.23776739188721, ""gamma"": ""auto""}",0.6107794042116076,0.495,0.4948863494286215,0.4949954959463517,,-0.010000000000000009,True,
Fpz,sub-033,"{""C"": 0.8858667904100825, ""gamma"": ""scale""}",0.5847803488045176,0.66,0.6596937243519168,0.660578081091931,,0.31999999999999995,True,
Fpz,sub-034,"{""C"": 1.2742749857031335, ""gamma"": ""scale""}",0.6076468821939746,0.485,0.48498712467811694,0.484998499849985,,-0.030000000000000027,True,
Fpz,sub-035,"{""C"": 48.32930238571752, ""gamma"": ""scale""}",0.5834874004938649,0.76,0.7597838054248824,0.7609393817743877,,0.52,True,
Fpz,sub-036,"{""C"": 3.79269019073225, ""gamma"": ""scale""}",0.6124293652518171,0.73,0.7297567811029927,0.7308309915696507,,0.45999999999999996,True,
Fpz,sub-037,"{""C"": 23.357214690901213, ""gamma"": ""auto""}",0.5951476772661408,0.485,0.4848840989222575,0.4849864878390552,,-0.030000000000000027,True,
Fpz,sub-038,"{""C"": 16.23776739188721, ""gamma"": ""scale""}",0.5964974781092383,0.55,0.5248653785239151,0.5634195839675291,,0.09999999999999998,True,
Fpz,sub-039,"{""C"": 5.455594781168517, ""gamma"": ""scale""}",0.6144189315803648,0.49,0.4895405865278751,0.48996386993175434,,-0.020000000000000018,True,
Fpz,sub-040,"{""C"": 16.23776739188721, ""gamma"": ""auto""}",0.6002976506856597,0.58,0.5765702187720536,0.5826787928896238,,0.16000000000000003,True,
Fpz,sub-041,"{""C"": 3.79269019073225, ""gamma"": ""scale""}",0.6068580757653512,0.64,0.6396757081373237,0.6405058209554395,,0.28,True,
Fpz,sub-042,"{""C"": 1.8329807108324356, ""gamma"": ""scale""}",0.6159446960362291,0.575,0.5702621400945423,0.5784600899675698,,0.15000000000000002,True,
Fpz,sub-043,"{""C"": 23.357214690901213, ""gamma"": ""auto""}",0.619396380664636,0.65,0.6491228070175439,0.6515151515151515,,0.30000000000000004,True,
Fpz,sub-044,"{""C"": 0.29763514416313175, ""gamma"": ""scale""}",0.6034880055121667,0.49,0.48748869460355737,0.4898000815993472,,-0.020000000000000018,True,
Fpz,sub-045,"{""C"": 23.357214690901213, ""gamma"": ""auto""}",0.6057334758296609,0.575,0.5741376286981137,0.5756124609335619,,0.15000000000000002,True,
Fpz,sub-046,"{""C"": 0.20691380811147894, ""gamma"": ""scale""}",0.5772462420567945,0.75,0.7487689679429204,0.7549979600163199,,0.5,True,
Fpz,sub-047,"{""C"": 48.32930238571752, ""gamma"": ""auto""}",0.6254414752305049,0.615,0.6147592245153221,0.6152882205513786,,0.22999999999999998,True,
Fpz,sub-048,"{""C"": 16.23776739188721, ""gamma"": ""scale""}",0.6052630591512556,0.545,0.5416887008637405,0.546339202965709,,0.08999999999999997,True,
Fpz,sub-049,"{""C"": 16.23776739188721, ""gamma"": ""auto""}",0.6140923850817426,0.55,0.5248653785239151,0.5634195839675291,,0.09999999999999998,True,
Fpz,sub-050,"{""C"": 11.288378916846883, ""gamma"": ""auto""}",0.6090870982475239,0.68,0.6784242789669379,0.6835985312117503,,0.36,True,
Fpz,sub-051,"{""C"": 33.59818286283781, ""gamma"": ""auto""}",0.5871646745068682,0.53,0.5292467948717949,0.5301932367149759,,0.06000000000000005,True,
Fp1,sub-001,"{""C"": 0.8858667904100825, ""gamma"": ""scale""}",0.6572215782269148,0.655,0.6549913747843696,0.6550155015501551,,0.31000000000000005,True,
Fp1,sub-002,"{""C"": 3.79269019073225, ""gamma"": ""scale""}",0.6486402075725543,0.57,0.5696126513862476,0.5702529104777199,,0.14,True,
Fp1,sub-003,"{""C"": 1.8329807108324356, ""gamma"": ""auto""}",0.6552055936878568,0.645,0.6439228666716819,0.6467759894726186,,0.29000000000000004,True,
Fp1,sub-004,"{""C"": 5.455594781168517, ""gamma"": ""scale""}",0.6368398463722502,0.505,0.5004919397563006,0.5051872600892209,,0.010000000000000009,True,
Fp1,sub-005,"{""C"": 3.79269019073225, ""gamma"": ""auto""}",0.6636759219277033,0.645,0.6429918290383407,0.6483375959079284,,0.29000000000000004,True,
Fp1,sub-006,"{""C"": 11.288378916846883, ""gamma"": ""auto""}",0.6536853814384886,0.57,0.5601023017902813,0.5769230769230769,,0.14,True,
Fp1,sub-007,"{""C"": 1.2742749857031335, ""gamma"": ""auto""}",0.641577420783088,0.57,0.5664885573142454,0.5723439437784208,,0.14,True,
Fp1,sub-008,"{""C"": 5.455594781168517, ""gamma"": ""scale""}",0.6588635454181673,0.76,0.76,0.76,,0.52,True,
Fp1,sub-009,"{""C"": 1.2742749857031335, ""gamma"": ""scale""}",0.645964596459646,0.565,0.563154327031709,0.5661173837859831,,0.13,True,
Fp1,sub-010,"{""C"": 3.79269019073225, ""gamma"": ""scale""}",0.6704102691957885,0.575,0.5749043534795328,0.5750675608047242,,0.15000000000000002,True,
Fp1,sub-011,"{""C"": 11.288378916846883, ""gamma"": ""scale""}",0.6306217566788391,0.73,0.7260551948051948,0.7440577249575552,,0.45999999999999996,True,
Fp1,sub-012,"{""C"": 1.8329807108324356, ""gamma"": ""auto""}",0.6399093613299214,0.515,0.5135284234810301,0.5151837230488916,,0.030000000000000027,True,
Fp1,sub-013,"{""C"": 5.455594781168517, ""gamma"": ""auto""}",0.6444866387062919,0.625,0.6180387563341907,0.6348290367813613,,0.25,True,
Fp1,sub-014,"{""C"": 5.455594781168517, ""gamma"": ""auto""}",0.651502513068029,0.51,0.5068438003220612,0.5102627257799671,,0.020000000000000018,True,
Fp1,sub-015,"{""C"": 0.8858667904100825, ""gamma"": ""scale""}",0.6288797570412814,0.705,0.7048155096935584,0.7055137844611529,,0.41000000000000003,True,
Fp1,sub-016,"{""C"": 5.455594781168517, ""gamma"": ""scale""}",0.6599588550214576,0.54,0.5388471177944862,0.5404040404040404,,0.07999999999999996,True,
Fp1,sub-017,"{""C"": 23.357214690901213, ""gamma"": ""auto""}",0.647703718827534,0.6,0.5989974937343359,0.601010101010101,,0.19999999999999996,True,
Fp1,sub-018,"{""C"": 1.2742749857031335, ""gamma"": ""auto""}",0.6497096574145416,0.545,0.5416887008637405,0.546339202965709,,0.08999999999999997,True,
Fp1,sub-019,"{""C"": 3.79269019073225, ""gamma"": ""scale""}",0.6461708504336159,0.66,0.6510673234811166,0.67825311942959,,0.31999999999999995,True,
Fp1,sub-020,"{""C"": 0.29763514416313175, ""gamma"": ""scale""}",0.6464037334164227,0.81,0.8099239695878351,0.8104967948717949,,0.62,True,
Fp1,sub-021,"{""C"": 0.6158482110660264, ""gamma"": ""scale""}",0.6569420232019212,0.67,0.6698679471788715,0.6702724358974359,,0.33999999999999997,True,
Fp1,sub-022,"{""C"": 1.8329807108324356, ""gamma"": ""auto""}",0.6445393229625594,0.615,0.607853123169769,0.6240427138388522,,0.22999999999999998,True,
Fp1,sub-023,"{""C"": 2.636650898730358, ""gamma"": ""auto""}",0.652873001859609,0.6834170854271356,0.6829046209879354,0.684981684981685,,0.36710586097228537,True,
Fp1,sub-024,"{""C"": 11.288378916846883, ""gamma"": ""auto""}",0.6509274337231644,0.78,0.7794486215538847,0.7828282828282829,,0.56,True,
Fp1,sub-025,"{""C"": 5.455594781168517, ""gamma"": ""auto""}",0.6560906619103388,0.775,0.7748592870544091,0.7756892230576441,,0.55,True,
Fp1,sub-026,"{""C"": 0.29763514416313175, ""gamma"": ""scale""}",0.6319907997699943,0.7738693467336684,0.7730440732949794,0.7785816912972086,,0.5480240246302932,True,
Fp1,sub-027,"{""C"": 11.288378916846883, ""gamma"": ""auto""}",0.6426108031646462,0.545,0.5337995337995338,0.5497842681712579,,0.08999999999999997,True,
Fp1,sub-028,"{""C"": 1.8329807108324356, ""gamma"": ""scale""}",0.6591618032993238,0.655,0.6413628212791392,0.682804576011322,,0.31000000000000005,True,
Fp1,sub-029,"{""C"": 0.8858667904100825, ""gamma"": ""scale""}",0.6359821631259932,0.47,0.4522529971062422,0.46553308823529416,,-0.06000000000000005,True,
Fp1,sub-030,"{""C"": 1.2742749857031335, ""gamma"": ""scale""}",0.6503803426722796,0.67,0.6396986570586308,0.7561784207353828,,0.33999999999999997,True,
Fp1,sub-031,"{""C"": 0.8858667904100825, ""gamma"": ""scale""}",0.6324116869077796,0.715,0.7129258895520133,0.7213984141694985,,0.43000000000000005,True,
Fp1,sub-032,"{""C"": 11.288378916846883, ""gamma"": ""auto""}",0.64928948601398,0.53,0.52995299529953,0.5300120048019208,,0.06000000000000005,True,
Fp1,sub-033,"{""C"": 23.357214690901213, ""gamma"": ""auto""}",0.6512167007651966,0.74,0.7390606182256123,0.7435064935064934,,0.48,True,
Fp1,sub-034,"{""C"": 16.23776739188721, ""gamma"": ""auto""}",0.6493379064472553,0.55,0.5454545454545454,0.5520833333333333,,0.09999999999999998,True,
Fp1,sub-035,"{""C"": 5.455594781168517, ""gamma"": ""auto""}",0.6306676008407567,0.82,0.8198378540686617,0.8211561621838619,,0.64,True,
Fp1,sub-036,"{""C"": 2.636650898730358, ""gamma"": ""scale""}",0.649051033995925,0.775,0.7748592870544091,0.7756892230576441,,0.55,True,
Fp1,sub-037,"{""C"": 0.8858667904100825, ""gamma"": ""scale""}",0.6385822010243842,0.61,0.6022031823745411,0.6193576388888888,,0.21999999999999997,True,
Fp1,sub-038,"{""C"": 5.455594781168517, ""gamma"": ""auto""}",0.640967824557951,0.485,0.3778502612424874,0.45178399228543875,,-0.030000000000000027,True,
Fp1,sub-039,"{""C"": 1.8329807108324356, ""gamma"": ""scale""}",0.6482339769450647,0.5,0.4959169271095877,0.5,,0.0,True,
Fp1,sub-040,"{""C"": 23.357214690901213, ""gamma"": ""auto""}",0.642588511351073,0.585,0.5812205151492217,0.5881834215167548,,0.17000000000000004,True,
Fp1,sub-041,"{""C"": 69.51927961775604, ""gamma"": ""auto""}",0.6334229271704376,0.65,0.6482765551200884,0.652998776009792,,0.30000000000000004,True,
Fp1,sub-042,"{""C"": 2.636650898730358, ""gamma"": ""auto""}",0.6465973448617564,0.61,0.5983935742971888,0.6243781094527363,,0.21999999999999997,True,
Fp1,sub-043,"{""C"": 3.79269019073225, ""gamma"": ""auto""}",0.6277293065969825,0.74,0.74,0.74,,0.48,True,
Fp1,sub-044,"{""C"": 5.455594781168517, ""gamma"": ""auto""}",0.6684695512820513,0.58,0.5798319327731092,0.5801282051282051,,0.16000000000000003,True,
Fp1,sub-045,"{""C"": 3.79269019073225, ""gamma"": ""auto""}",0.6668797435874351,0.57,0.5538956323270048,0.5818139317438056,,0.14,True,
Fp1,sub-046,"{""C"": 1.8329807108324356, ""gamma"": ""scale""}",0.6499103770565264,0.74,0.7393483709273183,0.7424242424242424,,0.48,True,
Fp1,sub-047,"{""C"": 69.51927961775604, ""gamma"": ""auto""}",0.6443199369680901,0.675,0.6726347863312432,0.6802080115333127,,0.35,True,
Fp1,sub-048,"{""C"": 3.79269019073225, ""gamma"": ""scale""}",0.645940163887697,0.53,0.5104166666666666,0.5357142857142858,,0.06000000000000005,True,
Fp1,sub-049,"{""C"": 16.23776739188721, ""gamma"": ""auto""}",0.6539415161162236,0.59,0.5858585858585859,0.59375,,0.18000000000000005,True,
Fp1,sub-050,"{""C"": 1.2742749857031335, ""gamma"": ""scale""}",0.6499408400019604,0.575,0.5711294432251066,0.5778089013383131,,0.15000000000000002,True,
Fp1,sub-051,"{""C"": 5.455594781168517, ""gamma"": ""scale""}",0.6335455422572189,0.6,0.5998399359743898,0.6001602564102564,,0.19999999999999996,True,
Fp2,sub-001,"{""C"": 69.51927961775604, ""gamma"": ""auto""}",0.6084568323657683,0.66,0.6594551282051282,0.6610305958132046,,0.31999999999999995,True,
Fp2,sub-002,"{""C"": 1.8329807108324356, ""gamma"": ""auto""}",0.6067735015368853,0.57,0.569827931172469,0.5701121794871795,,0.14,True,
Fp2,sub-003,"{""C"": 1.8329807108324356, ""gamma"": ""auto""}",0.6164922339677379,0.655,0.6549223575304444,0.6551396256630968,,0.31000000000000005,True,
Fp2,sub-004,"{""C"": 1.8329807108324356, ""gamma"": ""scale""}",0.6167792648565573,0.52,0.51995199519952,0.5200080032012806,,0.040000000000000036,True,
Fp2,sub-005,"{""C"": 5.455594781168517, ""gamma"": ""auto""}",0.6273583029947137,0.555,0.554899852466805,0.5550495445901311,,0.10999999999999999,True,
Fp2,sub-006,"{""C"": 16.23776739188721, ""gamma"": ""auto""}",0.6134991303730434,0.61,0.5882166613873931,0.6395230847285642,,0.21999999999999997,True,
Fp2,sub-007,"{""C"": 0.8858667904100825, ""gamma"": ""scale""}",0.6289866435191667,0.475,0.4603068541029529,0.47194478734148804,,-0.050000000000000044,True,
Fp2,sub-008,"{""C"": 3.79269019073225, ""gamma"": ""auto""}",0.6329966969702727,0.475,0.4603068541029529,0.47194478734148804,,-0.050000000000000044,True,
Fp2,sub-009,"{""C"": 1.2742749857031335, ""gamma"": ""auto""}",0.6209965889693008,0.535,0.5335891070488227,0.5354286871140803,,0.06999999999999995,True,
Fp2,sub-010,"{""C"": 3.79269019073225, ""gamma"": ""scale""}",0.617478483164678,0.55,0.5444883085332524,0.5525430853299707,,0.09999999999999998,True,
Fp2,sub-011,"{""C"": 0.8858667904100825, ""gamma"": ""auto""}",0.6199357691449855,0.615,0.614990374759369,0.6150115011501149,,0.22999999999999998,True,
Fp2,sub-012,"{""C"": 0.6158482110660264, ""gamma"": ""scale""}",0.6294924972230688,0.54,0.5388471177944862,0.5404040404040404,,0.07999999999999996,True,
Fp2,sub-013,"{""C"": 33.59818286283781, ""gamma"": ""auto""}",0.6329765104966718,0.545,0.5447154471544715,0.5451127819548872,,0.08999999999999997,True,
Fp2,sub-014,"{""C"": 3.79269019073225, ""gamma"": ""scale""}",0.6088998783688624,0.475,0.4749868746718668,0.47499749974997496,,-0.050000000000000044,True,
Fp2,sub-015,"{""C"": 5.455594781168517, ""gamma"": ""scale""}",0.5959317124594057,0.615,0.613831841319993,0.6164085433748355,,0.22999999999999998,True,
Fp2,sub-016,"{""C"": 0.14384498882876628, ""gamma"": ""scale""}",0.6161878534980019,0.595,0.5863019995403356,0.6037231138770609,,0.18999999999999995,True,
Fp2,sub-017,"{""C"": 33.59818286283781, ""gamma"": ""auto""}",0.621998487993952,0.545,0.5447154471544715,0.5451127819548872,,0.08999999999999997,True,
Fp2,sub-018,"{""C"": 23.357214690901213, ""gamma"": ""auto""}",0.6209814280899764,0.52,0.5141208624354692,0.5210172341319883,,0.040000000000000036,True,
Fp2,sub-019,"{""C"": 2.636650898730358, ""gamma"": ""scale""}",0.6268791088312613,0.58,0.5789473684210527,0.5808080808080809,,0.16000000000000003,True,
Fp2,sub-020,"{""C"": 2.636650898730358, ""gamma"": ""scale""}",0.610990274756869,0.805,0.8049561151259033,0.8052747472725452,,0.61,True,
Fp2,sub-021,"{""C"": 5.455594781168517, ""gamma"": ""scale""}",0.6242925155417078,0.605,0.6049901247531189,0.605010501050105,,0.20999999999999996,True,
Fp2,sub-022,"{""C"": 7.847599703514611, ""gamma"": ""auto""}",0.6218907264199354,0.6,0.5980303487086724,0.601999184006528,,0.19999999999999996,True,
Fp2,sub-023,"{""C"": 33.59818286283781, ""gamma"": ""auto""}",0.6169938719019504,0.628140703517588,0.6273785425101215,0.6288665038665038,,0.2559620048504446,True,
Fp2,sub-024,"{""C"": 1.2742749857031335, ""gamma"": ""scale""}",0.6064644834196287,0.835,0.8349628666449951,0.835301771594435,,0.6699999999999999,True,
Fp2,sub-025,"{""C"": 1.8329807108324356, ""gamma"": ""scale""}",0.6204923149693782,0.695,0.6948092557848655,0.6954887218045113,,0.39,True,
Fp2,sub-026,"{""C"": 7.847599703514611, ""gamma"": ""auto""}",0.629,0.6030150753768844,0.6023724612388395,0.603988603988604,,0.2063708415366753,True,
Fp2,sub-027,"{""C"": 1.8329807108324356, ""gamma"": ""scale""}",0.6374890340432797,0.505,0.5049876246906173,0.5050005000500051,,0.010000000000000009,True,
Fp2,sub-028,"{""C"": 1.2742749857031335, ""gamma"": ""scale""}",0.6154191418745791,0.62,0.6024688774976462,0.6457017969888295,,0.24,True,
Fp2,sub-029,"{""C"": 48.32930238571752, ""gamma"": ""auto""}",0.6224787644304992,0.505,0.5004919397563006,0.5051872600892209,,0.010000000000000009,True,
Fp2,sub-030,"{""C"": 3.79269019073225, ""gamma"": ""scale""}",0.6313738376959515,0.66,0.6594551282051282,0.6610305958132046,,0.31999999999999995,True,
Fp2,sub-031,"{""C"": 0.42813323987193935, ""gamma"": ""auto""}",0.6159754224270353,0.685,0.6849921248031201,0.6850185018501851,,0.37,True,
Fp2,sub-032,"{""C"": 0.6158482110660264, ""gamma"": ""auto""}",0.6153221826789433,0.445,0.44431929113163626,0.44472917294744246,,-0.1100000000000001,True,
Fp2,sub-033,"{""C"": 1.8329807108324356, ""gamma"": ""scale""}",0.6318527410964385,0.705,0.7049336100622641,0.7051846661995796,,0.41000000000000003,True,
Fp2,sub-034,"{""C"": 3.79269019073225, ""gamma"": ""scale""}",0.6318936172553868,0.58,0.5727799816905706,0.5858000858000858,,0.16000000000000003,True,
Fp2,sub-035,"{""C"": 1.8329807108324356, ""gamma"": ""scale""}",0.6154975968599804,0.775,0.7749943748593715,0.7750275027502751,,0.55,True,
Fp2,sub-036,"{""C"": 33.59818286283781, ""gamma"": ""auto""}",0.6204657470336699,0.75,0.74997499749975,0.7501000400160064,,0.5,True,
Fp2,sub-037,"{""C"": 23.357214690901213, ""gamma"": ""auto""}",0.6214840076993253,0.61,0.609375,0.6107085346215781,,0.21999999999999997,True,
Fp2,sub-038,"{""C"": 0.8858667904100825, ""gamma"": ""scale""}",0.6123812917706047,0.595,0.5941782108770259,0.5957757838491784,,0.18999999999999995,True,
Fp2,sub-039,"{""C"": 16.23776739188721, ""gamma"": ""auto""}",0.6259697035459872,0.45,0.4472917294744247,0.449000407996736,,-0.10000000000000009,True,
Fp2,sub-040,"{""C"": 33.59818286283781, ""gamma"": ""auto""}",0.6149811340755698,0.605,0.6049111049986247,0.6050945851266138,,0.20999999999999996,True,
Fp2,sub-041,"{""C"": 1.8329807108324356, ""gamma"": ""auto""}",0.6104975656097851,0.625,0.6222709073052807,0.6287200082380805,,0.25,True,
Fp2,sub-042,"{""C"": 2.636650898730358, ""gamma"": ""scale""}",0.6169616961696169,0.645,0.6447779862414009,0.6453634085213033,,0.29000000000000004,True,
Fp2,sub-043,"{""C"": 1.2742749857031335, ""gamma"": ""auto""}",0.5994774706077217,0.715,0.7111803602644979,0.7270087635941295,,0.43000000000000005,True,
Fp2,sub-044,"{""C"": 0.8858667904100825, ""gamma"": ""scale""}",0.617478483164678,0.5,0.49919871794871795,0.5,,0.0,True,
Fp2,sub-045,"{""C"": 23.357214690901213, ""gamma"": ""auto""}",0.6249984999939999,0.65,0.64996499649965,0.6500600240096038,,0.30000000000000004,True,
Fp2,sub-046,"{""C"": 0.8858667904100825, ""gamma"": ""scale""}",0.6173544990482631,0.785,0.7840877708317642,0.7898992981385413,,0.5700000000000001,True,
Fp2,sub-047,"{""C"": 0.14384498882876628, ""gamma"": ""scale""}",0.617504285554078,0.615,0.6013564235976288,0.6332406441895493,,0.22999999999999998,True,
Fp2,sub-048,"{""C"": 1.8329807108324356, ""gamma"": ""auto""}",0.6229758704557091,0.535,0.5330270392407923,0.5356016681924525,,0.06999999999999995,True,
Fp2,sub-049,"{""C"": 3.79269019073225, ""gamma"": ""scale""}",0.6224583760359579,0.51,0.48263118994826315,0.5126839167935058,,0.020000000000000018,True,
Fp2,sub-050,"{""C"": 7.847599703514611, ""gamma"": ""scale""}",0.6058261693406792,0.645,0.6442796663243067,0.6461840911382195,,0.29000000000000004,True,
Fp2,sub-051,"{""C"": 11.288378916846883, ""gamma"": ""auto""}",0.6329908247706193,0.5,0.5,0.5,,0.0,True,
AF3,sub-001,"{""C"": 23.357214690901213, ""gamma"": ""auto""}",0.6540640341990994,0.62,0.6193910256410255,0.6207729468599035,,0.24,True,
AF3,sub-002,"{""C"": 0.8858667904100825, ""gamma"": ""scale""}",0.6429396568019996,0.585,0.5849896247406186,0.5850085008500849,,0.17000000000000004,True,
AF3,sub-003,"{""C"": 0.42813323987193935, ""gamma"": ""scale""}",0.6553551630072538,0.735,0.7344622861294121,0.7369190442584939,,0.47,True,
AF3,sub-004,"{""C"": 0.8858667904100825, ""gamma"": ""scale""}",0.638825191392634,0.545,0.5430694685044313,0.545773573390296,,0.08999999999999997,True,
AF3,sub-005,"{""C"": 0.6158482110660264, ""gamma"": ""scale""}",0.647213449124051,0.64,0.6386993175431553,0.6420454545454546,,0.28,True,
AF3,sub-006,"{""C"": 1.8329807108324356, ""gamma"": ""scale""}",0.6623290540836299,0.635,0.6301081806896203,0.6425403864428254,,0.27,True,
AF3,sub-007,"{""C"": 0.8858667904100825, ""gamma"": ""scale""}",0.6697767690959089,0.51,0.5050505050505051,0.5104166666666666,,0.020000000000000018,True,
AF3,sub-008,"{""C"": 0.6158482110660264, ""gamma"": ""scale""}",0.637947864492487,0.73,0.7277951406391774,0.7377015295576685,,0.45999999999999996,True,
AF3,sub-009,"{""C"": 2.636650898730358, ""gamma"": ""scale""}",0.6628651460584234,0.525,0.5186339337741633,0.5263963678597825,,0.050000000000000044,True,
AF3,sub-010,"{""C"": 1.8329807108324356, ""gamma"": ""scale""}",0.6469572818311016,0.61,0.61,0.61,,0.21999999999999997,True,
AF3,sub-011,"{""C"": 0.8858667904100825, ""gamma"": ""scale""}",0.6369335255332131,0.735,0.7284766515535746,0.7599845115610133,,0.47,True,
AF3,sub-012,"{""C"": 3.79269019073225, ""gamma"": ""scale""}",0.6528319706738062,0.555,0.5544542064028435,0.5552708270525575,,0.10999999999999999,True,
AF3,sub-013,"{""C"": 7.847599703514611, ""gamma"": ""auto""}",0.652800012807377,0.605,0.5976674900053474,0.6132563908963434,,0.20999999999999996,True,
AF3,sub-014,"{""C"": 5.455594781168517, ""gamma"": ""auto""}",0.6514698856961438,0.5,0.49387589837028045,0.5,,0.0,True,
AF3,sub-015,"{""C"": 0.6158482110660264, ""gamma"": ""scale""}",0.6482712884052855,0.69,0.689875950380152,0.6903044871794872,,0.38,True,
AF3,sub-016,"{""C"": 0.8858667904100825, ""gamma"": ""scale""}",0.6388829980913816,0.575,0.5741376286981137,0.5756124609335619,,0.15000000000000002,True,
AF3,sub-017,"{""C"": 0.8858667904100825, ""gamma"": ""scale""}",0.6583420686212201,0.565,0.5636801324005115,0.5657961332118635,,0.13,True,
AF3,sub-018,"{""C"": 16.23776739188721, ""gamma"": ""auto""}",0.6439444643505029,0.505,0.5021998742928976,0.5051150895140665,,0.010000000000000009,True,
AF3,sub-019,"{""C"": 0.42813323987193935, ""gamma"": ""scale""}",0.6393484361803048,0.66,0.6532027743778049,0.6736111111111112,,0.31999999999999995,True,
AF3,sub-020,"{""C"": 16.23776739188721, ""gamma"": ""auto""}",0.6347767666922424,0.83,0.8295739348370927,0.8333333333333334,,0.6599999999999999,True,
AF3,sub-021,"{""C"": 7.847599703514611, ""gamma"": ""auto""}",0.6405845157001493,0.705,0.7046381817726715,0.7060094462868054,,0.41000000000000003,True,
AF3,sub-022,"{""C"": 0.8858667904100825, ""gamma"": ""scale""}",0.6366944600408944,0.555,0.5549888747218681,0.555005500550055,,0.10999999999999999,True,
AF3,sub-023,"{""C"": 1.8329807108324356, ""gamma"": ""scale""}",0.6349304001568448,0.7085427135678392,0.7068772856562373,0.7126934984520124,,0.4166582432022643,True,
AF3,sub-024,"{""C"": 33.59818286283781, ""gamma"": ""auto""}",0.6377913678278688,0.83,0.8298468621759583,0.8311922922521076,,0.6599999999999999,True,
AF3,sub-025,"{""C"": 0.8858667904100825, ""gamma"": ""scale""}",0.6494999123749781,0.755,0.7549938748468712,0.755025502550255,,0.51,True,
AF3,sub-026,"{""C"": 0.6158482110660264, ""gamma"": ""scale""}",0.6493800003051045,0.7738693467336684,0.7736635915581953,0.7752079529316291,,0.5478871106174585,True,
AF3,sub-027,"{""C"": 5.455594781168517, ""gamma"": ""scale""}",0.643335131664612,0.575,0.569304046008462,0.5791891035793475,,0.15000000000000002,True,
AF3,sub-028,"{""C"": 23.357214690901213, ""gamma"": ""auto""}",0.6474358974358974,0.6,0.5967335416876701,0.6033484911120297,,0.19999999999999996,True,
AF3,sub-029,"{""C"": 1.2742749857031335, ""gamma"": ""scale""}",0.6449090967287625,0.47,0.4622564935064935,0.46816638370118846,,-0.06000000000000005,True,
AF3,sub-030,"{""C"": 0.42813323987193935, ""gamma"": ""scale""}",0.6333305070268731,0.67,0.6396986570586308,0.7561784207353828,,0.33999999999999997,True,
AF3,sub-031,"{""C"": 1.2742749857031335, ""gamma"": ""scale""}",0.6496847162446202,0.73,0.7295673076923077,0.7314814814814814,,0.45999999999999996,True,
AF3,sub-032,"{""C"": 11.288378916846883, ""gamma"": ""auto""}",0.6490064152714755,0.56,0.5599559955995599,0.5600240096038416,,0.12,True,
AF3,sub-033,"{""C"": 1.8329807108324356, ""gamma"": ""scale""}",0.6488300337363284,0.67,0.6683750376846548,0.6733986128110976,,0.33999999999999997,True,
AF3,sub-034,"{""C"": 23.357214690901213, ""gamma"": ""auto""}",0.6452118233034783,0.53,0.5288220551378446,0.5303030303030303,,0.06000000000000005,True,
AF3,sub-035,"{""C"": 0.14384498882876628, ""gamma"": ""scale""}",0.6324734462064885,0.82,0.8198378540686617,0.8211561621838619,,0.64,True,
AF3,sub-036,"{""C"": 1.2742749857031335, ""gamma"": ""scale""}",0.6618211033636794,0.775,0.7745434504872366,0.7772456900897269,,0.55,True,
AF3,sub-037,"{""C"": 1.8329807108324356, ""gamma"": ""scale""}",0.6595339019117171,0.605,0.6038014995360967,0.6062860613422412,,0.20999999999999996,True,
AF3,sub-038,"{""C"": 0.8858667904100825, ""gamma"": ""scale""}",0.6696825649449121,0.555,0.5454429377665415,0.5600502238235615,,0.10999999999999999,True,
AF3,sub-039,"{""C"": 23.357214690901213, ""gamma"": ""auto""}",0.647844699512485,0.49,0.48484848484848486,0.4895833333333333,,-0.020000000000000018,True,
AF3,sub-040,"{""C"": 0.8858667904100825, ""gamma"": ""scale""}",0.6373163914231579,0.64,0.637060187518903,0.6446878875568417,,0.28,True,
AF3,sub-041,"{""C"": 1.2742749857031335, ""gamma"": ""scale""}",0.6469572818311016,0.71,0.7013695808876532,0.737449118046133,,0.42000000000000004,True,
AF3,sub-042,"{""C"": 0.42813323987193935, ""gamma"": ""scale""}",0.638479664481127,0.625,0.6180387563341907,0.6348290367813613,,0.25,True,
AF3,sub-043,"{""C"": 11.288378916846883, ""gamma"": ""auto""}",0.6583113024167597,0.735,0.7348342714196372,0.7355889724310777,,0.47,True,
AF3,sub-044,"{""C"": 0.8858667904100825, ""gamma"": ""scale""}",0.6409942559080946,0.54,0.5398159263705482,0.5400641025641025,,0.07999999999999996,True,
AF3,sub-045,"{""C"": 16.23776739188721, ""gamma"": ""auto""}",0.6486038519734953,0.575,0.5631055485595333,0.5841656379755358,,0.15000000000000002,True,
AF3,sub-046,"{""C"": 0.6158482110660264, ""gamma"": ""scale""}",0.6417936731557377,0.76,0.7591328783621036,0.7637987012987013,,0.52,True,
AF3,sub-047,"{""C"": 7.847599703514611, ""gamma"": ""auto""}",0.6367479775004203,0.7,0.696969696969697,0.7083333333333333,,0.4,True,
AF3,sub-048,"{""C"": 1.2742749857031335, ""gamma"": ""scale""}",0.6519874715489757,0.57,0.555601488218272,0.5804227941176471,,0.14,True,
AF3,sub-049,"{""C"": 7.847599703514611, ""gamma"": ""auto""}",0.6495949317410927,0.635,0.6292063492063492,0.644,,0.27,True,
AF3,sub-050,"{""C"": 5.455594781168517, ""gamma"": ""auto""}",0.6556217493663214,0.63,0.6290726817042607,0.6313131313131313,,0.26,True,
AF3,sub-051,"{""C"": 0.6158482110660264, ""gamma"": ""scale""}",0.643495632821502,0.62,0.6196576919227305,0.6204335608189482,,0.24,True,
AF4,sub-001,"{""C"": 3.79269019073225, ""gamma"": ""scale""}",0.6244728681647249,0.675,0.6740138920233707,0.6771434355704019,,0.35,True,
AF4,sub-002,"{""C"": 1.8329807108324356, ""gamma"": ""auto""}",0.6462876841824305,0.54,0.5383380168606985,0.5405844155844155,,0.07999999999999996,True,
AF4,sub-003,"{""C"": 3.79269019073225, ""gamma"": ""auto""}",0.6264954245689509,0.63,0.6298519407763106,0.6302083333333333,,0.26,True,
AF4,sub-004,"{""C"": 48.32930238571752, ""gamma"": ""auto""}",0.6194976218601367,0.51,0.5092147435897436,0.5100644122383253,,0.020000000000000018,True,
AF4,sub-005,"{""C"": 16.23776739188721, ""gamma"": ""auto""}",0.62996299629963,0.57,0.5696126513862476,0.5702529104777199,,0.14,True,
AF4,sub-006,"{""C"": 0.6158482110660264, ""gamma"": ""scale""}",0.6279485267037066,0.675,0.6689669221562986,0.6887606514939058,,0.35,True,
AF4,sub-007,"{""C"": 1.2742749857031335, ""gamma"": ""scale""}",0.6429910747768695,0.49,0.47980416156670747,0.4891493055555556,,-0.020000000000000018,True,
AF4,sub-008,"{""C"": 0.8858667904100825, ""gamma"": ""scale""}",0.617457824725176,0.65,0.64996499649965,0.6500600240096038,,0.30000000000000004,True,
AF4,sub-009,"{""C"": 1.8329807108324356, ""gamma"": ""scale""}",0.6389187567202621,0.545,0.5416887008637405,0.546339202965709,,0.08999999999999997,True,
AF4,sub-010,"{""C"": 0.42813323987193935, ""gamma"": ""auto""}",0.64334053665227,0.525,0.5206740836045309,0.5259363004461044,,0.050000000000000044,True,
AF4,sub-011,"{""C"": 3.79269019073225, ""gamma"": ""scale""}",0.6459713236772178,0.67,0.6698679471788715,0.6702724358974359,,0.33999999999999997,True,
AF4,sub-012,"{""C"": 1.8329807108324356, ""gamma"": ""scale""}",0.6289818201091854,0.53,0.52995299529953,0.5300120048019208,,0.06000000000000005,True,
AF4,sub-013,"{""C"": 0.14384498882876628, ""gamma"": ""scale""}",0.6437793652791395,0.595,0.5949898747468687,0.595009500950095,,0.18999999999999995,True,
AF4,sub-014,"{""C"": 5.455594781168517, ""gamma"": ""auto""}",0.6343148719039013,0.465,0.46498662466561663,0.46499649964996503,,-0.07000000000000006,True,
AF4,sub-015,"{""C"": 16.23776739188721, ""gamma"": ""auto""}",0.6464680937454605,0.605,0.6038014995360967,0.6062860613422412,,0.20999999999999996,True,
AF4,sub-016,"{""C"": 5.455594781168517, ""gamma"": ""scale""}",0.6229939679034864,0.47,0.46808510638297873,0.4695616883116883,,-0.06000000000000005,True,
AF4,sub-017,"{""C"": 1.2742749857031335, ""gamma"": ""scale""}",0.6347530930909295,0.585,0.5772962236765042,0.5916837450113257,,0.17000000000000004,True,
AF4,sub-018,"{""C"": 0.8858667904100825, ""gamma"": ""scale""}",0.6448433759287846,0.535,0.5263680578543963,0.5377521302987811,,0.06999999999999995,True,
AF4,sub-019,"{""C"": 1.8329807108324356, ""gamma"": ""scale""}",0.624450333556613,0.62,0.6198479391756703,0.6201923076923077,,0.24,True,
AF4,sub-020,"{""C"": 5.455594781168517, ""gamma"": ""auto""}",0.6218169594083536,0.81,0.8099239695878351,0.8104967948717949,,0.62,True,
AF4,sub-021,"{""C"": 1.8329807108324356, ""gamma"": ""scale""}",0.6339703515984795,0.68,0.6798719487795117,0.6802884615384616,,0.36,True,
AF4,sub-022,"{""C"": 11.288378916846883, ""gamma"": ""auto""}",0.631821801752048,0.565,0.5618342524741256,0.5669344042838018,,0.13,True,
AF4,sub-023,"{""C"": 16.23776739188721, ""gamma"": ""auto""}",0.6374198717948718,0.7437185929648241,0.7416045013621204,0.7510423181154888,,0.4869837739473285,True,
AF4,sub-024,"{""C"": 1.8329807108324356, ""gamma"": ""scale""}",0.6329060239421291,0.76,0.75997599759976,0.7601040416166467,,0.52,True,
AF4,sub-025,"{""C"": 7.847599703514611, ""gamma"": ""scale""}",0.628937290402078,0.71,0.71,0.71,,0.42000000000000004,True,
AF4,sub-026,"{""C"": 1.8329807108324356, ""gamma"": ""scale""}",0.6253575422054236,0.6683417085427136,0.6659035409035409,0.6741713570981864,,0.33726914925825,True,
AF4,sub-027,"{""C"": 1.2742749857031335, ""gamma"": ""auto""}",0.6334669203895651,0.57,0.568922305764411,0.5707070707070707,,0.14,True,
AF4,sub-028,"{""C"": 33.59818286283781, ""gamma"": ""auto""}",0.6399870395334232,0.61,0.6032956972841013,0.6179751179751181,,0.21999999999999997,True,
AF4,sub-029,"{""C"": 0.6158482110660264, ""gamma"": ""scale""}",0.6271971909183234,0.475,0.4637248142189535,0.47270444371656295,,-0.050000000000000044,True,
AF4,sub-030,"{""C"": 0.6158482110660264, ""gamma"": ""scale""}",0.622016865868123,0.755,0.746317724107582,0.7954466458116094,,0.51,True,
AF4,sub-031,"{""C"": 1.2742749857031335, ""gamma"": ""auto""}",0.6349704326050409,0.6,0.5931237920862578,0.6072501072501073,,0.19999999999999996,True,
AF4,sub-032,"{""C"": 2.636650898730358, ""gamma"": ""auto""}",0.6297686053783615,0.47,0.46952257031328193,0.46989160979526295,,-0.06000000000000005,True,
AF4,sub-033,"{""C"": 1.8329807108324356, ""gamma"": ""scale""}",0.6454956573218023,0.67,0.6697027324592133,0.6706142111601766,,0.33999999999999997,True,
AF4,sub-034,"{""C"": 3.79269019073225, ""gamma"": ""scale""}",0.639948152533965,0.635,0.6301081806896203,0.6425403864428254,,0.27,True,
AF4,sub-035,"{""C"": 33.59818286283781, ""gamma"": ""auto""}",0.6409709186444101,0.765,0.7645231593977806,0.7671640286319186,,0.53,True,
AF4,sub-036,"{""C"": 0.8858667904100825, ""gamma"": ""scale""}",0.6179965619690577,0.725,0.7244419950399559,0.7268373828006855,,0.44999999999999996,True,
AF4,sub-037,"{""C"": 0.42813323987193935, ""gamma"": ""scale""}",0.6413673720442861,0.615,0.614990374759369,0.6150115011501149,,0.22999999999999998,True,
AF4,sub-038,"{""C"": 2.636650898730358, ""gamma"": ""scale""}",0.6393332818095164,0.575,0.5719070282793182,0.5772320049428483,,0.15000000000000002,True,
AF4,sub-039,"{""C"": 1.2742749857031335, ""gamma"": ""scale""}",0.6422852817403646,0.445,0.4426451758680425,0.4440545214118604,,-0.1100000000000001,True,
AF4,sub-040,"{""C"": 2.636650898730358, ""gamma"": ""auto""}",0.6423024615343824,0.575,0.5737104741844078,0.575918615244458,,0.15000000000000002,True,
AF4,sub-041,"{""C"": 3.79269019073225, ""gamma"": ""scale""}",0.6394955838209018,0.615,0.6128221244500314,0.6176470588235294,,0.22999999999999998,True,
AF4,sub-042,"{""C"": 2.636650898730358, ""gamma"": ""scale""}",0.6269817221043832,0.62,0.6196576919227305,0.6204335608189482,,0.24,True,
AF4,sub-043,"{""C"": 7.847599703514611, ""gamma"": ""scale""}",0.6116504854368932,0.71,0.7097387648883995,0.7107587314331594,,0.42000000000000004,True,
AF4,sub-044,"{""C"": 1.2742749857031335, ""gamma"": ""auto""}",0.6377913678278688,0.49,0.48748869460355737,0.4898000815993472,,-0.020000000000000018,True,
AF4,sub-045,"{""C"": 3.79269019073225, ""gamma"": ""scale""}",0.645998583994336,0.595,0.5945032665014642,0.5954677921816902,,0.18999999999999995,True,
AF4,sub-046,"{""C"": 16.23776739188721, ""gamma"": ""auto""}",0.6284419440537584,0.78,0.7789166917897699,0.7855977152182783,,0.56,True,
AF4,sub-047,"{""C"": 0.8858667904100825, ""gamma"": ""scale""}",0.6188748594882756,0.68,0.6794871794871795,0.681159420289855,,0.36,True,
AF4,sub-048,"{""C"": 16.23776739188721, ""gamma"": ""auto""}",0.6334595889196784,0.545,0.543619448832719,0.5455511691466748,,0.08999999999999997,True,
AF4,sub-049,"{""C"": 0.8858667904100825, ""gamma"": ""scale""}",0.633976574500768,0.53,0.4986666666666667,0.54,,0.06000000000000005,True,
AF4,sub-050,"{""C"": 3.79269019073225, ""gamma"": ""scale""}",0.6508739655015461,0.695,0.6948092557848655,0.6954887218045113,,0.39,True,
AF4,sub-051,"{""C"": 1.8329807108324356, ""gamma"": ""scale""}",0.6288363168157158,0.585,0.5803736191511413,0.5889214352965791,,0.17000000000000004,True,
AF7,sub-001,"{""C"": 5.455594781168517, ""gamma"": ""auto""}",0.6767979987492183,0.76,0.7593984962406015,0.7626262626262625,,0.52,True,
AF7,sub-002,"{""C"": 11.288378916846883, ""gamma"": ""auto""}",0.6716203931745097,0.645,0.6424164589156657,0.6493152095561734,,0.29000000000000004,True,
AF7,sub-003,"{""C"": 0.8858667904100825, ""gamma"": ""scale""}",0.6820993657256558,0.82,0.8198378540686617,0.8211561621838619,,0.64,True,
AF7,sub-004,"{""C"": 1.2742749857031335, ""gamma"": ""scale""}",0.6653727579912261,0.515,0.5105830116804158,0.5155617802676626,,0.030000000000000027,True,
AF7,sub-005,"{""C"": 16.23776739188721, ""gamma"": ""auto""}",0.6757684525711136,0.66,0.6594551282051282,0.6610305958132046,,0.31999999999999995,True,
AF7,sub-006,"{""C"": 0.6158482110660264, ""gamma"": ""auto""}",0.6923363391186315,0.695,0.6937059074590144,0.6983521513579494,,0.39,True,
AF7,sub-007,"{""C"": 1.2742749857031335, ""gamma"": ""scale""}",0.6931132459682314,0.535,0.5330270392407923,0.5356016681924525,,0.06999999999999995,True,
AF7,sub-008,"{""C"": 0.20691380811147894, ""gamma"": ""scale""}",0.6759170347608988,0.85,0.8499399759903962,0.8505608974358975,,0.7,True,
AF7,sub-009,"{""C"": 11.288378916846883, ""gamma"": ""auto""}",0.683901863300831,0.675,0.6689669221562986,0.6887606514939058,,0.35,True,
AF7,sub-010,"{""C"": 0.6158482110660264, ""gamma"": ""scale""}",0.6808005003126953,0.7,0.6995192307692308,0.7012882447665056,,0.4,True,
AF7,sub-011,"{""C"": 11.288378916846883, ""gamma"": ""auto""}",0.6860585197934596,0.735,0.7307936507936508,0.7506666666666666,,0.47,True,
AF7,sub-012,"{""C"": 0.8858667904100825, ""gamma"": ""scale""}",0.6775821464618145,0.545,0.5399277029247453,0.5470760539805419,,0.08999999999999997,True,
AF7,sub-013,"{""C"": 7.847599703514611, ""gamma"": ""auto""}",0.676068442182097,0.62,0.6134676024819449,0.6287001287001287,,0.24,True,
AF7,sub-014,"{""C"": 3.79269019073225, ""gamma"": ""auto""}",0.6867180462416175,0.505,0.49714285714285716,0.5053333333333334,,0.010000000000000009,True,
AF7,sub-015,"{""C"": 7.847599703514611, ""gamma"": ""auto""}",0.6758285132835269,0.695,0.6946259167480163,0.6959602050045222,,0.39,True,
AF7,sub-016,"{""C"": 2.636650898730358, ""gamma"": ""scale""}",0.6763212484094341,0.535,0.5323695788812068,0.5358056265984654,,0.06999999999999995,True,
AF7,sub-017,"{""C"": 1.2742749857031335, ""gamma"": ""auto""}",0.684302624497515,0.635,0.6301081806896203,0.6425403864428254,,0.27,True,
AF7,sub-018,"{""C"": 5.455594781168517, ""gamma"": ""auto""}",0.6993358328547762,0.525,0.5244174113288779,0.525123103205708,,0.050000000000000044,True,
AF7,sub-019,"{""C"": 23.357214690901213, ""gamma"": ""auto""}",0.6607526887100696,0.615,0.5981105978757275,0.6382377689626157,,0.22999999999999998,True,
AF7,sub-020,"{""C"": 23.357214690901213, ""gamma"": ""auto""}",0.6747029408808934,0.81,0.8095238095238095,0.8131313131313131,,0.62,True,
AF7,sub-021,"{""C"": 5.455594781168517, ""gamma"": ""auto""}",0.6696402382194209,0.685,0.6849291090495362,0.6851666499849864,,0.37,True,
AF7,sub-022,"{""C"": 5.455594781168517, ""gamma"": ""scale""}",0.6662938778455212,0.61,0.6052232007288187,0.6155947877259353,,0.21999999999999997,True,
AF7,sub-023,"{""C"": 5.455594781168517, ""gamma"": ""auto""}",0.6838739914716117,0.6582914572864321,0.6563388866314506,0.6613519091847265,,0.3160820782371374,True,
AF7,sub-024,"{""C"": 5.455594781168517, ""gamma"": ""auto""}",0.6868042526579112,0.775,0.7743173098623335,0.7783682558963458,,0.55,True,
AF7,sub-025,"{""C"": 48.32930238571752, ""gamma"": ""auto""}",0.6737256032323183,0.785,0.784865540963102,0.7857142857142858,,0.5700000000000001,True,
AF7,sub-026,"{""C"": 3.79269019073225, ""gamma"": ""auto""}",0.694706613055146,0.8743718592964824,0.874257550865664,0.876141205112599,,0.7488261725652547,True,
AF7,sub-027,"{""C"": 1.8329807108324356, ""gamma"": ""scale""}",0.6757636316875002,0.515,0.5045838759927475,0.5163773337700622,,0.030000000000000027,True,
AF7,sub-028,"{""C"": 3.79269019073225, ""gamma"": ""auto""}",0.6707571458102344,0.665,0.6503040267230356,0.6983411467724486,,0.32999999999999996,True,
AF7,sub-029,"{""C"": 5.455594781168517, ""gamma"": ""auto""}",0.683300410607031,0.505,0.4854336131396346,0.5058969218068168,,0.010000000000000009,True,
AF7,sub-030,"{""C"": 11.288378916846883, ""gamma"": ""auto""}",0.6951371369772872,0.685,0.6592292089249493,0.7652329749103943,,0.37,True,
AF7,sub-031,"{""C"": 3.79269019073225, ""gamma"": ""auto""}",0.6800500704115162,0.71,0.7070707070707071,0.71875,,0.42000000000000004,True,
AF7,sub-032,"{""C"": 5.455594781168517, ""gamma"": ""auto""}",0.682052886872164,0.5,0.4995495946351717,0.5,,0.0,True,
AF7,sub-033,"{""C"": 5.455594781168517, ""gamma"": ""auto""}",0.6900871185637065,0.77,0.7699769976997699,0.7701080432172869,,0.54,True,
AF7,sub-034,"{""C"": 3.79269019073225, ""gamma"": ""scale""}",0.6753051018874079,0.555,0.551761476668933,0.5566368036247555,,0.10999999999999999,True,
AF7,sub-035,"{""C"": 23.357214690901213, ""gamma"": ""auto""}",0.6688927212416823,0.85,0.8498648783905515,0.851264552388599,,0.7,True,
AF7,sub-036,"{""C"": 1.8329807108324356, ""gamma"": ""auto""}",0.6825571152716357,0.78,0.7785829307568438,0.7873563218390804,,0.56,True,
AF7,sub-037,"{""C"": 5.455594781168517, ""gamma"": ""auto""}",0.6764222604480726,0.655,0.6511539725473343,0.6621508525996443,,0.31000000000000005,True,
AF7,sub-038,"{""C"": 3.79269019073225, ""gamma"": ""auto""}",0.6873092661689673,0.5,0.39290917921321034,0.5,,0.0,True,
AF7,sub-039,"{""C"": 1.8329807108324356, ""gamma"": ""auto""}",0.6939980803512962,0.52,0.5141208624354692,0.5210172341319883,,0.040000000000000036,True,
AF7,sub-040,"{""C"": 2.636650898730358, ""gamma"": ""scale""}",0.6733346256542374,0.665,0.6631049654305469,0.6687979539641944,,0.32999999999999996,True,
AF7,sub-041,"{""C"": 1.2742749857031335, ""gamma"": ""scale""}",0.6792914592713912,0.78,0.7749360613810742,0.8076923076923077,,0.56,True,
AF7,sub-042,"{""C"": 5.455594781168517, ""gamma"": ""scale""}",0.6733999787434901,0.67,0.6651785714285714,0.6803904923599321,,0.33999999999999997,True,
AF7,sub-043,"{""C"": 2.636650898730358, ""gamma"": ""auto""}",0.6683283649390015,0.845,0.8448098921178444,0.84669882423877,,0.69,True,
AF7,sub-044,"{""C"": 33.59818286283781, ""gamma"": ""auto""}",0.6704186184429333,0.535,0.5340564643402891,0.5352858151023289,,0.06999999999999995,True,
AF7,sub-045,"{""C"": 11.288378916846883, ""gamma"": ""auto""}",0.6737946625090101,0.605,0.596516764983784,0.6146413363904357,,0.20999999999999996,True,
AF7,sub-046,"{""C"": 0.8858667904100825, ""gamma"": ""scale""}",0.6802005012531328,0.835,0.8342999171499585,0.8407588241277592,,0.6699999999999999,True,
AF7,sub-047,"{""C"": 23.357214690901213, ""gamma"": ""auto""}",0.6824580050711706,0.725,0.7246627118219819,0.7261079288513717,,0.44999999999999996,True,
AF7,sub-048,"{""C"": 3.79269019073225, ""gamma"": ""auto""}",0.6831444088127901,0.605,0.5925209542230818,0.6196581196581197,,0.20999999999999996,True,
AF7,sub-049,"{""C"": 7.847599703514611, ""gamma"": ""auto""}",0.689857928376221,0.685,0.6807782929239188,0.6953331221623904,,0.37,True,
AF7,sub-050,"{""C"": 5.455594781168517, ""gamma"": ""auto""}",0.6654376006066197,0.67,0.6673051718923279,0.6756924348904505,,0.33999999999999997,True,
AF7,sub-051,"{""C"": 1.8329807108324356, ""gamma"": ""scale""}",0.6679280891515412,0.675,0.6736210489317367,0.6780083409622623,,0.35,True,
AF8,sub-001,"{""C"": 23.357214690901213, ""gamma"": ""auto""}",0.6869621224168124,0.82,0.81998199819982,0.8201280512204883,,0.64,True,
AF8,sub-002,"{""C"": 11.288378916846883, ""gamma"": ""auto""}",0.696482927164653,0.575,0.5741376286981137,0.5756124609335619,,0.15000000000000002,True,
AF8,sub-003,"{""C"": 11.288378916846883, ""gamma"": ""auto""}",0.6794992788733774,0.84,0.8392121394834691,0.8467972256221951,,0.6799999999999999,True,
AF8,sub-004,"{""C"": 1.8329807108324356, ""gamma"": ""scale""}",0.6934999233749808,0.5,0.4995495946351717,0.5,,0.0,True,
AF8,sub-005,"{""C"": 11.288378916846883, ""gamma"": ""auto""}",0.6809741589068714,0.71,0.7095352564102564,0.711352657004831,,0.42000000000000004,True,
AF8,sub-006,"{""C"": 11.288378916846883, ""gamma"": ""auto""}",0.6728416553611949,0.695,0.6787360105332456,0.744514106583072,,0.39,True,
AF8,sub-007,"{""C"": 1.2742749857031335, ""gamma"": ""scale""}",0.6979852012748624,0.515,0.5149878746968675,0.515001500150015,,0.030000000000000027,True,
AF8,sub-008,"{""C"": 23.357214690901213, ""gamma"": ""auto""}",0.6939850052652581,0.745,0.7449426120877197,0.7452206986287659,,0.49,True,
AF8,sub-009,"{""C"": 16.23776739188721, ""gamma"": ""auto""}",0.6869887315943374,0.665,0.6635786196680977,0.6678364357644186,,0.32999999999999996,True,
AF8,sub-010,"{""C"": 0.8858667904100825, ""gamma"": ""auto""}",0.6769883715813769,0.615,0.6114937309215671,0.61930698205208,,0.22999999999999998,True,
AF8,sub-011,"{""C"": 1.8329807108324356, ""gamma"": ""auto""}",0.6774979843624023,0.74,0.7395833333333333,0.7415458937198067,,0.48,True,
AF8,sub-012,"{""C"": 0.8858667904100825, ""gamma"": ""scale""}",0.6908636708788576,0.6,0.595959595959596,0.6041666666666667,,0.19999999999999996,True,
AF8,sub-013,"{""C"": 23.357214690901213, ""gamma"": ""auto""}",0.7029893076150742,0.645,0.6447779862414009,0.6453634085213033,,0.29000000000000004,True,
AF8,sub-014,"{""C"": 3.79269019073225, ""gamma"": ""auto""}",0.681974239913433,0.515,0.5148908504413493,0.5150135121609448,,0.030000000000000027,True,
AF8,sub-015,"{""C"": 23.357214690901213, ""gamma"": ""auto""}",0.6844582696061554,0.68,0.6798719487795117,0.6802884615384616,,0.36,True,
AF8,sub-016,"{""C"": 7.847599703514611, ""gamma"": ""auto""}",0.6894999223749806,0.6,0.5980303487086724,0.601999184006528,,0.19999999999999996,True,
AF8,sub-017,"{""C"": 11.288378916846883, ""gamma"": ""auto""}",0.6999924998124953,0.605,0.6021253556948956,0.6081248069199876,,0.20999999999999996,True,
AF8,sub-018,"{""C"": 23.357214690901213, ""gamma"": ""auto""}",0.6909477701731592,0.555,0.5536497906166152,0.5556736511792693,,0.10999999999999999,True,
AF8,sub-019,"{""C"": 1.2742749857031335, ""gamma"": ""scale""}",0.705957657902738,0.605,0.6049111049986247,0.6050945851266138,,0.20999999999999996,True,
AF8,sub-020,"{""C"": 16.23776739188721, ""gamma"": ""auto""}",0.6764979781123632,0.85,0.8497596153846154,0.8522544283413849,,0.7,True,
AF8,sub-021,"{""C"": 7.847599703514611, ""gamma"": ""scale""}",0.6914993058734382,0.75,0.749599358974359,0.751610305958132,,0.5,True,
AF8,sub-022,"{""C"": 0.6158482110660264, ""gamma"": ""auto""}",0.682,0.585,0.5784126984126984,0.5906666666666667,,0.17000000000000004,True,
AF8,sub-023,"{""C"": 1.8329807108324356, ""gamma"": ""scale""}",0.6829743209199945,0.7185929648241206,0.7182443365695793,0.7193649827551227,,0.43700111144791354,True,
AF8,sub-024,"{""C"": 0.6158482110660264, ""gamma"": ""scale""}",0.6774902440798835,0.905,0.9049786201895427,0.9053648283455109,,0.81,True,
AF8,sub-025,"{""C"": 16.23776739188721, ""gamma"": ""auto""}",0.7054834334431312,0.8,0.7996794871794872,0.8019323671497585,,0.6,True,
AF8,sub-026,"{""C"": 3.79269019073225, ""gamma"": ""scale""}",0.6808723489395758,0.9095477386934674,0.9092705167173252,0.9138917262512768,,0.81899949469429,True,
AF8,sub-027,"{""C"": 16.23776739188721, ""gamma"": ""auto""}",0.6914993058734382,0.665,0.6649916247906198,0.665016501650165,,0.32999999999999996,True,
AF8,sub-028,"{""C"": 7.847599703514611, ""gamma"": ""auto""}",0.6919950719211507,0.71,0.7002893757751136,0.7412683823529411,,0.42000000000000004,True,
AF8,sub-029,"{""C"": 0.29763514416313175, ""gamma"": ""scale""}",0.6852071639642778,0.435,0.4348728463904379,0.43494144730257234,,-0.1299999999999999,True,
AF8,sub-030,"{""C"": 7.847599703514611, ""gamma"": ""auto""}",0.6799884795852651,0.785,0.7803825429658571,0.8111693416311825,,0.5700000000000001,True,
AF8,sub-031,"{""C"": 7.847599703514611, ""gamma"": ""auto""}",0.676999676999677,0.76,0.7599039615846338,0.7604166666666667,,0.52,True,
AF8,sub-032,"{""C"": 23.357214690901213, ""gamma"": ""auto""}",0.6944663149112189,0.485,0.4792588285851513,0.48430798200648606,,-0.030000000000000027,True,
AF8,sub-033,"{""C"": 1.8329807108324356, ""gamma"": ""scale""}",0.691999691999692,0.745,0.7442262845106447,0.7480008097985626,,0.49,True,
AF8,sub-034,"{""C"": 23.357214690901213, ""gamma"": ""auto""}",0.6909626064753835,0.65,0.6448863636363636,0.6591680814940577,,0.30000000000000004,True,
AF8,sub-035,"{""C"": 5.455594781168517, ""gamma"": ""auto""}",0.6954999238749809,0.82,0.81998199819982,0.8201280512204883,,0.64,True,
AF8,sub-036,"{""C"": 1.2742749857031335, ""gamma"": ""scale""}",0.6824821396203536,0.72,0.7192982456140351,0.7222222222222222,,0.43999999999999995,True,
AF8,sub-037,"{""C"": 0.8858667904100825, ""gamma"": ""scale""}",0.6944779260301557,0.735,0.7338756245135698,0.7390397721493236,,0.47,True,
AF8,sub-038,"{""C"": 2.636650898730358, ""gamma"": ""scale""}",0.6819920498012451,0.59,0.5898359343737495,0.5901442307692308,,0.18000000000000005,True,
AF8,sub-039,"{""C"": 16.23776739188721, ""gamma"": ""auto""}",0.6874511642444132,0.445,0.4418604651162791,0.4437340153452686,,-0.1100000000000001,True,
AF8,sub-040,"{""C"": 23.357214690901213, ""gamma"": ""auto""}",0.6964665354355317,0.62,0.6153456827614131,0.6261034047919294,,0.24,True,
AF8,sub-041,"{""C"": 11.288378916846883, ""gamma"": ""auto""}",0.6984993216234736,0.705,0.7028531137468208,0.7111008135104521,,0.41000000000000003,True,
AF8,sub-042,"{""C"": 3.79269019073225, ""gamma"": ""scale""}",0.6954524144397563,0.72,0.7199719971997199,0.7200880352140857,,0.43999999999999995,True,
AF8,sub-043,"{""C"": 3.79269019073225, ""gamma"": ""scale""}",0.6774766976914082,0.755,0.7532169927727834,0.7625888168056842,,0.51,True,
AF8,sub-044,"{""C"": 3.79269019073225, ""gamma"": ""auto""}",0.6924777815197147,0.535,0.5340564643402891,0.5352858151023289,,0.06999999999999995,True,
AF8,sub-045,"{""C"": 3.79269019073225, ""gamma"": ""scale""}",0.6774644404545601,0.705,0.7049926248156204,0.705020502050205,,0.41000000000000003,True,
AF8,sub-046,"{""C"": 1.8329807108324356, ""gamma"": ""scale""}",0.6864340727637985,0.82,0.8195488721804511,0.8232323232323232,,0.64,True,
AF8,sub-047,"{""C"": 7.847599703514611, ""gamma"": ""auto""}",0.6948385696033201,0.7,0.7,0.7,,0.4,True,
AF8,sub-048,"{""C"": 11.288378916846883, ""gamma"": ""auto""}",0.6904869230724998,0.615,0.6114937309215671,0.61930698205208,,0.22999999999999998,True,
AF8,sub-049,"{""C"": 5.455594781168517, ""gamma"": ""auto""}",0.6834992878733976,0.61,0.5793334052421529,0.65527950310559,,0.21999999999999997,True,
AF8,sub-050,"{""C"": 2.636650898730358, ""gamma"": ""auto""}",0.6924980781129881,0.7,0.7,0.7,,0.4,True,
AF8,sub-051,"{""C"": 5.455594781168517, ""gamma"": ""auto""}",0.6874655430761242,0.595,0.5949088544922607,0.5950855770193173,,0.18999999999999995,True,
Fz,sub-001,"{""C"": 0.14384498882876628, ""gamma"": ""scale""}",0.6164953020674503,0.67,0.6643271284711627,0.6823251823251824,,0.33999999999999997,True,
Fz,sub-002,"{""C"": 2.636650898730358, ""gamma"": ""auto""}",0.6186793092991205,0.55,0.55,0.55,,0.09999999999999998,True,
Fz,sub-003,"{""C"": 33.59818286283781, ""gamma"": ""auto""}",0.6159350930307221,0.635,0.6349908747718693,0.635013501350135,,0.27,True,
Fz,sub-004,"{""C"": 48.32930238571752, ""gamma"": ""auto""}",0.6228778124112212,0.51,0.5082296266559615,0.5101461038961039,,0.020000000000000018,True,
Fz,sub-005,"{""C"": 23.357214690901213, ""gamma"": ""auto""}",0.6229698012830542,0.615,0.6145277965507747,0.6155662747462567,,0.22999999999999998,True,
Fz,sub-006,"{""C"": 1.2742749857031335, ""gamma"": ""scale""}",0.6272941732071537,0.58,0.58,0.58,,0.16000000000000003,True,
Fz,sub-007,"{""C"": 3.79269019073225, ""gamma"": ""scale""}",0.6065971554872189,0.45,0.4419642857142857,0.44694397283531406,,-0.10000000000000009,True,
Fz,sub-008,"{""C"": 2.636650898730358, ""gamma"": ""auto""}",0.6116237260318593,0.675,0.6689669221562986,0.6887606514939058,,0.35,True,
Fz,sub-009,"{""C"": 3.79269019073225, ""gamma"": ""auto""}",0.6195857288587272,0.5,0.49387589837028045,0.5,,0.0,True,
Fz,sub-010,"{""C"": 1.2742749857031335, ""gamma"": ""scale""}",0.6325237507810122,0.545,0.5389019786678828,0.5475134621476085,,0.08999999999999997,True,
Fz,sub-011,"{""C"": 1.8329807108324356, ""gamma"": ""auto""}",0.6043982897987838,0.665,0.6619490905421428,0.6711795829442888,,0.32999999999999996,True,
Fz,sub-012,"{""C"": 0.42813323987193935, ""gamma"": ""scale""}",0.6159535303771757,0.505,0.5039955910719206,0.505040830728904,,0.010000000000000009,True,
Fz,sub-013,"{""C"": 1.8329807108324356, ""gamma"": ""scale""}",0.62065859273346,0.645,0.6445645916247403,0.6457139985931062,,0.29000000000000004,True,
Fz,sub-014,"{""C"": 48.32930238571752, ""gamma"": ""auto""}",0.6277483578899337,0.495,0.49438061625491225,0.4949753793588584,,-0.010000000000000009,True,
Fz,sub-015,"{""C"": 100.0, ""gamma"": ""auto""}",0.6110892129812114,0.645,0.64349376114082,0.6474926253687315,,0.29000000000000004,True,
Fz,sub-016,"{""C"": 5.455594781168517, ""gamma"": ""auto""}",0.6319701895853564,0.435,0.4308881670066228,0.4330655957161981,,-0.1299999999999999,True,
Fz,sub-017,"{""C"": 1.8329807108324356, ""gamma"": ""scale""}",0.6083733974358974,0.51,0.5092147435897436,0.5100644122383253,,0.020000000000000018,True,
Fz,sub-018,"{""C"": 5.455594781168517, ""gamma"": ""scale""}",0.6179755504352278,0.48,0.4797919167667067,0.47996794871794873,,-0.040000000000000036,True,
Fz,sub-019,"{""C"": 33.59818286283781, ""gamma"": ""auto""}",0.6157786885245902,0.57,0.5388245388245388,0.5959429824561404,,0.14,True,
Fz,sub-020,"{""C"": 0.42813323987193935, ""gamma"": ""scale""}",0.6154491431491815,0.585,0.5251580422780973,0.6714055253075217,,0.17000000000000004,True,
Fz,sub-021,"{""C"": 0.14384498882876628, ""gamma"": ""scale""}",0.6101751305762995,0.66,0.6583257964023717,0.6631986944104447,,0.31999999999999995,True,
Fz,sub-022,"{""C"": 1.2742749857031335, ""gamma"": ""scale""}",0.6178150224708758,0.56,0.548440065681445,0.5668449197860963,,0.12,True,
Fz,sub-023,"{""C"": 7.847599703514611, ""gamma"": ""scale""}",0.6286877263778838,0.6130653266331658,0.6120857699805068,0.6138634046890927,,0.22575918346723256,True,
Fz,sub-024,"{""C"": 3.79269019073225, ""gamma"": ""auto""}",0.6162504668660796,0.75,0.749096748293858,0.7536525974025974,,0.5,True,
Fz,sub-025,"{""C"": 0.29763514416313175, ""gamma"": ""scale""}",0.6184785394178423,0.785,0.7834353201883608,0.7934816187828236,,0.5700000000000001,True,
Fz,sub-026,"{""C"": 0.29763514416313175, ""gamma"": ""scale""}",0.6214999053749763,0.5678391959798995,0.5540441942880967,0.5787615740740741,,0.13722524702561,True,
Fz,sub-027,"{""C"": 1.2742749857031335, ""gamma"": ""scale""}",0.6379185316696256,0.54,0.5353535353535354,0.5416666666666667,,0.07999999999999996,True,
Fz,sub-028,"{""C"": 1.2742749857031335, ""gamma"": ""auto""}",0.6019402284462525,0.575,0.5744787364521539,0.575369309617124,,0.15000000000000002,True,
Fz,sub-029,"{""C"": 1.2742749857031335, ""gamma"": ""scale""}",0.6164193521687935,0.49,0.48484848484848486,0.4895833333333333,,-0.020000000000000018,True,
Fz,sub-030,"{""C"": 33.59818286283781, ""gamma"": ""auto""}",0.6172923735987841,0.625,0.6228786926461345,0.6278772378516624,,0.25,True,
Fz,sub-031,"{""C"": 2.636650898730358, ""gamma"": ""auto""}",0.6019219767074346,0.66,0.6587715776796468,0.6623376623376623,,0.31999999999999995,True,
Fz,sub-032,"{""C"": 7.847599703514611, ""gamma"": ""auto""}",0.624615606380934,0.585,0.5844910014768091,0.5854185508994071,,0.17000000000000004,True,
Fz,sub-033,"{""C"": 0.29763514416313175, ""gamma"": ""scale""}",0.6179904497612441,0.68,0.6797117405665098,0.6806503412284224,,0.36,True,
Fz,sub-034,"{""C"": 0.8858667904100825, ""gamma"": ""auto""}",0.619019869790904,0.56,0.5592948717948718,0.5603864734299517,,0.12,True,
Fz,sub-035,"{""C"": 0.20691380811147894, ""gamma"": ""scale""}",0.6057914636842889,0.65,0.64996499649965,0.6500600240096038,,0.30000000000000004,True,
Fz,sub-036,"{""C"": 0.6158482110660264, ""gamma"": ""scale""}",0.6270561035272233,0.77,0.7696314102564102,0.7717391304347826,,0.54,True,
Fz,sub-037,"{""C"": 1.8329807108324356, ""gamma"": ""auto""}",0.6181920944719026,0.515,0.5149878746968675,0.515001500150015,,0.030000000000000027,True,
Fz,sub-038,"{""C"": 11.288378916846883, ""gamma"": ""auto""}",0.6320097449827533,0.51,0.46153846153846156,0.515625,,0.020000000000000018,True,
Fz,sub-039,"{""C"": 0.6158482110660264, ""gamma"": ""scale""}",0.6184976156100976,0.455,0.4533463727776524,0.4544488308533252,,-0.09000000000000008,True,
Fz,sub-040,"{""C"": 3.79269019073225, ""gamma"": ""auto""}",0.6383168979295768,0.535,0.530765155528646,0.5363108206245462,,0.06999999999999995,True,
Fz,sub-041,"{""C"": 100.0, ""gamma"": ""auto""}",0.6059158687965236,0.65,0.65,0.65,,0.30000000000000004,True,
Fz,sub-042,"{""C"": 5.455594781168517, ""gamma"": ""scale""}",0.6134991303730434,0.575,0.5741376286981137,0.5756124609335619,,0.15000000000000002,True,
Fz,sub-043,"{""C"": 11.288378916846883, ""gamma"": ""auto""}",0.6041624076545972,0.775,0.7748592870544091,0.7756892230576441,,0.55,True,
Fz,sub-044,"{""C"": 2.636650898730358, ""gamma"": ""scale""}",0.6281540903425411,0.445,0.44431929113163626,0.44472917294744246,,-0.1100000000000001,True,
Fz,sub-045,"{""C"": 5.455594781168517, ""gamma"": ""scale""}",0.6179862475049103,0.665,0.6647904940587868,0.6654135338345865,,0.32999999999999996,True,
Fz,sub-046,"{""C"": 23.357214690901213, ""gamma"": ""auto""}",0.6153534090806646,0.85,0.8499399759903962,0.8505608974358975,,0.7,True,
Fz,sub-047,"{""C"": 0.42813323987193935, ""gamma"": ""scale""}",0.6070590219874253,0.69,0.6884735202492211,0.693798449612403,,0.38,True,
Fz,sub-048,"{""C"": 0.20691380811147894, ""gamma"": ""scale""}",0.6109859954958379,0.565,0.562539283469516,0.5664961636828645,,0.13,True,
Fz,sub-049,"{""C"": 7.847599703514611, ""gamma"": ""auto""}",0.6228174436427232,0.645,0.6417669466939125,0.6504305425874053,,0.29000000000000004,True,
Fz,sub-050,"{""C"": 5.455594781168517, ""gamma"": ""auto""}",0.5881660362233523,0.715,0.7124044501627185,0.7230521838364976,,0.43000000000000005,True,
Fz,sub-051,"{""C"": 0.14384498882876628, ""gamma"": ""scale""}",0.6108739231511009,0.555,0.5374100158528028,0.5648661398749852,,0.10999999999999999,True,
F1,sub-001,"{""C"": 1.2742749857031335, ""gamma"": ""scale""}",0.6522557966331857,0.74,0.74,0.74,,0.48,True,
F1,sub-002,"{""C"": 0.6158482110660264, ""gamma"": ""auto""}",0.6388407287613838,0.625,0.6242390841453944,0.6260207682226031,,0.25,True,
F1,sub-003,"{""C"": 23.357214690901213, ""gamma"": ""auto""}",0.6416218840213233,0.72,0.7199719971997199,0.7200880352140857,,0.43999999999999995,True,
F1,sub-004,"{""C"": 0.6158482110660264, ""gamma"": ""scale""}",0.6529111452531848,0.505,0.5049876246906173,0.5050005000500051,,0.010000000000000009,True,
F1,sub-005,"{""C"": 0.6158482110660264, ""gamma"": ""scale""}",0.6536671741543623,0.665,0.6649246080368083,0.6651486337703933,,0.32999999999999996,True,
F1,sub-006,"{""C"": 0.42813323987193935, ""gamma"": ""scale""}",0.6478859150364717,0.59,0.5893429487179487,0.5905797101449275,,0.18000000000000005,True,
F1,sub-007,"{""C"": 0.8858667904100825, ""gamma"": ""scale""}",0.6477618870356361,0.49,0.4812328349099786,0.48927498927498925,,-0.020000000000000018,True,
F1,sub-008,"{""C"": 0.42813323987193935, ""gamma"": ""scale""}",0.6229864275113904,0.78,0.7777777777777778,0.7916666666666666,,0.56,True,
F1,sub-009,"{""C"": 0.6158482110660264, ""gamma"": ""scale""}",0.6634857822743011,0.545,0.5377777777777777,0.548,,0.08999999999999997,True,
F1,sub-010,"{""C"": 69.51927961775604, ""gamma"": ""auto""}",0.6572016797618128,0.605,0.6047529706066291,0.6052631578947368,,0.20999999999999996,True,
F1,sub-011,"{""C"": 23.357214690901213, ""gamma"": ""auto""}",0.6589126816465015,0.665,0.6556243735704557,0.6851644035461789,,0.32999999999999996,True,
F1,sub-012,"{""C"": 0.6158482110660264, ""gamma"": ""scale""}",0.6586719837764091,0.5,0.49387589837028045,0.5,,0.0,True,
F1,sub-013,"{""C"": 11.288378916846883, ""gamma"": ""auto""}",0.6681275561498892,0.59,0.5858585858585859,0.59375,,0.18000000000000005,True,
F1,sub-014,"{""C"": 0.8858667904100825, ""gamma"": ""scale""}",0.6526874186768091,0.515,0.511470373448163,0.5154464009885696,,0.030000000000000027,True,
F1,sub-015,"{""C"": 2.636650898730358, ""gamma"": ""scale""}",0.663948792006088,0.69,0.6897207486738064,0.690686471296668,,0.38,True,
F1,sub-016,"{""C"": 0.42813323987193935, ""gamma"": ""scale""}",0.6524053673612641,0.585,0.5819798040845106,0.5875296056018948,,0.17000000000000004,True,
F1,sub-017,"{""C"": 23.357214690901213, ""gamma"": ""auto""}",0.6554372034303252,0.565,0.5644664714274987,0.5653200683348407,,0.13,True,
F1,sub-018,"{""C"": 48.32930238571752, ""gamma"": ""auto""}",0.6770458457205445,0.48,0.47916666666666663,0.47987117552334946,,-0.040000000000000036,True,
F1,sub-019,"{""C"": 0.8858667904100825, ""gamma"": ""scale""}",0.6469572818311016,0.6,0.5931237920862578,0.6072501072501073,,0.19999999999999996,True,
F1,sub-020,"{""C"": 0.8858667904100825, ""gamma"": ""scale""}",0.6479207821759896,0.81,0.809313528703332,0.8145292207792207,,0.62,True,
F1,sub-021,"{""C"": 23.357214690901213, ""gamma"": ""auto""}",0.6474040057405628,0.705,0.7046381817726715,0.7060094462868054,,0.41000000000000003,True,
F1,sub-022,"{""C"": 0.42813323987193935, ""gamma"": ""scale""}",0.645964596459646,0.575,0.550157444894287,0.5962649210627646,,0.15000000000000002,True,
F1,sub-023,"{""C"": 5.455594781168517, ""gamma"": ""auto""}",0.6308804052513014,0.7437185929648241,0.7434854037659547,0.7449279772773382,,0.4876053920331196,True,
F1,sub-024,"{""C"": 0.29763514416313175, ""gamma"": ""scale""}",0.6499912497812446,0.825,0.8244690187818149,0.8289806660593178,,0.65,True,
F1,sub-025,"{""C"": 100.0, ""gamma"": ""auto""}",0.6519569658559767,0.77,0.77,0.77,,0.54,True,
F1,sub-026,"{""C"": 0.14384498882876628, ""gamma"": ""scale""}",0.65996599659966,0.7839195979899497,0.7839195979899497,0.7839393939393939,,0.5678501085803748,True,
F1,sub-027,"{""C"": 7.847599703514611, ""gamma"": ""auto""}",0.6597643254126234,0.56,0.5571658615136876,0.5615763546798029,,0.12,True,
F1,sub-028,"{""C"": 0.8858667904100825, ""gamma"": ""scale""}",0.647317206111031,0.66,0.6521739130434783,0.6758241758241759,,0.31999999999999995,True,
F1,sub-029,"{""C"": 16.23776739188721, ""gamma"": ""auto""}",0.6471498844728683,0.495,0.48562552519671004,0.49460683852874554,,-0.010000000000000009,True,
F1,sub-030,"{""C"": 0.14384498882876628, ""gamma"": ""scale""}",0.6453509587404107,0.69,0.6675246675246675,0.7604166666666667,,0.38,True,
F1,sub-031,"{""C"": 0.8858667904100825, ""gamma"": ""scale""}",0.6601410239565542,0.75,0.7498999599839936,0.750400641025641,,0.5,True,
F1,sub-032,"{""C"": 16.23776739188721, ""gamma"": ""auto""}",0.6382007855352474,0.54,0.54,0.54,,0.07999999999999996,True,
F1,sub-033,"{""C"": 2.636650898730358, ""gamma"": ""scale""}",0.6441689882012742,0.665,0.6631049654305469,0.6687979539641944,,0.32999999999999996,True,
F1,sub-034,"{""C"": 1.2742749857031335, ""gamma"": ""scale""}",0.6651885416408614,0.525,0.5223130106851037,0.5255754475703325,,0.050000000000000044,True,
F1,sub-035,"{""C"": 11.288378916846883, ""gamma"": ""auto""}",0.6428571428571428,0.69,0.6880032206119162,0.694991789819376,,0.38,True,
F1,sub-036,"{""C"": 7.847599703514611, ""gamma"": ""auto""}",0.6538748113780516,0.785,0.7845637415766928,0.787327351547535,,0.5700000000000001,True,
F1,sub-037,"{""C"": 0.8858667904100825, ""gamma"": ""scale""}",0.6642816991748884,0.62,0.6175523349436394,0.6231527093596059,,0.24,True,
F1,sub-038,"{""C"": 48.32930238571752, ""gamma"": ""auto""}",0.6579421922304869,0.505,0.40201141614569175,0.5160720025715204,,0.010000000000000009,True,
F1,sub-039,"{""C"": 11.288378916846883, ""gamma"": ""auto""}",0.6472522829156775,0.5,0.49387589837028045,0.5,,0.0,True,
F1,sub-040,"{""C"": 1.2742749857031335, ""gamma"": ""scale""}",0.6594379325632096,0.625,0.6215848028456823,0.6296815022305218,,0.25,True,
F1,sub-041,"{""C"": 33.59818286283781, ""gamma"": ""auto""}",0.6471929696818657,0.735,0.7275834596900619,0.7637189989900124,,0.47,True,
F1,sub-042,"{""C"": 48.32930238571752, ""gamma"": ""auto""}",0.6486173442879295,0.63,0.6214833759590792,0.6428571428571428,,0.26,True,
F1,sub-043,"{""C"": 0.6158482110660264, ""gamma"": ""scale""}",0.6279966519698676,0.775,0.7749493636068115,0.7752477229506556,,0.55,True,
F1,sub-044,"{""C"": 0.29763514416313175, ""gamma"": ""scale""}",0.6461028389109678,0.52,0.5195676108497648,0.5200722601364913,,0.040000000000000036,True,
F1,sub-045,"{""C"": 0.6158482110660264, ""gamma"": ""scale""}",0.6524540370463994,0.62,0.6100164203612479,0.6336898395721926,,0.24,True,
F1,sub-046,"{""C"": 0.8858667904100825, ""gamma"": ""auto""}",0.6537087690747918,0.74,0.7378768020969856,0.7480363786688715,,0.48,True,
F1,sub-047,"{""C"": 0.6158482110660264, ""gamma"": ""scale""}",0.6643300670964676,0.695,0.6927803379416282,0.7008032128514057,,0.39,True,
F1,sub-048,"{""C"": 11.288378916846883, ""gamma"": ""auto""}",0.6581389092228667,0.595,0.5863019995403356,0.6037231138770609,,0.18999999999999995,True,
F1,sub-049,"{""C"": 1.2742749857031335, ""gamma"": ""scale""}",0.6513850432162334,0.615,0.613831841319993,0.6164085433748355,,0.22999999999999998,True,
F1,sub-050,"{""C"": 7.847599703514611, ""gamma"": ""auto""}",0.6474139468096605,0.65,0.6448863636363636,0.6591680814940577,,0.30000000000000004,True,
F1,sub-051,"{""C"": 0.6158482110660264, ""gamma"": ""scale""}",0.659480845797576,0.59,0.59,0.59,,0.18000000000000005,True,
F2,sub-001,"{""C"": 33.59818286283781, ""gamma"": ""auto""}",0.646378973203579,0.705,0.7044014128610436,0.706674059885069,,0.41000000000000003,True,
F2,sub-002,"{""C"": 0.6158482110660264, ""gamma"": ""scale""}",0.666959702123957,0.62,0.6193910256410255,0.6207729468599035,,0.24,True,
F2,sub-003,"{""C"": 1.2742749857031335, ""gamma"": ""scale""}",0.6584623454735885,0.665,0.664320248503219,0.6663474140538361,,0.32999999999999996,True,
F2,sub-004,"{""C"": 1.2742749857031335, ""gamma"": ""scale""}",0.6654999163749791,0.535,0.534429676353533,0.5351723444879911,,0.06999999999999995,True,
F2,sub-005,"{""C"": 1.2742749857031335, ""gamma"": ""auto""}",0.6458721598497057,0.595,0.5949088544922607,0.5950855770193173,,0.18999999999999995,True,
F2,sub-006,"{""C"": 0.8858667904100825, ""gamma"": ""scale""}",0.632999632999633,0.635,0.6292063492063492,0.644,,0.27,True,
F2,sub-007,"{""C"": 1.2742749857031335, ""gamma"": ""scale""}",0.6674932667386515,0.465,0.4590358704719533,0.4633852913484674,,-0.07000000000000006,True,
F2,sub-008,"{""C"": 5.455594781168517, ""gamma"": ""auto""}",0.6604999151249789,0.72,0.719551282051282,0.7214170692431562,,0.43999999999999995,True,
F2,sub-009,"{""C"": 0.6158482110660264, ""gamma"": ""scale""}",0.6614978843617773,0.615,0.6114937309215671,0.61930698205208,,0.22999999999999998,True,
F2,sub-010,"{""C"": 16.23776739188721, ""gamma"": ""auto""}",0.6519498807828328,0.575,0.5711294432251066,0.5778089013383131,,0.15000000000000002,True,
F2,sub-011,"{""C"": 0.14384498882876628, ""gamma"": ""scale""}",0.6700017553098122,0.685,0.6849291090495362,0.6851666499849864,,0.37,True,
F2,sub-012,"{""C"": 11.288378916846883, ""gamma"": ""auto""}",0.6618211033636794,0.55,0.5477841422972565,0.550999592003264,,0.09999999999999998,True,
F2,sub-013,"{""C"": 0.8858667904100825, ""gamma"": ""scale""}",0.6518607442977191,0.67,0.6698679471788715,0.6702724358974359,,0.33999999999999997,True,
F2,sub-014,"{""C"": 0.6158482110660264, ""gamma"": ""scale""}",0.6603837663440313,0.46,0.45978391356542614,0.45993589743589747,,-0.08000000000000007,True,
F2,sub-015,"{""C"": 23.357214690901213, ""gamma"": ""auto""}",0.6514957308227025,0.63,0.6245941558441559,0.6379456706281834,,0.26,True,
F2,sub-016,"{""C"": 2.636650898730358, ""gamma"": ""auto""}",0.6613576855673597,0.485,0.4848840989222575,0.4849864878390552,,-0.030000000000000027,True,
F2,sub-017,"{""C"": 1.2742749857031335, ""gamma"": ""scale""}",0.6523678128608403,0.62,0.6175523349436394,0.6231527093596059,,0.24,True,
F2,sub-018,"{""C"": 11.288378916846883, ""gamma"": ""auto""}",0.6719917997949949,0.545,0.5416887008637405,0.546339202965709,,0.08999999999999997,True,
F2,sub-019,"{""C"": 1.8329807108324356, ""gamma"": ""scale""}",0.6553820545081555,0.625,0.6249906247656192,0.6250125012501251,,0.25,True,
F2,sub-020,"{""C"": 1.8329807108324356, ""gamma"": ""auto""}",0.6424677327128774,0.825,0.8247853620685339,0.8266003416742036,,0.65,True,
F2,sub-021,"{""C"": 3.79269019073225, ""gamma"": ""scale""}",0.6524992181232407,0.705,0.7048155096935584,0.7055137844611529,,0.41000000000000003,True,
F2,sub-022,"{""C"": 0.8858667904100825, ""gamma"": ""scale""}",0.64928948601398,0.555,0.5240514452258082,0.5743343695093932,,0.10999999999999999,True,
F2,sub-023,"{""C"": 1.8329807108324356, ""gamma"": ""auto""}",0.6559986239944959,0.7889447236180904,0.7880401704199635,0.7932573891625616,,0.5776228016979987,True,
F2,sub-024,"{""C"": 0.6158482110660264, ""gamma"": ""scale""}",0.6480310894188783,0.775,0.7747240369452579,0.7763541352627876,,0.55,True,
F2,sub-025,"{""C"": 2.636650898730358, ""gamma"": ""scale""}",0.6489968409715687,0.81,0.8099809980998101,0.810124049619848,,0.62,True,
F2,sub-026,"{""C"": 69.51927961775604, ""gamma"": ""auto""}",0.6494929022312701,0.8693467336683417,0.8692642005255711,0.8699898785425101,,0.7386340674883815,True,
F2,sub-027,"{""C"": 16.23776739188721, ""gamma"": ""auto""}",0.6629727007887638,0.645,0.6447779862414009,0.6453634085213033,,0.29000000000000004,True,
F2,sub-028,"{""C"": 0.8858667904100825, ""gamma"": ""scale""}",0.6501745748982992,0.635,0.6309310144341364,0.6412281619416257,,0.27,True,
F2,sub-029,"{""C"": 3.79269019073225, ""gamma"": ""auto""}",0.6632810485017884,0.5,0.49919871794871795,0.5,,0.0,True,
F2,sub-030,"{""C"": 0.42813323987193935, ""gamma"": ""scale""}",0.641912647219602,0.78,0.7777777777777778,0.7916666666666666,,0.56,True,
F2,sub-031,"{""C"": 1.2742749857031335, ""gamma"": ""scale""}",0.6507988601434427,0.695,0.6927803379416282,0.7008032128514057,,0.39,True,
F2,sub-032,"{""C"": 1.8329807108324356, ""gamma"": ""auto""}",0.6494957063224025,0.48,0.47953157842057853,0.4799277398635087,,-0.040000000000000036,True,
F2,sub-033,"{""C"": 2.636650898730358, ""gamma"": ""scale""}",0.6611196915738689,0.69,0.689875950380152,0.6903044871794872,,0.38,True,
F2,sub-034,"{""C"": 0.6158482110660264, ""gamma"": ""scale""}",0.6719349900365905,0.6,0.5967335416876701,0.6033484911120297,,0.19999999999999996,True,
F2,sub-035,"{""C"": 5.455594781168517, ""gamma"": ""auto""}",0.6439772145417306,0.825,0.8248905565978737,0.8258145363408521,,0.65,True,
F2,sub-036,"{""C"": 2.636650898730358, ""gamma"": ""scale""}",0.6644858245260863,0.75,0.7497747973175859,0.750903251706142,,0.5,True,
F2,sub-037,"{""C"": 7.847599703514611, ""gamma"": ""auto""}",0.65541721398566,0.625,0.6234089026135422,0.6271488149730444,,0.25,True,
F2,sub-038,"{""C"": 3.79269019073225, ""gamma"": ""scale""}",0.6554689060687727,0.54,0.5377349010149733,0.5407996736026112,,0.07999999999999996,True,
F2,sub-039,"{""C"": 33.59818286283781, ""gamma"": ""auto""}",0.6609986439945761,0.445,0.44431929113163626,0.44472917294744246,,-0.1100000000000001,True,
F2,sub-040,"{""C"": 16.23776739188721, ""gamma"": ""auto""}",0.6639946239139827,0.57,0.5664885573142454,0.5723439437784208,,0.14,True,
F2,sub-041,"{""C"": 0.8858667904100825, ""gamma"": ""scale""}",0.6579586129921721,0.66,0.6550324675324675,0.669779286926995,,0.31999999999999995,True,
F2,sub-042,"{""C"": 2.636650898730358, ""gamma"": ""scale""}",0.6434350160316717,0.615,0.6149133555049886,0.6151035932339105,,0.22999999999999998,True,
F2,sub-043,"{""C"": 33.59818286283781, ""gamma"": ""auto""}",0.6624978906118163,0.76,0.7596153846153846,0.7616747181964574,,0.52,True,
F2,sub-044,"{""C"": 1.2742749857031335, ""gamma"": ""scale""}",0.6683606285541499,0.485,0.48498712467811694,0.484998499849985,,-0.030000000000000027,True,
F2,sub-045,"{""C"": 1.8329807108324356, ""gamma"": ""scale""}",0.6574855287635902,0.64,0.63996399639964,0.6400560224089635,,0.28,True,
F2,sub-046,"{""C"": 0.8858667904100825, ""gamma"": ""scale""}",0.6684932869890615,0.775,0.7719844949456562,0.7903600464576075,,0.55,True,
F2,sub-047,"{""C"": 5.455594781168517, ""gamma"": ""auto""}",0.6589832901812189,0.72,0.7192982456140351,0.7222222222222222,,0.43999999999999995,True,
F2,sub-048,"{""C"": 5.455594781168517, ""gamma"": ""scale""}",0.6577316616227122,0.555,0.5536497906166152,0.5556736511792693,,0.10999999999999999,True,
F2,sub-049,"{""C"": 0.14384498882876628, ""gamma"": ""scale""}",0.6499257907783242,0.615,0.6128221244500314,0.6176470588235294,,0.22999999999999998,True,
F2,sub-050,"{""C"": 2.636650898730358, ""gamma"": ""auto""}",0.656446319737459,0.73,0.72997299729973,0.7300920368147259,,0.45999999999999996,True,
F2,sub-051,"{""C"": 0.8858667904100825, ""gamma"": ""auto""}",0.6514162527547243,0.625,0.6238621831038893,0.6265310254074299,,0.25,True,
F3,sub-001,"{""C"": 0.42813323987193935, ""gamma"": ""scale""}",0.6668237497636249,0.75,0.748389694041868,0.756568144499179,,0.5,True,
F3,sub-002,"{""C"": 7.847599703514611, ""gamma"": ""auto""}",0.668621100313306,0.625,0.6249906247656192,0.6250125012501251,,0.25,True,
F3,sub-003,"{""C"": 11.288378916846883, ""gamma"": ""auto""}",0.6658081393003866,0.71,0.7098839535814325,0.7103365384615384,,0.42000000000000004,True,
F3,sub-004,"{""C"": 0.8858667904100825, ""gamma"": ""scale""}",0.692482702151996,0.54,0.5388471177944862,0.5404040404040404,,0.07999999999999996,True,
F3,sub-005,"{""C"": 16.23776739188721, ""gamma"": ""auto""}",0.6787658202829863,0.77,0.77,0.77,,0.54,True,
F3,sub-006,"{""C"": 48.32930238571752, ""gamma"": ""auto""}",0.6802025083834238,0.715,0.7070237207987459,0.7412748288632027,,0.43000000000000005,True,
F3,sub-007,"{""C"": 1.2742749857031335, ""gamma"": ""auto""}",0.6857357037268343,0.57,0.567230273752013,0.5718390804597702,,0.14,True,
F3,sub-008,"{""C"": 16.23776739188721, ""gamma"": ""auto""}",0.6709733488412561,0.81,0.8099239695878351,0.8104967948717949,,0.62,True,
F3,sub-009,"{""C"": 0.20691380811147894, ""gamma"": ""scale""}",0.6869971829746468,0.55,0.5471014492753623,0.5513136288998358,,0.09999999999999998,True,
F3,sub-010,"{""C"": 11.288378916846883, ""gamma"": ""auto""}",0.6738695478191277,0.625,0.6242390841453944,0.6260207682226031,,0.25,True,
F3,sub-011,"{""C"": 69.51927961775604, ""gamma"": ""auto""}",0.6676857470015907,0.71,0.7023809523809523,0.7339572192513368,,0.42000000000000004,True,
F3,sub-012,"{""C"": 5.455594781168517, ""gamma"": ""auto""}",0.6784327553804912,0.555,0.552482715273413,0.5562659846547314,,0.10999999999999999,True,
F3,sub-013,"{""C"": 1.2742749857031335, ""gamma"": ""scale""}",0.699,0.655,0.6495238095238096,0.6653333333333333,,0.31000000000000005,True,
F3,sub-014,"{""C"": 23.357214690901213, ""gamma"": ""auto""}",0.6818167264344263,0.5,0.4949494949494949,0.5,,0.0,True,
F3,sub-015,"{""C"": 1.2742749857031335, ""gamma"": ""scale""}",0.6729918247956199,0.655,0.6549913747843696,0.6550155015501551,,0.31000000000000005,True,
F3,sub-016,"{""C"": 1.2742749857031335, ""gamma"": ""auto""}",0.6779069150984635,0.63,0.6290726817042607,0.6313131313131313,,0.26,True,
F3,sub-017,"{""C"": 1.2742749857031335, ""gamma"": ""auto""}",0.6814645418949253,0.57,0.57,0.57,,0.14,True,
F3,sub-018,"{""C"": 1.2742749857031335, ""gamma"": ""auto""}",0.6779717932338518,0.525,0.5249881247031176,0.525002500250025,,0.050000000000000044,True,
F3,sub-019,"{""C"": 0.8858667904100825, ""gamma"": ""scale""}",0.6873811266734176,0.615,0.607853123169769,0.6240427138388522,,0.22999999999999998,True,
F3,sub-020,"{""C"": 1.2742749857031335, ""gamma"": ""auto""}",0.6845444822323434,0.815,0.8144386769979186,0.8188581840267233,,0.63,True,
F3,sub-021,"{""C"": 2.636650898730358, ""gamma"": ""scale""}",0.6678392341893477,0.69,0.69,0.69,,0.38,True,
F3,sub-022,"{""C"": 5.455594781168517, ""gamma"": ""auto""}",0.6917753041967594,0.61,0.6085909273384182,0.6116071428571428,,0.21999999999999997,True,
F3,sub-023,"{""C"": 0.6158482110660264, ""gamma"": ""scale""}",0.6712329589709242,0.7286432160804021,0.72858153162255,0.7287244794825146,,0.45721790079806046,True,
F3,sub-024,"{""C"": 0.09999999999999999, ""gamma"": ""scale""}",0.6758949899767525,0.87,0.8691626409017714,0.8797208538587848,,0.74,True,
F3,sub-025,"{""C"": 69.51927961775604, ""gamma"": ""auto""}",0.6688804658481712,0.775,0.7749943748593715,0.7750275027502751,,0.55,True,
F3,sub-026,"{""C"": 0.8858667904100825, ""gamma"": ""scale""}",0.6681913349893738,0.8442211055276382,0.8439689404861269,0.8459975619666802,,0.6883241550042944,True,
F3,sub-027,"{""C"": 0.42813323987193935, ""gamma"": ""scale""}",0.6708683473389356,0.605,0.6021253556948956,0.6081248069199876,,0.20999999999999996,True,
F3,sub-028,"{""C"": 0.42813323987193935, ""gamma"": ""scale""}",0.6714401199618631,0.66,0.6498815775924209,0.6809136137494347,,0.31999999999999995,True,
F3,sub-029,"{""C"": 0.42813323987193935, ""gamma"": ""scale""}",0.6742712569902214,0.475,0.47021872398395514,0.4740636995538956,,-0.050000000000000044,True,
F3,sub-030,"{""C"": 33.59818286283781, ""gamma"": ""auto""}",0.6638039902107338,0.78,0.7773053952829234,0.7942412778478352,,0.56,True,
F3,sub-031,"{""C"": 0.8858667904100825, ""gamma"": ""scale""}",0.6868985551318627,0.76,0.7599039615846338,0.7604166666666667,,0.52,True,
F3,sub-032,"{""C"": 11.288378916846883, ""gamma"": ""auto""}",0.6829543454257414,0.555,0.5544542064028435,0.5552708270525575,,0.10999999999999999,True,
F3,sub-033,"{""C"": 1.2742749857031335, ""gamma"": ""scale""}",0.6739882635774888,0.77,0.7699079631852741,0.7704326923076923,,0.54,True,
F3,sub-034,"{""C"": 0.6158482110660264, ""gamma"": ""scale""}",0.6674393908289786,0.52,0.5182657567242072,0.5202922077922079,,0.040000000000000036,True,
F3,sub-035,"{""C"": 16.23776739188721, ""gamma"": ""auto""}",0.6779182398206761,0.865,0.8648344221671547,0.8667973068033363,,0.73,True,
F3,sub-036,"{""C"": 0.8858667904100825, ""gamma"": ""scale""}",0.6824135370854715,0.8,0.7999799979998,0.8001200480192077,,0.6,True,
F3,sub-037,"{""C"": 16.23776739188721, ""gamma"": ""auto""}",0.6887373286394989,0.635,0.6349178565177165,0.6351216094485037,,0.27,True,
F3,sub-038,"{""C"": 0.29763514416313175, ""gamma"": ""auto""}",0.691850855814214,0.515,0.414091993597294,0.5482160077145612,,0.030000000000000027,True,
F3,sub-039,"{""C"": 11.288378916846883, ""gamma"": ""auto""}",0.6865232017899225,0.515,0.5095932657549483,0.5156920179935139,,0.030000000000000027,True,
F3,sub-040,"{""C"": 0.42813323987193935, ""gamma"": ""auto""}",0.6726317375258529,0.635,0.6282243894986123,0.6456153597238701,,0.27,True,
F3,sub-041,"{""C"": 0.29763514416313175, ""gamma"": ""scale""}",0.6819462489160668,0.745,0.7387228156458926,0.7710476822657374,,0.49,True,
F3,sub-042,"{""C"": 2.636650898730358, ""gamma"": ""scale""}",0.6732528975037372,0.62,0.6161616161616161,0.625,,0.24,True,
F3,sub-043,"{""C"": 23.357214690901213, ""gamma"": ""auto""}",0.6698402026580865,0.77,0.7699079631852741,0.7704326923076923,,0.54,True,
F3,sub-044,"{""C"": 0.6158482110660264, ""gamma"": ""scale""}",0.6814999203749801,0.565,0.5649891247281182,0.565006500650065,,0.13,True,
F3,sub-045,"{""C"": 33.59818286283781, ""gamma"": ""auto""}",0.6737256032323183,0.59,0.5792282430213465,0.6002673796791445,,0.18000000000000005,True,
F3,sub-046,"{""C"": 0.6158482110660264, ""gamma"": ""auto""}",0.6704460197592153,0.77,0.7660461804495982,0.7895752895752897,,0.54,True,
F3,sub-047,"{""C"": 2.636650898730358, ""gamma"": ""scale""}",0.6824135370854715,0.725,0.7244419950399559,0.7268373828006855,,0.44999999999999996,True,
F3,sub-048,"{""C"": 7.847599703514611, ""gamma"": ""auto""}",0.6843673553810989,0.56,0.5452666391070691,0.5689338235294117,,0.12,True,
F3,sub-049,"{""C"": 23.357214690901213, ""gamma"": ""auto""}",0.6753206958542856,0.71,0.7097387648883995,0.7107587314331594,,0.42000000000000004,True,
F3,sub-050,"{""C"": 5.455594781168517, ""gamma"": ""auto""}",0.6863648889000225,0.65,0.6457131288591963,0.6576292559899117,,0.30000000000000004,True,
F3,sub-051,"{""C"": 0.42813323987193935, ""gamma"": ""scale""}",0.6794960738269045,0.665,0.6649916247906198,0.665016501650165,,0.32999999999999996,True,
F4,sub-001,"{""C"": 2.636650898730358, ""gamma"": ""scale""}",0.6579230326823535,0.69,0.6897207486738064,0.690686471296668,,0.38,True,
F4,sub-002,"{""C"": 7.847599703514611, ""gamma"": ""auto""}",0.6734639994059345,0.59,0.5898359343737495,0.5901442307692308,,0.18000000000000005,True,
F4,sub-003,"{""C"": 1.2742749857031335, ""gamma"": ""scale""}",0.6816099722159645,0.655,0.6535361904044588,0.6576645305665751,,0.31000000000000005,True,
F4,sub-004,"{""C"": 1.2742749857031335, ""gamma"": ""scale""}",0.6744491326769808,0.505,0.5021998742928976,0.5051150895140665,,0.010000000000000009,True,
F4,sub-005,"{""C"": 2.636650898730358, ""gamma"": ""auto""}",0.6879297842014453,0.625,0.6242390841453944,0.6260207682226031,,0.25,True,
F4,sub-006,"{""C"": 1.8329807108324356, ""gamma"": ""scale""}",0.6719603071971709,0.68,0.6726342710997443,0.6978021978021978,,0.36,True,
F4,sub-007,"{""C"": 2.636650898730358, ""gamma"": ""scale""}",0.6754992698733573,0.515,0.5084999113273035,0.5158378207158695,,0.030000000000000027,True,
F4,sub-008,"{""C"": 3.79269019073225, ""gamma"": ""scale""}",0.6644932059874212,0.68,0.68,0.68,,0.36,True,
F4,sub-009,"{""C"": 3.79269019073225, ""gamma"": ""auto""}",0.6569008443440154,0.65,0.648735447611401,0.6521915584415584,,0.30000000000000004,True,
F4,sub-010,"{""C"": 2.636650898730358, ""gamma"": ""auto""}",0.6859745639396791,0.6,0.5974235104669887,0.6026272577996716,,0.19999999999999996,True,
F4,sub-011,"{""C"": 0.8858667904100825, ""gamma"": ""scale""}",0.6888207607581966,0.74,0.7383252818035426,0.7463054187192117,,0.48,True,
F4,sub-012,"{""C"": 2.636650898730358, ""gamma"": ""auto""}",0.6929112513516407,0.525,0.524036173250833,0.5252041536445207,,0.050000000000000044,True,
F4,sub-013,"{""C"": 1.8329807108324356, ""gamma"": ""scale""}",0.6744816895950397,0.645,0.6442796663243067,0.6461840911382195,,0.29000000000000004,True,
F4,sub-014,"{""C"": 0.8858667904100825, ""gamma"": ""scale""}",0.6723485431140546,0.49,0.48872180451127817,0.4898989898989899,,-0.020000000000000018,True,
F4,sub-015,"{""C"": 0.29763514416313175, ""gamma"": ""scale""}",0.6605352727884474,0.63,0.6286631874749097,0.6318993506493507,,0.26,True,
F4,sub-016,"{""C"": 1.2742749857031335, ""gamma"": ""auto""}",0.677,0.545,0.5408562274527612,0.5466853408029879,,0.08999999999999997,True,
F4,sub-017,"{""C"": 3.79269019073225, ""gamma"": ""scale""}",0.6783513178966978,0.68,0.6797117405665098,0.6806503412284224,,0.36,True,
F4,sub-018,"{""C"": 0.42813323987193935, ""gamma"": ""scale""}",0.6852260679856645,0.525,0.4830072651084324,0.5370315508813509,,0.050000000000000044,True,
F4,sub-019,"{""C"": 1.2742749857031335, ""gamma"": ""scale""}",0.6783223535197312,0.69,0.689875950380152,0.6903044871794872,,0.38,True,
F4,sub-020,"{""C"": 1.2742749857031335, ""gamma"": ""scale""}",0.6609131937776072,0.8,0.7998198378540686,0.8010839020473706,,0.6,True,
F4,sub-021,"{""C"": 5.455594781168517, ""gamma"": ""auto""}",0.6849971649744848,0.715,0.7148217636022514,0.7155388471177946,,0.43000000000000005,True,
F4,sub-022,"{""C"": 11.288378916846883, ""gamma"": ""auto""}",0.6734992653733471,0.555,0.5500391819813444,0.5575373993095512,,0.10999999999999999,True,
F4,sub-023,"{""C"": 1.8329807108324356, ""gamma"": ""scale""}",0.6709601861825281,0.7537688442211056,0.7535447996967016,0.7544072948328268,,0.5074008588027279,True,
F4,sub-024,"{""C"": 0.42813323987193935, ""gamma"": ""scale""}",0.6811707250558703,0.81,0.8095238095238095,0.8131313131313131,,0.62,True,
F4,sub-025,"{""C"": 23.357214690901213, ""gamma"": ""auto""}",0.6624810145570688,0.845,0.8449961249031226,0.845034503450345,,0.69,True,
F4,sub-026,"{""C"": 11.288378916846883, ""gamma"": ""auto""}",0.6724311286447975,0.9346733668341709,0.9345079871395661,0.9384301732925586,,0.8692840179879744,True,
F4,sub-027,"{""C"": 3.79269019073225, ""gamma"": ""scale""}",0.6728940176617224,0.685,0.6849291090495362,0.6851666499849864,,0.37,True,
F4,sub-028,"{""C"": 0.42813323987193935, ""gamma"": ""auto""}",0.6714703501991055,0.705,0.7041049173750595,0.707510881668185,,0.41000000000000003,True,
F4,sub-029,"{""C"": 11.288378916846883, ""gamma"": ""auto""}",0.671495975825704,0.51,0.5092147435897436,0.5100644122383253,,0.020000000000000018,True,
F4,sub-030,"{""C"": 0.6158482110660264, ""gamma"": ""scale""}",0.6700359881082772,0.78,0.7756017951856384,0.8038194444444444,,0.56,True,
F4,sub-031,"{""C"": 3.79269019073225, ""gamma"": ""scale""}",0.6664632275708398,0.74,0.7373737373737375,0.75,,0.48,True,
F4,sub-032,"{""C"": 48.32930238571752, ""gamma"": ""auto""}",0.6583113024167597,0.49,0.4897959183673469,0.48998397435897434,,-0.020000000000000018,True,
F4,sub-033,"{""C"": 1.8329807108324356, ""gamma"": ""auto""}",0.6739057587642829,0.72,0.7177134791813691,0.7273666804464655,,0.43999999999999995,True,
F4,sub-034,"{""C"": 3.79269019073225, ""gamma"": ""auto""}",0.6774992743733674,0.665,0.664320248503219,0.6663474140538361,,0.32999999999999996,True,
F4,sub-035,"{""C"": 16.23776739188721, ""gamma"": ""auto""}",0.6924980781129881,0.805,0.8046043237556051,0.8074906744631516,,0.61,True,
F4,sub-036,"{""C"": 2.636650898730358, ""gamma"": ""auto""}",0.684486669561789,0.755,0.7548467792370231,0.7556390977443609,,0.51,True,
F4,sub-037,"{""C"": 1.2742749857031335, ""gamma"": ""scale""}",0.6731331737041895,0.695,0.6949313595559001,0.695175658092283,,0.39,True,
F4,sub-038,"{""C"": 0.6158482110660264, ""gamma"": ""scale""}",0.6696237596164427,0.515,0.5135284234810301,0.5151837230488916,,0.030000000000000027,True,
F4,sub-039,"{""C"": 2.636650898730358, ""gamma"": ""scale""}",0.6639879035645283,0.41,0.3998575933272302,0.40347490347490345,,-0.17999999999999994,True,
F4,sub-040,"{""C"": 1.2742749857031335, ""gamma"": ""scale""}",0.687875150060024,0.58,0.5772946859903382,0.5821018062397373,,0.16000000000000003,True,
F4,sub-041,"{""C"": 1.2742749857031335, ""gamma"": ""auto""}",0.6684899718216476,0.705,0.7037483367226531,0.7085240565557929,,0.41000000000000003,True,
F4,sub-042,"{""C"": 0.20691380811147894, ""gamma"": ""scale""}",0.67213600380985,0.65,0.64996499649965,0.6500600240096038,,0.30000000000000004,True,
F4,sub-043,"{""C"": 5.455594781168517, ""gamma"": ""auto""}",0.6739840252172357,0.765,0.7647117719206027,0.7663048939805044,,0.53,True,
F4,sub-044,"{""C"": 7.847599703514611, ""gamma"": ""auto""}",0.689465763600437,0.475,0.4727724636589591,0.47457023700539114,,-0.050000000000000044,True,
F4,sub-045,"{""C"": 11.288378916846883, ""gamma"": ""auto""}",0.6658917489266523,0.7,0.6985227615315044,0.7039983680130559,,0.4,True,
F4,sub-046,"{""C"": 0.29763514416313175, ""gamma"": ""scale""}",0.662358105994044,0.78,0.7773053952829234,0.7942412778478352,,0.56,True,
F4,sub-047,"{""C"": 3.79269019073225, ""gamma"": ""auto""}",0.6609426993161844,0.725,0.7234443746071653,0.7301790281329923,,0.44999999999999996,True,
F4,sub-048,"{""C"": 1.8329807108324356, ""gamma"": ""auto""}",0.6739882635774888,0.575,0.5671105905120827,0.5808974220688168,,0.15000000000000002,True,
F4,sub-049,"{""C"": 0.42813323987193935, ""gamma"": ""auto""}",0.6774960493266042,0.72,0.7116671815466996,0.7487562189054726,,0.43999999999999995,True,
F4,sub-050,"{""C"": 0.29763514416313175, ""gamma"": ""scale""}",0.6652748221678398,0.75,0.7487689679429204,0.7549979600163199,,0.5,True,
F4,sub-051,"{""C"": 100.0, ""gamma"": ""auto""}",0.6709970389733508,0.67,0.66996699669967,0.6700680272108843,,0.33999999999999997,True,
F5,sub-001,"{""C"": 0.29763514416313175, ""gamma"": ""auto""}",0.6770583020086572,0.73,0.7286704853783539,0.7345981232150143,,0.45999999999999996,True,
F5,sub-002,"{""C"": 0.6158482110660264, ""gamma"": ""scale""}",0.6999636956071684,0.62,0.6193910256410255,0.6207729468599035,,0.24,True,
F5,sub-003,"{""C"": 1.8329807108324356, ""gamma"": ""auto""}",0.7029037408120231,0.75,0.74997499749975,0.7501000400160064,,0.5,True,
F5,sub-004,"{""C"": 0.6158482110660264, ""gamma"": ""scale""}",0.6959951359221748,0.54,0.5362435729408206,0.5413393964448119,,0.07999999999999996,True,
F5,sub-005,"{""C"": 5.455594781168517, ""gamma"": ""auto""}",0.7036574279867527,0.755,0.7548467792370231,0.7556390977443609,,0.51,True,
F5,sub-006,"{""C"": 2.636650898730358, ""gamma"": ""scale""}",0.705981182795699,0.73,0.7237851662404092,0.7527472527472527,,0.45999999999999996,True,
F5,sub-007,"{""C"": 2.636650898730358, ""gamma"": ""auto""}",0.6819615173435987,0.555,0.5536497906166152,0.5556736511792693,,0.10999999999999999,True,
F5,sub-008,"{""C"": 33.59818286283781, ""gamma"": ""auto""}",0.6873417167441017,0.74,0.7399739973997399,0.7400960384153662,,0.48,True,
F5,sub-009,"{""C"": 2.636650898730358, ""gamma"": ""auto""}",0.6788959622917825,0.65,0.6430028559771522,0.6627604166666667,,0.30000000000000004,True,
F5,sub-010,"{""C"": 5.455594781168517, ""gamma"": ""auto""}",0.6938086303939962,0.68,0.6767676767676768,0.6875,,0.36,True,
F5,sub-011,"{""C"": 1.2742749857031335, ""gamma"": ""scale""}",0.6792208419376963,0.775,0.7708232538005144,0.7966238809189947,,0.55,True,
F5,sub-012,"{""C"": 11.288378916846883, ""gamma"": ""auto""}",0.7179663217723737,0.545,0.5440767554297452,0.5453674765601371,,0.08999999999999997,True,
F5,sub-013,"{""C"": 0.6158482110660264, ""gamma"": ""scale""}",0.6989491224016859,0.66,0.6521739130434783,0.6758241758241759,,0.31999999999999995,True,
F5,sub-014,"{""C"": 5.455594781168517, ""gamma"": ""auto""}",0.6938086303939962,0.535,0.5263680578543963,0.5377521302987811,,0.06999999999999995,True,
F5,sub-015,"{""C"": 7.847599703514611, ""gamma"": ""auto""}",0.7014670867463138,0.745,0.7449426120877197,0.7452206986287659,,0.49,True,
F5,sub-016,"{""C"": 1.2742749857031335, ""gamma"": ""auto""}",0.7009853482820658,0.655,0.6542999574137629,0.6562657525960278,,0.31000000000000005,True,
F5,sub-017,"{""C"": 1.2742749857031335, ""gamma"": ""scale""}",0.6911935868365385,0.59,0.5873590982286634,0.5923645320197044,,0.18000000000000005,True,
F5,sub-018,"{""C"": 0.20691380811147894, ""gamma"": ""scale""}",0.6974962943296055,0.555,0.5467393241832395,0.5593247761837989,,0.10999999999999999,True,
F5,sub-019,"{""C"": 0.6158482110660264, ""gamma"": ""scale""}",0.683968396839684,0.625,0.6157688465380773,0.6382896338090497,,0.25,True,
F5,sub-020,"{""C"": 5.455594781168517, ""gamma"": ""auto""}",0.6871540645906531,0.825,0.8242574878863197,0.8305869189299155,,0.65,True,
F5,sub-021,"{""C"": 0.42813323987193935, ""gamma"": ""scale""}",0.6957441208055974,0.75,0.7498999599839936,0.750400641025641,,0.5,True,
F5,sub-022,"{""C"": 0.29763514416313175, ""gamma"": ""scale""}",0.6893135104346384,0.62,0.62,0.62,,0.24,True,
F5,sub-023,"{""C"": 7.847599703514611, ""gamma"": ""auto""}",0.691164909916414,0.6884422110552764,0.6806935817805383,0.7071348940914158,,0.3759231158320687,True,
F5,sub-024,"{""C"": 100.0, ""gamma"": ""auto""}",0.6912665203059813,0.86,0.8590982286634461,0.8694581280788177,,0.72,True,
F5,sub-025,"{""C"": 0.14384498882876628, ""gamma"": ""auto""}",0.6770212647697049,0.775,0.7719844949456562,0.7903600464576075,,0.55,True,
F5,sub-026,"{""C"": 0.6158482110660264, ""gamma"": ""scale""}",0.6954359654117278,0.8793969849246231,0.8790273556231003,0.8834014300306435,,0.75866599292572,True,
F5,sub-027,"{""C"": 3.79269019073225, ""gamma"": ""auto""}",0.6928358342826777,0.585,0.5784126984126984,0.5906666666666667,,0.17000000000000004,True,
F5,sub-028,"{""C"": 0.29763514416313175, ""gamma"": ""scale""}",0.6784819146076967,0.65,0.6395839769333744,0.669606512890095,,0.30000000000000004,True,
F5,sub-029,"{""C"": 5.455594781168517, ""gamma"": ""auto""}",0.6963596422446277,0.51,0.4987212276214834,0.510989010989011,,0.020000000000000018,True,
F5,sub-030,"{""C"": 3.79269019073225, ""gamma"": ""auto""}",0.7017133465260115,0.79,0.7858017135862914,0.8146701388888888,,0.5800000000000001,True,
F5,sub-031,"{""C"": 1.2742749857031335, ""gamma"": ""auto""}",0.6892230576441103,0.73,0.7277951406391774,0.7377015295576685,,0.45999999999999996,True,
F5,sub-032,"{""C"": 11.288378916846883, ""gamma"": ""auto""}",0.705277115818838,0.53,0.52995299529953,0.5300120048019208,,0.06000000000000005,True,
F5,sub-033,"{""C"": 11.288378916846883, ""gamma"": ""auto""}",0.6973601047084015,0.775,0.7748592870544091,0.7756892230576441,,0.55,True,
F5,sub-034,"{""C"": 3.79269019073225, ""gamma"": ""auto""}",0.6984450416088333,0.55,0.54995499549955,0.5500200080032013,,0.09999999999999998,True,
F5,sub-035,"{""C"": 33.59818286283781, ""gamma"": ""auto""}",0.6983189159292865,0.845,0.8449961249031226,0.845034503450345,,0.69,True,
F5,sub-036,"{""C"": 0.6158482110660264, ""gamma"": ""scale""}",0.6899888395982254,0.82,0.8199279711884754,0.8205128205128205,,0.64,True,
F5,sub-037,"{""C"": 11.288378916846883, ""gamma"": ""auto""}",0.6949560736746091,0.715,0.7141352591589558,0.7176333637007795,,0.43000000000000005,True,
F5,sub-038,"{""C"": 0.8858667904100825, ""gamma"": ""scale""}",0.6920194733833464,0.515,0.4253384282709796,0.5399042298483638,,0.030000000000000027,True,
F5,sub-039,"{""C"": 2.636650898730358, ""gamma"": ""auto""}",0.7159360856192643,0.53,0.5160127690248172,0.533921302578019,,0.06000000000000005,True,
F5,sub-040,"{""C"": 1.8329807108324356, ""gamma"": ""auto""}",0.7020583760278674,0.68,0.6767676767676768,0.6875,,0.36,True,
F5,sub-041,"{""C"": 5.455594781168517, ""gamma"": ""auto""}",0.6942155440098151,0.755,0.7504519874716712,0.7750512350339769,,0.51,True,
F5,sub-042,"{""C"": 1.2742749857031335, ""gamma"": ""scale""}",0.6931759170623972,0.655,0.6539532084555781,0.6568984715052131,,0.31000000000000005,True,
F5,sub-043,"{""C"": 7.847599703514611, ""gamma"": ""auto""}",0.7001430953192036,0.79,0.7899159663865546,0.7904647435897436,,0.5800000000000001,True,
F5,sub-044,"{""C"": 7.847599703514611, ""gamma"": ""auto""}",0.695648169283692,0.6,0.5989974937343359,0.601010101010101,,0.19999999999999996,True,
F5,sub-045,"{""C"": 3.79269019073225, ""gamma"": ""auto""}",0.6909848582580547,0.635,0.6301081806896203,0.6425403864428254,,0.27,True,
F5,sub-046,"{""C"": 1.8329807108324356, ""gamma"": ""scale""}",0.6851466558345103,0.795,0.7927146793397204,0.8086096872057746,,0.5900000000000001,True,
F5,sub-047,"{""C"": 1.2742749857031335, ""gamma"": ""auto""}",0.6949997232961365,0.78,0.779205138498595,0.7840909090909092,,0.56,True,
F5,sub-048,"{""C"": 5.455594781168517, ""gamma"": ""auto""}",0.7078454502431786,0.62,0.6057682332192136,0.6402524544179524,,0.24,True,
F5,sub-049,"{""C"": 2.636650898730358, ""gamma"": ""auto""}",0.689857928376221,0.795,0.7948717948717949,0.7957393483709273,,0.5900000000000001,True,
F5,sub-050,"{""C"": 7.847599703514611, ""gamma"": ""auto""}",0.6962174062421567,0.67,0.6683750376846548,0.6733986128110976,,0.33999999999999997,True,
F5,sub-051,"{""C"": 1.2742749857031335, ""gamma"": ""auto""}",0.7079342852141732,0.665,0.6639835502394744,0.6670209535378075,,0.32999999999999996,True,
F6,sub-001,"{""C"": 0.8858667904100825, ""gamma"": ""scale""}",0.6994993238734787,0.79,0.78997899789979,0.7901160464185675,,0.5800000000000001,True,
F6,sub-002,"{""C"": 7.847599703514611, ""gamma"": ""scale""}",0.71496551082681,0.555,0.5547217010631644,0.5551378446115288,,0.10999999999999999,True,
F6,sub-003,"{""C"": 3.79269019073225, ""gamma"": ""auto""}",0.6974666456976881,0.825,0.8247853620685339,0.8266003416742036,,0.65,True,
F6,sub-004,"{""C"": 2.636650898730358, ""gamma"": ""auto""}",0.7164942590087449,0.51,0.5082296266559615,0.5101461038961039,,0.020000000000000018,True,
F6,sub-005,"{""C"": 3.79269019073225, ""gamma"": ""auto""}",0.7134477758571499,0.7,0.6999699969997,0.7000800320128051,,0.4,True,
F6,sub-006,"{""C"": 3.79269019073225, ""gamma"": ""auto""}",0.7019758600446636,0.725,0.7190939503051661,0.7456600065509336,,0.44999999999999996,True,
F6,sub-007,"{""C"": 0.42813323987193935, ""gamma"": ""auto""}",0.7109259970552462,0.585,0.5826524198617222,0.5869565217391304,,0.17000000000000004,True,
F6,sub-008,"{""C"": 0.42813323987193935, ""gamma"": ""auto""}",0.6979951679226868,0.83,0.8298468621759583,0.8311922922521076,,0.6599999999999999,True,
F6,sub-009,"{""C"": 2.636650898730358, ""gamma"": ""auto""}",0.6804647712410293,0.7,0.6989160979526294,0.702922077922078,,0.4,True,
F6,sub-010,"{""C"": 0.20691380811147894, ""gamma"": ""scale""}",0.7098453385450924,0.675,0.6689669221562986,0.6887606514939058,,0.35,True,
F6,sub-011,"{""C"": 1.2742749857031335, ""gamma"": ""scale""}",0.7034785763271396,0.755,0.7542566262945409,0.758123291831157,,0.51,True,
F6,sub-012,"{""C"": 5.455594781168517, ""gamma"": ""auto""}",0.7129816308243728,0.535,0.5298162238681463,0.5366147086515326,,0.06999999999999995,True,
F6,sub-013,"{""C"": 1.8329807108324356, ""gamma"": ""auto""}",0.7104738702667917,0.675,0.6736210489317367,0.6780083409622623,,0.35,True,
F6,sub-014,"{""C"": 0.42813323987193935, ""gamma"": ""auto""}",0.7119974079766718,0.52,0.5182657567242072,0.5202922077922079,,0.040000000000000036,True,
F6,sub-015,"{""C"": 11.288378916846883, ""gamma"": ""auto""}",0.694975292998733,0.71,0.7099709970997099,0.7100840336134454,,0.42000000000000004,True,
F6,sub-016,"{""C"": 1.2742749857031335, ""gamma"": ""scale""}",0.7014730579434794,0.615,0.613831841319993,0.6164085433748355,,0.22999999999999998,True,
F6,sub-017,"{""C"": 0.20691380811147894, ""gamma"": ""scale""}",0.7221092160851197,0.655,0.6518580186180276,0.660805062765847,,0.31000000000000005,True,
F6,sub-018,"{""C"": 1.2742749857031335, ""gamma"": ""auto""}",0.7168978001058381,0.585,0.5819798040845106,0.5875296056018948,,0.17000000000000004,True,
F6,sub-019,"{""C"": 0.8858667904100825, ""gamma"": ""scale""}",0.702493975503004,0.715,0.7148217636022514,0.7155388471177946,,0.43000000000000005,True,
F6,sub-020,"{""C"": 1.2742749857031335, ""gamma"": ""auto""}",0.7149928748218706,0.795,0.7927146793397204,0.8086096872057746,,0.5900000000000001,True,
F6,sub-021,"{""C"": 1.8329807108324356, ""gamma"": ""scale""}",0.7004831521773099,0.775,0.7740453415681253,0.7797273929406978,,0.55,True,
F6,sub-022,"{""C"": 2.636650898730358, ""gamma"": ""scale""}",0.7034999258749814,0.605,0.596516764983784,0.6146413363904357,,0.20999999999999996,True,
F6,sub-023,"{""C"": 0.29763514416313175, ""gamma"": ""auto""}",0.7034673072706266,0.7889447236180904,0.787738724095896,0.7948400412796698,,0.5775801071464672,True,
F6,sub-024,"{""C"": 1.8329807108324356, ""gamma"": ""auto""}",0.704499335123504,0.88,0.8798076923076923,0.8824476650563606,,0.76,True,
F6,sub-025,"{""C"": 3.79269019073225, ""gamma"": ""scale""}",0.7058938276717894,0.805,0.8049561151259033,0.8052747472725452,,0.61,True,
F6,sub-026,"{""C"": 16.23776739188721, ""gamma"": ""auto""}",0.7099857893036758,0.9396984924623115,0.9395136778115502,0.9443820224719102,,0.87933299646286,True,
F6,sub-027,"{""C"": 2.636650898730358, ""gamma"": ""auto""}",0.709,0.66,0.6598639455782312,0.6602564102564102,,0.31999999999999995,True,
F6,sub-028,"{""C"": 0.42813323987193935, ""gamma"": ""scale""}",0.6888055034396497,0.73,0.7277951406391774,0.7377015295576685,,0.45999999999999996,True,
F6,sub-029,"{""C"": 0.29763514416313175, ""gamma"": ""scale""}",0.7178900076690824,0.46,0.45804897631473307,0.4594155844155844,,-0.08000000000000007,True,
F6,sub-030,"{""C"": 0.20691380811147894, ""gamma"": ""scale""}",0.693521644469558,0.785,0.7765014683333766,0.83612454298856,,0.5700000000000001,True,
F6,sub-031,"{""C"": 2.636650898730358, ""gamma"": ""auto""}",0.7149518268587391,0.75,0.7479584635547938,0.7583712277800745,,0.5,True,
F6,sub-032,"{""C"": 0.8858667904100825, ""gamma"": ""auto""}",0.701957081819782,0.485,0.48436835123025707,0.48492613807657525,,-0.030000000000000027,True,
F6,sub-033,"{""C"": 0.42813323987193935, ""gamma"": ""scale""}",0.6919691969196919,0.72,0.7189883580891208,0.7232142857142857,,0.43999999999999995,True,
F6,sub-034,"{""C"": 2.636650898730358, ""gamma"": ""scale""}",0.7034999258749814,0.67,0.6694711538461539,0.6710950080515299,,0.33999999999999997,True,
F6,sub-035,"{""C"": 1.8329807108324356, ""gamma"": ""auto""}",0.6994939147517738,0.775,0.7740453415681253,0.7797273929406978,,0.55,True,
F6,sub-036,"{""C"": 3.79269019073225, ""gamma"": ""scale""}",0.6964938540005435,0.73,0.7297567811029927,0.7308309915696507,,0.45999999999999996,True,
F6,sub-037,"{""C"": 33.59818286283781, ""gamma"": ""auto""}",0.7004783595614783,0.79,0.7898108297467721,0.7910477719791249,,0.5800000000000001,True,
F6,sub-038,"{""C"": 1.8329807108324356, ""gamma"": ""scale""}",0.7174032812730157,0.565,0.5556577032099901,0.5709684463369363,,0.13,True,
F6,sub-039,"{""C"": 11.288378916846883, ""gamma"": ""auto""}",0.7214999303749826,0.445,0.43994550821160977,0.4429401390185704,,-0.1100000000000001,True,
F6,sub-040,"{""C"": 2.636650898730358, ""gamma"": ""auto""}",0.7069645427096678,0.59,0.5777983729790959,0.601763907734057,,0.18000000000000005,True,
F6,sub-041,"{""C"": 2.636650898730358, ""gamma"": ""scale""}",0.7089764270905944,0.73,0.7290244881573664,0.7333603896103896,,0.45999999999999996,True,
F6,sub-042,"{""C"": 3.79269019073225, ""gamma"": ""auto""}",0.7014939552525938,0.695,0.6946259167480163,0.6959602050045222,,0.39,True,
F6,sub-043,"{""C"": 0.8858667904100825, ""gamma"": ""auto""}",0.7134982093638085,0.8,0.7992773986350863,0.8043831168831169,,0.6,True,
F6,sub-044,"{""C"": 0.29763514416313175, ""gamma"": ""auto""}",0.705999705999706,0.515,0.5122564424890006,0.5153452685421995,,0.030000000000000027,True,
F6,sub-045,"{""C"": 3.79269019073225, ""gamma"": ""auto""}",0.6909394241271289,0.7,0.6999699969997,0.7000800320128051,,0.4,True,
F6,sub-046,"{""C"": 23.357214690901213, ""gamma"": ""auto""}",0.6959890556060018,0.805,0.804172629359042,0.8102431085342284,,0.61,True,
F6,sub-047,"{""C"": 7.847599703514611, ""gamma"": ""auto""}",0.7114993508735394,0.695,0.6937059074590144,0.6983521513579494,,0.39,True,
F6,sub-048,"{""C"": 23.357214690901213, ""gamma"": ""auto""}",0.7028288294057377,0.655,0.6485956558274554,0.6671880056088879,,0.31000000000000005,True,
F6,sub-049,"{""C"": 3.79269019073225, ""gamma"": ""auto""}",0.715440171296015,0.755,0.7522687631133245,0.7667643058897374,,0.51,True,
F6,sub-050,"{""C"": 3.79269019073225, ""gamma"": ""auto""}",0.703499332873499,0.73,0.7286704853783539,0.7345981232150143,,0.45999999999999996,True,
F6,sub-051,"{""C"": 0.6158482110660264, ""gamma"": ""scale""}",0.7054910911055059,0.705,0.7037483367226531,0.7085240565557929,,0.41000000000000003,True,
F7,sub-001,"{""C"": 0.6158482110660264, ""gamma"": ""scale""}",0.719345008280823,0.725,0.7219343259435274,0.7353802699027094,,0.44999999999999996,True,
F7,sub-002,"{""C"": 5.455594781168517, ""gamma"": ""auto""}",0.7051283880510413,0.625,0.6222709073052807,0.6287200082380805,,0.25,True,
F7,sub-003,"{""C"": 33.59818286283781, ""gamma"": ""auto""}",0.7076816653335483,0.855,0.8548221571424997,0.8567480655210531,,0.71,True,
F7,sub-004,"{""C"": 1.2742749857031335, ""gamma"": ""auto""}",0.708327987683623,0.535,0.528767956221023,0.5369549150036954,,0.06999999999999995,True,
F7,sub-005,"{""C"": 5.455594781168517, ""gamma"": ""auto""}",0.7130292963032614,0.74,0.7399739973997399,0.7400960384153662,,0.48,True,
F7,sub-006,"{""C"": 11.288378916846883, ""gamma"": ""auto""}",0.7012740885294504,0.745,0.7446872418712923,0.7462064114159381,,0.49,True,
F7,sub-007,"{""C"": 0.8858667904100825, ""gamma"": ""scale""}",0.697236520081601,0.605,0.6027655562539284,0.6074168797953965,,0.20999999999999996,True,
F7,sub-008,"{""C"": 1.2742749857031335, ""gamma"": ""scale""}",0.714431392141962,0.81,0.8098288459613652,0.8111200321156162,,0.62,True,
F7,sub-009,"{""C"": 7.847599703514611, ""gamma"": ""auto""}",0.7048004451008882,0.665,0.6587812889918769,0.6779743285513968,,0.32999999999999996,True,
F7,sub-010,"{""C"": 1.8329807108324356, ""gamma"": ""auto""}",0.7123670416650096,0.725,0.7241656009428521,0.7277558457333738,,0.44999999999999996,True,
F7,sub-011,"{""C"": 7.847599703514611, ""gamma"": ""auto""}",0.704467417532783,0.825,0.8230491165095175,0.8399937231928025,,0.65,True,
F7,sub-012,"{""C"": 1.2742749857031335, ""gamma"": ""scale""}",0.7129437369724466,0.55,0.54995499549955,0.5500200080032013,,0.09999999999999998,True,
F7,sub-013,"{""C"": 0.6158482110660264, ""gamma"": ""scale""}",0.7113405878396344,0.67,0.6634026927784578,0.6844618055555556,,0.33999999999999997,True,
F7,sub-014,"{""C"": 5.455594781168517, ""gamma"": ""auto""}",0.7064464998746021,0.555,0.551761476668933,0.5566368036247555,,0.10999999999999999,True,
F7,sub-015,"{""C"": 3.79269019073225, ""gamma"": ""auto""}",0.7029884718957224,0.775,0.7749493636068115,0.7752477229506556,,0.55,True,
F7,sub-016,"{""C"": 5.455594781168517, ""gamma"": ""auto""}",0.7108475998972682,0.685,0.6821312343903732,0.6919286233011723,,0.37,True,
F7,sub-017,"{""C"": 7.847599703514611, ""gamma"": ""auto""}",0.7192719786646704,0.635,0.6323436831104732,0.639017608897127,,0.27,True,
F7,sub-018,"{""C"": 1.8329807108324356, ""gamma"": ""auto""}",0.7056888047681422,0.55,0.5498199279711885,0.5500801282051282,,0.09999999999999998,True,
F7,sub-019,"{""C"": 0.6158482110660264, ""gamma"": ""scale""}",0.7289956639306229,0.655,0.6453445041247976,0.6739423184827741,,0.31000000000000005,True,
F7,sub-020,"{""C"": 11.288378916846883, ""gamma"": ""auto""}",0.7068707299919263,0.82,0.8191136569189026,0.8263973888208894,,0.64,True,
F7,sub-021,"{""C"": 1.2742749857031335, ""gamma"": ""scale""}",0.7017984157290328,0.705,0.7044014128610436,0.706674059885069,,0.41000000000000003,True,
F7,sub-022,"{""C"": 7.847599703514611, ""gamma"": ""auto""}",0.7020112239100185,0.655,0.6503762255833396,0.6636574807306515,,0.31000000000000005,True,
F7,sub-023,"{""C"": 3.79269019073225, ""gamma"": ""auto""}",0.7219098988072135,0.7035175879396985,0.7010718741248059,0.7095580571190327,,0.4065106404488702,True,
F7,sub-024,"{""C"": 1.2742749857031335, ""gamma"": ""scale""}",0.6999027684969931,0.85,0.8487750781328763,0.8617197188921042,,0.7,True,
F7,sub-025,"{""C"": 5.455594781168517, ""gamma"": ""auto""}",0.7142993667302864,0.81,0.8087761674718197,0.8181444991789819,,0.62,True,
F7,sub-026,"{""C"": 3.79269019073225, ""gamma"": ""auto""}",0.7001430953192036,0.8844221105527639,0.8844104351339748,0.8844716104263488,,0.7688267084196172,True,
F7,sub-027,"{""C"": 2.636650898730358, ""gamma"": ""auto""}",0.7127058107502082,0.595,0.5836652874508493,0.6066098081023454,,0.18999999999999995,True,
F7,sub-028,"{""C"": 11.288378916846883, ""gamma"": ""auto""}",0.7084609442859848,0.68,0.6736026111791106,0.6953125,,0.36,True,
F7,sub-029,"{""C"": 16.23776739188721, ""gamma"": ""auto""}",0.7264342758347693,0.48,0.46803069053708435,0.478021978021978,,-0.040000000000000036,True,
F7,sub-030,"{""C"": 23.357214690901213, ""gamma"": ""auto""}",0.7059047131270532,0.785,0.7789828069183522,0.8198294243070363,,0.5700000000000001,True,
F7,sub-031,"{""C"": 0.6158482110660264, ""gamma"": ""scale""}",0.705639408275137,0.8,0.7994987468671679,0.803030303030303,,0.6,True,
F7,sub-032,"{""C"": 1.2742749857031335, ""gamma"": ""scale""}",0.6962867173472571,0.485,0.4812520460325854,0.48455359901143036,,-0.030000000000000027,True,
F7,sub-033,"{""C"": 1.2742749857031335, ""gamma"": ""auto""}",0.6889113424878226,0.815,0.8149583656322672,0.8152837553798418,,0.63,True,
F7,sub-034,"{""C"": 1.2742749857031335, ""gamma"": ""auto""}",0.7068103446331634,0.58,0.5789473684210527,0.5808080808080809,,0.16000000000000003,True,
F7,sub-035,"{""C"": 3.79269019073225, ""gamma"": ""scale""}",0.7094993463735293,0.84,0.83998399839984,0.8401360544217688,,0.6799999999999999,True,
F7,sub-036,"{""C"": 7.847599703514611, ""gamma"": ""auto""}",0.6836124252208956,0.835,0.8349628666449951,0.835301771594435,,0.6699999999999999,True,
F7,sub-037,"{""C"": 1.8329807108324356, ""gamma"": ""scale""}",0.7113665792012358,0.815,0.8148843026891808,0.8157894736842106,,0.63,True,
F7,sub-038,"{""C"": 0.42813323987193935, ""gamma"": ""scale""}",0.7109953759260148,0.51,0.4166666666666667,0.5277777777777778,,0.020000000000000018,True,
F7,sub-039,"{""C"": 5.455594781168517, ""gamma"": ""auto""}",0.7194410124728724,0.54,0.5263103696838636,0.5452284034373587,,0.07999999999999996,True,
F7,sub-040,"{""C"": 7.847599703514611, ""gamma"": ""auto""}",0.6883422232505205,0.705,0.7041049173750595,0.707510881668185,,0.41000000000000003,True,
F7,sub-041,"{""C"": 1.2742749857031335, ""gamma"": ""scale""}",0.7003614920997231,0.78,0.7756017951856384,0.8038194444444444,,0.56,True,
F7,sub-042,"{""C"": 2.636650898730358, ""gamma"": ""auto""}",0.7193315287501323,0.685,0.6848030018761726,0.6854636591478698,,0.37,True,
F7,sub-043,"{""C"": 0.8858667904100825, ""gamma"": ""scale""}",0.7098328637295082,0.82,0.8199279711884754,0.8205128205128205,,0.64,True,
F7,sub-044,"{""C"": 1.2742749857031335, ""gamma"": ""scale""}",0.7097027356012557,0.585,0.5837408159683042,0.5860410972770523,,0.17000000000000004,True,
F7,sub-045,"{""C"": 23.357214690901213, ""gamma"": ""auto""}",0.7025475748613641,0.71,0.7076318177235609,0.7170318313352625,,0.42000000000000004,True,
F7,sub-046,"{""C"": 3.79269019073225, ""gamma"": ""scale""}",0.7033361673984457,0.84,0.8389694041867954,0.8489326765188834,,0.6799999999999999,True,
F7,sub-047,"{""C"": 1.8329807108324356, ""gamma"": ""auto""}",0.7161621620133364,0.695,0.6932746700188561,0.6994884910485933,,0.39,True,
F7,sub-048,"{""C"": 11.288378916846883, ""gamma"": ""auto""}",0.700397461031038,0.675,0.6689669221562986,0.6887606514939058,,0.35,True,
F7,sub-049,"{""C"": 1.8329807108324356, ""gamma"": ""auto""}",0.7095116891494603,0.79,0.7896634615384616,0.7918679549114331,,0.5800000000000001,True,
F7,sub-050,"{""C"": 2.636650898730358, ""gamma"": ""auto""}",0.7158223889931207,0.69,0.6895032051282051,0.6912238325281803,,0.38,True,
F7,sub-051,"{""C"": 5.455594781168517, ""gamma"": ""auto""}",0.7186147836388015,0.7,0.6963255390221682,0.7101723413198823,,0.4,True,
F8,sub-001,"{""C"": 1.2742749857031335, ""gamma"": ""auto""}",0.7159360856192643,0.82,0.8199279711884754,0.8205128205128205,,0.64,True,
F8,sub-002,"{""C"": 3.79269019073225, ""gamma"": ""auto""}",0.7134982093638085,0.625,0.6238621831038893,0.6265310254074299,,0.25,True,
F8,sub-003,"{""C"": 2.636650898730358, ""gamma"": ""scale""}",0.7219599622345618,0.82,0.8195488721804511,0.8232323232323232,,0.64,True,
F8,sub-004,"{""C"": 1.8329807108324356, ""gamma"": ""scale""}",0.716971697169717,0.48,0.4781212364512244,0.47970779220779225,,-0.040000000000000036,True,
F8,sub-005,"{""C"": 0.6158482110660264, ""gamma"": ""scale""}",0.7162360285655731,0.765,0.7628598097832942,0.7749247847287063,,0.53,True,
F8,sub-006,"{""C"": 2.636650898730358, ""gamma"": ""scale""}",0.7264342758347693,0.745,0.7395234811920631,0.7674964515776832,,0.49,True,
F8,sub-007,"{""C"": 1.8329807108324356, ""gamma"": ""scale""}",0.7219863773324893,0.505,0.5046904315196998,0.5050125313283208,,0.010000000000000009,True,
F8,sub-008,"{""C"": 0.42813323987193935, ""gamma"": ""scale""}",0.725701288703398,0.86,0.8599439775910365,0.8605769230769231,,0.72,True,
F8,sub-009,"{""C"": 0.42813323987193935, ""gamma"": ""scale""}",0.732494583015306,0.66,0.6572235104345197,0.6653575857792475,,0.31999999999999995,True,
F8,sub-010,"{""C"": 1.8329807108324356, ""gamma"": ""scale""}",0.7194140705591088,0.695,0.6948092557848655,0.6954887218045113,,0.39,True,
F8,sub-011,"{""C"": 11.288378916846883, ""gamma"": ""auto""}",0.7299902796500675,0.81,0.8096955128205128,0.8119967793880838,,0.62,True,
F8,sub-012,"{""C"": 0.20691380811147894, ""gamma"": ""scale""}",0.7312160970024588,0.535,0.5298162238681463,0.5366147086515326,,0.06999999999999995,True,
F8,sub-013,"{""C"": 3.79269019073225, ""gamma"": ""scale""}",0.728978047221825,0.705,0.7049336100622641,0.7051846661995796,,0.41000000000000003,True,
F8,sub-014,"{""C"": 16.23776739188721, ""gamma"": ""auto""}",0.7248139742465907,0.53,0.529811924769908,0.5300480769230769,,0.06000000000000005,True,
F8,sub-015,"{""C"": 0.8858667904100825, ""gamma"": ""scale""}",0.7164744118156663,0.74,0.7399739973997399,0.7400960384153662,,0.48,True,
F8,sub-016,"{""C"": 5.455594781168517, ""gamma"": ""auto""}",0.7279902076474754,0.68,0.6797117405665098,0.6806503412284224,,0.36,True,
F8,sub-017,"{""C"": 2.636650898730358, ""gamma"": ""auto""}",0.716971697169717,0.625,0.6247654784240151,0.62531328320802,,0.25,True,
F8,sub-018,"{""C"": 0.6158482110660264, ""gamma"": ""auto""}",0.7304886131439053,0.58,0.5716034271725826,0.5868055555555556,,0.16000000000000003,True,
F8,sub-019,"{""C"": 5.455594781168517, ""gamma"": ""auto""}",0.7184323533728978,0.695,0.6932746700188561,0.6994884910485933,,0.39,True,
F8,sub-020,"{""C"": 2.636650898730358, ""gamma"": ""auto""}",0.7154839959747736,0.795,0.7911945201293575,0.8181965268040126,,0.5900000000000001,True,
F8,sub-021,"{""C"": 0.42813323987193935, ""gamma"": ""scale""}",0.7023213183713524,0.77,0.769792813532179,0.7709755118426336,,0.54,True,
F8,sub-022,"{""C"": 2.636650898730358, ""gamma"": ""scale""}",0.72999891999568,0.625,0.6169462958706811,0.6364777814171853,,0.25,True,
F8,sub-023,"{""C"": 0.29763514416313175, ""gamma"": ""auto""}",0.7294993913736305,0.7688442211055276,0.7681357649442756,0.7716036772216548,,0.5374431531076301,True,
F8,sub-024,"{""C"": 2.636650898730358, ""gamma"": ""auto""}",0.7194561650257852,0.87,0.8697916666666667,0.8723832528180354,,0.74,True,
F8,sub-025,"{""C"": 0.8858667904100825, ""gamma"": ""auto""}",0.725,0.82,0.8199279711884754,0.8205128205128205,,0.64,True,
F8,sub-026,"{""C"": 1.2742749857031335, ""gamma"": ""auto""}",0.7209988839955359,0.9296482412060302,0.929504048582996,0.9325905575905575,,0.8592360549717057,True,
F8,sub-027,"{""C"": 1.2742749857031335, ""gamma"": ""auto""}",0.7264993846236154,0.65,0.6496847162446202,0.6505419510236852,,0.30000000000000004,True,
F8,sub-028,"{""C"": 2.636650898730358, ""gamma"": ""auto""}",0.7269385611762647,0.785,0.7847363019699132,0.7864033765450709,,0.5700000000000001,True,
F8,sub-029,"{""C"": 0.8858667904100825, ""gamma"": ""scale""}",0.7384711664461008,0.48,0.4799479947994799,0.4799919967987195,,-0.040000000000000036,True,
F8,sub-030,"{""C"": 1.2742749857031335, ""gamma"": ""scale""}",0.7244982781142382,0.845,0.8432720746227155,0.8609164138508212,,0.69,True,
F8,sub-031,"{""C"": 3.79269019073225, ""gamma"": ""auto""}",0.7104790821136827,0.785,0.7847363019699132,0.7864033765450709,,0.5700000000000001,True,
F8,sub-032,"{""C"": 1.8329807108324356, ""gamma"": ""scale""}",0.7223466659462688,0.48,0.4786967418546366,0.4797979797979798,,-0.040000000000000036,True,
F8,sub-033,"{""C"": 1.2742749857031335, ""gamma"": ""scale""}",0.7024785040719193,0.79,0.7896634615384616,0.7918679549114331,,0.5800000000000001,True,
F8,sub-034,"{""C"": 7.847599703514611, ""gamma"": ""auto""}",0.7229930748268707,0.71,0.7098839535814325,0.7103365384615384,,0.42000000000000004,True,
F8,sub-035,"{""C"": 0.8858667904100825, ""gamma"": ""scale""}",0.7279540242300948,0.85,0.849624060150376,0.8535353535353536,,0.7,True,
F8,sub-036,"{""C"": 0.6158482110660264, ""gamma"": ""scale""}",0.7174841084811021,0.77,0.7688674505074866,0.7753977968176254,,0.54,True,
F8,sub-037,"{""C"": 0.8858667904100825, ""gamma"": ""auto""}",0.7219974979774818,0.8,0.7999799979998,0.8001200480192077,,0.6,True,
F8,sub-038,"{""C"": 0.42813323987193935, ""gamma"": ""scale""}",0.7171633536817197,0.485,0.4241788958770091,0.474025974025974,,-0.030000000000000027,True,
F8,sub-039,"{""C"": 0.42813323987193935, ""gamma"": ""auto""}",0.7274966618341074,0.41,0.4085213032581454,0.40909090909090906,,-0.17999999999999994,True,
F8,sub-040,"{""C"": 0.8858667904100825, ""gamma"": ""auto""}",0.7103533663917359,0.625,0.6117108022054827,0.6448267871625536,,0.25,True,
F8,sub-041,"{""C"": 2.636650898730358, ""gamma"": ""scale""}",0.7234982718641991,0.745,0.7421572840567254,0.7563029605607281,,0.49,True,
F8,sub-042,"{""C"": 0.42813323987193935, ""gamma"": ""scale""}",0.7144022541714902,0.705,0.7049336100622641,0.7051846661995796,,0.41000000000000003,True,
F8,sub-043,"{""C"": 2.636650898730358, ""gamma"": ""auto""}",0.7264944615128457,0.815,0.8147730970438787,0.8165511003919204,,0.63,True,
F8,sub-044,"{""C"": 5.455594781168517, ""gamma"": ""scale""}",0.7294966863344076,0.59,0.5898359343737495,0.5901442307692308,,0.18000000000000005,True,
F8,sub-045,"{""C"": 0.6158482110660264, ""gamma"": ""scale""}",0.7174134578714731,0.775,0.7749493636068115,0.7752477229506556,,0.55,True,
F8,sub-046,"{""C"": 1.8329807108324356, ""gamma"": ""scale""}",0.7119997119997119,0.875,0.8748466871918099,0.8768465480856196,,0.75,True,
F8,sub-047,"{""C"": 3.79269019073225, ""gamma"": ""auto""}",0.7304433257092303,0.715,0.7144217039504998,0.7167557213428773,,0.43000000000000005,True,
F8,sub-048,"{""C"": 0.6158482110660264, ""gamma"": ""scale""}",0.712999712999713,0.67,0.66996699669967,0.6700680272108843,,0.33999999999999997,True,
F8,sub-049,"{""C"": 0.8858667904100825, ""gamma"": ""auto""}",0.7169657528560955,0.815,0.8129376374529185,0.8295323778637933,,0.63,True,
F8,sub-050,"{""C"": 1.2742749857031335, ""gamma"": ""auto""}",0.7174485049900344,0.755,0.7532169927727834,0.7625888168056842,,0.51,True,
F8,sub-051,"{""C"": 11.288378916846883, ""gamma"": ""auto""}",0.7177109359984624,0.69,0.6899689968996899,0.6900760304121649,,0.38,True,
FCz,sub-001,"{""C"": 3.79269019073225, ""gamma"": ""auto""}",0.6449570398018161,0.69,0.6868686868686869,0.6979166666666667,,0.38,True,
FCz,sub-002,"{""C"": 0.29763514416313175, ""gamma"": ""scale""}",0.656999656999657,0.625,0.6249906247656192,0.6250125012501251,,0.25,True,
FCz,sub-003,"{""C"": 7.847599703514611, ""gamma"": ""auto""}",0.648998595994384,0.695,0.6949923748093703,0.695019501950195,,0.39,True,
FCz,sub-004,"{""C"": 0.8858667904100825, ""gamma"": ""scale""}",0.6599914997874947,0.49,0.48872180451127817,0.4898989898989899,,-0.020000000000000018,True,
FCz,sub-005,"{""C"": 33.59818286283781, ""gamma"": ""auto""}",0.6305977209180798,0.63,0.6290726817042607,0.6313131313131313,,0.26,True,
FCz,sub-006,"{""C"": 2.636650898730358, ""gamma"": ""auto""}",0.6423024615343824,0.585,0.5849066039858968,0.5850765689120208,,0.17000000000000004,True,
FCz,sub-007,"{""C"": 1.8329807108324356, ""gamma"": ""auto""}",0.6746703280039922,0.59,0.5898359343737495,0.5901442307692308,,0.18000000000000005,True,
FCz,sub-008,"{""C"": 0.8858667904100825, ""gamma"": ""auto""}",0.6505719506395334,0.7,0.6980676328502415,0.7052545155993433,,0.4,True,
FCz,sub-009,"{""C"": 1.2742749857031335, ""gamma"": ""auto""}",0.6581389092228667,0.53,0.529811924769908,0.5300480769230769,,0.06000000000000005,True,
FCz,sub-010,"{""C"": 5.455594781168517, ""gamma"": ""auto""}",0.6577316616227122,0.55,0.54995499549955,0.5500200080032013,,0.09999999999999998,True,
FCz,sub-011,"{""C"": 0.29763514416313175, ""gamma"": ""scale""}",0.6544688158106269,0.69,0.6880032206119162,0.694991789819376,,0.38,True,
FCz,sub-012,"{""C"": 0.8858667904100825, ""gamma"": ""scale""}",0.6504453820909517,0.515,0.5146966854283928,0.5150375939849624,,0.030000000000000027,True,
FCz,sub-013,"{""C"": 16.23776739188721, ""gamma"": ""auto""}",0.6519841535115425,0.615,0.6142187930559382,0.6159391067647948,,0.22999999999999998,True,
FCz,sub-014,"{""C"": 0.20691380811147894, ""gamma"": ""scale""}",0.6539653965396539,0.5,0.4995495946351717,0.5,,0.0,True,
FCz,sub-015,"{""C"": 0.6158482110660264, ""gamma"": ""auto""}",0.6374433505235193,0.63,0.63,0.63,,0.26,True,
FCz,sub-016,"{""C"": 3.79269019073225, ""gamma"": ""auto""}",0.66293393505127,0.445,0.44431929113163626,0.44472917294744246,,-0.1100000000000001,True,
FCz,sub-017,"{""C"": 69.51927961775604, ""gamma"": ""auto""}",0.6524157108098714,0.535,0.534429676353533,0.5351723444879911,,0.06999999999999995,True,
FCz,sub-018,"{""C"": 23.357214690901213, ""gamma"": ""auto""}",0.6432101974829055,0.55,0.5454545454545454,0.5520833333333333,,0.09999999999999998,True,
FCz,sub-019,"{""C"": 11.288378916846883, ""gamma"": ""auto""}",0.6523239890194411,0.56,0.5306666666666666,0.5800000000000001,,0.12,True,
FCz,sub-020,"{""C"": 0.14384498882876628, ""gamma"": ""scale""}",0.6398959299237479,0.785,0.7830419536315245,0.7956738250855898,,0.5700000000000001,True,
FCz,sub-021,"{""C"": 5.455594781168517, ""gamma"": ""auto""}",0.6441241060870544,0.66,0.6596937243519168,0.660578081091931,,0.31999999999999995,True,
FCz,sub-022,"{""C"": 16.23776739188721, ""gamma"": ""auto""}",0.6663597877007812,0.545,0.5449886247156179,0.545004500450045,,0.08999999999999997,True,
FCz,sub-023,"{""C"": 0.20691380811147894, ""gamma"": ""scale""}",0.6451017154001077,0.628140703517588,0.6211669067709406,0.637203739943466,,0.2552847173055528,True,
FCz,sub-024,"{""C"": 100.0, ""gamma"": ""auto""}",0.6184776959657772,0.805,0.8047608320192235,0.8065018591096372,,0.61,True,
FCz,sub-025,"{""C"": 1.2742749857031335, ""gamma"": ""auto""}",0.6428110470438861,0.83,0.8297275641025641,0.8321256038647343,,0.6599999999999999,True,
FCz,sub-026,"{""C"": 0.8858667904100825, ""gamma"": ""scale""}",0.642495620571352,0.6331658291457286,0.6192834866472732,0.6577571869802803,,0.26775543122133183,True,
FCz,sub-027,"{""C"": 48.32930238571752, ""gamma"": ""auto""}",0.647829549501959,0.535,0.5276190476190477,0.5373333333333333,,0.06999999999999995,True,
FCz,sub-028,"{""C"": 0.29763514416313175, ""gamma"": ""scale""}",0.6479911997799945,0.585,0.5849066039858968,0.5850765689120208,,0.17000000000000004,True,
FCz,sub-029,"{""C"": 0.29763514416313175, ""gamma"": ""auto""}",0.6454609120655552,0.49,0.49,0.49,,-0.020000000000000018,True,
FCz,sub-030,"{""C"": 0.20691380811147894, ""gamma"": ""scale""}",0.6464977906111913,0.59,0.5873590982286634,0.5923645320197044,,0.18000000000000005,True,
FCz,sub-031,"{""C"": 1.8329807108324356, ""gamma"": ""scale""}",0.6344925984751191,0.685,0.6807782929239188,0.6953331221623904,,0.37,True,
FCz,sub-032,"{""C"": 0.42813323987193935, ""gamma"": ""auto""}",0.6514992158732358,0.57,0.5684464070654356,0.5710227272727273,,0.14,True,
FCz,sub-033,"{""C"": 0.14384498882876628, ""gamma"": ""scale""}",0.6459943359093745,0.72,0.7197477729956961,0.720794861501405,,0.43999999999999995,True,
FCz,sub-034,"{""C"": 100.0, ""gamma"": ""auto""}",0.6506856170553498,0.53,0.52995299529953,0.5300120048019208,,0.06000000000000005,True,
FCz,sub-035,"{""C"": 11.288378916846883, ""gamma"": ""auto""}",0.6533244955258599,0.9,0.9,0.9,,0.8,True,
FCz,sub-036,"{""C"": 69.51927961775604, ""gamma"": ""auto""}",0.646736155251693,0.785,0.7845637415766928,0.787327351547535,,0.5700000000000001,True,
FCz,sub-037,"{""C"": 1.2742749857031335, ""gamma"": ""scale""}",0.6491293929212731,0.57,0.5696126513862476,0.5702529104777199,,0.14,True,
FCz,sub-038,"{""C"": 1.2742749857031335, ""gamma"": ""scale""}",0.6449943199091186,0.585,0.5849066039858968,0.5850765689120208,,0.17000000000000004,True,
FCz,sub-039,"{""C"": 0.20691380811147894, ""gamma"": ""scale""}",0.6540640341990994,0.405,0.4042702310330154,0.4045322078183097,,-0.18999999999999995,True,
FCz,sub-040,"{""C"": 33.59818286283781, ""gamma"": ""auto""}",0.6612248298680603,0.625,0.6228786926461345,0.6278772378516624,,0.25,True,
FCz,sub-041,"{""C"": 2.636650898730358, ""gamma"": ""auto""}",0.6413019089792338,0.725,0.724938111074992,0.7252026824141727,,0.44999999999999996,True,
FCz,sub-042,"{""C"": 69.51927961775604, ""gamma"": ""auto""}",0.6528319706738062,0.64,0.6376811594202898,0.6436781609195402,,0.28,True,
FCz,sub-043,"{""C"": 5.455594781168517, ""gamma"": ""auto""}",0.6449090967287625,0.805,0.8049561151259033,0.8052747472725452,,0.61,True,
FCz,sub-044,"{""C"": 0.29763514416313175, ""gamma"": ""scale""}",0.657495804323603,0.475,0.4691473495285523,0.47384663667747673,,-0.050000000000000044,True,
FCz,sub-045,"{""C"": 0.8858667904100825, ""gamma"": ""auto""}",0.6424999106249776,0.725,0.7241656009428521,0.7277558457333738,,0.44999999999999996,True,
FCz,sub-046,"{""C"": 0.42813323987193935, ""gamma"": ""auto""}",0.6444928009792199,0.9,0.8999899989999001,0.9001600640256102,,0.8,True,
FCz,sub-047,"{""C"": 0.8858667904100825, ""gamma"": ""auto""}",0.6339633963396339,0.78,0.7799119647859143,0.780448717948718,,0.56,True,
FCz,sub-048,"{""C"": 33.59818286283781, ""gamma"": ""auto""}",0.6487045605354103,0.615,0.614990374759369,0.6150115011501149,,0.22999999999999998,True,
FCz,sub-049,"{""C"": 1.8329807108324356, ""gamma"": ""auto""}",0.658998635994544,0.715,0.7148217636022514,0.7155388471177946,,0.43000000000000005,True,
FCz,sub-050,"{""C"": 11.288378916846883, ""gamma"": ""auto""}",0.6375302391899902,0.725,0.7238331952499311,0.72886786695148,,0.44999999999999996,True,
FCz,sub-051,"{""C"": 0.8858667904100825, ""gamma"": ""auto""}",0.6439088406632097,0.62,0.6193910256410255,0.6207729468599035,,0.24,True,
FC1,sub-001,"{""C"": 0.8858667904100825, ""gamma"": ""auto""}",0.6571151975304286,0.625,0.6247654784240151,0.62531328320802,,0.25,True,
FC1,sub-002,"{""C"": 16.23776739188721, ""gamma"": ""auto""}",0.6533590609036108,0.6,0.5999599959995999,0.6000400160064026,,0.19999999999999996,True,
FC1,sub-003,"{""C"": 48.32930238571752, ""gamma"": ""auto""}",0.6806730091613813,0.7,0.6995192307692308,0.7012882447665056,,0.4,True,
FC1,sub-004,"{""C"": 100.0, ""gamma"": ""auto""}",0.6860346248226434,0.575,0.5731967562953478,0.5762892889838267,,0.15000000000000002,True,
FC1,sub-005,"{""C"": 69.51927961775604, ""gamma"": ""auto""}",0.663655583317317,0.735,0.7346749768466372,0.7361571701336549,,0.47,True,
FC1,sub-006,"{""C"": 100.0, ""gamma"": ""auto""}",0.6625380145419079,0.715,0.7133878064110623,0.7199488491048593,,0.43000000000000005,True,
FC1,sub-007,"{""C"": 0.29763514416313175, ""gamma"": ""scale""}",0.6561588235927098,0.605,0.6045155315261195,0.6055170334639735,,0.20999999999999996,True,
FC1,sub-008,"{""C"": 0.8858667904100825, ""gamma"": ""scale""}",0.6549503128450497,0.735,0.7348342714196372,0.7355889724310777,,0.47,True,
FC1,sub-009,"{""C"": 100.0, ""gamma"": ""auto""}",0.667190403873203,0.57,0.5614035087719298,0.5759548611111112,,0.14,True,
FC1,sub-010,"{""C"": 11.288378916846883, ""gamma"": ""auto""}",0.6863550176068888,0.615,0.6149133555049886,0.6151035932339105,,0.22999999999999998,True,
FC1,sub-011,"{""C"": 33.59818286283781, ""gamma"": ""auto""}",0.66726633778571,0.675,0.6659042430161137,0.6963864886095836,,0.35,True,
FC1,sub-012,"{""C"": 0.14384498882876628, ""gamma"": ""scale""}",0.6689599441532426,0.55,0.5498199279711885,0.5500801282051282,,0.09999999999999998,True,
FC1,sub-013,"{""C"": 0.42813323987193935, ""gamma"": ""scale""}",0.6804021231502148,0.6,0.5989974937343359,0.601010101010101,,0.19999999999999996,True,
FC1,sub-014,"{""C"": 1.2742749857031335, ""gamma"": ""scale""}",0.6628368130175004,0.495,0.4913248218377779,0.49485119967047675,,-0.010000000000000009,True,
FC1,sub-015,"{""C"": 11.288378916846883, ""gamma"": ""auto""}",0.6422756081064155,0.695,0.6946259167480163,0.6959602050045222,,0.39,True,
FC1,sub-016,"{""C"": 48.32930238571752, ""gamma"": ""auto""}",0.6698679471788715,0.48,0.47953157842057853,0.4799277398635087,,-0.040000000000000036,True,
FC1,sub-017,"{""C"": 69.51927961775604, ""gamma"": ""auto""}",0.6656991292162946,0.6,0.6,0.6,,0.19999999999999996,True,
FC1,sub-018,"{""C"": 48.32930238571752, ""gamma"": ""auto""}",0.654965496549655,0.48,0.4797919167667067,0.47996794871794873,,-0.040000000000000036,True,
FC1,sub-019,"{""C"": 0.8858667904100825, ""gamma"": ""scale""}",0.6677754161813386,0.675,0.6634826952447517,0.702757502027575,,0.35,True,
FC1,sub-020,"{""C"": 23.357214690901213, ""gamma"": ""auto""}",0.6529022108326065,0.84,0.8395989974937343,0.8434343434343434,,0.6799999999999999,True,
FC1,sub-021,"{""C"": 0.29763514416313175, ""gamma"": ""scale""}",0.6684999171249792,0.73,0.73,0.73,,0.45999999999999996,True,
FC1,sub-022,"{""C"": 33.59818286283781, ""gamma"": ""auto""}",0.6914659841247497,0.59,0.5898359343737495,0.5901442307692308,,0.18000000000000005,True,
FC1,sub-023,"{""C"": 69.51927961775604, ""gamma"": ""auto""}",0.6730644401003236,0.7587939698492462,0.7580547112462006,0.7614402451481104,,0.5173319858514401,True,
FC1,sub-024,"{""C"": 11.288378916846883, ""gamma"": ""auto""}",0.6499538404796084,0.825,0.823726423409131,0.8346720214190093,,0.65,True,
FC1,sub-025,"{""C"": 1.2742749857031335, ""gamma"": ""scale""}",0.6754116308164897,0.765,0.7648530331457161,0.7656641604010025,,0.53,True,
FC1,sub-026,"{""C"": 0.09999999999999999, ""gamma"": ""scale""}",0.6518743266319141,0.8291457286432161,0.8286220871327254,0.8325842696629213,,0.65811015664477,True,
FC1,sub-027,"{""C"": 7.847599703514611, ""gamma"": ""auto""}",0.684734862018958,0.59,0.5893429487179487,0.5905797101449275,,0.18000000000000005,True,
FC1,sub-028,"{""C"": 3.79269019073225, ""gamma"": ""auto""}",0.6686816030205027,0.68,0.6794871794871795,0.681159420289855,,0.36,True,
FC1,sub-029,"{""C"": 48.32930238571752, ""gamma"": ""auto""}",0.6762540894220284,0.505,0.5039955910719206,0.505040830728904,,0.010000000000000009,True,
FC1,sub-030,"{""C"": 48.32930238571752, ""gamma"": ""auto""}",0.6688092341188525,0.78,0.7794486215538847,0.7828282828282829,,0.56,True,
FC1,sub-031,"{""C"": 48.32930238571752, ""gamma"": ""auto""}",0.6782006461510821,0.705,0.7049336100622641,0.7051846661995796,,0.41000000000000003,True,
FC1,sub-032,"{""C"": 0.8858667904100825, ""gamma"": ""scale""}",0.6698679471788715,0.575,0.5737104741844078,0.575918615244458,,0.15000000000000002,True,
FC1,sub-033,"{""C"": 100.0, ""gamma"": ""auto""}",0.6669537208406089,0.68,0.6797117405665098,0.6806503412284224,,0.36,True,
FC1,sub-034,"{""C"": 1.2742749857031335, ""gamma"": ""scale""}",0.6752888565789905,0.56,0.5578333835795397,0.5611995104039168,,0.12,True,
FC1,sub-035,"{""C"": 0.20691380811147894, ""gamma"": ""scale""}",0.6698679471788715,0.875,0.8749968749218731,0.875037503750375,,0.75,True,
FC1,sub-036,"{""C"": 69.51927961775604, ""gamma"": ""auto""}",0.6621647830059376,0.78,0.7798018216394755,0.7810116419108792,,0.56,True,
FC1,sub-037,"{""C"": 0.8858667904100825, ""gamma"": ""scale""}",0.686,0.605,0.6049111049986247,0.6050945851266138,,0.20999999999999996,True,
FC1,sub-038,"{""C"": 1.2742749857031335, ""gamma"": ""scale""}",0.6694761196496446,0.525,0.4689028651292802,0.5432900432900433,,0.050000000000000044,True,
FC1,sub-039,"{""C"": 0.20691380811147894, ""gamma"": ""scale""}",0.6774012041187614,0.44,0.4288045695634435,0.43489583333333337,,-0.1200000000000001,True,
FC1,sub-040,"{""C"": 0.29763514416313175, ""gamma"": ""scale""}",0.6779610332850274,0.58,0.5748557546310356,0.5840689365279529,,0.16000000000000003,True,
FC1,sub-041,"{""C"": 7.847599703514611, ""gamma"": ""auto""}",0.6774335145575058,0.775,0.7724917212265223,0.787686996547756,,0.55,True,
FC1,sub-042,"{""C"": 0.29763514416313175, ""gamma"": ""scale""}",0.668,0.655,0.6524892347208582,0.6596128102152199,,0.31000000000000005,True,
FC1,sub-043,"{""C"": 1.8329807108324356, ""gamma"": ""scale""}",0.6721097286044715,0.775,0.7749943748593715,0.7750275027502751,,0.55,True,
FC1,sub-044,"{""C"": 69.51927961775604, ""gamma"": ""auto""}",0.6651290005303795,0.56,0.56,0.56,,0.12,True,
FC1,sub-045,"{""C"": 100.0, ""gamma"": ""auto""}",0.6602960927296609,0.64,0.6328029375764994,0.6519097222222222,,0.28,True,
FC1,sub-046,"{""C"": 100.0, ""gamma"": ""auto""}",0.6671037702625551,0.815,0.8148843026891808,0.8157894736842106,,0.63,True,
FC1,sub-047,"{""C"": 0.29763514416313175, ""gamma"": ""scale""}",0.6644811270633973,0.74,0.7390606182256123,0.7435064935064934,,0.48,True,
FC1,sub-048,"{""C"": 11.288378916846883, ""gamma"": ""auto""}",0.675667883913127,0.58,0.5738636363636364,0.5848896434634975,,0.16000000000000003,True,
FC1,sub-049,"{""C"": 11.288378916846883, ""gamma"": ""auto""}",0.673576955734632,0.72,0.7189883580891208,0.7232142857142857,,0.43999999999999995,True,
FC1,sub-050,"{""C"": 0.6158482110660264, ""gamma"": ""scale""}",0.6610966202522552,0.6,0.5941558441558441,0.6061120543293719,,0.19999999999999996,True,
FC1,sub-051,"{""C"": 48.32930238571752, ""gamma"": ""auto""}",0.660224016957774,0.545,0.5389019786678828,0.5475134621476085,,0.08999999999999997,True,
FC2,sub-001,"{""C"": 11.288378916846883, ""gamma"": ""auto""}",0.6689599441532426,0.7,0.6985227615315044,0.7039983680130559,,0.4,True,
FC2,sub-002,"{""C"": 11.288378916846883, ""gamma"": ""auto""}",0.661998647994592,0.595,0.5941782108770259,0.5957757838491784,,0.18999999999999995,True,
FC2,sub-003,"{""C"": 69.51927961775604, ""gamma"": ""auto""}",0.6469572818311016,0.725,0.7238331952499311,0.72886786695148,,0.44999999999999996,True,
FC2,sub-004,"{""C"": 0.8858667904100825, ""gamma"": ""scale""}",0.6604931249857809,0.49,0.4895405865278751,0.48996386993175434,,-0.020000000000000018,True,
FC2,sub-005,"{""C"": 48.32930238571752, ""gamma"": ""auto""}",0.6624627865222141,0.585,0.5849066039858968,0.5850765689120208,,0.17000000000000004,True,
FC2,sub-006,"{""C"": 0.6158482110660264, ""gamma"": ""scale""}",0.6591133538333205,0.68,0.6726342710997443,0.6978021978021978,,0.36,True,
FC2,sub-007,"{""C"": 16.23776739188721, ""gamma"": ""auto""}",0.6624931654866011,0.555,0.5544542064028435,0.5552708270525575,,0.10999999999999999,True,
FC2,sub-008,"{""C"": 3.79269019073225, ""gamma"": ""auto""}",0.649971647703464,0.69,0.6888799678843838,0.692775974025974,,0.38,True,
FC2,sub-009,"{""C"": 11.288378916846883, ""gamma"": ""auto""}",0.6574546983838613,0.59,0.5893429487179487,0.5905797101449275,,0.18000000000000005,True,
FC2,sub-010,"{""C"": 0.8858667904100825, ""gamma"": ""scale""}",0.6559779825908858,0.535,0.528767956221023,0.5369549150036954,,0.06999999999999995,True,
FC2,sub-011,"{""C"": 100.0, ""gamma"": ""auto""}",0.6479968319714877,0.7,0.6995192307692308,0.7012882447665056,,0.4,True,
FC2,sub-012,"{""C"": 7.847599703514611, ""gamma"": ""auto""}",0.6629727007887638,0.515,0.5095932657549483,0.5156920179935139,,0.030000000000000027,True,
FC2,sub-013,"{""C"": 3.79269019073225, ""gamma"": ""auto""}",0.660933542974423,0.6,0.5980303487086724,0.601999184006528,,0.19999999999999996,True,
FC2,sub-014,"{""C"": 11.288378916846883, ""gamma"": ""auto""}",0.6644475699328021,0.52,0.5182657567242072,0.5202922077922079,,0.040000000000000036,True,
FC2,sub-015,"{""C"": 23.357214690901213, ""gamma"": ""auto""}",0.6729947679162867,0.62,0.6134676024819449,0.6287001287001287,,0.24,True,
FC2,sub-016,"{""C"": 0.20691380811147894, ""gamma"": ""scale""}",0.6773644123943088,0.48,0.46960424316605465,0.4782986111111111,,-0.040000000000000036,True,
FC2,sub-017,"{""C"": 48.32930238571752, ""gamma"": ""auto""}",0.6684899718216476,0.595,0.5949088544922607,0.5950855770193173,,0.18999999999999995,True,
FC2,sub-018,"{""C"": 0.42813323987193935, ""gamma"": ""scale""}",0.6637727103521981,0.55,0.5224957555178268,0.564968814968815,,0.09999999999999998,True,
FC2,sub-019,"{""C"": 5.455594781168517, ""gamma"": ""auto""}",0.675936483550776,0.655,0.6545768566493955,0.6557632398753894,,0.31000000000000005,True,
FC2,sub-020,"{""C"": 1.8329807108324356, ""gamma"": ""scale""}",0.6693471557227328,0.76,0.76,0.76,,0.52,True,
FC2,sub-021,"{""C"": 5.455594781168517, ""gamma"": ""scale""}",0.6399564347286022,0.715,0.7141352591589558,0.7176333637007795,,0.43000000000000005,True,
FC2,sub-022,"{""C"": 7.847599703514611, ""gamma"": ""auto""}",0.676927308644445,0.535,0.5330270392407923,0.5356016681924525,,0.06999999999999995,True,
FC2,sub-023,"{""C"": 3.79269019073225, ""gamma"": ""scale""}",0.6624695378757932,0.7236180904522613,0.723366611904461,0.7241641337386018,,0.4470825966153069,True,
FC2,sub-024,"{""C"": 23.357214690901213, ""gamma"": ""auto""}",0.6894999223749806,0.76,0.7599039615846338,0.7604166666666667,,0.52,True,
FC2,sub-025,"{""C"": 5.455594781168517, ""gamma"": ""auto""}",0.6389563137139593,0.815,0.8147730970438787,0.8165511003919204,,0.63,True,
FC2,sub-026,"{""C"": 2.636650898730358, ""gamma"": ""auto""}",0.6694701696828139,0.8341708542713567,0.8340199671426766,0.8350557244174266,,0.6682495579691841,True,
FC2,sub-027,"{""C"": 1.2742749857031335, ""gamma"": ""scale""}",0.6549968949720547,0.61,0.6096486838154338,0.6103974307507025,,0.21999999999999997,True,
FC2,sub-028,"{""C"": 48.32930238571752, ""gamma"": ""auto""}",0.65548544426002,0.685,0.6836634781953754,0.6881802461601059,,0.37,True,
FC2,sub-029,"{""C"": 48.32930238571752, ""gamma"": ""auto""}",0.6629946079137266,0.53,0.5283018867924528,0.5304383116883117,,0.06000000000000005,True,
FC2,sub-030,"{""C"": 5.455594781168517, ""gamma"": ""scale""}",0.6634958778245033,0.75,0.749096748293858,0.7536525974025974,,0.5,True,
FC2,sub-031,"{""C"": 1.2742749857031335, ""gamma"": ""scale""}",0.6533397563023507,0.675,0.6689669221562986,0.6887606514939058,,0.35,True,
FC2,sub-032,"{""C"": 69.51927961775604, ""gamma"": ""auto""}",0.6879950079201267,0.495,0.4946841776110069,0.4949874686716792,,-0.010000000000000009,True,
FC2,sub-033,"{""C"": 69.51927961775604, ""gamma"": ""auto""}",0.6619661966196619,0.71,0.71,0.71,,0.42000000000000004,True,
FC2,sub-034,"{""C"": 2.636650898730358, ""gamma"": ""scale""}",0.660902000678196,0.58,0.5779318661441061,0.5815993472052223,,0.16000000000000003,True,
FC2,sub-035,"{""C"": 7.847599703514611, ""gamma"": ""auto""}",0.6708683473389356,0.83,0.8297275641025641,0.8321256038647343,,0.6599999999999999,True,
FC2,sub-036,"{""C"": 16.23776739188721, ""gamma"": ""auto""}",0.6579832411788178,0.795,0.7949538646195394,0.7952657391652487,,0.5900000000000001,True,
FC2,sub-037,"{""C"": 0.42813323987193935, ""gamma"": ""scale""}",0.6638517586255539,0.665,0.6649246080368083,0.6651486337703933,,0.32999999999999996,True,
FC2,sub-038,"{""C"": 2.636650898730358, ""gamma"": ""auto""}",0.667978750640041,0.52,0.5169082125603865,0.5205254515599343,,0.040000000000000036,True,
FC2,sub-039,"{""C"": 16.23776739188721, ""gamma"": ""auto""}",0.6729447276589744,0.425,0.4225603173407647,0.4237107110161733,,-0.1499999999999999,True,
FC2,sub-040,"{""C"": 11.288378916846883, ""gamma"": ""auto""}",0.66163151672171,0.595,0.5937711577522005,0.5961635793096467,,0.18999999999999995,True,
FC2,sub-041,"{""C"": 0.8858667904100825, ""gamma"": ""scale""}",0.6459203320747169,0.675,0.6706442704770592,0.6847745750184775,,0.35,True,
FC2,sub-042,"{""C"": 16.23776739188721, ""gamma"": ""auto""}",0.6634756861183221,0.69,0.69,0.69,,0.38,True,
FC2,sub-043,"{""C"": 48.32930238571752, ""gamma"": ""auto""}",0.6774225007558066,0.775,0.7748592870544091,0.7756892230576441,,0.55,True,
FC2,sub-044,"{""C"": 0.29763514416313175, ""gamma"": ""scale""}",0.6588635454181673,0.48,0.4710609297121351,0.47854997854997855,,-0.040000000000000036,True,
FC2,sub-045,"{""C"": 69.51927961775604, ""gamma"": ""auto""}",0.6524957430728526,0.705,0.7037483367226531,0.7085240565557929,,0.41000000000000003,True,
FC2,sub-046,"{""C"": 1.8329807108324356, ""gamma"": ""auto""}",0.651489457556091,0.81,0.8095238095238095,0.8131313131313131,,0.62,True,
FC2,sub-047,"{""C"": 69.51927961775604, ""gamma"": ""auto""}",0.6704900323234777,0.705,0.7037483367226531,0.7085240565557929,,0.41000000000000003,True,
FC2,sub-048,"{""C"": 5.455594781168517, ""gamma"": ""auto""}",0.6604754693526607,0.635,0.6323436831104732,0.639017608897127,,0.27,True,
FC2,sub-049,"{""C"": 0.8858667904100825, ""gamma"": ""scale""}",0.6424927604783996,0.705,0.7033312382149592,0.7097186700767264,,0.41000000000000003,True,
FC2,sub-050,"{""C"": 100.0, ""gamma"": ""auto""}",0.6674859512814417,0.74,0.7398959583833533,0.7403846153846154,,0.48,True,
FC2,sub-051,"{""C"": 11.288378916846883, ""gamma"": ""auto""}",0.6762895072520907,0.64,0.6386993175431553,0.6420454545454546,,0.28,True,
FC3,sub-001,"{""C"": 100.0, ""gamma"": ""auto""}",0.6699524731561345,0.74,0.7390606182256123,0.7435064935064934,,0.48,True,
FC3,sub-002,"{""C"": 0.42813323987193935, ""gamma"": ""scale""}",0.6854867118135741,0.65,0.6498599439775911,0.6502403846153846,,0.30000000000000004,True,
FC3,sub-003,"{""C"": 0.42813323987193935, ""gamma"": ""scale""}",0.6933005686947937,0.73,0.7260551948051948,0.7440577249575552,,0.45999999999999996,True,
FC3,sub-004,"{""C"": 0.14384498882876628, ""gamma"": ""scale""}",0.6944443124759487,0.54,0.5398159263705482,0.5400641025641025,,0.07999999999999996,True,
FC3,sub-005,"{""C"": 3.79269019073225, ""gamma"": ""auto""}",0.6851031512463582,0.755,0.7549448625940837,0.7552297067360625,,0.51,True,
FC3,sub-006,"{""C"": 1.2742749857031335, ""gamma"": ""scale""}",0.6804935299939824,0.75,0.7450020399836801,0.7712673611111112,,0.5,True,
FC3,sub-007,"{""C"": 0.8858667904100825, ""gamma"": ""scale""}",0.6904051865883927,0.595,0.5941782108770259,0.5957757838491784,,0.18999999999999995,True,
FC3,sub-008,"{""C"": 7.847599703514611, ""gamma"": ""auto""}",0.6873384080714793,0.77,0.7696314102564102,0.7717391304347826,,0.54,True,
FC3,sub-009,"{""C"": 0.42813323987193935, ""gamma"": ""scale""}",0.7057171942236489,0.56,0.5555555555555556,0.5625,,0.12,True,
FC3,sub-010,"{""C"": 5.455594781168517, ""gamma"": ""auto""}",0.6729447276589744,0.69,0.6895032051282051,0.6912238325281803,,0.38,True,
FC3,sub-011,"{""C"": 1.8329807108324356, ""gamma"": ""scale""}",0.6993610296359491,0.74,0.7355304648560675,0.7574002574002574,,0.48,True,
FC3,sub-012,"{""C"": 1.8329807108324356, ""gamma"": ""scale""}",0.6909996909996909,0.545,0.5447154471544715,0.5451127819548872,,0.08999999999999997,True,
FC3,sub-013,"{""C"": 48.32930238571752, ""gamma"": ""auto""}",0.6863681962344674,0.63,0.6269785260610949,0.6343530384456387,,0.26,True,
FC3,sub-014,"{""C"": 0.8858667904100825, ""gamma"": ""scale""}",0.6904937324980831,0.54,0.5353535353535354,0.5416666666666667,,0.07999999999999996,True,
FC3,sub-015,"{""C"": 33.59818286283781, ""gamma"": ""auto""}",0.6836555008404153,0.69,0.6899689968996899,0.6900760304121649,,0.38,True,
FC3,sub-016,"{""C"": 0.8858667904100825, ""gamma"": ""scale""}",0.6819185711542155,0.595,0.5920525798897031,0.5978272062609412,,0.18999999999999995,True,
FC3,sub-017,"{""C"": 0.29763514416313175, ""gamma"": ""auto""}",0.69482421875,0.58,0.5748557546310356,0.5840689365279529,,0.16000000000000003,True,
FC3,sub-018,"{""C"": 100.0, ""gamma"": ""auto""}",0.6964361757059421,0.545,0.5440767554297452,0.5453674765601371,,0.08999999999999997,True,
FC3,sub-019,"{""C"": 11.288378916846883, ""gamma"": ""auto""}",0.6864146263820325,0.63,0.6189887756152817,0.6469923111714156,,0.26,True,
FC3,sub-020,"{""C"": 0.29763514416313175, ""gamma"": ""scale""}",0.666959702123957,0.805,0.804172629359042,0.8102431085342284,,0.61,True,
FC3,sub-021,"{""C"": 1.8329807108324356, ""gamma"": ""scale""}",0.7029893076150742,0.745,0.7448405253283302,0.7456140350877193,,0.49,True,
FC3,sub-022,"{""C"": 0.42813323987193935, ""gamma"": ""scale""}",0.6939115404351858,0.54,0.4837840870833801,0.570871722182849,,0.07999999999999996,True,
FC3,sub-023,"{""C"": 0.6158482110660264, ""gamma"": ""scale""}",0.6919001756569129,0.7537688442211056,0.752870213143422,0.7569103194103194,,0.5072515033604528,True,
FC3,sub-024,"{""C"": 23.357214690901213, ""gamma"": ""auto""}",0.6983334046227029,0.84,0.8383838383838383,0.8541666666666667,,0.6799999999999999,True,
FC3,sub-025,"{""C"": 11.288378916846883, ""gamma"": ""auto""}",0.6940465004252553,0.78,0.7798018216394755,0.7810116419108792,,0.56,True,
FC3,sub-026,"{""C"": 33.59818286283781, ""gamma"": ""auto""}",0.6843919831562353,0.8391959798994975,0.8388663967611336,0.8414733414733415,,0.6782538399353274,True,
FC3,sub-027,"{""C"": 33.59818286283781, ""gamma"": ""auto""}",0.6899103841010052,0.6,0.5998399359743898,0.6001602564102564,,0.19999999999999996,True,
FC3,sub-028,"{""C"": 1.8329807108324356, ""gamma"": ""auto""}",0.6899103841010052,0.67,0.6694711538461539,0.6710950080515299,,0.33999999999999997,True,
FC3,sub-029,"{""C"": 0.6158482110660264, ""gamma"": ""scale""}",0.6924870075760701,0.47,0.467390212038991,0.4694002447980416,,-0.06000000000000005,True,
FC3,sub-030,"{""C"": 16.23776739188721, ""gamma"": ""auto""}",0.6879687968796879,0.77,0.7688674505074866,0.7753977968176254,,0.54,True,
FC3,sub-031,"{""C"": 0.6158482110660264, ""gamma"": ""scale""}",0.7038566666266473,0.715,0.7148217636022514,0.7155388471177946,,0.43000000000000005,True,
FC3,sub-032,"{""C"": 0.8858667904100825, ""gamma"": ""scale""}",0.688498053112832,0.535,0.5330270392407923,0.5356016681924525,,0.06999999999999995,True,
FC3,sub-033,"{""C"": 0.6158482110660264, ""gamma"": ""scale""}",0.690876350540216,0.735,0.7341959427267484,0.7378783277659682,,0.47,True,
FC3,sub-034,"{""C"": 1.2742749857031335, ""gamma"": ""scale""}",0.6879847112508513,0.53,0.5283018867924528,0.5304383116883117,,0.06000000000000005,True,
FC3,sub-035,"{""C"": 0.8858667904100825, ""gamma"": ""scale""}",0.6789996789996791,0.885,0.8849741191768148,0.8853468121309178,,0.77,True,
FC3,sub-036,"{""C"": 1.8329807108324356, ""gamma"": ""auto""}",0.6919306844039909,0.795,0.7949948748718718,0.7950295029502951,,0.5900000000000001,True,
FC3,sub-037,"{""C"": 1.8329807108324356, ""gamma"": ""scale""}",0.6839920998024951,0.725,0.7234443746071653,0.7301790281329923,,0.44999999999999996,True,
FC3,sub-038,"{""C"": 1.8329807108324356, ""gamma"": ""scale""}",0.689496196328405,0.61,0.6060606060606061,0.6145833333333333,,0.21999999999999997,True,
FC3,sub-039,"{""C"": 1.8329807108324356, ""gamma"": ""scale""}",0.6969487843445542,0.485,0.4792588285851513,0.48430798200648606,,-0.030000000000000027,True,
FC3,sub-040,"{""C"": 1.2742749857031335, ""gamma"": ""scale""}",0.6864773479883921,0.68,0.6784242789669379,0.6835985312117503,,0.36,True,
FC3,sub-041,"{""C"": 0.29763514416313175, ""gamma"": ""auto""}",0.6907399122662159,0.73,0.7237851662404092,0.7527472527472527,,0.45999999999999996,True,
FC3,sub-042,"{""C"": 16.23776739188721, ""gamma"": ""auto""}",0.6884513205188311,0.675,0.6731615336266499,0.6790281329923273,,0.35,True,
FC3,sub-043,"{""C"": 100.0, ""gamma"": ""auto""}",0.684490455836289,0.78,0.77997799779978,0.7801120448179272,,0.56,True,
FC3,sub-044,"{""C"": 0.6158482110660264, ""gamma"": ""scale""}",0.6849618803875269,0.59,0.5898359343737495,0.5901442307692308,,0.18000000000000005,True,
FC3,sub-045,"{""C"": 11.288378916846883, ""gamma"": ""auto""}",0.6838023764853033,0.64,0.6265172735760971,0.663627863487611,,0.28,True,
FC3,sub-046,"{""C"": 7.847599703514611, ""gamma"": ""auto""}",0.6849971649744848,0.745,0.7402663543072496,0.764264912091468,,0.49,True,
FC3,sub-047,"{""C"": 23.357214690901213, ""gamma"": ""auto""}",0.6855216784729574,0.735,0.7307936507936508,0.7506666666666666,,0.47,True,
FC3,sub-048,"{""C"": 11.288378916846883, ""gamma"": ""auto""}",0.7022229929391817,0.66,0.6578099838969405,0.6642036124794746,,0.31999999999999995,True,
FC3,sub-049,"{""C"": 3.79269019073225, ""gamma"": ""auto""}",0.6766261798639227,0.765,0.7642869680784372,0.7682457738637514,,0.53,True,
FC3,sub-050,"{""C"": 1.8329807108324356, ""gamma"": ""scale""}",0.7023493143403848,0.66,0.6587715776796468,0.6623376623376623,,0.31999999999999995,True,
FC3,sub-051,"{""C"": 1.2742749857031335, ""gamma"": ""scale""}",0.6864340727637985,0.635,0.6309310144341364,0.6412281619416257,,0.27,True,
FC4,sub-001,"{""C"": 1.2742749857031335, ""gamma"": ""auto""}",0.6922500300869381,0.72,0.7197477729956961,0.720794861501405,,0.43999999999999995,True,
FC4,sub-002,"{""C"": 7.847599703514611, ""gamma"": ""auto""}",0.6804935299939824,0.59,0.5889724310776943,0.5909090909090908,,0.18000000000000005,True,
FC4,sub-003,"{""C"": 2.636650898730358, ""gamma"": ""scale""}",0.6599914997874947,0.74,0.7383252818035426,0.7463054187192117,,0.48,True,
FC4,sub-004,"{""C"": 69.51927961775604, ""gamma"": ""auto""}",0.6869987479949919,0.51,0.5098039215686274,0.5100160256410255,,0.020000000000000018,True,
FC4,sub-005,"{""C"": 5.455594781168517, ""gamma"": ""auto""}",0.6704992586233319,0.65,0.648735447611401,0.6521915584415584,,0.30000000000000004,True,
FC4,sub-006,"{""C"": 1.2742749857031335, ""gamma"": ""auto""}",0.6869846622484501,0.7,0.6921182266009853,0.7228163992869875,,0.4,True,
FC4,sub-007,"{""C"": 0.6158482110660264, ""gamma"": ""scale""}",0.6694973054015158,0.54,0.5383380168606985,0.5405844155844155,,0.07999999999999996,True,
FC4,sub-008,"{""C"": 5.455594781168517, ""gamma"": ""auto""}",0.6703179330785426,0.765,0.7649941248531213,0.765026502650265,,0.53,True,
FC4,sub-009,"{""C"": 1.2742749857031335, ""gamma"": ""auto""}",0.6832604657272062,0.57,0.5693108974358975,0.570450885668277,,0.14,True,
FC4,sub-010,"{""C"": 3.79269019073225, ""gamma"": ""auto""}",0.6827144429986989,0.68,0.677386833350136,0.6860272840016536,,0.36,True,
FC4,sub-011,"{""C"": 0.42813323987193935, ""gamma"": ""scale""}",0.6788445607674114,0.75,0.7487689679429204,0.7549979600163199,,0.5,True,
FC4,sub-012,"{""C"": 33.59818286283781, ""gamma"": ""auto""}",0.6749986999947999,0.525,0.5229846099771535,0.525429762994609,,0.050000000000000044,True,
FC4,sub-013,"{""C"": 5.455594781168517, ""gamma"": ""auto""}",0.6952860146037554,0.63,0.6276167471819646,0.6334154351395731,,0.26,True,
FC4,sub-014,"{""C"": 1.2742749857031335, ""gamma"": ""auto""}",0.6803081049399902,0.49,0.48815736651947006,0.48985389610389607,,-0.020000000000000018,True,
FC4,sub-015,"{""C"": 1.2742749857031335, ""gamma"": ""scale""}",0.6734705307153971,0.71,0.7076318177235609,0.7170318313352625,,0.42000000000000004,True,
FC4,sub-016,"{""C"": 11.288378916846883, ""gamma"": ""auto""}",0.6864340727637985,0.515,0.5140158821613768,0.5151224921867124,,0.030000000000000027,True,
FC4,sub-017,"{""C"": 1.2742749857031335, ""gamma"": ""scale""}",0.6749060478478279,0.585,0.5803736191511413,0.5889214352965791,,0.17000000000000004,True,
FC4,sub-018,"{""C"": 11.288378916846883, ""gamma"": ""auto""}",0.6829543454257414,0.585,0.5819798040845106,0.5875296056018948,,0.17000000000000004,True,
FC4,sub-019,"{""C"": 23.357214690901213, ""gamma"": ""auto""}",0.6724900928253079,0.635,0.6323436831104732,0.639017608897127,,0.27,True,
FC4,sub-020,"{""C"": 2.636650898730358, ""gamma"": ""auto""}",0.6708103867827868,0.79,0.788647342995169,0.7976190476190477,,0.5800000000000001,True,
FC4,sub-021,"{""C"": 2.636650898730358, ""gamma"": ""auto""}",0.674916778695346,0.74,0.7387197266606371,0.7447980416156671,,0.48,True,
FC4,sub-022,"{""C"": 1.8329807108324356, ""gamma"": ""auto""}",0.6799459108589352,0.57,0.5693108974358975,0.570450885668277,,0.14,True,
FC4,sub-023,"{""C"": 0.42813323987193935, ""gamma"": ""scale""}",0.6736001601962404,0.7537688442211056,0.7525440933891638,0.7581806956163819,,0.507201698084601,True,
FC4,sub-024,"{""C"": 11.288378916846883, ""gamma"": ""auto""}",0.6714565501287546,0.795,0.7948717948717949,0.7957393483709273,,0.5900000000000001,True,
FC4,sub-025,"{""C"": 0.42813323987193935, ""gamma"": ""scale""}",0.68316534339396,0.825,0.8246449059345173,0.827653997378768,,0.65,True,
FC4,sub-026,"{""C"": 1.2742749857031335, ""gamma"": ""scale""}",0.6844506954211595,0.914572864321608,0.9142610943558811,0.9198914823914823,,0.8290464399413816,True,
FC4,sub-027,"{""C"": 100.0, ""gamma"": ""auto""}",0.6764818021013682,0.67,0.66996699669967,0.6700680272108843,,0.33999999999999997,True,
FC4,sub-028,"{""C"": 0.8858667904100825, ""gamma"": ""scale""}",0.6576041904441534,0.75,0.7497747973175859,0.750903251706142,,0.5,True,
FC4,sub-029,"{""C"": 69.51927961775604, ""gamma"": ""auto""}",0.6874980468627929,0.495,0.49498737468436715,0.49499949994999504,,-0.010000000000000009,True,
FC4,sub-030,"{""C"": 16.23776739188721, ""gamma"": ""auto""}",0.670486078036797,0.82,0.816905706438816,0.8432003432003432,,0.64,True,
FC4,sub-031,"{""C"": 16.23776739188721, ""gamma"": ""auto""}",0.6684992541233218,0.725,0.7213143827113577,0.7375673107380425,,0.44999999999999996,True,
FC4,sub-032,"{""C"": 3.79269019073225, ""gamma"": ""auto""}",0.701,0.48,0.47916666666666663,0.47987117552334946,,-0.040000000000000036,True,
FC4,sub-033,"{""C"": 11.288378916846883, ""gamma"": ""auto""}",0.6818597001277564,0.68,0.67996799679968,0.6800720288115246,,0.36,True,
FC4,sub-034,"{""C"": 23.357214690901213, ""gamma"": ""auto""}",0.6839544894464803,0.68,0.6797117405665098,0.6806503412284224,,0.36,True,
FC4,sub-035,"{""C"": 0.20691380811147894, ""gamma"": ""scale""}",0.6731331737041895,0.79,0.7899159663865546,0.7904647435897436,,0.5800000000000001,True,
FC4,sub-036,"{""C"": 11.288378916846883, ""gamma"": ""auto""}",0.6749736728675022,0.76,0.7597838054248824,0.7609393817743877,,0.52,True,
FC4,sub-037,"{""C"": 23.357214690901213, ""gamma"": ""auto""}",0.6678086577868853,0.715,0.714935860568628,0.7151936743068762,,0.43000000000000005,True,
FC4,sub-038,"{""C"": 0.8858667904100825, ""gamma"": ""auto""}",0.6772901579251909,0.55,0.5471014492753623,0.5513136288998358,,0.09999999999999998,True,
FC4,sub-039,"{""C"": 7.847599703514611, ""gamma"": ""auto""}",0.6774818583545325,0.42,0.411525974025974,0.4151103565365025,,-0.15999999999999992,True,
FC4,sub-040,"{""C"": 23.357214690901213, ""gamma"": ""auto""}",0.6784015104625791,0.625,0.6180387563341907,0.6348290367813613,,0.25,True,
FC4,sub-041,"{""C"": 48.32930238571752, ""gamma"": ""auto""}",0.6909477701731592,0.695,0.6927803379416282,0.7008032128514057,,0.39,True,
FC4,sub-042,"{""C"": 16.23776739188721, ""gamma"": ""auto""}",0.6779948479175666,0.68,0.6798719487795117,0.6802884615384616,,0.36,True,
FC4,sub-043,"{""C"": 100.0, ""gamma"": ""auto""}",0.6834771312227308,0.765,0.7642869680784372,0.7682457738637514,,0.53,True,
FC4,sub-044,"{""C"": 7.847599703514611, ""gamma"": ""auto""}",0.6734999183749796,0.49,0.4825487012987013,0.48938879456706286,,-0.020000000000000018,True,
FC4,sub-045,"{""C"": 33.59818286283781, ""gamma"": ""auto""}",0.6619661966196619,0.705,0.7023133782386034,0.7126776636580558,,0.41000000000000003,True,
FC4,sub-046,"{""C"": 48.32930238571752, ""gamma"": ""auto""}",0.6669347192049642,0.8,0.7975503593481121,0.8152585119798235,,0.6,True,
FC4,sub-047,"{""C"": 11.288378916846883, ""gamma"": ""auto""}",0.6838327475234399,0.73,0.7293233082706767,0.7323232323232323,,0.45999999999999996,True,
FC4,sub-048,"{""C"": 0.8858667904100825, ""gamma"": ""auto""}",0.6873686166611519,0.615,0.6121981315000882,0.6184224075790341,,0.22999999999999998,True,
FC4,sub-049,"{""C"": 1.8329807108324356, ""gamma"": ""auto""}",0.6838469819392586,0.79,0.7874278773155178,0.8047498949138294,,0.5800000000000001,True,
FC4,sub-050,"{""C"": 0.20691380811147894, ""gamma"": ""scale""}",0.6703618204844579,0.655,0.6495238095238096,0.6653333333333333,,0.31000000000000005,True,
FC4,sub-051,"{""C"": 11.288378916846883, ""gamma"": ""auto""}",0.6609131937776072,0.645,0.6442796663243067,0.6461840911382195,,0.29000000000000004,True,
FC5,sub-001,"{""C"": 16.23776739188721, ""gamma"": ""auto""}",0.7048698476027928,0.76,0.7584541062801933,0.7668308702791462,,0.52,True,
FC5,sub-002,"{""C"": 0.8858667904100825, ""gamma"": ""scale""}",0.6989924748118703,0.615,0.614990374759369,0.6150115011501149,,0.22999999999999998,True,
FC5,sub-003,"{""C"": 0.29763514416313175, ""gamma"": ""scale""}",0.6974363860001564,0.875,0.8742928975487115,0.8836317135549872,,0.75,True,
FC5,sub-004,"{""C"": 0.29763514416313175, ""gamma"": ""scale""}",0.717998871995488,0.525,0.5247029393370857,0.525062656641604,,0.050000000000000044,True,
FC5,sub-005,"{""C"": 0.42813323987193935, ""gamma"": ""scale""}",0.7224966005833572,0.715,0.7129258895520133,0.7213984141694985,,0.43000000000000005,True,
FC5,sub-006,"{""C"": 69.51927961775604, ""gamma"": ""auto""}",0.7143142328298977,0.725,0.7163120567375887,0.7564102564102564,,0.44999999999999996,True,
FC5,sub-007,"{""C"": 0.8858667904100825, ""gamma"": ""auto""}",0.7073770251948381,0.595,0.5895720909021813,0.6003061978671735,,0.18999999999999995,True,
FC5,sub-008,"{""C"": 1.2742749857031335, ""gamma"": ""scale""}",0.7100702516304793,0.815,0.8149583656322672,0.8152837553798418,,0.63,True,
FC5,sub-009,"{""C"": 0.29763514416313175, ""gamma"": ""scale""}",0.6909888755995216,0.655,0.6475905922010265,0.6692324489573098,,0.31000000000000005,True,
FC5,sub-010,"{""C"": 1.2742749857031335, ""gamma"": ""scale""}",0.7004184389199959,0.735,0.7320458050001264,0.7458416152317189,,0.47,True,
FC5,sub-011,"{""C"": 0.20691380811147894, ""gamma"": ""scale""}",0.716,0.78,0.7749360613810742,0.8076923076923077,,0.56,True,
FC5,sub-012,"{""C"": 11.288378916846883, ""gamma"": ""auto""}",0.7049670968186287,0.555,0.554899852466805,0.5550495445901311,,0.10999999999999999,True,
FC5,sub-013,"{""C"": 0.29763514416313175, ""gamma"": ""scale""}",0.716999716999717,0.67,0.6683750376846548,0.6733986128110976,,0.33999999999999997,True,
FC5,sub-014,"{""C"": 1.2742749857031335, ""gamma"": ""scale""}",0.7238132977893056,0.52,0.5151515151515151,0.5208333333333334,,0.040000000000000036,True,
FC5,sub-015,"{""C"": 0.20691380811147894, ""gamma"": ""scale""}",0.694940208280823,0.765,0.7648530331457161,0.7656641604010025,,0.53,True,
FC5,sub-016,"{""C"": 1.2742749857031335, ""gamma"": ""scale""}",0.6989229242686128,0.635,0.6282243894986123,0.6456153597238701,,0.27,True,
FC5,sub-017,"{""C"": 1.2742749857031335, ""gamma"": ""scale""}",0.7134621053634342,0.605,0.6049901247531189,0.605010501050105,,0.20999999999999996,True,
FC5,sub-018,"{""C"": 48.32930238571752, ""gamma"": ""auto""}",0.732,0.57,0.5696126513862476,0.5702529104777199,,0.14,True,
FC5,sub-019,"{""C"": 1.8329807108324356, ""gamma"": ""scale""}",0.7179929498237456,0.56,0.5435211121485631,0.5701262272089762,,0.12,True,
FC5,sub-020,"{""C"": 48.32930238571752, ""gamma"": ""auto""}",0.7037677539190725,0.835,0.8342999171499585,0.8407588241277592,,0.6699999999999999,True,
FC5,sub-021,"{""C"": 33.59818286283781, ""gamma"": ""auto""}",0.6899972099748898,0.79,0.78997899789979,0.7901160464185675,,0.5800000000000001,True,
FC5,sub-022,"{""C"": 69.51927961775604, ""gamma"": ""auto""}",0.72997299729973,0.65,0.64996499649965,0.6500600240096038,,0.30000000000000004,True,
FC5,sub-023,"{""C"": 1.2742749857031335, ""gamma"": ""scale""}",0.7024457707417177,0.7788944723618091,0.7782168186423506,0.7817671092951992,,0.5575543203638201,True,
FC5,sub-024,"{""C"": 0.8858667904100825, ""gamma"": ""auto""}",0.707294447525775,0.86,0.8582852515436785,0.8783102143757882,,0.72,True,
FC5,sub-025,"{""C"": 48.32930238571752, ""gamma"": ""auto""}",0.701437227177014,0.79,0.7878787878787878,0.8020833333333334,,0.5800000000000001,True,
FC5,sub-026,"{""C"": 1.8329807108324356, ""gamma"": ""scale""}",0.7003051234064951,0.8592964824120602,0.8580020387359837,0.8716781753504916,,0.7183297947629158,True,
FC5,sub-027,"{""C"": 0.6158482110660264, ""gamma"": ""auto""}",0.7289121675422837,0.58,0.5779318661441061,0.5815993472052223,,0.16000000000000003,True,
FC5,sub-028,"{""C"": 2.636650898730358, ""gamma"": ""auto""}",0.7129954079265268,0.785,0.782118517392516,0.8009185936015204,,0.5700000000000001,True,
FC5,sub-029,"{""C"": 11.288378916846883, ""gamma"": ""auto""}",0.7174485049900344,0.53,0.5261619114830124,0.5310045473336089,,0.06000000000000005,True,
FC5,sub-030,"{""C"": 69.51927961775604, ""gamma"": ""auto""}",0.7052074921340701,0.83,0.8298468621759583,0.8311922922521076,,0.6599999999999999,True,
FC5,sub-031,"{""C"": 48.32930238571752, ""gamma"": ""auto""}",0.703949967544515,0.76,0.7597838054248824,0.7609393817743877,,0.52,True,
FC5,sub-032,"{""C"": 7.847599703514611, ""gamma"": ""auto""}",0.7137756000704552,0.505,0.5028997514498756,0.5050859525989218,,0.010000000000000009,True,
FC5,sub-033,"{""C"": 100.0, ""gamma"": ""auto""}",0.7111562036714199,0.775,0.7745434504872366,0.7772456900897269,,0.55,True,
FC5,sub-034,"{""C"": 3.79269019073225, ""gamma"": ""auto""}",0.70746131175848,0.57,0.569827931172469,0.5701121794871795,,0.14,True,
FC5,sub-035,"{""C"": 11.288378916846883, ""gamma"": ""auto""}",0.6979755360184174,0.885,0.8849280800500312,0.8859649122807018,,0.77,True,
FC5,sub-036,"{""C"": 0.20691380811147894, ""gamma"": ""scale""}",0.7049973449761049,0.83,0.8297275641025641,0.8321256038647343,,0.6599999999999999,True,
FC5,sub-037,"{""C"": 11.288378916846883, ""gamma"": ""auto""}",0.6944828146583245,0.785,0.7849516141131755,0.7852567310579521,,0.5700000000000001,True,
FC5,sub-038,"{""C"": 33.59818286283781, ""gamma"": ""auto""}",0.7124913028619115,0.495,0.42677147478645816,0.49045619393013934,,-0.010000000000000009,True,
FC5,sub-039,"{""C"": 0.8858667904100825, ""gamma"": ""scale""}",0.7228777891049953,0.535,0.5235533697072159,0.538721097466534,,0.06999999999999995,True,
FC5,sub-040,"{""C"": 1.2742749857031335, ""gamma"": ""scale""}",0.7104008847027896,0.685,0.6836634781953754,0.6881802461601059,,0.37,True,
FC5,sub-041,"{""C"": 2.636650898730358, ""gamma"": ""auto""}",0.7098038273873137,0.8,0.797077922077922,0.8183361629881154,,0.6,True,
FC5,sub-042,"{""C"": 1.2742749857031335, ""gamma"": ""auto""}",0.6989491224016859,0.685,0.6846136517233611,0.6859109637222389,,0.37,True,
FC5,sub-043,"{""C"": 0.6158482110660264, ""gamma"": ""scale""}",0.7039854952892692,0.78,0.7799119647859143,0.780448717948718,,0.56,True,
FC5,sub-044,"{""C"": 0.6158482110660264, ""gamma"": ""scale""}",0.6939972459752137,0.585,0.5847404627892432,0.5852130325814536,,0.17000000000000004,True,
FC5,sub-045,"{""C"": 0.8858667904100825, ""gamma"": ""scale""}",0.7179365357205372,0.67,0.6691729323308271,0.6717171717171717,,0.33999999999999997,True,
FC5,sub-046,"{""C"": 33.59818286283781, ""gamma"": ""auto""}",0.6943587173170798,0.77,0.7660461804495982,0.7895752895752897,,0.54,True,
FC5,sub-047,"{""C"": 0.20691380811147894, ""gamma"": ""scale""}",0.7074788653480214,0.81,0.8096955128205128,0.8119967793880838,,0.62,True,
FC5,sub-048,"{""C"": 48.32930238571752, ""gamma"": ""auto""}",0.7198764655212949,0.62,0.6134676024819449,0.6287001287001287,,0.24,True,
FC5,sub-049,"{""C"": 1.8329807108324356, ""gamma"": ""auto""}",0.7018556981579084,0.815,0.8144386769979186,0.8188581840267233,,0.63,True,
FC5,sub-050,"{""C"": 69.51927961775604, ""gamma"": ""auto""}",0.6906832596578897,0.615,0.6147592245153221,0.6152882205513786,,0.22999999999999998,True,
FC5,sub-051,"{""C"": 2.636650898730358, ""gamma"": ""auto""}",0.6886609517764846,0.665,0.6639835502394744,0.6670209535378075,,0.32999999999999996,True,
FC6,sub-001,"{""C"": 100.0, ""gamma"": ""auto""}",0.7192388219140855,0.775,0.7745434504872366,0.7772456900897269,,0.55,True,
FC6,sub-002,"{""C"": 5.455594781168517, ""gamma"": ""auto""}",0.7039893436163702,0.67,0.6698679471788715,0.6702724358974359,,0.33999999999999997,True,
FC6,sub-003,"{""C"": 16.23776739188721, ""gamma"": ""auto""}",0.7118605405016027,0.81,0.8098288459613652,0.8111200321156162,,0.62,True,
FC6,sub-004,"{""C"": 69.51927961775604, ""gamma"": ""auto""}",0.7219822068612392,0.475,0.4743560862056019,0.474876896794292,,-0.050000000000000044,True,
FC6,sub-005,"{""C"": 1.8329807108324356, ""gamma"": ""scale""}",0.7134993553735496,0.73,0.72997299729973,0.7300920368147259,,0.45999999999999996,True,
FC6,sub-006,"{""C"": 1.2742749857031335, ""gamma"": ""scale""}",0.7079926998174955,0.735,0.7314484051582174,0.7481258578819554,,0.47,True,
FC6,sub-007,"{""C"": 11.288378916846883, ""gamma"": ""auto""}",0.7114739605249374,0.57,0.5696126513862476,0.5702529104777199,,0.14,True,
FC6,sub-008,"{""C"": 0.6158482110660264, ""gamma"": ""scale""}",0.6984908793491003,0.79,0.7894736842105263,0.7929292929292929,,0.5800000000000001,True,
FC6,sub-009,"{""C"": 1.8329807108324356, ""gamma"": ""scale""}",0.708483602202624,0.7,0.6998799519807923,0.7003205128205128,,0.4,True,
FC6,sub-010,"{""C"": 16.23776739188721, ""gamma"": ""auto""}",0.695998783995136,0.665,0.6639835502394744,0.6670209535378075,,0.32999999999999996,True,
FC6,sub-011,"{""C"": 16.23776739188721, ""gamma"": ""auto""}",0.7094836584557882,0.77,0.7691690084303493,0.7739448051948052,,0.54,True,
FC6,sub-012,"{""C"": 1.2742749857031335, ""gamma"": ""auto""}",0.7297727388733926,0.51,0.5050505050505051,0.5104166666666666,,0.020000000000000018,True,
FC6,sub-013,"{""C"": 0.42813323987193935, ""gamma"": ""auto""}",0.7098952721932618,0.685,0.683218101822753,0.6892583120204603,,0.37,True,
FC6,sub-014,"{""C"": 7.847599703514611, ""gamma"": ""auto""}",0.699812382739212,0.515,0.5144051463042227,0.5150738619234247,,0.030000000000000027,True,
FC6,sub-015,"{""C"": 16.23776739188721, ""gamma"": ""auto""}",0.688496184078255,0.765,0.7649471131004475,0.765238714843359,,0.53,True,
FC6,sub-016,"{""C"": 0.8858667904100825, ""gamma"": ""scale""}",0.7073998576012641,0.575,0.5741376286981137,0.5756124609335619,,0.15000000000000002,True,
FC6,sub-017,"{""C"": 0.8858667904100825, ""gamma"": ""scale""}",0.7179086023871735,0.58,0.5784825371336813,0.5811688311688312,,0.16000000000000003,True,
FC6,sub-018,"{""C"": 1.8329807108324356, ""gamma"": ""auto""}",0.6954444947591698,0.59,0.5829518868884143,0.5965250965250966,,0.18000000000000005,True,
FC6,sub-019,"{""C"": 0.8858667904100825, ""gamma"": ""auto""}",0.7189772371562096,0.685,0.6848030018761726,0.6854636591478698,,0.37,True,
FC6,sub-020,"{""C"": 1.2742749857031335, ""gamma"": ""auto""}",0.7119858873084781,0.845,0.8449030644152595,0.8458646616541354,,0.69,True,
FC6,sub-021,"{""C"": 69.51927961775604, ""gamma"": ""auto""}",0.6999807987711213,0.805,0.804995124878122,0.8050305030503051,,0.61,True,
FC6,sub-022,"{""C"": 33.59818286283781, ""gamma"": ""auto""}",0.7139439330108701,0.615,0.6114937309215671,0.61930698205208,,0.22999999999999998,True,
FC6,sub-023,"{""C"": 0.8858667904100825, ""gamma"": ""scale""}",0.712,0.7537688442211056,0.752870213143422,0.7569103194103194,,0.5072515033604528,True,
FC6,sub-024,"{""C"": 0.6158482110660264, ""gamma"": ""scale""}",0.6899103841010052,0.865,0.8645903859174001,0.8694705941896953,,0.73,True,
FC6,sub-025,"{""C"": 1.8329807108324356, ""gamma"": ""auto""}",0.7089764270905944,0.86,0.8599439775910365,0.8605769230769231,,0.72,True,
FC6,sub-026,"{""C"": 11.288378916846883, ""gamma"": ""auto""}",0.702,0.9246231155778895,0.9242481918538257,0.9322391438567607,,0.8491433769646738,True,
FC6,sub-027,"{""C"": 2.636650898730358, ""gamma"": ""auto""}",0.7179184784402692,0.64,0.6398559423769508,0.640224358974359,,0.28,True,
FC6,sub-028,"{""C"": 0.8858667904100825, ""gamma"": ""scale""}",0.7154879793671283,0.76,0.76,0.76,,0.52,True,
FC6,sub-029,"{""C"": 0.6158482110660264, ""gamma"": ""scale""}",0.710366116737462,0.42,0.418546365914787,0.41919191919191917,,-0.15999999999999992,True,
FC6,sub-030,"{""C"": 5.455594781168517, ""gamma"": ""auto""}",0.700998803995216,0.83,0.8275162337662337,0.8501697792869269,,0.6599999999999999,True,
FC6,sub-031,"{""C"": 0.6158482110660264, ""gamma"": ""scale""}",0.709365654273688,0.78,0.7796474358974359,0.7818035426731079,,0.56,True,
FC6,sub-032,"{""C"": 11.288378916846883, ""gamma"": ""auto""}",0.7184486872732556,0.5,0.4981934965877158,0.5,,0.0,True,
FC6,sub-033,"{""C"": 16.23776739188721, ""gamma"": ""auto""}",0.711976670110279,0.675,0.6736210489317367,0.6780083409622623,,0.35,True,
FC6,sub-034,"{""C"": 0.42813323987193935, ""gamma"": ""scale""}",0.7145201083020558,0.675,0.6747967479674797,0.6754385964912281,,0.35,True,
FC6,sub-035,"{""C"": 0.8858667904100825, ""gamma"": ""scale""}",0.7194410124728724,0.76,0.7588182092252035,0.7651978784169726,,0.52,True,
FC6,sub-036,"{""C"": 1.8329807108324356, ""gamma"": ""auto""}",0.7159954559272949,0.785,0.7849946248656217,0.785028502850285,,0.5700000000000001,True,
FC6,sub-037,"{""C"": 0.6158482110660264, ""gamma"": ""auto""}",0.6974908490981853,0.795,0.7949948748718718,0.7950295029502951,,0.5900000000000001,True,
FC6,sub-038,"{""C"": 3.79269019073225, ""gamma"": ""auto""}",0.7064875991010621,0.625,0.6245400615754299,0.6256155160285398,,0.25,True,
FC6,sub-039,"{""C"": 1.8329807108324356, ""gamma"": ""scale""}",0.7099765080971558,0.455,0.4526876051316814,0.454226426609704,,-0.09000000000000008,True,
FC6,sub-040,"{""C"": 11.288378916846883, ""gamma"": ""auto""}",0.6979951679226868,0.625,0.6145048957878235,0.6402760632925597,,0.25,True,
FC6,sub-041,"{""C"": 0.14384498882876628, ""gamma"": ""auto""}",0.6904516330676669,0.79,0.7896634615384616,0.7918679549114331,,0.5800000000000001,True,
FC6,sub-042,"{""C"": 0.20691380811147894, ""gamma"": ""scale""}",0.7048698476027928,0.7,0.7,0.7,,0.4,True,
FC6,sub-043,"{""C"": 11.288378916846883, ""gamma"": ""auto""}",0.7063378250638915,0.775,0.7733625443831684,0.7831840181237772,,0.55,True,
FC6,sub-044,"{""C"": 1.2742749857031335, ""gamma"": ""scale""}",0.7234634280383581,0.51,0.51,0.51,,0.020000000000000018,True,
FC6,sub-045,"{""C"": 0.42813323987193935, ""gamma"": ""scale""}",0.7023213183713524,0.65,0.6471418489767113,0.6550227366680447,,0.30000000000000004,True,
FC6,sub-046,"{""C"": 11.288378916846883, ""gamma"": ""auto""}",0.7223466659462688,0.86,0.859873886497848,0.8613006824568447,,0.72,True,
FC6,sub-047,"{""C"": 0.14384498882876628, ""gamma"": ""scale""}",0.7125496171717742,0.715,0.7133878064110623,0.7199488491048593,,0.43000000000000005,True,
FC6,sub-048,"{""C"": 5.455594781168517, ""gamma"": ""auto""}",0.7034459530249388,0.685,0.6836634781953754,0.6881802461601059,,0.37,True,
FC6,sub-049,"{""C"": 1.2742749857031335, ""gamma"": ""auto""}",0.7123129314836972,0.85,0.8492613807657522,0.8569971440228478,,0.7,True,
FC6,sub-050,"{""C"": 1.2742749857031335, ""gamma"": ""scale""}",0.7154993598735597,0.685,0.6846136517233611,0.6859109637222389,,0.37,True,
FC6,sub-051,"{""C"": 5.455594781168517, ""gamma"": ""auto""}",0.706998827995312,0.75,0.749599358974359,0.751610305958132,,0.5,True,
FT7,sub-001,"{""C"": 1.8329807108324356, ""gamma"": ""auto""}",0.7094627967111189,0.785,0.7834353201883608,0.7934816187828236,,0.5700000000000001,True,
FT7,sub-002,"{""C"": 5.455594781168517, ""gamma"": ""auto""}",0.7219930498262457,0.635,0.6334513318771811,0.6373207201708879,,0.27,True,
FT7,sub-003,"{""C"": 7.847599703514611, ""gamma"": ""auto""}",0.7212406841464272,0.88,0.8798076923076923,0.8824476650563606,,0.76,True,
FT7,sub-004,"{""C"": 0.6158482110660264, ""gamma"": ""scale""}",0.7351694915254237,0.555,0.551761476668933,0.5566368036247555,,0.10999999999999999,True,
FT7,sub-005,"{""C"": 0.29763514416313175, ""gamma"": ""scale""}",0.7288687724858831,0.76,0.75997599759976,0.7601040416166467,,0.52,True,
FT7,sub-006,"{""C"": 0.42813323987193935, ""gamma"": ""scale""}",0.7236991083289702,0.745,0.7338135128787285,0.7945065512681813,,0.49,True,
FT7,sub-007,"{""C"": 0.6158482110660264, ""gamma"": ""auto""}",0.7269833843089586,0.58,0.5727799816905706,0.5858000858000858,,0.16000000000000003,True,
FT7,sub-008,"{""C"": 3.79269019073225, ""gamma"": ""auto""}",0.7187795231461466,0.825,0.8242574878863197,0.8305869189299155,,0.65,True,
FT7,sub-009,"{""C"": 16.23776739188721, ""gamma"": ""auto""}",0.7199701134471703,0.72,0.7151866544603804,0.7359502359502359,,0.43999999999999995,True,
FT7,sub-010,"{""C"": 1.8329807108324356, ""gamma"": ""scale""}",0.7225504984432976,0.71,0.7081320450885669,0.7155172413793103,,0.42000000000000004,True,
FT7,sub-011,"{""C"": 0.42813323987193935, ""gamma"": ""scale""}",0.7241904727580528,0.84,0.8376623376623377,0.8607809847198642,,0.6799999999999999,True,
FT7,sub-012,"{""C"": 1.2742749857031335, ""gamma"": ""scale""}",0.7331247066186826,0.575,0.5737104741844078,0.575918615244458,,0.15000000000000002,True,
FT7,sub-013,"{""C"": 0.29763514416313175, ""gamma"": ""auto""}",0.7180143502146572,0.675,0.6726347863312432,0.6802080115333127,,0.35,True,
FT7,sub-014,"{""C"": 16.23776739188721, ""gamma"": ""auto""}",0.7306886761095828,0.58,0.5738636363636364,0.5848896434634975,,0.16000000000000003,True,
FT7,sub-015,"{""C"": 0.8858667904100825, ""gamma"": ""scale""}",0.7226202671457225,0.765,0.7647117719206027,0.7663048939805044,,0.53,True,
FT7,sub-016,"{""C"": 3.79269019073225, ""gamma"": ""scale""}",0.7174485049900344,0.64,0.6355906468266019,0.6471206389239177,,0.28,True,
FT7,sub-017,"{""C"": 1.2742749857031335, ""gamma"": ""scale""}",0.7214046507417163,0.665,0.6647904940587868,0.6654135338345865,,0.32999999999999996,True,
FT7,sub-018,"{""C"": 0.42813323987193935, ""gamma"": ""scale""}",0.7242434774949397,0.59,0.5602745602745602,0.6233552631578947,,0.18000000000000005,True,
FT7,sub-019,"{""C"": 1.2742749857031335, ""gamma"": ""auto""}",0.7285436819293232,0.575,0.5523370638578011,0.5940438871473355,,0.15000000000000002,True,
FT7,sub-020,"{""C"": 48.32930238571752, ""gamma"": ""auto""}",0.719712986097764,0.825,0.8242574878863197,0.8305869189299155,,0.65,True,
FT7,sub-021,"{""C"": 23.357214690901213, ""gamma"": ""auto""}",0.7284803827076507,0.815,0.8147730970438787,0.8165511003919204,,0.63,True,
FT7,sub-022,"{""C"": 0.8858667904100825, ""gamma"": ""scale""}",0.7297881539126676,0.655,0.6329689619404771,0.7039742071325175,,0.31000000000000005,True,
FT7,sub-023,"{""C"": 0.20691380811147894, ""gamma"": ""scale""}",0.7195728376946278,0.7085427135678392,0.7083586011724277,0.7093211752786222,,0.417247298798344,True,
FT7,sub-024,"{""C"": 3.79269019073225, ""gamma"": ""auto""}",0.716285440864654,0.855,0.8536794571003304,0.868295466334682,,0.71,True,
FT7,sub-025,"{""C"": 1.2742749857031335, ""gamma"": ""auto""}",0.7236418398244124,0.75,0.7450020399836801,0.7712673611111112,,0.5,True,
FT7,sub-026,"{""C"": 11.288378916846883, ""gamma"": ""auto""}",0.7093528598853169,0.8693467336683417,0.8687867721647393,0.8749486863711002,,0.7385284010511421,True,
FT7,sub-027,"{""C"": 0.20691380811147894, ""gamma"": ""scale""}",0.7371687669385343,0.56,0.5598239295718287,0.5600961538461539,,0.12,True,
FT7,sub-028,"{""C"": 0.6158482110660264, ""gamma"": ""scale""}",0.7240247015422311,0.815,0.8133151694038698,0.826797385620915,,0.63,True,
FT7,sub-029,"{""C"": 2.636650898730358, ""gamma"": ""auto""}",0.7310141442981385,0.535,0.5203094777562862,0.5398860398860399,,0.06999999999999995,True,
FT7,sub-030,"{""C"": 11.288378916846883, ""gamma"": ""auto""}",0.7102808999305725,0.83,0.8295739348370927,0.8333333333333334,,0.6599999999999999,True,
FT7,sub-031,"{""C"": 11.288378916846883, ""gamma"": ""auto""}",0.7308449667008197,0.765,0.7649941248531213,0.765026502650265,,0.53,True,
FT7,sub-032,"{""C"": 11.288378916846883, ""gamma"": ""auto""}",0.7166724733792265,0.525,0.5235587652649264,0.525306205081486,,0.050000000000000044,True,
FT7,sub-033,"{""C"": 2.636650898730358, ""gamma"": ""scale""}",0.7227160612467166,0.845,0.8448098921178444,0.84669882423877,,0.69,True,
FT7,sub-034,"{""C"": 48.32930238571752, ""gamma"": ""auto""}",0.7317252866935742,0.625,0.6238621831038893,0.6265310254074299,,0.25,True,
FT7,sub-035,"{""C"": 48.32930238571752, ""gamma"": ""auto""}",0.7224999306249826,0.83,0.8299829982998299,0.8301320528211285,,0.6599999999999999,True,
FT7,sub-036,"{""C"": 0.42813323987193935, ""gamma"": ""scale""}",0.7257149275513839,0.835,0.8347976270931892,0.8366495829564868,,0.6699999999999999,True,
FT7,sub-037,"{""C"": 1.2742749857031335, ""gamma"": ""auto""}",0.7267702137497636,0.805,0.8044083352140223,0.8087357019941289,,0.61,True,
FT7,sub-038,"{""C"": 2.636650898730358, ""gamma"": ""auto""}",0.7243345318027146,0.515,0.4356363636363636,0.5342857142857143,,0.030000000000000027,True,
FT7,sub-039,"{""C"": 0.20691380811147894, ""gamma"": ""scale""}",0.7264162149658333,0.53,0.51426209177346,0.5344669117647058,,0.06000000000000005,True,
FT7,sub-040,"{""C"": 0.8858667904100825, ""gamma"": ""scale""}",0.7100702516304793,0.7,0.6980676328502415,0.7052545155993433,,0.4,True,
FT7,sub-041,"{""C"": 0.8858667904100825, ""gamma"": ""auto""}",0.7193315287501323,0.83,0.8270776116366596,0.853925353925354,,0.6599999999999999,True,
FT7,sub-042,"{""C"": 1.8329807108324356, ""gamma"": ""scale""}",0.7289388356244515,0.715,0.7148217636022514,0.7155388471177946,,0.43000000000000005,True,
FT7,sub-043,"{""C"": 11.288378916846883, ""gamma"": ""auto""}",0.7208648986109276,0.8,0.7998198378540686,0.8010839020473706,,0.6,True,
FT7,sub-044,"{""C"": 3.79269019073225, ""gamma"": ""scale""}",0.7156106710086108,0.58,0.5798319327731092,0.5801282051282051,,0.16000000000000003,True,
FT7,sub-045,"{""C"": 7.847599703514611, ""gamma"": ""auto""}",0.7272784819469614,0.725,0.7229986653572058,0.731696014828545,,0.44999999999999996,True,
FT7,sub-046,"{""C"": 11.288378916846883, ""gamma"": ""auto""}",0.7194690714651291,0.825,0.823726423409131,0.8346720214190093,,0.65,True,
FT7,sub-047,"{""C"": 33.59818286283781, ""gamma"": ""auto""}",0.731266134353421,0.715,0.7144217039504998,0.7167557213428773,,0.43000000000000005,True,
FT7,sub-048,"{""C"": 3.79269019073225, ""gamma"": ""auto""}",0.7119797634477275,0.695,0.6901587301587302,0.708,,0.39,True,
FT7,sub-049,"{""C"": 11.288378916846883, ""gamma"": ""auto""}",0.709112465081605,0.775,0.7745434504872366,0.7772456900897269,,0.55,True,
FT7,sub-050,"{""C"": 5.455594781168517, ""gamma"": ""auto""}",0.7286483282333904,0.685,0.6849921248031201,0.6850185018501851,,0.37,True,
FT7,sub-051,"{""C"": 1.8329807108324356, ""gamma"": ""auto""}",0.7118959944539979,0.735,0.7349403615813558,0.7352116905214694,,0.47,True,
FT8,sub-001,"{""C"": 0.8858667904100825, ""gamma"": ""scale""}",0.7224993756235951,0.82,0.8199279711884754,0.8205128205128205,,0.64,True,
FT8,sub-002,"{""C"": 0.20691380811147894, ""gamma"": ""auto""}",0.7218653828452971,0.615,0.6133664733499034,0.6169769097752009,,0.22999999999999998,True,
FT8,sub-003,"{""C"": 48.32930238571752, ""gamma"": ""auto""}",0.7223716663027484,0.845,0.8449961249031226,0.845034503450345,,0.69,True,
FT8,sub-004,"{""C"": 16.23776739188721, ""gamma"": ""auto""}",0.7224244300510814,0.455,0.45389413562463987,0.45463252343986293,,-0.09000000000000008,True,
FT8,sub-005,"{""C"": 0.6158482110660264, ""gamma"": ""auto""}",0.7124913028619115,0.71,0.7081320450885669,0.7155172413793103,,0.42000000000000004,True,
FT8,sub-006,"{""C"": 1.2742749857031335, ""gamma"": ""auto""}",0.7359976239786158,0.765,0.7623802421699234,0.7772256512187468,,0.53,True,
FT8,sub-007,"{""C"": 3.79269019073225, ""gamma"": ""auto""}",0.7218996057576785,0.595,0.5941782108770259,0.5957757838491784,,0.18999999999999995,True,
FT8,sub-008,"{""C"": 48.32930238571752, ""gamma"": ""auto""}",0.7323393366868463,0.86,0.8599859985998599,0.8601440576230492,,0.72,True,
FT8,sub-009,"{""C"": 100.0, ""gamma"": ""auto""}",0.7194943197599752,0.72,0.7197477729956961,0.720794861501405,,0.43999999999999995,True,
FT8,sub-010,"{""C"": 11.288378916846883, ""gamma"": ""auto""}",0.7279825908858166,0.71,0.7092731829573935,0.7121212121212122,,0.42000000000000004,True,
FT8,sub-011,"{""C"": 0.42813323987193935, ""gamma"": ""scale""}",0.7083651918099141,0.83,0.8293857888398234,0.8348214285714286,,0.6599999999999999,True,
FT8,sub-012,"{""C"": 7.847599703514611, ""gamma"": ""auto""}",0.7294642216433124,0.46,0.4573409707567079,0.45920032639738884,,-0.08000000000000007,True,
FT8,sub-013,"{""C"": 0.6158482110660264, ""gamma"": ""scale""}",0.7384287872373254,0.67,0.6697027324592133,0.6706142111601766,,0.33999999999999997,True,
FT8,sub-014,"{""C"": 11.288378916846883, ""gamma"": ""auto""}",0.7404890356617566,0.535,0.534429676353533,0.5351723444879911,,0.06999999999999995,True,
FT8,sub-015,"{""C"": 0.42813323987193935, ""gamma"": ""scale""}",0.7122979612432832,0.78,0.7794486215538847,0.7828282828282829,,0.56,True,
FT8,sub-016,"{""C"": 0.8858667904100825, ""gamma"": ""scale""}",0.728499932124983,0.6,0.5989974937343359,0.601010101010101,,0.19999999999999996,True,
FT8,sub-017,"{""C"": 100.0, ""gamma"": ""auto""}",0.718,0.59,0.5899589958995899,0.5900360144057624,,0.18000000000000005,True,
FT8,sub-018,"{""C"": 0.8858667904100825, ""gamma"": ""auto""}",0.7144622376309266,0.61,0.6052232007288187,0.6155947877259353,,0.21999999999999997,True,
FT8,sub-019,"{""C"": 2.636650898730358, ""gamma"": ""auto""}",0.7324983281145507,0.705,0.7046381817726715,0.7060094462868054,,0.41000000000000003,True,
FT8,sub-020,"{""C"": 0.6158482110660264, ""gamma"": ""scale""}",0.7114981968637304,0.86,0.8599859985998599,0.8601440576230492,,0.72,True,
FT8,sub-021,"{""C"": 48.32930238571752, ""gamma"": ""auto""}",0.707957945944216,0.79,0.7898108297467721,0.7910477719791249,,0.5800000000000001,True,
FT8,sub-022,"{""C"": 0.20691380811147894, ""gamma"": ""scale""}",0.7071309117315097,0.605,0.5839368005266623,0.6316614420062696,,0.20999999999999996,True,
FT8,sub-023,"{""C"": 1.2742749857031335, ""gamma"": ""auto""}",0.7234053354760667,0.7537688442211056,0.7531454899875952,0.755861365953109,,0.5073012985700571,True,
FT8,sub-024,"{""C"": 0.42813323987193935, ""gamma"": ""scale""}",0.7213940600913498,0.875,0.8749218261413383,0.8759398496240601,,0.75,True,
FT8,sub-025,"{""C"": 5.455594781168517, ""gamma"": ""auto""}",0.7279956479303669,0.87,0.8699869986998701,0.8701480592236894,,0.74,True,
FT8,sub-026,"{""C"": 33.59818286283781, ""gamma"": ""auto""}",0.7321029095376621,0.9396984924623115,0.9395136778115502,0.9443820224719102,,0.87933299646286,True,
FT8,sub-027,"{""C"": 1.2742749857031335, ""gamma"": ""auto""}",0.7309827828981055,0.645,0.6449201070240804,0.6451306175558003,,0.29000000000000004,True,
FT8,sub-028,"{""C"": 11.288378916846883, ""gamma"": ""auto""}",0.7319313744318545,0.805,0.8048780487804879,0.8057644110275689,,0.61,True,
FT8,sub-029,"{""C"": 0.20691380811147894, ""gamma"": ""scale""}",0.7127381096513228,0.475,0.4637248142189535,0.47270444371656295,,-0.050000000000000044,True,
FT8,sub-030,"{""C"": 1.2742749857031335, ""gamma"": ""auto""}",0.715462369898419,0.81,0.8067338012409724,0.8324753324753325,,0.62,True,
FT8,sub-031,"{""C"": 1.2742749857031335, ""gamma"": ""scale""}",0.7239293259074323,0.76,0.7597838054248824,0.7609393817743877,,0.52,True,
FT8,sub-032,"{""C"": 0.6158482110660264, ""gamma"": ""auto""}",0.718440802178658,0.51,0.51,0.51,,0.020000000000000018,True,
FT8,sub-033,"{""C"": 3.79269019073225, ""gamma"": ""auto""}",0.7324758559459992,0.765,0.7649471131004475,0.765238714843359,,0.53,True,
FT8,sub-034,"{""C"": 1.8329807108324356, ""gamma"": ""auto""}",0.7234695125137547,0.705,0.7041049173750595,0.707510881668185,,0.41000000000000003,True,
FT8,sub-035,"{""C"": 0.8858667904100825, ""gamma"": ""scale""}",0.7274426948265873,0.785,0.7830419536315245,0.7956738250855898,,0.5700000000000001,True,
FT8,sub-036,"{""C"": 7.847599703514611, ""gamma"": ""auto""}",0.7148619932047111,0.82,0.81998199819982,0.8201280512204883,,0.64,True,
FT8,sub-037,"{""C"": 0.6158482110660264, ""gamma"": ""scale""}",0.7358943577430972,0.835,0.8337991992143234,0.8449696220780558,,0.6699999999999999,True,
FT8,sub-038,"{""C"": 0.14384498882876628, ""gamma"": ""scale""}",0.720574994566736,0.6,0.5796553173602353,0.6240079365079365,,0.19999999999999996,True,
FT8,sub-039,"{""C"": 100.0, ""gamma"": ""auto""}",0.7169898116332187,0.485,0.48395500889300835,0.48487750781328764,,-0.030000000000000027,True,
FT8,sub-040,"{""C"": 0.6158482110660264, ""gamma"": ""scale""}",0.7172539402414951,0.64,0.6292863762743282,0.6582994120307553,,0.28,True,
FT8,sub-041,"{""C"": 69.51927961775604, ""gamma"": ""auto""}",0.716918189356724,0.8,0.7996794871794872,0.8019323671497585,,0.6,True,
FT8,sub-042,"{""C"": 5.455594781168517, ""gamma"": ""auto""}",0.7344887821510458,0.715,0.7146504467973267,0.7160586875690885,,0.43000000000000005,True,
FT8,sub-043,"{""C"": 48.32930238571752, ""gamma"": ""auto""}",0.7084911818582512,0.79,0.7892412685668406,0.794237012987013,,0.5800000000000001,True,
FT8,sub-044,"{""C"": 0.8858667904100825, ""gamma"": ""scale""}",0.7279825908858166,0.57,0.57,0.57,,0.14,True,
FT8,sub-045,"{""C"": 33.59818286283781, ""gamma"": ""auto""}",0.7083249220344512,0.74,0.7390606182256123,0.7435064935064934,,0.48,True,
FT8,sub-046,"{""C"": 7.847599703514611, ""gamma"": ""auto""}",0.7194325936806318,0.855,0.8549963749093727,0.855035503550355,,0.71,True,
FT8,sub-047,"{""C"": 0.29763514416313175, ""gamma"": ""scale""}",0.7153558989238302,0.745,0.7449426120877197,0.7452206986287659,,0.49,True,
FT8,sub-048,"{""C"": 1.8329807108324356, ""gamma"": ""auto""}",0.7119927998199955,0.76,0.75997599759976,0.7601040416166467,,0.52,True,
FT8,sub-049,"{""C"": 1.8329807108324356, ""gamma"": ""scale""}",0.7259975339778058,0.705,0.7049926248156204,0.705020502050205,,0.41000000000000003,True,
FT8,sub-050,"{""C"": 0.42813323987193935, ""gamma"": ""scale""}",0.7373670420650454,0.73,0.7282608695652174,0.7360426929392447,,0.45999999999999996,True,
FT8,sub-051,"{""C"": 100.0, ""gamma"": ""auto""}",0.7313252942726007,0.69,0.6846709388668497,0.7037752037752039,,0.38,True,
Cz,sub-001,"{""C"": 69.51927961775604, ""gamma"": ""auto""}",0.6513806850394548,0.71,0.7097387648883995,0.7107587314331594,,0.42000000000000004,True,
Cz,sub-002,"{""C"": 69.51927961775604, ""gamma"": ""auto""}",0.6504992136232306,0.625,0.6249906247656192,0.6250125012501251,,0.25,True,
Cz,sub-003,"{""C"": 0.20691380811147894, ""gamma"": ""scale""}",0.6487804878048781,0.685,0.6849921248031201,0.6850185018501851,,0.37,True,
Cz,sub-004,"{""C"": 100.0, ""gamma"": ""auto""}",0.6506856170553498,0.525,0.5206740836045309,0.5259363004461044,,0.050000000000000044,True,
Cz,sub-005,"{""C"": 23.357214690901213, ""gamma"": ""auto""}",0.6528319706738062,0.69,0.69,0.69,,0.38,True,
Cz,sub-006,"{""C"": 0.20691380811147894, ""gamma"": ""scale""}",0.6468317173170932,0.67,0.6694711538461539,0.6710950080515299,,0.33999999999999997,True,
Cz,sub-007,"{""C"": 0.6158482110660264, ""gamma"": ""scale""}",0.6502725897514858,0.615,0.6128221244500314,0.6176470588235294,,0.22999999999999998,True,
Cz,sub-008,"{""C"": 48.32930238571752, ""gamma"": ""auto""}",0.6284791019494846,0.74,0.7387197266606371,0.7447980416156671,,0.48,True,
Cz,sub-009,"{""C"": 7.847599703514611, ""gamma"": ""auto""}",0.658998635994544,0.495,0.4928573221862369,0.49491404740107825,,-0.010000000000000009,True,
Cz,sub-010,"{""C"": 33.59818286283781, ""gamma"": ""auto""}",0.6674480387560556,0.595,0.5932816148226256,0.5966330993795138,,0.18999999999999995,True,
Cz,sub-011,"{""C"": 11.288378916846883, ""gamma"": ""auto""}",0.6584281845257965,0.695,0.6937059074590144,0.6983521513579494,,0.39,True,
Cz,sub-012,"{""C"": 100.0, ""gamma"": ""auto""}",0.6559418541733553,0.555,0.5536497906166152,0.5556736511792693,,0.10999999999999999,True,
Cz,sub-013,"{""C"": 23.357214690901213, ""gamma"": ""auto""}",0.6639835351932245,0.545,0.54242614707731,0.5460358056265985,,0.08999999999999997,True,
Cz,sub-014,"{""C"": 7.847599703514611, ""gamma"": ""auto""}",0.6575805361567921,0.48,0.47743945332127424,0.4796001631986944,,-0.040000000000000036,True,
Cz,sub-015,"{""C"": 100.0, ""gamma"": ""auto""}",0.6308213175176786,0.615,0.6142187930559382,0.6159391067647948,,0.22999999999999998,True,
Cz,sub-016,"{""C"": 100.0, ""gamma"": ""auto""}",0.6584753248422198,0.43,0.42719324690985827,0.42860057119543044,,-0.1399999999999999,True,
Cz,sub-017,"{""C"": 69.51927961775604, ""gamma"": ""auto""}",0.6390190831735579,0.65,0.6496847162446202,0.6505419510236852,,0.30000000000000004,True,
Cz,sub-018,"{""C"": 0.14384498882876628, ""gamma"": ""scale""}",0.6439910997774945,0.45,0.41333333333333333,0.43333333333333335,,-0.10000000000000009,True,
Cz,sub-019,"{""C"": 100.0, ""gamma"": ""auto""}",0.6534853597564496,0.595,0.5822050290135397,0.6082621082621082,,0.18999999999999995,True,
Cz,sub-020,"{""C"": 100.0, ""gamma"": ""auto""}",0.6549968949720547,0.835,0.8348968105065666,0.8358395989974937,,0.6699999999999999,True,
Cz,sub-021,"{""C"": 100.0, ""gamma"": ""auto""}",0.6373294221014656,0.71,0.7097387648883995,0.7107587314331594,,0.42000000000000004,True,
Cz,sub-022,"{""C"": 23.357214690901213, ""gamma"": ""auto""}",0.6464801145064409,0.525,0.5249881247031176,0.525002500250025,,0.050000000000000044,True,
Cz,sub-023,"{""C"": 1.2742749857031335, ""gamma"": ""scale""}",0.6695717650074496,0.7035175879396985,0.7034876379523701,0.703709318779058,,0.4071100338332576,True,
Cz,sub-024,"{""C"": 48.32930238571752, ""gamma"": ""auto""}",0.6553255085386978,0.76,0.7597838054248824,0.7609393817743877,,0.52,True,
Cz,sub-025,"{""C"": 100.0, ""gamma"": ""auto""}",0.6574855287635902,0.845,0.8448098921178444,0.84669882423877,,0.69,True,
Cz,sub-026,"{""C"": 0.42813323987193935, ""gamma"": ""scale""}",0.6457020354117813,0.7336683417085427,0.7274747422547221,0.7587513935340022,,0.46815591750289953,True,
Cz,sub-027,"{""C"": 100.0, ""gamma"": ""auto""}",0.660047097745972,0.51,0.5095586027424682,0.5100361300682457,,0.020000000000000018,True,
Cz,sub-028,"{""C"": 1.8329807108324356, ""gamma"": ""scale""}",0.6319544645050126,0.655,0.6524892347208582,0.6596128102152199,,0.31000000000000005,True,
Cz,sub-029,"{""C"": 69.51927961775604, ""gamma"": ""auto""}",0.6513674324661953,0.52,0.52,0.52,,0.040000000000000036,True,
Cz,sub-030,"{""C"": 5.455594781168517, ""gamma"": ""auto""}",0.6352036942006144,0.595,0.5941782108770259,0.5957757838491784,,0.18999999999999995,True,
Cz,sub-031,"{""C"": 0.29763514416313175, ""gamma"": ""scale""}",0.6721537123586789,0.675,0.6726347863312432,0.6802080115333127,,0.35,True,
Cz,sub-032,"{""C"": 1.2742749857031335, ""gamma"": ""scale""}",0.6571428571428571,0.565,0.5644664714274987,0.5653200683348407,,0.13,True,
Cz,sub-033,"{""C"": 16.23776739188721, ""gamma"": ""auto""}",0.6355787290107364,0.725,0.724938111074992,0.7252026824141727,,0.44999999999999996,True,
Cz,sub-034,"{""C"": 69.51927961775604, ""gamma"": ""auto""}",0.6539114013187376,0.575,0.550157444894287,0.5962649210627646,,0.15000000000000002,True,
Cz,sub-035,"{""C"": 48.32930238571752, ""gamma"": ""auto""}",0.6494361097309984,0.655,0.6196146531051021,0.7468545946806817,,0.31000000000000005,True,
Cz,sub-036,"{""C"": 23.357214690901213, ""gamma"": ""auto""}",0.6642896368716203,0.8,0.8,0.8,,0.6,True,
Cz,sub-037,"{""C"": 3.79269019073225, ""gamma"": ""auto""}",0.6485188222676844,0.655,0.6535361904044588,0.6576645305665751,,0.31000000000000005,True,
Cz,sub-038,"{""C"": 69.51927961775604, ""gamma"": ""auto""}",0.6559721337428331,0.545,0.5408562274527612,0.5466853408029879,,0.08999999999999997,True,
Cz,sub-039,"{""C"": 2.636650898730358, ""gamma"": ""scale""}",0.6305474205902231,0.49,0.4891826923076923,0.48993558776167473,,-0.020000000000000018,True,
Cz,sub-040,"{""C"": 3.79269019073225, ""gamma"": ""auto""}",0.6543402187661247,0.57,0.569827931172469,0.5701121794871795,,0.14,True,
Cz,sub-041,"{""C"": 16.23776739188721, ""gamma"": ""auto""}",0.6474893365524308,0.745,0.7449426120877197,0.7452206986287659,,0.49,True,
Cz,sub-042,"{""C"": 0.20691380811147894, ""gamma"": ""scale""}",0.6618508762364202,0.62,0.6196576919227305,0.6204335608189482,,0.24,True,
Cz,sub-043,"{""C"": 1.2742749857031335, ""gamma"": ""scale""}",0.6517070856590392,0.84,0.8397435897435898,0.8421900161030595,,0.6799999999999999,True,
Cz,sub-044,"{""C"": 11.288378916846883, ""gamma"": ""auto""}",0.6519498807828328,0.495,0.49214330609679446,0.4948849104859335,,-0.010000000000000009,True,
Cz,sub-045,"{""C"": 7.847599703514611, ""gamma"": ""auto""}",0.6634756861183221,0.68,0.6791979949874687,0.6818181818181819,,0.36,True,
Cz,sub-046,"{""C"": 1.8329807108324356, ""gamma"": ""scale""}",0.6606946251626464,0.85,0.84998499849985,0.8501400560224089,,0.7,True,
Cz,sub-047,"{""C"": 69.51927961775604, ""gamma"": ""auto""}",0.6429485845961819,0.75,0.7497747973175859,0.750903251706142,,0.5,True,
Cz,sub-048,"{""C"": 0.6158482110660264, ""gamma"": ""scale""}",0.6517645928647766,0.665,0.6649916247906198,0.665016501650165,,0.32999999999999996,True,
Cz,sub-049,"{""C"": 0.6158482110660264, ""gamma"": ""scale""}",0.6385036256181099,0.715,0.7146504467973267,0.7160586875690885,,0.43000000000000005,True,
Cz,sub-050,"{""C"": 0.20691380811147894, ""gamma"": ""scale""}",0.6529913247831196,0.645,0.6449201070240804,0.6451306175558003,,0.29000000000000004,True,
Cz,sub-051,"{""C"": 69.51927961775604, ""gamma"": ""auto""}",0.668853964598388,0.62,0.6193910256410255,0.6207729468599035,,0.24,True,
C1,sub-001,"{""C"": 3.79269019073225, ""gamma"": ""auto""}",0.6554461634630411,0.675,0.674601386698706,0.6758617224399558,,0.35,True,
C1,sub-002,"{""C"": 5.455594781168517, ""gamma"": ""auto""}",0.6594692671013559,0.65,0.6496847162446202,0.6505419510236852,,0.30000000000000004,True,
C1,sub-003,"{""C"": 1.2742749857031335, ""gamma"": ""scale""}",0.6647371539286802,0.725,0.7241656009428521,0.7277558457333738,,0.44999999999999996,True,
C1,sub-004,"{""C"": 2.636650898730358, ""gamma"": ""auto""}",0.6609589760361003,0.525,0.5247029393370857,0.525062656641604,,0.050000000000000044,True,
C1,sub-005,"{""C"": 0.8858667904100825, ""gamma"": ""scale""}",0.6530870869051888,0.74,0.74,0.74,,0.48,True,
C1,sub-006,"{""C"": 0.14384498882876628, ""gamma"": ""scale""}",0.653,0.72,0.72,0.72,,0.43999999999999995,True,
C1,sub-007,"{""C"": 0.29763514416313175, ""gamma"": ""scale""}",0.6511315076549605,0.605,0.6049111049986247,0.6050945851266138,,0.20999999999999996,True,
C1,sub-008,"{""C"": 0.42813323987193935, ""gamma"": ""scale""}",0.6572215782269148,0.785,0.7849516141131755,0.7852567310579521,,0.5700000000000001,True,
C1,sub-009,"{""C"": 0.42813323987193935, ""gamma"": ""scale""}",0.65999863999456,0.52,0.5182657567242072,0.5202922077922079,,0.040000000000000036,True,
C1,sub-010,"{""C"": 11.288378916846883, ""gamma"": ""auto""}",0.6586928235411871,0.595,0.5937711577522005,0.5961635793096467,,0.18999999999999995,True,
C1,sub-011,"{""C"": 1.2742749857031335, ""gamma"": ""scale""}",0.6497811131957474,0.725,0.7173035902444038,0.7524969139266076,,0.44999999999999996,True,
C1,sub-012,"{""C"": 0.29763514416313175, ""gamma"": ""scale""}",0.6584896693124966,0.52,0.51995199519952,0.5200080032012806,,0.040000000000000036,True,
C1,sub-013,"{""C"": 0.29763514416313175, ""gamma"": ""scale""}",0.6654932262378314,0.595,0.5949898747468687,0.595009500950095,,0.18999999999999995,True,
C1,sub-014,"{""C"": 0.14384498882876628, ""gamma"": ""scale""}",0.6604286051142252,0.51,0.5087719298245614,0.51010101010101,,0.020000000000000018,True,
C1,sub-015,"{""C"": 1.2742749857031335, ""gamma"": ""auto""}",0.6674979218620116,0.68,0.6798719487795117,0.6802884615384616,,0.36,True,
C1,sub-016,"{""C"": 0.6158482110660264, ""gamma"": ""scale""}",0.661585442166654,0.51,0.5082296266559615,0.5101461038961039,,0.020000000000000018,True,
C1,sub-017,"{""C"": 5.455594781168517, ""gamma"": ""auto""}",0.6359705136116025,0.625,0.6247654784240151,0.62531328320802,,0.25,True,
C1,sub-018,"{""C"": 16.23776739188721, ""gamma"": ""auto""}",0.6689837802052301,0.515,0.50306104152258,0.5165947560570859,,0.030000000000000027,True,
C1,sub-019,"{""C"": 3.79269019073225, ""gamma"": ""auto""}",0.6624992406232915,0.55,0.5410036719706243,0.5542534722222222,,0.09999999999999998,True,
C1,sub-020,"{""C"": 3.79269019073225, ""gamma"": ""auto""}",0.6384435067979372,0.83,0.8293857888398234,0.8348214285714286,,0.6599999999999999,True,
C1,sub-021,"{""C"": 0.8858667904100825, ""gamma"": ""scale""}",0.6764979781123632,0.72,0.72,0.72,,0.43999999999999995,True,
C1,sub-022,"{""C"": 0.29763514416313175, ""gamma"": ""scale""}",0.6519874715489757,0.56,0.5564068958564372,0.5620090946672178,,0.12,True,
C1,sub-023,"{""C"": 0.6158482110660264, ""gamma"": ""scale""}",0.6549223575304444,0.8291457286432161,0.8287955465587045,0.8313492063492063,,0.6581447049312854,True,
C1,sub-024,"{""C"": 0.42813323987193935, ""gamma"": ""scale""}",0.6664932464882414,0.845,0.8429226520736743,0.8642698764649984,,0.69,True,
C1,sub-025,"{""C"": 2.636650898730358, ""gamma"": ""scale""}",0.6514978218613867,0.725,0.7248280175109443,0.7255639097744361,,0.44999999999999996,True,
C1,sub-026,"{""C"": 2.636650898730358, ""gamma"": ""auto""}",0.6578491114581531,0.7939698492462312,0.7939698492462312,0.793989898989899,,0.5879501035301248,True,
C1,sub-027,"{""C"": 0.29763514416313175, ""gamma"": ""scale""}",0.6653222776121646,0.52,0.5195676108497648,0.5200722601364913,,0.040000000000000036,True,
C1,sub-028,"{""C"": 1.2742749857031335, ""gamma"": ""scale""}",0.6483662912822601,0.63,0.62996299629963,0.6300520208083233,,0.26,True,
C1,sub-029,"{""C"": 0.6158482110660264, ""gamma"": ""scale""}",0.6649517530524396,0.455,0.45498637465936653,0.454995499549955,,-0.09000000000000008,True,
C1,sub-030,"{""C"": 0.20691380811147894, ""gamma"": ""scale""}",0.6459968139713257,0.765,0.7606376206360927,0.7858375579764858,,0.53,True,
C1,sub-031,"{""C"": 1.2742749857031335, ""gamma"": ""scale""}",0.6624627865222141,0.695,0.6946259167480163,0.6959602050045222,,0.39,True,
C1,sub-032,"{""C"": 0.29763514416313175, ""gamma"": ""scale""}",0.6654811833165615,0.515,0.5146966854283928,0.5150375939849624,,0.030000000000000027,True,
C1,sub-033,"{""C"": 0.6158482110660264, ""gamma"": ""scale""}",0.6433907884289564,0.695,0.6932746700188561,0.6994884910485933,,0.39,True,
C1,sub-034,"{""C"": 0.20691380811147894, ""gamma"": ""scale""}",0.6619337390128466,0.515,0.5140158821613768,0.5151224921867124,,0.030000000000000027,True,
C1,sub-035,"{""C"": 0.20691380811147894, ""gamma"": ""scale""}",0.6482888854034634,0.825,0.8249606161386311,0.8252927634871384,,0.65,True,
C1,sub-036,"{""C"": 48.32930238571752, ""gamma"": ""auto""}",0.6444743132691337,0.735,0.7349403615813558,0.7352116905214694,,0.47,True,
C1,sub-037,"{""C"": 3.79269019073225, ""gamma"": ""scale""}",0.6667570659010418,0.625,0.6249906247656192,0.6250125012501251,,0.25,True,
C1,sub-038,"{""C"": 11.288378916846883, ""gamma"": ""auto""}",0.6664759028839834,0.51,0.49712643678160917,0.5111408199643493,,0.020000000000000018,True,
C1,sub-039,"{""C"": 2.636650898730358, ""gamma"": ""auto""}",0.6474956818221023,0.495,0.49040086783218545,0.4948127399107791,,-0.010000000000000009,True,
C1,sub-040,"{""C"": 0.29763514416313175, ""gamma"": ""scale""}",0.6488595438175271,0.555,0.552482715273413,0.5562659846547314,,0.10999999999999999,True,
C1,sub-041,"{""C"": 3.79269019073225, ""gamma"": ""auto""}",0.6424741687586928,0.72,0.7159090909090908,0.733446519524618,,0.43999999999999995,True,
C1,sub-042,"{""C"": 0.20691380811147894, ""gamma"": ""scale""}",0.6678392341893477,0.58,0.5798319327731092,0.5801282051282051,,0.16000000000000003,True,
C1,sub-043,"{""C"": 2.636650898730358, ""gamma"": ""auto""}",0.652998611994448,0.78,0.7798018216394755,0.7810116419108792,,0.56,True,
C1,sub-044,"{""C"": 2.636650898730358, ""gamma"": ""auto""}",0.6534957553230027,0.585,0.5849066039858968,0.5850765689120208,,0.17000000000000004,True,
C1,sub-045,"{""C"": 3.79269019073225, ""gamma"": ""auto""}",0.6469774065540195,0.665,0.656753502907349,0.6825423166279456,,0.32999999999999996,True,
C1,sub-046,"{""C"": 100.0, ""gamma"": ""auto""}",0.6651885416408614,0.695,0.6940745755911633,0.6973883996355906,,0.39,True,
C1,sub-047,"{""C"": 0.8858667904100825, ""gamma"": ""scale""}",0.6534617941628065,0.715,0.7144217039504998,0.7167557213428773,,0.43000000000000005,True,
C1,sub-048,"{""C"": 0.29763514416313175, ""gamma"": ""scale""}",0.658383081609681,0.61,0.6032956972841013,0.6179751179751181,,0.21999999999999997,True,
C1,sub-049,"{""C"": 0.29763514416313175, ""gamma"": ""scale""}",0.6694483513048914,0.7,0.6992481203007519,0.702020202020202,,0.4,True,
C1,sub-050,"{""C"": 0.8858667904100825, ""gamma"": ""scale""}",0.6604625659979013,0.575,0.5737104741844078,0.575918615244458,,0.15000000000000002,True,
C1,sub-051,"{""C"": 0.09999999999999999, ""gamma"": ""scale""}",0.64999964999965,0.63,0.6296667000300271,0.6304696908871938,,0.26,True,
C2,sub-001,"{""C"": 11.288378916846883, ""gamma"": ""auto""}",0.6432101974829055,0.665,0.6649916247906198,0.665016501650165,,0.32999999999999996,True,
C2,sub-002,"{""C"": 1.2742749857031335, ""gamma"": ""auto""}",0.6467612105783509,0.605,0.6047529706066291,0.6052631578947368,,0.20999999999999996,True,
C2,sub-003,"{""C"": 3.79269019073225, ""gamma"": ""auto""}",0.6502158878549102,0.65,0.6494391025641025,0.6509661835748792,,0.30000000000000004,True,
C2,sub-004,"{""C"": 2.636650898730358, ""gamma"": ""auto""}",0.6553551630072538,0.52,0.5198079231692677,0.5200320512820513,,0.040000000000000036,True,
C2,sub-005,"{""C"": 0.6158482110660264, ""gamma"": ""scale""}",0.6433194304616712,0.62,0.6198479391756703,0.6201923076923077,,0.24,True,
C2,sub-006,"{""C"": 0.8858667904100825, ""gamma"": ""scale""}",0.648921007226626,0.755,0.746317724107582,0.7954466458116094,,0.51,True,
C2,sub-007,"{""C"": 0.42813323987193935, ""gamma"": ""scale""}",0.6558334233769144,0.6,0.5996396757081373,0.6003613006824569,,0.19999999999999996,True,
C2,sub-008,"{""C"": 0.6158482110660264, ""gamma"": ""scale""}",0.6407231536389559,0.73,0.7293233082706767,0.7323232323232323,,0.45999999999999996,True,
C2,sub-009,"{""C"": 1.8329807108324356, ""gamma"": ""scale""}",0.6449488726376598,0.56,0.5584102769971899,0.5608766233766234,,0.12,True,
C2,sub-010,"{""C"": 3.79269019073225, ""gamma"": ""auto""}",0.6473659108876151,0.61,0.6060606060606061,0.6145833333333333,,0.21999999999999997,True,
C2,sub-011,"{""C"": 0.8858667904100825, ""gamma"": ""auto""}",0.6429710806575333,0.725,0.7246627118219819,0.7261079288513717,,0.44999999999999996,True,
C2,sub-012,"{""C"": 16.23776739188721, ""gamma"": ""auto""}",0.6463365190559336,0.535,0.528767956221023,0.5369549150036954,,0.06999999999999995,True,
C2,sub-013,"{""C"": 1.8329807108324356, ""gamma"": ""scale""}",0.6339908497712443,0.61,0.6090225563909775,0.6111111111111112,,0.21999999999999997,True,
C2,sub-014,"{""C"": 69.51927961775604, ""gamma"": ""auto""}",0.6609131937776072,0.495,0.4913248218377779,0.49485119967047675,,-0.010000000000000009,True,
C2,sub-015,"{""C"": 1.8329807108324356, ""gamma"": ""auto""}",0.6593118549719083,0.66,0.6550324675324675,0.669779286926995,,0.31999999999999995,True,
C2,sub-016,"{""C"": 1.8329807108324356, ""gamma"": ""auto""}",0.6454609120655552,0.46,0.4573409707567079,0.45920032639738884,,-0.08000000000000007,True,
C2,sub-017,"{""C"": 11.288378916846883, ""gamma"": ""auto""}",0.6473517995937792,0.61,0.6090225563909775,0.6111111111111112,,0.21999999999999997,True,
C2,sub-018,"{""C"": 0.8858667904100825, ""gamma"": ""scale""}",0.6419083285321042,0.56,0.5512035903712771,0.5651041666666667,,0.12,True,
C2,sub-019,"{""C"": 33.59818286283781, ""gamma"": ""auto""}",0.6409080724665515,0.575,0.5725958516656191,0.5767263427109974,,0.15000000000000002,True,
C2,sub-020,"{""C"": 5.455594781168517, ""gamma"": ""auto""}",0.6359705136116025,0.75,0.749599358974359,0.751610305958132,,0.5,True,
C2,sub-021,"{""C"": 33.59818286283781, ""gamma"": ""auto""}",0.6394977468609179,0.745,0.7444825772188681,0.7470007057163021,,0.49,True,
C2,sub-022,"{""C"": 1.8329807108324356, ""gamma"": ""auto""}",0.6578491114581531,0.545,0.5440767554297452,0.5453674765601371,,0.08999999999999997,True,
C2,sub-023,"{""C"": 11.288378916846883, ""gamma"": ""scale""}",0.635,0.6633165829145728,0.6631804976632563,0.6634304207119741,,0.3265141183007527,True,
C2,sub-024,"{""C"": 1.2742749857031335, ""gamma"": ""scale""}",0.650965096509651,0.68,0.67996799679968,0.6800720288115246,,0.36,True,
C2,sub-025,"{""C"": 0.14384498882876628, ""gamma"": ""scale""}",0.6328894907093959,0.805,0.8035808717987459,0.8140768201009165,,0.61,True,
C2,sub-026,"{""C"": 0.20691380811147894, ""gamma"": ""scale""}",0.65541721398566,0.7688442211055276,0.766717635066259,0.7779870265745972,,0.5372560913962188,True,
C2,sub-027,"{""C"": 0.14384498882876628, ""gamma"": ""scale""}",0.648977534562212,0.605,0.6049901247531189,0.605010501050105,,0.20999999999999996,True,
C2,sub-028,"{""C"": 23.357214690901213, ""gamma"": ""auto""}",0.6507817385866166,0.725,0.724938111074992,0.7252026824141727,,0.44999999999999996,True,
C2,sub-029,"{""C"": 2.636650898730358, ""gamma"": ""scale""}",0.6504048227129836,0.46,0.4591346153846154,0.45974235104669886,,-0.08000000000000007,True,
C2,sub-030,"{""C"": 23.357214690901213, ""gamma"": ""auto""}",0.648404278064703,0.79,0.7869318181818181,0.8077249575551783,,0.5800000000000001,True,
C2,sub-031,"{""C"": 33.59818286283781, ""gamma"": ""auto""}",0.6319819671163887,0.67,0.6643271284711627,0.6823251823251824,,0.33999999999999997,True,
C2,sub-032,"{""C"": 0.42813323987193935, ""gamma"": ""scale""}",0.637,0.5,0.4967793880837359,0.5,,0.0,True,
C2,sub-033,"{""C"": 0.29763514416313175, ""gamma"": ""scale""}",0.6384955715707518,0.63,0.6296667000300271,0.6304696908871938,,0.26,True,
C2,sub-034,"{""C"": 1.8329807108324356, ""gamma"": ""scale""}",0.641999641999642,0.585,0.5826524198617222,0.5869565217391304,,0.17000000000000004,True,
C2,sub-035,"{""C"": 1.8329807108324356, ""gamma"": ""auto""}",0.6361263393407572,0.77,0.7699079631852741,0.7704326923076923,,0.54,True,
C2,sub-036,"{""C"": 1.2742749857031335, ""gamma"": ""auto""}",0.6323676003008267,0.68,0.6794871794871795,0.681159420289855,,0.36,True,
C2,sub-037,"{""C"": 1.8329807108324356, ""gamma"": ""scale""}",0.618953893421104,0.685,0.6846136517233611,0.6859109637222389,,0.37,True,
C2,sub-038,"{""C"": 2.636650898730358, ""gamma"": ""auto""}",0.6601838860600073,0.525,0.5197047448115473,0.5261533633225233,,0.050000000000000044,True,
C2,sub-039,"{""C"": 33.59818286283781, ""gamma"": ""auto""}",0.6494746745452359,0.425,0.4185899542455573,0.4215399100324302,,-0.1499999999999999,True,
C2,sub-040,"{""C"": 100.0, ""gamma"": ""auto""}",0.65598761555416,0.55,0.54995499549955,0.5500200080032013,,0.09999999999999998,True,
C2,sub-041,"{""C"": 0.29763514416313175, ""gamma"": ""scale""}",0.6454928212296298,0.65,0.6464646464646464,0.65625,,0.30000000000000004,True,
C2,sub-042,"{""C"": 7.847599703514611, ""gamma"": ""auto""}",0.6464447569932802,0.65,0.6494391025641025,0.6509661835748792,,0.30000000000000004,True,
C2,sub-043,"{""C"": 100.0, ""gamma"": ""auto""}",0.6569008443440154,0.75,0.7497747973175859,0.750903251706142,,0.5,True,
C2,sub-044,"{""C"": 3.79269019073225, ""gamma"": ""auto""}",0.6387366390098381,0.51,0.5050505050505051,0.5104166666666666,,0.020000000000000018,True,
C2,sub-045,"{""C"": 1.8329807108324356, ""gamma"": ""scale""}",0.6458721598497057,0.71,0.7076318177235609,0.7170318313352625,,0.42000000000000004,True,
C2,sub-046,"{""C"": 1.8329807108324356, ""gamma"": ""auto""}",0.6289782506649977,0.77,0.77,0.77,,0.54,True,
C2,sub-047,"{""C"": 0.8858667904100825, ""gamma"": ""auto""}",0.6338385227885497,0.68,0.6760805749569794,0.6891551071878941,,0.36,True,
C2,sub-048,"{""C"": 3.79269019073225, ""gamma"": ""auto""}",0.6369869315295351,0.67,0.6683750376846548,0.6733986128110976,,0.33999999999999997,True,
C2,sub-049,"{""C"": 100.0, ""gamma"": ""auto""}",0.6374128884464492,0.78,0.7777777777777778,0.7916666666666666,,0.56,True,
C2,sub-050,"{""C"": 5.455594781168517, ""gamma"": ""auto""}",0.6529913247831196,0.595,0.5949898747468687,0.595009500950095,,0.18999999999999995,True,
C2,sub-051,"{""C"": 100.0, ""gamma"": ""auto""}",0.6642460861026152,0.615,0.6145277965507747,0.6155662747462567,,0.22999999999999998,True,
C3,sub-001,"{""C"": 69.51927961775604, ""gamma"": ""auto""}",0.654766622236632,0.675,0.6743405395926751,0.6764290755116443,,0.35,True,
C3,sub-002,"{""C"": 69.51927961775604, ""gamma"": ""auto""}",0.6573827392425058,0.615,0.6147592245153221,0.6152882205513786,,0.22999999999999998,True,
C3,sub-003,"{""C"": 1.8329807108324356, ""gamma"": ""auto""}",0.6529968769718928,0.845,0.8441231929604023,0.8529411764705883,,0.69,True,
C3,sub-004,"{""C"": 100.0, ""gamma"": ""auto""}",0.663676793398456,0.55,0.5492788461538461,0.5503220611916264,,0.09999999999999998,True,
C3,sub-005,"{""C"": 0.29763514416313175, ""gamma"": ""scale""}",0.6569914247856197,0.695,0.6943811217715875,0.6965923984272608,,0.39,True,
C3,sub-006,"{""C"": 1.8329807108324356, ""gamma"": ""auto""}",0.6538449881788815,0.72,0.7126436781609196,0.7450980392156863,,0.43999999999999995,True,
C3,sub-007,"{""C"": 0.09999999999999999, ""gamma"": ""scale""}",0.6792015772672528,0.595,0.5904850982077403,0.5993827806255885,,0.18999999999999995,True,
C3,sub-008,"{""C"": 0.42813323987193935, ""gamma"": ""auto""}",0.6629915747893698,0.795,0.7949538646195394,0.7952657391652487,,0.5900000000000001,True,
C3,sub-009,"{""C"": 100.0, ""gamma"": ""auto""}",0.6668667466986795,0.615,0.6128221244500314,0.6176470588235294,,0.22999999999999998,True,
C3,sub-010,"{""C"": 0.8858667904100825, ""gamma"": ""scale""}",0.6630510998277455,0.7,0.6975501562657526,0.7066969822240595,,0.4,True,
C3,sub-011,"{""C"": 0.8858667904100825, ""gamma"": ""auto""}",0.6687018316484836,0.71,0.69662098545873,0.7549781447304517,,0.42000000000000004,True,
C3,sub-012,"{""C"": 0.6158482110660264, ""gamma"": ""scale""}",0.6799074932655538,0.6,0.5999599959995999,0.6000400160064026,,0.19999999999999996,True,
C3,sub-013,"{""C"": 7.847599703514611, ""gamma"": ""auto""}",0.659495828823903,0.565,0.5636801324005115,0.5657961332118635,,0.13,True,
C3,sub-014,"{""C"": 0.14384498882876628, ""gamma"": ""scale""}",0.6749947999167987,0.545,0.5399277029247453,0.5470760539805419,,0.08999999999999997,True,
C3,sub-015,"{""C"": 0.8858667904100825, ""gamma"": ""auto""}",0.6542572021201889,0.68,0.6798719487795117,0.6802884615384616,,0.36,True,
C3,sub-016,"{""C"": 100.0, ""gamma"": ""auto""}",0.6587512296464122,0.555,0.5500391819813444,0.5575373993095512,,0.10999999999999999,True,
C3,sub-017,"{""C"": 0.29763514416313175, ""gamma"": ""auto""}",0.656446319737459,0.675,0.6740138920233707,0.6771434355704019,,0.35,True,
C3,sub-018,"{""C"": 0.8858667904100825, ""gamma"": ""scale""}",0.6642984951717268,0.62,0.6072757337742869,0.6378676470588236,,0.24,True,
C3,sub-019,"{""C"": 23.357214690901213, ""gamma"": ""auto""}",0.6658382657206088,0.405,0.3670044416074896,0.3749835504671667,,-0.18999999999999995,True,
C3,sub-020,"{""C"": 3.79269019073225, ""gamma"": ""scale""}",0.6457020354117813,0.73,0.7282608695652174,0.7360426929392447,,0.45999999999999996,True,
C3,sub-021,"{""C"": 5.455594781168517, ""gamma"": ""auto""}",0.6633969153053123,0.755,0.7549938748468712,0.755025502550255,,0.51,True,
C3,sub-022,"{""C"": 0.42813323987193935, ""gamma"": ""auto""}",0.6688927212416823,0.525,0.5081670161269447,0.5289653574325107,,0.050000000000000044,True,
C3,sub-023,"{""C"": 0.42813323987193935, ""gamma"": ""scale""}",0.6662095188337651,0.7085427135678392,0.7064000814000815,0.7140112172829247,,0.4165992721391023,True,
C3,sub-024,"{""C"": 11.288378916846883, ""gamma"": ""auto""}",0.6524053673612641,0.825,0.8222222222222222,0.8466666666666667,,0.65,True,
C3,sub-025,"{""C"": 48.32930238571752, ""gamma"": ""auto""}",0.6638786601963309,0.715,0.7133878064110623,0.7199488491048593,,0.43000000000000005,True,
C3,sub-026,"{""C"": 2.636650898730358, ""gamma"": ""scale""}",0.652846905485319,0.8542713567839196,0.853739513901209,0.8587735462735462,,0.7083733387235334,True,
C3,sub-027,"{""C"": 0.6158482110660264, ""gamma"": ""auto""}",0.658998635994544,0.57,0.57,0.57,,0.14,True,
C3,sub-028,"{""C"": 100.0, ""gamma"": ""auto""}",0.6577277482319484,0.705,0.7044014128610436,0.706674059885069,,0.41000000000000003,True,
C3,sub-029,"{""C"": 33.59818286283781, ""gamma"": ""auto""}",0.6667387231589567,0.535,0.5323695788812068,0.5358056265984654,,0.06999999999999995,True,
C3,sub-030,"{""C"": 2.636650898730358, ""gamma"": ""auto""}",0.6599333469359994,0.73,0.7297567811029927,0.7308309915696507,,0.45999999999999996,True,
C3,sub-031,"{""C"": 100.0, ""gamma"": ""auto""}",0.6522738910976863,0.645,0.6439228666716819,0.6467759894726186,,0.29000000000000004,True,
C3,sub-032,"{""C"": 100.0, ""gamma"": ""auto""}",0.6659034460959217,0.515,0.5146966854283928,0.5150375939849624,,0.030000000000000027,True,
C3,sub-033,"{""C"": 7.847599703514611, ""gamma"": ""auto""}",0.6613443626861604,0.685,0.6848030018761726,0.6854636591478698,,0.37,True,
C3,sub-034,"{""C"": 16.23776739188721, ""gamma"": ""auto""}",0.6729970569735128,0.61,0.6085909273384182,0.6116071428571428,,0.21999999999999997,True,
C3,sub-035,"{""C"": 48.32930238571752, ""gamma"": ""auto""}",0.6719839272124335,0.615,0.5809637832984136,0.6703451340542141,,0.22999999999999998,True,
C3,sub-036,"{""C"": 2.636650898730358, ""gamma"": ""auto""}",0.6693742795698063,0.705,0.7046381817726715,0.7060094462868054,,0.41000000000000003,True,
C3,sub-037,"{""C"": 1.2742749857031335, ""gamma"": ""auto""}",0.6679946879150066,0.665,0.6649916247906198,0.665016501650165,,0.32999999999999996,True,
C3,sub-038,"{""C"": 0.6158482110660264, ""gamma"": ""auto""}",0.6644193767552654,0.53,0.53,0.53,,0.06000000000000005,True,
C3,sub-039,"{""C"": 0.42813323987193935, ""gamma"": ""scale""}",0.6634958778245033,0.51,0.5039983804028747,0.510508617065994,,0.020000000000000018,True,
C3,sub-040,"{""C"": 0.42813323987193935, ""gamma"": ""auto""}",0.6574855287635902,0.635,0.6338925248877856,0.6366535074400244,,0.27,True,
C3,sub-041,"{""C"": 5.455594781168517, ""gamma"": ""auto""}",0.6613841087112065,0.725,0.7224955220868337,0.7334267040149394,,0.44999999999999996,True,
C3,sub-042,"{""C"": 0.6158482110660264, ""gamma"": ""scale""}",0.6689043133465571,0.67,0.66996699669967,0.6700680272108843,,0.33999999999999997,True,
C3,sub-043,"{""C"": 33.59818286283781, ""gamma"": ""auto""}",0.6741121119412381,0.735,0.7349933748343709,0.735023502350235,,0.47,True,
C3,sub-044,"{""C"": 5.455594781168517, ""gamma"": ""auto""}",0.6634474136583841,0.6,0.5989974937343359,0.601010101010101,,0.19999999999999996,True,
C3,sub-045,"{""C"": 1.2742749857031335, ""gamma"": ""scale""}",0.6605352727884474,0.69,0.6874684948079444,0.6963621331128566,,0.38,True,
C3,sub-046,"{""C"": 0.6158482110660264, ""gamma"": ""scale""}",0.6716637837145236,0.61,0.6052232007288187,0.6155947877259353,,0.21999999999999997,True,
C3,sub-047,"{""C"": 1.2742749857031335, ""gamma"": ""auto""}",0.6449712426706563,0.755,0.7549448625940837,0.7552297067360625,,0.51,True,
C3,sub-048,"{""C"": 69.51927961775604, ""gamma"": ""auto""}",0.655784865540963,0.62,0.6153456827614131,0.6261034047919294,,0.24,True,
C3,sub-049,"{""C"": 100.0, ""gamma"": ""auto""}",0.6564373857135464,0.73,0.7260551948051948,0.7440577249575552,,0.45999999999999996,True,
C3,sub-050,"{""C"": 33.59818286283781, ""gamma"": ""auto""}",0.660916012602705,0.585,0.5837408159683042,0.5860410972770523,,0.17000000000000004,True,
C3,sub-051,"{""C"": 7.847599703514611, ""gamma"": ""auto""}",0.6513674324661953,0.63,0.6298519407763106,0.6302083333333333,,0.26,True,
C4,sub-001,"{""C"": 33.59818286283781, ""gamma"": ""auto""}",0.6809948959183347,0.715,0.7149928748218706,0.715021502150215,,0.43000000000000005,True,
C4,sub-002,"{""C"": 1.8329807108324356, ""gamma"": ""auto""}",0.6593425310849941,0.61,0.6096486838154338,0.6103974307507025,,0.21999999999999997,True,
C4,sub-003,"{""C"": 3.79269019073225, ""gamma"": ""scale""}",0.6584070013061056,0.725,0.724938111074992,0.7252026824141727,,0.44999999999999996,True,
C4,sub-004,"{""C"": 11.288378916846883, ""gamma"": ""auto""}",0.6644630070465269,0.44,0.4385964912280702,0.4393939393939394,,-0.1200000000000001,True,
C4,sub-005,"{""C"": 5.455594781168517, ""gamma"": ""auto""}",0.673496000326004,0.63,0.6290726817042607,0.6313131313131313,,0.26,True,
C4,sub-006,"{""C"": 100.0, ""gamma"": ""auto""}",0.6559418541733553,0.74,0.7322623828647925,0.771370420624152,,0.48,True,
C4,sub-007,"{""C"": 1.8329807108324356, ""gamma"": ""auto""}",0.675481745848204,0.61,0.6096486838154338,0.6103974307507025,,0.21999999999999997,True,
C4,sub-008,"{""C"": 0.8858667904100825, ""gamma"": ""scale""}",0.6519777265745008,0.735,0.7335009428032684,0.7404092071611253,,0.47,True,
C4,sub-009,"{""C"": 1.2742749857031335, ""gamma"": ""auto""}",0.6719970479734318,0.615,0.6149133555049886,0.6151035932339105,,0.22999999999999998,True,
C4,sub-010,"{""C"": 69.51927961775604, ""gamma"": ""auto""}",0.6569327588207289,0.635,0.6292063492063492,0.644,,0.27,True,
C4,sub-011,"{""C"": 11.288378916846883, ""gamma"": ""auto""}",0.6679731058215715,0.69,0.689875950380152,0.6903044871794872,,0.38,True,
C4,sub-012,"{""C"": 2.636650898730358, ""gamma"": ""scale""}",0.6604809020507403,0.54,0.5398159263705482,0.5400641025641025,,0.07999999999999996,True,
C4,sub-013,"{""C"": 3.79269019073225, ""gamma"": ""auto""}",0.6622445724579213,0.655,0.6545768566493955,0.6557632398753894,,0.31000000000000005,True,
C4,sub-014,"{""C"": 0.8858667904100825, ""gamma"": ""auto""}",0.6594820722318646,0.54,0.53995399539954,0.540016006402561,,0.07999999999999996,True,
C4,sub-015,"{""C"": 33.59818286283781, ""gamma"": ""auto""}",0.6622628240682018,0.71,0.7099709970997099,0.7100840336134454,,0.42000000000000004,True,
C4,sub-016,"{""C"": 16.23776739188721, ""gamma"": ""auto""}",0.6658526410146874,0.52,0.518796992481203,0.5202020202020202,,0.040000000000000036,True,
C4,sub-017,"{""C"": 7.847599703514611, ""gamma"": ""auto""}",0.6649785586277521,0.575,0.5744787364521539,0.575369309617124,,0.15000000000000002,True,
C4,sub-018,"{""C"": 11.288378916846883, ""gamma"": ""auto""}",0.6568486702635863,0.58,0.5789473684210527,0.5808080808080809,,0.16000000000000003,True,
C4,sub-019,"{""C"": 7.847599703514611, ""gamma"": ""auto""}",0.677998711994848,0.55,0.5498199279711885,0.5500801282051282,,0.09999999999999998,True,
C4,sub-020,"{""C"": 3.79269019073225, ""gamma"": ""auto""}",0.6579507449072666,0.785,0.7845637415766928,0.787327351547535,,0.5700000000000001,True,
C4,sub-021,"{""C"": 5.455594781168517, ""gamma"": ""auto""}",0.6649728628018869,0.755,0.7539604830408475,0.7593835825450107,,0.51,True,
C4,sub-022,"{""C"": 16.23776739188721, ""gamma"": ""auto""}",0.6654959023248035,0.615,0.6133664733499034,0.6169769097752009,,0.22999999999999998,True,
C4,sub-023,"{""C"": 0.6158482110660264, ""gamma"": ""auto""}",0.6509828981620099,0.6984924623115578,0.6962759462759462,0.7036767760697964,,0.39648200566114034,True,
C4,sub-024,"{""C"": 69.51927961775604, ""gamma"": ""auto""}",0.67999871999488,0.72,0.72,0.72,,0.43999999999999995,True,
C4,sub-025,"{""C"": 11.288378916846883, ""gamma"": ""auto""}",0.65598761555416,0.745,0.744993624840621,0.7450245024502451,,0.49,True,
C4,sub-026,"{""C"": 33.59818286283781, ""gamma"": ""auto""}",0.6554061843336849,0.7085427135678392,0.6981062983887842,0.7399042950513539,,0.41600890507994337,True,
C4,sub-027,"{""C"": 16.23776739188721, ""gamma"": ""auto""}",0.6599017115946508,0.645,0.6449201070240804,0.6451306175558003,,0.29000000000000004,True,
C4,sub-028,"{""C"": 0.6158482110660264, ""gamma"": ""auto""}",0.6644757583735426,0.76,0.7588182092252035,0.7651978784169726,,0.52,True,
C4,sub-029,"{""C"": 3.79269019073225, ""gamma"": ""auto""}",0.6689255082393539,0.47,0.46952257031328193,0.46989160979526295,,-0.06000000000000005,True,
C4,sub-030,"{""C"": 0.29763514416313175, ""gamma"": ""auto""}",0.6634628967843705,0.63,0.6176105828854899,0.6493566176470589,,0.26,True,
C4,sub-031,"{""C"": 11.288378916846883, ""gamma"": ""auto""}",0.6719445586304085,0.725,0.7213143827113577,0.7375673107380425,,0.44999999999999996,True,
C4,sub-032,"{""C"": 3.79269019073225, ""gamma"": ""auto""}",0.6638786601963309,0.545,0.5416887008637405,0.546339202965709,,0.08999999999999997,True,
C4,sub-033,"{""C"": 16.23776739188721, ""gamma"": ""auto""}",0.648998595994384,0.58,0.58,0.58,,0.16000000000000003,True,
C4,sub-034,"{""C"": 0.29763514416313175, ""gamma"": ""auto""}",0.6606946251626464,0.595,0.5949898747468687,0.595009500950095,,0.18999999999999995,True,
C4,sub-035,"{""C"": 1.8329807108324356, ""gamma"": ""auto""}",0.6684992541233218,0.685,0.6827075621364358,0.6905056121923592,,0.37,True,
C4,sub-036,"{""C"": 23.357214690901213, ""gamma"": ""auto""}",0.6579969219722978,0.665,0.664320248503219,0.6663474140538361,,0.32999999999999996,True,
C4,sub-037,"{""C"": 0.6158482110660264, ""gamma"": ""scale""}",0.6609877955606402,0.715,0.7146504467973267,0.7160586875690885,,0.43000000000000005,True,
C4,sub-038,"{""C"": 0.20691380811147894, ""gamma"": ""scale""}",0.6548173984037555,0.52,0.512987012987013,0.5212224108658743,,0.040000000000000036,True,
C4,sub-039,"{""C"": 3.79269019073225, ""gamma"": ""auto""}",0.6774818583545325,0.44,0.4354269583627382,0.4379909053327822,,-0.1200000000000001,True,
C4,sub-040,"{""C"": 3.79269019073225, ""gamma"": ""auto""}",0.6594467885607126,0.56,0.5452666391070691,0.5689338235294117,,0.12,True,
C4,sub-041,"{""C"": 1.8329807108324356, ""gamma"": ""auto""}",0.654437021147104,0.675,0.6731615336266499,0.6790281329923273,,0.35,True,
C4,sub-042,"{""C"": 0.8858667904100825, ""gamma"": ""scale""}",0.6829543454257414,0.615,0.613831841319993,0.6164085433748355,,0.22999999999999998,True,
C4,sub-043,"{""C"": 1.8329807108324356, ""gamma"": ""auto""}",0.6589945439127025,0.79,0.78997899789979,0.7901160464185675,,0.5800000000000001,True,
C4,sub-044,"{""C"": 23.357214690901213, ""gamma"": ""auto""}",0.6574855287635902,0.56,0.5596036432789511,0.5602167804094741,,0.12,True,
C4,sub-045,"{""C"": 1.2742749857031335, ""gamma"": ""auto""}",0.654394158210952,0.695,0.6949313595559001,0.695175658092283,,0.39,True,
C4,sub-046,"{""C"": 69.51927961775604, ""gamma"": ""auto""}",0.6564373857135464,0.705,0.7046381817726715,0.7060094462868054,,0.41000000000000003,True,
C4,sub-047,"{""C"": 3.79269019073225, ""gamma"": ""auto""}",0.6589877235580481,0.665,0.6605102480301994,0.6742160278745645,,0.32999999999999996,True,
C4,sub-048,"{""C"": 0.8858667904100825, ""gamma"": ""auto""}",0.65846917684321,0.68,0.6794871794871795,0.681159420289855,,0.36,True,
C4,sub-049,"{""C"": 5.455594781168517, ""gamma"": ""auto""}",0.6714637788816217,0.825,0.8230491165095175,0.8399937231928025,,0.65,True,
C4,sub-050,"{""C"": 11.288378916846883, ""gamma"": ""auto""}",0.6493379064472553,0.6,0.5999599959995999,0.6000400160064026,,0.19999999999999996,True,
C4,sub-051,"{""C"": 1.2742749857031335, ""gamma"": ""scale""}",0.6474992068732155,0.685,0.6848030018761726,0.6854636591478698,,0.37,True,
C5,sub-001,"{""C"": 69.51927961775604, ""gamma"": ""auto""}",0.6987963863571774,0.75,0.7487689679429204,0.7549979600163199,,0.5,True,
C5,sub-002,"{""C"": 0.29763514416313175, ""gamma"": ""scale""}",0.6815155852050969,0.58,0.5798319327731092,0.5801282051282051,,0.16000000000000003,True,
C5,sub-003,"{""C"": 100.0, ""gamma"": ""auto""}",0.6799279837963542,0.84,0.8397435897435898,0.8421900161030595,,0.6799999999999999,True,
C5,sub-004,"{""C"": 7.847599703514611, ""gamma"": ""auto""}",0.6777099389450505,0.555,0.552482715273413,0.5562659846547314,,0.10999999999999999,True,
C5,sub-005,"{""C"": 5.455594781168517, ""gamma"": ""auto""}",0.6648658423902629,0.77,0.769792813532179,0.7709755118426336,,0.54,True,
C5,sub-006,"{""C"": 33.59818286283781, ""gamma"": ""auto""}",0.6844241829099441,0.73,0.7229064039408868,0.7562388591800356,,0.45999999999999996,True,
C5,sub-007,"{""C"": 33.59818286283781, ""gamma"": ""auto""}",0.675967596759676,0.61,0.604301948051948,0.616723259762309,,0.21999999999999997,True,
C5,sub-008,"{""C"": 1.8329807108324356, ""gamma"": ""auto""}",0.6798588177386227,0.79,0.7892412685668406,0.794237012987013,,0.5800000000000001,True,
C5,sub-009,"{""C"": 33.59818286283781, ""gamma"": ""auto""}",0.6938775510204082,0.695,0.6937059074590144,0.6983521513579494,,0.39,True,
C5,sub-010,"{""C"": 100.0, ""gamma"": ""auto""}",0.6729358954355054,0.685,0.6807782929239188,0.6953331221623904,,0.37,True,
C5,sub-011,"{""C"": 0.20691380811147894, ""gamma"": ""scale""}",0.699460253618541,0.805,0.8001998001998003,0.8374267064940812,,0.61,True,
C5,sub-012,"{""C"": 23.357214690901213, ""gamma"": ""auto""}",0.7079342852141732,0.535,0.5340564643402891,0.5352858151023289,,0.06999999999999995,True,
C5,sub-013,"{""C"": 0.14384498882876628, ""gamma"": ""auto""}",0.6874430364934009,0.615,0.6145277965507747,0.6155662747462567,,0.22999999999999998,True,
C5,sub-014,"{""C"": 1.2742749857031335, ""gamma"": ""scale""}",0.6616535332180152,0.475,0.47340705634544494,0.47469379491851404,,-0.050000000000000044,True,
C5,sub-015,"{""C"": 0.8858667904100825, ""gamma"": ""scale""}",0.6813788443055472,0.705,0.7033312382149592,0.7097186700767264,,0.41000000000000003,True,
C5,sub-016,"{""C"": 1.2742749857031335, ""gamma"": ""auto""}",0.7007483293449791,0.665,0.6556243735704557,0.6851644035461789,,0.32999999999999996,True,
C5,sub-017,"{""C"": 1.8329807108324356, ""gamma"": ""scale""}",0.6754492889513987,0.575,0.5741376286981137,0.5756124609335619,,0.15000000000000002,True,
C5,sub-018,"{""C"": 0.09999999999999999, ""gamma"": ""scale""}",0.6849291090495362,0.515,0.48402883055400414,0.5197394393999211,,0.030000000000000027,True,
C5,sub-019,"{""C"": 0.42813323987193935, ""gamma"": ""auto""}",0.7004831521773099,0.615,0.6055226824457594,0.6272264631043256,,0.22999999999999998,True,
C5,sub-020,"{""C"": 33.59818286283781, ""gamma"": ""auto""}",0.6762895072520907,0.79,0.7878787878787878,0.8020833333333334,,0.5800000000000001,True,
C5,sub-021,"{""C"": 0.6158482110660264, ""gamma"": ""scale""}",0.6787108397557802,0.79,0.7892412685668406,0.794237012987013,,0.5800000000000001,True,
C5,sub-022,"{""C"": 0.29763514416313175, ""gamma"": ""scale""}",0.6750905328440167,0.475,0.3836400457867395,0.43859002702038813,,-0.050000000000000044,True,
C5,sub-023,"{""C"": 0.09999999999999999, ""gamma"": ""scale""}",0.6789537693427854,0.7487437185929648,0.7476668695475757,0.7524117405582923,,0.49717000202142714,True,
C5,sub-024,"{""C"": 0.6158482110660264, ""gamma"": ""auto""}",0.6738943417667325,0.83,0.8255336617405583,0.8676470588235294,,0.6599999999999999,True,
C5,sub-025,"{""C"": 23.357214690901213, ""gamma"": ""auto""}",0.6864146263820325,0.72,0.716570503087357,0.7311895754518705,,0.43999999999999995,True,
C5,sub-026,"{""C"": 11.288378916846883, ""gamma"": ""auto""}",0.694999694999695,0.5879396984924623,0.5789989680082559,0.5972314507198229,,0.1771053958648512,True,
C5,sub-027,"{""C"": 0.29763514416313175, ""gamma"": ""auto""}",0.6894048802445749,0.49,0.48994899489948995,0.4899959983993597,,-0.020000000000000018,True,
C5,sub-028,"{""C"": 69.51927961775604, ""gamma"": ""auto""}",0.7014187112441361,0.745,0.7442262845106447,0.7480008097985626,,0.49,True,
C5,sub-029,"{""C"": 1.2742749857031335, ""gamma"": ""scale""}",0.6759533372805684,0.47,0.4560755336617406,0.46657754010695185,,-0.06000000000000005,True,
C5,sub-030,"{""C"": 48.32930238571752, ""gamma"": ""auto""}",0.6853923255234105,0.83,0.8298468621759583,0.8311922922521076,,0.6599999999999999,True,
C5,sub-031,"{""C"": 0.42813323987193935, ""gamma"": ""auto""}",0.6874992968734179,0.72,0.7189883580891208,0.7232142857142857,,0.43999999999999995,True,
C5,sub-032,"{""C"": 0.6158482110660264, ""gamma"": ""scale""}",0.700374082208048,0.47,0.46994699469946993,0.4699879951980792,,-0.06000000000000005,True,
C5,sub-033,"{""C"": 0.8858667904100825, ""gamma"": ""scale""}",0.6833916407890601,0.75,0.7487689679429204,0.7549979600163199,,0.5,True,
C5,sub-034,"{""C"": 0.6158482110660264, ""gamma"": ""auto""}",0.6973328520675544,0.54,0.5377349010149733,0.5407996736026112,,0.07999999999999996,True,
C5,sub-035,"{""C"": 23.357214690901213, ""gamma"": ""auto""}",0.6734568146637392,0.835,0.8346651970239736,0.8377356588365763,,0.6699999999999999,True,
C5,sub-036,"{""C"": 1.2742749857031335, ""gamma"": ""scale""}",0.679401816806397,0.76,0.7593984962406015,0.7626262626262625,,0.52,True,
C5,sub-037,"{""C"": 0.6158482110660264, ""gamma"": ""scale""}",0.667983731202829,0.785,0.7849516141131755,0.7852567310579521,,0.5700000000000001,True,
C5,sub-038,"{""C"": 0.14384498882876628, ""gamma"": ""scale""}",0.6944064119636639,0.545,0.5306254029658285,0.5512820512820513,,0.08999999999999997,True,
C5,sub-039,"{""C"": 11.288378916846883, ""gamma"": ""auto""}",0.6984993216234736,0.51,0.5075871771681237,0.5101999184006528,,0.020000000000000018,True,
C5,sub-040,"{""C"": 0.20691380811147894, ""gamma"": ""scale""}",0.6974726969108962,0.65,0.648735447611401,0.6521915584415584,,0.30000000000000004,True,
C5,sub-041,"{""C"": 0.6158482110660264, ""gamma"": ""auto""}",0.6989322597584456,0.75,0.749599358974359,0.751610305958132,,0.5,True,
C5,sub-042,"{""C"": 0.42813323987193935, ""gamma"": ""auto""}",0.681732336895329,0.675,0.67499187479687,0.675017501750175,,0.35,True,
C5,sub-043,"{""C"": 1.8329807108324356, ""gamma"": ""scale""}",0.6738695478191277,0.725,0.7246627118219819,0.7261079288513717,,0.44999999999999996,True,
C5,sub-044,"{""C"": 0.14384498882876628, ""gamma"": ""scale""}",0.6829971469743228,0.58,0.5798319327731092,0.5801282051282051,,0.16000000000000003,True,
C5,sub-045,"{""C"": 0.20691380811147894, ""gamma"": ""scale""}",0.6869971829746468,0.65,0.64996499649965,0.6500600240096038,,0.30000000000000004,True,
C5,sub-046,"{""C"": 1.2742749857031335, ""gamma"": ""auto""}",0.6914999228749807,0.72,0.7106242248863166,0.7527573529411764,,0.43999999999999995,True,
C5,sub-047,"{""C"": 7.847599703514611, ""gamma"": ""auto""}",0.6794710722642718,0.77,0.7694235588972431,0.7727272727272727,,0.54,True,
C5,sub-048,"{""C"": 16.23776739188721, ""gamma"": ""auto""}",0.6894825333925033,0.64,0.6355906468266019,0.6471206389239177,,0.28,True,
C5,sub-049,"{""C"": 0.14384498882876628, ""gamma"": ""scale""}",0.6749060478478279,0.745,0.7439180537772088,0.7492116773471671,,0.49,True,
C5,sub-050,"{""C"": 0.14384498882876628, ""gamma"": ""scale""}",0.6784960615767544,0.63,0.62996299629963,0.6300520208083233,,0.26,True,
C5,sub-051,"{""C"": 0.14384498882876628, ""gamma"": ""scale""}",0.6819254778944468,0.685,0.6827075621364358,0.6905056121923592,,0.37,True,
C6,sub-001,"{""C"": 48.32930238571752, ""gamma"": ""auto""}",0.682464991765342,0.775,0.7749493636068115,0.7752477229506556,,0.55,True,
C6,sub-002,"{""C"": 0.6158482110660264, ""gamma"": ""scale""}",0.6809183150886626,0.625,0.6242390841453944,0.6260207682226031,,0.25,True,
C6,sub-003,"{""C"": 1.8329807108324356, ""gamma"": ""auto""}",0.6958902163681089,0.765,0.7645231593977806,0.7671640286319186,,0.53,True,
C6,sub-004,"{""C"": 0.6158482110660264, ""gamma"": ""auto""}",0.6789971109739987,0.495,0.48937030764175027,0.4947693273354954,,-0.010000000000000009,True,
C6,sub-005,"{""C"": 16.23776739188721, ""gamma"": ""auto""}",0.6789971109739987,0.645,0.6417669466939125,0.6504305425874053,,0.29000000000000004,True,
C6,sub-006,"{""C"": 0.6158482110660264, ""gamma"": ""auto""}",0.6749882995787848,0.715,0.7146504467973267,0.7160586875690885,,0.43000000000000005,True,
C6,sub-007,"{""C"": 16.23776739188721, ""gamma"": ""auto""}",0.6888876884555324,0.6,0.5967335416876701,0.6033484911120297,,0.19999999999999996,True,
C6,sub-008,"{""C"": 1.8329807108324356, ""gamma"": ""scale""}",0.6812034394995945,0.78,0.7798018216394755,0.7810116419108792,,0.56,True,
C6,sub-009,"{""C"": 2.636650898730358, ""gamma"": ""auto""}",0.6858866050644282,0.675,0.6726347863312432,0.6802080115333127,,0.35,True,
C6,sub-010,"{""C"": 16.23776739188721, ""gamma"": ""auto""}",0.686499294623413,0.635,0.6309310144341364,0.6412281619416257,,0.27,True,
C6,sub-011,"{""C"": 23.357214690901213, ""gamma"": ""auto""}",0.6834771312227308,0.715,0.7144217039504998,0.7167557213428773,,0.43000000000000005,True,
C6,sub-012,"{""C"": 1.2742749857031335, ""gamma"": ""scale""}",0.6928645532679911,0.52,0.5198079231692677,0.5200320512820513,,0.040000000000000036,True,
C6,sub-013,"{""C"": 0.8858667904100825, ""gamma"": ""scale""}",0.675481745848204,0.65,0.6498599439775911,0.6502403846153846,,0.30000000000000004,True,
C6,sub-014,"{""C"": 0.42813323987193935, ""gamma"": ""scale""}",0.683,0.55,0.5488721804511278,0.5505050505050505,,0.09999999999999998,True,
C6,sub-015,"{""C"": 0.42813323987193935, ""gamma"": ""scale""}",0.6839465869731984,0.76,0.75997599759976,0.7601040416166467,,0.52,True,
C6,sub-016,"{""C"": 1.2742749857031335, ""gamma"": ""scale""}",0.6784960615767544,0.525,0.524036173250833,0.5252041536445207,,0.050000000000000044,True,
C6,sub-017,"{""C"": 48.32930238571752, ""gamma"": ""auto""}",0.6914721553620213,0.56,0.5584102769971899,0.5608766233766234,,0.12,True,
C6,sub-018,"{""C"": 0.8858667904100825, ""gamma"": ""auto""}",0.6764902138289683,0.605,0.6033240440862644,0.6068050045773574,,0.20999999999999996,True,
C6,sub-019,"{""C"": 0.42813323987193935, ""gamma"": ""scale""}",0.6857709270057872,0.695,0.6948092557848655,0.6954887218045113,,0.39,True,
C6,sub-020,"{""C"": 48.32930238571752, ""gamma"": ""auto""}",0.675991899797495,0.785,0.7843476516462298,0.7884907379289402,,0.5700000000000001,True,
C6,sub-021,"{""C"": 33.59818286283781, ""gamma"": ""auto""}",0.6944993126234533,0.76,0.7588182092252035,0.7651978784169726,,0.52,True,
C6,sub-022,"{""C"": 1.2742749857031335, ""gamma"": ""auto""}",0.6851674581276473,0.655,0.6545768566493955,0.6557632398753894,,0.31000000000000005,True,
C6,sub-023,"{""C"": 1.2742749857031335, ""gamma"": ""scale""}",0.6869949919198708,0.7236180904522613,0.7231707008624833,0.7247054043071921,,0.44702672662052245,True,
C6,sub-024,"{""C"": 23.357214690901213, ""gamma"": ""auto""}",0.677093056524485,0.755,0.7549938748468712,0.755025502550255,,0.51,True,
C6,sub-025,"{""C"": 0.6158482110660264, ""gamma"": ""scale""}",0.6904256247563477,0.77,0.7699079631852741,0.7704326923076923,,0.54,True,
C6,sub-026,"{""C"": 0.42813323987193935, ""gamma"": ""auto""}",0.68147698671229,0.7185929648241206,0.7019683354728283,0.7781726544326699,,0.43586109142452156,True,
C6,sub-027,"{""C"": 1.8329807108324356, ""gamma"": ""scale""}",0.6579945279124466,0.525,0.5161824246899748,0.5269658073562722,,0.050000000000000044,True,
C6,sub-028,"{""C"": 16.23776739188721, ""gamma"": ""auto""}",0.6899624854607407,0.785,0.7849516141131755,0.7852567310579521,,0.5700000000000001,True,
C6,sub-029,"{""C"": 0.29763514416313175, ""gamma"": ""scale""}",0.6952524688177972,0.4,0.39510031253150524,0.39665150888797024,,-0.19999999999999996,True,
C6,sub-030,"{""C"": 0.29763514416313175, ""gamma"": ""auto""}",0.6669347192049642,0.74,0.7312939231087227,0.7757352941176471,,0.48,True,
C6,sub-031,"{""C"": 0.29763514416313175, ""gamma"": ""auto""}",0.673215615889728,0.745,0.7448405253283302,0.7456140350877193,,0.49,True,
C6,sub-032,"{""C"": 0.6158482110660264, ""gamma"": ""scale""}",0.6824421250772954,0.535,0.5348953514540772,0.535031528375538,,0.06999999999999995,True,
C6,sub-033,"{""C"": 3.79269019073225, ""gamma"": ""auto""}",0.6769793266769073,0.625,0.6238621831038893,0.6265310254074299,,0.25,True,
C6,sub-034,"{""C"": 1.8329807108324356, ""gamma"": ""auto""}",0.6764992721233622,0.695,0.6943811217715875,0.6965923984272608,,0.39,True,
C6,sub-035,"{""C"": 0.8858667904100825, ""gamma"": ""scale""}",0.687875150060024,0.715,0.7088791848617175,0.7347417840375587,,0.43000000000000005,True,
C6,sub-036,"{""C"": 1.2742749857031335, ""gamma"": ""scale""}",0.67991805902311,0.735,0.7348342714196372,0.7355889724310777,,0.47,True,
C6,sub-037,"{""C"": 0.42813323987193935, ""gamma"": ""scale""}",0.6954170772992947,0.795,0.7949948748718718,0.7950295029502951,,0.5900000000000001,True,
C6,sub-038,"{""C"": 1.2742749857031335, ""gamma"": ""auto""}",0.689465763600437,0.545,0.5447154471544715,0.5451127819548872,,0.08999999999999997,True,
C6,sub-039,"{""C"": 33.59818286283781, ""gamma"": ""auto""}",0.6809843682340435,0.43,0.42794058610999597,0.4289772727272727,,-0.1399999999999999,True,
C6,sub-040,"{""C"": 0.8858667904100825, ""gamma"": ""auto""}",0.6649594600946714,0.58,0.5703324808184143,0.5879120879120879,,0.16000000000000003,True,
C6,sub-041,"{""C"": 0.20691380811147894, ""gamma"": ""scale""}",0.6742804855926743,0.75,0.74997499749975,0.7501000400160064,,0.5,True,
C6,sub-042,"{""C"": 1.8329807108324356, ""gamma"": ""scale""}",0.6813788443055472,0.64,0.63996399639964,0.6400560224089635,,0.28,True,
C6,sub-043,"{""C"": 5.455594781168517, ""gamma"": ""auto""}",0.6869987479949919,0.815,0.8142150586226808,0.820415013732072,,0.63,True,
C6,sub-044,"{""C"": 0.42813323987193935, ""gamma"": ""auto""}",0.6884868385689296,0.54,0.5398159263705482,0.5400641025641025,,0.07999999999999996,True,
C6,sub-045,"{""C"": 1.2742749857031335, ""gamma"": ""scale""}",0.6949890196047057,0.73,0.7298919567827131,0.7303685897435898,,0.45999999999999996,True,
C6,sub-046,"{""C"": 0.8858667904100825, ""gamma"": ""scale""}",0.6909626064753835,0.76,0.75997599759976,0.7601040416166467,,0.52,True,
C6,sub-047,"{""C"": 0.8858667904100825, ""gamma"": ""auto""}",0.682464991765342,0.675,0.674601386698706,0.6758617224399558,,0.35,True,
C6,sub-048,"{""C"": 0.8858667904100825, ""gamma"": ""auto""}",0.689498059362871,0.7,0.6998799519807923,0.7003205128205128,,0.4,True,
C6,sub-049,"{""C"": 0.8858667904100825, ""gamma"": ""auto""}",0.6874511642444132,0.83,0.8293857888398234,0.8348214285714286,,0.6599999999999999,True,
C6,sub-050,"{""C"": 3.79269019073225, ""gamma"": ""auto""}",0.6847869159551857,0.685,0.6848030018761726,0.6854636591478698,,0.37,True,
C6,sub-051,"{""C"": 1.8329807108324356, ""gamma"": ""auto""}",0.6714309183505832,0.725,0.7248280175109443,0.7255639097744361,,0.44999999999999996,True,
T7,sub-001,"{""C"": 0.42813323987193935, ""gamma"": ""auto""}",0.6905048076923077,0.8,0.7990151743543362,0.8059975520195839,,0.6,True,
T7,sub-002,"{""C"": 2.636650898730358, ""gamma"": ""auto""}",0.7096838457079759,0.59,0.5873590982286634,0.5923645320197044,,0.18000000000000005,True,
T7,sub-003,"{""C"": 11.288378916846883, ""gamma"": ""auto""}",0.6834505391467416,0.875,0.8748466871918099,0.8768465480856196,,0.75,True,
T7,sub-004,"{""C"": 100.0, ""gamma"": ""auto""}",0.6828464977048891,0.55,0.5454545454545454,0.5520833333333333,,0.09999999999999998,True,
T7,sub-005,"{""C"": 7.847599703514611, ""gamma"": ""auto""}",0.7036158861885002,0.725,0.7244419950399559,0.7268373828006855,,0.44999999999999996,True,
T7,sub-006,"{""C"": 0.42813323987193935, ""gamma"": ""scale""}",0.7041271262108071,0.77,0.7631551848419318,0.805291723202171,,0.54,True,
T7,sub-007,"{""C"": 1.2742749857031335, ""gamma"": ""scale""}",0.6924353345290848,0.625,0.6169462958706811,0.6364777814171853,,0.25,True,
T7,sub-008,"{""C"": 1.8329807108324356, ""gamma"": ""scale""}",0.6924439479095066,0.775,0.7743173098623335,0.7783682558963458,,0.55,True,
T7,sub-009,"{""C"": 5.455594781168517, ""gamma"": ""auto""}",0.6946470119458094,0.755,0.7549938748468712,0.755025502550255,,0.51,True,
T7,sub-010,"{""C"": 0.8858667904100825, ""gamma"": ""scale""}",0.6914993058734382,0.695,0.6932746700188561,0.6994884910485933,,0.39,True,
T7,sub-011,"{""C"": 16.23776739188721, ""gamma"": ""auto""}",0.7018553367017835,0.785,0.7797074720151643,0.8153003650846332,,0.5700000000000001,True,
T7,sub-012,"{""C"": 5.455594781168517, ""gamma"": ""auto""}",0.6940225987597148,0.575,0.5749893747343684,0.575007500750075,,0.15000000000000002,True,
T7,sub-013,"{""C"": 48.32930238571752, ""gamma"": ""auto""}",0.7011646320082713,0.63,0.6276167471819646,0.6334154351395731,,0.26,True,
T7,sub-014,"{""C"": 0.20691380811147894, ""gamma"": ""scale""}",0.6824999206249802,0.54,0.5388471177944862,0.5404040404040404,,0.07999999999999996,True,
T7,sub-015,"{""C"": 0.09999999999999999, ""gamma"": ""scale""}",0.6753499305053761,0.74,0.7387197266606371,0.7447980416156671,,0.48,True,
T7,sub-016,"{""C"": 0.6158482110660264, ""gamma"": ""scale""}",0.6904516330676669,0.635,0.6234687298517085,0.6538461538461539,,0.27,True,
T7,sub-017,"{""C"": 0.8858667904100825, ""gamma"": ""scale""}",0.6889888035969295,0.645,0.6449911247781195,0.645014501450145,,0.29000000000000004,True,
T7,sub-018,"{""C"": 2.636650898730358, ""gamma"": ""auto""}",0.7048934665414215,0.59,0.5899589958995899,0.5900360144057624,,0.18000000000000005,True,
T7,sub-019,"{""C"": 0.42813323987193935, ""gamma"": ""scale""}",0.6939804147465438,0.595,0.5836652874508493,0.6066098081023454,,0.18999999999999995,True,
T7,sub-020,"{""C"": 1.2742749857031335, ""gamma"": ""scale""}",0.7083389301741887,0.79,0.788647342995169,0.7976190476190477,,0.5800000000000001,True,
T7,sub-021,"{""C"": 0.42813323987193935, ""gamma"": ""scale""}",0.6880844505091909,0.785,0.7849516141131755,0.7852567310579521,,0.5700000000000001,True,
T7,sub-022,"{""C"": 16.23776739188721, ""gamma"": ""auto""}",0.6875,0.585,0.5812205151492217,0.5881834215167548,,0.17000000000000004,True,
T7,sub-023,"{""C"": 7.847599703514611, ""gamma"": ""auto""}",0.7142513272175111,0.7587939698492462,0.758495145631068,0.7597382836275106,,0.5174295240982116,True,
T7,sub-024,"{""C"": 5.455594781168517, ""gamma"": ""auto""}",0.6888839123674657,0.86,0.8579545454545454,0.8820033955857385,,0.72,True,
T7,sub-025,"{""C"": 69.51927961775604, ""gamma"": ""auto""}",0.6861044130865924,0.73,0.7260551948051948,0.7440577249575552,,0.45999999999999996,True,
T7,sub-026,"{""C"": 16.23776739188721, ""gamma"": ""auto""}",0.6894780125390781,0.5979899497487438,0.586622351474865,0.6114718614718615,,0.19733790460824852,True,
T7,sub-027,"{""C"": 3.79269019073225, ""gamma"": ""auto""}",0.698891299759213,0.575,0.5725958516656191,0.5767263427109974,,0.15000000000000002,True,
T7,sub-028,"{""C"": 33.59818286283781, ""gamma"": ""auto""}",0.695648169283692,0.77,0.7688674505074866,0.7753977968176254,,0.54,True,
T7,sub-029,"{""C"": 7.847599703514611, ""gamma"": ""auto""}",0.6794229813712744,0.585,0.5784126984126984,0.5906666666666667,,0.17000000000000004,True,
T7,sub-030,"{""C"": 1.2742749857031335, ""gamma"": ""scale""}",0.7012902310647653,0.815,0.8149583656322672,0.8152837553798418,,0.63,True,
T7,sub-031,"{""C"": 0.14384498882876628, ""gamma"": ""scale""}",0.6869295591508089,0.72,0.7199719971997199,0.7200880352140857,,0.43999999999999995,True,
T7,sub-032,"{""C"": 2.636650898730358, ""gamma"": ""auto""}",0.6943311944021086,0.575,0.5731967562953478,0.5762892889838267,,0.15000000000000002,True,
T7,sub-033,"{""C"": 48.32930238571752, ""gamma"": ""auto""}",0.6893709762268594,0.805,0.8028261583963194,0.819071032534784,,0.61,True,
T7,sub-034,"{""C"": 11.288378916846883, ""gamma"": ""auto""}",0.7094546022816065,0.655,0.6530483972344437,0.6585677749360614,,0.31000000000000005,True,
T7,sub-035,"{""C"": 3.79269019073225, ""gamma"": ""auto""}",0.676389244218834,0.88,0.87998799879988,0.8801520608243297,,0.76,True,
T7,sub-036,"{""C"": 3.79269019073225, ""gamma"": ""auto""}",0.7049421686650583,0.745,0.7442262845106447,0.7480008097985626,,0.49,True,
T7,sub-037,"{""C"": 1.8329807108324356, ""gamma"": ""auto""}",0.7005676196427642,0.76,0.7588182092252035,0.7651978784169726,,0.52,True,
T7,sub-038,"{""C"": 0.14384498882876628, ""gamma"": ""scale""}",0.7094790098584622,0.545,0.5207373271889401,0.5564263322884012,,0.08999999999999997,True,
T7,sub-039,"{""C"": 23.357214690901213, ""gamma"": ""auto""}",0.7032916365517685,0.49,0.4766009852216748,0.48885918003565065,,-0.020000000000000018,True,
T7,sub-040,"{""C"": 0.42813323987193935, ""gamma"": ""auto""}",0.6994698648415805,0.66,0.6587715776796468,0.6623376623376623,,0.31999999999999995,True,
T7,sub-041,"{""C"": 0.6158482110660264, ""gamma"": ""scale""}",0.6864867540653592,0.8,0.7998198378540686,0.8010839020473706,,0.6,True,
T7,sub-042,"{""C"": 0.6158482110660264, ""gamma"": ""scale""}",0.6979806707629288,0.66,0.6598639455782312,0.6602564102564102,,0.31999999999999995,True,
T7,sub-043,"{""C"": 0.6158482110660264, ""gamma"": ""scale""}",0.6980754185573463,0.745,0.7444825772188681,0.7470007057163021,,0.49,True,
T7,sub-044,"{""C"": 3.79269019073225, ""gamma"": ""auto""}",0.6871695728613347,0.61,0.60984393757503,0.610176282051282,,0.21999999999999997,True,
T7,sub-045,"{""C"": 23.357214690901213, ""gamma"": ""auto""}",0.7011017928635424,0.7,0.6999699969997,0.7000800320128051,,0.4,True,
T7,sub-046,"{""C"": 0.8858667904100825, ""gamma"": ""auto""}",0.6889536400451117,0.69,0.6862030569895738,0.6996637242538881,,0.38,True,
T7,sub-047,"{""C"": 11.288378916846883, ""gamma"": ""auto""}",0.7033070754257956,0.665,0.6649246080368083,0.6651486337703933,,0.32999999999999996,True,
T7,sub-048,"{""C"": 2.636650898730358, ""gamma"": ""auto""}",0.6919211318097434,0.655,0.6503762255833396,0.6636574807306515,,0.31000000000000005,True,
T7,sub-049,"{""C"": 1.8329807108324356, ""gamma"": ""scale""}",0.6944870920796403,0.635,0.6316758747697975,0.6400560224089635,,0.27,True,
T7,sub-050,"{""C"": 0.14384498882876628, ""gamma"": ""scale""}",0.6894434010598431,0.64,0.633811412877632,0.6501501501501501,,0.28,True,
T7,sub-051,"{""C"": 5.455594781168517, ""gamma"": ""auto""}",0.6926853097571914,0.68,0.68,0.68,,0.36,True,
T8,sub-001,"{""C"": 0.6158482110660264, ""gamma"": ""auto""}",0.6869921748043701,0.82,0.8199279711884754,0.8205128205128205,,0.64,True,
T8,sub-002,"{""C"": 0.8858667904100825, ""gamma"": ""scale""}",0.6963960915623372,0.625,0.6249156060113525,0.625112601341207,,0.25,True,
T8,sub-003,"{""C"": 0.14384498882876628, ""gamma"": ""auto""}",0.6961790891629284,0.735,0.7338756245135698,0.7390397721493236,,0.47,True,
T8,sub-004,"{""C"": 0.29763514416313175, ""gamma"": ""auto""}",0.6889300092520817,0.495,0.4928573221862369,0.49491404740107825,,-0.010000000000000009,True,
T8,sub-005,"{""C"": 0.6158482110660264, ""gamma"": ""scale""}",0.6998547296891695,0.66,0.6541552232733191,0.6716001716001716,,0.31999999999999995,True,
T8,sub-006,"{""C"": 1.8329807108324356, ""gamma"": ""auto""}",0.7024999256249814,0.69,0.6899689968996899,0.6900760304121649,,0.38,True,
T8,sub-007,"{""C"": 7.847599703514611, ""gamma"": ""auto""}",0.6959632115485974,0.52,0.512987012987013,0.5212224108658743,,0.040000000000000036,True,
T8,sub-008,"{""C"": 0.20691380811147894, ""gamma"": ""auto""}",0.6984365962943708,0.71,0.7095352564102564,0.711352657004831,,0.42000000000000004,True,
T8,sub-009,"{""C"": 2.636650898730358, ""gamma"": ""scale""}",0.69049806561291,0.69,0.6880032206119162,0.694991789819376,,0.38,True,
T8,sub-010,"{""C"": 0.20691380811147894, ""gamma"": ""scale""}",0.6916842847075405,0.735,0.7325865940109488,0.743801224193381,,0.47,True,
T8,sub-011,"{""C"": 23.357214690901213, ""gamma"": ""auto""}",0.6900871185637065,0.75,0.749599358974359,0.751610305958132,,0.5,True,
T8,sub-012,"{""C"": 0.20691380811147894, ""gamma"": ""auto""}",0.6903940373592863,0.515,0.5144051463042227,0.5150738619234247,,0.030000000000000027,True,
T8,sub-013,"{""C"": 0.8858667904100825, ""gamma"": ""auto""}",0.696499924124981,0.58,0.5784825371336813,0.5811688311688312,,0.16000000000000003,True,
T8,sub-014,"{""C"": 1.8329807108324356, ""gamma"": ""auto""}",0.6838735494197679,0.57,0.562608076492727,0.575075075075075,,0.14,True,
T8,sub-015,"{""C"": 0.20691380811147894, ""gamma"": ""scale""}",0.7027990921863179,0.745,0.7444825772188681,0.7470007057163021,,0.49,True,
T8,sub-016,"{""C"": 1.2742749857031335, ""gamma"": ""scale""}",0.7129586660479108,0.555,0.5547217010631644,0.5551378446115288,,0.10999999999999999,True,
T8,sub-017,"{""C"": 1.8329807108324356, ""gamma"": ""scale""}",0.7054380683538715,0.61,0.60996099609961,0.6100440176070427,,0.21999999999999997,True,
T8,sub-018,"{""C"": 0.09999999999999999, ""gamma"": ""scale""}",0.6942339070576169,0.6,0.5632710994650071,0.6506931886678722,,0.19999999999999996,True,
T8,sub-019,"{""C"": 0.6158482110660264, ""gamma"": ""scale""}",0.7059503056016467,0.665,0.6645891216740507,0.6658124811576726,,0.32999999999999996,True,
T8,sub-020,"{""C"": 0.42813323987193935, ""gamma"": ""scale""}",0.6789842702292412,0.77,0.7699079631852741,0.7704326923076923,,0.54,True,
T8,sub-021,"{""C"": 0.29763514416313175, ""gamma"": ""auto""}",0.7009638166218113,0.75,0.7469379491851402,0.7627154266498528,,0.5,True,
T8,sub-022,"{""C"": 0.09999999999999999, ""gamma"": ""scale""}",0.6856781344096354,0.615,0.5997816991086047,0.6356292015567874,,0.22999999999999998,True,
T8,sub-023,"{""C"": 0.42813323987193935, ""gamma"": ""scale""}",0.6954268262950174,0.7537688442211056,0.7525440933891638,0.7581806956163819,,0.507201698084601,True,
T8,sub-024,"{""C"": 1.8329807108324356, ""gamma"": ""auto""}",0.6954938337501335,0.765,0.7648530331457161,0.7656641604010025,,0.53,True,
T8,sub-025,"{""C"": 3.79269019073225, ""gamma"": ""auto""}",0.7109953759260148,0.83,0.8299829982998299,0.8301320528211285,,0.6599999999999999,True,
T8,sub-026,"{""C"": 69.51927961775604, ""gamma"": ""auto""}",0.7024535083606813,0.6834170854271356,0.6727059130661793,0.7091435185185185,,0.3656969390336453,True,
T8,sub-027,"{""C"": 1.2742749857031335, ""gamma"": ""auto""}",0.704467417532783,0.64,0.6396757081373237,0.6405058209554395,,0.28,True,
T8,sub-028,"{""C"": 0.6158482110660264, ""gamma"": ""scale""}",0.6864146263820325,0.795,0.7949538646195394,0.7952657391652487,,0.5900000000000001,True,
T8,sub-029,"{""C"": 0.6158482110660264, ""gamma"": ""scale""}",0.7089345102648096,0.4,0.38968568812938664,0.39274989274989275,,-0.19999999999999996,True,
T8,sub-030,"{""C"": 0.42813323987193935, ""gamma"": ""auto""}",0.7056986354026523,0.815,0.8110268392962026,0.8439240091713069,,0.63,True,
T8,sub-031,"{""C"": 0.29763514416313175, ""gamma"": ""scale""}",0.6923577923895321,0.72,0.7181964573268921,0.7257799671592775,,0.43999999999999995,True,
T8,sub-032,"{""C"": 23.357214690901213, ""gamma"": ""auto""}",0.6859384439350112,0.52,0.517636418450407,0.5203998368013056,,0.040000000000000036,True,
T8,sub-033,"{""C"": 0.29763514416313175, ""gamma"": ""scale""}",0.6777650907511577,0.72,0.7192982456140351,0.7222222222222222,,0.43999999999999995,True,
T8,sub-034,"{""C"": 0.6158482110660264, ""gamma"": ""auto""}",0.6953171140977372,0.685,0.683218101822753,0.6892583120204603,,0.37,True,
T8,sub-035,"{""C"": 16.23776739188721, ""gamma"": ""auto""}",0.6854143540578923,0.73,0.71875,0.7738095238095237,,0.45999999999999996,True,
T8,sub-036,"{""C"": 1.2742749857031335, ""gamma"": ""scale""}",0.6894906070908645,0.78,0.7796474358974359,0.7818035426731079,,0.56,True,
T8,sub-037,"{""C"": 0.6158482110660264, ""gamma"": ""auto""}",0.6813909560547098,0.785,0.784865540963102,0.7857142857142858,,0.5700000000000001,True,
T8,sub-038,"{""C"": 5.455594781168517, ""gamma"": ""auto""}",0.6919001756569129,0.57,0.5647332725984411,0.5735603194619587,,0.14,True,
T8,sub-039,"{""C"": 0.8858667904100825, ""gamma"": ""scale""}",0.6899848092556535,0.5,0.4949494949494949,0.5,,0.0,True,
T8,sub-040,"{""C"": 0.14384498882876628, ""gamma"": ""scale""}",0.6937767632604168,0.66,0.6583257964023717,0.6631986944104447,,0.31999999999999995,True,
T8,sub-041,"{""C"": 0.29763514416313175, ""gamma"": ""scale""}",0.6878623472951572,0.825,0.8242574878863197,0.8305869189299155,,0.65,True,
T8,sub-042,"{""C"": 0.29763514416313175, ""gamma"": ""scale""}",0.6824919871794872,0.67,0.67,0.67,,0.33999999999999997,True,
T8,sub-043,"{""C"": 0.8858667904100825, ""gamma"": ""auto""}",0.6834423073605165,0.815,0.8146246148450612,0.8175723359209598,,0.63,True,
T8,sub-044,"{""C"": 1.8329807108324356, ""gamma"": ""scale""}",0.693472335878313,0.6,0.5993589743589745,0.6006441223832528,,0.19999999999999996,True,
T8,sub-045,"{""C"": 0.14384498882876628, ""gamma"": ""auto""}",0.6851674581276473,0.665,0.6649916247906198,0.665016501650165,,0.32999999999999996,True,
T8,sub-046,"{""C"": 23.357214690901213, ""gamma"": ""auto""}",0.6893135104346384,0.85,0.8499399759903962,0.8505608974358975,,0.7,True,
T8,sub-047,"{""C"": 0.14384498882876628, ""gamma"": ""auto""}",0.6809843682340435,0.78,0.77997799779978,0.7801120448179272,,0.56,True,
T8,sub-048,"{""C"": 0.14384498882876628, ""gamma"": ""auto""}",0.6764902138289683,0.7,0.6995192307692308,0.7012882447665056,,0.4,True,
T8,sub-049,"{""C"": 0.29763514416313175, ""gamma"": ""scale""}",0.6965144230769231,0.71,0.7002893757751136,0.7412683823529411,,0.42000000000000004,True,
T8,sub-050,"{""C"": 0.14384498882876628, ""gamma"": ""scale""}",0.696786766671904,0.66,0.6541552232733191,0.6716001716001716,,0.31999999999999995,True,
T8,sub-051,"{""C"": 0.42813323987193935, ""gamma"": ""auto""}",0.6899748879659252,0.685,0.6849291090495362,0.6851666499849864,,0.37,True,
CP1,sub-001,"{""C"": 100.0, ""gamma"": ""auto""}",0.5864701224663482,0.575,0.5737104741844078,0.575918615244458,,0.15000000000000002,True,
CP1,sub-002,"{""C"": 3.79269019073225, ""gamma"": ""scale""}",0.6027517198248906,0.585,0.5849896247406186,0.5850085008500849,,0.17000000000000004,True,
CP1,sub-003,"{""C"": 23.357214690901213, ""gamma"": ""auto""}",0.6024044776757616,0.68,0.6794871794871795,0.681159420289855,,0.36,True,
CP1,sub-004,"{""C"": 1.8329807108324356, ""gamma"": ""scale""}",0.6014377246444758,0.485,0.48395500889300835,0.48487750781328764,,-0.030000000000000027,True,
CP1,sub-005,"{""C"": 48.32930238571752, ""gamma"": ""auto""}",0.6019900497512438,0.535,0.5348953514540772,0.535031528375538,,0.06999999999999995,True,
CP1,sub-006,"{""C"": 0.14384498882876628, ""gamma"": ""scale""}",0.6003776156447912,0.66,0.6472663139329806,0.6870032725572697,,0.31999999999999995,True,
CP1,sub-007,"{""C"": 0.42813323987193935, ""gamma"": ""scale""}",0.6013779219886091,0.575,0.5731967562953478,0.5762892889838267,,0.15000000000000002,True,
CP1,sub-008,"{""C"": 2.636650898730358, ""gamma"": ""auto""}",0.5889408074762765,0.68,0.6784242789669379,0.6835985312117503,,0.36,True,
CP1,sub-009,"{""C"": 1.8329807108324356, ""gamma"": ""scale""}",0.6009964089676807,0.55,0.5495946351716545,0.5501806503412284,,0.09999999999999998,True,
CP1,sub-010,"{""C"": 0.20691380811147894, ""gamma"": ""scale""}",0.6068863901667583,0.625,0.6234089026135422,0.6271488149730444,,0.25,True,
CP1,sub-011,"{""C"": 16.23776739188721, ""gamma"": ""auto""}",0.578497365608535,0.575,0.5725958516656191,0.5767263427109974,,0.15000000000000002,True,
CP1,sub-012,"{""C"": 0.42813323987193935, ""gamma"": ""scale""}",0.5979095296441699,0.515,0.5149878746968675,0.515001500150015,,0.030000000000000027,True,
CP1,sub-013,"{""C"": 0.29763514416313175, ""gamma"": ""auto""}",0.5971252257412458,0.545,0.536553691018818,0.54853845324129,,0.08999999999999997,True,
CP1,sub-014,"{""C"": 1.2742749857031335, ""gamma"": ""scale""}",0.592908404390988,0.575,0.5749893747343684,0.575007500750075,,0.15000000000000002,True,
CP1,sub-015,"{""C"": 1.8329807108324356, ""gamma"": ""scale""}",0.5963618548448206,0.655,0.6545768566493955,0.6557632398753894,,0.31000000000000005,True,
CP1,sub-016,"{""C"": 3.79269019073225, ""gamma"": ""scale""}",0.588,0.49,0.49,0.49,,-0.020000000000000018,True,
CP1,sub-017,"{""C"": 1.8329807108324356, ""gamma"": ""scale""}",0.597403276137092,0.615,0.6121981315000882,0.6184224075790341,,0.22999999999999998,True,
CP1,sub-018,"{""C"": 1.8329807108324356, ""gamma"": ""scale""}",0.5974990943729623,0.545,0.5337995337995338,0.5497842681712579,,0.08999999999999997,True,
CP1,sub-019,"{""C"": 0.8858667904100825, ""gamma"": ""scale""}",0.5944463655318415,0.635,0.6349178565177165,0.6351216094485037,,0.27,True,
CP1,sub-020,"{""C"": 3.79269019073225, ""gamma"": ""auto""}",0.6164991371230586,0.52,0.5182657567242072,0.5202922077922079,,0.040000000000000036,True,
CP1,sub-021,"{""C"": 0.8858667904100825, ""gamma"": ""scale""}",0.5939204084000465,0.71,0.7089522280208751,0.7130681818181819,,0.42000000000000004,True,
CP1,sub-022,"{""C"": 0.6158482110660264, ""gamma"": ""scale""}",0.5954950448142989,0.55,0.55,0.55,,0.09999999999999998,True,
CP1,sub-023,"{""C"": 0.14384498882876628, ""gamma"": ""scale""}",0.6014472914042883,0.5628140703517588,0.5526472184181287,0.5680509413067553,,0.12432350412219917,True,
CP1,sub-024,"{""C"": 0.6158482110660264, ""gamma"": ""scale""}",0.6004975031093944,0.575,0.5682539682539682,0.5800000000000001,,0.15000000000000002,True,
CP1,sub-025,"{""C"": 0.8858667904100825, ""gamma"": ""scale""}",0.6054383497421472,0.51,0.5050505050505051,0.5104166666666666,,0.020000000000000018,True,
CP1,sub-026,"{""C"": 11.288378916846883, ""gamma"": ""scale""}",0.598921388592164,0.5276381909547738,0.5249390491670053,0.5287267080745341,,0.05601534113847395,True,
CP1,sub-027,"{""C"": 5.455594781168517, ""gamma"": ""auto""}",0.5981736165200184,0.495,0.49498737468436715,0.49499949994999504,,-0.010000000000000009,True,
CP1,sub-028,"{""C"": 11.288378916846883, ""gamma"": ""scale""}",0.593499085372942,0.63,0.6214833759590792,0.6428571428571428,,0.26,True,
CP1,sub-029,"{""C"": 11.288378916846883, ""gamma"": ""auto""}",0.6124068807531009,0.495,0.4939752999824645,0.4949591692710959,,-0.010000000000000009,True,
CP1,sub-030,"{""C"": 1.2742749857031335, ""gamma"": ""scale""}",0.6019804970443552,0.66,0.6578099838969405,0.6642036124794746,,0.31999999999999995,True,
CP1,sub-031,"{""C"": 0.8858667904100825, ""gamma"": ""scale""}",0.5834874004938649,0.555,0.5479365079365079,0.5586666666666666,,0.10999999999999999,True,
CP1,sub-032,"{""C"": 3.79269019073225, ""gamma"": ""scale""}",0.6049857794880615,0.525,0.5247029393370857,0.525062656641604,,0.050000000000000044,True,
CP1,sub-033,"{""C"": 3.79269019073225, ""gamma"": ""auto""}",0.6014712062946548,0.605,0.5939451568965075,0.6178318931657503,,0.20999999999999996,True,
CP1,sub-034,"{""C"": 5.455594781168517, ""gamma"": ""auto""}",0.6018849447490324,0.57,0.5696126513862476,0.5702529104777199,,0.14,True,
CP1,sub-035,"{""C"": 0.8858667904100825, ""gamma"": ""scale""}",0.5968693856809606,0.77,0.7699079631852741,0.7704326923076923,,0.54,True,
CP1,sub-036,"{""C"": 0.20691380811147894, ""gamma"": ""scale""}",0.5896783077933099,0.585,0.5837408159683042,0.5860410972770523,,0.17000000000000004,True,
CP1,sub-037,"{""C"": 0.09999999999999999, ""gamma"": ""scale""}",0.5968693856809606,0.665,0.6625620105260508,0.6699104108742664,,0.32999999999999996,True,
CP1,sub-038,"{""C"": 48.32930238571752, ""gamma"": ""scale""}",0.582998331993328,0.475,0.4691473495285523,0.47384663667747673,,-0.050000000000000044,True,
CP1,sub-039,"{""C"": 0.29763514416313175, ""gamma"": ""scale""}",0.6099122302518067,0.435,0.4346466541588493,0.4348370927318296,,-0.1299999999999999,True,
CP1,sub-040,"{""C"": 23.357214690901213, ""gamma"": ""auto""}",0.5989803500371518,0.605,0.6047529706066291,0.6052631578947368,,0.20999999999999996,True,
CP1,sub-041,"{""C"": 0.20691380811147894, ""gamma"": ""scale""}",0.5909799580179429,0.615,0.6114937309215671,0.61930698205208,,0.22999999999999998,True,
CP1,sub-042,"{""C"": 1.8329807108324356, ""gamma"": ""scale""}",0.5869500209525352,0.58,0.58,0.58,,0.16000000000000003,True,
CP1,sub-043,"{""C"": 1.2742749857031335, ""gamma"": ""scale""}",0.5922552512145416,0.64,0.6394230769230769,0.6409017713365539,,0.28,True,
CP1,sub-044,"{""C"": 3.79269019073225, ""gamma"": ""scale""}",0.5904704114872299,0.57,0.568922305764411,0.5707070707070707,,0.14,True,
CP1,sub-045,"{""C"": 0.8858667904100825, ""gamma"": ""scale""}",0.6089808400611629,0.58,0.5779318661441061,0.5815993472052223,,0.16000000000000003,True,
CP1,sub-046,"{""C"": 23.357214690901213, ""gamma"": ""auto""}",0.6029328956593665,0.74,0.7393483709273183,0.7424242424242424,,0.48,True,
CP1,sub-047,"{""C"": 3.79269019073225, ""gamma"": ""scale""}",0.6057914636842889,0.61,0.6085909273384182,0.6116071428571428,,0.21999999999999997,True,
CP1,sub-048,"{""C"": 69.51927961775604, ""gamma"": ""auto""}",0.6004951060650493,0.635,0.6338925248877856,0.6366535074400244,,0.27,True,
CP1,sub-049,"{""C"": 23.357214690901213, ""gamma"": ""auto""}",0.596959695969597,0.605,0.6038014995360967,0.6062860613422412,,0.20999999999999996,True,
CP1,sub-050,"{""C"": 5.455594781168517, ""gamma"": ""auto""}",0.608497553109707,0.54,0.54,0.54,,0.07999999999999996,True,
CP1,sub-051,"{""C"": 0.42813323987193935, ""gamma"": ""scale""}",0.593212459321246,0.655,0.6545768566493955,0.6557632398753894,,0.31000000000000005,True,
CP2,sub-001,"{""C"": 16.23776739188721, ""gamma"": ""auto""}",0.6097752305327868,0.63,0.6290726817042607,0.6313131313131313,,0.26,True,
CP2,sub-002,"{""C"": 0.42813323987193935, ""gamma"": ""scale""}",0.6159007090813442,0.595,0.5932816148226256,0.5966330993795138,,0.18999999999999995,True,
CP2,sub-003,"{""C"": 5.455594781168517, ""gamma"": ""auto""}",0.6034975218595117,0.515,0.5148908504413493,0.5150135121609448,,0.030000000000000027,True,
CP2,sub-004,"{""C"": 0.8858667904100825, ""gamma"": ""scale""}",0.6234660178081072,0.45,0.44862155388471175,0.4494949494949495,,-0.10000000000000009,True,
CP2,sub-005,"{""C"": 0.29763514416313175, ""gamma"": ""scale""}",0.6126033057851239,0.71,0.7099709970997099,0.7100840336134454,,0.42000000000000004,True,
CP2,sub-006,"{""C"": 3.79269019073225, ""gamma"": ""auto""}",0.6304326463497973,0.54,0.4470489241495372,0.6221001221001221,,0.07999999999999996,True,
CP2,sub-007,"{""C"": 16.23776739188721, ""gamma"": ""auto""}",0.6393008038689366,0.71,0.7099709970997099,0.7100840336134454,,0.42000000000000004,True,
CP2,sub-008,"{""C"": 16.23776739188721, ""gamma"": ""auto""}",0.596237453404076,0.63,0.6290726817042607,0.6313131313131313,,0.26,True,
CP2,sub-009,"{""C"": 0.6158482110660264, ""gamma"": ""scale""}",0.6322218677875143,0.585,0.5832391855589867,0.5864611941816702,,0.17000000000000004,True,
CP2,sub-010,"{""C"": 23.357214690901213, ""gamma"": ""auto""}",0.6167792648565573,0.635,0.6334513318771811,0.6373207201708879,,0.27,True,
CP2,sub-011,"{""C"": 23.357214690901213, ""gamma"": ""auto""}",0.622962296229623,0.665,0.6649246080368083,0.6651486337703933,,0.32999999999999996,True,
CP2,sub-012,"{""C"": 7.847599703514611, ""gamma"": ""auto""}",0.6189756144393241,0.515,0.5146966854283928,0.5150375939849624,,0.030000000000000027,True,
CP2,sub-013,"{""C"": 23.357214690901213, ""gamma"": ""auto""}",0.6124104763345048,0.62,0.6193910256410255,0.6207729468599035,,0.24,True,
CP2,sub-014,"{""C"": 2.636650898730358, ""gamma"": ""scale""}",0.6028852338325776,0.51,0.5098039215686274,0.5100160256410255,,0.020000000000000018,True,
CP2,sub-015,"{""C"": 48.32930238571752, ""gamma"": ""auto""}",0.6189142557075342,0.615,0.6114937309215671,0.61930698205208,,0.22999999999999998,True,
CP2,sub-016,"{""C"": 5.455594781168517, ""gamma"": ""auto""}",0.6209905247631191,0.545,0.544897601960441,0.5450405364828346,,0.08999999999999997,True,
CP2,sub-017,"{""C"": 100.0, ""gamma"": ""auto""}",0.6014975093594335,0.625,0.6215848028456823,0.6296815022305218,,0.25,True,
CP2,sub-018,"{""C"": 2.636650898730358, ""gamma"": ""auto""}",0.61999961999962,0.61,0.60984393757503,0.610176282051282,,0.21999999999999997,True,
CP2,sub-019,"{""C"": 23.357214690901213, ""gamma"": ""auto""}",0.6159861755023182,0.675,0.67499187479687,0.675017501750175,,0.35,True,
CP2,sub-020,"{""C"": 3.79269019073225, ""gamma"": ""auto""}",0.6093433060975499,0.725,0.7198950879784065,0.7426922662064502,,0.44999999999999996,True,
CP2,sub-021,"{""C"": 1.8329807108324356, ""gamma"": ""scale""}",0.6214976343602148,0.725,0.7249931248281207,0.725022502250225,,0.44999999999999996,True,
CP2,sub-022,"{""C"": 3.79269019073225, ""gamma"": ""auto""}",0.611394202071514,0.58,0.5784825371336813,0.5811688311688312,,0.16000000000000003,True,
CP2,sub-023,"{""C"": 48.32930238571752, ""gamma"": ""auto""}",0.6148887028351193,0.7386934673366834,0.7386868686868686,0.7387856132552031,,0.4774265225734774,True,
CP2,sub-024,"{""C"": 48.32930238571752, ""gamma"": ""auto""}",0.60999843999376,0.8,0.7992773986350863,0.8043831168831169,,0.6,True,
CP2,sub-025,"{""C"": 100.0, ""gamma"": ""auto""}",0.6164749542123167,0.455,0.4500365801357249,0.45331465919701214,,-0.09000000000000008,True,
CP2,sub-026,"{""C"": 0.29763514416313175, ""gamma"": ""scale""}",0.597513808208563,0.5829145728643216,0.502514984488419,0.7237430167597765,,0.16246640636884546,True,
CP2,sub-027,"{""C"": 33.59818286283781, ""gamma"": ""auto""}",0.6113669903524481,0.52,0.5169082125603865,0.5205254515599343,,0.040000000000000036,True,
CP2,sub-028,"{""C"": 1.8329807108324356, ""gamma"": ""scale""}",0.6179938879022064,0.595,0.5949898747468687,0.595009500950095,,0.18999999999999995,True,
CP2,sub-029,"{""C"": 7.847599703514611, ""gamma"": ""auto""}",0.6093022092434295,0.495,0.49498737468436715,0.49499949994999504,,-0.010000000000000009,True,
CP2,sub-030,"{""C"": 1.8329807108324356, ""gamma"": ""auto""}",0.6221485036455163,0.61,0.609375,0.6107085346215781,,0.21999999999999997,True,
CP2,sub-031,"{""C"": 7.847599703514611, ""gamma"": ""auto""}",0.6269044875488126,0.535,0.5298162238681463,0.5366147086515326,,0.06999999999999995,True,
CP2,sub-032,"{""C"": 100.0, ""gamma"": ""auto""}",0.6057535959974985,0.45,0.4497799119647859,0.4499198717948718,,-0.10000000000000009,True,
CP2,sub-033,"{""C"": 1.2742749857031335, ""gamma"": ""auto""}",0.6044777518735429,0.58,0.5765702187720536,0.5826787928896238,,0.16000000000000003,True,
CP2,sub-034,"{""C"": 3.79269019073225, ""gamma"": ""auto""}",0.6099001344344153,0.575,0.5744787364521539,0.575369309617124,,0.15000000000000002,True,
CP2,sub-035,"{""C"": 2.636650898730358, ""gamma"": ""auto""}",0.6129009026310736,0.615,0.614990374759369,0.6150115011501149,,0.22999999999999998,True,
CP2,sub-036,"{""C"": 0.29763514416313175, ""gamma"": ""scale""}",0.6322969359828965,0.485,0.4834373981293412,0.4848162769511084,,-0.030000000000000027,True,
CP2,sub-037,"{""C"": 0.29763514416313175, ""gamma"": ""scale""}",0.6033166331136568,0.75,0.749599358974359,0.751610305958132,,0.5,True,
CP2,sub-038,"{""C"": 69.51927961775604, ""gamma"": ""auto""}",0.6294324640665762,0.435,0.434307026106981,0.4346799316651593,,-0.1299999999999999,True,
CP2,sub-039,"{""C"": 5.455594781168517, ""gamma"": ""auto""}",0.6176558903012711,0.535,0.534429676353533,0.5351723444879911,,0.06999999999999995,True,
CP2,sub-040,"{""C"": 0.29763514416313175, ""gamma"": ""scale""}",0.6168892810022096,0.58,0.5772946859903382,0.5821018062397373,,0.16000000000000003,True,
CP2,sub-041,"{""C"": 5.455594781168517, ""gamma"": ""auto""}",0.610990274756869,0.65,0.6477455716586151,0.6539408866995073,,0.30000000000000004,True,
CP2,sub-042,"{""C"": 33.59818286283781, ""gamma"": ""auto""}",0.6217636022514071,0.52,0.51995199519952,0.5200080032012806,,0.040000000000000036,True,
CP2,sub-043,"{""C"": 2.636650898730358, ""gamma"": ""auto""}",0.5986387748974077,0.845,0.8448098921178444,0.84669882423877,,0.69,True,
CP2,sub-044,"{""C"": 2.636650898730358, ""gamma"": ""auto""}",0.5944147256960776,0.53,0.52995299529953,0.5300120048019208,,0.06000000000000005,True,
CP2,sub-045,"{""C"": 3.79269019073225, ""gamma"": ""auto""}",0.6177798411885246,0.585,0.5803736191511413,0.5889214352965791,,0.17000000000000004,True,
CP2,sub-046,"{""C"": 0.09999999999999999, ""gamma"": ""scale""}",0.6080059895483283,0.71,0.7097387648883995,0.7107587314331594,,0.42000000000000004,True,
CP2,sub-047,"{""C"": 100.0, ""gamma"": ""auto""}",0.6119685694541258,0.715,0.7149928748218706,0.715021502150215,,0.43000000000000005,True,
CP2,sub-048,"{""C"": 2.636650898730358, ""gamma"": ""auto""}",0.6079964719682478,0.625,0.6242390841453944,0.6260207682226031,,0.25,True,
CP2,sub-049,"{""C"": 0.42813323987193935, ""gamma"": ""scale""}",0.6168467386954781,0.59,0.5879811074263892,0.5917992656058751,,0.18000000000000005,True,
CP2,sub-050,"{""C"": 1.2742749857031335, ""gamma"": ""scale""}",0.6219542564650322,0.59,0.5893429487179487,0.5905797101449275,,0.18000000000000005,True,
CP2,sub-051,"{""C"": 100.0, ""gamma"": ""auto""}",0.6069173532468501,0.595,0.5937711577522005,0.5961635793096467,,0.18999999999999995,True,
CP3,sub-001,"{""C"": 0.29763514416313175, ""gamma"": ""scale""}",0.6438714375889696,0.715,0.7129258895520133,0.7213984141694985,,0.43000000000000005,True,
CP3,sub-002,"{""C"": 100.0, ""gamma"": ""auto""}",0.6643723775965811,0.57,0.5699569956995699,0.5700280112044818,,0.14,True,
CP3,sub-003,"{""C"": 33.59818286283781, ""gamma"": ""auto""}",0.6373904533520849,0.78,0.7785829307568438,0.7873563218390804,,0.56,True,
CP3,sub-004,"{""C"": 1.2742749857031335, ""gamma"": ""scale""}",0.6471272781875856,0.55,0.5495946351716545,0.5501806503412284,,0.09999999999999998,True,
CP3,sub-005,"{""C"": 0.42813323987193935, ""gamma"": ""scale""}",0.6442864829613976,0.605,0.6049901247531189,0.605010501050105,,0.20999999999999996,True,
CP3,sub-006,"{""C"": 2.636650898730358, ""gamma"": ""scale""}",0.6324425691514299,0.695,0.6771718133947235,0.7502887947631883,,0.39,True,
CP3,sub-007,"{""C"": 7.847599703514611, ""gamma"": ""auto""}",0.6423776037348783,0.59,0.5849782366636299,0.594577553593947,,0.18000000000000005,True,
CP3,sub-008,"{""C"": 0.8858667904100825, ""gamma"": ""scale""}",0.6379185316696256,0.715,0.7144217039504998,0.7167557213428773,,0.43000000000000005,True,
CP3,sub-009,"{""C"": 23.357214690901213, ""gamma"": ""auto""}",0.647964796479648,0.595,0.5895720909021813,0.6003061978671735,,0.18999999999999995,True,
CP3,sub-010,"{""C"": 0.09999999999999999, ""gamma"": ""scale""}",0.6652649322987068,0.695,0.6937059074590144,0.6983521513579494,,0.39,True,
CP3,sub-011,"{""C"": 23.357214690901213, ""gamma"": ""auto""}",0.6494452258165339,0.615,0.6042250263421655,0.629053978229155,,0.22999999999999998,True,
CP3,sub-012,"{""C"": 1.8329807108324356, ""gamma"": ""scale""}",0.6498988207591994,0.52,0.5192307692307692,0.5201288244766505,,0.040000000000000036,True,
CP3,sub-013,"{""C"": 2.636650898730358, ""gamma"": ""auto""}",0.6468442583179181,0.595,0.5941782108770259,0.5957757838491784,,0.18999999999999995,True,
CP3,sub-014,"{""C"": 0.20691380811147894, ""gamma"": ""scale""}",0.6688927212416823,0.52,0.51995199519952,0.5200080032012806,,0.040000000000000036,True,
CP3,sub-015,"{""C"": 7.847599703514611, ""gamma"": ""auto""}",0.6399769585253456,0.65,0.6494391025641025,0.6509661835748792,,0.30000000000000004,True,
CP3,sub-016,"{""C"": 3.79269019073225, ""gamma"": ""scale""}",0.6304511271615671,0.57,0.5647332725984411,0.5735603194619587,,0.14,True,
CP3,sub-017,"{""C"": 2.636650898730358, ""gamma"": ""auto""}",0.6364519207665214,0.62,0.6134676024819449,0.6287001287001287,,0.24,True,
CP3,sub-018,"{""C"": 48.32930238571752, ""gamma"": ""auto""}",0.6294109659845778,0.585,0.5847404627892432,0.5852130325814536,,0.17000000000000004,True,
CP3,sub-019,"{""C"": 0.29763514416313175, ""gamma"": ""scale""}",0.6667000300270243,0.705,0.7046381817726715,0.7060094462868054,,0.41000000000000003,True,
CP3,sub-020,"{""C"": 100.0, ""gamma"": ""auto""}",0.655499224873256,0.535,0.5340564643402891,0.5352858151023289,,0.06999999999999995,True,
CP3,sub-021,"{""C"": 3.79269019073225, ""gamma"": ""auto""}",0.6438970862579285,0.73,0.7293233082706767,0.7323232323232323,,0.45999999999999996,True,
CP3,sub-022,"{""C"": 100.0, ""gamma"": ""auto""}",0.6609969489725407,0.66,0.6587715776796468,0.6623376623376623,,0.31999999999999995,True,
CP3,sub-023,"{""C"": 5.455594781168517, ""gamma"": ""auto""}",0.6453041191998281,0.6381909547738693,0.6303405572755418,0.6497579225352113,,0.2753388630386405,True,
CP3,sub-024,"{""C"": 1.2742749857031335, ""gamma"": ""auto""}",0.6433907884289564,0.57,0.5601023017902813,0.5769230769230769,,0.14,True,
CP3,sub-025,"{""C"": 5.455594781168517, ""gamma"": ""auto""}",0.6594181752165957,0.75,0.74997499749975,0.7501000400160064,,0.5,True,
CP3,sub-026,"{""C"": 48.32930238571752, ""gamma"": ""auto""}",0.6469714046837793,0.6432160804020101,0.6395755210326267,0.6501054852320676,,0.28717017304878667,True,
CP3,sub-027,"{""C"": 0.6158482110660264, ""gamma"": ""scale""}",0.6274790456963204,0.525,0.5248931009477132,0.5250225202682415,,0.050000000000000044,True,
CP3,sub-028,"{""C"": 0.42813323987193935, ""gamma"": ""scale""}",0.6597332308529887,0.675,0.672040162466258,0.6815541031227306,,0.35,True,
CP3,sub-029,"{""C"": 0.20691380811147894, ""gamma"": ""scale""}",0.6378247071582646,0.515,0.5122564424890006,0.5153452685421995,,0.030000000000000027,True,
CP3,sub-030,"{""C"": 0.20691380811147894, ""gamma"": ""scale""}",0.6379290340906818,0.74,0.7383252818035426,0.7463054187192117,,0.48,True,
CP3,sub-031,"{""C"": 1.2742749857031335, ""gamma"": ""scale""}",0.6534999133749784,0.72,0.7192982456140351,0.7222222222222222,,0.43999999999999995,True,
CP3,sub-032,"{""C"": 33.59818286283781, ""gamma"": ""auto""}",0.6554806207849191,0.57,0.567230273752013,0.5718390804597702,,0.14,True,
CP3,sub-033,"{""C"": 0.6158482110660264, ""gamma"": ""scale""}",0.6431230487202106,0.575,0.5478603154339211,0.5986971969996052,,0.15000000000000002,True,
CP3,sub-034,"{""C"": 0.14384498882876628, ""gamma"": ""scale""}",0.6704900323234777,0.515,0.4753211629479378,0.521505376344086,,0.030000000000000027,True,
CP3,sub-035,"{""C"": 3.79269019073225, ""gamma"": ""auto""}",0.6472706377321853,0.81,0.8090644156366193,0.8161974704202366,,0.62,True,
CP3,sub-036,"{""C"": 2.636650898730358, ""gamma"": ""scale""}",0.6350904802915072,0.615,0.614990374759369,0.6150115011501149,,0.22999999999999998,True,
CP3,sub-037,"{""C"": 1.8329807108324356, ""gamma"": ""scale""}",0.654437021147104,0.665,0.6645891216740507,0.6658124811576726,,0.32999999999999996,True,
CP3,sub-038,"{""C"": 2.636650898730358, ""gamma"": ""scale""}",0.641999641999642,0.5,0.4999499949995,0.5,,0.0,True,
CP3,sub-039,"{""C"": 0.29763514416313175, ""gamma"": ""scale""}",0.651338831374803,0.485,0.48467792370231394,0.4849624060150376,,-0.030000000000000027,True,
CP3,sub-040,"{""C"": 0.6158482110660264, ""gamma"": ""scale""}",0.6321349859397988,0.605,0.6027655562539284,0.6074168797953965,,0.20999999999999996,True,
CP3,sub-041,"{""C"": 0.6158482110660264, ""gamma"": ""scale""}",0.6579421922304869,0.68,0.6788438378161381,0.6826298701298701,,0.36,True,
CP3,sub-042,"{""C"": 0.20691380811147894, ""gamma"": ""scale""}",0.647998591994368,0.63,0.6276167471819646,0.6334154351395731,,0.26,True,
CP3,sub-043,"{""C"": 0.42813323987193935, ""gamma"": ""scale""}",0.6606946251626464,0.66,0.6594551282051282,0.6610305958132046,,0.31999999999999995,True,
CP3,sub-044,"{""C"": 33.59818286283781, ""gamma"": ""auto""}",0.656965696569657,0.61,0.6090225563909775,0.6111111111111112,,0.21999999999999997,True,
CP3,sub-045,"{""C"": 1.2742749857031335, ""gamma"": ""auto""}",0.6569722147493947,0.63,0.63,0.63,,0.26,True,
CP3,sub-046,"{""C"": 23.357214690901213, ""gamma"": ""auto""}",0.6364955470704516,0.805,0.8046043237556051,0.8074906744631516,,0.61,True,
CP3,sub-047,"{""C"": 0.8858667904100825, ""gamma"": ""scale""}",0.6515972464168579,0.635,0.6349908747718693,0.635013501350135,,0.27,True,
CP3,sub-048,"{""C"": 2.636650898730358, ""gamma"": ""scale""}",0.6483057768652738,0.645,0.64349376114082,0.6474926253687315,,0.29000000000000004,True,
CP3,sub-049,"{""C"": 16.23776739188721, ""gamma"": ""auto""}",0.6526874186768091,0.74,0.7378768020969856,0.7480363786688715,,0.48,True,
CP3,sub-050,"{""C"": 0.09999999999999999, ""gamma"": ""scale""}",0.626926877668023,0.56,0.56,0.56,,0.12,True,
CP3,sub-051,"{""C"": 100.0, ""gamma"": ""auto""}",0.637963796379638,0.69,0.6884735202492211,0.693798449612403,,0.38,True,
CP4,sub-001,"{""C"": 5.455594781168517, ""gamma"": ""auto""}",0.654888183771542,0.705,0.7028531137468208,0.7111008135104521,,0.41000000000000003,True,
CP4,sub-002,"{""C"": 2.636650898730358, ""gamma"": ""scale""}",0.6574896390615816,0.525,0.5223130106851037,0.5255754475703325,,0.050000000000000044,True,
CP4,sub-003,"{""C"": 2.636650898730358, ""gamma"": ""auto""}",0.636579886348619,0.64,0.63996399639964,0.6400560224089635,,0.28,True,
CP4,sub-004,"{""C"": 23.357214690901213, ""gamma"": ""auto""}",0.6624599358974359,0.44,0.4372424881921415,0.4388004895960832,,-0.1200000000000001,True,
CP4,sub-005,"{""C"": 7.847599703514611, ""gamma"": ""auto""}",0.6594283948200108,0.725,0.724938111074992,0.7252026824141727,,0.44999999999999996,True,
CP4,sub-006,"{""C"": 0.29763514416313175, ""gamma"": ""scale""}",0.6534167333701921,0.715,0.7149928748218706,0.715021502150215,,0.43000000000000005,True,
CP4,sub-007,"{""C"": 69.51927961775604, ""gamma"": ""auto""}",0.6634554919888156,0.71,0.7097387648883995,0.7107587314331594,,0.42000000000000004,True,
CP4,sub-008,"{""C"": 69.51927961775604, ""gamma"": ""auto""}",0.6564806770380833,0.705,0.7023133782386034,0.7126776636580558,,0.41000000000000003,True,
CP4,sub-009,"{""C"": 11.288378916846883, ""gamma"": ""auto""}",0.6593425310849941,0.585,0.5849066039858968,0.5850765689120208,,0.17000000000000004,True,
CP4,sub-010,"{""C"": 0.6158482110660264, ""gamma"": ""scale""}",0.6548011654713115,0.675,0.672040162466258,0.6815541031227306,,0.35,True,
CP4,sub-011,"{""C"": 11.288378916846883, ""gamma"": ""auto""}",0.6629514650109616,0.69,0.6895032051282051,0.6912238325281803,,0.38,True,
CP4,sub-012,"{""C"": 3.79269019073225, ""gamma"": ""auto""}",0.6666586584662695,0.42,0.41976790716286516,0.4198717948717949,,-0.15999999999999992,True,
CP4,sub-013,"{""C"": 0.8858667904100825, ""gamma"": ""scale""}",0.6534978343614648,0.655,0.6539532084555781,0.6568984715052131,,0.31000000000000005,True,
CP4,sub-014,"{""C"": 100.0, ""gamma"": ""auto""}",0.6484893668033458,0.58,0.5784825371336813,0.5811688311688312,,0.16000000000000003,True,
CP4,sub-015,"{""C"": 5.455594781168517, ""gamma"": ""auto""}",0.645766648403858,0.65,0.6494391025641025,0.6509661835748792,,0.30000000000000004,True,
CP4,sub-016,"{""C"": 0.29763514416313175, ""gamma"": ""scale""}",0.6625626812348804,0.5,0.4900040799673603,0.5,,0.0,True,
CP4,sub-017,"{""C"": 3.79269019073225, ""gamma"": ""scale""}",0.6482339769450647,0.64,0.6382273138378052,0.6427988576091391,,0.28,True,
CP4,sub-018,"{""C"": 3.79269019073225, ""gamma"": ""auto""}",0.6509912747818696,0.58,0.5798319327731092,0.5801282051282051,,0.16000000000000003,True,
CP4,sub-019,"{""C"": 23.357214690901213, ""gamma"": ""auto""}",0.6578820494518224,0.65,0.6498599439775911,0.6502403846153846,,0.30000000000000004,True,
CP4,sub-020,"{""C"": 100.0, ""gamma"": ""auto""}",0.6368950626731125,0.75,0.7463474025974026,0.7652801358234296,,0.5,True,
CP4,sub-021,"{""C"": 7.847599703514611, ""gamma"": ""auto""}",0.6663978343367656,0.74,0.7397657892102892,0.7408671216378964,,0.48,True,
CP4,sub-022,"{""C"": 0.14384498882876628, ""gamma"": ""scale""}",0.6521303258145363,0.56,0.5588972431077694,0.5606060606060606,,0.12,True,
CP4,sub-023,"{""C"": 0.8858667904100825, ""gamma"": ""scale""}",0.6524456946397874,0.7688442211055276,0.7687916750858759,0.7689508793208004,,0.5376300636427922,True,
CP4,sub-024,"{""C"": 3.79269019073225, ""gamma"": ""auto""}",0.6504929224816802,0.85,0.8492613807657522,0.8569971440228478,,0.7,True,
CP4,sub-025,"{""C"": 1.8329807108324356, ""gamma"": ""auto""}",0.6483057768652738,0.565,0.5649021029731689,0.5650585526974277,,0.13,True,
CP4,sub-026,"{""C"": 3.79269019073225, ""gamma"": ""auto""}",0.6589781746031746,0.6884422110552764,0.6816821465428277,0.704500440140845,,0.37598624317216267,True,
CP4,sub-027,"{""C"": 16.23776739188721, ""gamma"": ""auto""}",0.6584958165737531,0.585,0.576087234096887,0.592804891363686,,0.17000000000000004,True,
CP4,sub-028,"{""C"": 16.23776739188721, ""gamma"": ""auto""}",0.6459826531500044,0.665,0.6631049654305469,0.6687979539641944,,0.32999999999999996,True,
CP4,sub-029,"{""C"": 69.51927961775604, ""gamma"": ""auto""}",0.6584070013061056,0.435,0.4346466541588493,0.4348370927318296,,-0.1299999999999999,True,
CP4,sub-030,"{""C"": 0.20691380811147894, ""gamma"": ""scale""}",0.6502543911461824,0.7,0.6997297567811029,0.7007226013649137,,0.4,True,
CP4,sub-031,"{""C"": 0.8858667904100825, ""gamma"": ""scale""}",0.6504614633763373,0.605,0.5839368005266623,0.6316614420062696,,0.20999999999999996,True,
CP4,sub-032,"{""C"": 1.2742749857031335, ""gamma"": ""scale""}",0.6566910219197277,0.525,0.5247029393370857,0.525062656641604,,0.050000000000000044,True,
CP4,sub-033,"{""C"": 5.455594781168517, ""gamma"": ""auto""}",0.6463209499809278,0.67,0.6697027324592133,0.6706142111601766,,0.33999999999999997,True,
CP4,sub-034,"{""C"": 0.09999999999999999, ""gamma"": ""scale""}",0.6591174445521486,0.59,0.576271186440678,0.6034007352941176,,0.18000000000000005,True,
CP4,sub-035,"{""C"": 2.636650898730358, ""gamma"": ""auto""}",0.661999661999662,0.755,0.7511111111111111,0.772,,0.51,True,
CP4,sub-036,"{""C"": 5.455594781168517, ""gamma"": ""auto""}",0.6384214743589743,0.48,0.47953157842057853,0.4799277398635087,,-0.040000000000000036,True,
CP4,sub-037,"{""C"": 0.09999999999999999, ""gamma"": ""scale""}",0.6550148646534188,0.76,0.76,0.76,,0.52,True,
CP4,sub-038,"{""C"": 1.8329807108324356, ""gamma"": ""auto""}",0.6596293363472822,0.52,0.518796992481203,0.5202020202020202,,0.040000000000000036,True,
CP4,sub-039,"{""C"": 1.8329807108324356, ""gamma"": ""auto""}",0.6609589760361003,0.465,0.46434382118094664,0.46482765551200883,,-0.07000000000000006,True,
CP4,sub-040,"{""C"": 0.20691380811147894, ""gamma"": ""scale""}",0.6554806207849191,0.6,0.5894909688013137,0.6114081996434938,,0.19999999999999996,True,
CP4,sub-041,"{""C"": 48.32930238571752, ""gamma"": ""auto""}",0.6549779185867896,0.735,0.7320458050001264,0.7458416152317189,,0.47,True,
CP4,sub-042,"{""C"": 48.32930238571752, ""gamma"": ""auto""}",0.6642077768177757,0.61,0.6085909273384182,0.6116071428571428,,0.21999999999999997,True,
CP4,sub-043,"{""C"": 0.29763514416313175, ""gamma"": ""scale""}",0.643303014089531,0.845,0.8446854881134297,0.8478173202943845,,0.69,True,
CP4,sub-044,"{""C"": 0.8858667904100825, ""gamma"": ""scale""}",0.6514929427320904,0.57,0.568922305764411,0.5707070707070707,,0.14,True,
CP4,sub-045,"{""C"": 0.42813323987193935, ""gamma"": ""scale""}",0.6504048227129836,0.64,0.6386993175431553,0.6420454545454546,,0.28,True,
CP4,sub-046,"{""C"": 11.288378916846883, ""gamma"": ""auto""}",0.6534271330547248,0.785,0.7847363019699132,0.7864033765450709,,0.5700000000000001,True,
CP4,sub-047,"{""C"": 69.51927961775604, ""gamma"": ""auto""}",0.6717045340806727,0.75,0.74997499749975,0.7501000400160064,,0.5,True,
CP4,sub-048,"{""C"": 2.636650898730358, ""gamma"": ""auto""}",0.6592034217778021,0.69,0.6897207486738064,0.690686471296668,,0.38,True,
CP4,sub-049,"{""C"": 100.0, ""gamma"": ""auto""}",0.6584548306513536,0.61,0.6090225563909775,0.6111111111111112,,0.21999999999999997,True,
CP4,sub-050,"{""C"": 1.8329807108324356, ""gamma"": ""scale""}",0.653958128933601,0.67,0.6698679471788715,0.6702724358974359,,0.33999999999999997,True,
CP4,sub-051,"{""C"": 23.357214690901213, ""gamma"": ""auto""}",0.6577686516084873,0.59,0.59,0.59,,0.18000000000000005,True,
CP5,sub-001,"{""C"": 0.20691380811147894, ""gamma"": ""scale""}",0.6814935502443924,0.745,0.742677665935064,0.7541757443718229,,0.49,True,
CP5,sub-002,"{""C"": 100.0, ""gamma"": ""auto""}",0.652977790578597,0.545,0.5444419413781882,0.5452215857702742,,0.08999999999999997,True,
CP5,sub-003,"{""C"": 0.29763514416313175, ""gamma"": ""scale""}",0.6564373857135464,0.86,0.8599859985998599,0.8601440576230492,,0.72,True,
CP5,sub-004,"{""C"": 0.6158482110660264, ""gamma"": ""scale""}",0.6634931857370112,0.56,0.5599559955995599,0.5600240096038416,,0.12,True,
CP5,sub-005,"{""C"": 16.23776739188721, ""gamma"": ""auto""}",0.6494992113732256,0.615,0.6114937309215671,0.61930698205208,,0.22999999999999998,True,
CP5,sub-006,"{""C"": 0.42813323987193935, ""gamma"": ""auto""}",0.6549503128450497,0.715,0.6998025016458196,0.7695924764890282,,0.43000000000000005,True,
CP5,sub-007,"{""C"": 0.20691380811147894, ""gamma"": ""scale""}",0.6633295605900487,0.62,0.6134676024819449,0.6287001287001287,,0.24,True,
CP5,sub-008,"{""C"": 0.09999999999999999, ""gamma"": ""scale""}",0.6569914247856197,0.785,0.7849516141131755,0.7852567310579521,,0.5700000000000001,True,
CP5,sub-009,"{""C"": 0.42813323987193935, ""gamma"": ""scale""}",0.6564373857135464,0.635,0.6338925248877856,0.6366535074400244,,0.27,True,
CP5,sub-010,"{""C"": 0.20691380811147894, ""gamma"": ""scale""}",0.6608358445487617,0.665,0.6649246080368083,0.6651486337703933,,0.32999999999999996,True,
CP5,sub-011,"{""C"": 0.20691380811147894, ""gamma"": ""scale""}",0.6358237386895258,0.74,0.7348021215830274,0.7604166666666667,,0.48,True,
CP5,sub-012,"{""C"": 0.8858667904100825, ""gamma"": ""scale""}",0.6579876875567521,0.53,0.5295766189570613,0.530108390204737,,0.06000000000000005,True,
CP5,sub-013,"{""C"": 2.636650898730358, ""gamma"": ""auto""}",0.6554275536431535,0.61,0.609375,0.6107085346215781,,0.21999999999999997,True,
CP5,sub-014,"{""C"": 100.0, ""gamma"": ""auto""}",0.6543402187661247,0.525,0.5235587652649264,0.525306205081486,,0.050000000000000044,True,
CP5,sub-015,"{""C"": 0.42813323987193935, ""gamma"": ""scale""}",0.6533543221538851,0.68,0.677938808373591,0.6847290640394088,,0.36,True,
CP5,sub-016,"{""C"": 11.288378916846883, ""gamma"": ""auto""}",0.6598499938472866,0.565,0.5512572533849129,0.5740740740740741,,0.13,True,
CP5,sub-017,"{""C"": 23.357214690901213, ""gamma"": ""auto""}",0.6744406668115264,0.6,0.595959595959596,0.6041666666666667,,0.19999999999999996,True,
CP5,sub-018,"{""C"": 33.59818286283781, ""gamma"": ""auto""}",0.6479827511548066,0.615,0.614990374759369,0.6150115011501149,,0.22999999999999998,True,
CP5,sub-019,"{""C"": 33.59818286283781, ""gamma"": ""auto""}",0.654965496549655,0.7,0.6989160979526294,0.702922077922078,,0.4,True,
CP5,sub-020,"{""C"": 0.29763514416313175, ""gamma"": ""scale""}",0.6717239198165658,0.575,0.5731967562953478,0.5762892889838267,,0.15000000000000002,True,
CP5,sub-021,"{""C"": 0.20691380811147894, ""gamma"": ""auto""}",0.6504453820909517,0.81,0.8096955128205128,0.8119967793880838,,0.62,True,
CP5,sub-022,"{""C"": 1.8329807108324356, ""gamma"": ""auto""}",0.6444031887681421,0.62,0.6198479391756703,0.6201923076923077,,0.24,True,
CP5,sub-023,"{""C"": 0.29763514416313175, ""gamma"": ""scale""}",0.6419824571403998,0.7236180904522613,0.7226094229160859,0.7263513513513513,,0.4469149527515287,True,
CP5,sub-024,"{""C"": 5.455594781168517, ""gamma"": ""auto""}",0.659,0.65,0.632198402690206,0.6860119047619048,,0.30000000000000004,True,
CP5,sub-025,"{""C"": 0.6158482110660264, ""gamma"": ""auto""}",0.6369967329705968,0.71,0.7064480210547626,0.7206809583858764,,0.42000000000000004,True,
CP5,sub-026,"{""C"": 0.29763514416313175, ""gamma"": ""scale""}",0.6639139619742654,0.6180904522613065,0.6098039215686275,0.6302879291251384,,0.23731719616742308,True,
CP5,sub-027,"{""C"": 0.42813323987193935, ""gamma"": ""auto""}",0.6619915497887447,0.505,0.5034980816971338,0.5050612410162971,,0.010000000000000009,True,
CP5,sub-028,"{""C"": 48.32930238571752, ""gamma"": ""auto""}",0.650489427305176,0.69,0.6807743795695603,0.7148349163274537,,0.38,True,
CP5,sub-029,"{""C"": 23.357214690901213, ""gamma"": ""auto""}",0.6522912878455293,0.495,0.4946841776110069,0.4949874686716792,,-0.010000000000000009,True,
CP5,sub-030,"{""C"": 0.6158482110660264, ""gamma"": ""scale""}",0.6564806770380833,0.745,0.7409523809523809,0.7613333333333333,,0.49,True,
CP5,sub-031,"{""C"": 0.6158482110660264, ""gamma"": ""auto""}",0.6594692671013559,0.71,0.7085720028137876,0.7141982864137086,,0.42000000000000004,True,
CP5,sub-032,"{""C"": 0.29763514416313175, ""gamma"": ""scale""}",0.6502725897514858,0.585,0.5826524198617222,0.5869565217391304,,0.17000000000000004,True,
CP5,sub-033,"{""C"": 1.2742749857031335, ""gamma"": ""auto""}",0.6614992383732863,0.62,0.5876736111111112,0.6748251748251748,,0.24,True,
CP5,sub-034,"{""C"": 1.8329807108324356, ""gamma"": ""scale""}",0.6463209499809278,0.61,0.6060606060606061,0.6145833333333333,,0.21999999999999997,True,
CP5,sub-035,"{""C"": 1.8329807108324356, ""gamma"": ""scale""}",0.6434892155487704,0.825,0.823406241327985,0.8371719057993567,,0.65,True,
CP5,sub-036,"{""C"": 48.32930238571752, ""gamma"": ""auto""}",0.6634978968618555,0.66,0.66,0.66,,0.31999999999999995,True,
CP5,sub-037,"{""C"": 1.8329807108324356, ""gamma"": ""scale""}",0.648,0.67,0.6694711538461539,0.6710950080515299,,0.33999999999999997,True,
CP5,sub-038,"{""C"": 11.288378916846883, ""gamma"": ""auto""}",0.6434742410139133,0.505,0.494369110549299,0.5054591112566874,,0.010000000000000009,True,
CP5,sub-039,"{""C"": 0.6158482110660264, ""gamma"": ""scale""}",0.6543685736501305,0.48,0.47916666666666663,0.47987117552334946,,-0.040000000000000036,True,
CP5,sub-040,"{""C"": 7.847599703514611, ""gamma"": ""auto""}",0.65541721398566,0.635,0.6349178565177165,0.6351216094485037,,0.27,True,
CP5,sub-041,"{""C"": 0.20691380811147894, ""gamma"": ""scale""}",0.6579876875567521,0.68,0.6794871794871795,0.681159420289855,,0.36,True,
CP5,sub-042,"{""C"": 69.51927961775604, ""gamma"": ""auto""}",0.652977790578597,0.61,0.607487922705314,0.6128899835796388,,0.21999999999999997,True,
CP5,sub-043,"{""C"": 3.79269019073225, ""gamma"": ""auto""}",0.6519874715489757,0.69,0.6899689968996899,0.6900760304121649,,0.38,True,
CP5,sub-044,"{""C"": 0.29763514416313175, ""gamma"": ""auto""}",0.6688248083236031,0.6,0.5993589743589745,0.6006441223832528,,0.19999999999999996,True,
CP5,sub-045,"{""C"": 3.79269019073225, ""gamma"": ""auto""}",0.65598761555416,0.61,0.60984393757503,0.610176282051282,,0.21999999999999997,True,
CP5,sub-046,"{""C"": 1.8329807108324356, ""gamma"": ""auto""}",0.656,0.69,0.6888799678843838,0.692775974025974,,0.38,True,
CP5,sub-047,"{""C"": 11.288378916846883, ""gamma"": ""auto""}",0.6749986999947999,0.705,0.7049336100622641,0.7051846661995796,,0.41000000000000003,True,
CP5,sub-048,"{""C"": 0.8858667904100825, ""gamma"": ""auto""}",0.6539913497837446,0.635,0.6349908747718693,0.635013501350135,,0.27,True,
CP5,sub-049,"{""C"": 0.6158482110660264, ""gamma"": ""scale""}",0.6604075459543861,0.68,0.6652369494717021,0.7185526954832443,,0.36,True,
CP5,sub-050,"{""C"": 0.6158482110660264, ""gamma"": ""scale""}",0.6624756138631016,0.605,0.6027655562539284,0.6074168797953965,,0.20999999999999996,True,
CP5,sub-051,"{""C"": 0.20691380811147894, ""gamma"": ""scale""}",0.6504957185725525,0.685,0.6772458310919849,0.7046686580373935,,0.37,True,
CP6,sub-001,"{""C"": 1.2742749857031335, ""gamma"": ""auto""}",0.6724999181249796,0.69,0.6796196775527077,0.7182904411764706,,0.38,True,
CP6,sub-002,"{""C"": 1.2742749857031335, ""gamma"": ""scale""}",0.6859949759196147,0.56,0.5592948717948718,0.5603864734299517,,0.12,True,
CP6,sub-003,"{""C"": 0.14384498882876628, ""gamma"": ""scale""}",0.6660551019095189,0.675,0.6726347863312432,0.6802080115333127,,0.35,True,
CP6,sub-004,"{""C"": 0.8858667904100825, ""gamma"": ""auto""}",0.65,0.44,0.4391025641025641,0.43961352657004826,,-0.1200000000000001,True,
CP6,sub-005,"{""C"": 0.6158482110660264, ""gamma"": ""auto""}",0.6588768545444905,0.645,0.6424164589156657,0.6493152095561734,,0.29000000000000004,True,
CP6,sub-006,"{""C"": 0.6158482110660264, ""gamma"": ""auto""}",0.6648914248216422,0.61,0.6032956972841013,0.6179751179751181,,0.21999999999999997,True,
CP6,sub-007,"{""C"": 0.6158482110660264, ""gamma"": ""scale""}",0.6878048780487804,0.66,0.6598639455782312,0.6602564102564102,,0.31999999999999995,True,
CP6,sub-008,"{""C"": 0.6158482110660264, ""gamma"": ""auto""}",0.6544854020082349,0.775,0.7749943748593715,0.7750275027502751,,0.55,True,
CP6,sub-009,"{""C"": 1.8329807108324356, ""gamma"": ""scale""}",0.6694933072394716,0.555,0.5509472993768763,0.5570598609814296,,0.10999999999999999,True,
CP6,sub-010,"{""C"": 1.8329807108324356, ""gamma"": ""scale""}",0.6489873635450876,0.7,0.6985227615315044,0.7039983680130559,,0.4,True,
CP6,sub-011,"{""C"": 0.8858667904100825, ""gamma"": ""scale""}",0.6545768566493955,0.72,0.719551282051282,0.7214170692431562,,0.43999999999999995,True,
CP6,sub-012,"{""C"": 0.6158482110660264, ""gamma"": ""scale""}",0.6729672967296729,0.495,0.49438061625491225,0.4949753793588584,,-0.010000000000000009,True,
CP6,sub-013,"{""C"": 0.6158482110660264, ""gamma"": ""auto""}",0.6648377814862394,0.68,0.6798719487795117,0.6802884615384616,,0.36,True,
CP6,sub-014,"{""C"": 2.636650898730358, ""gamma"": ""auto""}",0.6794576082686935,0.52,0.5117485505035093,0.5214500214500215,,0.040000000000000036,True,
CP6,sub-015,"{""C"": 100.0, ""gamma"": ""auto""}",0.664385135812732,0.67,0.6697027324592133,0.6706142111601766,,0.33999999999999997,True,
CP6,sub-016,"{""C"": 2.636650898730358, ""gamma"": ""auto""}",0.6654898810689023,0.505,0.5021998742928976,0.5051150895140665,,0.010000000000000009,True,
CP6,sub-017,"{""C"": 1.8329807108324356, ""gamma"": ""scale""}",0.6694933072394716,0.675,0.6743405395926751,0.6764290755116443,,0.35,True,
CP6,sub-018,"{""C"": 5.455594781168517, ""gamma"": ""auto""}",0.6549913747843696,0.57,0.567882624861823,0.5713994288045696,,0.14,True,
CP6,sub-019,"{""C"": 0.20691380811147894, ""gamma"": ""scale""}",0.6753356386670752,0.7,0.6999699969997,0.7000800320128051,,0.4,True,
CP6,sub-020,"{""C"": 1.2742749857031335, ""gamma"": ""scale""}",0.6754901835780532,0.705,0.7041049173750595,0.707510881668185,,0.41000000000000003,True,
CP6,sub-021,"{""C"": 0.8858667904100825, ""gamma"": ""scale""}",0.675936483550776,0.72,0.719551282051282,0.7214170692431562,,0.43999999999999995,True,
CP6,sub-022,"{""C"": 1.2742749857031335, ""gamma"": ""scale""}",0.6569584919775293,0.565,0.5649021029731689,0.5650585526974277,,0.13,True,
CP6,sub-023,"{""C"": 1.8329807108324356, ""gamma"": ""scale""}",0.6619428683447504,0.7587939698492462,0.7587391392200444,0.758894279361229,,0.5175270229316092,True,
CP6,sub-024,"{""C"": 0.8858667904100825, ""gamma"": ""scale""}",0.6609833881860211,0.79,0.7894736842105263,0.7929292929292929,,0.5800000000000001,True,
CP6,sub-025,"{""C"": 1.2742749857031335, ""gamma"": ""auto""}",0.6613576855673597,0.625,0.6242390841453944,0.6260207682226031,,0.25,True,
CP6,sub-026,"{""C"": 48.32930238571752, ""gamma"": ""auto""}",0.6584992316232712,0.6582914572864321,0.6431434599156118,0.688498789346247,,0.31518218623481775,True,
CP6,sub-027,"{""C"": 0.20691380811147894, ""gamma"": ""scale""}",0.677844076533042,0.54,0.46703742324180275,0.5884173297966402,,0.07999999999999996,True,
CP6,sub-028,"{""C"": 0.8858667904100825, ""gamma"": ""scale""}",0.6754992698733573,0.72,0.7197477729956961,0.720794861501405,,0.43999999999999995,True,
CP6,sub-029,"{""C"": 7.847599703514611, ""gamma"": ""auto""}",0.6784999196249799,0.4,0.3997599039615846,0.3998397435897436,,-0.19999999999999996,True,
CP6,sub-030,"{""C"": 0.42813323987193935, ""gamma"": ""scale""}",0.6609438631715672,0.755,0.7511111111111111,0.772,,0.51,True,
CP6,sub-031,"{""C"": 0.8858667904100825, ""gamma"": ""scale""}",0.6696402382194209,0.685,0.6711813982619588,0.7223824978963818,,0.37,True,
CP6,sub-032,"{""C"": 0.42813323987193935, ""gamma"": ""auto""}",0.6764999191249798,0.56,0.56,0.56,,0.12,True,
CP6,sub-033,"{""C"": 1.8329807108324356, ""gamma"": ""auto""}",0.6569584919775293,0.69,0.6897207486738064,0.690686471296668,,0.38,True,
CP6,sub-034,"{""C"": 2.636650898730358, ""gamma"": ""scale""}",0.6684999171249792,0.605,0.6038014995360967,0.6062860613422412,,0.20999999999999996,True,
CP6,sub-035,"{""C"": 0.8858667904100825, ""gamma"": ""scale""}",0.6464801145064409,0.82,0.8158567774936061,0.8516483516483517,,0.64,True,
CP6,sub-036,"{""C"": 1.2742749857031335, ""gamma"": ""auto""}",0.6717948717948719,0.55,0.5483741469289443,0.5507305194805194,,0.09999999999999998,True,
CP6,sub-037,"{""C"": 5.455594781168517, ""gamma"": ""auto""}",0.6648226912036468,0.71,0.7081320450885669,0.7155172413793103,,0.42000000000000004,True,
CP6,sub-038,"{""C"": 0.8858667904100825, ""gamma"": ""auto""}",0.6779368756276231,0.525,0.5248931009477132,0.5250225202682415,,0.050000000000000044,True,
CP6,sub-039,"{""C"": 16.23776739188721, ""gamma"": ""auto""}",0.6664859090296565,0.475,0.4749868746718668,0.47499749974997496,,-0.050000000000000044,True,
CP6,sub-040,"{""C"": 5.455594781168517, ""gamma"": ""auto""}",0.6533085396410168,0.615,0.6042250263421655,0.629053978229155,,0.22999999999999998,True,
CP6,sub-041,"{""C"": 0.29763514416313175, ""gamma"": ""scale""}",0.6522370042344523,0.765,0.7640029123044865,0.7695554877428543,,0.53,True,
CP6,sub-042,"{""C"": 3.79269019073225, ""gamma"": ""auto""}",0.6638911007166322,0.575,0.5725958516656191,0.5767263427109974,,0.15000000000000002,True,
CP6,sub-043,"{""C"": 1.8329807108324356, ""gamma"": ""auto""}",0.6714933477402918,0.845,0.8445297023496076,0.8492256301245065,,0.69,True,
CP6,sub-044,"{""C"": 3.79269019073225, ""gamma"": ""auto""}",0.656454566116369,0.605,0.6021253556948956,0.6081248069199876,,0.20999999999999996,True,
CP6,sub-045,"{""C"": 0.29763514416313175, ""gamma"": ""scale""}",0.6721537123586789,0.67,0.67,0.67,,0.33999999999999997,True,
CP6,sub-046,"{""C"": 48.32930238571752, ""gamma"": ""auto""}",0.6664959145749536,0.78,0.779205138498595,0.7840909090909092,,0.56,True,
CP6,sub-047,"{""C"": 1.8329807108324356, ""gamma"": ""scale""}",0.6589587340068148,0.72,0.7198879551820728,0.7203525641025641,,0.43999999999999995,True,
CP6,sub-048,"{""C"": 16.23776739188721, ""gamma"": ""auto""}",0.6729986919947679,0.71,0.7081320450885669,0.7155172413793103,,0.42000000000000004,True,
CP6,sub-049,"{""C"": 0.09999999999999999, ""gamma"": ""scale""}",0.6464895308825944,0.665,0.6587812889918769,0.6779743285513968,,0.32999999999999996,True,
CP6,sub-050,"{""C"": 0.6158482110660264, ""gamma"": ""auto""}",0.669332599628562,0.73,0.7298919567827131,0.7303685897435898,,0.45999999999999996,True,
CP6,sub-051,"{""C"": 1.8329807108324356, ""gamma"": ""scale""}",0.6594072736302459,0.54,0.5332792207792207,0.5424448217317488,,0.07999999999999996,True,
TP7,sub-001,"{""C"": 1.8329807108324356, ""gamma"": ""auto""}",0.6439088406632097,0.785,0.7849946248656217,0.785028502850285,,0.5700000000000001,True,
TP7,sub-002,"{""C"": 2.636650898730358, ""gamma"": ""auto""}",0.6603124075270568,0.575,0.5747342088805503,0.575187969924812,,0.15000000000000002,True,
TP7,sub-003,"{""C"": 2.636650898730358, ""gamma"": ""auto""}",0.651998607994432,0.815,0.8148843026891808,0.8157894736842106,,0.63,True,
TP7,sub-004,"{""C"": 1.2742749857031335, ""gamma"": ""auto""}",0.6658526410146874,0.53,0.5252525252525253,0.53125,,0.06000000000000005,True,
TP7,sub-005,"{""C"": 48.32930238571752, ""gamma"": ""auto""}",0.6452693363859849,0.64,0.6347402597402598,0.6485568760611206,,0.28,True,
TP7,sub-006,"{""C"": 33.59818286283781, ""gamma"": ""auto""}",0.6465419183261507,0.71,0.6952501050861706,0.7604166666666667,,0.42000000000000004,True,
TP7,sub-007,"{""C"": 1.2742749857031335, ""gamma"": ""auto""}",0.6444977781111132,0.585,0.5794380684553216,0.5897476507232604,,0.17000000000000004,True,
TP7,sub-008,"{""C"": 69.51927961775604, ""gamma"": ""auto""}",0.6572407883461868,0.71,0.7085720028137876,0.7141982864137086,,0.42000000000000004,True,
TP7,sub-009,"{""C"": 0.09999999999999999, ""gamma"": ""auto""}",0.6569945119121906,0.66,0.6558356108917907,0.6681378730559059,,0.31999999999999995,True,
TP7,sub-010,"{""C"": 3.79269019073225, ""gamma"": ""auto""}",0.6598040471311475,0.66,0.6594551282051282,0.6610305958132046,,0.31999999999999995,True,
TP7,sub-011,"{""C"": 23.357214690901213, ""gamma"": ""auto""}",0.64636553049297,0.725,0.7173035902444038,0.7524969139266076,,0.44999999999999996,True,
TP7,sub-012,"{""C"": 0.6158482110660264, ""gamma"": ""scale""}",0.6470552013174603,0.51,0.5028409090909091,0.5106112054329373,,0.020000000000000018,True,
TP7,sub-013,"{""C"": 0.14384498882876628, ""gamma"": ""scale""}",0.6655665742802672,0.65,0.6482765551200884,0.652998776009792,,0.30000000000000004,True,
TP7,sub-014,"{""C"": 0.14384498882876628, ""gamma"": ""scale""}",0.6597643254126234,0.535,0.5263680578543963,0.5377521302987811,,0.06999999999999995,True,
TP7,sub-015,"{""C"": 0.6158482110660264, ""gamma"": ""scale""}",0.658883858970265,0.645,0.6445645916247403,0.6457139985931062,,0.29000000000000004,True,
TP7,sub-016,"{""C"": 1.2742749857031335, ""gamma"": ""auto""}",0.6554620146871193,0.61,0.6068152031454783,0.6136833402232327,,0.21999999999999997,True,
TP7,sub-017,"{""C"": 7.847599703514611, ""gamma"": ""auto""}",0.6638517586255539,0.54,0.53995399539954,0.540016006402561,,0.07999999999999996,True,
TP7,sub-018,"{""C"": 0.8858667904100825, ""gamma"": ""scale""}",0.6433643893090348,0.52,0.5,0.5238095238095237,,0.040000000000000036,True,
TP7,sub-019,"{""C"": 0.14384498882876628, ""gamma"": ""scale""}",0.6541990667378286,0.685,0.6814884097171314,0.6935348885866723,,0.37,True,
TP7,sub-020,"{""C"": 0.6158482110660264, ""gamma"": ""scale""}",0.6682670405292117,0.575,0.5702621400945423,0.5784600899675698,,0.15000000000000002,True,
TP7,sub-021,"{""C"": 0.6158482110660264, ""gamma"": ""auto""}",0.6483374439834814,0.78,0.7789166917897699,0.7855977152182783,,0.56,True,
TP7,sub-022,"{""C"": 7.847599703514611, ""gamma"": ""auto""}",0.6546463578704593,0.57,0.569827931172469,0.5701121794871795,,0.14,True,
TP7,sub-023,"{""C"": 0.6158482110660264, ""gamma"": ""scale""}",0.6544169736779262,0.7386934673366834,0.7386340674883816,0.7390776699029127,,0.47747929711169457,True,
TP7,sub-024,"{""C"": 23.357214690901213, ""gamma"": ""auto""}",0.647288284792947,0.735,0.7266279819471309,0.7678062678062678,,0.47,True,
TP7,sub-025,"{""C"": 0.14384498882876628, ""gamma"": ""auto""}",0.668853964598388,0.72,0.716570503087357,0.7311895754518705,,0.43999999999999995,True,
TP7,sub-026,"{""C"": 100.0, ""gamma"": ""auto""}",0.6639593390800287,0.6432160804020101,0.6408946498919812,0.6476942251765683,,0.2870262905586113,True,
TP7,sub-027,"{""C"": 33.59818286283781, ""gamma"": ""auto""}",0.654437021147104,0.525,0.5248931009477132,0.5250225202682415,,0.050000000000000044,True,
TP7,sub-028,"{""C"": 7.847599703514611, ""gamma"": ""auto""}",0.6598353603143922,0.69,0.6818555008210181,0.7116755793226381,,0.38,True,
TP7,sub-029,"{""C"": 0.09999999999999999, ""gamma"": ""scale""}",0.6346488975905846,0.5,0.48849104859335035,0.5,,0.0,True,
TP7,sub-030,"{""C"": 0.14384498882876628, ""gamma"": ""scale""}",0.6521764371306408,0.79,0.7882851093860268,0.7997106242248864,,0.5800000000000001,True,
TP7,sub-031,"{""C"": 0.42813323987193935, ""gamma"": ""scale""}",0.6471177944862155,0.705,0.7041049173750595,0.707510881668185,,0.41000000000000003,True,
TP7,sub-032,"{""C"": 48.32930238571752, ""gamma"": ""auto""}",0.6457959784836065,0.585,0.5849066039858968,0.5850765689120208,,0.17000000000000004,True,
TP7,sub-033,"{""C"": 69.51927961775604, ""gamma"": ""auto""}",0.6594753970974403,0.69,0.6846709388668497,0.7037752037752039,,0.38,True,
TP7,sub-034,"{""C"": 0.42813323987193935, ""gamma"": ""scale""}",0.6543817121409803,0.635,0.6316758747697975,0.6400560224089635,,0.27,True,
TP7,sub-035,"{""C"": 1.8329807108324356, ""gamma"": ""auto""}",0.6384890642941949,0.85,0.8498648783905515,0.851264552388599,,0.7,True,
TP7,sub-036,"{""C"": 0.29763514416313175, ""gamma"": ""scale""}",0.6584377502799885,0.7,0.6995192307692308,0.7012882447665056,,0.4,True,
TP7,sub-037,"{""C"": 0.29763514416313175, ""gamma"": ""auto""}",0.6678086577868853,0.67,0.6624040920716112,0.6868131868131868,,0.33999999999999997,True,
TP7,sub-038,"{""C"": 16.23776739188721, ""gamma"": ""auto""}",0.6499912497812446,0.495,0.45685784195100965,0.4930468641357252,,-0.010000000000000009,True,
TP7,sub-039,"{""C"": 11.288378916846883, ""gamma"": ""auto""}",0.6599129377120543,0.475,0.47021872398395514,0.4740636995538956,,-0.050000000000000044,True,
TP7,sub-040,"{""C"": 0.20691380811147894, ""gamma"": ""scale""}",0.6573956459194018,0.665,0.6625620105260508,0.6699104108742664,,0.32999999999999996,True,
TP7,sub-041,"{""C"": 0.6158482110660264, ""gamma"": ""scale""}",0.658933150897576,0.725,0.7224955220868337,0.7334267040149394,,0.44999999999999996,True,
TP7,sub-042,"{""C"": 0.8858667904100825, ""gamma"": ""auto""}",0.6759270835938086,0.61,0.6080795899909557,0.6121991024071807,,0.21999999999999997,True,
TP7,sub-043,"{""C"": 0.6158482110660264, ""gamma"": ""scale""}",0.667978750640041,0.705,0.7046381817726715,0.7060094462868054,,0.41000000000000003,True,
TP7,sub-044,"{""C"": 0.8858667904100825, ""gamma"": ""scale""}",0.6624810145570688,0.625,0.6238621831038893,0.6265310254074299,,0.25,True,
TP7,sub-045,"{""C"": 1.8329807108324356, ""gamma"": ""auto""}",0.6538615446178471,0.66,0.65996599659966,0.6600640256102441,,0.31999999999999995,True,
TP7,sub-046,"{""C"": 1.8329807108324356, ""gamma"": ""scale""}",0.6554978468615429,0.64,0.637060187518903,0.6446878875568417,,0.28,True,
TP7,sub-047,"{""C"": 0.29763514416313175, ""gamma"": ""scale""}",0.6722448521393289,0.59,0.5885186672019269,0.5913149350649352,,0.18000000000000005,True,
TP7,sub-048,"{""C"": 0.6158482110660264, ""gamma"": ""auto""}",0.651273240424586,0.6,0.5951007186962243,0.6050861706599411,,0.19999999999999996,True,
TP7,sub-049,"{""C"": 0.20691380811147894, ""gamma"": ""auto""}",0.653155843886096,0.605,0.5839368005266623,0.6316614420062696,,0.20999999999999996,True,
TP7,sub-050,"{""C"": 3.79269019073225, ""gamma"": ""scale""}",0.6554620146871193,0.605,0.6033240440862644,0.6068050045773574,,0.20999999999999996,True,
TP7,sub-051,"{""C"": 0.20691380811147894, ""gamma"": ""auto""}",0.6597700045230577,0.64,0.6382273138378052,0.6427988576091391,,0.28,True,
TP8,sub-001,"{""C"": 2.636650898730358, ""gamma"": ""scale""}",0.6689880835710085,0.76,0.7588182092252035,0.7651978784169726,,0.52,True,
TP8,sub-002,"{""C"": 23.357214690901213, ""gamma"": ""auto""}",0.6719970479734318,0.61,0.60996099609961,0.6100440176070427,,0.21999999999999997,True,
TP8,sub-003,"{""C"": 69.51927961775604, ""gamma"": ""auto""}",0.6664859090296565,0.66,0.6596937243519168,0.660578081091931,,0.31999999999999995,True,
TP8,sub-004,"{""C"": 7.847599703514611, ""gamma"": ""scale""}",0.6609725387756408,0.44,0.43797671617824163,0.43912337662337664,,-0.1200000000000001,True,
TP8,sub-005,"{""C"": 0.42813323987193935, ""gamma"": ""scale""}",0.6637898686679174,0.605,0.6014026589974519,0.6089324618736384,,0.20999999999999996,True,
TP8,sub-006,"{""C"": 5.455594781168517, ""gamma"": ""scale""}",0.6614978843617773,0.6,0.5985547972701726,0.601461038961039,,0.19999999999999996,True,
TP8,sub-007,"{""C"": 100.0, ""gamma"": ""auto""}",0.6669916747918698,0.6,0.5998399359743898,0.6001602564102564,,0.19999999999999996,True,
TP8,sub-008,"{""C"": 100.0, ""gamma"": ""auto""}",0.6639969759727837,0.725,0.724938111074992,0.7252026824141727,,0.44999999999999996,True,
TP8,sub-009,"{""C"": 48.32930238571752, ""gamma"": ""auto""}",0.6509577658896726,0.6,0.5974235104669887,0.6026272577996716,,0.19999999999999996,True,
TP8,sub-010,"{""C"": 0.42813323987193935, ""gamma"": ""scale""}",0.6599142873814426,0.655,0.6530483972344437,0.6585677749360614,,0.31000000000000005,True,
TP8,sub-011,"{""C"": 0.42813323987193935, ""gamma"": ""scale""}",0.6627541477737271,0.715,0.7129258895520133,0.7213984141694985,,0.43000000000000005,True,
TP8,sub-012,"{""C"": 0.29763514416313175, ""gamma"": ""scale""}",0.661184817176178,0.48,0.4799479947994799,0.4799919967987195,,-0.040000000000000036,True,
TP8,sub-013,"{""C"": 0.6158482110660264, ""gamma"": ""scale""}",0.6564999141249785,0.72,0.7198879551820728,0.7203525641025641,,0.43999999999999995,True,
TP8,sub-014,"{""C"": 0.6158482110660264, ""gamma"": ""scale""}",0.6471272781875856,0.485,0.4754398920322885,0.4838205155862366,,-0.030000000000000027,True,
TP8,sub-015,"{""C"": 69.51927961775604, ""gamma"": ""auto""}",0.6604286051142252,0.72,0.7197477729956961,0.720794861501405,,0.43999999999999995,True,
TP8,sub-016,"{""C"": 33.59818286283781, ""gamma"": ""auto""}",0.6534749635661177,0.54,0.539585627064358,0.5401445202729827,,0.07999999999999996,True,
TP8,sub-017,"{""C"": 48.32930238571752, ""gamma"": ""auto""}",0.6599969399724598,0.615,0.6142187930559382,0.6159391067647948,,0.22999999999999998,True,
TP8,sub-018,"{""C"": 0.8858667904100825, ""gamma"": ""scale""}",0.6708548469875215,0.555,0.5289883834775476,0.5705942754460275,,0.10999999999999999,True,
TP8,sub-019,"{""C"": 1.8329807108324356, ""gamma"": ""auto""}",0.6589126816465015,0.69,0.6897207486738064,0.690686471296668,,0.38,True,
TP8,sub-020,"{""C"": 0.8858667904100825, ""gamma"": ""auto""}",0.6454956573218023,0.745,0.7444825772188681,0.7470007057163021,,0.49,True,
TP8,sub-021,"{""C"": 100.0, ""gamma"": ""auto""}",0.6504453820909517,0.74,0.7390606182256123,0.7435064935064934,,0.48,True,
TP8,sub-022,"{""C"": 1.8329807108324356, ""gamma"": ""scale""}",0.6592607158376971,0.595,0.5945032665014642,0.5954677921816902,,0.18999999999999995,True,
TP8,sub-023,"{""C"": 0.6158482110660264, ""gamma"": ""auto""}",0.6619513209902226,0.7336683417085427,0.7314713445527916,0.7406712528663748,,0.466865490572714,True,
TP8,sub-024,"{""C"": 5.455594781168517, ""gamma"": ""scale""}",0.6444928009792199,0.74,0.7393483709273183,0.7424242424242424,,0.48,True,
TP8,sub-025,"{""C"": 5.455594781168517, ""gamma"": ""auto""}",0.659454962918846,0.69,0.689875950380152,0.6903044871794872,,0.38,True,
TP8,sub-026,"{""C"": 1.8329807108324356, ""gamma"": ""scale""}",0.6534541693138918,0.5979899497487438,0.576325314030232,0.6210858585858585,,0.1941688600931364,True,
TP8,sub-027,"{""C"": 1.8329807108324356, ""gamma"": ""scale""}",0.673490123076223,0.555,0.5409413281753708,0.5626780626780628,,0.10999999999999999,True,
TP8,sub-028,"{""C"": 23.357214690901213, ""gamma"": ""auto""}",0.6629834861908234,0.745,0.744993624840621,0.7450245024502451,,0.49,True,
TP8,sub-029,"{""C"": 69.51927961775604, ""gamma"": ""auto""}",0.6719160104986877,0.4,0.399459513562206,0.39963869931754314,,-0.19999999999999996,True,
TP8,sub-030,"{""C"": 0.29763514416313175, ""gamma"": ""auto""}",0.6624472573839661,0.775,0.7708232538005144,0.7966238809189947,,0.55,True,
TP8,sub-031,"{""C"": 0.42813323987193935, ""gamma"": ""auto""}",0.6613963026176766,0.715,0.7070237207987459,0.7412748288632027,,0.43000000000000005,True,
TP8,sub-032,"{""C"": 100.0, ""gamma"": ""auto""}",0.6664999166249792,0.6,0.5999599959995999,0.6000400160064026,,0.19999999999999996,True,
TP8,sub-033,"{""C"": 0.6158482110660264, ""gamma"": ""scale""}",0.66163151672171,0.655,0.6518580186180276,0.660805062765847,,0.31000000000000005,True,
TP8,sub-034,"{""C"": 2.636650898730358, ""gamma"": ""scale""}",0.6724999181249796,0.555,0.5509472993768763,0.5570598609814296,,0.10999999999999999,True,
TP8,sub-035,"{""C"": 1.2742749857031335, ""gamma"": ""scale""}",0.657495804323603,0.775,0.7694613079228464,0.8042371943799093,,0.55,True,
TP8,sub-036,"{""C"": 1.2742749857031335, ""gamma"": ""scale""}",0.6544619044249629,0.63,0.62996299629963,0.6300520208083233,,0.26,True,
TP8,sub-037,"{""C"": 100.0, ""gamma"": ""auto""}",0.6569228076317171,0.74,0.7397657892102892,0.7408671216378964,,0.48,True,
TP8,sub-038,"{""C"": 0.8858667904100825, ""gamma"": ""scale""}",0.6946674928997678,0.53,0.5206038351693186,0.5325520833333333,,0.06000000000000005,True,
TP8,sub-039,"{""C"": 3.79269019073225, ""gamma"": ""scale""}",0.6684999171249792,0.485,0.4834373981293412,0.4848162769511084,,-0.030000000000000027,True,
TP8,sub-040,"{""C"": 1.8329807108324356, ""gamma"": ""scale""}",0.6734404845283053,0.665,0.6587812889918769,0.6779743285513968,,0.32999999999999996,True,
TP8,sub-041,"{""C"": 100.0, ""gamma"": ""auto""}",0.6504747468004564,0.785,0.7843476516462298,0.7884907379289402,,0.5700000000000001,True,
TP8,sub-042,"{""C"": 0.8858667904100825, ""gamma"": ""scale""}",0.6768138447745902,0.595,0.5941782108770259,0.5957757838491784,,0.18999999999999995,True,
TP8,sub-043,"{""C"": 1.2742749857031335, ""gamma"": ""scale""}",0.685340703731264,0.82,0.818840579710145,0.8284072249589491,,0.64,True,
TP8,sub-044,"{""C"": 48.32930238571752, ""gamma"": ""auto""}",0.6614694476176475,0.645,0.6439228666716819,0.6467759894726186,,0.29000000000000004,True,
TP8,sub-045,"{""C"": 2.636650898730358, ""gamma"": ""scale""}",0.6644193767552654,0.695,0.6943811217715875,0.6965923984272608,,0.39,True,
TP8,sub-046,"{""C"": 2.636650898730358, ""gamma"": ""scale""}",0.6584896693124966,0.785,0.7847363019699132,0.7864033765450709,,0.5700000000000001,True,
TP8,sub-047,"{""C"": 0.8858667904100825, ""gamma"": ""scale""}",0.6683865052814326,0.65,0.64996499649965,0.6500600240096038,,0.30000000000000004,True,
TP8,sub-048,"{""C"": 1.8329807108324356, ""gamma"": ""auto""}",0.65499861999448,0.73,0.7286704853783539,0.7345981232150143,,0.45999999999999996,True,
TP8,sub-049,"{""C"": 2.636650898730358, ""gamma"": ""auto""}",0.6404955960710519,0.7,0.6998799519807923,0.7003205128205128,,0.4,True,
TP8,sub-050,"{""C"": 0.8858667904100825, ""gamma"": ""scale""}",0.6494851907493091,0.665,0.6647904940587868,0.6654135338345865,,0.32999999999999996,True,
TP8,sub-051,"{""C"": 1.8329807108324356, ""gamma"": ""scale""}",0.6674932667386515,0.595,0.5947467166979362,0.5952380952380952,,0.18999999999999995,True,
Pz,sub-001,"{""C"": 2.636650898730358, ""gamma"": ""auto""}",0.66499865999464,0.7,0.6998799519807923,0.7003205128205128,,0.4,True,
Pz,sub-002,"{""C"": 2.636650898730358, ""gamma"": ""auto""}",0.6816740342110321,0.625,0.6249906247656192,0.6250125012501251,,0.25,True,
Pz,sub-003,"{""C"": 1.8329807108324356, ""gamma"": ""auto""}",0.64999964999965,0.705,0.7049336100622641,0.7051846661995796,,0.41000000000000003,True,
Pz,sub-004,"{""C"": 1.8329807108324356, ""gamma"": ""auto""}",0.6734999183749796,0.525,0.524036173250833,0.5252041536445207,,0.050000000000000044,True,
Pz,sub-005,"{""C"": 7.847599703514611, ""gamma"": ""auto""}",0.6707942464040025,0.705,0.7048155096935584,0.7055137844611529,,0.41000000000000003,True,
Pz,sub-006,"{""C"": 2.636650898730358, ""gamma"": ""auto""}",0.6601159616161636,0.915,0.9149808706959066,0.9153738364528076,,0.83,True,
Pz,sub-007,"{""C"": 3.79269019073225, ""gamma"": ""auto""}",0.6829543454257414,0.69,0.69,0.69,,0.38,True,
Pz,sub-008,"{""C"": 0.6158482110660264, ""gamma"": ""auto""}",0.6689947039152626,0.75,0.7498999599839936,0.750400641025641,,0.5,True,
Pz,sub-009,"{""C"": 2.636650898730358, ""gamma"": ""auto""}",0.6774012041187614,0.585,0.5841579197875699,0.5856941223913701,,0.17000000000000004,True,
Pz,sub-010,"{""C"": 1.8329807108324356, ""gamma"": ""auto""}",0.652998611994448,0.6,0.5980303487086724,0.601999184006528,,0.19999999999999996,True,
Pz,sub-011,"{""C"": 2.636650898730358, ""gamma"": ""auto""}",0.661585442166654,0.79,0.7892412685668406,0.794237012987013,,0.5800000000000001,True,
Pz,sub-012,"{""C"": 1.2742749857031335, ""gamma"": ""auto""}",0.6485445136897419,0.495,0.4928573221862369,0.49491404740107825,,-0.010000000000000009,True,
Pz,sub-013,"{""C"": 3.79269019073225, ""gamma"": ""auto""}",0.6678827575965548,0.625,0.6245400615754299,0.6256155160285398,,0.25,True,
Pz,sub-014,"{""C"": 1.2742749857031335, ""gamma"": ""auto""}",0.6719734298478177,0.48,0.47743945332127424,0.4796001631986944,,-0.040000000000000036,True,
Pz,sub-015,"{""C"": 1.8329807108324356, ""gamma"": ""auto""}",0.6679946879150066,0.605,0.5939451568965075,0.6178318931657503,,0.20999999999999996,True,
Pz,sub-016,"{""C"": 100.0, ""gamma"": ""auto""}",0.6772392156862745,0.455,0.45498637465936653,0.454995499549955,,-0.09000000000000008,True,
Pz,sub-017,"{""C"": 0.8858667904100825, ""gamma"": ""auto""}",0.6754317595274406,0.65,0.6494391025641025,0.6509661835748792,,0.30000000000000004,True,
Pz,sub-018,"{""C"": 5.455594781168517, ""gamma"": ""auto""}",0.6788583765440559,0.515,0.5149878746968675,0.515001500150015,,0.030000000000000027,True,
Pz,sub-019,"{""C"": 2.636650898730358, ""gamma"": ""auto""}",0.679991999799995,0.63,0.6294070512820513,0.6308373590982286,,0.26,True,
Pz,sub-020,"{""C"": 23.357214690901213, ""gamma"": ""auto""}",0.6686850108078966,0.7,0.6799999999999999,0.7666666666666666,,0.4,True,
Pz,sub-021,"{""C"": 3.79269019073225, ""gamma"": ""auto""}",0.649194711697855,0.725,0.7244419950399559,0.7268373828006855,,0.44999999999999996,True,
Pz,sub-022,"{""C"": 0.8858667904100825, ""gamma"": ""auto""}",0.6434442881700266,0.59,0.5893429487179487,0.5905797101449275,,0.18000000000000005,True,
Pz,sub-023,"{""C"": 7.847599703514611, ""gamma"": ""auto""}",0.6534729323300741,0.7839195979899497,0.7839195979899497,0.7839393939393939,,0.5678501085803748,True,
Pz,sub-024,"{""C"": 7.847599703514611, ""gamma"": ""auto""}",0.6660791762819093,0.665,0.664320248503219,0.6663474140538361,,0.32999999999999996,True,
Pz,sub-025,"{""C"": 0.8858667904100825, ""gamma"": ""auto""}",0.6604856555189457,0.71,0.7097387648883995,0.7107587314331594,,0.42000000000000004,True,
Pz,sub-026,"{""C"": 5.455594781168517, ""gamma"": ""auto""}",0.6734979593622461,0.7587939698492462,0.7582995951417004,0.7614169215086646,,0.5178192831903079,True,
Pz,sub-027,"{""C"": 3.79269019073225, ""gamma"": ""auto""}",0.6724488201281451,0.495,0.48698412698412696,0.4946666666666667,,-0.010000000000000009,True,
Pz,sub-028,"{""C"": 100.0, ""gamma"": ""auto""}",0.663869256177782,0.64,0.6233915681556648,0.6699854298203012,,0.28,True,
Pz,sub-029,"{""C"": 3.79269019073225, ""gamma"": ""auto""}",0.6759452347446718,0.465,0.46337671456154866,0.46457131288591963,,-0.07000000000000006,True,
Pz,sub-030,"{""C"": 69.51927961775604, ""gamma"": ""auto""}",0.6673602081274657,0.695,0.6816200840314204,0.7344031734583484,,0.39,True,
Pz,sub-031,"{""C"": 48.32930238571752, ""gamma"": ""auto""}",0.6698753215772546,0.64,0.6355906468266019,0.6471206389239177,,0.28,True,
Pz,sub-032,"{""C"": 2.636650898730358, ""gamma"": ""auto""}",0.6557873938521224,0.505,0.5004919397563006,0.5051872600892209,,0.010000000000000009,True,
Pz,sub-033,"{""C"": 1.8329807108324356, ""gamma"": ""auto""}",0.6604693573595017,0.845,0.8448098921178444,0.84669882423877,,0.69,True,
Pz,sub-034,"{""C"": 0.8858667904100825, ""gamma"": ""auto""}",0.6673263358300559,0.57,0.569827931172469,0.5701121794871795,,0.14,True,
Pz,sub-035,"{""C"": 5.455594781168517, ""gamma"": ""auto""}",0.6681494828913039,0.9,0.899749373433584,0.904040404040404,,0.8,True,
Pz,sub-036,"{""C"": 5.455594781168517, ""gamma"": ""auto""}",0.6638063524590163,0.74,0.7399739973997399,0.7400960384153662,,0.48,True,
Pz,sub-037,"{""C"": 7.847599703514611, ""gamma"": ""auto""}",0.6678086577868853,0.75,0.7498999599839936,0.750400641025641,,0.5,True,
Pz,sub-038,"{""C"": 7.847599703514611, ""gamma"": ""auto""}",0.6537513237998862,0.425,0.4172937093055661,0.4208108964206525,,-0.1499999999999999,True,
Pz,sub-039,"{""C"": 0.20691380811147894, ""gamma"": ""scale""}",0.6694701696828139,0.44,0.36680235187697874,0.38839285714285715,,-0.1200000000000001,True,
Pz,sub-040,"{""C"": 7.847599703514611, ""gamma"": ""auto""}",0.6784709820061261,0.665,0.6619490905421428,0.6711795829442888,,0.32999999999999996,True,
Pz,sub-041,"{""C"": 23.357214690901213, ""gamma"": ""auto""}",0.6597956920314281,0.725,0.724938111074992,0.7252026824141727,,0.44999999999999996,True,
Pz,sub-042,"{""C"": 33.59818286283781, ""gamma"": ""auto""}",0.6621376545575899,0.605,0.6021253556948956,0.6081248069199876,,0.20999999999999996,True,
Pz,sub-043,"{""C"": 2.636650898730358, ""gamma"": ""auto""}",0.6554461634630411,0.91,0.90999099909991,0.9101640656262505,,0.8200000000000001,True,
Pz,sub-044,"{""C"": 3.79269019073225, ""gamma"": ""auto""}",0.6719261833912631,0.455,0.4526876051316814,0.454226426609704,,-0.09000000000000008,True,
Pz,sub-045,"{""C"": 3.79269019073225, ""gamma"": ""auto""}",0.6684813520760543,0.75,0.75,0.75,,0.5,True,
Pz,sub-046,"{""C"": 33.59818286283781, ""gamma"": ""auto""}",0.6619177378239673,0.905,0.9048834822657756,0.9069942719324691,,0.81,True,
Pz,sub-047,"{""C"": 1.2742749857031335, ""gamma"": ""auto""}",0.6594753970974403,0.68,0.68,0.68,,0.36,True,
Pz,sub-048,"{""C"": 23.357214690901213, ""gamma"": ""auto""}",0.6523079870858681,0.755,0.7548467792370231,0.7556390977443609,,0.51,True,
Pz,sub-049,"{""C"": 16.23776739188721, ""gamma"": ""auto""}",0.6661894727570323,0.89,0.8899009108197378,0.8914090726615818,,0.78,True,
Pz,sub-050,"{""C"": 11.288378916846883, ""gamma"": ""auto""}",0.672724761524442,0.71,0.7089522280208751,0.7130681818181819,,0.42000000000000004,True,
Pz,sub-051,"{""C"": 2.636650898730358, ""gamma"": ""auto""}",0.6714565501287546,0.6,0.5996396757081373,0.6003613006824569,,0.19999999999999996,True,
P3,sub-001,"{""C"": 5.455594781168517, ""gamma"": ""auto""}",0.670967096709671,0.685,0.6848030018761726,0.6854636591478698,,0.37,True,
P3,sub-002,"{""C"": 100.0, ""gamma"": ""auto""}",0.6774644404545601,0.555,0.554899852466805,0.5550495445901311,,0.10999999999999999,True,
P3,sub-003,"{""C"": 33.59818286283781, ""gamma"": ""auto""}",0.6674859512814417,0.745,0.7446872418712923,0.7462064114159381,,0.49,True,
P3,sub-004,"{""C"": 0.6158482110660264, ""gamma"": ""scale""}",0.6848739495798319,0.53,0.52995299529953,0.5300120048019208,,0.06000000000000005,True,
P3,sub-005,"{""C"": 33.59818286283781, ""gamma"": ""auto""}",0.668,0.695,0.6949923748093703,0.695019501950195,,0.39,True,
P3,sub-006,"{""C"": 1.2742749857031335, ""gamma"": ""scale""}",0.6609833881860211,0.84,0.8383838383838383,0.8541666666666667,,0.6799999999999999,True,
P3,sub-007,"{""C"": 1.8329807108324356, ""gamma"": ""auto""}",0.665914474105371,0.735,0.7349933748343709,0.735023502350235,,0.47,True,
P3,sub-008,"{""C"": 1.2742749857031335, ""gamma"": ""auto""}",0.6684760473944242,0.825,0.8247853620685339,0.8266003416742036,,0.65,True,
P3,sub-009,"{""C"": 69.51927961775604, ""gamma"": ""auto""}",0.674400285087308,0.57,0.567882624861823,0.5713994288045696,,0.14,True,
P3,sub-010,"{""C"": 100.0, ""gamma"": ""auto""}",0.6889972009748088,0.625,0.6238621831038893,0.6265310254074299,,0.25,True,
P3,sub-011,"{""C"": 11.288378916846883, ""gamma"": ""scale""}",0.6594978718616991,0.71,0.7099709970997099,0.7100840336134454,,0.42000000000000004,True,
P3,sub-012,"{""C"": 48.32930238571752, ""gamma"": ""auto""}",0.6514455383653696,0.49,0.4897959183673469,0.48998397435897434,,-0.020000000000000018,True,
P3,sub-013,"{""C"": 0.09999999999999999, ""gamma"": ""scale""}",0.662772033894913,0.67,0.6576408341114224,0.698690977092099,,0.33999999999999997,True,
P3,sub-014,"{""C"": 69.51927961775604, ""gamma"": ""auto""}",0.6904776370092739,0.52,0.517636418450407,0.5203998368013056,,0.040000000000000036,True,
P3,sub-015,"{""C"": 2.636650898730358, ""gamma"": ""scale""}",0.654475035821338,0.655,0.6539532084555781,0.6568984715052131,,0.31000000000000005,True,
P3,sub-016,"{""C"": 1.8329807108324356, ""gamma"": ""scale""}",0.6769793266769073,0.505,0.5034980816971338,0.5050612410162971,,0.010000000000000009,True,
P3,sub-017,"{""C"": 11.288378916846883, ""gamma"": ""auto""}",0.6639784946236559,0.67,0.6698679471788715,0.6702724358974359,,0.33999999999999997,True,
P3,sub-018,"{""C"": 0.8858667904100825, ""gamma"": ""scale""}",0.6664392085457574,0.55,0.5434253246753247,0.5530560271646858,,0.09999999999999998,True,
P3,sub-019,"{""C"": 1.2742749857031335, ""gamma"": ""scale""}",0.6794864583028632,0.595,0.5949898747468687,0.595009500950095,,0.18999999999999995,True,
P3,sub-020,"{""C"": 0.8858667904100825, ""gamma"": ""scale""}",0.6719947519160306,0.45,0.4499449944994499,0.4499799919967987,,-0.10000000000000009,True,
P3,sub-021,"{""C"": 3.79269019073225, ""gamma"": ""scale""}",0.6834999208749802,0.7,0.6992481203007519,0.702020202020202,,0.4,True,
P3,sub-022,"{""C"": 100.0, ""gamma"": ""auto""}",0.6884344933522273,0.64,0.6386993175431553,0.6420454545454546,,0.28,True,
P3,sub-023,"{""C"": 2.636650898730358, ""gamma"": ""scale""}",0.66697302481501,0.7839195979899497,0.7838977700330834,0.783946251768034,,0.5678064548714581,True,
P3,sub-024,"{""C"": 69.51927961775604, ""gamma"": ""auto""}",0.6849291090495362,0.46,0.4573409707567079,0.45920032639738884,,-0.08000000000000007,True,
P3,sub-025,"{""C"": 3.79269019073225, ""gamma"": ""scale""}",0.6579230326823535,0.855,0.854967367657723,0.8553197878090282,,0.71,True,
P3,sub-026,"{""C"": 48.32930238571752, ""gamma"": ""auto""}",0.6624472573839661,0.6381909547738693,0.6355311355311355,0.6430581613508444,,0.27702089009990916,True,
P3,sub-027,"{""C"": 7.847599703514611, ""gamma"": ""auto""}",0.6694814083292185,0.545,0.5430694685044313,0.545773573390296,,0.08999999999999997,True,
P3,sub-028,"{""C"": 0.8858667904100825, ""gamma"": ""scale""}",0.6839797747055811,0.625,0.5918478408750782,0.6851577544067545,,0.25,True,
P3,sub-029,"{""C"": 0.20691380811147894, ""gamma"": ""scale""}",0.6787658202829863,0.5,0.49979991996798717,0.5,,0.0,True,
P3,sub-030,"{""C"": 11.288378916846883, ""gamma"": ""auto""}",0.6659916497912448,0.8,0.7947454844006567,0.8342245989304813,,0.6,True,
P3,sub-031,"{""C"": 1.8329807108324356, ""gamma"": ""scale""}",0.6814999203749801,0.735,0.7320458050001264,0.7458416152317189,,0.47,True,
P3,sub-032,"{""C"": 69.51927961775604, ""gamma"": ""auto""}",0.6744992676233521,0.52,0.52,0.52,,0.040000000000000036,True,
P3,sub-033,"{""C"": 100.0, ""gamma"": ""auto""}",0.6579329548591524,0.69,0.6742328709541825,0.7356150793650793,,0.38,True,
P3,sub-034,"{""C"": 0.8858667904100825, ""gamma"": ""scale""}",0.657495804323603,0.53,0.5176518883415435,0.5334224598930482,,0.06000000000000005,True,
P3,sub-035,"{""C"": 23.357214690901213, ""gamma"": ""auto""}",0.646,0.98,0.98,0.98,,0.96,True,
P3,sub-036,"{""C"": 100.0, ""gamma"": ""auto""}",0.6552930896770787,0.78,0.78,0.78,,0.56,True,
P3,sub-037,"{""C"": 48.32930238571752, ""gamma"": ""auto""}",0.6754960248263042,0.7,0.6980676328502415,0.7052545155993433,,0.4,True,
P3,sub-038,"{""C"": 69.51927961775604, ""gamma"": ""auto""}",0.668998675994704,0.635,0.6349908747718693,0.635013501350135,,0.27,True,
P3,sub-039,"{""C"": 48.32930238571752, ""gamma"": ""auto""}",0.6779739158871869,0.395,0.3946216385240775,0.39473684210526316,,-0.20999999999999996,True,
P3,sub-040,"{""C"": 69.51927961775604, ""gamma"": ""auto""}",0.6649728628018869,0.625,0.6242390841453944,0.6260207682226031,,0.25,True,
P3,sub-041,"{""C"": 0.42813323987193935, ""gamma"": ""scale""}",0.6734313389390119,0.795,0.7949948748718718,0.7950295029502951,,0.5900000000000001,True,
P3,sub-042,"{""C"": 33.59818286283781, ""gamma"": ""auto""}",0.6848862439340602,0.68,0.6736026111791106,0.6953125,,0.36,True,
P3,sub-043,"{""C"": 0.6158482110660264, ""gamma"": ""scale""}",0.6736658338138253,0.88,0.8799519807923168,0.8806089743589745,,0.76,True,
P3,sub-044,"{""C"": 16.23776739188721, ""gamma"": ""auto""}",0.6774863737992931,0.505,0.5021998742928976,0.5051150895140665,,0.010000000000000009,True,
P3,sub-045,"{""C"": 3.79269019073225, ""gamma"": ""scale""}",0.6714933477402918,0.7,0.6999699969997,0.7000800320128051,,0.4,True,
P3,sub-046,"{""C"": 0.09999999999999999, ""gamma"": ""scale""}",0.675813268442623,0.915,0.9148957472904308,0.9170435132147523,,0.83,True,
P3,sub-047,"{""C"": 1.2742749857031335, ""gamma"": ""scale""}",0.680441760510853,0.605,0.6047529706066291,0.6052631578947368,,0.20999999999999996,True,
P3,sub-048,"{""C"": 0.42813323987193935, ""gamma"": ""scale""}",0.667999667999668,0.725,0.7244419950399559,0.7268373828006855,,0.44999999999999996,True,
P3,sub-049,"{""C"": 1.2742749857031335, ""gamma"": ""scale""}",0.665998663994656,0.645,0.6373758267575781,0.6583142264439349,,0.29000000000000004,True,
P3,sub-050,"{""C"": 33.59818286283781, ""gamma"": ""auto""}",0.6749986999947999,0.68,0.6767676767676768,0.6875,,0.36,True,
P3,sub-051,"{""C"": 69.51927961775604, ""gamma"": ""auto""}",0.6714900625743929,0.69,0.6897207486738064,0.690686471296668,,0.38,True,
P4,sub-001,"{""C"": 1.2742749857031335, ""gamma"": ""auto""}",0.6989996989996989,0.705,0.7017113678303293,0.7144575792446909,,0.41000000000000003,True,
P4,sub-002,"{""C"": 1.8329807108324356, ""gamma"": ""auto""}",0.6864961595779548,0.65,0.6496847162446202,0.6505419510236852,,0.30000000000000004,True,
P4,sub-003,"{""C"": 0.8858667904100825, ""gamma"": ""auto""}",0.6894993013734281,0.79,0.78997899789979,0.7901160464185675,,0.5800000000000001,True,
P4,sub-004,"{""C"": 100.0, ""gamma"": ""auto""}",0.6969633325632402,0.5,0.4995495946351717,0.5,,0.0,True,
P4,sub-005,"{""C"": 69.51927961775604, ""gamma"": ""auto""}",0.6987963863571774,0.795,0.7948717948717949,0.7957393483709273,,0.5900000000000001,True,
P4,sub-006,"{""C"": 48.32930238571752, ""gamma"": ""auto""}",0.7024999256249814,0.885,0.8847666524712543,0.8881439661256175,,0.77,True,
P4,sub-007,"{""C"": 1.8329807108324356, ""gamma"": ""auto""}",0.6844999211249803,0.775,0.7749493636068115,0.7752477229506556,,0.55,True,
P4,sub-008,"{""C"": 1.8329807108324356, ""gamma"": ""scale""}",0.6884432187766221,0.8,0.8,0.8,,0.6,True,
P4,sub-009,"{""C"": 1.2742749857031335, ""gamma"": ""scale""}",0.6924937729989032,0.605,0.6047529706066291,0.6052631578947368,,0.20999999999999996,True,
P4,sub-010,"{""C"": 33.59818286283781, ""gamma"": ""auto""}",0.6964598568160639,0.595,0.5874818568409259,0.6024700679538345,,0.18999999999999995,True,
P4,sub-011,"{""C"": 2.636650898730358, ""gamma"": ""auto""}",0.6849886595917454,0.81,0.8099809980998101,0.810124049619848,,0.62,True,
P4,sub-012,"{""C"": 33.59818286283781, ""gamma"": ""auto""}",0.7014873878421364,0.485,0.4848840989222575,0.4849864878390552,,-0.030000000000000027,True,
P4,sub-013,"{""C"": 33.59818286283781, ""gamma"": ""auto""}",0.6989852502772635,0.745,0.7439180537772088,0.7492116773471671,,0.49,True,
P4,sub-014,"{""C"": 3.79269019073225, ""gamma"": ""auto""}",0.6803381711991696,0.48,0.4781212364512244,0.47970779220779225,,-0.040000000000000036,True,
P4,sub-015,"{""C"": 69.51927961775604, ""gamma"": ""auto""}",0.6874905465890343,0.6,0.5974235104669887,0.6026272577996716,,0.19999999999999996,True,
P4,sub-016,"{""C"": 23.357214690901213, ""gamma"": ""auto""}",0.6949923748093703,0.48,0.4724025974025974,0.4787775891341256,,-0.040000000000000036,True,
P4,sub-017,"{""C"": 5.455594781168517, ""gamma"": ""auto""}",0.6879987519950079,0.785,0.7849946248656217,0.785028502850285,,0.5700000000000001,True,
P4,sub-018,"{""C"": 69.51927961775604, ""gamma"": ""auto""}",0.6974962943296055,0.52,0.51995199519952,0.5200080032012806,,0.040000000000000036,True,
P4,sub-019,"{""C"": 0.42813323987193935, ""gamma"": ""auto""}",0.6928771508603442,0.685,0.6849921248031201,0.6850185018501851,,0.37,True,
P4,sub-020,"{""C"": 1.8329807108324356, ""gamma"": ""auto""}",0.6774999193749798,0.715,0.7111803602644979,0.7270087635941295,,0.43000000000000005,True,
P4,sub-021,"{""C"": 16.23776739188721, ""gamma"": ""auto""}",0.694999694999695,0.775,0.7749943748593715,0.7750275027502751,,0.55,True,
P4,sub-022,"{""C"": 48.32930238571752, ""gamma"": ""auto""}",0.6864654328139677,0.585,0.5841579197875699,0.5856941223913701,,0.17000000000000004,True,
P4,sub-023,"{""C"": 1.8329807108324356, ""gamma"": ""auto""}",0.6939951039216627,0.6683417085427136,0.6659035409035409,0.6726734524304113,,0.3361302062272543,True,
P4,sub-024,"{""C"": 33.59818286283781, ""gamma"": ""auto""}",0.693,0.865,0.8645903859174001,0.8694705941896953,,0.73,True,
P4,sub-025,"{""C"": 69.51927961775604, ""gamma"": ""auto""}",0.6979755360184174,0.685,0.6848030018761726,0.6854636591478698,,0.37,True,
P4,sub-026,"{""C"": 2.636650898730358, ""gamma"": ""auto""}",0.6749531932598294,0.7537688442211056,0.7533702607683941,0.7550284437220642,,0.5073510837164654,True,
P4,sub-027,"{""C"": 0.42813323987193935, ""gamma"": ""scale""}",0.6984528832630098,0.52,0.46896780617324924,0.5324886289798572,,0.040000000000000036,True,
P4,sub-028,"{""C"": 1.2742749857031335, ""gamma"": ""scale""}",0.6984528832630098,0.65,0.6477455716586151,0.6539408866995073,,0.30000000000000004,True,
P4,sub-029,"{""C"": 23.357214690901213, ""gamma"": ""auto""}",0.683998735994944,0.465,0.4648795979095296,0.46496847162446203,,-0.07000000000000006,True,
P4,sub-030,"{""C"": 2.636650898730358, ""gamma"": ""auto""}",0.6944993126234533,0.75,0.7450020399836801,0.7712673611111112,,0.5,True,
P4,sub-031,"{""C"": 0.29763514416313175, ""gamma"": ""scale""}",0.6804129924371911,0.605,0.5952765183534414,0.6161632923996017,,0.20999999999999996,True,
P4,sub-032,"{""C"": 69.51927961775604, ""gamma"": ""auto""}",0.6949972549752947,0.46,0.45804897631473307,0.4594155844155844,,-0.08000000000000007,True,
P4,sub-033,"{""C"": 1.2742749857031335, ""gamma"": ""auto""}",0.6804129924371911,0.78,0.7796474358974359,0.7818035426731079,,0.56,True,
P4,sub-034,"{""C"": 1.8329807108324356, ""gamma"": ""auto""}",0.6784902743307986,0.6,0.5996396757081373,0.6003613006824569,,0.19999999999999996,True,
P4,sub-035,"{""C"": 100.0, ""gamma"": ""auto""}",0.6759970839737557,0.905,0.9049976249406235,0.905040504050405,,0.81,True,
P4,sub-036,"{""C"": 0.8858667904100825, ""gamma"": ""scale""}",0.6909950559208948,0.72,0.7199719971997199,0.7200880352140857,,0.43999999999999995,True,
P4,sub-037,"{""C"": 0.8858667904100825, ""gamma"": ""auto""}",0.6859971739745658,0.72,0.719551282051282,0.7214170692431562,,0.43999999999999995,True,
P4,sub-038,"{""C"": 1.2742749857031335, ""gamma"": ""auto""}",0.686499294623413,0.515,0.5144051463042227,0.5150738619234247,,0.030000000000000027,True,
P4,sub-039,"{""C"": 0.6158482110660264, ""gamma"": ""auto""}",0.6904937324980831,0.47,0.469150641025641,0.46980676328502413,,-0.06000000000000005,True,
P4,sub-040,"{""C"": 3.79269019073225, ""gamma"": ""auto""}",0.692416260326874,0.665,0.6596825396825396,0.6759999999999999,,0.32999999999999996,True,
P4,sub-041,"{""C"": 1.8329807108324356, ""gamma"": ""auto""}",0.6764992721233622,0.785,0.7845637415766928,0.787327351547535,,0.5700000000000001,True,
P4,sub-042,"{""C"": 100.0, ""gamma"": ""auto""}",0.6869295591508089,0.685,0.6843608306821314,0.6865107369694525,,0.37,True,
P4,sub-043,"{""C"": 0.6158482110660264, ""gamma"": ""auto""}",0.686999686999687,0.95,0.9499949994999499,0.9501800720288115,,0.9,True,
P4,sub-044,"{""C"": 1.2742749857031335, ""gamma"": ""auto""}",0.6909208757441905,0.52,0.5198079231692677,0.5200320512820513,,0.040000000000000036,True,
P4,sub-045,"{""C"": 1.2742749857031335, ""gamma"": ""auto""}",0.7019415805497877,0.75,0.748389694041868,0.756568144499179,,0.5,True,
P4,sub-046,"{""C"": 0.6158482110660264, ""gamma"": ""auto""}",0.6974726969108962,0.905,0.9048072346501665,0.908307289041234,,0.81,True,
P4,sub-047,"{""C"": 0.20691380811147894, ""gamma"": ""scale""}",0.675457079198724,0.7,0.7,0.7,,0.4,True,
P4,sub-048,"{""C"": 3.79269019073225, ""gamma"": ""auto""}",0.670998683994736,0.745,0.7446872418712923,0.7462064114159381,,0.49,True,
P4,sub-049,"{""C"": 3.79269019073225, ""gamma"": ""auto""}",0.7034192558924167,0.68,0.6798719487795117,0.6802884615384616,,0.36,True,
P4,sub-050,"{""C"": 3.79269019073225, ""gamma"": ""auto""}",0.6794960738269045,0.81,0.8099239695878351,0.8104967948717949,,0.62,True,
P4,sub-051,"{""C"": 1.8329807108324356, ""gamma"": ""auto""}",0.6919972279750518,0.645,0.6447779862414009,0.6453634085213033,,0.29000000000000004,True,
P5,sub-001,"{""C"": 0.29763514416313175, ""gamma"": ""scale""}",0.644857943177271,0.715,0.7146504467973267,0.7160586875690885,,0.43000000000000005,True,
P5,sub-002,"{""C"": 1.2742749857031335, ""gamma"": ""scale""}",0.6648226912036468,0.545,0.5447154471544715,0.5451127819548872,,0.08999999999999997,True,
P5,sub-003,"{""C"": 100.0, ""gamma"": ""auto""}",0.6409824081379988,0.735,0.7346749768466372,0.7361571701336549,,0.47,True,
P5,sub-004,"{""C"": 11.288378916846883, ""gamma"": ""auto""}",0.6414999103749777,0.545,0.5449886247156179,0.545004500450045,,0.08999999999999997,True,
P5,sub-005,"{""C"": 3.79269019073225, ""gamma"": ""auto""}",0.6384673716802942,0.705,0.7049336100622641,0.7051846661995796,,0.41000000000000003,True,
P5,sub-006,"{""C"": 69.51927961775604, ""gamma"": ""auto""}",0.6514957308227025,0.735,0.7284766515535746,0.7599845115610133,,0.47,True,
P5,sub-007,"{""C"": 0.6158482110660264, ""gamma"": ""scale""}",0.6384955715707518,0.715,0.7149928748218706,0.715021502150215,,0.43000000000000005,True,
P5,sub-008,"{""C"": 0.6158482110660264, ""gamma"": ""scale""}",0.650999650999651,0.805,0.8047608320192235,0.8065018591096372,,0.61,True,
P5,sub-009,"{""C"": 0.8858667904100825, ""gamma"": ""scale""}",0.6384015548233006,0.595,0.5904850982077403,0.5993827806255885,,0.18999999999999995,True,
P5,sub-010,"{""C"": 0.20691380811147894, ""gamma"": ""scale""}",0.6496412326222052,0.68,0.6791979949874687,0.6818181818181819,,0.36,True,
P5,sub-011,"{""C"": 0.8858667904100825, ""gamma"": ""scale""}",0.6469646964696469,0.725,0.7246627118219819,0.7261079288513717,,0.44999999999999996,True,
P5,sub-012,"{""C"": 0.8858667904100825, ""gamma"": ""scale""}",0.6344004655267397,0.49,0.48994899489948995,0.4899959983993597,,-0.020000000000000018,True,
P5,sub-013,"{""C"": 0.6158482110660264, ""gamma"": ""scale""}",0.6509497367620938,0.705,0.6956802063185041,0.7336182336182336,,0.41000000000000003,True,
P5,sub-014,"{""C"": 0.14384498882876628, ""gamma"": ""scale""}",0.6504453820909517,0.545,0.525039797489496,0.5540930400288496,,0.08999999999999997,True,
P5,sub-015,"{""C"": 7.847599703514611, ""gamma"": ""scale""}",0.6418839704064117,0.605,0.6047529706066291,0.6052631578947368,,0.20999999999999996,True,
P5,sub-016,"{""C"": 1.2742749857031335, ""gamma"": ""scale""}",0.6424848949868132,0.55,0.5477841422972565,0.550999592003264,,0.09999999999999998,True,
P5,sub-017,"{""C"": 0.6158482110660264, ""gamma"": ""scale""}",0.6334119272155135,0.675,0.6743405395926751,0.6764290755116443,,0.35,True,
P5,sub-018,"{""C"": 0.8858667904100825, ""gamma"": ""scale""}",0.6502543911461824,0.48,0.47665056360708535,0.47947454844006565,,-0.040000000000000036,True,
P5,sub-019,"{""C"": 5.455594781168517, ""gamma"": ""auto""}",0.64636553049297,0.585,0.5844910014768091,0.5854185508994071,,0.17000000000000004,True,
P5,sub-020,"{""C"": 1.8329807108324356, ""gamma"": ""scale""}",0.6629969669727027,0.475,0.4749868746718668,0.47499749974997496,,-0.050000000000000044,True,
P5,sub-021,"{""C"": 69.51927961775604, ""gamma"": ""auto""}",0.6414798332406197,0.695,0.6949313595559001,0.695175658092283,,0.39,True,
P5,sub-022,"{""C"": 1.8329807108324356, ""gamma"": ""scale""}",0.6464850639939537,0.63,0.63,0.63,,0.26,True,
P5,sub-023,"{""C"": 0.8858667904100825, ""gamma"": ""auto""}",0.6499985999944,0.7336683417085427,0.732994101415154,0.7355759429153925,,0.4670809964125108,True,
P5,sub-024,"{""C"": 48.32930238571752, ""gamma"": ""auto""}",0.6514162527547243,0.465,0.457829799093005,0.4630450849963045,,-0.07000000000000006,True,
P5,sub-025,"{""C"": 2.636650898730358, ""gamma"": ""scale""}",0.6419985679942719,0.83,0.8295739348370927,0.8333333333333334,,0.6599999999999999,True,
P5,sub-026,"{""C"": 5.455594781168517, ""gamma"": ""auto""}",0.6509828981620099,0.6331658291457286,0.6294227188081937,0.6396097046413503,,0.26709045961354116,True,
P5,sub-027,"{""C"": 69.51927961775604, ""gamma"": ""auto""}",0.6549944799116786,0.55,0.5444883085332524,0.5525430853299707,,0.09999999999999998,True,
P5,sub-028,"{""C"": 5.455594781168517, ""gamma"": ""auto""}",0.661489760065242,0.655,0.6453445041247976,0.6739423184827741,,0.31000000000000005,True,
P5,sub-029,"{""C"": 0.09999999999999999, ""gamma"": ""scale""}",0.6383892567098675,0.485,0.4848840989222575,0.4849864878390552,,-0.030000000000000027,True,
P5,sub-030,"{""C"": 69.51927961775604, ""gamma"": ""auto""}",0.6554895785597514,0.7,0.6921182266009853,0.7228163992869875,,0.4,True,
P5,sub-031,"{""C"": 0.6158482110660264, ""gamma"": ""scale""}",0.6449968049712448,0.735,0.7320458050001264,0.7458416152317189,,0.47,True,
P5,sub-032,"{""C"": 0.8858667904100825, ""gamma"": ""auto""}",0.6519317786286112,0.64,0.6355906468266019,0.6471206389239177,,0.28,True,
P5,sub-033,"{""C"": 1.8329807108324356, ""gamma"": ""scale""}",0.6318936172553868,0.625,0.6030800984361355,0.6604415351046078,,0.25,True,
P5,sub-034,"{""C"": 11.288378916846883, ""gamma"": ""auto""}",0.647499911874978,0.485,0.48467792370231394,0.4849624060150376,,-0.030000000000000027,True,
P5,sub-035,"{""C"": 0.8858667904100825, ""gamma"": ""scale""}",0.6494999123749781,0.45,0.44950455409868884,0.4498193496587716,,-0.10000000000000009,True,
P5,sub-036,"{""C"": 0.6158482110660264, ""gamma"": ""scale""}",0.6380938508240873,0.685,0.6849291090495362,0.6851666499849864,,0.37,True,
P5,sub-037,"{""C"": 7.847599703514611, ""gamma"": ""auto""}",0.6438429347342178,0.63,0.6262626262626263,0.6354166666666666,,0.26,True,
P5,sub-038,"{""C"": 7.847599703514611, ""gamma"": ""scale""}",0.6568627450980392,0.52,0.5073891625615763,0.5222816399286987,,0.040000000000000036,True,
P5,sub-039,"{""C"": 1.2742749857031335, ""gamma"": ""scale""}",0.6649946399142386,0.415,0.41463414634146345,0.41478696741854637,,-0.16999999999999993,True,
P5,sub-040,"{""C"": 3.79269019073225, ""gamma"": ""scale""}",0.6328222859864174,0.63,0.62996299629963,0.6300520208083233,,0.26,True,
P5,sub-041,"{""C"": 0.8858667904100825, ""gamma"": ""scale""}",0.6469943519096306,0.715,0.7144217039504998,0.7167557213428773,,0.43000000000000005,True,
P5,sub-042,"{""C"": 7.847599703514611, ""gamma"": ""auto""}",0.6414999103749777,0.59,0.5840097402597402,0.5955008488964346,,0.18000000000000005,True,
P5,sub-043,"{""C"": 1.8329807108324356, ""gamma"": ""scale""}",0.63875579892007,0.83,0.8299829982998299,0.8301320528211285,,0.6599999999999999,True,
P5,sub-044,"{""C"": 1.8329807108324356, ""gamma"": ""scale""}",0.6526217050367851,0.53,0.5283018867924528,0.5304383116883117,,0.06000000000000005,True,
P5,sub-045,"{""C"": 0.42813323987193935, ""gamma"": ""scale""}",0.6454680034873148,0.71,0.7092731829573935,0.7121212121212122,,0.42000000000000004,True,
P5,sub-046,"{""C"": 3.79269019073225, ""gamma"": ""scale""}",0.643999643999644,0.9,0.9,0.9,,0.8,True,
P5,sub-047,"{""C"": 7.847599703514611, ""gamma"": ""auto""}",0.651453904778907,0.665,0.6647904940587868,0.6654135338345865,,0.32999999999999996,True,
P5,sub-048,"{""C"": 23.357214690901213, ""gamma"": ""auto""}",0.6597873671044403,0.725,0.7234443746071653,0.7301790281329923,,0.44999999999999996,True,
P5,sub-049,"{""C"": 23.357214690901213, ""gamma"": ""auto""}",0.631399648554319,0.655,0.6495238095238096,0.6653333333333333,,0.31000000000000005,True,
P5,sub-050,"{""C"": 0.09999999999999999, ""gamma"": ""scale""}",0.6342980410931938,0.655,0.6545768566493955,0.6557632398753894,,0.31000000000000005,True,
P5,sub-051,"{""C"": 3.79269019073225, ""gamma"": ""scale""}",0.643964396439644,0.68,0.6791979949874687,0.6818181818181819,,0.36,True,
P6,sub-001,"{""C"": 69.51927961775604, ""gamma"": ""auto""}",0.6893936949921111,0.695,0.6874919951843028,0.7157318287421175,,0.39,True,
P6,sub-002,"{""C"": 2.636650898730358, ""gamma"": ""scale""}",0.6894154433544533,0.635,0.6334513318771811,0.6373207201708879,,0.27,True,
P6,sub-003,"{""C"": 0.6158482110660264, ""gamma"": ""scale""}",0.6837862394979006,0.75,0.749599358974359,0.751610305958132,,0.5,True,
P6,sub-004,"{""C"": 3.79269019073225, ""gamma"": ""auto""}",0.6834239426022102,0.5,0.49919871794871795,0.5,,0.0,True,
P6,sub-005,"{""C"": 1.2742749857031335, ""gamma"": ""auto""}",0.6759737538740638,0.74,0.7398959583833533,0.7403846153846154,,0.48,True,
P6,sub-006,"{""C"": 0.42813323987193935, ""gamma"": ""auto""}",0.6569969129722169,0.77,0.77,0.77,,0.54,True,
P6,sub-007,"{""C"": 1.2742749857031335, ""gamma"": ""auto""}",0.6949219000064016,0.77,0.769792813532179,0.7709755118426336,,0.54,True,
P6,sub-008,"{""C"": 2.636650898730358, ""gamma"": ""auto""}",0.6792394622532152,0.78,0.779205138498595,0.7840909090909092,,0.56,True,
P6,sub-009,"{""C"": 33.59818286283781, ""gamma"": ""auto""}",0.6854961473278047,0.6,0.6,0.6,,0.19999999999999996,True,
P6,sub-010,"{""C"": 0.8858667904100825, ""gamma"": ""auto""}",0.692482702151996,0.66,0.6558356108917907,0.6681378730559059,,0.31999999999999995,True,
P6,sub-011,"{""C"": 5.455594781168517, ""gamma"": ""auto""}",0.676984172224439,0.805,0.8049561151259033,0.8052747472725452,,0.61,True,
P6,sub-012,"{""C"": 0.6158482110660264, ""gamma"": ""scale""}",0.7026357287677405,0.49,0.4897959183673469,0.48998397435897434,,-0.020000000000000018,True,
P6,sub-013,"{""C"": 7.847599703514611, ""gamma"": ""auto""}",0.6789996789996791,0.77,0.7691690084303493,0.7739448051948052,,0.54,True,
P6,sub-014,"{""C"": 11.288378916846883, ""gamma"": ""auto""}",0.6949694969496949,0.48,0.47916666666666663,0.47987117552334946,,-0.040000000000000036,True,
P6,sub-015,"{""C"": 0.8858667904100825, ""gamma"": ""scale""}",0.6804865005546484,0.615,0.6067315304272325,0.6255595589038105,,0.22999999999999998,True,
P6,sub-016,"{""C"": 1.8329807108324356, ""gamma"": ""scale""}",0.6818727490996399,0.475,0.4743560862056019,0.474876896794292,,-0.050000000000000044,True,
P6,sub-017,"{""C"": 33.59818286283781, ""gamma"": ""auto""}",0.6764863315475078,0.765,0.7649941248531213,0.765026502650265,,0.53,True,
P6,sub-018,"{""C"": 7.847599703514611, ""gamma"": ""auto""}",0.6964780705405966,0.545,0.544897601960441,0.5450405364828346,,0.08999999999999997,True,
P6,sub-019,"{""C"": 1.8329807108324356, ""gamma"": ""scale""}",0.685998743994976,0.655,0.6545768566493955,0.6557632398753894,,0.31000000000000005,True,
P6,sub-020,"{""C"": 1.8329807108324356, ""gamma"": ""auto""}",0.6874992968734179,0.67,0.6624040920716112,0.6868131868131868,,0.33999999999999997,True,
P6,sub-021,"{""C"": 69.51927961775604, ""gamma"": ""auto""}",0.6849744829331176,0.75,0.7493734335839599,0.7525252525252526,,0.5,True,
P6,sub-022,"{""C"": 23.357214690901213, ""gamma"": ""auto""}",0.6824992856233927,0.58,0.5798319327731092,0.5801282051282051,,0.16000000000000003,True,
P6,sub-023,"{""C"": 3.79269019073225, ""gamma"": ""scale""}",0.6888755502200881,0.6130653266331658,0.6091171143593275,0.6170693277310924,,0.22536777715990097,True,
P6,sub-024,"{""C"": 1.8329807108324356, ""gamma"": ""scale""}",0.6804232216790084,0.84,0.8389694041867954,0.8489326765188834,,0.6799999999999999,True,
P6,sub-025,"{""C"": 3.79269019073225, ""gamma"": ""scale""}",0.6763769423323218,0.82,0.81998199819982,0.8201280512204883,,0.64,True,
P6,sub-026,"{""C"": 7.847599703514611, ""gamma"": ""auto""}",0.6829543454257414,0.7185929648241206,0.7160040774719674,0.7259363883657668,,0.4366595895258316,True,
P6,sub-027,"{""C"": 5.455594781168517, ""gamma"": ""auto""}",0.68099202480062,0.57,0.5647332725984411,0.5735603194619587,,0.14,True,
P6,sub-028,"{""C"": 2.636650898730358, ""gamma"": ""auto""}",0.6854426719269587,0.745,0.7448405253283302,0.7456140350877193,,0.49,True,
P6,sub-029,"{""C"": 5.455594781168517, ""gamma"": ""auto""}",0.6974363860001564,0.48,0.47916666666666663,0.47987117552334946,,-0.040000000000000036,True,
P6,sub-030,"{""C"": 3.79269019073225, ""gamma"": ""auto""}",0.6684992541233218,0.685,0.6725486629070403,0.7181861068522231,,0.37,True,
P6,sub-031,"{""C"": 3.79269019073225, ""gamma"": ""scale""}",0.6729970569735128,0.65,0.6430028559771522,0.6627604166666667,,0.30000000000000004,True,
P6,sub-032,"{""C"": 5.455594781168517, ""gamma"": ""auto""}",0.6939972459752137,0.525,0.524036173250833,0.5252041536445207,,0.050000000000000044,True,
P6,sub-033,"{""C"": 0.8858667904100825, ""gamma"": ""auto""}",0.6899206196786377,0.775,0.7749493636068115,0.7752477229506556,,0.55,True,
P6,sub-034,"{""C"": 0.6158482110660264, ""gamma"": ""scale""}",0.7019496294873834,0.565,0.5601506610379433,0.5679987446385606,,0.13,True,
P6,sub-035,"{""C"": 69.51927961775604, ""gamma"": ""auto""}",0.6803656736743617,0.905,0.9048072346501665,0.908307289041234,,0.81,True,
P6,sub-036,"{""C"": 0.14384498882876628, ""gamma"": ""scale""}",0.6911323908859988,0.565,0.5649021029731689,0.5650585526974277,,0.13,True,
P6,sub-037,"{""C"": 1.2742749857031335, ""gamma"": ""scale""}",0.6944938134997234,0.71,0.71,0.71,,0.42000000000000004,True,
P6,sub-038,"{""C"": 3.79269019073225, ""gamma"": ""scale""}",0.6941965665431524,0.42,0.41414141414141414,0.4166666666666667,,-0.15999999999999992,True,
P6,sub-039,"{""C"": 7.847599703514611, ""gamma"": ""auto""}",0.6854980343627148,0.44,0.43314100617471407,0.4369482976040353,,-0.1200000000000001,True,
P6,sub-040,"{""C"": 2.636650898730358, ""gamma"": ""auto""}",0.6959923998099953,0.69,0.6828644501278772,0.7087912087912088,,0.38,True,
P6,sub-041,"{""C"": 0.6158482110660264, ""gamma"": ""scale""}",0.676315082715025,0.765,0.7628598097832942,0.7749247847287063,,0.53,True,
P6,sub-042,"{""C"": 3.79269019073225, ""gamma"": ""auto""}",0.6794326007042981,0.59,0.5873590982286634,0.5923645320197044,,0.18000000000000005,True,
P6,sub-043,"{""C"": 48.32930238571752, ""gamma"": ""auto""}",0.6712691487597165,0.9,0.8999899989999001,0.9001600640256102,,0.8,True,
P6,sub-044,"{""C"": 100.0, ""gamma"": ""auto""}",0.679991999799995,0.565,0.5644664714274987,0.5653200683348407,,0.13,True,
P6,sub-045,"{""C"": 16.23776739188721, ""gamma"": ""auto""}",0.6861685154944911,0.755,0.7549938748468712,0.755025502550255,,0.51,True,
P6,sub-046,"{""C"": 23.357214690901213, ""gamma"": ""auto""}",0.673490123076223,0.905,0.9047117530529852,0.9099605223200729,,0.81,True,
P6,sub-047,"{""C"": 23.357214690901213, ""gamma"": ""auto""}",0.6814980093625584,0.69,0.689875950380152,0.6903044871794872,,0.38,True,
P6,sub-048,"{""C"": 2.636650898730358, ""gamma"": ""auto""}",0.6949890196047057,0.715,0.7144217039504998,0.7167557213428773,,0.43000000000000005,True,
P6,sub-049,"{""C"": 3.79269019073225, ""gamma"": ""auto""}",0.6758285132835269,0.705,0.7041049173750595,0.707510881668185,,0.41000000000000003,True,
P6,sub-050,"{""C"": 2.636650898730358, ""gamma"": ""scale""}",0.6828322182434508,0.775,0.7749493636068115,0.7752477229506556,,0.55,True,
P6,sub-051,"{""C"": 1.2742749857031335, ""gamma"": ""scale""}",0.7089647847389534,0.605,0.6045155315261195,0.6055170334639735,,0.20999999999999996,True,
P7,sub-001,"{""C"": 0.6158482110660264, ""gamma"": ""auto""}",0.6285955405436521,0.71,0.7098839535814325,0.7103365384615384,,0.42000000000000004,True,
P7,sub-002,"{""C"": 0.42813323987193935, ""gamma"": ""scale""}",0.6397748592870545,0.565,0.5647279549718573,0.5651629072681704,,0.13,True,
P7,sub-003,"{""C"": 3.79269019073225, ""gamma"": ""auto""}",0.629976318484383,0.725,0.7248280175109443,0.7255639097744361,,0.44999999999999996,True,
P7,sub-004,"{""C"": 0.42813323987193935, ""gamma"": ""scale""}",0.647407291657276,0.565,0.5649891247281182,0.565006500650065,,0.13,True,
P7,sub-005,"{""C"": 0.09999999999999999, ""gamma"": ""scale""}",0.6328810534613214,0.605,0.6038014995360967,0.6062860613422412,,0.20999999999999996,True,
P7,sub-006,"{""C"": 0.20691380811147894, ""gamma"": ""auto""}",0.6294787508069115,0.705,0.6892692560895326,0.7570532915360502,,0.41000000000000003,True,
P7,sub-007,"{""C"": 7.847599703514611, ""gamma"": ""auto""}",0.6519912997824946,0.68,0.68,0.68,,0.36,True,
P7,sub-008,"{""C"": 1.2742749857031335, ""gamma"": ""scale""}",0.63996399639964,0.815,0.8146246148450612,0.8175723359209598,,0.63,True,
P7,sub-009,"{""C"": 1.2742749857031335, ""gamma"": ""scale""}",0.6484682742617521,0.575,0.5719070282793182,0.5772320049428483,,0.15000000000000002,True,
P7,sub-010,"{""C"": 0.6158482110660264, ""gamma"": ""auto""}",0.6279464242850971,0.605,0.6045155315261195,0.6055170334639735,,0.20999999999999996,True,
P7,sub-011,"{""C"": 48.32930238571752, ""gamma"": ""auto""}",0.6454609120655552,0.7,0.6930946291560103,0.7197802197802198,,0.4,True,
P7,sub-012,"{""C"": 0.6158482110660264, ""gamma"": ""scale""}",0.6574067289819654,0.555,0.5490360011147425,0.5580720092915215,,0.10999999999999999,True,
P7,sub-013,"{""C"": 0.8858667904100825, ""gamma"": ""scale""}",0.6489873635450876,0.735,0.7307936507936508,0.7506666666666666,,0.47,True,
P7,sub-014,"{""C"": 69.51927961775604, ""gamma"": ""auto""}",0.655499224873256,0.5,0.4851199670476779,0.5,,0.0,True,
P7,sub-015,"{""C"": 1.2742749857031335, ""gamma"": ""scale""}",0.6579586129921721,0.61,0.61,0.61,,0.21999999999999997,True,
P7,sub-016,"{""C"": 5.455594781168517, ""gamma"": ""auto""}",0.6619969579726217,0.545,0.536553691018818,0.54853845324129,,0.08999999999999997,True,
P7,sub-017,"{""C"": 33.59818286283781, ""gamma"": ""auto""}",0.6399909997749944,0.615,0.6142187930559382,0.6159391067647948,,0.22999999999999998,True,
P7,sub-018,"{""C"": 5.455594781168517, ""gamma"": ""scale""}",0.6374738074825905,0.54,0.5320923608991964,0.5429000429000429,,0.07999999999999996,True,
P7,sub-019,"{""C"": 0.20691380811147894, ""gamma"": ""scale""}",0.6362816780772659,0.56,0.56,0.56,,0.12,True,
P7,sub-020,"{""C"": 0.6158482110660264, ""gamma"": ""scale""}",0.6529580079189582,0.495,0.49498737468436715,0.49499949994999504,,-0.010000000000000009,True,
P7,sub-021,"{""C"": 7.847599703514611, ""gamma"": ""scale""}",0.6464928414800399,0.69,0.6895032051282051,0.6912238325281803,,0.38,True,
P7,sub-022,"{""C"": 0.20691380811147894, ""gamma"": ""auto""}",0.6496412326222052,0.615,0.6142187930559382,0.6159391067647948,,0.22999999999999998,True,
P7,sub-023,"{""C"": 23.357214690901213, ""gamma"": ""auto""}",0.6364977281108006,0.7286432160804021,0.7266483516483517,0.7346800997091816,,0.45683380509502625,True,
P7,sub-024,"{""C"": 69.51927961775604, ""gamma"": ""auto""}",0.6344991776231497,0.51,0.49541756770672435,0.5113071008593397,,0.020000000000000018,True,
P7,sub-025,"{""C"": 2.636650898730358, ""gamma"": ""scale""}",0.6544999136249784,0.77,0.7691690084303493,0.7739448051948052,,0.54,True,
P7,sub-026,"{""C"": 2.636650898730358, ""gamma"": ""scale""}",0.642479889493784,0.5829145728643216,0.5777539177339776,0.5879816904407068,,0.16677596731069966,True,
P7,sub-027,"{""C"": 1.8329807108324356, ""gamma"": ""auto""}",0.6444351983148929,0.535,0.528767956221023,0.5369549150036954,,0.06999999999999995,True,
P7,sub-028,"{""C"": 2.636650898730358, ""gamma"": ""scale""}",0.6429642964296429,0.62,0.5987752085313061,0.65220700152207,,0.24,True,
P7,sub-029,"{""C"": 0.14384498882876628, ""gamma"": ""scale""}",0.6412667336935842,0.505,0.5039955910719206,0.505040830728904,,0.010000000000000009,True,
P7,sub-030,"{""C"": 1.2742749857031335, ""gamma"": ""scale""}",0.6499968499716497,0.675,0.6592487746061702,0.7146975831186357,,0.35,True,
P7,sub-031,"{""C"": 1.2742749857031335, ""gamma"": ""scale""}",0.6444800020001125,0.76,0.7596153846153846,0.7616747181964574,,0.52,True,
P7,sub-032,"{""C"": 2.636650898730358, ""gamma"": ""scale""}",0.6434678229710231,0.565,0.5644664714274987,0.5653200683348407,,0.13,True,
P7,sub-033,"{""C"": 0.8858667904100825, ""gamma"": ""scale""}",0.6424348337484507,0.635,0.6116918003138381,0.6776549545992894,,0.27,True,
P7,sub-034,"{""C"": 1.2742749857031335, ""gamma"": ""auto""}",0.6533244955258599,0.535,0.5349883747093678,0.5350035003500351,,0.06999999999999995,True,
P7,sub-035,"{""C"": 1.8329807108324356, ""gamma"": ""scale""}",0.6294732294408272,0.925,0.9249530956848031,0.9260651629072681,,0.85,True,
P7,sub-036,"{""C"": 33.59818286283781, ""gamma"": ""auto""}",0.6474977968612303,0.65,0.6496847162446202,0.6505419510236852,,0.30000000000000004,True,
P7,sub-037,"{""C"": 0.8858667904100825, ""gamma"": ""scale""}",0.6454892760506006,0.61,0.6060606060606061,0.6145833333333333,,0.21999999999999997,True,
P7,sub-038,"{""C"": 0.42813323987193935, ""gamma"": ""scale""}",0.642334669200838,0.51,0.4987212276214834,0.510989010989011,,0.020000000000000018,True,
P7,sub-039,"{""C"": 2.636650898730358, ""gamma"": ""scale""}",0.6514685450361895,0.395,0.3948638443649821,0.39490541487338604,,-0.20999999999999996,True,
P7,sub-040,"{""C"": 2.636650898730358, ""gamma"": ""scale""}",0.6504160124469904,0.59,0.5896306676008407,0.5903251706142112,,0.18000000000000005,True,
P7,sub-041,"{""C"": 1.8329807108324356, ""gamma"": ""auto""}",0.6464977906111913,0.615,0.6142187930559382,0.6159391067647948,,0.22999999999999998,True,
P7,sub-042,"{""C"": 0.8858667904100825, ""gamma"": ""scale""}",0.6519216823785352,0.535,0.5298162238681463,0.5366147086515326,,0.06999999999999995,True,
P7,sub-043,"{""C"": 1.2742749857031335, ""gamma"": ""scale""}",0.6639915997899948,0.745,0.7449426120877197,0.7452206986287659,,0.49,True,
P7,sub-044,"{""C"": 3.79269019073225, ""gamma"": ""scale""}",0.659454962918846,0.53,0.5292467948717949,0.5301932367149759,,0.06000000000000005,True,
P7,sub-045,"{""C"": 1.8329807108324356, ""gamma"": ""scale""}",0.6619783666154634,0.665,0.6647904940587868,0.6654135338345865,,0.32999999999999996,True,
P7,sub-046,"{""C"": 0.8858667904100825, ""gamma"": ""scale""}",0.6409870755347193,0.77,0.769792813532179,0.7709755118426336,,0.54,True,
P7,sub-047,"{""C"": 33.59818286283781, ""gamma"": ""auto""}",0.6583564242873068,0.65,0.65,0.65,,0.30000000000000004,True,
P7,sub-048,"{""C"": 23.357214690901213, ""gamma"": ""auto""}",0.658294891508628,0.68,0.6784242789669379,0.6835985312117503,,0.36,True,
P7,sub-049,"{""C"": 0.20691380811147894, ""gamma"": ""auto""}",0.6429396568019996,0.65,0.6448863636363636,0.6591680814940577,,0.30000000000000004,True,
P7,sub-050,"{""C"": 0.42813323987193935, ""gamma"": ""auto""}",0.6619915497887447,0.645,0.6447779862414009,0.6453634085213033,,0.29000000000000004,True,
P7,sub-051,"{""C"": 100.0, ""gamma"": ""auto""}",0.6474992068732155,0.685,0.6849921248031201,0.6850185018501851,,0.37,True,
P8,sub-001,"{""C"": 1.8329807108324356, ""gamma"": ""auto""}",0.6504362920142196,0.665,0.6517581018217729,0.6945984196249557,,0.32999999999999996,True,
P8,sub-002,"{""C"": 1.8329807108324356, ""gamma"": ""auto""}",0.659356844713991,0.63,0.6290726817042607,0.6313131313131313,,0.26,True,
P8,sub-003,"{""C"": 5.455594781168517, ""gamma"": ""auto""}",0.6444608018033988,0.77,0.7699769976997699,0.7701080432172869,,0.54,True,
P8,sub-004,"{""C"": 3.79269019073225, ""gamma"": ""auto""}",0.6639879035645283,0.475,0.4748818484158936,0.4749774797317586,,-0.050000000000000044,True,
P8,sub-005,"{""C"": 100.0, ""gamma"": ""auto""}",0.6518607442977191,0.685,0.6849291090495362,0.6851666499849864,,0.37,True,
P8,sub-006,"{""C"": 100.0, ""gamma"": ""auto""}",0.6519498807828328,0.735,0.7341959427267484,0.7378783277659682,,0.47,True,
P8,sub-007,"{""C"": 23.357214690901213, ""gamma"": ""auto""}",0.6678923971366723,0.73,0.7297567811029927,0.7308309915696507,,0.45999999999999996,True,
P8,sub-008,"{""C"": 1.8329807108324356, ""gamma"": ""scale""}",0.6544543015813842,0.745,0.744993624840621,0.7450245024502451,,0.49,True,
P8,sub-009,"{""C"": 1.2742749857031335, ""gamma"": ""scale""}",0.6499576448750299,0.58,0.57995799579958,0.5800320128051221,,0.16000000000000003,True,
P8,sub-010,"{""C"": 1.8329807108324356, ""gamma"": ""scale""}",0.6569584919775293,0.605,0.6021253556948956,0.6081248069199876,,0.20999999999999996,True,
P8,sub-011,"{""C"": 1.8329807108324356, ""gamma"": ""scale""}",0.6473052243101253,0.75,0.749096748293858,0.7536525974025974,,0.5,True,
P8,sub-012,"{""C"": 33.59818286283781, ""gamma"": ""auto""}",0.6834961228275047,0.48,0.4797919167667067,0.47996794871794873,,-0.040000000000000036,True,
P8,sub-013,"{""C"": 2.636650898730358, ""gamma"": ""scale""}",0.6649433754304477,0.795,0.7949538646195394,0.7952657391652487,,0.5900000000000001,True,
P8,sub-014,"{""C"": 0.29763514416313175, ""gamma"": ""scale""}",0.6710047894882019,0.545,0.543619448832719,0.5455511691466748,,0.08999999999999997,True,
P8,sub-015,"{""C"": 3.79269019073225, ""gamma"": ""auto""}",0.65999863999456,0.6,0.5998399359743898,0.6001602564102564,,0.19999999999999996,True,
P8,sub-016,"{""C"": 0.20691380811147894, ""gamma"": ""scale""}",0.6559323417320164,0.54,0.53995399539954,0.540016006402561,,0.07999999999999996,True,
P8,sub-017,"{""C"": 1.8329807108324356, ""gamma"": ""auto""}",0.6488985316756543,0.72,0.719551282051282,0.7214170692431562,,0.43999999999999995,True,
P8,sub-018,"{""C"": 1.8329807108324356, ""gamma"": ""scale""}",0.6604958410740531,0.485,0.4803097959080703,0.48443821973233736,,-0.030000000000000027,True,
P8,sub-019,"{""C"": 2.636650898730358, ""gamma"": ""auto""}",0.640956555743245,0.66,0.66,0.66,,0.31999999999999995,True,
P8,sub-020,"{""C"": 2.636650898730358, ""gamma"": ""scale""}",0.6514999128749782,0.7,0.6997297567811029,0.7007226013649137,,0.4,True,
P8,sub-021,"{""C"": 1.2742749857031335, ""gamma"": ""auto""}",0.672999672999673,0.765,0.7636706473915776,0.7710997442455243,,0.53,True,
P8,sub-022,"{""C"": 1.8329807108324356, ""gamma"": ""scale""}",0.6623844510783816,0.585,0.5849066039858968,0.5850765689120208,,0.17000000000000004,True,
P8,sub-023,"{""C"": 69.51927961775604, ""gamma"": ""auto""}",0.6584070013061056,0.7587939698492462,0.758641600970285,0.7592105263157894,,0.5174782784400889,True,
P8,sub-024,"{""C"": 2.636650898730358, ""gamma"": ""scale""}",0.665966596659666,0.77,0.7688674505074866,0.7753977968176254,,0.54,True,
P8,sub-025,"{""C"": 0.6158482110660264, ""gamma"": ""auto""}",0.6554957798233028,0.75,0.7493734335839599,0.7525252525252526,,0.5,True,
P8,sub-026,"{""C"": 1.8329807108324356, ""gamma"": ""auto""}",0.65541721398566,0.6482412060301508,0.6456552706552707,0.6520045700041546,,0.2958956732713304,True,
P8,sub-027,"{""C"": 0.8858667904100825, ""gamma"": ""auto""}",0.6638911007166322,0.595,0.5913115870733369,0.5985579416951966,,0.18999999999999995,True,
P8,sub-028,"{""C"": 100.0, ""gamma"": ""auto""}",0.6596065051199187,0.69,0.6846709388668497,0.7037752037752039,,0.38,True,
P8,sub-029,"{""C"": 48.32930238571752, ""gamma"": ""auto""}",0.663,0.435,0.4348728463904379,0.43494144730257234,,-0.1299999999999999,True,
P8,sub-030,"{""C"": 0.42813323987193935, ""gamma"": ""auto""}",0.6503670520715502,0.59,0.5626666666666666,0.6200000000000001,,0.18000000000000005,True,
P8,sub-031,"{""C"": 0.8858667904100825, ""gamma"": ""scale""}",0.6493224695001845,0.645,0.6309675407365056,0.6710107323976884,,0.29000000000000004,True,
P8,sub-032,"{""C"": 48.32930238571752, ""gamma"": ""auto""}",0.656999656999657,0.545,0.543619448832719,0.5455511691466748,,0.08999999999999997,True,
P8,sub-033,"{""C"": 3.79269019073225, ""gamma"": ""auto""}",0.6529875075502718,0.625,0.6238621831038893,0.6265310254074299,,0.25,True,
P8,sub-034,"{""C"": 0.29763514416313175, ""gamma"": ""scale""}",0.6634062486225702,0.525,0.49967083607636603,0.5313479623824451,,0.050000000000000044,True,
P8,sub-035,"{""C"": 1.2742749857031335, ""gamma"": ""auto""}",0.6719160104986877,0.845,0.8435883851762154,0.8579209461562403,,0.69,True,
P8,sub-036,"{""C"": 0.8858667904100825, ""gamma"": ""scale""}",0.6782006461510821,0.57,0.567230273752013,0.5718390804597702,,0.14,True,
P8,sub-037,"{""C"": 33.59818286283781, ""gamma"": ""auto""}",0.6589969309723788,0.67,0.67,0.67,,0.33999999999999997,True,
P8,sub-038,"{""C"": 1.8329807108324356, ""gamma"": ""auto""}",0.6643723775965811,0.515,0.5073015873015874,0.516,,0.030000000000000027,True,
P8,sub-039,"{""C"": 3.79269019073225, ""gamma"": ""scale""}",0.6629137059087127,0.435,0.431803896920176,0.4335038363171355,,-0.1299999999999999,True,
P8,sub-040,"{""C"": 3.79269019073225, ""gamma"": ""auto""}",0.6524929629825005,0.635,0.6316758747697975,0.6400560224089635,,0.27,True,
P8,sub-041,"{""C"": 48.32930238571752, ""gamma"": ""auto""}",0.6677923702313946,0.71,0.7050147492625369,0.7252252252252251,,0.42000000000000004,True,
P8,sub-042,"{""C"": 5.455594781168517, ""gamma"": ""auto""}",0.6599833391836201,0.52,0.5195676108497648,0.5200722601364913,,0.040000000000000036,True,
P8,sub-043,"{""C"": 1.8329807108324356, ""gamma"": ""auto""}",0.6619239328848991,0.885,0.8849741191768148,0.8853468121309178,,0.77,True,
P8,sub-044,"{""C"": 2.636650898730358, ""gamma"": ""scale""}",0.6534992203732458,0.6,0.5998399359743898,0.6001602564102564,,0.19999999999999996,True,
P8,sub-045,"{""C"": 0.8858667904100825, ""gamma"": ""scale""}",0.6667387231589567,0.69,0.69,0.69,,0.38,True,
P8,sub-046,"{""C"": 1.8329807108324356, ""gamma"": ""scale""}",0.6569914247856197,0.79,0.7889659330720531,0.7957976336189311,,0.5800000000000001,True,
P8,sub-047,"{""C"": 2.636650898730358, ""gamma"": ""scale""}",0.6624958655743534,0.605,0.6027655562539284,0.6074168797953965,,0.20999999999999996,True,
P8,sub-048,"{""C"": 7.847599703514611, ""gamma"": ""auto""}",0.6574930642345507,0.74,0.7393483709273183,0.7424242424242424,,0.48,True,
P8,sub-049,"{""C"": 3.79269019073225, ""gamma"": ""scale""}",0.6514999128749782,0.59,0.5898359343737495,0.5901442307692308,,0.18000000000000005,True,
P8,sub-050,"{""C"": 1.2742749857031335, ""gamma"": ""scale""}",0.672497953112207,0.635,0.6349908747718693,0.635013501350135,,0.27,True,
P8,sub-051,"{""C"": 0.6158482110660264, ""gamma"": ""scale""}",0.6713750403590966,0.57,0.567882624861823,0.5713994288045696,,0.14,True,
POz,sub-001,"{""C"": 33.59818286283781, ""gamma"": ""auto""}",0.666925058138081,0.68,0.6798719487795117,0.6802884615384616,,0.36,True,
POz,sub-002,"{""C"": 48.32930238571752, ""gamma"": ""auto""}",0.6768435922986725,0.66,0.6598639455782312,0.6602564102564102,,0.31999999999999995,True,
POz,sub-003,"{""C"": 48.32930238571752, ""gamma"": ""auto""}",0.6771376677476297,0.865,0.8649155722326454,0.8659147869674185,,0.73,True,
POz,sub-004,"{""C"": 69.51927961775604, ""gamma"": ""auto""}",0.6783486560284576,0.485,0.482814892922598,0.48474214220323464,,-0.030000000000000027,True,
POz,sub-005,"{""C"": 5.455594781168517, ""gamma"": ""scale""}",0.6648790213266988,0.765,0.7649941248531213,0.765026502650265,,0.53,True,
POz,sub-006,"{""C"": 100.0, ""gamma"": ""auto""}",0.6715503524324801,0.91,0.90999099909991,0.9101640656262505,,0.8200000000000001,True,
POz,sub-007,"{""C"": 1.2742749857031335, ""gamma"": ""auto""}",0.6753715192612899,0.735,0.7348342714196372,0.7355889724310777,,0.47,True,
POz,sub-008,"{""C"": 5.455594781168517, ""gamma"": ""scale""}",0.6514852752528795,0.825,0.8249606161386311,0.8252927634871384,,0.65,True,
POz,sub-009,"{""C"": 69.51927961775604, ""gamma"": ""auto""}",0.6604541137839831,0.6,0.5999599959995999,0.6000400160064026,,0.19999999999999996,True,
POz,sub-010,"{""C"": 23.357214690901213, ""gamma"": ""auto""}",0.6711737221257793,0.625,0.6238621831038893,0.6265310254074299,,0.25,True,
POz,sub-011,"{""C"": 1.2742749857031335, ""gamma"": ""scale""}",0.6657968687274187,0.825,0.8249956248906223,0.825032503250325,,0.65,True,
POz,sub-012,"{""C"": 69.51927961775604, ""gamma"": ""auto""}",0.6783069037189573,0.48,0.47665056360708535,0.47947454844006565,,-0.040000000000000036,True,
POz,sub-013,"{""C"": 23.357214690901213, ""gamma"": ""auto""}",0.681908071432644,0.695,0.6922223063144882,0.7023031434796141,,0.39,True,
POz,sub-014,"{""C"": 3.79269019073225, ""gamma"": ""auto""}",0.6798942799512377,0.535,0.5348953514540772,0.535031528375538,,0.06999999999999995,True,
POz,sub-015,"{""C"": 11.288378916846883, ""gamma"": ""auto""}",0.6586971704191185,0.705,0.7049336100622641,0.7051846661995796,,0.41000000000000003,True,
POz,sub-016,"{""C"": 11.288378916846883, ""gamma"": ""auto""}",0.6672297073297786,0.415,0.4138129712668153,0.4143058776086299,,-0.16999999999999993,True,
POz,sub-017,"{""C"": 7.847599703514611, ""gamma"": ""auto""}",0.6631578947368422,0.635,0.6349178565177165,0.6351216094485037,,0.27,True,
POz,sub-018,"{""C"": 3.79269019073225, ""gamma"": ""scale""}",0.65238102740663,0.5,0.4959169271095877,0.5,,0.0,True,
POz,sub-019,"{""C"": 3.79269019073225, ""gamma"": ""auto""}",0.656180161595324,0.65,0.6496847162446202,0.6505419510236852,,0.30000000000000004,True,
POz,sub-020,"{""C"": 100.0, ""gamma"": ""auto""}",0.6792869831921786,0.555,0.4775615626192363,0.6351019405551461,,0.10999999999999999,True,
POz,sub-021,"{""C"": 100.0, ""gamma"": ""auto""}",0.655332724153962,0.79,0.78997899789979,0.7901160464185675,,0.5800000000000001,True,
POz,sub-022,"{""C"": 23.357214690901213, ""gamma"": ""auto""}",0.6728940176617224,0.64,0.6386993175431553,0.6420454545454546,,0.28,True,
POz,sub-023,"{""C"": 7.847599703514611, ""gamma"": ""auto""}",0.6624992406232915,0.8492462311557789,0.8481379731379732,0.8586933942667221,,0.6982410028305701,True,
POz,sub-024,"{""C"": 1.8329807108324356, ""gamma"": ""auto""}",0.6765808487800189,0.54,0.537037037037037,0.5410509031198687,,0.07999999999999996,True,
POz,sub-025,"{""C"": 2.636650898730358, ""gamma"": ""auto""}",0.6547983530670263,0.765,0.7649941248531213,0.765026502650265,,0.53,True,
POz,sub-026,"{""C"": 69.51927961775604, ""gamma"": ""auto""}",0.6682981188194219,0.6482412060301508,0.6434787059787059,0.6576272999572101,,0.297316384180791,True,
POz,sub-027,"{""C"": 23.357214690901213, ""gamma"": ""auto""}",0.6756026132011714,0.585,0.5584988962472406,0.6118568232662192,,0.17000000000000004,True,
POz,sub-028,"{""C"": 100.0, ""gamma"": ""auto""}",0.6755795510982232,0.725,0.7244419950399559,0.7268373828006855,,0.44999999999999996,True,
POz,sub-029,"{""C"": 69.51927961775604, ""gamma"": ""auto""}",0.6784053715319627,0.48,0.4781212364512244,0.47970779220779225,,-0.040000000000000036,True,
POz,sub-030,"{""C"": 3.79269019073225, ""gamma"": ""auto""}",0.657759991541711,0.55,0.5248653785239151,0.5634195839675291,,0.09999999999999998,True,
POz,sub-031,"{""C"": 0.20691380811147894, ""gamma"": ""scale""}",0.6707230781086895,0.58,0.5642701525054467,0.593501636278635,,0.16000000000000003,True,
POz,sub-032,"{""C"": 69.51927961775604, ""gamma"": ""auto""}",0.6720788695445506,0.55,0.5488721804511278,0.5505050505050505,,0.09999999999999998,True,
POz,sub-033,"{""C"": 3.79269019073225, ""gamma"": ""auto""}",0.6702130028657439,0.64,0.6390977443609023,0.6414141414141414,,0.28,True,
POz,sub-034,"{""C"": 7.847599703514611, ""gamma"": ""auto""}",0.6875951232797706,0.54,0.4875222816399287,0.5677506775067751,,0.07999999999999996,True,
POz,sub-035,"{""C"": 2.636650898730358, ""gamma"": ""auto""}",0.6667794939608167,0.885,0.8848589522164652,0.8868957893679027,,0.77,True,
POz,sub-036,"{""C"": 0.29763514416313175, ""gamma"": ""scale""}",0.6659916497912448,0.825,0.8249606161386311,0.8252927634871384,,0.65,True,
POz,sub-037,"{""C"": 33.59818286283781, ""gamma"": ""auto""}",0.6576919227304574,0.66,0.6598639455782312,0.6602564102564102,,0.31999999999999995,True,
POz,sub-038,"{""C"": 0.8858667904100825, ""gamma"": ""auto""}",0.6622060348017863,0.56,0.5535714285714286,0.5636672325976231,,0.12,True,
POz,sub-039,"{""C"": 11.288378916846883, ""gamma"": ""auto""}",0.6642460861026152,0.47,0.4665861513687601,0.46921182266009853,,-0.06000000000000005,True,
POz,sub-040,"{""C"": 1.8329807108324356, ""gamma"": ""scale""}",0.6559119134498432,0.69,0.6880032206119162,0.694991789819376,,0.38,True,
POz,sub-041,"{""C"": 1.8329807108324356, ""gamma"": ""scale""}",0.680999680999681,0.735,0.7348342714196372,0.7355889724310777,,0.47,True,
POz,sub-042,"{""C"": 33.59818286283781, ""gamma"": ""auto""}",0.6674679487179487,0.58,0.5772946859903382,0.5821018062397373,,0.16000000000000003,True,
POz,sub-043,"{""C"": 0.29763514416313175, ""gamma"": ""scale""}",0.6689351112818112,0.935,0.9349853717086345,0.9353918526674007,,0.87,True,
POz,sub-044,"{""C"": 11.288378916846883, ""gamma"": ""auto""}",0.666748100401531,0.515,0.5140158821613768,0.5151224921867124,,0.030000000000000027,True,
POz,sub-045,"{""C"": 0.8858667904100825, ""gamma"": ""scale""}",0.6748699479791918,0.705,0.7048155096935584,0.7055137844611529,,0.41000000000000003,True,
POz,sub-046,"{""C"": 33.59818286283781, ""gamma"": ""auto""}",0.659181695250296,0.88,0.8792270531400965,0.8899835796387521,,0.76,True,
POz,sub-047,"{""C"": 1.2742749857031335, ""gamma"": ""auto""}",0.6773753987720226,0.55,0.5471014492753623,0.5513136288998358,,0.09999999999999998,True,
POz,sub-048,"{""C"": 1.2742749857031335, ""gamma"": ""auto""}",0.6669804061787403,0.78,0.77997799779978,0.7801120448179272,,0.56,True,
POz,sub-049,"{""C"": 2.636650898730358, ""gamma"": ""auto""}",0.6490823202316557,0.845,0.8449030644152595,0.8458646616541354,,0.69,True,
POz,sub-050,"{""C"": 3.79269019073225, ""gamma"": ""auto""}",0.6700842236428459,0.64,0.6396757081373237,0.6405058209554395,,0.28,True,
POz,sub-051,"{""C"": 5.455594781168517, ""gamma"": ""auto""}",0.6458381842199059,0.62,0.6199619961996199,0.6200480192076832,,0.24,True,
PO3,sub-001,"{""C"": 69.51927961775604, ""gamma"": ""auto""}",0.6682843018672893,0.69,0.6897207486738064,0.690686471296668,,0.38,True,
PO3,sub-002,"{""C"": 16.23776739188721, ""gamma"": ""auto""}",0.6809971289741608,0.58,0.5798319327731092,0.5801282051282051,,0.16000000000000003,True,
PO3,sub-003,"{""C"": 48.32930238571752, ""gamma"": ""auto""}",0.6729054696807377,0.755,0.7548467792370231,0.7556390977443609,,0.51,True,
PO3,sub-004,"{""C"": 3.79269019073225, ""gamma"": ""scale""}",0.6554061843336849,0.505,0.5049876246906173,0.5050005000500051,,0.010000000000000009,True,
PO3,sub-005,"{""C"": 5.455594781168517, ""gamma"": ""auto""}",0.6603124075270568,0.75,0.7497747973175859,0.750903251706142,,0.5,True,
PO3,sub-006,"{""C"": 23.357214690901213, ""gamma"": ""auto""}",0.6539913497837446,0.865,0.8645903859174001,0.8694705941896953,,0.73,True,
PO3,sub-007,"{""C"": 0.42813323987193935, ""gamma"": ""scale""}",0.6684302874679402,0.755,0.7546995068959474,0.7562556526982213,,0.51,True,
PO3,sub-008,"{""C"": 0.29763514416313175, ""gamma"": ""auto""}",0.662851317430987,0.815,0.8148843026891808,0.8157894736842106,,0.63,True,
PO3,sub-009,"{""C"": 0.8858667904100825, ""gamma"": ""scale""}",0.667999667999668,0.59,0.5866518802298619,0.5930136420008267,,0.18000000000000005,True,
PO3,sub-010,"{""C"": 7.847599703514611, ""gamma"": ""auto""}",0.6664812395697258,0.62,0.6186270574066639,0.6217532467532467,,0.24,True,
PO3,sub-011,"{""C"": 1.2742749857031335, ""gamma"": ""scale""}",0.6709443896018428,0.725,0.7246627118219819,0.7261079288513717,,0.44999999999999996,True,
PO3,sub-012,"{""C"": 0.29763514416313175, ""gamma"": ""scale""}",0.6664999166249792,0.5,0.5,0.5,,0.0,True,
PO3,sub-013,"{""C"": 0.8858667904100825, ""gamma"": ""scale""}",0.6601627965348618,0.77,0.7681217864704104,0.7790409260024803,,0.54,True,
PO3,sub-014,"{""C"": 3.79269019073225, ""gamma"": ""scale""}",0.6698930453466923,0.495,0.49040086783218545,0.4948127399107791,,-0.010000000000000009,True,
PO3,sub-015,"{""C"": 1.2742749857031335, ""gamma"": ""scale""}",0.6729986919947679,0.655,0.6549913747843696,0.6550155015501551,,0.31000000000000005,True,
PO3,sub-016,"{""C"": 0.14384498882876628, ""gamma"": ""scale""}",0.6559831431740155,0.48,0.47953157842057853,0.4799277398635087,,-0.040000000000000036,True,
PO3,sub-017,"{""C"": 0.14384498882876628, ""gamma"": ""scale""}",0.6644086352509471,0.665,0.6649246080368083,0.6651486337703933,,0.32999999999999996,True,
PO3,sub-018,"{""C"": 1.8329807108324356, ""gamma"": ""auto""}",0.6667197112771841,0.57,0.568922305764411,0.5707070707070707,,0.14,True,
PO3,sub-019,"{""C"": 1.8329807108324356, ""gamma"": ""scale""}",0.6639243829861718,0.585,0.5849896247406186,0.5850085008500849,,0.17000000000000004,True,
PO3,sub-020,"{""C"": 0.8858667904100825, ""gamma"": ""auto""}",0.6563101973064625,0.47,0.468671679197995,0.4696969696969697,,-0.06000000000000005,True,
PO3,sub-021,"{""C"": 3.79269019073225, ""gamma"": ""auto""}",0.6749986999947999,0.68,0.6797117405665098,0.6806503412284224,,0.36,True,
PO3,sub-022,"{""C"": 1.2742749857031335, ""gamma"": ""scale""}",0.6514615736384937,0.615,0.6147592245153221,0.6152882205513786,,0.22999999999999998,True,
PO3,sub-023,"{""C"": 0.6158482110660264, ""gamma"": ""scale""}",0.6539221324798079,0.7738693467336684,0.7736635915581953,0.7745694022289766,,0.547613033594342,True,
PO3,sub-024,"{""C"": 0.29763514416313175, ""gamma"": ""scale""}",0.6649031570123766,0.465,0.4601276520598401,0.46368917937545384,,-0.07000000000000006,True,
PO3,sub-025,"{""C"": 33.59818286283781, ""gamma"": ""auto""}",0.6626545582676661,0.85,0.84998499849985,0.8501400560224089,,0.7,True,
PO3,sub-026,"{""C"": 3.79269019073225, ""gamma"": ""scale""}",0.6534617941628065,0.5778894472361809,0.5721744471744472,0.5831193838254172,,0.15677966101694918,True,
PO3,sub-027,"{""C"": 100.0, ""gamma"": ""auto""}",0.6579914497862447,0.565,0.5647279549718573,0.5651629072681704,,0.13,True,
PO3,sub-028,"{""C"": 5.455594781168517, ""gamma"": ""auto""}",0.6680816999623775,0.675,0.6726347863312432,0.6802080115333127,,0.35,True,
PO3,sub-029,"{""C"": 1.2742749857031335, ""gamma"": ""scale""}",0.6587693280657725,0.48,0.47916666666666663,0.47987117552334946,,-0.040000000000000036,True,
PO3,sub-030,"{""C"": 1.8329807108324356, ""gamma"": ""scale""}",0.6584807895444118,0.51,0.4873940788785438,0.5121418164157359,,0.020000000000000018,True,
PO3,sub-031,"{""C"": 0.29763514416313175, ""gamma"": ""auto""}",0.656999656999657,0.75,0.7416287722199255,0.7872242647058824,,0.5,True,
PO3,sub-032,"{""C"": 16.23776739188721, ""gamma"": ""auto""}",0.6639835351932245,0.615,0.6149133555049886,0.6151035932339105,,0.22999999999999998,True,
PO3,sub-033,"{""C"": 0.29763514416313175, ""gamma"": ""auto""}",0.6539114013187376,0.63,0.6176105828854899,0.6493566176470589,,0.26,True,
PO3,sub-034,"{""C"": 1.8329807108324356, ""gamma"": ""scale""}",0.6659969939729458,0.535,0.5276190476190477,0.5373333333333333,,0.06999999999999995,True,
PO3,sub-035,"{""C"": 3.79269019073225, ""gamma"": ""auto""}",0.6624472573839661,0.965,0.9649781113195748,0.9661654135338346,,0.9299999999999999,True,
PO3,sub-036,"{""C"": 0.42813323987193935, ""gamma"": ""scale""}",0.6664979156119726,0.755,0.7545028683083244,0.7570823671741103,,0.51,True,
PO3,sub-037,"{""C"": 0.6158482110660264, ""gamma"": ""scale""}",0.6624931654866011,0.665,0.6639835502394744,0.6670209535378075,,0.32999999999999996,True,
PO3,sub-038,"{""C"": 48.32930238571752, ""gamma"": ""scale""}",0.6603837663440313,0.515,0.5059967915255532,0.5161794844137633,,0.030000000000000027,True,
PO3,sub-039,"{""C"": 1.8329807108324356, ""gamma"": ""scale""}",0.6749531932598294,0.41,0.4099409940994099,0.4099639855942377,,-0.17999999999999994,True,
PO3,sub-040,"{""C"": 2.636650898730358, ""gamma"": ""auto""}",0.6607526887100696,0.6,0.595959595959596,0.6041666666666667,,0.19999999999999996,True,
PO3,sub-041,"{""C"": 0.14384498882876628, ""gamma"": ""auto""}",0.666808081454918,0.715,0.714935860568628,0.7151936743068762,,0.43000000000000005,True,
PO3,sub-042,"{""C"": 100.0, ""gamma"": ""auto""}",0.6728940176617224,0.62,0.6124031007751938,0.6302083333333333,,0.24,True,
PO3,sub-043,"{""C"": 2.636650898730358, ""gamma"": ""scale""}",0.6612621213247003,0.93,0.93,0.93,,0.86,True,
PO3,sub-044,"{""C"": 0.42813323987193935, ""gamma"": ""scale""}",0.6573827392425058,0.51,0.5075871771681237,0.5101999184006528,,0.020000000000000018,True,
PO3,sub-045,"{""C"": 7.847599703514611, ""gamma"": ""scale""}",0.6579421922304869,0.655,0.6547842401500938,0.6553884711779449,,0.31000000000000005,True,
PO3,sub-046,"{""C"": 1.8329807108324356, ""gamma"": ""auto""}",0.6674899415707325,0.935,0.9348027784046742,0.940327968417856,,0.87,True,
PO3,sub-047,"{""C"": 0.6158482110660264, ""gamma"": ""scale""}",0.6809948959183347,0.615,0.614990374759369,0.6150115011501149,,0.22999999999999998,True,
PO3,sub-048,"{""C"": 48.32930238571752, ""gamma"": ""auto""}",0.6572771444631872,0.795,0.794584032666149,0.7974090130053433,,0.5900000000000001,True,
PO3,sub-049,"{""C"": 1.8329807108324356, ""gamma"": ""scale""}",0.65499861999448,0.73,0.7246022031823746,0.7495659722222222,,0.45999999999999996,True,
PO3,sub-050,"{""C"": 11.288378916846883, ""gamma"": ""auto""}",0.6667160327881259,0.65,0.6496847162446202,0.6505419510236852,,0.30000000000000004,True,
PO3,sub-051,"{""C"": 3.79269019073225, ""gamma"": ""auto""}",0.6633295605900487,0.67,0.6694711538461539,0.6710950080515299,,0.33999999999999997,True,
PO4,sub-001,"{""C"": 16.23776739188721, ""gamma"": ""auto""}",0.6883278790712171,0.675,0.6736210489317367,0.6780083409622623,,0.35,True,
PO4,sub-002,"{""C"": 0.42813323987193935, ""gamma"": ""scale""}",0.6834030421816681,0.655,0.6545768566493955,0.6557632398753894,,0.31000000000000005,True,
PO4,sub-003,"{""C"": 3.79269019073225, ""gamma"": ""auto""}",0.6904993036234331,0.855,0.8548221571424997,0.8567480655210531,,0.71,True,
PO4,sub-004,"{""C"": 0.8858667904100825, ""gamma"": ""scale""}",0.6739266334925358,0.465,0.4648795979095296,0.46496847162446203,,-0.07000000000000006,True,
PO4,sub-005,"{""C"": 1.8329807108324356, ""gamma"": ""scale""}",0.6914437656262854,0.79,0.78997899789979,0.7901160464185675,,0.5800000000000001,True,
PO4,sub-006,"{""C"": 11.288378916846883, ""gamma"": ""auto""}",0.6682356148566297,0.87,0.87,0.87,,0.74,True,
PO4,sub-007,"{""C"": 69.51927961775604, ""gamma"": ""auto""}",0.6794960738269045,0.78,0.77997799779978,0.7801120448179272,,0.56,True,
PO4,sub-008,"{""C"": 5.455594781168517, ""gamma"": ""auto""}",0.688471884587584,0.825,0.8249956248906223,0.825032503250325,,0.65,True,
PO4,sub-009,"{""C"": 11.288378916846883, ""gamma"": ""auto""}",0.697956505736826,0.61,0.61,0.61,,0.21999999999999997,True,
PO4,sub-010,"{""C"": 1.2742749857031335, ""gamma"": ""scale""}",0.6804960860770544,0.6,0.5974235104669887,0.6026272577996716,,0.19999999999999996,True,
PO4,sub-011,"{""C"": 33.59818286283781, ""gamma"": ""auto""}",0.6869746449462406,0.83,0.8297275641025641,0.8321256038647343,,0.6599999999999999,True,
PO4,sub-012,"{""C"": 0.42813323987193935, ""gamma"": ""scale""}",0.6848862439340602,0.435,0.4332856892098598,0.43420386678813644,,-0.1299999999999999,True,
PO4,sub-013,"{""C"": 1.8329807108324356, ""gamma"": ""auto""}",0.6788959622917825,0.74,0.7387197266606371,0.7447980416156671,,0.48,True,
PO4,sub-014,"{""C"": 1.2742749857031335, ""gamma"": ""auto""}",0.6808592589331895,0.52,0.518796992481203,0.5202020202020202,,0.040000000000000036,True,
PO4,sub-015,"{""C"": 1.8329807108324356, ""gamma"": ""auto""}",0.7039419726266347,0.61,0.60984393757503,0.610176282051282,,0.21999999999999997,True,
PO4,sub-016,"{""C"": 3.79269019073225, ""gamma"": ""auto""}",0.6929398162039759,0.475,0.4691473495285523,0.47384663667747673,,-0.050000000000000044,True,
PO4,sub-017,"{""C"": 1.8329807108324356, ""gamma"": ""auto""}",0.6687585249646992,0.755,0.7549448625940837,0.7552297067360625,,0.51,True,
PO4,sub-018,"{""C"": 16.23776739188721, ""gamma"": ""auto""}",0.6914906675926946,0.525,0.5247029393370857,0.525062656641604,,0.050000000000000044,True,
PO4,sub-019,"{""C"": 33.59818286283781, ""gamma"": ""auto""}",0.6824135370854715,0.67,0.6683750376846548,0.6733986128110976,,0.33999999999999997,True,
PO4,sub-020,"{""C"": 0.20691380811147894, ""gamma"": ""scale""}",0.686151353259213,0.605,0.6049901247531189,0.605010501050105,,0.20999999999999996,True,
PO4,sub-021,"{""C"": 0.42813323987193935, ""gamma"": ""scale""}",0.6853677758077832,0.745,0.7449426120877197,0.7452206986287659,,0.49,True,
PO4,sub-022,"{""C"": 1.8329807108324356, ""gamma"": ""auto""}",0.6999027684969931,0.615,0.613831841319993,0.6164085433748355,,0.22999999999999998,True,
PO4,sub-023,"{""C"": 100.0, ""gamma"": ""auto""}",0.6798450450017809,0.6331658291457286,0.633128772381746,0.6331582137805618,,0.26627607454921964,True,
PO4,sub-024,"{""C"": 33.59818286283781, ""gamma"": ""auto""}",0.6949011479719429,0.755,0.7539604830408475,0.7593835825450107,,0.51,True,
PO4,sub-025,"{""C"": 33.59818286283781, ""gamma"": ""auto""}",0.67999871999488,0.82,0.8193496587715776,0.8246753246753247,,0.64,True,
PO4,sub-026,"{""C"": 0.42813323987193935, ""gamma"": ""scale""}",0.6774321801158694,0.7889447236180904,0.7880401704199635,0.7932573891625616,,0.5776228016979987,True,
PO4,sub-027,"{""C"": 23.357214690901213, ""gamma"": ""auto""}",0.6874042675569393,0.535,0.5348953514540772,0.535031528375538,,0.06999999999999995,True,
PO4,sub-028,"{""C"": 7.847599703514611, ""gamma"": ""auto""}",0.6842062328481069,0.71,0.7098839535814325,0.7103365384615384,,0.42000000000000004,True,
PO4,sub-029,"{""C"": 1.8329807108324356, ""gamma"": ""scale""}",0.6924353345290848,0.495,0.49498737468436715,0.49499949994999504,,-0.010000000000000009,True,
PO4,sub-030,"{""C"": 1.2742749857031335, ""gamma"": ""scale""}",0.6874717943294382,0.745,0.7415824276050771,0.7586844050258685,,0.49,True,
PO4,sub-031,"{""C"": 100.0, ""gamma"": ""auto""}",0.7039901971169847,0.525,0.524036173250833,0.5252041536445207,,0.050000000000000044,True,
PO4,sub-032,"{""C"": 33.59818286283781, ""gamma"": ""auto""}",0.701348807833966,0.52,0.5198079231692677,0.5200320512820513,,0.040000000000000036,True,
PO4,sub-033,"{""C"": 1.2742749857031335, ""gamma"": ""auto""}",0.6725517233092103,0.685,0.6849921248031201,0.6850185018501851,,0.37,True,
PO4,sub-034,"{""C"": 0.8858667904100825, ""gamma"": ""scale""}",0.6829464179446326,0.6,0.5999599959995999,0.6000400160064026,,0.19999999999999996,True,
PO4,sub-035,"{""C"": 23.357214690901213, ""gamma"": ""auto""}",0.6909208757441905,0.8,0.7999199679871949,0.8004807692307692,,0.6,True,
PO4,sub-036,"{""C"": 0.6158482110660264, ""gamma"": ""auto""}",0.6729882275761927,0.805,0.804995124878122,0.8050305030503051,,0.61,True,
PO4,sub-037,"{""C"": 0.29763514416313175, ""gamma"": ""scale""}",0.6738561705712218,0.66,0.6583257964023717,0.6631986944104447,,0.31999999999999995,True,
PO4,sub-038,"{""C"": 5.455594781168517, ""gamma"": ""auto""}",0.685999685999686,0.515,0.5122564424890006,0.5153452685421995,,0.030000000000000027,True,
PO4,sub-039,"{""C"": 69.51927961775604, ""gamma"": ""auto""}",0.6909394241271289,0.45,0.44550861982054646,0.44832575444398515,,-0.10000000000000009,True,
PO4,sub-040,"{""C"": 2.636650898730358, ""gamma"": ""auto""}",0.6869846622484501,0.685,0.678234888531372,0.7019871164974343,,0.37,True,
PO4,sub-041,"{""C"": 33.59818286283781, ""gamma"": ""auto""}",0.6629915747893698,0.75,0.748389694041868,0.756568144499179,,0.5,True,
PO4,sub-042,"{""C"": 0.8858667904100825, ""gamma"": ""auto""}",0.6874999218749804,0.595,0.5895720909021813,0.6003061978671735,,0.18999999999999995,True,
PO4,sub-043,"{""C"": 33.59818286283781, ""gamma"": ""auto""}",0.6869887315943374,0.945,0.9449986249656241,0.945044504450445,,0.89,True,
PO4,sub-044,"{""C"": 3.79269019073225, ""gamma"": ""auto""}",0.6908364524833637,0.525,0.5248931009477132,0.5250225202682415,,0.050000000000000044,True,
PO4,sub-045,"{""C"": 16.23776739188721, ""gamma"": ""auto""}",0.6859092277668246,0.775,0.7749943748593715,0.7750275027502751,,0.55,True,
PO4,sub-046,"{""C"": 23.357214690901213, ""gamma"": ""auto""}",0.6654992473733066,0.89,0.8896025692492975,0.895698051948052,,0.78,True,
PO4,sub-047,"{""C"": 1.8329807108324356, ""gamma"": ""auto""}",0.681885160542956,0.55,0.5477841422972565,0.550999592003264,,0.09999999999999998,True,
PO4,sub-048,"{""C"": 7.847599703514611, ""gamma"": ""auto""}",0.6803235646628265,0.79,0.7896634615384616,0.7918679549114331,,0.5800000000000001,True,
PO4,sub-049,"{""C"": 1.2742749857031335, ""gamma"": ""scale""}",0.6699046024301023,0.76,0.7596153846153846,0.7616747181964574,,0.52,True,
PO4,sub-050,"{""C"": 23.357214690901213, ""gamma"": ""auto""}",0.68499873999496,0.69,0.6892230576441103,0.6919191919191919,,0.38,True,
PO4,sub-051,"{""C"": 0.8858667904100825, ""gamma"": ""scale""}",0.6919750499790482,0.625,0.6242390841453944,0.6260207682226031,,0.25,True,
PO5,sub-001,"{""C"": 11.288378916846883, ""gamma"": ""auto""}",0.6519317786286112,0.695,0.6949313595559001,0.695175658092283,,0.39,True,
PO5,sub-002,"{""C"": 1.8329807108324356, ""gamma"": ""scale""}",0.6784767699466286,0.56,0.56,0.56,,0.12,True,
PO5,sub-003,"{""C"": 0.20691380811147894, ""gamma"": ""scale""}",0.6511755060144699,0.77,0.7699079631852741,0.7704326923076923,,0.54,True,
PO5,sub-004,"{""C"": 2.636650898730358, ""gamma"": ""auto""}",0.6484612428520244,0.545,0.544897601960441,0.5450405364828346,,0.08999999999999997,True,
PO5,sub-005,"{""C"": 1.8329807108324356, ""gamma"": ""auto""}",0.6539913497837446,0.74,0.7399739973997399,0.7400960384153662,,0.48,True,
PO5,sub-006,"{""C"": 0.8858667904100825, ""gamma"": ""scale""}",0.632963296329633,0.82,0.8195488721804511,0.8232323232323232,,0.64,True,
PO5,sub-007,"{""C"": 0.42813323987193935, ""gamma"": ""scale""}",0.6580930452471054,0.76,0.7593984962406015,0.7626262626262625,,0.52,True,
PO5,sub-008,"{""C"": 0.14384498882876628, ""gamma"": ""scale""}",0.6385822010243842,0.81,0.8098288459613652,0.8111200321156162,,0.62,True,
PO5,sub-009,"{""C"": 0.42813323987193935, ""gamma"": ""scale""}",0.66999867999472,0.57,0.5656565656565657,0.5729166666666667,,0.14,True,
PO5,sub-010,"{""C"": 2.636650898730358, ""gamma"": ""scale""}",0.6629986519946081,0.65,0.6457131288591963,0.6576292559899117,,0.30000000000000004,True,
PO5,sub-011,"{""C"": 11.288378916846883, ""gamma"": ""auto""}",0.6613712364126458,0.69,0.6892230576441103,0.6919191919191919,,0.38,True,
PO5,sub-012,"{""C"": 23.357214690901213, ""gamma"": ""auto""}",0.6589945439127025,0.545,0.5430694685044313,0.545773573390296,,0.08999999999999997,True,
PO5,sub-013,"{""C"": 100.0, ""gamma"": ""auto""}",0.6554806207849191,0.71,0.7013695808876532,0.737449118046133,,0.42000000000000004,True,
PO5,sub-014,"{""C"": 1.2742749857031335, ""gamma"": ""auto""}",0.642999642999643,0.555,0.5440456978918518,0.5608474388759819,,0.10999999999999999,True,
PO5,sub-015,"{""C"": 3.79269019073225, ""gamma"": ""scale""}",0.6513074345307196,0.59,0.5885186672019269,0.5913149350649352,,0.18000000000000005,True,
PO5,sub-016,"{""C"": 1.2742749857031335, ""gamma"": ""auto""}",0.6604856555189457,0.48,0.47953157842057853,0.4799277398635087,,-0.040000000000000036,True,
PO5,sub-017,"{""C"": 100.0, ""gamma"": ""auto""}",0.6414891550469402,0.65,0.6496847162446202,0.6505419510236852,,0.30000000000000004,True,
PO5,sub-018,"{""C"": 1.8329807108324356, ""gamma"": ""auto""}",0.6674300771737258,0.575,0.5737104741844078,0.575918615244458,,0.15000000000000002,True,
PO5,sub-019,"{""C"": 3.79269019073225, ""gamma"": ""scale""}",0.6609915247881197,0.565,0.5649021029731689,0.5650585526974277,,0.13,True,
PO5,sub-020,"{""C"": 0.42813323987193935, ""gamma"": ""auto""}",0.6509717287100255,0.47,0.46952257031328193,0.46989160979526295,,-0.06000000000000005,True,
PO5,sub-021,"{""C"": 11.288378916846883, ""gamma"": ""auto""}",0.6684992541233218,0.67,0.67,0.67,,0.33999999999999997,True,
PO5,sub-022,"{""C"": 1.2742749857031335, ""gamma"": ""auto""}",0.6554999138749784,0.61,0.60996099609961,0.6100440176070427,,0.21999999999999997,True,
PO5,sub-023,"{""C"": 0.29763514416313175, ""gamma"": ""scale""}",0.6534056396854044,0.7638190954773869,0.7634367807370311,0.7651361235270215,,0.5274592027484464,True,
PO5,sub-024,"{""C"": 7.847599703514611, ""gamma"": ""auto""}",0.6702321460606377,0.465,0.46273003439532023,0.4643983318075475,,-0.07000000000000006,True,
PO5,sub-025,"{""C"": 1.8329807108324356, ""gamma"": ""scale""}",0.6604075459543861,0.845,0.8448098921178444,0.84669882423877,,0.69,True,
PO5,sub-026,"{""C"": 3.79269019073225, ""gamma"": ""scale""}",0.6599425302876186,0.5728643216080402,0.5675793133420253,0.5773898232914626,,0.14669827977601768,True,
PO5,sub-027,"{""C"": 7.847599703514611, ""gamma"": ""auto""}",0.6534957553230027,0.545,0.5430694685044313,0.545773573390296,,0.08999999999999997,True,
PO5,sub-028,"{""C"": 0.8858667904100825, ""gamma"": ""scale""}",0.6529718907231485,0.635,0.6116918003138381,0.6776549545992894,,0.27,True,
PO5,sub-029,"{""C"": 0.6158482110660264, ""gamma"": ""auto""}",0.6479873275437915,0.515,0.5140158821613768,0.5151224921867124,,0.030000000000000027,True,
PO5,sub-030,"{""C"": 0.6158482110660264, ""gamma"": ""auto""}",0.6604992361232813,0.49,0.4615140956604371,0.4873160832064941,,-0.020000000000000018,True,
PO5,sub-031,"{""C"": 0.6158482110660264, ""gamma"": ""scale""}",0.6551129505087083,0.745,0.7439180537772088,0.7492116773471671,,0.49,True,
PO5,sub-032,"{""C"": 1.2742749857031335, ""gamma"": ""scale""}",0.6724900928253079,0.56,0.5546107905658468,0.5630517023959647,,0.12,True,
PO5,sub-033,"{""C"": 16.23776739188721, ""gamma"": ""auto""}",0.6659969939729458,0.65,0.6354166666666667,0.6785714285714286,,0.30000000000000004,True,
PO5,sub-034,"{""C"": 1.8329807108324356, ""gamma"": ""scale""}",0.6559504568657887,0.57,0.5614035087719298,0.5759548611111112,,0.14,True,
PO5,sub-035,"{""C"": 1.2742749857031335, ""gamma"": ""auto""}",0.628488761785044,0.965,0.9649781113195748,0.9661654135338346,,0.9299999999999999,True,
PO5,sub-036,"{""C"": 11.288378916846883, ""gamma"": ""auto""}",0.64996499649965,0.74,0.7395833333333333,0.7415458937198067,,0.48,True,
PO5,sub-037,"{""C"": 5.455594781168517, ""gamma"": ""auto""}",0.6509214573278987,0.63,0.6269785260610949,0.6343530384456387,,0.26,True,
PO5,sub-038,"{""C"": 1.8329807108324356, ""gamma"": ""scale""}",0.647797131147541,0.5,0.4791666666666667,0.5,,0.0,True,
PO5,sub-039,"{""C"": 0.29763514416313175, ""gamma"": ""scale""}",0.6719839272124335,0.38,0.37944149734761284,0.3795664391810518,,-0.24,True,
PO5,sub-040,"{""C"": 3.79269019073225, ""gamma"": ""auto""}",0.6603837663440313,0.605,0.6041985019664822,0.6058574453069866,,0.20999999999999996,True,
PO5,sub-041,"{""C"": 0.8858667904100825, ""gamma"": ""scale""}",0.645540620644355,0.69,0.689875950380152,0.6903044871794872,,0.38,True,
PO5,sub-042,"{""C"": 1.2742749857031335, ""gamma"": ""auto""}",0.6703331061349809,0.6,0.5931237920862578,0.6072501072501073,,0.19999999999999996,True,
PO5,sub-043,"{""C"": 0.6158482110660264, ""gamma"": ""scale""}",0.6466381574732526,0.885,0.8849280800500312,0.8859649122807018,,0.77,True,
PO5,sub-044,"{""C"": 48.32930238571752, ""gamma"": ""auto""}",0.6494851907493091,0.5,0.4949494949494949,0.5,,0.0,True,
PO5,sub-045,"{""C"": 2.636650898730358, ""gamma"": ""scale""}",0.6448717987193376,0.675,0.6749268585431722,0.6751576418776899,,0.35,True,
PO5,sub-046,"{""C"": 0.8858667904100825, ""gamma"": ""auto""}",0.658999658999659,0.89,0.8892914653784219,0.9002463054187192,,0.78,True,
PO5,sub-047,"{""C"": 0.6158482110660264, ""gamma"": ""scale""}",0.6564621249492757,0.635,0.6349908747718693,0.635013501350135,,0.27,True,
PO5,sub-048,"{""C"": 0.8858667904100825, ""gamma"": ""scale""}",0.6749791986687148,0.755,0.7548467792370231,0.7556390977443609,,0.51,True,
PO5,sub-049,"{""C"": 0.8858667904100825, ""gamma"": ""auto""}",0.6474152915237886,0.65,0.6464646464646464,0.65625,,0.30000000000000004,True,
PO5,sub-050,"{""C"": 16.23776739188721, ""gamma"": ""auto""}",0.6534749635661177,0.605,0.6049111049986247,0.6050945851266138,,0.20999999999999996,True,
PO5,sub-051,"{""C"": 0.42813323987193935, ""gamma"": ""scale""}",0.6644858245260863,0.7,0.6956168831168831,0.7122241086587436,,0.4,True,
PO6,sub-001,"{""C"": 33.59818286283781, ""gamma"": ""auto""}",0.6960494693259083,0.655,0.6530483972344437,0.6585677749360614,,0.31000000000000005,True,
PO6,sub-002,"{""C"": 16.23776739188721, ""gamma"": ""auto""}",0.6784574760012012,0.58,0.5789473684210527,0.5808080808080809,,0.16000000000000003,True,
PO6,sub-003,"{""C"": 3.79269019073225, ""gamma"": ""scale""}",0.6699524731561345,0.815,0.813953488372093,0.8222506393861893,,0.63,True,
PO6,sub-004,"{""C"": 16.23776739188721, ""gamma"": ""auto""}",0.6894347036464417,0.495,0.4939752999824645,0.4949591692710959,,-0.010000000000000009,True,
PO6,sub-005,"{""C"": 0.8858667904100825, ""gamma"": ""scale""}",0.6704900323234777,0.81,0.8099239695878351,0.8104967948717949,,0.62,True,
PO6,sub-006,"{""C"": 0.29763514416313175, ""gamma"": ""scale""}",0.6768833548911157,0.84,0.8398558702832549,0.8412284223203532,,0.6799999999999999,True,
PO6,sub-007,"{""C"": 1.2742749857031335, ""gamma"": ""scale""}",0.6619915497887447,0.75,0.748389694041868,0.756568144499179,,0.5,True,
PO6,sub-008,"{""C"": 7.847599703514611, ""gamma"": ""auto""}",0.6704761919048652,0.87,0.8699869986998701,0.8701480592236894,,0.74,True,
PO6,sub-009,"{""C"": 3.79269019073225, ""gamma"": ""auto""}",0.6894868808207146,0.62,0.62,0.62,,0.24,True,
PO6,sub-010,"{""C"": 69.51927961775604, ""gamma"": ""auto""}",0.6819542014050024,0.63,0.6269785260610949,0.6343530384456387,,0.26,True,
PO6,sub-011,"{""C"": 3.79269019073225, ""gamma"": ""scale""}",0.6789996789996791,0.78,0.7799119647859143,0.780448717948718,,0.56,True,
PO6,sub-012,"{""C"": 48.32930238571752, ""gamma"": ""auto""}",0.6849546334672193,0.505,0.5039955910719206,0.505040830728904,,0.010000000000000009,True,
PO6,sub-013,"{""C"": 16.23776739188721, ""gamma"": ""auto""}",0.6874430364934009,0.755,0.7539604830408475,0.7593835825450107,,0.51,True,
PO6,sub-014,"{""C"": 2.636650898730358, ""gamma"": ""auto""}",0.6939889836034097,0.505,0.5013975976429704,0.5051488003295233,,0.010000000000000009,True,
PO6,sub-015,"{""C"": 2.636650898730358, ""gamma"": ""auto""}",0.6689837802052301,0.615,0.6142187930559382,0.6159391067647948,,0.22999999999999998,True,
PO6,sub-016,"{""C"": 7.847599703514611, ""gamma"": ""auto""}",0.6879297842014453,0.46,0.4573409707567079,0.45920032639738884,,-0.08000000000000007,True,
PO6,sub-017,"{""C"": 5.455594781168517, ""gamma"": ""auto""}",0.6649916247906198,0.765,0.7648530331457161,0.7656641604010025,,0.53,True,
PO6,sub-018,"{""C"": 23.357214690901213, ""gamma"": ""auto""}",0.6864510079699953,0.55,0.5463252343986289,0.5516742455560149,,0.09999999999999998,True,
PO6,sub-019,"{""C"": 2.636650898730358, ""gamma"": ""auto""}",0.6784934894931622,0.7,0.6998799519807923,0.7003205128205128,,0.4,True,
PO6,sub-020,"{""C"": 33.59818286283781, ""gamma"": ""auto""}",0.6784645507167165,0.63,0.6269785260610949,0.6343530384456387,,0.26,True,
PO6,sub-021,"{""C"": 11.288378916846883, ""gamma"": ""auto""}",0.6633719972019361,0.76,0.7593984962406015,0.7626262626262625,,0.52,True,
PO6,sub-022,"{""C"": 5.455594781168517, ""gamma"": ""auto""}",0.6849921248031201,0.62,0.6198479391756703,0.6201923076923077,,0.24,True,
PO6,sub-023,"{""C"": 0.8858667904100825, ""gamma"": ""scale""}",0.6852619793719,0.6080402010050251,0.5906645569620254,0.628268765133172,,0.21447368421052626,True,
PO6,sub-024,"{""C"": 7.847599703514611, ""gamma"": ""auto""}",0.6819462489160668,0.755,0.7539604830408475,0.7593835825450107,,0.51,True,
PO6,sub-025,"{""C"": 1.8329807108324356, ""gamma"": ""auto""}",0.6729447276589744,0.875,0.8749718686704508,0.8753378040236213,,0.75,True,
PO6,sub-026,"{""C"": 100.0, ""gamma"": ""auto""}",0.6759841232220378,0.7236180904522613,0.7235901709725485,0.7236310365730451,,0.4471943027425628,True,
PO6,sub-027,"{""C"": 5.455594781168517, ""gamma"": ""auto""}",0.6797489231557541,0.53,0.5288220551378446,0.5303030303030303,,0.06000000000000005,True,
PO6,sub-028,"{""C"": 16.23776739188721, ""gamma"": ""auto""}",0.6689880835710085,0.695,0.6940745755911633,0.6973883996355906,,0.39,True,
PO6,sub-029,"{""C"": 69.51927961775604, ""gamma"": ""auto""}",0.6764863315475078,0.45,0.44911858974358976,0.4496779388083736,,-0.10000000000000009,True,
PO6,sub-030,"{""C"": 11.288378916846883, ""gamma"": ""auto""}",0.6878489188767363,0.63,0.6111811685582178,0.6612103174603174,,0.26,True,
PO6,sub-031,"{""C"": 16.23776739188721, ""gamma"": ""auto""}",0.6864773479883921,0.595,0.5904850982077403,0.5993827806255885,,0.18999999999999995,True,
PO6,sub-032,"{""C"": 3.79269019073225, ""gamma"": ""auto""}",0.6769534813013074,0.545,0.5399277029247453,0.5470760539805419,,0.08999999999999997,True,
PO6,sub-033,"{""C"": 0.42813323987193935, ""gamma"": ""scale""}",0.66999867999472,0.64,0.64,0.64,,0.28,True,
PO6,sub-034,"{""C"": 1.2742749857031335, ""gamma"": ""scale""}",0.6893427297569394,0.635,0.6349178565177165,0.6351216094485037,,0.27,True,
PO6,sub-035,"{""C"": 2.636650898730358, ""gamma"": ""scale""}",0.6714861202885822,0.85,0.8499399759903962,0.8505608974358975,,0.7,True,
PO6,sub-036,"{""C"": 0.8858667904100825, ""gamma"": ""scale""}",0.6699524731561345,0.72,0.7192982456140351,0.7222222222222222,,0.43999999999999995,True,
PO6,sub-037,"{""C"": 100.0, ""gamma"": ""auto""}",0.6859921498037451,0.63,0.6298519407763106,0.6302083333333333,,0.26,True,
PO6,sub-038,"{""C"": 33.59818286283781, ""gamma"": ""auto""}",0.6838469819392586,0.53,0.5242433444680635,0.5315258511979823,,0.06000000000000005,True,
PO6,sub-039,"{""C"": 0.42813323987193935, ""gamma"": ""scale""}",0.701437227177014,0.48,0.4786967418546366,0.4797979797979798,,-0.040000000000000036,True,
PO6,sub-040,"{""C"": 7.847599703514611, ""gamma"": ""auto""}",0.674967496749675,0.68,0.6760805749569794,0.6891551071878941,,0.36,True,
PO6,sub-041,"{""C"": 0.8858667904100825, ""gamma"": ""scale""}",0.6764960370764541,0.725,0.7219343259435274,0.7353802699027094,,0.44999999999999996,True,
PO6,sub-042,"{""C"": 69.51927961775604, ""gamma"": ""auto""}",0.6869295591508089,0.565,0.5641173376086576,0.5655307994757536,,0.13,True,
PO6,sub-043,"{""C"": 1.2742749857031335, ""gamma"": ""auto""}",0.6869686968696869,0.94,0.94,0.94,,0.88,True,
PO6,sub-044,"{""C"": 0.8858667904100825, ""gamma"": ""scale""}",0.6714933477402918,0.595,0.5949898747468687,0.595009500950095,,0.18999999999999995,True,
PO6,sub-045,"{""C"": 1.8329807108324356, ""gamma"": ""auto""}",0.6843799854894823,0.745,0.7449426120877197,0.7452206986287659,,0.49,True,
PO6,sub-046,"{""C"": 48.32930238571752, ""gamma"": ""auto""}",0.683,0.845,0.8441231929604023,0.8529411764705883,,0.69,True,
PO6,sub-047,"{""C"": 5.455594781168517, ""gamma"": ""auto""}",0.6768290425635161,0.58,0.57995799579958,0.5800320128051221,,0.16000000000000003,True,
PO6,sub-048,"{""C"": 100.0, ""gamma"": ""auto""}",0.6579586129921721,0.76,0.7596153846153846,0.7616747181964574,,0.52,True,
PO6,sub-049,"{""C"": 11.288378916846883, ""gamma"": ""auto""}",0.6944993126234533,0.68,0.6794871794871795,0.681159420289855,,0.36,True,
PO6,sub-050,"{""C"": 48.32930238571752, ""gamma"": ""auto""}",0.6829885875891533,0.695,0.6949313595559001,0.695175658092283,,0.39,True,
PO6,sub-051,"{""C"": 1.8329807108324356, ""gamma"": ""scale""}",0.6754979718623242,0.675,0.6747967479674797,0.6754385964912281,,0.35,True,
PO7,sub-001,"{""C"": 2.636650898730358, ""gamma"": ""scale""}",0.6464801145064409,0.685,0.683218101822753,0.6892583120204603,,0.37,True,
PO7,sub-002,"{""C"": 5.455594781168517, ""gamma"": ""auto""}",0.6624999156249789,0.615,0.614990374759369,0.6150115011501149,,0.22999999999999998,True,
PO7,sub-003,"{""C"": 100.0, ""gamma"": ""auto""}",0.6524853175046645,0.75,0.7497747973175859,0.750903251706142,,0.5,True,
PO7,sub-004,"{""C"": 23.357214690901213, ""gamma"": ""auto""}",0.6434991978731952,0.535,0.5347091932457786,0.5350877192982456,,0.06999999999999995,True,
PO7,sub-005,"{""C"": 5.455594781168517, ""gamma"": ""scale""}",0.651426712466296,0.675,0.6749268585431722,0.6751576418776899,,0.35,True,
PO7,sub-006,"{""C"": 2.636650898730358, ""gamma"": ""auto""}",0.6352810774667494,0.79,0.7874278773155178,0.8047498949138294,,0.5800000000000001,True,
PO7,sub-007,"{""C"": 5.455594781168517, ""gamma"": ""auto""}",0.6524992181232407,0.74,0.7397657892102892,0.7408671216378964,,0.48,True,
PO7,sub-008,"{""C"": 0.20691380811147894, ""gamma"": ""scale""}",0.6398094592039189,0.795,0.7949948748718718,0.7950295029502951,,0.5900000000000001,True,
PO7,sub-009,"{""C"": 0.14384498882876628, ""gamma"": ""scale""}",0.6223843552087827,0.57,0.5684464070654356,0.5710227272727273,,0.14,True,
PO7,sub-010,"{""C"": 1.8329807108324356, ""gamma"": ""scale""}",0.645940163887697,0.62,0.6175523349436394,0.6231527093596059,,0.24,True,
PO7,sub-011,"{""C"": 11.288378916846883, ""gamma"": ""auto""}",0.6374955593206018,0.705,0.7028531137468208,0.7111008135104521,,0.41000000000000003,True,
PO7,sub-012,"{""C"": 0.8858667904100825, ""gamma"": ""scale""}",0.6557300923924356,0.485,0.48395500889300835,0.48487750781328764,,-0.030000000000000027,True,
PO7,sub-013,"{""C"": 33.59818286283781, ""gamma"": ""auto""}",0.636947720471748,0.705,0.6977381592766208,0.7267949994468414,,0.41000000000000003,True,
PO7,sub-014,"{""C"": 5.455594781168517, ""gamma"": ""auto""}",0.6473920138042275,0.505,0.4994817866983493,0.5052306726645046,,0.010000000000000009,True,
PO7,sub-015,"{""C"": 0.42813323987193935, ""gamma"": ""scale""}",0.647461132589868,0.56,0.5555555555555556,0.5625,,0.12,True,
PO7,sub-016,"{""C"": 1.2742749857031335, ""gamma"": ""scale""}",0.6609783026113671,0.53,0.5269726247987118,0.5307881773399015,,0.06000000000000005,True,
PO7,sub-017,"{""C"": 0.29763514416313175, ""gamma"": ""scale""}",0.6385315368717859,0.65,0.6491228070175439,0.6515151515151515,,0.30000000000000004,True,
PO7,sub-018,"{""C"": 0.42813323987193935, ""gamma"": ""scale""}",0.6394926997271695,0.565,0.5601506610379433,0.5679987446385606,,0.13,True,
PO7,sub-019,"{""C"": 3.79269019073225, ""gamma"": ""scale""}",0.6489311905133406,0.58,0.5796216594935442,0.5802890405459655,,0.16000000000000003,True,
PO7,sub-020,"{""C"": 5.455594781168517, ""gamma"": ""auto""}",0.6499828491596088,0.5,0.49919871794871795,0.5,,0.0,True,
PO7,sub-021,"{""C"": 33.59818286283781, ""gamma"": ""auto""}",0.6399870395334232,0.62,0.6198479391756703,0.6201923076923077,,0.24,True,
PO7,sub-022,"{""C"": 11.288378916846883, ""gamma"": ""auto""}",0.6449872195399035,0.615,0.6149133555049886,0.6151035932339105,,0.22999999999999998,True,
PO7,sub-023,"{""C"": 0.6158482110660264, ""gamma"": ""scale""}",0.638825191392634,0.7688442211055276,0.7686982009298564,0.7692813765182186,,0.5375833501717519,True,
PO7,sub-024,"{""C"": 0.42813323987193935, ""gamma"": ""auto""}",0.6428967971743834,0.515,0.5084999113273035,0.5158378207158695,,0.030000000000000027,True,
PO7,sub-025,"{""C"": 16.23776739188721, ""gamma"": ""auto""}",0.6324991731231395,0.85,0.8494580489763148,0.8551136363636364,,0.7,True,
PO7,sub-026,"{""C"": 0.6158482110660264, ""gamma"": ""scale""}",0.656475180331779,0.6080402010050251,0.5940050219711237,0.6270308453025665,,0.21756225425950193,True,
PO7,sub-027,"{""C"": 11.288378916846883, ""gamma"": ""auto""}",0.6384926794767594,0.525,0.5244174113288779,0.525123103205708,,0.050000000000000044,True,
PO7,sub-028,"{""C"": 7.847599703514611, ""gamma"": ""auto""}",0.646909608859868,0.675,0.6698412698412699,0.6866666666666666,,0.35,True,
PO7,sub-029,"{""C"": 7.847599703514611, ""gamma"": ""auto""}",0.644,0.51,0.5082296266559615,0.5101461038961039,,0.020000000000000018,True,
PO7,sub-030,"{""C"": 0.8858667904100825, ""gamma"": ""auto""}",0.6586504580690626,0.51,0.4800509337860781,0.5129937629937631,,0.020000000000000018,True,
PO7,sub-031,"{""C"": 100.0, ""gamma"": ""auto""}",0.6494802832659337,0.75,0.7487689679429204,0.7549979600163199,,0.5,True,
PO7,sub-032,"{""C"": 7.847599703514611, ""gamma"": ""auto""}",0.661998647994592,0.585,0.5819798040845106,0.5875296056018948,,0.17000000000000004,True,
PO7,sub-033,"{""C"": 5.455594781168517, ""gamma"": ""auto""}",0.6459826531500044,0.615,0.607853123169769,0.6240427138388522,,0.22999999999999998,True,
PO7,sub-034,"{""C"": 7.847599703514611, ""gamma"": ""auto""}",0.6424741687586928,0.545,0.5447154471544715,0.5451127819548872,,0.08999999999999997,True,
PO7,sub-035,"{""C"": 1.2742749857031335, ""gamma"": ""scale""}",0.6284999071249768,0.945,0.9449325423643964,0.9471912370616018,,0.89,True,
PO7,sub-036,"{""C"": 33.59818286283781, ""gamma"": ""auto""}",0.6364991821231598,0.62,0.6199619961996199,0.6200480192076832,,0.24,True,
PO7,sub-037,"{""C"": 100.0, ""gamma"": ""auto""}",0.639,0.625,0.6228786926461345,0.6278772378516624,,0.25,True,
PO7,sub-038,"{""C"": 2.636650898730358, ""gamma"": ""scale""}",0.624499155123099,0.525,0.5062241742249018,0.5294846090340842,,0.050000000000000044,True,
PO7,sub-039,"{""C"": 5.455594781168517, ""gamma"": ""auto""}",0.6458721598497057,0.415,0.41486834537771,0.41492343108797913,,-0.16999999999999993,True,
PO7,sub-040,"{""C"": 0.42813323987193935, ""gamma"": ""scale""}",0.661890452506612,0.565,0.5636801324005115,0.5657961332118635,,0.13,True,
PO7,sub-041,"{""C"": 0.6158482110660264, ""gamma"": ""scale""}",0.6513249651324965,0.655,0.6535361904044588,0.6576645305665751,,0.31000000000000005,True,
PO7,sub-042,"{""C"": 1.8329807108324356, ""gamma"": ""scale""}",0.6394523175689986,0.515,0.5122564424890006,0.5153452685421995,,0.030000000000000027,True,
PO7,sub-043,"{""C"": 100.0, ""gamma"": ""auto""}",0.6409770225294419,0.805,0.804995124878122,0.8050305030503051,,0.61,True,
PO7,sub-044,"{""C"": 1.8329807108324356, ""gamma"": ""auto""}",0.6489912247806195,0.53,0.5252525252525253,0.53125,,0.06000000000000005,True,
PO7,sub-045,"{""C"": 16.23776739188721, ""gamma"": ""auto""}",0.6279761904761905,0.685,0.6849291090495362,0.6851666499849864,,0.37,True,
PO7,sub-046,"{""C"": 0.8858667904100825, ""gamma"": ""scale""}",0.6327120462442555,0.825,0.8240100565681961,0.8324808184143222,,0.65,True,
PO7,sub-047,"{""C"": 33.59818286283781, ""gamma"": ""auto""}",0.6534957553230027,0.575,0.5749043534795328,0.5750675608047242,,0.15000000000000002,True,
PO7,sub-048,"{""C"": 48.32930238571752, ""gamma"": ""auto""}",0.6344596991818348,0.685,0.684044233807267,0.6872659176029963,,0.37,True,
PO7,sub-049,"{""C"": 0.6158482110660264, ""gamma"": ""scale""}",0.6449826041476032,0.585,0.564886896804802,0.6042816832290516,,0.17000000000000004,True,
PO7,sub-050,"{""C"": 1.2742749857031335, ""gamma"": ""scale""}",0.6589508889280056,0.625,0.6245400615754299,0.6256155160285398,,0.25,True,
PO7,sub-051,"{""C"": 23.357214690901213, ""gamma"": ""auto""}",0.6384015548233006,0.7,0.6998799519807923,0.7003205128205128,,0.4,True,
PO8,sub-001,"{""C"": 2.636650898730358, ""gamma"": ""auto""}",0.6565039917641073,0.645,0.6393650793650794,0.6546666666666667,,0.29000000000000004,True,
PO8,sub-002,"{""C"": 48.32930238571752, ""gamma"": ""auto""}",0.661493145236191,0.59,0.5885186672019269,0.5913149350649352,,0.18000000000000005,True,
PO8,sub-003,"{""C"": 7.847599703514611, ""gamma"": ""scale""}",0.6504957185725525,0.805,0.8046043237556051,0.8074906744631516,,0.61,True,
PO8,sub-004,"{""C"": 100.0, ""gamma"": ""auto""}",0.6813386777055885,0.49,0.4891826923076923,0.48993558776167473,,-0.020000000000000018,True,
PO8,sub-005,"{""C"": 0.8858667904100825, ""gamma"": ""scale""}",0.6598898042965922,0.665,0.6649916247906198,0.665016501650165,,0.32999999999999996,True,
PO8,sub-006,"{""C"": 0.42813323987193935, ""gamma"": ""auto""}",0.6654631173086833,0.8,0.7999199679871949,0.8004807692307692,,0.6,True,
PO8,sub-007,"{""C"": 16.23776739188721, ""gamma"": ""auto""}",0.6784979906124413,0.755,0.7546995068959474,0.7562556526982213,,0.51,True,
PO8,sub-008,"{""C"": 0.14384498882876628, ""gamma"": ""scale""}",0.6616088197956838,0.82,0.81998199819982,0.8201280512204883,,0.64,True,
PO8,sub-009,"{""C"": 1.8329807108324356, ""gamma"": ""scale""}",0.6876801845089371,0.61,0.61,0.61,,0.21999999999999997,True,
PO8,sub-010,"{""C"": 23.357214690901213, ""gamma"": ""auto""}",0.6719970479734318,0.635,0.6292063492063492,0.644,,0.27,True,
PO8,sub-011,"{""C"": 0.6158482110660264, ""gamma"": ""scale""}",0.6632561327973494,0.8,0.8,0.8,,0.6,True,
PO8,sub-012,"{""C"": 0.8858667904100825, ""gamma"": ""scale""}",0.6653854781799071,0.49,0.48994899489948995,0.4899959983993597,,-0.020000000000000018,True,
PO8,sub-013,"{""C"": 1.8329807108324356, ""gamma"": ""scale""}",0.6583700952287107,0.775,0.7745434504872366,0.7772456900897269,,0.55,True,
PO8,sub-014,"{""C"": 0.6158482110660264, ""gamma"": ""scale""}",0.6562586076071921,0.475,0.4743560862056019,0.474876896794292,,-0.050000000000000044,True,
PO8,sub-015,"{""C"": 100.0, ""gamma"": ""auto""}",0.6564689963269186,0.62,0.6161616161616161,0.625,,0.24,True,
PO8,sub-016,"{""C"": 0.8858667904100825, ""gamma"": ""scale""}",0.663499915874979,0.49,0.4891826923076923,0.48993558776167473,,-0.020000000000000018,True,
PO8,sub-017,"{""C"": 16.23776739188721, ""gamma"": ""auto""}",0.663481070810233,0.74,0.7397657892102892,0.7408671216378964,,0.48,True,
PO8,sub-018,"{""C"": 48.32930238571752, ""gamma"": ""auto""}",0.6604992361232813,0.545,0.5447154471544715,0.5451127819548872,,0.08999999999999997,True,
PO8,sub-019,"{""C"": 3.79269019073225, ""gamma"": ""scale""}",0.6564806770380833,0.665,0.6649916247906198,0.665016501650165,,0.32999999999999996,True,
PO8,sub-020,"{""C"": 0.20691380811147894, ""gamma"": ""scale""}",0.6649031570123766,0.625,0.6247654784240151,0.62531328320802,,0.25,True,
PO8,sub-021,"{""C"": 69.51927961775604, ""gamma"": ""auto""}",0.642908584597657,0.755,0.7542566262945409,0.758123291831157,,0.51,True,
PO8,sub-022,"{""C"": 1.8329807108324356, ""gamma"": ""scale""}",0.6734979593622461,0.64,0.63996399639964,0.6400560224089635,,0.28,True,
PO8,sub-023,"{""C"": 48.32930238571752, ""gamma"": ""auto""}",0.6644898508179873,0.7939698492462312,0.7929450577337902,0.7991356246141181,,0.5876585637034417,True,
PO8,sub-024,"{""C"": 3.79269019073225, ""gamma"": ""scale""}",0.6643448434038635,0.665,0.6635786196680977,0.6678364357644186,,0.32999999999999996,True,
PO8,sub-025,"{""C"": 2.636650898730358, ""gamma"": ""scale""}",0.6503670520715502,0.86,0.8596491228070176,0.8636363636363636,,0.72,True,
PO8,sub-026,"{""C"": 100.0, ""gamma"": ""auto""}",0.6599724577690793,0.7035175879396985,0.7034876379523701,0.703709318779058,,0.4071100338332576,True,
PO8,sub-027,"{""C"": 0.14384498882876628, ""gamma"": ""scale""}",0.6757081373235911,0.565,0.5170825122810913,0.6077764881445863,,0.13,True,
PO8,sub-028,"{""C"": 0.42813323987193935, ""gamma"": ""scale""}",0.6822597089048593,0.65,0.6448863636363636,0.6591680814940577,,0.30000000000000004,True,
PO8,sub-029,"{""C"": 100.0, ""gamma"": ""auto""}",0.6774992743733674,0.465,0.46391442671409605,0.46471418489767113,,-0.07000000000000006,True,
PO8,sub-030,"{""C"": 3.79269019073225, ""gamma"": ""scale""}",0.6559969039721358,0.61,0.59375,0.6309523809523809,,0.21999999999999997,True,
PO8,sub-031,"{""C"": 48.32930238571752, ""gamma"": ""auto""}",0.660999660999661,0.605,0.6033240440862644,0.6068050045773574,,0.20999999999999996,True,
PO8,sub-032,"{""C"": 1.2742749857031335, ""gamma"": ""scale""}",0.6674300771737258,0.52,0.5169082125603865,0.5205254515599343,,0.040000000000000036,True,
PO8,sub-033,"{""C"": 1.2742749857031335, ""gamma"": ""auto""}",0.6544169736779262,0.615,0.6149133555049886,0.6151035932339105,,0.22999999999999998,True,
PO8,sub-034,"{""C"": 2.636650898730358, ""gamma"": ""scale""}",0.665999665999666,0.62,0.6196576919227305,0.6204335608189482,,0.24,True,
PO8,sub-035,"{""C"": 0.14384498882876628, ""gamma"": ""scale""}",0.6709048915136474,0.765,0.7623802421699234,0.7772256512187468,,0.53,True,
PO8,sub-036,"{""C"": 23.357214690901213, ""gamma"": ""auto""}",0.6663310801093053,0.635,0.6334513318771811,0.6373207201708879,,0.27,True,
PO8,sub-037,"{""C"": 1.2742749857031335, ""gamma"": ""scale""}",0.6684302874679402,0.69,0.6899689968996899,0.6900760304121649,,0.38,True,
PO8,sub-038,"{""C"": 5.455594781168517, ""gamma"": ""scale""}",0.666999666999667,0.505,0.494369110549299,0.5054591112566874,,0.010000000000000009,True,
PO8,sub-039,"{""C"": 2.636650898730358, ""gamma"": ""scale""}",0.6654390262625363,0.445,0.4433160309937561,0.44432634882073085,,-0.1100000000000001,True,
PO8,sub-040,"{""C"": 0.42813323987193935, ""gamma"": ""scale""}",0.6803656736743617,0.64,0.637060187518903,0.6446878875568417,,0.28,True,
PO8,sub-041,"{""C"": 5.455594781168517, ""gamma"": ""auto""}",0.6629996629996631,0.705,0.7033312382149592,0.7097186700767264,,0.41000000000000003,True,
PO8,sub-042,"{""C"": 0.6158482110660264, ""gamma"": ""auto""}",0.6829800079580532,0.525,0.5244174113288779,0.525123103205708,,0.050000000000000044,True,
PO8,sub-043,"{""C"": 7.847599703514611, ""gamma"": ""auto""}",0.6592784458093875,0.94,0.9399459513562206,0.9415897230028101,,0.88,True,
PO8,sub-044,"{""C"": 48.32930238571752, ""gamma"": ""auto""}",0.6664759028839834,0.59,0.5898359343737495,0.5901442307692308,,0.18000000000000005,True,
PO8,sub-045,"{""C"": 0.8858667904100825, ""gamma"": ""scale""}",0.6714979468621679,0.665,0.6639835502394744,0.6670209535378075,,0.32999999999999996,True,
PO8,sub-046,"{""C"": 0.8858667904100825, ""gamma"": ""scale""}",0.6541118269978483,0.82,0.8185300937594515,0.8307151715584953,,0.64,True,
PO8,sub-047,"{""C"": 0.42813323987193935, ""gamma"": ""scale""}",0.6899972099748898,0.54,0.539585627064358,0.5401445202729827,,0.07999999999999996,True,
PO8,sub-048,"{""C"": 2.636650898730358, ""gamma"": ""scale""}",0.6659345231665406,0.72,0.7171717171717171,0.7291666666666667,,0.43999999999999995,True,
PO8,sub-049,"{""C"": 0.6158482110660264, ""gamma"": ""scale""}",0.6791816680100831,0.695,0.6943811217715875,0.6965923984272608,,0.39,True,
PO8,sub-050,"{""C"": 69.51927961775604, ""gamma"": ""auto""}",0.6748826326303796,0.66,0.6596937243519168,0.660578081091931,,0.31999999999999995,True,
PO8,sub-051,"{""C"": 2.636650898730358, ""gamma"": ""auto""}",0.6494893970542609,0.645,0.6439228666716819,0.6467759894726186,,0.29000000000000004,True,
Oz,sub-001,"{""C"": 11.288378916846883, ""gamma"": ""auto""}",0.6231019013833361,0.68,0.67996799679968,0.6800720288115246,,0.36,True,
Oz,sub-002,"{""C"": 0.14384498882876628, ""gamma"": ""scale""}",0.6151830602278648,0.585,0.5702932877740674,0.5984822152705365,,0.17000000000000004,True,
Oz,sub-003,"{""C"": 3.79269019073225, ""gamma"": ""scale""}",0.6199619961996199,0.82,0.8193496587715776,0.8246753246753247,,0.64,True,
Oz,sub-004,"{""C"": 1.8329807108324356, ""gamma"": ""auto""}",0.6243373310519758,0.49,0.4867149758454106,0.4897372742200328,,-0.020000000000000018,True,
Oz,sub-005,"{""C"": 5.455594781168517, ""gamma"": ""scale""}",0.6156306210268068,0.715,0.714935860568628,0.7151936743068762,,0.43000000000000005,True,
Oz,sub-006,"{""C"": 1.2742749857031335, ""gamma"": ""auto""}",0.6206795856376045,0.82,0.8197115384615384,0.822061191626409,,0.64,True,
Oz,sub-007,"{""C"": 3.79269019073225, ""gamma"": ""scale""}",0.6229260935143288,0.69,0.6895032051282051,0.6912238325281803,,0.38,True,
Oz,sub-008,"{""C"": 3.79269019073225, ""gamma"": ""auto""}",0.6133500414196265,0.82,0.81998199819982,0.8201280512204883,,0.64,True,
Oz,sub-009,"{""C"": 1.8329807108324356, ""gamma"": ""scale""}",0.6228174436427232,0.545,0.5447154471544715,0.5451127819548872,,0.08999999999999997,True,
Oz,sub-010,"{""C"": 2.636650898730358, ""gamma"": ""auto""}",0.6088263010970645,0.56,0.5599559955995599,0.5600240096038416,,0.12,True,
Oz,sub-011,"{""C"": 0.42813323987193935, ""gamma"": ""auto""}",0.6187450198255096,0.76,0.76,0.76,,0.52,True,
Oz,sub-012,"{""C"": 2.636650898730358, ""gamma"": ""auto""}",0.6213336128610152,0.415,0.4107426153962378,0.41247039439810523,,-0.16999999999999993,True,
Oz,sub-013,"{""C"": 1.8329807108324356, ""gamma"": ""scale""}",0.6124720011020797,0.68,0.6760805749569794,0.6891551071878941,,0.36,True,
Oz,sub-014,"{""C"": 0.29763514416313175, ""gamma"": ""scale""}",0.6159490374942964,0.495,0.4946841776110069,0.4949874686716792,,-0.010000000000000009,True,
Oz,sub-015,"{""C"": 3.79269019073225, ""gamma"": ""auto""}",0.6107970020850161,0.605,0.6049111049986247,0.6050945851266138,,0.20999999999999996,True,
Oz,sub-016,"{""C"": 11.288378916846883, ""gamma"": ""auto""}",0.6453651500983248,0.44,0.4391025641025641,0.43961352657004826,,-0.1200000000000001,True,
Oz,sub-017,"{""C"": 0.8858667904100825, ""gamma"": ""scale""}",0.6202333088411337,0.57,0.567230273752013,0.5718390804597702,,0.14,True,
Oz,sub-018,"{""C"": 48.32930238571752, ""gamma"": ""auto""}",0.6232026969066544,0.54,0.53995399539954,0.540016006402561,,0.07999999999999996,True,
Oz,sub-019,"{""C"": 0.29763514416313175, ""gamma"": ""scale""}",0.6306115941220505,0.645,0.6447779862414009,0.6453634085213033,,0.29000000000000004,True,
Oz,sub-020,"{""C"": 3.79269019073225, ""gamma"": ""auto""}",0.6188435533096877,0.465,0.4601276520598401,0.46368917937545384,,-0.07000000000000006,True,
Oz,sub-021,"{""C"": 0.6158482110660264, ""gamma"": ""auto""}",0.6322218677875143,0.715,0.7144217039504998,0.7167557213428773,,0.43000000000000005,True,
Oz,sub-022,"{""C"": 3.79269019073225, ""gamma"": ""scale""}",0.6429967869710826,0.645,0.6429918290383407,0.6483375959079284,,0.29000000000000004,True,
Oz,sub-023,"{""C"": 1.2742749857031335, ""gamma"": ""auto""}",0.6516865178660796,0.6381909547738693,0.6381087088300668,0.6382150798463715,,0.2762905343974139,True,
Oz,sub-024,"{""C"": 1.8329807108324356, ""gamma"": ""auto""}",0.6267938005691269,0.55,0.5477841422972565,0.550999592003264,,0.09999999999999998,True,
Oz,sub-025,"{""C"": 3.79269019073225, ""gamma"": ""scale""}",0.6270030748464642,0.685,0.6849291090495362,0.6851666499849864,,0.37,True,
Oz,sub-026,"{""C"": 7.847599703514611, ""gamma"": ""auto""}",0.6365289415081946,0.5829145728643216,0.5767584881486227,0.5889247311827956,,0.166860025220681,True,
Oz,sub-027,"{""C"": 0.8858667904100825, ""gamma"": ""auto""}",0.6352241382545549,0.56,0.5469055710019566,0.567842605156038,,0.12,True,
Oz,sub-028,"{""C"": 0.20691380811147894, ""gamma"": ""scale""}",0.6304815146748225,0.665,0.664320248503219,0.6663474140538361,,0.32999999999999996,True,
Oz,sub-029,"{""C"": 100.0, ""gamma"": ""auto""}",0.6234502012891205,0.465,0.46391442671409605,0.46471418489767113,,-0.07000000000000006,True,
Oz,sub-030,"{""C"": 0.29763514416313175, ""gamma"": ""scale""}",0.630964720980459,0.47,0.396011396011396,0.4411764705882353,,-0.06000000000000005,True,
Oz,sub-031,"{""C"": 48.32930238571752, ""gamma"": ""auto""}",0.6363755495318273,0.5,0.4975379358858406,0.5,,0.0,True,
Oz,sub-032,"{""C"": 3.79269019073225, ""gamma"": ""auto""}",0.6223958333333333,0.545,0.54242614707731,0.5460358056265985,,0.08999999999999997,True,
Oz,sub-033,"{""C"": 69.51927961775604, ""gamma"": ""auto""}",0.6008067904865955,0.635,0.6349178565177165,0.6351216094485037,,0.27,True,
Oz,sub-034,"{""C"": 69.51927961775604, ""gamma"": ""auto""}",0.6339557086407456,0.565,0.5644664714274987,0.5653200683348407,,0.13,True,
Oz,sub-035,"{""C"": 1.8329807108324356, ""gamma"": ""scale""}",0.6369822121283943,0.79,0.78997899789979,0.7901160464185675,,0.5800000000000001,True,
Oz,sub-036,"{""C"": 5.455594781168517, ""gamma"": ""auto""}",0.6285955405436521,0.72,0.7177134791813691,0.7273666804464655,,0.43999999999999995,True,
Oz,sub-037,"{""C"": 33.59818286283781, ""gamma"": ""auto""}",0.6240525285220734,0.62,0.6190476190476191,0.6212121212121212,,0.24,True,
Oz,sub-038,"{""C"": 3.79269019073225, ""gamma"": ""auto""}",0.6358985932445649,0.475,0.4353472614342179,0.465234320678626,,-0.050000000000000044,True,
Oz,sub-039,"{""C"": 100.0, ""gamma"": ""auto""}",0.6348089672683135,0.415,0.4057142857142857,0.4093333333333333,,-0.16999999999999993,True,
Oz,sub-040,"{""C"": 3.79269019073225, ""gamma"": ""scale""}",0.6234502012891205,0.645,0.64349376114082,0.6474926253687315,,0.29000000000000004,True,
Oz,sub-041,"{""C"": 23.357214690901213, ""gamma"": ""auto""}",0.623149434761687,0.655,0.6545768566493955,0.6557632398753894,,0.31000000000000005,True,
Oz,sub-042,"{""C"": 100.0, ""gamma"": ""auto""}",0.6293166861914947,0.48,0.47665056360708535,0.47947454844006565,,-0.040000000000000036,True,
Oz,sub-043,"{""C"": 23.357214690901213, ""gamma"": ""auto""}",0.6129882352941176,0.86,0.859775641025641,0.8623188405797102,,0.72,True,
Oz,sub-044,"{""C"": 0.6158482110660264, ""gamma"": ""scale""}",0.6284054487179487,0.515,0.5149878746968675,0.515001500150015,,0.030000000000000027,True,
Oz,sub-045,"{""C"": 23.357214690901213, ""gamma"": ""auto""}",0.6202979308741863,0.645,0.64349376114082,0.6474926253687315,,0.29000000000000004,True,
Oz,sub-046,"{""C"": 23.357214690901213, ""gamma"": ""auto""}",0.6296287943314662,0.74,0.7373737373737375,0.75,,0.48,True,
Oz,sub-047,"{""C"": 0.42813323987193935, ""gamma"": ""scale""}",0.6311143054473791,0.485,0.4803097959080703,0.48443821973233736,,-0.030000000000000027,True,
Oz,sub-048,"{""C"": 23.357214690901213, ""gamma"": ""auto""}",0.6186395554970903,0.71,0.7095352564102564,0.711352657004831,,0.42000000000000004,True,
Oz,sub-049,"{""C"": 1.8329807108324356, ""gamma"": ""scale""}",0.6292396335326483,0.615,0.6107080563209384,0.6203054712836071,,0.22999999999999998,True,
Oz,sub-050,"{""C"": 2.636650898730358, ""gamma"": ""auto""}",0.6258682514606686,0.58,0.5779318661441061,0.5815993472052223,,0.16000000000000003,True,
Oz,sub-051,"{""C"": 1.8329807108324356, ""gamma"": ""scale""}",0.6197805297073387,0.59,0.5896306676008407,0.5903251706142112,,0.18000000000000005,True,
O1,sub-001,"{""C"": 1.2742749857031335, ""gamma"": ""scale""}",0.6294976843605272,0.665,0.6647904940587868,0.6654135338345865,,0.32999999999999996,True,
O1,sub-002,"{""C"": 1.2742749857031335, ""gamma"": ""scale""}",0.609497559359746,0.555,0.55311189776807,0.5559454785881395,,0.10999999999999999,True,
O1,sub-003,"{""C"": 69.51927961775604, ""gamma"": ""auto""}",0.6143217202151694,0.75,0.74997499749975,0.7501000400160064,,0.5,True,
O1,sub-004,"{""C"": 69.51927961775604, ""gamma"": ""auto""}",0.6289940639050224,0.53,0.53,0.53,,0.06000000000000005,True,
O1,sub-005,"{""C"": 48.32930238571752, ""gamma"": ""auto""}",0.6344004655267397,0.65,0.64996499649965,0.6500600240096038,,0.30000000000000004,True,
O1,sub-006,"{""C"": 33.59818286283781, ""gamma"": ""auto""}",0.6238913045870257,0.705,0.7049926248156204,0.705020502050205,,0.41000000000000003,True,
O1,sub-007,"{""C"": 1.2742749857031335, ""gamma"": ""scale""}",0.615499903874976,0.67,0.6688077077478924,0.6724837662337663,,0.33999999999999997,True,
O1,sub-008,"{""C"": 1.8329807108324356, ""gamma"": ""scale""}",0.617457824725176,0.805,0.8049561151259033,0.8052747472725452,,0.61,True,
O1,sub-009,"{""C"": 100.0, ""gamma"": ""auto""}",0.6114999028749757,0.605,0.6033240440862644,0.6068050045773574,,0.20999999999999996,True,
O1,sub-010,"{""C"": 16.23776739188721, ""gamma"": ""auto""}",0.6329555876261028,0.605,0.6041985019664822,0.6058574453069866,,0.20999999999999996,True,
O1,sub-011,"{""C"": 69.51927961775604, ""gamma"": ""auto""}",0.6159016708277318,0.7,0.6999699969997,0.7000800320128051,,0.4,True,
O1,sub-012,"{""C"": 1.2742749857031335, ""gamma"": ""scale""}",0.6099340788593273,0.49,0.4897959183673469,0.48998397435897434,,-0.020000000000000018,True,
O1,sub-013,"{""C"": 1.8329807108324356, ""gamma"": ""auto""}",0.6410217512280736,0.705,0.6995238216495633,0.7211196203214325,,0.41000000000000003,True,
O1,sub-014,"{""C"": 1.8329807108324356, ""gamma"": ""scale""}",0.626999626999627,0.5,0.49387589837028045,0.5,,0.0,True,
O1,sub-015,"{""C"": 2.636650898730358, ""gamma"": ""scale""}",0.626998507994032,0.565,0.5641173376086576,0.5655307994757536,,0.13,True,
O1,sub-016,"{""C"": 1.8329807108324356, ""gamma"": ""scale""}",0.6169862115036141,0.465,0.4611064944222004,0.46395839769333747,,-0.07000000000000006,True,
O1,sub-017,"{""C"": 1.8329807108324356, ""gamma"": ""auto""}",0.6317879098360656,0.575,0.5747342088805503,0.575187969924812,,0.15000000000000002,True,
O1,sub-018,"{""C"": 1.2742749857031335, ""gamma"": ""scale""}",0.6269548615382461,0.47,0.46952257031328193,0.46989160979526295,,-0.06000000000000005,True,
O1,sub-019,"{""C"": 1.2742749857031335, ""gamma"": ""auto""}",0.6207629768605378,0.6,0.5989974937343359,0.601010101010101,,0.19999999999999996,True,
O1,sub-020,"{""C"": 5.455594781168517, ""gamma"": ""scale""}",0.6214991483730838,0.465,0.46498662466561663,0.46499649964996503,,-0.07000000000000006,True,
O1,sub-021,"{""C"": 69.51927961775604, ""gamma"": ""auto""}",0.6204201933456509,0.655,0.6549913747843696,0.6550155015501551,,0.31000000000000005,True,
O1,sub-022,"{""C"": 2.636650898730358, ""gamma"": ""auto""}",0.6274991618731143,0.65,0.64996499649965,0.6500600240096038,,0.30000000000000004,True,
O1,sub-023,"{""C"": 0.6158482110660264, ""gamma"": ""scale""}",0.610961096109611,0.7638190954773869,0.763795237012905,0.7640489185364867,,0.5276978235620866,True,
O1,sub-024,"{""C"": 0.8858667904100825, ""gamma"": ""scale""}",0.6234976468602929,0.495,0.4928573221862369,0.49491404740107825,,-0.010000000000000009,True,
O1,sub-025,"{""C"": 3.79269019073225, ""gamma"": ""scale""}",0.624962496249625,0.725,0.724938111074992,0.7252026824141727,,0.44999999999999996,True,
O1,sub-026,"{""C"": 0.09999999999999999, ""gamma"": ""scale""}",0.6249939999039984,0.5728643216080402,0.5665598975016015,0.5782258064516128,,0.14678436317780585,True,
O1,sub-027,"{""C"": 48.32930238571752, ""gamma"": ""auto""}",0.622998491993968,0.55,0.5495946351716545,0.5501806503412284,,0.09999999999999998,True,
O1,sub-028,"{""C"": 1.8329807108324356, ""gamma"": ""scale""}",0.6139532883478901,0.67,0.6589499793303017,0.6953125,,0.33999999999999997,True,
O1,sub-029,"{""C"": 69.51927961775604, ""gamma"": ""auto""}",0.6559325627823054,0.47,0.469150641025641,0.46980676328502413,,-0.06000000000000005,True,
O1,sub-030,"{""C"": 0.6158482110660264, ""gamma"": ""auto""}",0.6309376284592096,0.465,0.38785434365971566,0.4294212542851381,,-0.07000000000000006,True,
O1,sub-031,"{""C"": 1.8329807108324356, ""gamma"": ""scale""}",0.624,0.505,0.49836588888044386,0.5052792735719565,,0.010000000000000009,True,
O1,sub-032,"{""C"": 2.636650898730358, ""gamma"": ""scale""}",0.6254886710322987,0.61,0.6060606060606061,0.6145833333333333,,0.21999999999999997,True,
O1,sub-033,"{""C"": 1.8329807108324356, ""gamma"": ""auto""}",0.6307873335040983,0.515,0.5144051463042227,0.5150738619234247,,0.030000000000000027,True,
O1,sub-034,"{""C"": 1.2742749857031335, ""gamma"": ""scale""}",0.6114649347103576,0.52,0.4851994851994852,0.5274122807017544,,0.040000000000000036,True,
O1,sub-035,"{""C"": 100.0, ""gamma"": ""auto""}",0.6103939297473737,0.905,0.9049976249406235,0.905040504050405,,0.81,True,
O1,sub-036,"{""C"": 1.8329807108324356, ""gamma"": ""scale""}",0.6464610223277116,0.605,0.6005965772643393,0.6098441259545978,,0.20999999999999996,True,
O1,sub-037,"{""C"": 48.32930238571752, ""gamma"": ""auto""}",0.619396380664636,0.62,0.6181288312732389,0.6223990208078336,,0.24,True,
O1,sub-038,"{""C"": 23.357214690901213, ""gamma"": ""auto""}",0.6359705136116025,0.47,0.4175824175824176,0.453125,,-0.06000000000000005,True,
O1,sub-039,"{""C"": 11.288378916846883, ""gamma"": ""auto""}",0.6428967971743834,0.465,0.46391442671409605,0.46471418489767113,,-0.07000000000000006,True,
O1,sub-040,"{""C"": 0.8858667904100825, ""gamma"": ""scale""}",0.6243098068397126,0.62,0.6193910256410255,0.6207729468599035,,0.24,True,
O1,sub-041,"{""C"": 48.32930238571752, ""gamma"": ""auto""}",0.6199863195075023,0.675,0.674601386698706,0.6758617224399558,,0.35,True,
O1,sub-042,"{""C"": 2.636650898730358, ""gamma"": ""scale""}",0.6294991663731244,0.49,0.48748869460355737,0.4898000815993472,,-0.020000000000000018,True,
O1,sub-043,"{""C"": 0.42813323987193935, ""gamma"": ""auto""}",0.6030470529756542,0.85,0.84998499849985,0.8501400560224089,,0.7,True,
O1,sub-044,"{""C"": 1.8329807108324356, ""gamma"": ""scale""}",0.6204201933456509,0.56,0.5571658615136876,0.5615763546798029,,0.12,True,
O1,sub-045,"{""C"": 0.42813323987193935, ""gamma"": ""scale""}",0.6114882475194874,0.625,0.6245400615754299,0.6256155160285398,,0.25,True,
O1,sub-046,"{""C"": 0.8858667904100825, ""gamma"": ""scale""}",0.619492294718968,0.76,0.7575757575757576,0.7708333333333333,,0.52,True,
O1,sub-047,"{""C"": 48.32930238571752, ""gamma"": ""auto""}",0.6154191418745791,0.535,0.5349883747093678,0.5350035003500351,,0.06999999999999995,True,
O1,sub-048,"{""C"": 0.8858667904100825, ""gamma"": ""scale""}",0.6099684074410028,0.66,0.6591478696741855,0.6616161616161617,,0.31999999999999995,True,
O1,sub-049,"{""C"": 2.636650898730358, ""gamma"": ""auto""}",0.6329559489553391,0.605,0.5987301587301588,0.612,,0.20999999999999996,True,
O1,sub-050,"{""C"": 7.847599703514611, ""gamma"": ""auto""}",0.6254317349336916,0.55,0.5498199279711885,0.5500801282051282,,0.09999999999999998,True,
O1,sub-051,"{""C"": 5.455594781168517, ""gamma"": ""scale""}",0.6204991461230788,0.635,0.6338925248877856,0.6366535074400244,,0.27,True,
O2,sub-001,"{""C"": 48.32930238571752, ""gamma"": ""auto""}",0.6573107498616111,0.69,0.6868686868686869,0.6979166666666667,,0.38,True,
O2,sub-002,"{""C"": 33.59818286283781, ""gamma"": ""auto""}",0.6559325627823054,0.63,0.6290726817042607,0.6313131313131313,,0.26,True,
O2,sub-003,"{""C"": 7.847599703514611, ""gamma"": ""auto""}",0.6550652960393336,0.84,0.839421918908069,0.8449675324675325,,0.6799999999999999,True,
O2,sub-004,"{""C"": 33.59818286283781, ""gamma"": ""auto""}",0.6536671741543623,0.47,0.46952257031328193,0.46989160979526295,,-0.06000000000000005,True,
O2,sub-005,"{""C"": 3.79269019073225, ""gamma"": ""scale""}",0.6394955838209018,0.755,0.7549938748468712,0.755025502550255,,0.51,True,
O2,sub-006,"{""C"": 3.79269019073225, ""gamma"": ""scale""}",0.6358947735895674,0.845,0.844965117151359,0.8453107797017315,,0.69,True,
O2,sub-007,"{""C"": 0.8858667904100825, ""gamma"": ""scale""}",0.6608901284016021,0.72,0.7189883580891208,0.7232142857142857,,0.43999999999999995,True,
O2,sub-008,"{""C"": 5.455594781168517, ""gamma"": ""auto""}",0.6422673843666844,0.84,0.8399359743897559,0.8405448717948718,,0.6799999999999999,True,
O2,sub-009,"{""C"": 0.8858667904100825, ""gamma"": ""scale""}",0.6332615283087828,0.575,0.5749893747343684,0.575007500750075,,0.15000000000000002,True,
O2,sub-010,"{""C"": 0.6158482110660264, ""gamma"": ""auto""}",0.6504803395190979,0.58,0.5793269230769231,0.5805152979066023,,0.16000000000000003,True,
O2,sub-011,"{""C"": 33.59818286283781, ""gamma"": ""auto""}",0.6529500248035718,0.79,0.7899159663865546,0.7904647435897436,,0.5800000000000001,True,
O2,sub-012,"{""C"": 1.2742749857031335, ""gamma"": ""scale""}",0.6659836331980267,0.47,0.4665861513687601,0.46921182266009853,,-0.06000000000000005,True,
O2,sub-013,"{""C"": 1.8329807108324356, ""gamma"": ""auto""}",0.6403955048436422,0.745,0.7435575109993715,0.7506393861892583,,0.49,True,
O2,sub-014,"{""C"": 33.59818286283781, ""gamma"": ""auto""}",0.6554759789640042,0.54,0.539585627064358,0.5401445202729827,,0.07999999999999996,True,
O2,sub-015,"{""C"": 0.8858667904100825, ""gamma"": ""scale""}",0.6469774065540195,0.67,0.6678743961352657,0.6744663382594417,,0.33999999999999997,True,
O2,sub-016,"{""C"": 1.2742749857031335, ""gamma"": ""scale""}",0.668346693258959,0.505,0.5043928812795675,0.5050246206411415,,0.010000000000000009,True,
O2,sub-017,"{""C"": 0.8858667904100825, ""gamma"": ""scale""}",0.6333877249907784,0.68,0.6791979949874687,0.6818181818181819,,0.36,True,
O2,sub-018,"{""C"": 0.20691380811147894, ""gamma"": ""scale""}",0.6754960248263042,0.54,0.5118845500848896,0.5519750519750519,,0.07999999999999996,True,
O2,sub-019,"{""C"": 0.20691380811147894, ""gamma"": ""scale""}",0.6597332308529887,0.685,0.6849921248031201,0.6850185018501851,,0.37,True,
O2,sub-020,"{""C"": 0.09999999999999999, ""gamma"": ""scale""}",0.6462324633003709,0.645,0.6447779862414009,0.6453634085213033,,0.29000000000000004,True,
O2,sub-021,"{""C"": 100.0, ""gamma"": ""auto""}",0.6534458509142054,0.77,0.77,0.77,,0.54,True,
O2,sub-022,"{""C"": 48.32930238571752, ""gamma"": ""auto""}",0.6413901757413207,0.645,0.6445645916247403,0.6457139985931062,,0.29000000000000004,True,
O2,sub-023,"{""C"": 5.455594781168517, ""gamma"": ""scale""}",0.6549779185867896,0.6030150753768844,0.597155669442665,0.6084724005134787,,0.2050867168933609,True,
O2,sub-024,"{""C"": 2.636650898730358, ""gamma"": ""scale""}",0.6689668966896689,0.595,0.5904850982077403,0.5993827806255885,,0.18999999999999995,True,
O2,sub-025,"{""C"": 0.42813323987193935, ""gamma"": ""scale""}",0.6474258712894385,0.855,0.8549963749093727,0.855035503550355,,0.71,True,
O2,sub-026,"{""C"": 2.636650898730358, ""gamma"": ""scale""}",0.6713750403590966,0.5728643216080402,0.5713054717794054,0.5743534482758621,,0.14626760207944278,True,
O2,sub-027,"{""C"": 3.79269019073225, ""gamma"": ""scale""}",0.6494157721392564,0.55,0.5471014492753623,0.5513136288998358,,0.09999999999999998,True,
O2,sub-028,"{""C"": 0.14384498882876628, ""gamma"": ""scale""}",0.6429942879086066,0.62,0.6190476190476191,0.6212121212121212,,0.24,True,
O2,sub-029,"{""C"": 0.6158482110660264, ""gamma"": ""scale""}",0.644964496449645,0.43,0.42794058610999597,0.4289772727272727,,-0.1399999999999999,True,
O2,sub-030,"{""C"": 0.8858667904100825, ""gamma"": ""auto""}",0.644977278545827,0.475,0.4443121378105898,0.4679116929790784,,-0.050000000000000044,True,
O2,sub-031,"{""C"": 0.20691380811147894, ""gamma"": ""scale""}",0.6534895180579212,0.52,0.5160802500252042,0.5206696982224059,,0.040000000000000036,True,
O2,sub-032,"{""C"": 2.636650898730358, ""gamma"": ""scale""}",0.6516432827215068,0.585,0.5844910014768091,0.5854185508994071,,0.17000000000000004,True,
O2,sub-033,"{""C"": 0.8858667904100825, ""gamma"": ""scale""}",0.6534992203732458,0.535,0.5348953514540772,0.535031528375538,,0.06999999999999995,True,
O2,sub-034,"{""C"": 1.2742749857031335, ""gamma"": ""scale""}",0.6389638963896389,0.615,0.6147592245153221,0.6152882205513786,,0.22999999999999998,True,
O2,sub-035,"{""C"": 1.2742749857031335, ""gamma"": ""scale""}",0.6484956940722524,0.765,0.7642869680784372,0.7682457738637514,,0.53,True,
O2,sub-036,"{""C"": 100.0, ""gamma"": ""auto""}",0.6547853193072959,0.695,0.6915998887737304,0.7039962339156816,,0.39,True,
O2,sub-037,"{""C"": 0.8858667904100825, ""gamma"": ""scale""}",0.6568184569637339,0.64,0.6398559423769508,0.640224358974359,,0.28,True,
O2,sub-038,"{""C"": 0.6158482110660264, ""gamma"": ""scale""}",0.6534749635661177,0.5,0.46943972835314096,0.5,,0.0,True,
O2,sub-039,"{""C"": 0.8858667904100825, ""gamma"": ""auto""}",0.6523079870858681,0.43,0.4294865378840957,0.42974708952228025,,-0.1399999999999999,True,
O2,sub-040,"{""C"": 2.636650898730358, ""gamma"": ""auto""}",0.6542924890665622,0.655,0.6518580186180276,0.660805062765847,,0.31000000000000005,True,
O2,sub-041,"{""C"": 5.455594781168517, ""gamma"": ""auto""}",0.6562406355639607,0.68,0.677938808373591,0.6847290640394088,,0.36,True,
O2,sub-042,"{""C"": 0.6158482110660264, ""gamma"": ""scale""}",0.6536671741543623,0.51,0.50995099509951,0.5100040016006402,,0.020000000000000018,True,
O2,sub-043,"{""C"": 0.6158482110660264, ""gamma"": ""scale""}",0.6334889130396195,0.89,0.8899009108197378,0.8914090726615818,,0.78,True,
O2,sub-044,"{""C"": 11.288378916846883, ""gamma"": ""scale""}",0.6354007378508799,0.56,0.56,0.56,,0.12,True,
O2,sub-045,"{""C"": 100.0, ""gamma"": ""auto""}",0.6339574334056656,0.66,0.6594551282051282,0.6610305958132046,,0.31999999999999995,True,
O2,sub-046,"{""C"": 3.79269019073225, ""gamma"": ""scale""}",0.6399967599708397,0.71,0.7064480210547626,0.7206809583858764,,0.42000000000000004,True,
O2,sub-047,"{""C"": 1.8329807108324356, ""gamma"": ""scale""}",0.664999664999665,0.53,0.5292467948717949,0.5301932367149759,,0.06000000000000005,True,
O2,sub-048,"{""C"": 0.20691380811147894, ""gamma"": ""scale""}",0.6552384216734768,0.74,0.7398959583833533,0.7403846153846154,,0.48,True,
O2,sub-049,"{""C"": 23.357214690901213, ""gamma"": ""auto""}",0.636579886348619,0.605,0.6005965772643393,0.6098441259545978,,0.20999999999999996,True,
O2,sub-050,"{""C"": 1.8329807108324356, ""gamma"": ""scale""}",0.642982506142801,0.565,0.563154327031709,0.5661173837859831,,0.13,True,
O2,sub-051,"{""C"": 2.636650898730358, ""gamma"": ""scale""}",0.6554620146871193,0.575,0.5749893747343684,0.575007500750075,,0.15000000000000002,True,
